chr pos logPval
2 10413 6e-04
2 95557 0.267369965792329
2 112161 0.0275
2 127773 2
2 128894 2
2 132039 2
2 133389 2
2 144072 0.107
2 160271 2
2 164188 0.0275
2 164241 2
2 165633 0.7179
2 175844 0.7179
2 179375 0.6835
2 195365 0.396134544130972
2 196973 0.146588517843312
2 217334 0.3466
2 236180 3e-04
2 242605 1.1392
2 242793 0.620278939825854
2 256839 0.5625
2 263270 0.29616594918212
2 279705 0.5625
2 290075 2.10891269363997
2 308916 0.0263
2 315438 1.5733
2 336680 0.899522341375891
2 344284 1.9901
2 349495 0.971591909563106
2 354153 1.972
2 355504 1.9546
2 358768 1.9376
2 362871 1.9376
2 370240 0.2545
2 388070 0.8846
2 400092 0.0263
2 426553 5e-04
2 442172 2.6037
2 442196 2.36640687381582
2 460676 0.231881267828094
2 478095 0.335
2 487980 0.0607318673228078
2 488558 0.9693
2 534069 0.2371
2 541224 0.3621
2 543762 3.1152
2 573717 0.6751
2 584563 0.2597
2 587061 2
2 596224 0.0078
2 602036 0.0572
2 605695 0.2967
2 609295 1.1379
2 612487 0.366771172673652
2 614168 0.139428644219137
2 614578 0.7767
2 615218 0.7767
2 618802 0.7767
2 622388 0.1073
2 622857 0.1073
2 623259 0.716229381139939
2 623693 1.06616888779393
2 623798 0.1073
2 623976 0.1073
2 624034 0.1073
2 629601 0.1073
2 629914 0.1073
2 630323 0.1073
2 637508 0.1073
2 638107 0.1073
2 638144 0.1073
2 639061 0.1073
2 645190 0.0389
2 645227 0.778446252190322
2 656289 0.989144630837805
2 661645 0.0844132440013792
2 686688 0.627985980401696
2 699976 2.90171157111519
2 708985 2
2 709056 2
2 724472 0.282669013316526
2 732117 6e-04
2 733048 1.5427
2 736426 0.608265412298052
2 739615 0.0861915724290991
2 739994 5e-04
2 740119 1e-04
2 740371 0.150016470255135
2 740806 1.3705
2 745433 0.480238268389239
2 746881 0.507665411584384
2 747060 0.16706464147107
2 748149 0.777371267877476
2 754022 0.882719483167422
2 758088 0.1144
2 760453 2.53740148150916
2 774730 1.4901
2 774829 0.123008999990684
2 776007 0.0290513016315471
2 779621 2.4476
2 803465 2
2 813021 0.223664584801819
2 819790 2
2 820623 0.0078
2 820642 5e-04
2 825581 2
2 830098 2
2 837006 2
2 841141 1.1967
2 842330 2
2 856704 2
2 858566 2
2 860636 0.5868
2 861186 7e-04
2 861224 0.34412238567061
2 861584 0.5684
2 861881 0.6056
2 864083 2
2 864714 0.5868
2 866556 0.5868
2 868325 1.6308
2 869360 2
2 869372 2
2 901905 1.2333
2 919755 0.607175632654701
2 923188 2
2 924425 2
2 929625 2
2 933693 2
2 954789 2
2 958691 2
2 967640 0.3122
2 972741 0.198
2 980107 0.211
2 983980 0.211
2 984140 0.211
2 1015027 2
2 1019578 0.4343
2 1021647 2
2 1038070 2
2 1044066 0.0742
2 1047666 0.0742
2 1054968 0.0815
2 1056775 6e-04
2 1074584 2
2 1074698 2
2 1089424 2
2 1093009 2.2407
2 1093948 5e-04
2 1093975 5e-04
2 1096145 0.303784087358069
2 1106182 0.2905
2 1106752 0.129039413161029
2 1108988 0.0309
2 1112984 0.661999631208035
2 1115077 0.607438775981146
2 1123070 2
2 1123729 2
2 1124379 1.3694
2 1136535 0.766008409001014
2 1141235 2
2 1142398 2
2 1144622 2
2 1145355 2
2 1145405 2
2 1146382 2
2 1147914 0.0444
2 1148939 0.0162
2 1149882 0.8361
2 1154956 1.2453355603219
2 1155187 1.21951599222724
2 1159984 0.0410989597027398
2 1160398 0.342718448106464
2 1169590 0.6713
2 1170803 0.6713
2 1171206 0.6713
2 1171929 0.6713
2 1177887 0.6713
2 1185255 0.6713
2 1187744 1.8325
2 1192605 1.7901
2 1192984 1.7901
2 1194514 1.37369468746534
2 1197505 5e-04
2 1198747 0.6713
2 1202463 1.8325
2 1203562 1.8325
2 1203670 8e-04
2 1208236 0.182362669720443
2 1210626 0.0450964437293077
2 1221871 5e-04
2 1234888 2.38283283401919
2 1235042 2.07627360263541
2 1235514 0.589898368237633
2 1241554 0.593822116722267
2 1244045 0.384634276416397
2 1255355 1.567735657463
2 1255790 1.2667
2 1256100 0.48767100971683
2 1259233 1.05334777755949
2 1259725 2.59881717115556
2 1267338 0.166658658093901
2 1267997 0.196059785929042
2 1272019 0.760170862286141
2 1280504 1.15502594392957
2 1297090 0.106377944318991
2 1306184 0.2693
2 1307900 0.5788
2 1317743 0.129101907075184
2 1317881 0.798339530043605
2 1335400 0.3966
2 1341561 0.702104574652051
2 1357614 1.95919300204945
2 1358220 0.437903400863235
2 1362620 0.852501112070444
2 1365566 0.174252575719453
2 1396836 2
2 1402766 2
2 1404043 0.1686
2 1409794 2
2 1421822 1.39032882170643
2 1429263 1.87149202944811
2 1432904 0.4765
2 1438645 0.4765
2 1439163 0.4765
2 1447876 2
2 1454173 2
2 1478866 0.779462825582361
2 1489832 0.0901
2 1490040 2.9927
2 1497471 1.843
2 1522285 1.01989792856893
2 1525093 2.4289
2 1525571 1.9849
2 1525663 1e-04
2 1527828 0.0078
2 1530250 1e-04
2 1531029 0.0289
2 1533361 0.0237
2 1534130 0.0712
2 1535008 2.4964
2 1535858 5e-04
2 1538162 1.1581
2 1543458 0.8961
2 1548486 2.4925
2 1552558 1.1172
2 1553337 1.1172
2 1559618 0.3331
2 1565714 5e-04
2 1567380 0.8448
2 1571277 0.8359
2 1588733 0.0263
2 1595923 1e-04
2 1596027 0.0238
2 1596065 0.5043
2 1597026 5e-04
2 1611064 0.005
2 1612484 0.0491661244988522
2 1615349 1.11154077723722
2 1618958 1.44741921992199
2 1619661 0
2 1624366 0.809038163860478
2 1628596 0.3241
2 1629216 0.463
2 1636693 0.3332
2 1637423 1.14445585287915
2 1637756 0.0831
2 1638388 1.14443321114554
2 1646153 0.173455932190879
2 1647178 1.23972584187712
2 1671383 0.209581947570861
2 1671527 0.123134968032236
2 1680151 2
2 1695052 2
2 1704347 1e-04
2 1704473 2e-04
2 1710761 0.0015
2 1711203 0.9909
2 1719923 0.270046047294118
2 1725925 2
2 1730572 0.689150212684359
2 1750026 1.2469
2 1776679 2
2 1779419 2
2 1779691 1.01452760619183
2 1786732 2
2 1798194 5e-04
2 1813893 1.89735249686641
2 1826583 2
2 1830101 2
2 1848359 0.0686063732093282
2 1862421 1.3208
2 1862519 1.3208
2 1941588 2
2 1952200 2
2 1964307 2
2 1985878 1.22124014049183
2 2004401 5e-04
2 2004687 1.5246
2 2115847 1.6126
2 2142141 1.6126
2 2163886 1.7292
2 2185861 0.606402135764948
2 2208116 1.39373525099608
2 2224711 0.483820462972451
2 2229720 0.0552
2 2244685 1.65188052783708
2 2252645 1.09830933903162
2 2256290 1.41803399290491
2 2291073 2
2 2308078 2
2 2316279 2.0005
2 2327561 2
2 2347779 1.9724
2 2348508 1.34928390272178
2 2353268 2
2 2355764 0.0269
2 2371442 1.57319264943674
2 2376313 0.253870156037741
2 2396061 0.704528180771365
2 2399936 1.32863533953873
2 2402044 1.2451
2 2405214 1.64699035853192
2 2407881 0.9781
2 2415656 0.563724002460329
2 2416785 0.133387454791804
2 2420004 0.825850769024458
2 2427166 1.1401
2 2428078 2
2 2437379 2
2 2451593 0.7081
2 2468590 1.55129013927599
2 2472910 0.440988306182993
2 2473251 1.41758063916065
2 2474056 0.9693
2 2475701 2
2 2487092 2
2 2489812 2
2 2492081 2
2 2501613 0.539766821314994
2 2526777 2
2 2528387 2
2 2547265 1.41246876253723
2 2554480 0.627630290904502
2 2555523 0.164756016514494
2 2582926 0.8157
2 2583608 1.2445
2 2584443 0.0857
2 2592170 1.1887
2 2595560 0.288546076225523
2 2603622 0.43148774058798
2 2603751 2
2 2606546 1.3064
2 2610188 0.653404801888277
2 2613653 1.0006
2 2617790 0.815
2 2618074 1.3158
2 2620982 2
2 2623194 2
2 2623479 2
2 2629040 2
2 2629264 0.314892615489245
2 2638351 0.5183
2 2643386 2
2 2649920 0.3636
2 2653319 1.5642
2 2656300 0.935251814514339
2 2665183 1.29520795162791
2 2702157 2
2 2705151 2
2 2711568 2
2 2721462 0.2113
2 2722706 1.3421
2 2722774 0
2 2725804 1.1127
2 2728470 0.642055977840248
2 2736382 0.1878
2 2758270 0.0217
2 2769146 2e-04
2 2769214 5e-04
2 2780767 0
2 2785879 0.049
2 2787764 0.9218695463933
2 2793682 0.1985
2 2795502 1.02953457980685
2 2802425 0.3117
2 2806708 0.3117
2 2808033 0.3117
2 2810970 0.18512047167831
2 2818216 0.0977
2 2818990 0.0977
2 2826512 0.5191
2 2828434 0.1239
2 2829810 0.396482337931793
2 2839329 1.70315105268039
2 2848429 0.131706082457405
2 2856714 1e-04
2 2867533 2
2 2870342 2
2 2878710 0.4602
2 2905526 2
2 2907197 0.182739066042192
2 2913183 0.0502
2 2937264 0.0053
2 2938424 2
2 2941683 0.0287
2 2948982 1.07960837747008
2 2954635 2
2 2965449 1.0854
2 2982504 2.08906929753096
2 2994370 2
2 3002425 0.7939
2 3005140 2
2 3005286 0.5944
2 3007472 2
2 3022472 5e-04
2 3032186 0.069036064444609
2 3034312 1.16376900588428
2 3049654 2
2 3053485 0.588808216724969
2 3053566 0.358279089850481
2 3054313 1.715
2 3057869 0.460141246144156
2 3063502 0.9045
2 3063669 0.6991
2 3066599 0.9433
2 3070660 0.9433
2 3075591 0.772535446421314
2 3078763 0.4879
2 3081821 1.1379
2 3083895 0.6508688130097
2 3084115 0.7179
2 3085561 2
2 3092306 2
2 3101402 0.4815
2 3103790 0.0270695887960814
2 3108507 2
2 3112826 1.0195
2 3117504 2.70620966161765
2 3141465 2.3675203033902
2 3142960 0.939264437632827
2 3144111 0
2 3180857 5e-04
2 3198297 0.0507
2 3198309 0.0507
2 3204551 1.4305
2 3206425 0.0275
2 3208476 0.3218
2 3221742 0.0423
2 3238263 0.0219
2 3238691 5e-04
2 3240644 6e-04
2 3246024 0.1919
2 3246993 2e-04
2 3247043 1e-04
2 3254820 0.1919
2 3260508 1.09994801531553
2 3269280 0.752532659024655
2 3269327 0.0263
2 3269561 8e-04
2 3272484 0.2322
2 3272704 2
2 3273680 0.253339849993464
2 3277571 0.515
2 3277681 0.5868
2 3282100 0.4446
2 3287865 2.23450177741731
2 3288435 1.6752
2 3294211 1.417
2 3299191 0.8684
2 3299325 0.8684
2 3305024 1e-04
2 3319311 2
2 3319917 0.128190709883418
2 3325561 1.4586
2 3327686 2
2 3328932 2
2 3328996 2
2 3333579 1.6648
2 3335275 2
2 3350016 0.0053
2 3353078 2
2 3366837 0.896745095042196
2 3373266 0.351854202734236
2 3378843 2
2 3386305 0.8928
2 3392296 2
2 3393588 2
2 3396788 0.7937
2 3403234 0.8635
2 3412435 0.84153907222264
2 3417442 2
2 3417762 0.0804192633529706
2 3418005 2.9913
2 3418348 0.4544
2 3427689 2.23753331416125
2 3435105 0.4544
2 3439126 2.4086241033062
2 3451921 0.9437
2 3454544 1.1168
2 3468367 2
2 3469956 2
2 3470756 1.1031
2 3480414 2
2 3487659 1.1366
2 3489584 2
2 3498938 1.01
2 3501677 2
2 3503315 2
2 3503426 2
2 3503555 2
2 3504143 2
2 3504144 2
2 3515500 2
2 3516276 0.1308
2 3547551 0.727396648329574
2 3598636 2
2 3600300 1.1150730879297
2 3601733 1.0425
2 3608265 0.4035
2 3608412 2
2 3616203 2
2 3616729 2
2 3617548 2
2 3628628 2
2 3631966 0.593217311762133
2 3632906 0.0477857862086827
2 3646634 2
2 3652533 1.36782199526474
2 3667377 2
2 3674231 2
2 3686354 0.191595627161339
2 3687590 0.748792411939541
2 3699077 0.125864143826271
2 3704452 0
2 3710344 0.1671
2 3737955 1.1933
2 3739945 2
2 3760845 2
2 3767009 0.354468972538227
2 3771968 0.5379
2 3775155 0.0241
2 3788792 1.1213
2 3789044 2
2 3790636 2
2 3791428 2
2 3794085 2
2 3806983 0.921265411079989
2 3809253 1.8042
2 3812041 2
2 3812841 2
2 3817979 2
2 3841048 0.0874
2 3847520 0.517200672133987
2 3854558 0.241
2 3857119 1.03641256653648
2 3862421 1.0097
2 3873031 0.0616
2 3913160 1.3935
2 3916728 2.4029
2 3917342 1.3122
2 3919805 0.4141
2 3921959 0.0836
2 3930159 5e-04
2 3968042 1.4586
2 3972203 0.268352686893333
2 4011021 1.2154
2 4016783 1.2808
2 4028884 0.1726
2 4029689 0.0712
2 4035149 0.1654
2 4037499 1.2808
2 4038571 0.4579
2 4048186 0.6771
2 4051056 0.4235
2 4051747 0.4235
2 4077276 0.2307
2 4080861 0.3797
2 4083188 0.2098
2 4095260 0.3583
2 4100388 0.6236
2 4102870 0.408692715532072
2 4116027 2
2 4130048 0.284149189490095
2 4136267 0.667955043301565
2 4138132 0.539378879987849
2 4153694 1.0401
2 4166821 2
2 4172777 0.728584778128779
2 4186102 1.45515949505473
2 4189364 2.1447254366853
2 4192645 0.011324462046714
2 4195685 1.12362542953267
2 4232795 0.704219951544424
2 4246659 1.1667
2 4246747 0.889
2 4247800 1.216
2 4254058 1.4868
2 4260298 0.3032
2 4262781 1.2699
2 4266348 1.4706
2 4269763 0.214
2 4272675 2
2 4273931 2
2 4275166 2
2 4276218 2
2 4277582 2
2 4278985 8e-04
2 4330649 2
2 4339773 1.48006631181921
2 4355938 0.0369183243347062
2 4361807 0.553587290504493
2 4384957 1.0977
2 4403307 2
2 4403313 1.36680163512746
2 4406079 0.122549039694933
2 4417735 0.481846457329051
2 4425455 0.773403480632135
2 4445290 1.9901
2 4445784 0.245368727859329
2 4446018 0.286032562237
2 4447687 2.0051
2 4501368 0.4042
2 4506458 0.431093970905442
2 4512203 1.2467
2 4515180 1.3694
2 4525703 0.815
2 4526299 0
2 4529393 2
2 4531578 0.7807
2 4546185 0.0263
2 4549471 2
2 4553972 2
2 4569708 2
2 4596931 2
2 4599005 2
2 4608209 2
2 4608275 1.9212
2 4618868 2
2 4630001 2
2 4636218 5e-04
2 4640560 2
2 4643174 2
2 4651728 1.9901
2 4658970 2.0685
2 4663810 2
2 4664879 2
2 4666051 2
2 4668861 2
2 4714062 2.09
2 4745557 2.5352
2 4747500 2
2 4760147 2
2 4760437 2
2 4785984 2
2 4787950 2
2 4795143 2
2 4795187 1.0134
2 4795696 2
2 4796433 0.0672758572627581
2 4798092 1.0134
2 4800029 2.9933
2 4814272 2.55880307655827
2 4818761 0.716721302808554
2 4849149 0.504040122393723
2 4851058 0.586216755937215
2 4853062 2
2 4853088 2
2 4854513 2
2 4855304 2
2 4857617 2
2 4859168 2
2 4859900 0.5916
2 4860976 0.103956267115763
2 4866915 0.942
2 4873205 0.486626822472106
2 4875778 2
2 4876492 0.589860521085141
2 4891733 2
2 4895419 0.517866913887317
2 4898247 0.242625852078764
2 4899381 2
2 4903076 2
2 4903524 2
2 4904955 2
2 4926375 0
2 4935393 2
2 4935667 2
2 4963822 0.0564
2 5032312 0.0669
2 5038253 0
2 5041240 1.3923
2 5051626 1.4504
2 5053440 1.193
2 5057188 1.1052
2 5068732 0.0526423038219505
2 5068979 0.301631409831516
2 5077601 0
2 5082594 2
2 5083972 2
2 5086410 1.22797599786688
2 5100820 0.917526715044463
2 5103306 2
2 5105290 0.630657886230603
2 5113231 0.271634364898482
2 5116922 0
2 5120565 2.9983
2 5128538 0.889412904878764
2 5135113 2
2 5135603 2
2 5146530 2
2 5150207 2
2 5155823 0.143145685529269
2 5159665 0.833924365484959
2 5161020 1.6751
2 5182993 0
2 5204851 2
2 5228640 2
2 5234680 2
2 5249276 0
2 5288175 0.77638262688494
2 5311147 0.3699
2 5327883 5e-04
2 5348426 0.6281
2 5360169 0.495083963716093
2 5366141 2
2 5392660 0.44561957655651
2 5404929 4e-04
2 5415786 0.0014531071809568
2 5420371 0.684550579655997
2 5429916 1.4394
2 5436486 0.891
2 5438079 0.891
2 5440162 0
2 5453170 0.7576
2 5496723 2
2 5502160 0.1013148056583
2 5506390 0.161847058370949
2 5525728 0.333841305742417
2 5544654 0.683287454528183
2 5549565 2.64153267046763
2 5550694 1.9904
2 5552501 0.0771898768326921
2 5572657 2
2 5575621 2
2 5593260 2
2 5602480 2
2 5608478 2
2 5610193 2
2 5614057 2
2 5625093 0.562216242965615
2 5668257 0.305257226974981
2 5671019 1.5059
2 5677425 1.45440571225803
2 5678581 1.53552990549933
2 5678763 0.923802079896969
2 5680023 2
2 5694619 1.4046
2 5716648 2
2 5718310 2
2 5739113 2
2 5752432 2
2 5757279 1.39233845273385
2 5772994 2
2 5789153 2
2 5791147 2
2 5812611 0.5704
2 5818416 0.5704
2 5819249 0.5704
2 5821564 0.437
2 5824586 0.9778
2 5827266 2
2 5852070 2
2 5852398 0.197389731394063
2 5864917 2
2 5883007 1.149
2 5888042 1.1174
2 5903671 1.7675
2 5908282 1.7675
2 5912175 1.31214232205109
2 5922056 0.876460441257904
2 5941417 0.1522
2 5942209 0.0923
2 5951819 0.9437
2 5959042 1.4226
2 5964857 0.935609473451688
2 5968115 0.94766869693558
2 5970473 0.399710595977589
2 6005971 0.1698
2 6008651 2
2 6012001 2
2 6015026 2
2 6020619 2
2 6035474 1.6284
2 6041723 0.1626
2 6043464 1.08833031676125
2 6075367 0.5104
2 6094897 0.5941
2 6115362 0.981580521230165
2 6117346 0.718636377885663
2 6120400 0.551174634875369
2 6134409 1.89
2 6137631 1.8749
2 6138857 1.89
2 6141601 2.7096
2 6145206 1.8749
2 6176018 0.498456111769764
2 6195379 0.203460409135262
2 6196410 0.0794319496147956
2 6207864 0.0263
2 6213983 0.0144797742444047
2 6223342 0.4811
2 6238890 0.7959
2 6243866 2
2 6251006 2
2 6251421 0.760489090972854
2 6253259 1e-04
2 6253352 0
2 6255281 2
2 6261287 0.0733
2 6281148 0.067
2 6283183 0.413642924224495
2 6283481 0.067
2 6286423 0.638756150817206
2 6291959 0.0731
2 6293553 1.793
2 6302614 1.342
2 6317453 2
2 6344972 0.5394
2 6352699 0.5394
2 6353179 2
2 6354139 0.2749
2 6354629 2
2 6357304 2
2 6359315 1.79089995000683
2 6364435 2
2 6374874 0.5394
2 6405318 2
2 6410134 2
2 6410447 2
2 6412137 0.601
2 6418492 2
2 6421577 0.7918
2 6425989 0.860755232932051
2 6432463 2
2 6433607 0.0078
2 6435531 2
2 6441734 0.2305
2 6454402 2
2 6455026 2
2 6459676 2
2 6461370 2
2 6462666 2
2 6468170 2
2 6471420 0
2 6504618 0.337564211965405
2 6524042 1.9814
2 6583051 0.3952
2 6592808 2
2 6599044 2
2 6605442 2
2 6631773 5e-04
2 6641060 0.709486474595254
2 6656040 0.54040669977829
2 6657188 0
2 6658570 2
2 6660126 2
2 6661840 2
2 6667080 2
2 6686065 2
2 6716939 0.198254293234414
2 6748784 1.1948
2 6749713 5e-04
2 6781478 1.71972405605299
2 6788816 1.02249143175413
2 6789187 2
2 6796312 1.11537333979885
2 6801912 1.31533961029541
2 6815468 0.164002388413485
2 6818253 2
2 6823401 0.0933
2 6833539 0.958450719784973
2 6837852 0.7212
2 6853637 0
2 6867539 1.95882827442082
2 6881218 1.4713
2 6888521 2
2 6895302 0.2388
2 6901237 2
2 6908645 2
2 6910295 2
2 6913775 0.261961117244565
2 6916052 1.62889695442119
2 6926424 0.349561619313381
2 6926757 0.6928
2 6959439 3.002
2 6966107 2
2 6973298 1.687
2 7001965 0.2945
2 7002049 2
2 7002068 2
2 7005822 2
2 7006404 0.2945
2 7006467 0.1194
2 7007103 0.2945
2 7049569 2
2 7055061 0.1295
2 7064487 2
2 7075318 0.193169431936626
2 7077291 0.548297285468706
2 7077292 0.906807887678679
2 7092347 2
2 7096307 0.912890276785748
2 7102663 2
2 7107924 2
2 7111308 2
2 7114264 2
2 7126261 0.602544572441184
2 7136401 2
2 7137535 2
2 7138800 2
2 7156341 2
2 7162555 2
2 7177242 2
2 7223633 0.917492972540901
2 7229758 0.330758120652608
2 7264257 0.9132
2 7265713 0.1342
2 7266938 0.322012044867657
2 7276940 0.478950975477538
2 7282602 2.5331
2 7287520 2
2 7294900 2
2 7297860 0.537
2 7359520 0.0078
2 7361086 0.8542
2 7363634 0.5223
2 7377100 0.9693
2 7403928 2.5871
2 7404851 2
2 7489068 0
2 7510855 2
2 7512636 2
2 7549237 2
2 7560259 0.5032
2 7566224 0.448
2 7570143 0.448
2 7576075 1.076
2 7577376 2.2269
2 7583197 0.448
2 7584243 0.448
2 7595152 2.2269
2 7612280 0.448
2 7614043 0.448
2 7615143 0.448
2 7632570 0.448
2 7674170 1.78269019229243
2 7677505 1.0838
2 7680018 6e-04
2 7689359 2.4047236356393
2 7691898 2
2 7692305 0.860785193790123
2 7709795 1.19590934044129
2 7731820 2.09849258937148
2 7732625 1.2615
2 7733969 1.2445
2 7741012 0.1045
2 7741561 0
2 7786212 1.0045
2 7786801 0.2825
2 7791443 1.4365
2 7793546 1.53339799296799
2 7811712 0.2825
2 7818382 0.183071234089739
2 7822649 0.7388
2 7852715 0.614056227640953
2 7856376 1.34443271596302
2 7856768 0.0727681993625664
2 7866627 1.03410782721309
2 7867057 2.4263
2 7870287 0.551178029718827
2 7872331 0.698666252562186
2 7875906 0.167246597678049
2 7879077 0.845548797978677
2 7888594 0.579219447228071
2 7893561 1.51330809381421
2 7899266 0.971502559015075
2 7911233 1.5869
2 7911656 1.5691
2 7919631 2
2 7960090 2
2 7977064 0.4101
2 8005868 0.3654
2 8038071 0.809502171411306
2 8038293 1.05936077182478
2 8039423 1.30921468416237
2 8055331 0.220026935178701
2 8059409 1.10034300985458
2 8136430 2
2 8145018 2
2 8179130 0.6265
2 8220329 2
2 8233143 0.1695
2 8249019 0.1768
2 8258539 0.1916
2 8283792 2
2 8290771 1.4007
2 8330339 0.54673616633012
2 8331572 1.58843546024978
2 8332104 2
2 8346500 0.6559
2 8362109 0.5063
2 8373833 0.8489
2 8378146 2
2 8382313 0.8664
2 8387082 0.0276
2 8390074 0.0781273778328112
2 8397630 2
2 8398535 2
2 8398593 0.5807
2 8405757 0
2 8405822 0.2411
2 8411134 0.6425
2 8418965 0.068
2 8421265 0.1468
2 8421901 0.068
2 8446052 0.0217
2 8447498 5e-04
2 8448058 0.0162
2 8452307 0.784341040585585
2 8458314 1.47768320395643
2 8465595 0.0844042351979395
2 8467548 0.6208
2 8470681 1.2296
2 8479928 1.9101758949315
2 8479929 1.43207403938162
2 8509387 0.4224
2 8516975 0.790648733985175
2 8545860 1.01921302359071
2 8549719 1.4696
2 8550795 0.199066635319502
2 8555410 0.1494
2 8562466 2
2 8567272 0.9958
2 8584172 1.24579372657796
2 8586178 2.709
2 8589644 2e-04
2 8595183 0.396
2 8612818 2
2 8613139 2
2 8631031 2
2 8631391 2
2 8633831 1.03139104675442
2 8635190 1.1948
2 8649418 1.8942
2 8650013 2
2 8676749 1.9913
2 8678498 1.6627
2 8680818 5e-04
2 8694975 1.1168
2 8696359 1.0788
2 8702433 2
2 8712875 3.1148
2 8746640 1.3451
2 8782567 2
2 8816302 0.541277991098724
2 8834294 2
2 8837975 0.118063780452149
2 8868774 1.1153
2 8876063 2.7838
2 8970688 2
2 9039306 2
2 9066899 1.2424
2 9083234 2
2 9089038 0.1959
2 9089082 1.0505
2 9099040 2
2 9100313 2
2 9105393 1.468
2 9113777 0.2173
2 9121811 2
2 9123747 2
2 9127476 2
2 9132728 2
2 9148657 2
2 9154598 2
2 9155039 2
2 9162889 2
2 9168019 2
2 9178823 2
2 9194578 0.325942534034804
2 9198109 2.80802124483591
2 9212519 1.56375735632474
2 9215988 0.0792
2 9246581 2
2 9251490 0.121375938929125
2 9258233 2
2 9278145 2
2 9285268 2
2 9285977 2
2 9287780 2
2 9301856 2
2 9306623 2
2 9317995 2
2 9325558 2
2 9344990 0.1027
2 9370085 1.21058120804465
2 9400249 5e-04
2 9409912 1.18648776902897
2 9413147 2
2 9418485 0.359868983209679
2 9422134 0.571714170619683
2 9426011 2
2 9426890 0.0396699638523686
2 9439472 2
2 9441537 1.4548153285235
2 9445576 0.519830585148694
2 9447962 2.02597717069892
2 9457587 2.6935
2 9459719 2
2 9466313 0.0212
2 9478828 2.23886470519893
2 9486236 2
2 9487133 2
2 9487837 0
2 9498213 3.1145
2 9504523 0.858330320104651
2 9514674 2
2 9517698 0.973658940683853
2 9521646 0.361512989210955
2 9521841 0.165915929719515
2 9525321 2
2 9534723 0.916619868322795
2 9540018 0.558974738660553
2 9562028 2.8204
2 9572143 0.6046
2 9588445 0.62066410975777
2 9599426 0.3156
2 9601656 0.0431
2 9601939 0.327
2 9621596 0.946963423966245
2 9631491 2
2 9637100 2
2 9665007 1.37603747405628
2 9665152 1.0239
2 9666156 0.110351124799213
2 9666696 0.77142868956323
2 9683634 1.29689560872091
2 9696254 2.44792784155722
2 9701089 0.745967159764051
2 9704589 0.210872035762757
2 9737675 0
2 9737677 0
2 9745621 0.481428235913892
2 9745906 1.05879567048828
2 9749506 0.0765949423410929
2 9752991 0.75617676634214
2 9753641 0.82580907678055
2 9786456 0.719699865274303
2 9789096 0.6473
2 9791154 0.1484
2 9792621 0.428463135012476
2 9816968 2
2 9823438 1.6125
2 9841543 0.8393
2 9844585 1.2495
2 9853961 1.37630891683419
2 9879819 0.300624220068879
2 9884557 0.275273030411825
2 9887550 0
2 9890835 1.96472059426332
2 9891614 0.441336626530889
2 9896137 1.25720465973333
2 9899123 1.3016
2 9899525 0.695713080387279
2 9899969 0.0744507513812118
2 9902157 0.493829655054612
2 9902229 2.4003
2 9904076 0.882564116839932
2 9913878 0.228083927680123
2 9917997 0.0913469093391318
2 9918447 0.985369294587409
2 9923535 0.0132241039836595
2 9928447 0.796890721119005
2 9928829 0.572447855946561
2 9940425 1.55703629823164
2 9951890 2
2 9956965 2
2 9966425 0.6413
2 9972257 2
2 9973905 0.391874413659407
2 9974102 0.123118568663021
2 9990966 0.604427461935193
2 9994484 0.6413
2 10006995 0.6737
2 10010732 2
2 10013495 2
2 10013878 5e-04
2 10015279 0.815096892301222
2 10032924 2
2 10055952 2.01271305095687
2 10067352 0.065557015570223
2 10071539 2
2 10078285 2
2 10092274 0.093
2 10118858 0.2024
2 10150875 2
2 10152052 0.2503
2 10159047 2
2 10159320 1.1222
2 10164549 0.2913
2 10169312 0.3683
2 10179076 0.108505358669242
2 10181084 0.9824
2 10184939 2
2 10189955 0.123513067932724
2 10192368 2
2 10192884 2
2 10200489 0.0585
2 10200621 2
2 10216045 0.0263
2 10223108 2
2 10225026 0.0154333081051188
2 10227918 2
2 10229849 2
2 10230325 2
2 10230519 2
2 10239137 0.3908
2 10252672 2
2 10253102 2
2 10253956 0.2561
2 10265070 0.129382042552903
2 10265634 2
2 10266536 0.945239209494117
2 10270387 0.0572
2 10272140 0.2145
2 10279525 0.2112
2 10302733 3.1272
2 10307875 0.0849
2 10308635 1.31009959615442
2 10317715 0.348212878162655
2 10325549 1.09721750468754
2 10326785 2.5952
2 10326953 2.0603
2 10335182 1.37781676595338
2 10350848 0.5238
2 10351663 2
2 10363356 2.1546
2 10375016 2
2 10375644 2
2 10377152 1.5499
2 10380110 1.8026
2 10380661 2
2 10381551 0.3908
2 10386478 1.6321
2 10394131 0.403980436155836
2 10394941 2
2 10402142 1.5591
2 10408700 0.0211852988923191
2 10413751 0.254170385274412
2 10416967 0.852409656189544
2 10421161 0.620044760677687
2 10426064 0.5747
2 10429638 0.9908
2 10432487 0.7223
2 10467301 0.0579860296228107
2 10471005 2
2 10474764 1.9511
2 10478567 2
2 10481981 1.92786034370918
2 10503769 2
2 10508098 2
2 10522240 0.9437
2 10523869 0.8563
2 10531224 1.07477864031637
2 10533721 2
2 10536506 1.27938807126113
2 10536565 0.537187009901801
2 10542567 0.267998372276236
2 10544404 2
2 10545122 0.471701644820633
2 10548843 2
2 10551044 2
2 10556471 2
2 10560502 2
2 10570441 2
2 10572152 2
2 10573483 2
2 10574017 2
2 10574835 2
2 10575262 2
2 10575332 2
2 10575721 2
2 10581998 2
2 10586917 0.2058
2 10587228 5e-04
2 10592918 0.2058
2 10596165 2
2 10596263 0.3524
2 10596695 2
2 10598558 2
2 10599725 2
2 10603065 2
2 10606215 2
2 10613197 2
2 10617019 2
2 10628986 2
2 10633259 2
2 10633793 2
2 10638335 2
2 10650833 2
2 10658300 2
2 10661708 0.551987076741818
2 10666822 0.101174349380529
2 10690618 0.894315362996082
2 10719327 2
2 10727144 0.26382138104146
2 10738385 1.62936641739545
2 10745179 0.612237135704015
2 10765465 1.2651
2 10767135 0.7205
2 10767203 5e-04
2 10776567 2
2 10776644 1.2115
2 10779688 5e-04
2 10781108 2
2 10787092 1.5084
2 10788651 2
2 10790140 2
2 10790309 2
2 10790875 2
2 10793795 2
2 10802228 2
2 10803756 2
2 10808488 2
2 10813644 0.7494
2 10817781 1.2377
2 10821171 1.2377
2 10829072 0.2474
2 10830347 2
2 10835363 2
2 10836775 2
2 10843113 0.2316
2 10843203 1.9922
2 10844836 0.2233
2 10846179 0.2233
2 10851379 0.7315
2 10853670 1.3076
2 10861987 2.11847456871673
2 10869911 2
2 10878921 0.2756
2 10883025 0.4696
2 10892693 2.2627
2 10901950 2
2 10921007 0.908530600239623
2 10928321 2
2 10933504 0.0933791871595288
2 10941529 1.5438
2 10942065 2
2 10942298 2
2 10963272 1.0982
2 10966787 2
2 10971420 0.0883
2 10981119 1.83260903956656
2 10985084 0.578636391059188
2 10990176 2
2 10992795 0.674057593975944
2 11004992 2
2 11021418 2
2 11025374 2
2 11027515 2
2 11035597 2
2 11036666 2
2 11037483 2
2 11043317 2
2 11054743 0.855374494231974
2 11061912 0.388809584593041
2 11073284 2
2 11077370 2
2 11078923 2.085
2 11080001 0.214201183475397
2 11082723 1.1206374939876
2 11084349 2
2 11089420 0.0591681702830422
2 11099492 2
2 11105381 2
2 11106112 2
2 11107687 0.00215225415073969
2 11108495 2
2 11115397 1.09408929548215
2 11116242 2
2 11127240 2
2 11149016 2
2 11155285 0.698691678436325
2 11155741 2
2 11156294 2
2 11158815 0.324152460139719
2 11167701 0.183
2 11177100 0.1988
2 11179127 0.0697
2 11193868 0.3813
2 11199073 0.1498
2 11214182 0.0731
2 11216840 0.0697
2 11219273 0.1737
2 11240783 0.0731
2 11254227 1.6453
2 11273567 0.0731
2 11274097 0.0731
2 11282660 0.1269
2 11286851 0.0731
2 11321632 0.0731
2 11324340 0.748220054942316
2 11332016 0.0819
2 11361554 0.315005992856115
2 11361888 0.0334
2 11366903 0.1772
2 11386353 0.0785938297741965
2 11390110 2
2 11390159 2
2 11391009 2
2 11391138 2
2 11394292 2
2 11420068 2
2 11420386 2
2 11424938 2
2 11428595 1.15718465983494
2 11449236 2
2 11471313 2
2 11477943 2
2 11489170 2
2 11519075 0.8872
2 11533908 0.0365373713764963
2 11547380 2
2 11581976 0.134032966219976
2 11582493 2
2 11583732 1.45897320537354
2 11584923 0.984338065772519
2 11607543 0.9069
2 11607585 1.45786249299905
2 11614615 0.7949
2 11627256 2
2 11643180 2
2 11654434 2
2 11657114 0.145570742626818
2 11669391 1.3575
2 11670545 1.6234
2 11672257 2
2 11672851 1.3776
2 11687151 0.3143
2 11710897 0.7939
2 11715363 0.196001052940737
2 11719831 1.14833748749162
2 11731415 0.122890316608549
2 11738369 0.1746
2 11750012 2
2 11753087 2
2 11765750 1.70208788976367
2 11771855 2
2 11777779 2
2 11781928 0.493534944935219
2 11817760 2
2 11831128 1.6712
2 11839329 0.3882
2 11853767 2
2 11856093 1.651
2 11904694 0.347867379139767
2 11914257 2
2 11917622 2
2 11925054 2
2 11926616 1.121
2 11931272 2
2 11944125 0.3611
2 11944177 2e-04
2 11949103 2
2 11959300 2
2 11961928 0.619079636703915
2 11985641 2
2 11989461 0.73
2 11999778 1.4696
2 12003198 0.0994
2 12022554 1.5096
2 12025172 0.4419
2 12028383 2
2 12031028 0.1106
2 12043642 0.4785
2 12043829 0.1238
2 12050998 0.592031375149429
2 12091084 0.46887320058591
2 12103472 0.1564
2 12108381 1.4326
2 12123317 0.054
2 12123327 0.0069
2 12132425 2
2 12138599 0.8216
2 12142198 0.00877983378007483
2 12146480 2
2 12150491 2
2 12153702 2
2 12153780 1.2897
2 12158873 2
2 12160856 2
2 12160905 2
2 12162346 2
2 12166618 2
2 12167684 2
2 12170292 2
2 12174772 2
2 12186711 2
2 12189221 1.2753
2 12193277 1.2753
2 12193413 2
2 12206862 1.0384
2 12211324 2
2 12214903 2
2 12217511 0.7061
2 12217701 0.7061
2 12225138 2
2 12230837 2
2 12248683 2
2 12250251 0.1124
2 12252546 2
2 12256132 0.153137104350756
2 12276732 2
2 12293658 2.0617
2 12312301 2
2 12317658 0.0206
2 12340886 0.0153
2 12362157 1.8979
2 12383124 2.5345
2 12426292 0.8442
2 12436544 0.879912878786728
2 12437941 2
2 12439757 0.236774067967178
2 12453407 0.303413190535709
2 12457937 0.988892030326569
2 12458051 1.55759692794666
2 12462270 2
2 12467478 2
2 12483201 2
2 12483228 2
2 12521729 1.121
2 12524059 0
2 12526148 2
2 12529803 2
2 12530211 0.0914
2 12539307 0.2471
2 12542939 2
2 12573231 2
2 12573558 2
2 12573689 2
2 12574801 2
2 12574953 2
2 12601964 1.14985167283527
2 12623315 2.07453575102067
2 12640038 2
2 12641142 0.1801
2 12649758 1.67754450651547
2 12689040 0.518871687507399
2 12691279 0.0024
2 12698525 0.125187593390912
2 12710905 1.20614563199217
2 12727681 2
2 12739061 2
2 12777288 2
2 12786856 2
2 12815547 2
2 12817235 2
2 12819737 0.359300984550294
2 12843910 2.1238
2 12844873 2
2 12875302 2
2 12878410 0.4034
2 12892915 2
2 12899820 2
2 12900377 1.08220451236121
2 12902133 0.859679703113558
2 12903758 2
2 12909330 2
2 12936376 2
2 12939203 0.461531388215596
2 12943670 2
2 12944115 2
2 12952320 2
2 12952905 2
2 12953412 2
2 12959323 2
2 12959365 2
2 12970212 2
2 12973063 1.81190619938802
2 12977271 0.82038598878659
2 12983054 2
2 12984321 1.5046
2 12987596 0.7144
2 12993241 0.0415
2 12999390 1.0974
2 13007048 2
2 13025804 2
2 13031066 2
2 13033397 1.15908286356216
2 13034509 0.4257
2 13098791 2
2 13167103 5e-04
2 13172175 2
2 13220945 0.2521
2 13225320 0.0827
2 13250217 0.5705
2 13255588 0.5964
2 13256488 0.3979
2 13265237 0.5964
2 13288468 0.7217
2 13321917 2.4268
2 13339289 1e-04
2 13418069 0.5965
2 13418073 5e-04
2 13468730 1.111
2 13472140 1.111
2 13476456 1.111
2 13490181 2
2 13492744 2
2 13496076 2
2 13499232 2
2 13500734 2
2 13517423 1.945
2 13520891 2
2 13525542 0.124429583827532
2 13528422 2
2 13529170 2
2 13529320 2
2 13540178 2
2 13541737 2
2 13571473 0.177
2 13581255 0.9313
2 13581741 5e-04
2 13581852 0.8179
2 13619822 0.9805
2 13623549 1.39513794147493
2 13623726 1.98953200601005
2 13635009 2
2 13641549 0.9987
2 13645600 0.9313
2 13650157 1.0359
2 13652867 1.0359
2 13666061 1.32257884537501
2 13674487 1.14386941762684
2 13677223 0.686800574333878
2 13685376 1.0359
2 13686612 1.00963177269238
2 13693577 0.931
2 13694623 1.0359
2 13717720 2
2 13718431 1.0359
2 13722723 0.436764691171755
2 13722845 1.0359
2 13737106 5e-04
2 13750426 2
2 13752447 2
2 13756116 2
2 13764724 0.469749809756371
2 13767037 0.1761
2 13769384 0.115
2 13770040 0.576101633592032
2 13771036 0.175892405763658
2 13773306 1.3120923200355
2 13775999 2
2 13780243 1.3994
2 13799920 2
2 13819753 0.5837
2 13829101 2
2 13829202 2
2 13830502 1.4712
2 13836952 2
2 13846868 1.6906
2 13847931 1.9014
2 13849022 2
2 13865139 0.0727
2 13869685 2
2 13885118 2
2 13893229 0.5318
2 13893964 0.5449
2 13907651 0.5146
2 13962582 1.311
2 13965800 1.3174
2 13974060 2.1108
2 13977791 2.1108
2 13981324 2.1108
2 13997534 0.6356
2 13999605 0.1877
2 14028752 0.0658
2 14072920 0.198037521274752
2 14092728 0.335148522352322
2 14096787 1.49868478870061
2 14098095 0.87900751334085
2 14098405 0.203895798927065
2 14099203 1.61578799602622
2 14103019 0.393633144927288
2 14106220 0.179928298296444
2 14112049 0.725153491786663
2 14112071 1.38344457964375
2 14113502 1.00355116936181
2 14113605 0.564339274219655
2 14126662 1e-04
2 14131032 2
2 14155114 0.9039
2 14167670 1.6253
2 14169970 0.1258
2 14177472 0.1682
2 14196838 2
2 14247432 2
2 14261509 2
2 14271082 2
2 14285835 2
2 14287604 2
2 14309093 2
2 14317738 2
2 14327012 1.42341208426925
2 14346634 0.448827184630785
2 14350016 2
2 14362740 2
2 14368764 2
2 14381661 2
2 14389922 2
2 14414170 2
2 14438802 0.317337866412125
2 14444719 1.85027516118125
2 14448808 2.50608547486766
2 14450758 2
2 14451973 2
2 14467492 1.06729620500869
2 14469937 2
2 14484033 2
2 14489046 1.23093794221631
2 14491139 0.732567234035902
2 14496895 0.937343615946124
2 14501490 0.204448387123442
2 14506075 5e-04
2 14511494 6e-04
2 14511764 1.36598964025377
2 14518835 0.151915096215306
2 14533082 1.59555865335423
2 14535542 0.43950920961984
2 14540682 2
2 14542374 0.0714676385551846
2 14555824 1.63012569204791
2 14556842 0.272582937479159
2 14562300 0.058
2 14565380 2
2 14567986 1.55647187843064
2 14644788 0.0561
2 14658691 0.0561
2 14660625 0.0561
2 14700887 0.720918797852474
2 14716790 0.392059682467769
2 14718778 1.14984803145366
2 14733947 0.858954788931219
2 14735266 0.510647603457744
2 14744245 0.202135540724419
2 14747368 1.01729837379148
2 14751758 1.34054957011803
2 14798699 2
2 14811973 2
2 14838420 2
2 14838423 2
2 14849380 2
2 14901877 2
2 14904113 2
2 14905838 2
2 14906757 2
2 14908349 2
2 14916581 2
2 14930340 2
2 14933671 2
2 14936157 2
2 14947450 2
2 14956307 2
2 15001646 2
2 15002491 2.4063
2 15002613 0.393576630175571
2 15024581 0.2019
2 15025699 0.2019
2 15026537 0.2019
2 15034031 1e-04
2 15034074 0.026
2 15034204 0.0676
2 15043433 0.1395
2 15046022 0.1395
2 15048317 0.1395
2 15049849 2
2 15059962 2
2 15062653 2
2 15063727 2
2 15067219 2
2 15068151 2
2 15070529 2
2 15073492 2
2 15084435 2
2 15098511 5e-04
2 15114703 2
2 15121344 0.0217
2 15125827 2
2 15140008 1.50778647008228
2 15166586 2
2 15287468 2
2 15310575 2
2 15318283 2
2 15324524 2
2 15328667 2
2 15338240 2
2 15346295 1.1577
2 15377666 2
2 15378714 2
2 15381140 2
2 15397602 2
2 15397791 2
2 15403518 2
2 15418456 2
2 15419994 2
2 15432256 2
2 15457165 2
2 15463924 2
2 15466494 2
2 15476735 2
2 15483094 2
2 15485280 2
2 15493439 2
2 15508321 0.32198826804803
2 15508680 0.446273166683604
2 15508718 1.59229032617418
2 15509034 0.442424964804559
2 15509117 1.87095926484258
2 15509856 0.6012
2 15510673 1.43125133637079
2 15519724 2
2 15522047 2
2 15525723 2
2 15528878 4e-04
2 15538358 2
2 15542967 2
2 15545825 2
2 15551258 2
2 15560878 2
2 15562907 2
2 15566268 2
2 15567587 2
2 15569504 2
2 15585119 2
2 15612083 5e-04
2 15615552 2
2 15621842 0.897865079785583
2 15638739 2
2 15639619 2
2 15643130 2
2 15660633 2
2 15685662 2
2 15685968 2
2 15693898 0.2532
2 15697227 0.2384
2 15703716 0.902850744773898
2 15732166 0.7762
2 15747602 0.664521475000858
2 15757276 2
2 15767856 2
2 15832153 5e-04
2 15845576 1.19168110812997
2 15846338 0.57944488915626
2 15846971 1.05010297670399
2 15850439 0.738956653583019
2 15888378 2
2 15889329 0.4702
2 15900115 2
2 15916656 2
2 15926873 2
2 15936531 2
2 15956290 0.3824
2 15982900 0.871698964858212
2 15989078 2
2 15989942 0.872140748838867
2 15996317 1.00855604537381
2 15996800 0.312258499361123
2 16001652 0.3355
2 16002738 2
2 16003123 2
2 16009489 2
2 16013650 0.949585743236331
2 16016508 2
2 16020897 2
2 16025638 2
2 16025803 0.1238
2 16026951 0.1171
2 16030026 2
2 16038572 2
2 16039617 1.91213762027185
2 16039652 1.2933
2 16042151 0.599473980154
2 16042818 0.0897
2 16044629 0.551375717556752
2 16044880 0.37688487053565
2 16079489 1.0848
2 16082103 0.964
2 16087751 0
2 16114375 0.227489357059678
2 16118107 0.389039681254507
2 16130076 0.744629535280646
2 16135715 0.493884034244507
2 16143474 1e-04
2 16148518 1e-04
2 16161172 0.0127
2 16185152 1.24548713514743
2 16186633 0.8774
2 16187834 2
2 16202374 1.31175358589109
2 16204997 2
2 16210703 2
2 16211646 2
2 16222282 2
2 16254314 0.0932079903248322
2 16280877 2
2 16295706 5e-04
2 16306390 0.106705705783079
2 16311368 0.630211137378848
2 16314230 2
2 16315152 2
2 16320498 2
2 16342723 0.387285015830862
2 16355599 2
2 16355842 2.5352
2 16370255 2
2 16384616 2
2 16395400 0
2 16395502 0.209197169949573
2 16419398 0.127328574943446
2 16423025 2
2 16423842 0.892066927158482
2 16440339 2.9777
2 16456113 0.0066
2 16464913 0.1626
2 16465193 0.1626
2 16482748 0.169
2 16496854 0.1908
2 16502570 2
2 16506699 0.7101
2 16518083 2
2 16523421 0.617
2 16524232 2
2 16525503 0.6522
2 16543870 0.6522
2 16546584 0.6522
2 16553372 1.7012
2 16591094 2
2 16591669 2
2 16593455 1.3381
2 16605218 2
2 16608054 2
2 16625101 0.0222
2 16630548 1.2154
2 16633642 1.6144
2 16638691 2
2 16685696 2
2 16760696 2
2 16767033 2
2 16767321 2
2 16769451 2
2 16770417 2
2 16779398 0.265454795681115
2 16780335 0.3817
2 16807700 2
2 16857276 0.117740787334262
2 16868852 2.04097676521986
2 16873392 1.47333580395391
2 16883216 0.649938310782242
2 16883257 0.573244878442565
2 16920473 2.6692
2 16951168 1.44098120603108
2 17019627 2
2 17043192 2
2 17044638 2
2 17051188 2
2 17069461 2
2 17070411 0.1872
2 17087597 2
2 17088227 2
2 17092361 1.01
2 17092726 2
2 17096228 2
2 17117602 0.748103872781931
2 17158215 2
2 17169974 2
2 17188577 1.72320610836348
2 17202192 0.476305650853656
2 17210380 0.27707193329411
2 17224833 2
2 17239915 0.740225538733561
2 17249045 0.8188
2 17274961 2
2 17275873 2
2 17294244 2
2 17296040 0.578
2 17304626 2
2 17305912 2
2 17325517 0.040879398793122
2 17326204 2
2 17387000 0.5576
2 17400678 2
2 17407015 2.8256
2 17425609 2
2 17431602 2
2 17452748 1.8181
2 17476980 1.9106
2 17482596 1.9275
2 17495482 1.9106
2 17497854 1.9106
2 17499332 2
2 17510683 0.732282934831901
2 17551918 1.9106
2 17552043 0.3265
2 17552307 1.9106
2 17556932 2
2 17559789 1.9106
2 17569306 1.9275
2 17575824 1.9275
2 17587345 2
2 17587811 1.6453
2 17592662 4e-04
2 17595730 1.4544
2 17599417 0.2301
2 17603514 1.5029
2 17611826 0.3301
2 17621834 1.4946
2 17655183 2
2 17657250 2
2 17671872 2.3673
2 17674110 2
2 17677447 2
2 17692127 2
2 17693192 2
2 17711195 2.1524
2 17729084 2
2 17742076 2
2 17744736 2
2 17744952 2
2 17747507 2
2 17778341 0.5908
2 17789464 2
2 17794536 0.3341
2 17798691 2
2 17798869 0.3341
2 17810752 0.718830224751952
2 17811697 0.0739
2 17818387 2
2 17825520 1.5288
2 17828626 0.0600004812514642
2 17834341 2
2 17843360 2
2 17844089 2
2 17848168 2
2 17856540 1.79519376825436
2 17864559 2
2 17867682 2
2 17872139 0.0897
2 17874171 0.714
2 17877794 2
2 17879850 2
2 17879939 2
2 17891236 2
2 17893762 0.939443980576155
2 17899329 2
2 17904025 2
2 17907765 1.03275721572233
2 17909037 1.6063
2 17909772 2
2 17915351 0.302960815941103
2 17919408 2
2 17934716 1.0064
2 17943467 1.1516
2 17946517 2e-04
2 17960181 2.24727436746981
2 17989264 0.4081
2 17992666 1.1224
2 18011973 0.9556
2 18035951 2
2 18042282 0.92
2 18062268 0.219637801909059
2 18065963 0.9484
2 18066511 0.1629
2 18071595 0.952523141449257
2 18074817 2
2 18084062 0.3201
2 18086384 0.3661
2 18087185 0.702854936249148
2 18093452 0.271644808800229
2 18093984 2
2 18094354 2
2 18094487 0.0089
2 18096149 1.20950017628411
2 18101343 2
2 18155978 2
2 18172039 1.2102
2 18190685 0.0801
2 18194689 1.27802623594712
2 18206367 0.743564437318335
2 18207273 1.66412354527075
2 18213081 0.0792
2 18217102 0
2 18222252 2
2 18251594 2
2 18259135 0.245089193235151
2 18262737 2
2 18287309 0.7115
2 18294591 1.5103
2 18294749 1.92477037516327
2 18295701 2e-04
2 18296025 5e-04
2 18296531 1.7066
2 18296652 0.486
2 18296776 0.0268940205678316
2 18297059 1.7565
2 18320102 0.0735264363537695
2 18323699 0.0977
2 18331429 0.2686
2 18338155 2
2 18338435 0.2639
2 18339260 0.697
2 18349950 2
2 18357941 2
2 18359378 2
2 18359420 2
2 18362994 2
2 18367064 0.871
2 18367096 0.315749126053372
2 18368226 2
2 18376695 2
2 18377911 1.11295504613162
2 18379613 2
2 18386618 0.3716
2 18387925 0.5026
2 18394225 0.5026
2 18394632 0.5026
2 18395074 0.994595334440403
2 18402717 0.3716
2 18403697 0.417639467250885
2 18416504 0.5026
2 18417440 0.5026
2 18417629 0.5026
2 18428138 0.28822236369411
2 18457150 0.1191
2 18499680 0.880068911538683
2 18499917 0.0875
2 18513539 2
2 18516686 2
2 18519262 2
2 18529264 2
2 18544729 0.637689507649632
2 18545168 1.52289328033049
2 18558967 1.12076453182145
2 18586118 2
2 18634952 2
2 18649954 2
2 18651724 1.66609330561756
2 18670924 2
2 18678353 2
2 18678428 5e-04
2 18693901 2
2 18698650 2
2 18703520 2
2 18743576 2
2 18755806 5e-04
2 18756178 0.1649
2 18768175 1.49575874391232
2 18774909 2
2 18897342 2
2 18902961 1.09013956073166
2 18907104 0.7211
2 18911683 8e-04
2 18911942 2
2 18921594 2
2 18921654 2
2 18937000 0
2 18951659 2
2 18958418 1.9753
2 18960982 1.48729005723688
2 18999426 0.744719325359539
2 19055774 0.0933
2 19073818 0.0734048785242536
2 19079048 0.216887363442576
2 19087754 2
2 19098342 2
2 19111363 2
2 19123057 2
2 19140381 0.776715889593682
2 19142691 0.28817550576381
2 19143962 0.583855001015822
2 19144735 1.70841484087017
2 19158674 0.97514047270118
2 19164441 1.49336683820086
2 19164523 0.148988294765972
2 19188279 0.0263
2 19189538 0.495949307959898
2 19193537 2
2 19231811 2
2 19233875 2
2 19243645 2
2 19244213 1.0047
2 19245147 0.739469773248988
2 19255383 0.671453273033806
2 19256894 0.146619226794349
2 19277090 2
2 19289127 0.37853452465301
2 19289320 2
2 19294438 2
2 19295989 0.667915997380014
2 19303989 2
2 19304797 2
2 19309483 2
2 19318510 1.31265561213485
2 19336121 0.0277530565777891
2 19340111 0.466922512398417
2 19362322 1.47776421016702
2 19365412 2
2 19371470 0.7113
2 19388029 2
2 19391504 0.3577
2 19393524 0.0158657986753585
2 19398857 0.661145230455411
2 19409170 2
2 19425049 2
2 19439785 2
2 19482920 0.148297990177679
2 19494329 2
2 19495564 2
2 19508094 2
2 19509206 2
2 19519542 2.21421616495255
2 19554137 0.476739397629824
2 19558427 1.06991098764327
2 19565630 0.43097997600427
2 19569882 0.858
2 19593225 2
2 19594210 1.59416941661823
2 19598151 0.968863997209669
2 19598677 0.915898841609319
2 19599258 2
2 19603319 0.573530403463639
2 19608920 0
2 19613694 0.307457542344849
2 19614213 2
2 19617097 1.3
2 19618699 2
2 19623649 1.7163
2 19625859 0.493356489005457
2 19626332 0.561296912327954
2 19634280 2
2 19642667 2
2 19642990 2
2 19647424 0.0217524229434201
2 19660653 2
2 19661430 2
2 19666079 2
2 19670441 2
2 19670580 2
2 19679114 0.646729896151943
2 19687408 2
2 19705316 2
2 19715384 2
2 19718624 2
2 19724348 0.0723
2 19731244 0.0723
2 19751103 0.119891710199546
2 19752100 1.90913264340042
2 19770605 2
2 19774310 1.22206152279153
2 19784190 0.1162
2 19784333 2e-04
2 19789760 0.213756077806056
2 19800395 1.41101234396962
2 19800993 0.638414214932352
2 19826217 2
2 19843308 2
2 19852537 2
2 19872751 2
2 19874548 2
2 19879466 2
2 19889239 2
2 19892129 2
2 19906608 2
2 19906837 2
2 19927593 0.627553312516476
2 19952110 0.368361244654742
2 19958703 2
2 19960489 0.617355486989683
2 19964823 0.143343874145851
2 19967927 1.41465157538024
2 19976766 0.0888710445716741
2 19986925 0.508702813899513
2 19992935 0.664189470880584
2 20006087 0.84040067417067
2 20019608 2
2 20020578 0.1511
2 20026707 0.0107
2 20035438 2
2 20045193 0.2247
2 20049507 0.2247
2 20056414 0.490477144482484
2 20069037 2
2 20107418 1.54819602434844
2 20120555 1.1577
2 20126916 0.937123545790477
2 20134199 0.104162759167338
2 20136830 0.436477878546057
2 20138259 0.0422
2 20138743 0.0422
2 20171852 0.723818492405244
2 20180651 2
2 20181641 2
2 20184092 1.4251985484399
2 20185940 0.463169154411626
2 20186353 0.367434814551229
2 20187503 0.36428511325583
2 20194620 2
2 20212925 2
2 20214497 2
2 20229821 2
2 20242870 2
2 20251966 2.0768
2 20274943 1.5049
2 20292610 2
2 20336197 2
2 20342851 2
2 20346517 2
2 20347417 2
2 20382922 2
2 20390874 2
2 20415180 2
2 20425413 2
2 20445905 2
2 20454347 0.4544
2 20461578 0.487341336214135
2 20463576 1.8474
2 20480827 0.1287
2 20490637 2
2 20497944 2
2 20499341 0.0978
2 20533444 2
2 20538439 0.66523535754837
2 20540240 0
2 20541584 1.26823620817087
2 20544157 2
2 20548009 0.442067701315098
2 20548017 0.560180133071719
2 20566598 0
2 20578699 0.1376
2 20582165 2
2 20585139 2
2 20586038 2
2 20601127 2.0479
2 20616628 2
2 20616814 2
2 20623852 1.38055154142388
2 20625605 2
2 20626906 1.12909212867791
2 20626988 2
2 20637029 0.639052266239727
2 20637604 0.6949
2 20639243 0.3805
2 20670258 0
2 20674466 2
2 20679783 1.65876172138342
2 20681073 0.731356322842105
2 20682080 1.70912886620742
2 20682198 0.206719157188092
2 20684608 0.127460371613614
2 20684786 0.621583498734239
2 20700129 1.5392
2 20709905 0.258470864629675
2 20715303 0.856307810027828
2 20736500 0.1921
2 20736756 0.794842741027625
2 20741277 2
2 20743525 2
2 20764177 0.982250431877471
2 20770293 1.60938003400638
2 20777773 0.305729732011263
2 20816003 0.0217
2 20881431 0.5106
2 20886209 0.569439911008018
2 20886667 0.924474528427582
2 20888498 1.37393237748786
2 20898095 2
2 20921370 1.3494
2 20921560 0.846724227983027
2 20943234 2
2 20956554 2
2 20959838 2
2 20973240 0.112920519899364
2 20982691 2
2 20984569 0.90724812935648
2 20998163 2
2 21001236 1.9279
2 21008652 2
2 21043497 2
2 21045950 2
2 21051295 2
2 21055060 0.4204
2 21059563 2
2 21062695 2.2686
2 21067377 2
2 21082323 0.4395
2 21084102 0.469
2 21088669 0.572
2 21097644 0.494
2 21102316 2
2 21103311 2
2 21110978 2.3673
2 21119220 2
2 21121389 2.3673
2 21127283 1.2154
2 21146943 2
2 21151359 0.4936
2 21153440 2
2 21159233 2
2 21161486 2
2 21161810 2
2 21167025 2
2 21169408 2
2 21174163 2
2 21175896 2
2 21178078 2
2 21180109 2
2 21181526 2
2 21191147 2
2 21195847 2
2 21211492 2
2 21216457 2
2 21219763 2
2 21234987 2
2 21241626 1.34003000805993
2 21246464 2
2 21250437 2
2 21250442 2
2 21250596 2
2 21252393 1.57014370343508
2 21258220 2
2 21261882 2.3319601137611
2 21279855 2
2 21287423 2
2 21288874 2
2 21297532 2
2 21308227 2
2 21308650 2.13022819627242
2 21309817 2
2 21309996 2
2 21311064 2
2 21354365 0.0325594190545661
2 21354708 2.00658692055731
2 21355596 0.660445279995511
2 21388892 2
2 21389755 2
2 21389792 2
2 21391174 2
2 21407652 2
2 21453238 2
2 21517555 0
2 21562189 0.0107
2 21619086 1.8328
2 21643483 0.257547512951907
2 21666707 2
2 21714100 1.7875
2 21774629 0.93004129359001
2 21785962 1.24430468496912
2 21813875 0.38868956374692
2 21826144 2
2 21876539 0.136780004019708
2 21906858 2
2 21919667 0.801144087083886
2 21932308 2
2 21942318 2
2 21947194 2
2 21950403 0.0263
2 21960580 2
2 21963850 2
2 22013234 2.5468
2 22013990 2
2 22016810 0.0444
2 22021359 2
2 22034692 2
2 22055440 1.7379
2 22066558 2
2 22077371 2
2 22083857 2
2 22085902 1.44934963493154
2 22172904 0.895136361679946
2 22212647 2
2 22215428 0.496074771216554
2 22221349 2
2 22227858 2
2 22234714 2.38904088953922
2 22242211 2
2 22271569 0.354308306157075
2 22331497 2
2 22331776 2
2 22331807 2
2 22332431 2
2 22333454 2
2 22340975 2
2 22373407 2
2 22387026 1.0432
2 22410672 2
2 22423541 2
2 22427801 2
2 22450394 2
2 22450406 5e-04
2 22489824 2
2 22493347 2
2 22504447 2
2 22507343 2
2 22540922 2
2 22544873 2
2 22544982 2
2 22557157 2
2 22612036 2
2 22624587 2
2 22637882 0.677450944968418
2 22662786 1.4624
2 22663373 2
2 22664968 1.4624
2 22665771 2
2 22673201 0.0393
2 22673711 1.31480111436978
2 22738200 2
2 22739604 4e-04
2 22752734 2.40713991192499
2 22763356 2
2 22766935 1.7474
2 22772486 0.366776827445546
2 22782046 1.05833816987491
2 22784467 2
2 22801728 1.46947665783103
2 22810030 2
2 22810119 2
2 22811017 1.5386
2 22812298 1.4079
2 22824393 1.2551
2 22828788 2
2 22839070 2
2 22846607 0.303667753799321
2 22846675 0.345632426663314
2 22879234 2
2 22883158 2
2 22883762 2
2 22886027 1.2495
2 22890366 1.2495
2 22900455 0.0263
2 22902702 0.9471
2 22916502 2.1107
2 22932341 2
2 22951296 0.264134162709224
2 22951607 1.64306271029556
2 22960615 2.0018
2 22963197 2
2 22965871 0.0869
2 22966110 2
2 22967921 2
2 22979335 2
2 23003392 0.7532
2 23019610 0.682584027408504
2 23032851 2
2 23077160 2
2 23111825 0.071712411649384
2 23120685 2
2 23137984 1.4636
2 23155333 2
2 23158837 2
2 23162158 2
2 23173175 2
2 23181991 0.914273131013398
2 23202514 2.878
2 23206985 2
2 23233940 0
2 23235798 2
2 23236986 2
2 23237123 2
2 23237404 2
2 23242206 2
2 23243541 0.0155346627539701
2 23256178 2
2 23288737 2
2 23301803 0.501810257434361
2 23313433 1.7288
2 23319761 0.9966
2 23320228 0.9966
2 23325743 0.32757240037568
2 23328899 0.762965153447432
2 23336054 1.0217
2 23341060 0.349507260813293
2 23349692 1.4415
2 23359264 0.248091850793453
2 23360112 0.0713562446148243
2 23362915 2
2 23369348 2.14385686369758
2 23385911 0.8284
2 23389522 2
2 23392083 2
2 23400600 1.9526
2 23421752 2
2 23428333 2
2 23431058 2
2 23431819 1.6561
2 23433742 2
2 23435652 2
2 23438671 3.1176
2 23439177 2
2 23450258 0.763305894836386
2 23453161 2
2 23465150 0.567005222121772
2 23474220 1.7379
2 23482540 0.8784
2 23489308 2
2 23502121 0.5106
2 23506477 0.4886
2 23512973 1.72923070318211
2 23520865 2
2 23522192 2.3651
2 23532078 2
2 23533963 2
2 23543214 1.4369
2 23551882 2
2 23556695 2
2 23556885 2
2 23558917 0.1326
2 23565448 2
2 23568322 0.1756
2 23577504 0.1191
2 23583216 0.1831
2 23598872 0.1831
2 23601164 2
2 23604738 0.5716
2 23666264 0.137981426668936
2 23686434 2
2 23698300 0.0233
2 23711217 0.1756
2 23711358 3.5796
2 23718478 0.1203
2 23730963 0.1571
2 23818188 0.7448
2 23819261 0.0273
2 23864047 5e-04
2 23903942 0.1571
2 23909831 0.1396
2 23920805 0.1571
2 23927643 0.964513888178549
2 23930050 5e-04
2 23931322 0.0233
2 23958054 2.7095
2 23985685 2
2 23993711 0.503767918874956
2 24012179 0.0386
2 24126809 1.05854645580659
2 24151768 2
2 24158214 2
2 24170649 0.0441
2 24171635 2
2 24171888 0.0441
2 24189544 2
2 24207102 0.0326
2 24210531 2
2 24214679 2
2 24217083 5e-04
2 24218128 0.0107
2 24223846 2
2 24234278 2
2 24251320 0.7232
2 24251328 1e-04
2 24286501 2
2 24301856 2
2 24347489 2
2 24387523 2
2 24393480 0.384623792090861
2 24395868 0.0558
2 24414508 2
2 24415387 2
2 24420476 2
2 24434956 1.4581
2 24437614 1.4098
2 24437758 1.5109
2 24443087 2
2 24443606 1.3297
2 24446243 2
2 24457380 0.1445
2 24469141 0.0917
2 24472785 1.726
2 24488615 0.1919
2 24492054 1.1039
2 24516927 0.0071
2 24523778 0.0854
2 24535517 1.1039
2 24539151 0.693731334951414
2 24539588 1.1039
2 24570834 1.1039
2 24610445 1.0218
2 24627855 1.0753
2 24629807 0.146228293587968
2 24633234 1.0045
2 24636456 0.15499054115408
2 24652241 0.2562
2 24660913 0.0854
2 24692473 0.8843
2 24701569 1.0753
2 24708419 1.0214
2 24713548 0.8441
2 24715492 2.5353
2 24723319 1.0476
2 24736684 2.1751
2 24738072 0.0854
2 24761266 1.0753
2 24777710 0.0854
2 24777972 0.0264
2 24782005 2.9779
2 24787097 0.0854
2 24790654 0.1915
2 24794991 0.365249193213352
2 24803430 0.2053
2 24807432 1.6632
2 24812510 0.9963
2 24816935 0.0854
2 24825349 2.07234157192602
2 24834039 0.1915
2 24852806 2
2 24855190 2
2 24868593 1.02494719061499
2 24876488 2
2 24881810 2
2 24886935 2
2 24899455 2
2 24911016 2
2 24914047 2
2 24925750 2
2 24927247 2
2 24936989 2
2 24941535 2
2 24942956 0.45091754241051
2 24949440 2
2 24959324 2
2 24962220 2
2 24977756 0.0353472602808109
2 24984370 2
2 24999430 2
2 25003934 2
2 25004808 4e-04
2 25009458 2
2 25055854 2
2 25079977 0.3884
2 25080530 2
2 25088668 2
2 25112220 2
2 25124177 2
2 25125039 2
2 25125715 2
2 25125739 2
2 25139646 2
2 25147147 2
2 25154460 2
2 25177796 0.8163
2 25181438 1.0114
2 25182658 1.0114
2 25204166 1.0114
2 25210570 1.0114
2 25224727 5e-04
2 25228253 5e-04
2 25235510 9e-04
2 25262160 2
2 25268187 2
2 25270318 2
2 25279682 6e-04
2 25284204 2
2 25308338 1.78144246176893
2 25309001 1.0509847037119
2 25332097 0.361750169150279
2 25341178 5e-04
2 25345670 1.3122
2 25400721 2
2 25400734 0.305852230401175
2 25406569 2
2 25412902 2.18627867481269
2 25419425 2
2 25433279 1.61946207315873
2 25444534 0.0894
2 25449600 2
2 25491137 1.21441379515286
2 25507200 0.5363
2 25533395 0.5595
2 25534840 0.5595
2 25553016 0.5595
2 25600228 0.736391079329038
2 25606641 1.65333891803125
2 25631084 0.535611166122006
2 25675538 2
2 25706502 0.8323
2 25710743 0.0264
2 25722951 0.6858
2 25724024 1.9897
2 25750915 2
2 25755318 1.9717
2 25760281 1.9717
2 25761151 0.151
2 25780199 2
2 25781549 0.1161
2 25785090 2
2 25787550 0.6858
2 25790952 2
2 25798387 0.6858
2 25799885 0.6858
2 25824478 1.8452
2 25834301 1.9542
2 25842703 2
2 25844570 0.6858
2 25857867 1.9717
2 25869162 2.535
2 25872971 2
2 25891361 0.2691
2 25896468 0.2691
2 25899272 0.0830022330908194
2 25917176 2
2 25917750 0.243
2 25919763 0.2691
2 25942659 1.0788
2 25942699 0.8762
2 25942872 1.9373
2 25963027 0
2 25975253 0.0264
2 25976856 1.3235
2 25989596 5e-04
2 25997267 0.100638019032889
2 26005961 0.540921969750979
2 26020336 2
2 26023565 2
2 26030778 2
2 26040079 2
2 26054087 2.9541
2 26054920 2
2 26056941 2
2 26063115 2
2 26063430 2
2 26071688 2
2 26090502 2
2 26105811 2
2 26144994 2
2 26149222 1.1564
2 26168541 0.0584576508156144
2 26175973 1.6578
2 26177909 2
2 26178611 2
2 26183720 2
2 26218736 2
2 26226082 2
2 26229737 2
2 26229988 0.0263
2 26238865 2
2 26239862 2
2 26243662 2
2 26248650 2
2 26293550 2
2 26299918 2
2 26313687 2
2 26319595 2e-04
2 26336719 0.0015
2 26358150 0.0526808926290058
2 26360638 0.417370346989473
2 26365669 2
2 26370003 0.765987310727756
2 26371192 0.677488469052554
2 26389597 0.783167698407893
2 26393488 0.782627011616947
2 26396672 0.931434710523779
2 26400176 2.8712
2 26412048 1.05318315616816
2 26416405 0.737783641018129
2 26418989 1.6821
2 26420757 1.12211007380774
2 26423814 0.935353665679079
2 26439213 1.6637
2 26477951 2
2 26497566 0.1965
2 26524233 2
2 26532683 2
2 26535935 2
2 26541290 0.6332
2 26541292 0.6332
2 26544881 1.2984
2 26547402 2
2 26554729 2
2 26580440 0.0078
2 26587450 1.89412948889814
2 26589069 1.3978905212253
2 26597553 0.732789575641298
2 26606034 2.878
2 26612131 2
2 26615582 2
2 26623730 0.0263
2 26630878 2
2 26633038 2
2 26645073 2
2 26652156 2
2 26670205 2
2 26674633 0.841965890495788
2 26693976 0.500644437269202
2 26704126 1.9939
2 26720905 2
2 26724924 0.5219
2 26725411 2
2 26753704 2
2 26783625 0.0263
2 26820987 2
2 26822932 0.2232
2 26832535 0.2232
2 26833757 2
2 26835681 2
2 26838385 2
2 26839861 2
2 26839873 2
2 26839877 5e-04
2 26842833 2.2001
2 26847568 2.2541
2 26852091 2.2832
2 26896787 0.6113
2 26908023 0.4971
2 26908981 0.4971
2 26909954 0.4971
2 26918647 0.4971
2 26928739 2
2 26929051 2
2 26936918 2
2 26946672 2
2 26948114 2
2 26951476 0
2 26954764 2.6444
2 26958586 2
2 26960883 2
2 26962449 2
2 26969333 0.9292
2 26994234 2
2 27007023 0.9298
2 27022278 0.7027
2 27086538 2
2 27109901 2
2 27116248 2
2 27119199 2
2 27134170 2
2 27160408 0.3857
2 27167557 0
2 27168805 1.7011
2 27175328 2
2 27189415 0.107282602654605
2 27193700 7e-04
2 27217145 2
2 27239537 2
2 27245075 1.0982
2 27266683 0.6817
2 27308548 2.3325
2 27338462 0.4624
2 27345698 0.367919775039215
2 27352086 1.240160093929
2 27363288 0.449219026138914
2 27390070 0.224165776251163
2 27397960 1.86691715837408
2 27402129 1.30803836821662
2 27404078 0.310838661959394
2 27405040 0
2 27414892 2
2 27425417 1.33275774494982
2 27460832 2.0616
2 27518205 1.25245208408062
2 27519736 2
2 27525757 0.826697025328679
2 27534283 0.1143
2 27539863 0.495631324288868
2 27552057 0.1143
2 27561433 0.412658222094414
2 27573659 0.1143
2 27574060 0.0855902805779556
2 27594122 0.1143
2 27607200 0.375452647753485
2 27624739 0.0926
2 27634650 0.1143
2 27697197 2
2 27740807 2
2 27743353 0.227391618803228
2 27747382 0
2 27747390 1.45098565704616
2 27764179 2
2 27795264 2
2 27795426 2
2 27814948 2.1953
2 27816605 0.941926135895454
2 27818333 0.148003719048225
2 27818406 1.23327862453681
2 27835566 2
2 27860513 2
2 27864338 0.396188189000101
2 27871403 1.65088493762665
2 27910175 0.4253
2 27928463 1.30034124911201
2 27968762 2
2 27973444 2
2 27976557 2
2 27982848 2
2 27994460 2
2 27994552 2
2 28002812 0
2 28043202 2
2 28048568 2
2 28054700 0
2 28061766 0.664026115217901
2 28076774 2
2 28077518 2
2 28087741 2
2 28112469 2
2 28112486 0.724668137213114
2 28113964 2
2 28122397 2
2 28123327 2
2 28137237 1.42340481892725
2 28139127 0.1699
2 28139451 0.1482
2 28150033 0.309118640201474
2 28162280 0.487085274063122
2 28183738 0.406592607308064
2 28199122 2
2 28216853 0.7741
2 28231174 2
2 28235578 0
2 28247096 2
2 28297216 2
2 28298190 0.353311783645226
2 28301618 5e-04
2 28304638 2
2 28315130 0.0906
2 28330518 1.9714898710023
2 28345222 2
2 28349843 2
2 28352100 0.994382242814493
2 28353712 2
2 28394145 0.0263
2 28406055 0.304281089368182
2 28428124 5e-04
2 28429319 2
2 28438022 1.42129661916511
2 28454219 0.687440833093032
2 28458800 0
2 28460448 0.6894
2 28463701 0.356646931338331
2 28466592 1.10384195269181
2 28481527 1.0785
2 28492063 0.1003
2 28499106 0.0482
2 28511972 0.6769
2 28514746 0.0425
2 28515734 0.0433697456505817
2 28527168 1.1633
2 28539448 2
2 28551647 0.425851194399506
2 28556124 0.2167
2 28567884 2
2 28569660 0.260445168999441
2 28571387 0.9877
2 28580357 0.7911
2 28593558 1.43780330907035
2 28595500 2
2 28601926 0.0472
2 28604159 1.2052
2 28606919 1.2052
2 28624409 0.2034
2 28624686 0.2034
2 28629865 0.409111290860257
2 28629985 0.553143265235142
2 28630485 1.91986157529383
2 28631949 0.240357809777949
2 28633728 0.2268
2 28639332 0.0170800912850057
2 28644540 0.397
2 28654344 1.3236
2 28659353 0.3818
2 28720999 0.7141
2 28726476 1.7346
2 28749713 0.2177
2 28759948 2.43946321088579
2 28763702 0.523138979415162
2 28771416 0.125853321483318
2 28773083 1.0308
2 28785559 1.20476162611284
2 28788275 0.596344450268823
2 28809372 0.390252616270732
2 28812469 1.59139006577455
2 28814135 1.96501834983553
2 28819471 0.0078
2 28827009 0
2 28839383 0.504205819774424
2 28843550 0.118447010124424
2 28876419 1.44637880216778
2 28876662 1.56926091216534
2 28880528 6e-04
2 28886013 0.256093423249456
2 28900076 2
2 28908248 2
2 28912924 2
2 28939165 2
2 28952886 2
2 28956147 2
2 28963476 0.0877
2 28990542 2
2 28990972 2
2 28994003 2
2 29003693 0.1135
2 29004623 0.1135
2 29005016 2
2 29005627 0.3015
2 29005645 5e-04
2 29006090 5e-04
2 29029572 0.661248738429779
2 29040662 1.3132
2 29048843 1.3302
2 29049606 2
2 29050796 1.3302
2 29051063 1.3302
2 29054865 2
2 29055020 2
2 29056385 5e-04
2 29062284 0
2 29063206 2
2 29080734 0.0606
2 29085972 0.2209
2 29086640 0.3834
2 29100903 2
2 29127285 3.0905
2 29134171 0.614
2 29136069 0.6664
2 29142717 2
2 29147017 0.0477
2 29150898 0.1212
2 29189257 1.15182156242589
2 29203904 1.945
2 29212612 2
2 29217142 2
2 29231835 0.601215339682135
2 29232958 2
2 29245416 1.4622
2 29264878 2
2 29272852 2
2 29309790 2
2 29336356 2
2 29340489 2
2 29348806 2
2 29349902 2
2 29350183 2
2 29350327 2
2 29352625 0
2 29365395 2
2 29374674 2
2 29375166 2
2 29392361 2
2 29396679 1.3022
2 29408087 2
2 29414922 0.445079536416323
2 29444947 2
2 29457339 2
2 29460678 2
2 29466320 2
2 29470943 2
2 29472780 2
2 29473851 2
2 29474809 2
2 29474979 2
2 29478687 2
2 29479594 2
2 29481648 2
2 29482925 1.5593
2 29483405 2
2 29504662 0.1965
2 29523440 0.6099
2 29535637 0.0359129660833456
2 29537172 2
2 29540593 0
2 29549056 5e-04
2 29552126 2
2 29565985 1.7605
2 29568975 2
2 29569300 5e-04
2 29570263 2
2 29571655 1.52457959198974
2 29577278 0.9955
2 29591328 2
2 29612563 2
2 29613465 2
2 29640135 2
2 29646543 1.742
2 29647500 2
2 29655135 1.6855
2 29655633 1.8312
2 29657341 1.7913
2 29660523 2
2 29662748 1.8451
2 29669077 2
2 29675152 2
2 29679524 0.248566420817048
2 29687584 2
2 29694284 0.917014568796997
2 29696937 2
2 29705283 3e-04
2 29715629 0.902469386332733
2 29731798 2
2 29743347 0.0179548857202042
2 29757542 2
2 29788410 0
2 29802777 1.82595722227604
2 29811204 0.533715634972609
2 29813032 0.793377238627607
2 29819351 0.0301529682409207
2 29820753 2
2 29825425 0.0329
2 29826144 0.4289
2 29827523 0.7752
2 29840939 2.5979
2 29841512 2
2 29845440 5e-04
2 29849256 2
2 29851390 2
2 29856502 2
2 29856746 1.441183660567
2 29860765 2
2 29861151 2.1063
2 29861930 0.933477532696678
2 29865157 0.0983059758810049
2 29883673 2
2 29888261 1.78491890194479
2 29911597 0.3141
2 29914074 0.3141
2 29927571 2
2 29930087 2
2 29932307 2
2 29951155 0.4118
2 29962320 2
2 29973912 2
2 29977155 0.0899545698056838
2 29981467 2
2 30015987 1.52442127117797
2 30020298 2
2 30041295 2
2 30052215 2
2 30054653 1.45672639771067
2 30056336 2
2 30069669 0.0761096337831131
2 30081752 0.158
2 30185617 0.1378
2 30195759 0.3324
2 30219536 2
2 30226728 2
2 30227878 2
2 30245482 0.984652844550033
2 30273585 1.00969889445731
2 30295164 0.505328642712422
2 30305431 2
2 30325306 2
2 30332058 0.026
2 30357619 0.7729
2 30358035 0.7729
2 30375991 0.4919
2 30397158 1.17927981029023
2 30398463 2
2 30400525 2
2 30401022 2
2 30407272 2
2 30408364 2
2 30408827 2
2 30409350 0.5146
2 30419626 2
2 30445688 1.7844
2 30450417 2
2 30454012 2
2 30472920 2
2 30488918 1.74977159853354
2 30493211 2
2 30502713 2
2 30503670 0.394125741294555
2 30509613 2
2 30511549 2
2 30521488 2
2 30525173 0.418056201404594
2 30534022 2
2 30558754 2
2 30562958 2
2 30575209 2
2 30575267 1.62381504606985
2 30590545 0.231892161973535
2 30605926 2
2 30608942 2
2 30617018 0.992850052021888
2 30623115 2.7409
2 30640114 2
2 30642309 2
2 30646554 0.655790195417207
2 30654587 1.4266
2 30657881 2
2 30664037 0.937633238882257
2 30666410 1.7662
2 30666426 0.603392752580969
2 30667154 0.106179346314164
2 30677701 1.42385199327907
2 30699541 2
2 30703840 2
2 30709670 0.3877
2 30737251 2
2 30751950 0.0979357239763076
2 30756621 0.073
2 30757783 1.54
2 30759028 2
2 30773327 0.894654042489479
2 30779355 0.0538845653318578
2 30783373 0.722101886118201
2 30783770 0.0139456321131533
2 30784926 0.554858097755934
2 30799647 1.4755
2 30799751 1.5009
2 30803871 0.290663995792949
2 30827170 2.0023082208147
2 30851320 2.11750621111899
2 30858821 0.700836841601379
2 30864779 1.0737921099037
2 30868857 0.4402
2 30887104 1.3866
2 30888688 0.3087
2 30891317 2
2 30894110 1.3271
2 30917306 2
2 30919986 2
2 30936009 2.5812
2 30948544 0.8084
2 30964284 5e-04
2 30965512 0.8263
2 30966535 0.9096
2 30978579 1.9362
2 30987403 0.397913928315066
2 30988775 1.0282
2 31010472 2
2 31013625 1.0987
2 31014050 2
2 31021769 2
2 31037052 0.3129
2 31046561 0.357656491383361
2 31048423 0.691160573228947
2 31051532 0.847752519414903
2 31095709 2
2 31100044 2
2 31138533 2
2 31140107 2
2 31158628 1.9106
2 31168495 1.4315
2 31173193 1.6243
2 31188692 0.321939990264505
2 31190703 0.744079853963782
2 31195163 1.1804
2 31202794 1.1804
2 31210242 1.563787470707
2 31211740 0.0970510502407251
2 31214079 2
2 31217463 0.403314970204629
2 31218464 1.8042
2 31218530 1.3346
2 31241519 0.7329
2 31241963 0.65673520145024
2 31242996 0.4558
2 31252557 0.3657
2 31265391 2
2 31267850 0.0353791414709572
2 31284810 0.195707635065736
2 31288884 2
2 31292864 0.59931024887727
2 31314952 0.147881650856914
2 31318060 2
2 31323521 2
2 31328454 2
2 31338869 0.0276
2 31340931 0.0276
2 31342494 0.589488797097973
2 31344181 0.0276
2 31350480 0.1555
2 31361973 0.1774
2 31375957 0.733470455512174
2 31424279 0.155920165820375
2 31427870 0.617495351341651
2 31429485 2
2 31436734 0.307868969043286
2 31437535 0.65471179781247
2 31442841 0.154
2 31443931 0.775870929468845
2 31452445 0.154
2 31453386 2
2 31488702 2
2 31498130 2
2 31498297 2
2 31501604 2
2 31516496 0.1469
2 31518300 0.339362534716522
2 31586199 0.1988
2 31590208 0.130214899206844
2 31590327 2
2 31594361 2
2 31608492 2
2 31611007 0.2227
2 31634645 1.5013
2 31642978 0.1612
2 31669352 0.00405249682005412
2 31684708 2
2 31690643 2
2 31731633 0
2 31731923 1.2983
2 31772661 0.0107
2 31810956 0.0162
2 31819413 2
2 31826795 2
2 31833629 1.31046480969882
2 31857028 2
2 31865910 2
2 31878812 0.23178289889235
2 31880971 0.7519
2 31911305 2
2 31943054 2
2 31943939 2
2 31959864 0.22125272301138
2 31966720 2
2 31967124 2
2 31969392 1.49809916530575
2 31971941 2
2 31988841 2
2 32012650 1.4544
2 32039216 0.376502702463681
2 32046641 2
2 32064971 0.7303
2 32110912 2
2 32111316 0.578056912089706
2 32125358 2
2 32150721 0.0078
2 32173622 0.214788649430101
2 32173984 0.1976
2 32175566 0.7744
2 32190908 2
2 32207989 0.1702
2 32208678 2
2 32209800 2
2 32215867 2
2 32224810 2
2 32232468 2
2 32235817 2
2 32283721 2
2 32291309 2
2 32293488 1.255
2 32329763 2
2 32359518 1.8769
2 32412497 1.7379
2 32489353 0
2 32504079 1.9653
2 32509054 0
2 32510976 0.9409
2 32524826 0
2 32534576 2
2 32545440 2.7847
2 32559895 0
2 32580249 1.1983
2 32623591 2
2 32634838 2
2 32638878 0.0444
2 32647178 0.646337465385336
2 32658130 2
2 32677018 1.43325665946959
2 32686424 1.32190959951099
2 32698482 0.0898
2 32698905 2
2 32707356 1.10563128938421
2 32723689 0.5941
2 32727402 0.0846788713524075
2 32729533 0.0898
2 32731442 1.1037
2 32735024 0.829571869453315
2 32743054 1.1337
2 32743173 2.6852072431915
2 32743312 1.62191769523477
2 32752637 2
2 32753725 2.1546
2 32754605 1.59170286743002
2 32759665 1.49008644379304
2 32761710 0.9967
2 32774081 0.540560316784004
2 32777126 2
2 32781425 0.477411119313512
2 32788373 2.30704549152408
2 32788689 0.7179
2 32789832 0.114635942862826
2 32798722 0.683795432447942
2 32799874 2
2 32856359 2
2 32858751 0.413296718930514
2 32881183 0.5177
2 32883398 2
2 32919329 1.01881285699808
2 32920136 0.337938212119255
2 32939844 0
2 32949005 0.0608
2 32968318 0.0481
2 32973413 0.16455082492889
2 32982803 0.389827946065437
2 32988941 0.814896688665549
2 33062226 5e-04
2 33064510 1.11091926460485
2 33076912 0.089
2 33079004 2
2 33081133 0.089
2 33086730 2
2 33097010 0.5136
2 33099716 0.128719574912418
2 33101317 0.0564
2 33135118 0.4107851072213
2 33170055 2
2 33170746 2
2 33175468 2
2 33175825 2
2 33175895 2
2 33177935 2
2 33180795 2
2 33187468 2
2 33222912 2
2 33231263 2
2 33261569 0.490330003264709
2 33323285 0.148
2 33329063 0.34801259145661
2 33343251 2
2 33353858 0.132181139909349
2 33359494 0.8799
2 33362585 0.8799
2 33369346 1.24
2 33394371 2
2 33406669 0.599389359175493
2 33412129 2.2265
2 33418673 0.8889
2 33420583 2
2 33423607 2
2 33426436 2
2 33432306 2
2 33437977 0
2 33456412 0.0866
2 33458663 2
2 33464112 1.30384106761182
2 33466649 1.57222939345083
2 33498117 2
2 33501543 2
2 33518114 0.2232
2 33537332 6e-04
2 33564644 2
2 33567046 1.5463
2 33576389 0.5356
2 33582793 0.3584
2 33594561 1.32601285800648
2 33594614 0.9731
2 33596617 0.9731
2 33605562 0.3039
2 33625063 2.19492452816904
2 33626436 0.8089
2 33653960 0.3398
2 33657078 0.8545
2 33661861 0.5548
2 33664465 0.5251
2 33673967 0.3018
2 33699237 0.2019
2 33706678 1.3002
2 33711136 0.026
2 33711634 0.2096
2 33715404 2
2 33716284 2
2 33718195 1.0433
2 33722403 2
2 33737551 2.1558
2 33742892 0.3306
2 33743908 0.3306
2 33744471 0.3306
2 33745193 0.3306
2 33745393 0.3306
2 33745889 0.3211
2 33747077 0.3211
2 33750514 1.2694
2 33752288 0.0261
2 33753784 2
2 33756137 1.0757
2 33764495 2
2 33768002 2
2 33769425 2
2 33775623 2.13353042004238
2 33775996 0.611816322770551
2 33776840 0.689924466308148
2 33782026 0.67062879281065
2 33792363 1.1414
2 33793837 0.447543420814678
2 33794480 2
2 33794513 2
2 33795766 2
2 33800154 0.832752063988001
2 33805527 2
2 33808939 1.1941
2 33813753 1.17849599949668
2 33813961 0.335405006283375
2 33814984 0
2 33816569 0.526103981455681
2 33823336 0.798416086694329
2 33830433 2
2 33830483 2
2 33840746 2
2 33841650 2
2 33850796 2
2 33869705 2.5979
2 33873889 2
2 33878479 0.3071
2 33892431 2
2 33899388 2.5382
2 33899714 0.289404086998813
2 33901404 0.423819222185162
2 33901656 2
2 33903740 2
2 33905376 2
2 33914529 0.396421118389223
2 33917195 1.28334168297072
2 33919000 0.986280187774978
2 33919483 1.54492116738567
2 33920628 1.97530191505146
2 33921790 1.15852427133756
2 33922129 1.04627960300378
2 33923138 0.165688787369035
2 33926194 0.23888642304744
2 33930043 0.4253
2 33935444 1.6964
2 33938014 2
2 33938347 2
2 33939119 2
2 33942951 2
2 33944149 2
2 33947731 2
2 33948379 0.6621
2 33950246 2
2 33950825 0.6621
2 33952062 2
2 33953687 2
2 33954496 2
2 33954694 2
2 33954906 0.52138929378792
2 33964375 1.6347
2 33964762 0.530675364134643
2 33972393 0.2137
2 33975626 0.344101147263065
2 33988983 0.982791675661009
2 33989877 2
2 33993938 1.095
2 33995906 0.471750616082596
2 34002898 0.2516
2 34012165 2
2 34032794 2
2 34034097 1.10739556695869
2 34038378 0.191122377398394
2 34042112 1.92087642634457
2 34043073 0
2 34045854 0.576577289148719
2 34050367 0.774
2 34052855 2
2 34058103 0.6609
2 34061154 0.3617
2 34066599 0.2432
2 34068038 0.3617
2 34075234 0.2577
2 34077960 1.3963
2 34079722 1.3963
2 34080291 0.2432
2 34101578 0.241478517683234
2 34108438 0.867509002504692
2 34139166 1.96872874404891
2 34146435 2
2 34150957 2
2 34156300 0.0845088459571841
2 34165543 0.19119999033844
2 34169179 2
2 34192017 1.4361
2 34198423 2
2 34201908 1.4429
2 34228655 1.33420818796099
2 34234677 2
2 34235474 0.0546963060429986
2 34245346 2
2 34247847 2
2 34250753 0.115224355988082
2 34253923 6e-04
2 34261989 2
2 34264989 1.11213982098003
2 34272656 1.5377
2 34289574 0.0162
2 34298202 2
2 34300525 2
2 34307263 2
2 34320590 1.565
2 34321448 0.969972257790658
2 34321726 0.531040588967465
2 34324138 0.142957999246214
2 34325618 0.289
2 34326499 0.235568564913618
2 34332751 0.338166656567899
2 34342129 0.71852231113277
2 34344004 0.372654489409549
2 34344192 0.289
2 34350227 0.3109
2 34352340 1.5977
2 34355544 1.29467399840615
2 34361121 1.15187174869771
2 34361913 0.0639
2 34362827 0.3394
2 34364119 0.61075350662495
2 34368928 1.55437977346147
2 34382259 1.27233944192839
2 34382973 0.511699491936509
2 34389069 0.776310022948535
2 34403782 2
2 34410609 0.230527642718012
2 34417589 0.686784441341475
2 34417719 2.2777
2 34418196 0.938480359593051
2 34419307 0.8054
2 34420611 0.8208
2 34421525 0.848280544037461
2 34422866 0.687100442034501
2 34422915 1.616
2 34427297 0.3962
2 34432509 2.51196623768174
2 34440537 1.27673352988638
2 34442682 0.252955865135933
2 34456947 0.172461813389187
2 34460565 1.95005916776006
2 34461069 0.549592103803351
2 34466016 1.03093927425819
2 34471803 0.2142
2 34472327 0.1831
2 34476904 0.1831
2 34479112 2
2 34500355 0.1756
2 34507855 0.1907
2 34508753 1.6446
2 34509492 0.1756
2 34520107 0.4777
2 34535506 1.16908518893277
2 34543838 1.13641624894174
2 34589007 0.909231817401495
2 34589831 0.9501
2 34632281 0
2 34654226 2
2 34654860 0.0053
2 34665658 0.7105
2 34679050 2
2 34692161 5e-04
2 34698688 2
2 34703271 2
2 34704428 2
2 34705674 2
2 34709694 2
2 34710653 2
2 34716929 2
2 34728538 2
2 34728923 2
2 34729627 2
2 34734354 0.0415730124360001
2 34735855 0.482707745897205
2 34774513 2
2 34776985 1.0464
2 34785602 1.0853
2 34785857 1.863
2 34789885 1.127
2 34791804 0.471037551714597
2 34793968 0.308655343430675
2 34794620 1.28480968833654
2 34797552 1.127
2 34803694 2
2 34803901 1.6157277679526
2 34810622 0.104132160011064
2 34813898 5e-04
2 34816300 2.743
2 34840095 1.0464
2 34844057 1.0464
2 34850778 0.474490243011489
2 34851966 1.1957
2 34855661 0.240039498362695
2 34859786 3.1248
2 34872264 2
2 34877218 2
2 34878975 2
2 34883926 5e-04
2 34884314 2
2 34889231 2
2 34921706 0.0804
2 34935905 2.8948
2 34953429 1.9514
2 34972515 2
2 34973735 0.0673814190670217
2 34979293 2
2 34992257 2
2 34993430 2
2 34993805 2
2 34995265 2
2 35000629 0.148827516310988
2 35007682 1.3929
2 35036804 2
2 35039435 1.031
2 35045042 2
2 35070171 0.9333
2 35080045 0.2228
2 35080619 0.2228
2 35082808 0.9333
2 35085676 2
2 35095524 2
2 35103382 0.828
2 35120510 0.7997
2 35154689 1.7379
2 35166985 0.39960422433709
2 35168690 0.8532
2 35214090 0.556423138132896
2 35223251 1.21301165737108
2 35223962 1.2056
2 35224758 0.777161920021503
2 35234059 1.33238447019318
2 35242845 1.2505
2 35249221 0.768473235713289
2 35249454 0.0478179496505132
2 35251209 0.589364812829953
2 35284197 2
2 35285913 0.5472
2 35295108 2
2 35336823 0.549736970973296
2 35345243 2
2 35346028 0.340074321459337
2 35353966 2
2 35358386 2
2 35358742 0.5612
2 35363887 0.584580078431403
2 35365343 0.0606946125534636
2 35381688 2
2 35384194 2
2 35386647 2
2 35398683 2
2 35413894 0
2 35429110 2
2 35437009 0.6602654202232
2 35437423 0.21300179231374
2 35438130 1.21592958199495
2 35438138 0.746382227071001
2 35438220 2
2 35438259 1.6149
2 35450271 2
2 35460263 2
2 35468653 2
2 35476740 2
2 35505304 2
2 35505650 2
2 35512882 2
2 35514369 2
2 35515310 2
2 35539821 0.8264
2 35561751 2
2 35567974 2
2 35573524 2.8716
2 35576156 0.68195159748116
2 35579675 2
2 35582226 0.876488445709684
2 35591808 2
2 35611443 2
2 35626157 2
2 35628046 1.3412
2 35633661 2
2 35634697 0.507376443987582
2 35648150 2
2 35648704 2
2 35655970 0.151506178705153
2 35658805 2
2 35658879 2
2 35659390 2
2 35665767 1.27252044664592
2 35668520 0.352884937841992
2 35673707 2
2 35674160 2
2 35684618 2.44988627585903
2 35687257 1.0171717481111
2 35689963 2
2 35695046 2
2 35707968 2
2 35710228 0.4724
2 35716596 0.1487
2 35719190 0.1487
2 35722795 2
2 35732284 2
2 35733672 2
2 35735877 0.4876
2 35737172 0.5793
2 35737330 2
2 35742007 2
2 35753247 0.8348
2 35761877 1.60270252669427
2 35765370 0.131375135503494
2 35769359 0.361793689402642
2 35771788 1.46444356849641
2 35773495 2
2 35779704 2
2 35781726 2
2 35786757 0.123285827142566
2 35787375 2
2 35798494 2
2 35803955 0.481640928168506
2 35804253 0.106945965645761
2 35805142 2
2 35805861 2
2 35829507 2
2 35834963 1.48688423443425
2 35842641 1.06277153724683
2 35846139 6e-04
2 35846257 2
2 35849240 1.00121878964598
2 35849469 2
2 35852218 2
2 35852710 1.63379175761774
2 35858367 2
2 35860541 2
2 35861870 2
2 35866823 0.66033935209794
2 35885437 2
2 35911151 0.1253
2 35917947 1.6239
2 35925558 0.0832
2 35955126 2
2 35957019 2
2 35958762 2
2 35959554 2
2 35963075 0.7207
2 35964970 0.7223
2 35967613 0.7223
2 35978671 0.800111231027556
2 36004368 2
2 36006052 2
2 36008550 2
2 36024317 1.226
2 36028197 1.226
2 36031857 2
2 36033260 3.2821
2 36033386 2
2 36041658 2
2 36055741 0.1925
2 36057102 0.2372
2 36058851 1.8430242603865
2 36065458 1.0237
2 36081699 2
2 36107457 1.9668
2 36120803 2
2 36135693 1.2856
2 36146778 1.8626
2 36147963 0.173259440120754
2 36164712 1.8626
2 36172175 2
2 36173042 0.7105
2 36182993 2
2 36184940 2
2 36212915 0.1537
2 36216031 0.1395
2 36216043 0.1609
2 36231863 1.01204256647195
2 36244236 2
2 36249133 2
2 36254846 2
2 36255280 2
2 36259633 2
2 36262120 2
2 36262677 2
2 36265548 2
2 36268689 2
2 36271990 0.00181208954643181
2 36273614 0.348970505586714
2 36274218 2
2 36279974 2
2 36293387 2
2 36307626 0.908160412884862
2 36312326 2
2 36317952 5e-04
2 36322119 1.06601265624123
2 36336518 0.2418
2 36341848 1.25888156663543
2 36342644 2
2 36358128 0.7259
2 36360604 1.13501487205893
2 36369942 2
2 36379542 2
2 36388052 2
2 36405032 2
2 36430162 2
2 36437755 2
2 36451885 2
2 36478604 2
2 36495483 2
2 36500224 2
2 36504242 1.63210823409515
2 36507881 1.31754006388367
2 36529145 0.0659044005518768
2 36540114 2
2 36553995 0.706953864706105
2 36554565 0.69151937939286
2 36588884 0.0776
2 36601664 2
2 36601767 2
2 36606718 2
2 36609001 2
2 36622665 2
2 36639020 2
2 36644599 2
2 36658452 0.3176
2 36659487 0.3082
2 36667323 0
2 36670744 0.365999794438471
2 36672914 2
2 36674995 0.3747
2 36683949 2
2 36700714 0.0617
2 36700865 0.0617
2 36700887 0.0621
2 36701716 2
2 36701786 0.0617
2 36701902 0.0617
2 36709145 2.0202
2 36719290 0.333781105614516
2 36723951 2.2498
2 36728800 1e-04
2 36730031 2
2 36742193 1.03390076709631
2 36742354 0.98101242001169
2 36753211 2
2 36761891 2
2 36765870 2
2 36771218 2
2 36776813 2
2 36776968 2.2163
2 36790383 2.36698178359578
2 36795365 0.344120890893322
2 36797971 0.0252
2 36812630 0.0482
2 36817943 0.0252
2 36820763 2
2 36842742 0.022
2 36845123 0.022
2 36862167 0
2 36863969 0.0162
2 36872792 1.6617
2 36887832 0.022
2 36896153 1.5532
2 36937342 8e-04
2 36972584 2
2 36974644 1e-04
2 36988464 1.0627
2 36993216 2
2 36993828 2
2 36996577 2
2 36999969 1.1422
2 37002883 1.1422
2 37004871 2
2 37006395 2
2 37044181 1.2337
2 37049508 2
2 37053428 2
2 37059227 1.5842
2 37080103 0.1508
2 37096284 1.082
2 37127400 2.9779
2 37138655 1.6047
2 37157240 2
2 37160343 2
2 37161746 2
2 37179119 2
2 37179141 2
2 37179144 2
2 37180715 2
2 37181826 2.32692666884132
2 37182607 2
2 37184827 1.09951474190524
2 37194851 5e-04
2 37215189 2
2 37226486 2
2 37239703 2
2 37241305 0.109598946356804
2 37245686 0.0263
2 37257583 0.4335
2 37266844 1.40027381178798
2 37287198 2.10323703710622
2 37287256 2
2 37288972 0.379342118634212
2 37301020 0.506081309949041
2 37301335 1.25927850225205
2 37304965 2
2 37312708 0.604540213291259
2 37316401 0.554098977262953
2 37320714 0.47148443105801
2 37321309 0.22649663924842
2 37322129 0.888398441820864
2 37336634 0.345503715967673
2 37339233 2
2 37347147 1e-04
2 37347192 0.5549
2 37359538 2
2 37368382 2
2 37368553 2
2 37379037 1.6414
2 37383903 0.0647497335765324
2 37394693 0.8112
2 37403826 1.6518
2 37429588 0.548413067268726
2 37439943 1.6624
2 37441454 0.72051674651801
2 37443783 0.436861142727826
2 37446497 0.601685248375788
2 37451591 2
2 37452198 0.9502
2 37459577 0.0228
2 37483735 1.21078533907119
2 37498569 0.1559
2 37516236 1.5368
2 37518758 0.355173431027717
2 37521085 1.15162742355727
2 37531602 0.2545
2 37534068 0.3066
2 37537440 0.0739
2 37537880 2
2 37545396 2
2 37558426 2
2 37579401 2
2 37591093 0.961120945588174
2 37608800 2
2 37634047 0.538216994579653
2 37661395 0.603
2 37662840 0.1427
2 37667637 0.3454
2 37672167 0.3472
2 37672705 0.4201
2 37674667 1.945
2 37677761 0.5399
2 37684217 1.3538
2 37688198 1.3998
2 37690630 0.9564
2 37692303 1.38749383667551
2 37692665 1.693
2 37696281 2
2 37705815 2
2 37709113 1.16160000671877
2 37714253 2
2 37731724 2
2 37756178 0.333596710730013
2 37761059 0.364203325813901
2 37778536 1.3138
2 37803621 0.124845188343713
2 37804057 0.411825044716018
2 37804913 0.265963998948406
2 37808934 0.267878153597874
2 37810060 2.00681583853705
2 37813255 2.46120886037244
2 37817687 0.500515806877121
2 37825861 0.222269229115825
2 37828000 0.0492
2 37829287 2
2 37836737 0.089
2 37836872 2
2 37840528 0.5725
2 37842697 2
2 37843634 0.0953
2 37845802 0.0953
2 37850065 2
2 37852249 2
2 37864029 0.0953
2 37864387 2
2 37873484 0.0842
2 37879515 0.0842
2 37887220 0.1918
2 37887249 0.8527
2 37887422 0.1918
2 37893858 0.2803
2 37894337 0.8527
2 37913745 0.8394
2 37915328 0.8394
2 37921874 0.8394
2 37961273 0.5029
2 37963165 2
2 37967566 1.5835
2 37967971 0.5029
2 37973151 0.5029
2 37987874 2
2 38008156 2
2 38029811 0.519630772278766
2 38030037 0.87543296427061
2 38033726 0.8371
2 38045590 0.6441
2 38049852 0.965
2 38072372 0.6513
2 38085381 0.2714
2 38086490 0.217889973070065
2 38095786 2
2 38099266 0.675730661542213
2 38099608 0.83441937033477
2 38125032 2
2 38150449 2
2 38160085 2
2 38160182 2
2 38162151 2
2 38166618 2
2 38173165 2
2 38175034 1.0296986040999
2 38175429 2
2 38180824 1.23976859464057
2 38188216 2
2 38189389 1.96157019716341
2 38221118 2
2 38237925 0.91900156563295
2 38242766 0.6583
2 38243620 2
2 38245491 2
2 38253229 2
2 38253984 2
2 38264868 1.44379512287489
2 38267559 0.299141720503408
2 38271043 0.4647
2 38276399 2
2 38284921 0.4869
2 38306286 0.5156
2 38319776 0.0386
2 38320100 0.5156
2 38337902 0.8312
2 38340181 1e-04
2 38340185 5e-04
2 38355083 0.0264
2 38369438 0.8545
2 38370406 1.6284
2 38378251 0.1445
2 38378869 0.5402
2 38379077 0.1445
2 38381235 0.5402
2 38385811 0.565
2 38396147 0.1473
2 38396392 0.1473
2 38429739 0.0978094702542641
2 38433178 0.0053
2 38448396 2
2 38452267 2
2 38459211 2
2 38479708 5e-04
2 38482877 0.6436
2 38492469 0.359182102734499
2 38496188 2
2 38497253 0.00938932100879247
2 38503436 0.919666246270634
2 38510587 0.161591431713597
2 38513938 1.17127528107477
2 38515087 0.3496
2 38515630 0.3403
2 38518680 0.61633683403405
2 38522396 0.324722362727926
2 38554447 0.9085
2 38579187 1.1391
2 38592764 1.2754
2 38617040 1.1
2 38625953 2
2 38626882 1.1391
2 38632920 2.8037
2 38653964 1.2754
2 38654338 0.9362
2 38657109 1.0067
2 38660822 2
2 38674003 0.8779
2 38708094 1.4782
2 38736069 0.0398
2 38779662 0
2 38785227 5e-04
2 38819595 1.1307
2 38835669 2
2 38853224 5e-04
2 38856670 2
2 38860320 2
2 38864022 2
2 38866083 2
2 38875912 2
2 38877288 2
2 38903417 2
2 38914664 2
2 38925393 0.0053
2 38935149 2
2 38937208 1.7256
2 38954880 0.0386
2 38997606 0.3833
2 39008189 0.0444
2 39012431 0.0499
2 39023532 0.0499
2 39024234 0.0444
2 39054589 0.0502
2 39061345 0.0502
2 39065457 0.0386
2 39078513 0.0444
2 39089160 0.0444
2 39089530 0.5503
2 39091980 0.0444
2 39099694 0.0444
2 39106602 0.0502
2 39174225 2
2 39185258 5e-04
2 39185265 6e-04
2 39188683 0.0561
2 39188684 0.0561
2 39192538 5e-04
2 39210331 0.0386
2 39214654 0.1028
2 39221013 0.4303
2 39240407 0.0742
2 39260392 0.0441
2 39268192 0.0863
2 39277513 2
2 39291371 0.0558
2 39313873 2
2 39333782 0.1028
2 39364655 2.1546
2 39480783 1e-04
2 39513553 2
2 39521395 2
2 39524434 2
2 39550968 2
2 39551222 2
2 39573076 2
2 39587044 0.0439290862460681
2 39615950 2.68
2 39628016 2
2 39637197 2
2 39673186 2
2 39680541 2
2 39739397 2
2 39747302 2
2 39749124 2
2 39755034 0.4104
2 39763803 2.6524
2 39783594 2
2 39811227 2
2 39818092 2.1804
2 39825179 2
2 39835873 2
2 39842231 2.784
2 39842619 2
2 39844545 0.1028
2 39853050 2.6261
2 39854914 2
2 39861851 2
2 39904564 0.4198
2 39906625 1.7938
2 39951144 0.1987
2 39966208 0.2066
2 39976567 0
2 39990526 0.046
2 39995059 1.6286
2 40008630 0.0078
2 40009739 0.0078
2 40011667 0.0078
2 40023430 0.0053
2 40037400 0.4118
2 40055062 2
2 40057287 2
2 40058099 0.67359283220075
2 40065904 2
2 40068658 1.87646246609902
2 40075820 2
2 40077970 2
2 40084892 1.6392
2 40095231 1.05172530547568
2 40097751 2
2 40100752 2
2 40114520 0.976226188181882
2 40117580 1.82480877826961
2 40122201 1.53428951302613
2 40124650 0.71226366764212
2 40129405 5e-04
2 40174627 2.76751972544716
2 40177699 0.0471440278119923
2 40183129 2
2 40184026 1.56297506064043
2 40188167 1.3137
2 40192530 2
2 40193767 1.2337
2 40195739 0.9393
2 40197240 0.849461163635142
2 40248854 1.2393
2 40254407 5e-04
2 40256364 1.2622
2 40257393 1.4792
2 40257934 1.2173
2 40265166 1.1195
2 40273853 0.842
2 40274211 0.8182
2 40275855 1.0163
2 40284735 2
2 40284883 2
2 40296274 2
2 40299988 2
2 40301066 0.765000521987017
2 40306773 2
2 40308645 2
2 40313533 2
2 40333490 2
2 40342606 2
2 40343746 2
2 40350574 2
2 40358134 2
2 40360039 0.826
2 40383648 0.826
2 40387218 0.597682114178573
2 40387990 2
2 40400597 1.04088856131126
2 40409100 2
2 40412866 2
2 40417278 2
2 40441892 0.1639
2 40469474 2
2 40478240 2
2 40492666 1.17416800548399
2 40520303 2
2 40539997 0.6413
2 40540786 0.1028
2 40550884 2
2 40553146 1.77
2 40564548 2
2 40566896 2
2 40569222 2
2 40590860 2
2 40609834 0.0405
2 40612788 0.7204
2 40614175 1.5792
2 40626508 0.748276148064728
2 40632542 2
2 40633279 2
2 40634767 2
2 40635883 2
2 40647847 2
2 40652346 2
2 40657507 2
2 40666936 2
2 40680775 0.0292
2 40684366 2
2 40689513 0.0292
2 40692331 0.0292
2 40696361 2
2 40703690 2
2 40708254 2
2 40709961 2.872
2 40717076 2
2 40727666 2
2 40729078 0.0292
2 40730266 0.7204
2 40731559 2
2 40736775 2
2 40751060 5e-04
2 40754681 2
2 40773917 2
2 40775901 0.0292
2 40781180 2
2 40791395 0.0078
2 40792581 2
2 40794919 0.0609
2 40795621 0.0263
2 40799509 0.055
2 40815348 2
2 40817738 2
2 40818394 2
2 40822766 0.2152
2 40829650 2
2 40831723 2
2 40834090 2
2 40840846 2
2 40847994 2
2 40851106 2
2 40855319 2
2 40856081 0.609238191424181
2 40860963 2
2 40861860 2
2 40876367 0.836284611462851
2 40890321 2
2 40894297 0
2 40905908 2
2 40918212 2
2 40922956 2
2 40928023 0.67311266602701
2 40932669 5e-04
2 40933317 2
2 40937422 2
2 40941019 2
2 40947441 2
2 40956335 1.6243
2 40970268 2
2 40976456 2
2 40977314 1.75326938546644
2 40983988 0.752092635314237
2 40985620 1.22889294602292
2 40989741 2
2 40993007 1.20456443231669
2 40995110 2
2 41006199 1.53190638950878
2 41010779 0.252305883589006
2 41035699 0.462
2 41046502 0.5872
2 41059856 0.6301
2 41085961 2
2 41090573 2
2 41103420 2
2 41114650 2
2 41123842 2
2 41124830 2
2 41127425 2
2 41128725 2
2 41130069 2
2 41137139 2
2 41152764 2
2 41157991 2
2 41164160 2
2 41164926 2
2 41170490 2
2 41183683 2
2 41187989 2
2 41192915 1.3352
2 41196061 2
2 41225201 2
2 41238895 2
2 41239702 2
2 41247248 2
2 41251323 2
2 41270691 2
2 41275301 2
2 41281159 2
2 41299547 0.5405
2 41315488 0.416182420931678
2 41328725 1.26070116935393
2 41339921 1.2605077877745
2 41382399 2
2 41389013 2
2 41389816 2
2 41391865 2
2 41396049 2
2 41406115 2
2 41407611 2
2 41409614 2
2 41411054 2
2 41420254 2
2 41423414 2
2 41430303 2
2 41441403 2
2 41444976 2
2 41447929 2
2 41458164 2
2 41482419 2
2 41499079 2
2 41502987 2
2 41521460 2
2 41522824 2
2 41531746 2
2 41532211 2
2 41535490 2
2 41560213 0.3281
2 41564408 2
2 41580335 2
2 41601127 2
2 41601982 2
2 41603240 2.8723
2 41603766 2
2 41617121 2
2 41625009 2
2 41627272 2
2 41628947 2
2 41641319 2
2 41646113 0.9371
2 41665031 2
2 41682625 2
2 41690373 2
2 41695309 2
2 41698073 0.9067
2 41698296 0.9067
2 41699764 0.9371
2 41708827 2
2 41709688 2
2 41709896 2
2 41710847 2
2 41713957 2
2 41726559 2
2 41727023 2
2 41727153 2
2 41727704 0.5379
2 41728173 2
2 41729771 2
2 41729796 0.4273
2 41730149 2
2 41735826 2
2 41740030 2
2 41740624 2
2 41751278 2
2 41751380 2
2 41751664 2.1191
2 41759412 2
2 41790433 2
2 41792949 2
2 41797695 2
2 41803393 2
2 41816680 2
2 41818909 2
2 41819275 2
2 41831060 2
2 41835390 2
2 41852271 2
2 41853386 2
2 41866308 2
2 41867082 1.88064054772909
2 41872146 0.479288797178656
2 41872611 0.569015494326083
2 41875220 0.601126996646131
2 41875759 0.641602532290716
2 41882560 2
2 41882920 2
2 41884593 2
2 41884757 0.0670335043748676
2 41889218 0.735862938577441
2 41890361 0.398944084981114
2 41891283 0.187801907000008
2 41894045 0.0331774715599595
2 41898962 2
2 41902633 2
2 41905909 0.7278
2 41906685 2
2 41906736 5e-04
2 41907960 2
2 41913949 2
2 41916501 0.0078
2 41916796 0.441388097030039
2 41916997 2
2 41928275 2
2 41931157 0.66032198485791
2 41935332 0.290389135791095
2 41940043 0.202480669880311
2 41955134 0.756445389880432
2 41959053 0.635753476349646
2 41961501 0.365694986244386
2 41968661 0.0163390726117638
2 41969099 0.862978862453057
2 41970842 0.6863
2 41983247 5e-04
2 41991819 2.05139481343384
2 41995491 2
2 41996908 0.464
2 42009484 2
2 42009650 0.6178
2 42017355 2
2 42018205 2
2 42034460 2
2 42038148 2
2 42052209 0.3853
2 42057744 2
2 42080481 2
2 42083182 2
2 42083365 2
2 42087900 2
2 42093513 2
2 42102189 2
2 42109241 2
2 42109604 2
2 42115839 0.00885679174341968
2 42118947 0.586650354378296
2 42137671 0.3166
2 42138872 0.3166
2 42151701 5e-04
2 42153038 2
2 42155999 2
2 42160230 2
2 42168854 2
2 42179930 2
2 42194185 2.2967
2 42200042 0.8458
2 42200288 2
2 42211468 2
2 42235740 0.9272
2 42254617 0.0897
2 42267214 2
2 42274813 2
2 42284487 2
2 42286442 1.3545
2 42304731 2
2 42326070 2
2 42327130 2
2 42341547 0.9844
2 42361716 1.0035
2 42373797 2
2 42377147 0.550505372894389
2 42396371 0.323587637801206
2 42406826 0.531928489121057
2 42410523 1.39303240746745
2 42447299 0.187793062882365
2 42447601 0.0773
2 42451118 0.0773
2 42452415 1.1913
2 42461657 0.0773
2 42471188 1.169
2 42472775 1.1804
2 42472906 0.56639926120487
2 42476487 2
2 42476500 4e-04
2 42476848 1.1645
2 42484459 0.266547466902898
2 42499746 0.1466
2 42511790 0.610140562236329
2 42512076 2.04
2 42514774 0.1466
2 42514791 2
2 42523679 2.6704
2 42530184 2
2 42536541 2
2 42538569 2.0242
2 42545862 2
2 42548810 1e-04
2 42549269 2.3668
2 42580838 0.1919
2 42581890 2
2 42602969 2
2 42607283 2
2 42614840 2
2 42617759 2.2286
2 42631784 2
2 42677427 2
2 42684895 2
2 42703872 2
2 42713623 2
2 42720155 2
2 42724636 0.260336520178203
2 42734417 0.0290242864607784
2 42747428 2
2 42750593 1.4132470495272
2 42764706 2
2 42779089 0.533833419162654
2 42792224 0.1466
2 42794196 2
2 42796489 2.6826
2 42798916 2
2 42819122 0.708973465860155
2 42823605 2
2 42826031 2
2 42833991 0.0078
2 42840852 1.14533709725197
2 42842296 2
2 42849086 2
2 42849481 2
2 42851220 2
2 42852704 0.1537
2 42869990 1.5511
2 42870788 0.1466
2 42872126 2
2 42885748 0.0729910763515069
2 42894144 0.1395
2 42894634 1.3292
2 42894713 0.741
2 42895048 0.644552174909788
2 42895626 0.1395
2 42897898 0.0382051720188572
2 42905144 2
2 42915859 2
2 42916237 2
2 42923075 2
2 42923760 0.291816697516068
2 42930307 2
2 42930802 0.491
2 42942149 0.3247
2 42955844 2
2 42958717 0.498
2 42959957 0.6289
2 42961980 2
2 42965150 1.5747
2 42966707 1.585
2 42969391 2
2 42969786 2
2 42975024 0.743092906154833
2 42982316 2
2 43002815 1.7421956861126
2 43008397 1.24462002259456
2 43011737 0.534687045036451
2 43012591 0.4769
2 43016778 2
2 43022115 2
2 43051924 2
2 43055737 2
2 43063200 0.0252
2 43064127 2
2 43071040 2
2 43073395 0.863205709895507
2 43091570 2
2 43094262 0.229816055389147
2 43096362 2
2 43096680 2
2 43096784 2
2 43116519 0.795213511313784
2 43116790 0.643279057498024
2 43117076 0.408388819236879
2 43120320 2
2 43122541 0.659563763299845
2 43134421 1.2103
2 43138186 1.3245
2 43140661 1.3188
2 43141847 2
2 43141962 2
2 43144941 2
2 43150620 2.25275457207029
2 43152903 2
2 43158352 2
2 43184681 1.29650728176287
2 43198604 1.44182784388598
2 43199905 2
2 43248209 0.3310954747277
2 43283276 2.7865
2 43310572 2
2 43314459 2
2 43329050 3.1244
2 43334676 2
2 43360312 2
2 43365187 0
2 43384371 0.769819750704063
2 43386851 0.256710086552724
2 43402473 1.21475024893353
2 43415898 0.4867
2 43421037 2
2 43450370 0.00199428578147887
2 43455524 2.4105
2 43491837 1.7111
2 43494369 2
2 43513628 0.164229522073009
2 43515352 0.567434502717641
2 43547764 2
2 43549450 2
2 43566824 2
2 43569339 2
2 43581576 0.183036766372679
2 43585521 2
2 43594047 2
2 43607056 2.4974
2 43630980 0.2911
2 43633475 0.137644340170418
2 43634140 3.5896
2 43634919 0.2788
2 43641501 2
2 43647848 2
2 43648745 1.503035417087
2 43651063 1.82319427457225
2 43652713 0.9604
2 43653041 0.9638
2 43657045 0.3785
2 43657443 0.403580237633475
2 43658347 1.9128
2 43659959 0.933
2 43676344 0.0157
2 43676999 0.0157
2 43677776 0.0157
2 43678038 0.572419240408482
2 43685596 2
2 43686611 1.1387
2 43692815 0.0078
2 43709223 2.16803037198296
2 43711419 0.489229535134833
2 43714392 0.297882535940904
2 43720179 2
2 43723200 0.845087797710848
2 43725957 2
2 43734613 0.9138
2 43775015 2
2 43823548 2
2 43827298 2
2 43828973 2
2 43861028 2
2 43864927 0.762799214283175
2 43874291 2
2 43900386 0.248923098932708
2 43907955 2
2 43916765 0.381306473936979
2 43917577 1.85710373039685
2 43924214 2
2 43925041 2
2 43945305 2
2 43950315 2
2 43952208 2
2 43952597 2
2 43968133 2
2 43971987 1.1754
2 43981994 0.795200752132206
2 43982338 2
2 43983785 2
2 43987960 1.19487430067412
2 43990112 1.1754
2 43990240 0.856911985206554
2 43994564 2
2 43995255 2
2 44004503 2
2 44004913 1.15844655372894
2 44005565 2
2 44005760 2
2 44011180 2.21847214437402
2 44014008 2
2 44024756 1.02452852501451
2 44035220 2
2 44047590 0.387
2 44051277 2
2 44061704 0.5032
2 44065206 2
2 44067022 0.505
2 44067326 0.0161917178300058
2 44068955 0.5084
2 44094498 1.1914
2 44096292 0.9386
2 44097148 0.5655
2 44098778 0.2209
2 44101500 0.4936
2 44110741 1.6821
2 44111781 2
2 44122258 1.0565
2 44122297 2
2 44140114 0.102554349586862
2 44148909 0.0564
2 44163638 0.1583
2 44163876 0.3108
2 44190155 5e-04
2 44252844 2
2 44254960 2
2 44263838 2
2 44270405 2
2 44306807 2
2 44325633 0.348884284333876
2 44341406 5e-04
2 44355778 0.6154
2 44376927 2
2 44402313 2
2 44422979 2
2 44439487 2
2 44447311 2
2 44462187 2
2 44473341 2
2 44475619 2
2 44493613 0.737574886910862
2 44520921 2
2 44524975 2
2 44527430 2
2 44538001 2.5358
2 44543522 2
2 44544396 2
2 44552387 2
2 44563046 2
2 44566623 2
2 44574658 0.011
2 44575046 2
2 44579592 2
2 44588237 7e-04
2 44605204 2
2 44631447 2
2 44634771 1.1205
2 44646270 2
2 44683274 1.01973418690078
2 44691481 0.0777784413545394
2 44785545 0.864
2 44787302 1.1339
2 44793806 2
2 44815015 0.2401
2 44830224 0.3298
2 44838216 0.2523
2 44839577 0.2523
2 44854519 2.1804
2 44862118 1.1037
2 44886713 2
2 44890578 1.1649
2 44891327 1.1649
2 44894327 0.3861
2 44919407 0.9962
2 44920585 0.9962
2 44951691 1.0141
2 44953011 0.4993
2 44957284 0.2878
2 44962302 0.1784
2 44962598 1.4161
2 44972100 0.5405
2 44978156 0.6576
2 44979205 3.0002
2 44984329 0.5718
2 44984481 0.6243
2 44986552 0.6064
2 44986884 0.6165
2 44993130 0.5974
2 45012255 0.5637
2 45015062 0.5405
2 45025100 3.0431
2 45050461 0.2707
2 45056726 2
2 45059572 2
2 45059585 0.2178
2 45060332 0.725490618659649
2 45067616 2
2 45071281 0.735706831519026
2 45073056 0.8087
2 45074122 0.0271646351477487
2 45084662 1.7049
2 45101752 0.1513
2 45101808 0.778731571532281
2 45117976 1.311
2 45126966 2
2 45131382 0.518173631460527
2 45140436 1.4725
2 45153531 2
2 45156434 1.50103095282592
2 45157923 1.4149
2 45171683 2
2 45174317 1.1799
2 45174664 0.863239310371436
2 45184136 2.978
2 45187191 0.3036
2 45187238 1.1272
2 45189387 2
2 45198345 1.2441
2 45203806 0.28212281324591
2 45221495 2
2 45227892 1.1355
2 45237223 0.702115054396262
2 45242138 2
2 45252330 1.5977
2 45258094 0.503341661541437
2 45258686 0.98032536574346
2 45258818 0.509
2 45284561 2
2 45285303 2
2 45287869 0.62160729234325
2 45292295 0.1855
2 45294394 1.5243
2 45302456 0.661114236702944
2 45309602 0.4976
2 45325369 0.113974599742409
2 45338601 2
2 45344175 1.71626973853534
2 45348202 1.2711
2 45361286 0.313543231398423
2 45370228 0.0194810740781947
2 45374681 0.1323
2 45409302 0.215917309498939
2 45410596 1.69355760991285
2 45415369 2.2136
2 45418688 1.5994
2 45420531 0.1392
2 45421375 0.736398771039978
2 45427345 1.8878
2 45442394 0.1323
2 45466022 1.8726
2 45491183 0.099
2 45493286 0.0638854203027958
2 45500427 0.1028
2 45500646 1.8878
2 45502507 1.8878
2 45504668 2.02345858790098
2 45510169 1.8878
2 45533440 0.622274863009475
2 45535468 1.45836274666258
2 45544835 0.751213395164968
2 45562181 1.16726877849398
2 45566224 0.945416525848447
2 45572739 1.14451596945773
2 45577047 1.14960833985312
2 45590427 0.280154640851477
2 45592215 0.0256529139186032
2 45599387 2.14143873568954
2 45602147 2
2 45603782 1.9195
2 45613554 0.0914656679678239
2 45621398 2.5153861404156
2 45628176 1.1361
2 45641304 0.787031982900195
2 45657074 2
2 45661536 2.2852
2 45677602 2
2 45678807 2
2 45700251 1.11168552160977
2 45703020 0.0078
2 45708517 0.145353831034327
2 45744576 2
2 45751506 2
2 45755469 0.5888
2 45757058 2
2 45757179 0.4973
2 45758525 2
2 45773347 0.0472
2 45774811 2.5866
2 45788712 0.3524
2 45806459 0.918464749624481
2 45810050 2
2 45812750 2
2 45824974 0.631193064077425
2 45826975 0.855617958965864
2 45827641 1.16853500448995
2 45829412 1.95802938205477
2 45835411 0.759699867704003
2 45837718 1.25923153574592
2 45839122 0.81306417014272
2 45842416 0.469137282913241
2 45878605 2
2 45882817 2
2 45883397 2
2 45884993 1e-04
2 45884995 1e-04
2 45895218 0.6398
2 45898994 0.5629
2 45969929 0.2882
2 45969978 2
2 45973533 0.2882
2 45975606 2
2 45979613 0.5338
2 45983335 0.6578
2 45985654 1.7077
2 45988439 2.0617
2 45992325 0.6915
2 46005142 0.0331760741007221
2 46005720 0.7289
2 46012796 1.35646876646649
2 46018480 0.0273089778924445
2 46020849 0.0792027238757907
2 46021613 1.07735312400837
2 46023769 0.458114950481053
2 46027132 0.506921926385497
2 46052400 0.418177650625421
2 46060604 0.783838998473089
2 46078492 0.492681573163949
2 46081094 1.25445608968917
2 46083242 0.838886980965021
2 46089965 2
2 46091492 2
2 46100009 2
2 46100570 2
2 46100876 2
2 46107615 2
2 46108141 1.77011523543309
2 46113323 2
2 46115283 2
2 46127130 2
2 46151485 0.0436
2 46154618 0.165521345069117
2 46164277 2
2 46178695 2.16751994401843
2 46179480 2
2 46195042 0.9069
2 46197666 1.66693923725898
2 46199296 0.025785320782319
2 46212032 0.9373
2 46212443 0.5109
2 46212522 0.0921377574767858
2 46212740 1.1282
2 46217027 0.2575
2 46220167 0.0745
2 46223420 0.307991046805452
2 46226145 0.2575
2 46228090 2
2 46229201 0.0388
2 46233508 2
2 46234287 2
2 46236146 0.276060901051524
2 46240953 2
2 46244097 0.4581
2 46256576 2
2 46261991 0.5735
2 46275088 0.7279
2 46279505 2
2 46297772 2.5383
2 46298957 0.2736
2 46307081 2
2 46307091 1.9411
2 46318400 2
2 46321767 1.20016638602347
2 46352580 2
2 46355752 0.6993
2 46356096 0.3443
2 46363014 0.1168
2 46370688 0.4005
2 46377373 2
2 46389979 0.279140940003847
2 46396808 2
2 46397233 2
2 46400979 0.6167
2 46405055 0.632
2 46417807 2
2 46430928 2
2 46431582 2
2 46460843 2
2 46478876 2
2 46485620 2
2 46490388 2
2 46517319 2
2 46531607 0.1449
2 46541420 0.7942
2 46592676 2
2 46601985 0.4639
2 46611108 0.6885
2 46630262 0.6782
2 46633262 1.01476692201362
2 46638545 2.4514
2 46649872 1.14904983949891
2 46651235 0.421582388242475
2 46651930 0.0170684644665008
2 46658397 1.6907
2 46658782 0.796841809310071
2 46661335 1.03173562677523
2 46662857 0.2275
2 46663178 1.6154850111614
2 46665819 0.0249
2 46666086 0.0249
2 46667044 0.472185980212165
2 46677847 0.0273
2 46677865 7e-04
2 46679923 0.262789421862711
2 46688898 1.7127
2 46700229 1.8115
2 46721036 2
2 46728046 0.2232
2 46733688 1.6907
2 46738869 1.6907
2 46742058 1.7127
2 46742252 2
2 46744208 1.73
2 46746767 1.6854
2 46757595 1.6262
2 46772190 1.6216
2 46775087 2
2 46779335 2
2 46784695 1.2956
2 46798239 1.617
2 46799258 0.0094
2 46800345 1.6126
2 46818511 0.1696
2 46820763 0.2369
2 46821830 0.5343
2 46833173 1.0488
2 46838250 0.103498969513783
2 46861060 1.74691991087542
2 46862738 2.978
2 46880193 2
2 46882572 1.9922
2 46883764 5e-04
2 46886242 2
2 46889335 2.014
2 46906865 2
2 46934792 1e-04
2 46939105 1.9374
2 46961183 2
2 46971608 2
2 46980362 2
2 47003893 0.4213
2 47009978 2.0473
2 47017451 2
2 47030038 2
2 47044291 2
2 47046529 2
2 47056910 2.9988
2 47059124 0.632429316272374
2 47065242 0.298689098712487
2 47065301 0.567848107600932
2 47069606 1.28621520537322
2 47084667 0.394137873695593
2 47086423 2
2 47091250 0.9192
2 47093153 0.0742
2 47093182 0.3641
2 47094194 0.3641
2 47100266 1.7962
2 47110079 5e-04
2 47113751 2
2 47127401 0.0053
2 47134153 2
2 47137926 0.1326
2 47154106 0.0752
2 47182224 2
2 47187596 0.1028
2 47234935 2
2 47243793 0.5141
2 47245926 0.1027
2 47251509 2
2 47252404 0.2167
2 47252427 2
2 47256319 2
2 47264307 0.9762
2 47268470 2
2 47274877 2
2 47281739 1.5527
2 47288273 0.1356
2 47290214 1.4639
2 47294431 0.252
2 47297379 1.8468
2 47298822 0.4512
2 47318113 5e-04
2 47322996 2
2 47325643 0.746390865042977
2 47345588 2
2 47349404 2.0686
2 47372415 1.67408271324077
2 47400556 0.834010013712164
2 47401148 2.0374
2 47421196 2.1191
2 47424892 0.795698179031709
2 47425858 1.21932345921672
2 47427194 1.35372159751428
2 47448192 0.190297544782033
2 47448642 0.241866710176104
2 47450480 0.611857124464802
2 47461970 1e-04
2 47462117 2
2 47474569 0.57603986921908
2 47487280 1.99406875937152
2 47510259 0.119010115011635
2 47530438 2
2 47530484 2
2 47536230 0.043357643457676
2 47569110 2
2 47571294 0.9781
2 47591016 0.639478521640824
2 47591489 0.878969051010049
2 47596240 2
2 47600881 2
2 47604166 2
2 47625420 2
2 47646031 2
2 47647696 2
2 47694717 2
2 47704313 2
2 47716195 0.9185
2 47721143 0.654011374108234
2 47727153 0.419560975469841
2 47755433 2
2 47765542 2
2 47788252 2
2 47789214 2
2 47835645 1.1172
2 47845716 2
2 47884817 0.0263
2 47887070 2
2 47900832 0.496411220891165
2 47929660 0
2 47941601 2
2 47947987 2
2 47949926 1e-04
2 47956019 0.7566
2 47958164 2
2 47969902 1.7093
2 47972706 1.61794832178445
2 47983587 2
2 47984916 2
2 47987080 2
2 47999765 2
2 48010713 2
2 48030822 2
2 48046638 2
2 48058387 1.0435
2 48077242 2
2 48103446 5e-04
2 48116077 2
2 48173026 0.521943067861824
2 48174568 2
2 48180338 2
2 48188212 2
2 48216441 2
2 48220890 2
2 48228170 2.007
2 48249520 2
2 48270976 0.0448
2 48283460 2
2 48297074 2
2 48301935 0.510305455528165
2 48303842 1.0928
2 48328338 2
2 48329343 2
2 48336216 2
2 48336459 0.110003012095018
2 48337477 0.15319228620878
2 48405918 2
2 48407115 2
2 48410272 2
2 48412856 2
2 48413555 2
2 48416529 2
2 48426564 2
2 48427257 2
2 48463138 2
2 48469320 0.784
2 48483567 2
2 48547123 0.8806
2 48549078 0.719336793995268
2 48553788 2
2 48558137 2
2 48571883 1.3814
2 48581455 0.6828
2 48584715 2
2 48584809 2
2 48606433 2
2 48613725 0.9547
2 48614658 0.7711
2 48618108 0.9547
2 48620235 0.1028
2 48647297 0.9493
2 48656339 2
2 48682032 2
2 48696952 0.638551417073661
2 48703074 0.9751
2 48713083 2
2 48713161 0.3809
2 48715609 0.9811
2 48717605 2
2 48726840 0.990798907764381
2 48737571 2
2 48740543 2
2 48749747 2
2 48756790 1.24414405926519
2 48764563 2
2 48765998 8e-04
2 48769611 2
2 48783087 1.3538
2 48783247 0.461448487645475
2 48784225 0.778522309160735
2 48786516 0.482112382761836
2 48788875 1.3951
2 48789044 0.618174202325555
2 48789140 0.192395920595186
2 48794882 0.779672102921091
2 48820037 1.46503571033955
2 48825154 1.1111
2 48834642 1.8820079474585
2 48838566 2
2 48841715 0.356184038176301
2 48846234 2
2 48846435 0.879895150277846
2 48848606 1.07297738119227
2 48851122 2
2 48851617 2
2 48862531 2
2 48879310 2
2 48895436 2
2 48896901 2
2 48898369 1.6748
2 48902054 1.4708
2 48929132 1.2211
2 48951297 2
2 48956270 0.2145
2 48974473 1.19043285639191
2 48985425 0.0684
2 48985796 0.27
2 48991985 1.1047
2 48992547 1.3998
2 48994625 0.466038525777387
2 48997441 1.1765583261535
2 49004982 0.1525
2 49006371 0.1525
2 49021837 5e-04
2 49036497 2.09398779987758
2 49038746 2
2 49053857 2
2 49054430 1.1281
2 49063475 1.1281
2 49064533 2
2 49075424 1.0853
2 49082424 2
2 49085028 0.9496
2 49087347 0.9496
2 49092825 2
2 49096361 2
2 49103406 2
2 49107627 2
2 49125283 0.8344
2 49127891 0.0263
2 49141784 0.3922
2 49158360 0.4407
2 49169262 2
2 49169381 2
2 49176145 2
2 49182577 2
2 49190644 0.462663896192974
2 49190724 0.186490340638433
2 49196932 0.1258
2 49206599 2
2 49209148 2
2 49212080 2
2 49212664 1.1191
2 49219411 2
2 49247197 2
2 49248089 2
2 49248515 2
2 49270175 2
2 49275089 0.225903428065865
2 49281416 2
2 49282720 2
2 49287185 2
2 49295338 2
2 49305415 0.8672
2 49321236 0.1172
2 49324978 2
2 49335725 2
2 49365269 0.0078
2 49365958 1.22388471326279
2 49368779 0.95702348852407
2 49388449 1.07257449029359
2 49391269 0.348318794022802
2 49393072 0.0942905420704349
2 49394029 0.487269004857516
2 49399643 0.3747
2 49401890 1.17483221252353
2 49405420 0.3747
2 49405745 0.3651
2 49409649 1.54933830087588
2 49410622 1.06753484726084
2 49413942 1.0481
2 49415079 3.9456
2 49415090 1.0481
2 49423007 1.55561480891949
2 49433028 0.0649683218096833
2 49440628 1.6905
2 49452553 2
2 49467600 0.0217
2 49483238 0.6882
2 49502793 0.6832
2 49517567 2
2 49521900 2
2 49524043 2
2 49576591 0.669895921864047
2 49580867 1.17897268007084
2 49589234 3.1148
2 49598061 0
2 49630398 2
2 49645286 0.11438433857205
2 49721416 0.517796343162085
2 49734755 2
2 49737473 2
2 49747492 2
2 49772632 2
2 49794542 1.6996
2 49799910 0.911
2 49800540 0.8903
2 49801143 1.5966
2 49811224 0
2 49816986 0.8369
2 49838742 0.7388
2 49893502 2
2 49895183 2
2 49899342 0.8369
2 49906001 2
2 49914057 0.8686
2 49979594 2
2 49981542 2
2 49990301 2
2 49993106 2
2 49997428 2
2 49997563 2
2 49999960 2
2 50000859 2
2 50007141 2
2 50009503 2
2 50012439 0.1074
2 50014758 2
2 50016202 2
2 50021323 0.101
2 50021775 0.1991
2 50021893 2
2 50034462 0.1074
2 50039236 2
2 50043887 0.6202
2 50044072 0.6042
2 50048923 1.2282
2 50050787 3.1262
2 50056347 0.6202
2 50056879 0.7559
2 50063770 0.6202
2 50068401 3.1262
2 50070598 0.6202
2 50085053 2
2 50093466 2
2 50107520 2
2 50107540 0.124228006211918
2 50126496 2
2 50133260 2
2 50133467 0.7811
2 50134811 0.7811
2 50149549 1.0179
2 50152128 2
2 50159489 0.154207557297701
2 50165020 0.7409
2 50168712 0.7409
2 50172489 0.0391
2 50174975 1.15890541762403
2 50175304 0.7409
2 50178866 0.7811
2 50180722 0.7811
2 50184696 2
2 50187777 0.7409
2 50191141 0.7409
2 50204085 0.866638551907747
2 50205325 1.1313
2 50209940 0.0197
2 50220968 0.830667599775989
2 50226136 0.6046
2 50248290 1.47519551682345
2 50251480 1.13127097810652
2 50264804 0.639592390555605
2 50278114 1.4882
2 50280581 2
2 50282833 2
2 50293059 2
2 50293323 0.660043440244186
2 50293686 0.396651661259075
2 50297645 2
2 50303721 0.964
2 50307514 2
2 50323649 0.4346
2 50329621 0
2 50350869 1.7766
2 50370777 2
2 50373723 2
2 50383938 2
2 50384518 0.171593743567663
2 50385483 1.7901
2 50404952 1.594
2 50427539 1.6243
2 50431893 2
2 50434095 2
2 50441468 2
2 50447393 2
2 50462122 0.0814579691759703
2 50462895 0.564695141880553
2 50463791 0.155211173893625
2 50465321 1.08070179143932
2 50469407 0.872
2 50471445 2
2 50475410 0.59
2 50476579 2
2 50478448 0.3151
2 50498016 0.6573
2 50512762 2
2 50515741 2
2 50522382 0.8266
2 50522726 0
2 50531171 2
2 50588691 0.719053564315729
2 50590014 1.1358
2 50590457 1.37261487393307
2 50590716 2
2 50627394 0.6108
2 50675928 0.0767
2 50702356 5e-04
2 50705327 2
2 50720374 0.089
2 50729769 0.978106424873733
2 50731644 0.0828
2 50767979 2
2 50782700 2
2 50784263 0.102237612772041
2 50807442 1.7584
2 50809355 2
2 50813664 2
2 50814465 2.83479418364464
2 50817775 2
2 50819331 0.926079473639898
2 50819772 2
2 50842955 0.754627876278254
2 50862471 1.29454067637753
2 50863855 2.1379
2 50876580 0.0904192481557723
2 50890359 0.681965692666558
2 50895779 1.7335
2 50936739 0.599555857541569
2 50976865 0.4614
2 50979204 0.4614
2 50994634 2
2 50995969 2
2 51030254 2
2 51033298 0.4209
2 51043472 2
2 51044220 0.166538316435564
2 51044980 2
2 51064720 0.0416394916850537
2 51065194 2
2 51095030 1.1738
2 51096757 1.53674233086552
2 51121304 0.972
2 51145622 1.1989
2 51146152 5e-04
2 51163477 1.1989
2 51168235 1.7978
2 51173543 2
2 51181266 1.1989
2 51187193 0.612776354671656
2 51188172 1.1989
2 51205216 0.972
2 51208644 0.8721
2 51210278 0.972
2 51235398 2
2 51239835 0.1848
2 51273536 2
2 51276108 0.649147007254518
2 51281012 0.9907
2 51282492 2
2 51285471 0.469
2 51307243 0.2678
2 51307469 0.0925464636693105
2 51307602 0.4783
2 51309468 0.573173854246208
2 51311086 1.176
2 51317093 0.551447278321312
2 51319908 1.2252
2 51340729 0.5233
2 51349474 0.5586
2 51351429 0.512
2 51384903 0.2531
2 51389008 8e-04
2 51396662 0.5656
2 51398914 0.5586
2 51404587 0.2499
2 51405496 0.2499
2 51415205 1.9013
2 51424105 0.2667
2 51428319 0.2292
2 51438585 0.3694
2 51438923 5e-04
2 51438946 0.0072
2 51440275 0.313
2 51443835 2
2 51444260 2
2 51456725 1.698
2 51456897 2
2 51458810 1.4333
2 51462951 1.4333
2 51465403 2
2 51471716 2
2 51475547 2
2 51476443 2
2 51514091 0.0053
2 51515855 2
2 51516114 2
2 51516720 2
2 51520171 2
2 51523754 1e-04
2 51523948 1.23
2 51524677 2
2 51525141 1.21338906617581
2 51528941 2
2 51541774 0.25603796876182
2 51549840 5e-04
2 51582932 0.101742467736435
2 51584681 0.0764983075992381
2 51591498 1.2808
2 51593382 1.07159223492979
2 51599782 1.0055
2 51600145 0.804521418165757
2 51608602 2
2 51611741 1.2751
2 51631142 0.657550081415515
2 51641026 0.1565
2 51642142 2
2 51645734 0.97384200219144
2 51649258 0.1565
2 51652477 0.929750607737459
2 51654289 2
2 51663138 0.474953471347748
2 51664499 0.7027
2 51677145 0.247584051467423
2 51694713 0.553049239835692
2 51704826 0.0893
2 51710713 0.105
2 51721976 2.15516183434977
2 51723662 0.191662944139266
2 51738653 2
2 51750312 1.07754175275212
2 51755257 2
2 51770583 1.03049465832707
2 51800209 2
2 51815976 2
2 51820126 0.609641829010238
2 51822697 0.1198
2 51825606 8e-04
2 51827294 0.1198
2 51827353 0.1198
2 51828225 2.28747987025339
2 51831326 0.465182183021019
2 51831909 1.09791112625505
2 51847314 2
2 51847619 2
2 51851656 0.0676892455750753
2 51879978 0.1266
2 51881572 8e-04
2 51893075 2
2 51922268 1.71108100527182
2 51936006 0
2 51936482 0.6394
2 51938860 2
2 51943896 2
2 51961493 1.0639
2 51982646 2
2 51991007 0.0934545337406472
2 52018497 2
2 52025961 0.7172
2 52032727 2
2 52033550 0.348285174413567
2 52040124 0.6664
2 52044961 0.7172
2 52046996 0.0263
2 52052213 0.6727
2 52052904 0.7172
2 52057630 0.5981
2 52060091 1.01817859786841
2 52061159 0.5846
2 52062967 1.31599636732598
2 52066810 0.5981
2 52071760 0.5981
2 52081684 0.6257
2 52106716 0.5316
2 52115943 2
2 52116047 2
2 52125304 0.7824
2 52133889 2
2 52150302 1.4691234752285
2 52166615 2
2 52167828 2
2 52169390 1.7011
2 52183562 2.299
2 52185534 0.9192
2 52189058 0.16840624675197
2 52203796 2
2 52217006 1.12655817754427
2 52221523 1.01289918593184
2 52234217 2
2 52237085 0.580774801225502
2 52239862 1.877
2 52240950 1.6275
2 52243387 2.01862383952678
2 52254724 2
2 52267409 2.0367
2 52275834 5e-04
2 52279846 2.0367
2 52302808 2.0367
2 52315578 2.0367
2 52317407 2.0367
2 52318617 2
2 52321547 2.014
2 52321932 2.0367
2 52332318 2.014
2 52344955 0.046
2 52347224 0.1693
2 52349341 0.0461
2 52357334 2.014
2 52363181 0.5926
2 52364150 0.3375
2 52364897 2
2 52365812 0.709262351054202
2 52366532 0.0461
2 52372801 1.7700044728068
2 52382309 1.32539987270767
2 52382749 0.473935998768916
2 52389362 2
2 52396018 0.759298204039306
2 52400120 2.0367
2 52405706 0.592125984514476
2 52407415 0.424
2 52415636 2
2 52416342 0.539216977489596
2 52417580 0.5926
2 52422352 1.9922
2 52426774 1.8992
2 52427722 0.4348
2 52429374 2
2 52432736 0.752227696713426
2 52436665 0.2634
2 52451185 0.2412
2 52460794 1.79675150264675
2 52469313 0.2412
2 52470099 0.1935
2 52472029 1.97480566046624
2 52473049 1.11368809593763
2 52473107 0.36740127067358
2 52475049 0.2634
2 52478063 0.627
2 52478728 0.627
2 52480397 0.627
2 52482090 0.2879
2 52482974 2.449
2 52483103 1.56679049622791
2 52486476 0.627
2 52488002 0.2879
2 52489088 0.6423
2 52497242 0.5114
2 52504781 0.2485
2 52520692 0.7944
2 52534494 1.51725060711581
2 52539045 1.7135
2 52555746 1.52077927674409
2 52558318 0.871788021403772
2 52559406 0.769456065795942
2 52560018 2
2 52576407 1.7713
2 52577652 1.67829776867166
2 52579381 0.266598103146994
2 52580843 0.0078
2 52582633 1.7713
2 52585758 0.484653757387646
2 52587763 0.924822586609694
2 52596194 0.0922581042024149
2 52602428 0.661106555286937
2 52607575 2.25267512404356
2 52614236 1.8699
2 52620346 0.9969
2 52623360 2
2 52630680 0.602
2 52635029 1.3338
2 52646650 0.401028432635739
2 52646889 2.5871
2 52648668 1.4315
2 52651456 0.590685039286095
2 52651478 0.445393168615874
2 52651952 1.4191319004545
2 52654751 1.4674
2 52655187 0.276985675280399
2 52655397 2.5871
2 52663851 1.02787390876127
2 52666728 0.730186210151337
2 52668327 0.4655
2 52670800 0.0479351843810191
2 52677693 1.25460866505653
2 52677940 1.01530087092062
2 52682206 0.522304127005284
2 52704641 0.4547
2 52704929 0.0787039511822959
2 52706506 0.875551051207447
2 52707676 0.4547
2 52723969 0.2438
2 52730708 2
2 52736532 0.962397392676706
2 52752933 2
2 52753289 0.88762757428269
2 52753364 1.21115762151036
2 52760149 0.0880604083075783
2 52765321 2
2 52771862 0.00932295513919932
2 52777776 1.71356291333862
2 52786182 1.01254834082699
2 52795025 0.241
2 52795357 1.40090354137999
2 52807715 0.2362
2 52815609 2
2 52828992 0.9959
2 52832767 1.0255
2 52837238 0.388
2 52843569 0.388
2 52849311 2.8726
2 52852811 2.869
2 52860122 2.55320553666332
2 52869563 0.183
2 52869892 0.1755
2 52872924 1.311
2 52889629 2
2 52892700 2
2 52917568 1.311
2 52919078 2
2 52919262 1.78813433697812
2 52928257 2
2 52957937 1.1351342952216
2 52973432 2
2 52987169 1.05464429964327
2 52987379 0.257999577907963
2 52994624 1.86690370917573
2 52995702 2
2 52997703 0.986853088701172
2 53019779 0.684434786176373
2 53085009 0.6742
2 53115408 0.339787549184519
2 53140342 1.2774
2 53147859 1.33618436127819
2 53149849 2
2 53150108 5e-04
2 53150603 0.413889342689169
2 53156879 0.383
2 53181339 0.170471409389173
2 53193115 0.786623110819226
2 53201732 0.647005219640703
2 53202580 0.3293
2 53204171 2
2 53208684 0.578975543300689
2 53208846 0.790686094917854
2 53217763 1.21176450180523
2 53235998 1.26300922120254
2 53264510 2
2 53283974 0.0018
2 53298956 0.2929971821235
2 53302547 1.12652257369775
2 53309555 0.469145069925704
2 53314111 0.6442
2 53319627 1.50310921492802
2 53319991 2
2 53321257 1.24347386997054
2 53373465 0.839900089972919
2 53388125 2
2 53392262 0.801918474851655
2 53410044 0.3996
2 53410279 1.41641336508236
2 53414711 3.6015
2 53416757 0.840822392801948
2 53422482 0.6922
2 53429466 2.25459382269254
2 53438653 1.08562580202971
2 53440194 0.887
2 53440668 0.3909
2 53442771 0.42232580261725
2 53446044 0.9711
2 53452614 2
2 53456172 0.9146
2 53456207 1.6754
2 53457838 0.9518
2 53459505 0.9711
2 53462439 2
2 53467537 2
2 53477503 0.217748550899905
2 53482653 2
2 53495457 0.83954233357218
2 53499119 0.693009486862587
2 53510473 0.141
2 53521710 0.612330086349383
2 53562119 1.15304511309392
2 53570063 2
2 53571148 2
2 53572360 0.1621
2 53574354 0.0879
2 53574902 0.459180681338954
2 53587375 0.773
2 53594374 0.749
2 53598731 1.6155
2 53616195 0.2322
2 53617765 0.1287
2 53643392 0.4688
2 53686728 0
2 53709359 0.9093
2 53727544 0.7893
2 53743800 0.9506
2 53757820 0.2599
2 53766350 0.2312
2 53772335 1.4645
2 53791678 0.274801705640372
2 53795695 0.1929
2 53812676 0.7983
2 53826784 0.2419
2 53830766 1.1555
2 53842810 0.9093
2 53864748 0.616
2 53885475 1.6858
2 53895847 0.634
2 53899904 0.2419
2 53902345 0.616
2 53921173 1.6898
2 53948768 0.7302
2 53971035 1.5882
2 53971563 0.0078
2 54009666 1.3531
2 54022591 1.3531
2 54025849 0.0294
2 54028084 1.8601
2 54033929 0.2556
2 54037323 0.2692
2 54039235 0.988
2 54041109 2.8736
2 54049365 0.7707
2 54065347 1.7541
2 54077004 0.915530782809367
2 54078941 0.4543
2 54078964 0.4543
2 54079317 0.7173
2 54081689 0.7173
2 54085016 0.3922
2 54103157 0.0078
2 54108296 0.6329
2 54131758 1.0081
2 54133134 1.127
2 54165985 1.65580025546459
2 54189681 0.6534
2 54197400 0.4946
2 54210469 2
2 54213959 0.6351
2 54214109 0.6351
2 54219883 0.271600907357644
2 54219887 0.369693346130817
2 54232884 0.4791
2 54235516 2
2 54253195 0.4791
2 54257406 0.658
2 54263220 0.658
2 54274579 2
2 54275775 2
2 54278319 0.884743801232271
2 54303404 1.30024042256822
2 54310978 2
2 54320207 2
2 54322830 2
2 54331877 0.9796
2 54340826 0.892
2 54360909 2.00949859510764
2 54373340 3.9456
2 54378558 1.0566
2 54388188 0.7971
2 54388995 0.535272625347175
2 54404520 2
2 54405116 2
2 54424318 0.0088
2 54425004 2
2 54444969 0.0681743856644115
2 54461371 0.3823
2 54483044 0.4625
2 54487200 2.22725693454094
2 54489533 0.4625
2 54493559 0.36643521007814
2 54496066 2
2 54497896 2
2 54504079 2
2 54508563 0.2135
2 54511096 2
2 54514792 2.3299
2 54522560 0.1987
2 54524949 2
2 54530467 0.2685
2 54532901 0.254
2 54574987 2
2 54575531 2.3432
2 54580144 2
2 54581022 2
2 54609203 0.194
2 54634035 2
2 54636893 2
2 54640201 2
2 54652298 0.2685
2 54655244 2
2 54658459 0.2835
2 54688480 2
2 54690446 3.18071638421498
2 54697595 2
2 54698427 0.278798530399324
2 54699229 0.17235580114372
2 54705027 0.884700381536171
2 54710605 0.2087
2 54711338 1.3745
2 54712552 2
2 54713323 0.490538548757751
2 54741738 1.5036
2 54746382 0.0730216834375666
2 54755044 0.804304571777816
2 54778145 0.0328973096250249
2 54784107 0.6521
2 54788627 1.44490864050555
2 54790700 1.61041991234748
2 54806473 0.9987
2 54825812 1.59233983738472
2 54833342 1.166
2 54834157 1.166
2 54839480 1.41205858361523
2 54840297 2.89342700178581
2 54840602 0.165503712696055
2 54847292 0.4698
2 54851060 2
2 54865659 2
2 54866016 0.7429
2 54874719 1.3859
2 54881648 2
2 54886120 2
2 54888143 0.466722737136895
2 54922335 2
2 54938400 0.980219917402989
2 54940275 2
2 54945201 0.0077
2 54956402 2
2 54959791 0.254
2 54961059 2
2 54977406 1.16751866260557
2 54977956 2
2 55000210 0.413
2 55020421 2.29441833751136
2 55021394 2
2 55036688 2
2 55043668 2
2 55044445 2
2 55050817 2
2 55051032 2
2 55055946 2
2 55066523 2
2 55067435 0.88905648933402
2 55074555 0.5421
2 55078339 1.348
2 55098776 1.0109
2 55117826 0.5038
2 55119649 2
2 55123764 0.4899
2 55125544 0.27307851923417
2 55132887 1e-04
2 55132896 0
2 55133049 1.0109
2 55138396 1.1252
2 55145815 2
2 55149473 0.407
2 55149567 5e-04
2 55174012 0.293
2 55188484 0.631597799853994
2 55191799 0.0162
2 55200261 0.87748395481385
2 55200262 0.0727
2 55208867 3e-04
2 55231189 2
2 55231526 2
2 55248010 0.872
2 55251090 0.933859070600697
2 55262729 1.41832841965174
2 55263683 0.355295781177525
2 55264940 0.0282
2 55272239 1.0329
2 55281109 0.3567
2 55281390 0.0413
2 55298343 0.0015
2 55329854 1.7256
2 55330505 1.0619239316517
2 55332738 0.630873223154684
2 55345196 1.0058
2 55347316 1.0058
2 55350959 0.028757313755799
2 55361265 2.13
2 55363625 0.9692
2 55370917 0.9692
2 55372150 0.72991583850542
2 55381356 0.558914458508817
2 55381485 0.229683554030905
2 55384519 0
2 55384620 1e-04
2 55388418 0.902146990772203
2 55398262 0.75080714423722
2 55401420 1.19012341293113
2 55401515 0
2 55404831 0.285732134904612
2 55412203 0.39320204228411
2 55414005 0.187770370270154
2 55415751 0.658375444034337
2 55420593 0.595582881893979
2 55421202 1.87572801953756
2 55424877 0.352949945326437
2 55427473 0.7532
2 55427815 0.7532
2 55440271 0.8251
2 55441814 2
2 55451294 2
2 55455161 0.7816
2 55456278 0.7816
2 55462492 0.0561
2 55489501 2
2 55514817 0.428133806007169
2 55515788 1.10948958043084
2 55521183 2
2 55522057 1.724
2 55530749 1.58338292916381
2 55557638 2
2 55598216 2
2 55621109 0.166576160159037
2 55646250 2
2 55650079 0.935210285667332
2 55652181 1.55384778155479
2 55657117 0.529703206497683
2 55660025 2
2 55662331 1.60507357215685
2 55671155 0.700343463986214
2 55676128 1.4144
2 55677627 0.8724
2 55706455 2
2 55742740 0.8251
2 55747351 0.284612837506717
2 55748381 0.9937
2 55762699 1.3046
2 55766986 1.2984
2 55767683 2
2 55773607 2
2 55782174 1.3046
2 55782247 0.984983518660389
2 55782345 0.401672499804716
2 55814354 1.3602
2 55841243 2
2 55849827 0.9086
2 55871616 1.1738
2 55957613 0.7894
2 55976663 0.179168519273527
2 55977654 0.130906187887799
2 55979084 1.7871474722849
2 55983652 2.25696322420432
2 55989185 1.17780706952478
2 55991393 1.28519506482413
2 56055094 2
2 56062088 2
2 56063354 1.0543
2 56124015 1.18061225422802
2 56130045 0.7625
2 56136240 1.1038
2 56144296 0.3997
2 56154253 2
2 56154605 0.58100301057154
2 56154789 2
2 56155843 1.131
2 56160793 1.131
2 56163234 2
2 56170089 0.4272
2 56174332 0.8817
2 56208359 0.5826
2 56224688 0.1382
2 56228542 0.310335082000823
2 56236806 1.1875
2 56246579 0.599249496502538
2 56247107 1.3234
2 56261672 0.0078
2 56285498 1.2031
2 56332537 0.0107
2 56356280 0.7333
2 56363429 0.9566
2 56377896 0.9371
2 56386324 0.6721
2 56389460 0.131073868352441
2 56400216 0.371
2 56407550 0.3338
2 56418609 0.1706
2 56431881 0.3529
2 56432017 0.392
2 56438113 1.5952
2 56448057 0.4221
2 56454058 0.0107
2 56455412 0.374
2 56461195 0.373
2 56489269 0.374
2 56524397 0.984
2 56528614 0.9629
2 56532728 0.371
2 56533859 0.8597
2 56536179 0.9629
2 56539403 0.3017
2 56543334 0.3441
2 56548341 0.3017
2 56551552 0.3532
2 56552724 0.3441
2 56553616 0.3017
2 56557230 0.3532
2 56566987 0.3352
2 56572550 0.6141
2 56573415 0.3352
2 56590549 0.8243
2 56601077 0.3441
2 56605115 0.3441
2 56605292 0.3441
2 56611868 0.3441
2 56617299 2.9508
2 56617427 2
2 56625899 0.3532
2 56627439 0.3441
2 56631868 2.9453
2 56662839 0.0904
2 56670511 0.85
2 56694200 1.9814
2 56743597 2
2 56748207 0.1126
2 56761092 0.1126
2 56762116 1.1926
2 56785082 0.1126
2 56801141 0.1241
2 56812115 0.1014
2 56813921 2
2 56818819 2
2 56841481 0.0098
2 56842334 0.0320018222086789
2 56857288 0.452
2 56867960 1.24573467590099
2 56873128 1.70243735599622
2 56878053 0.3673
2 56878738 0.0573421736155451
2 56880631 1.08072519946758
2 56881721 0
2 56892809 0.697704949424073
2 56894275 0.1511
2 56898367 1.32054734101015
2 56927873 1.5559
2 56951308 1.03985101764993
2 56960087 0.405968565361911
2 56992536 0.7997
2 56994091 0.673966971382539
2 56995664 0.377443870261912
2 56998704 0.309141026207117
2 57006766 0.220868586387481
2 57008234 0.483194375702803
2 57010427 5e-04
2 57014381 0.2304
2 57016498 0.0421
2 57018235 0.2375
2 57018306 0.0421
2 57022538 0.0451
2 57023998 0.5031
2 57027499 0.0555
2 57032448 0.630791706539811
2 57032856 0.531491575478799
2 57033025 0.412646271177225
2 57035132 1.29358945033667
2 57035540 0.0757248799475685
2 57038707 0.524140364880093
2 57040268 1.08018408238987
2 57042186 1.1996014394214
2 57044568 1.20126342329216
2 57045576 1.36714170395976
2 57045658 1.1009061287471
2 57059013 1.8935
2 57060978 0.5313
2 57069227 0.54636209757642
2 57071878 0.0862
2 57076703 2e-04
2 57082619 0.5460677293927
2 57092006 0.7997
2 57101908 0.8911
2 57125550 0.582424078842694
2 57129134 1.16579714043433
2 57131595 0.7654
2 57134334 0.4533
2 57166785 1.42263685578095
2 57172695 0.538771896687088
2 57174548 0.636095879399303
2 57178844 0.5414
2 57178872 0.3975
2 57190803 0.303805932748004
2 57196221 0.840997547984796
2 57196966 0.8952
2 57197272 0.248118958743018
2 57215673 1.3731
2 57216262 1.3731
2 57223486 1.5916
2 57224400 1.6166
2 57227672 1.6166
2 57228392 1.6166
2 57228698 0.7156
2 57228916 0.0044
2 57228920 0
2 57229946 1.5916
2 57230622 1.5916
2 57231481 0.444613496174104
2 57239701 1.5916
2 57241023 1.5916
2 57241890 1.6415
2 57250672 1.5916
2 57250929 1.5916
2 57253538 1.5916
2 57253897 1.5916
2 57259836 1.5916
2 57262924 1.5916
2 57270112 0.750063955206951
2 57273723 1.13897270400279
2 57283894 0.28243206190199
2 57285996 1.5916
2 57304231 1.5916
2 57304513 1.6415
2 57305625 0.131391839925486
2 57342757 2
2 57347000 0.147595412718181
2 57355894 0.40137923871941
2 57357322 1.4877
2 57360937 0.50272374301572
2 57367234 0.973264953195056
2 57369555 1.33647703438211
2 57377766 2
2 57379212 2
2 57380182 0.150323445950362
2 57392482 1.15291690264007
2 57392654 0.742429132169446
2 57393552 0.91040570125035
2 57396243 2
2 57410258 2.344
2 57423953 2
2 57431181 0.3293
2 57431660 0.240880228091633
2 57441978 2
2 57444586 2.42265502226865
2 57447445 2
2 57451662 0.395847606041795
2 57452142 2.2613
2 57455116 2
2 57464635 2
2 57471996 2
2 57472150 2
2 57477081 2
2 57498297 2
2 57498842 2
2 57503055 2
2 57504947 2
2 57507716 2
2 57512124 2
2 57520957 1.5415
2 57525407 0.914757309593854
2 57541825 0.904470787067421
2 57547948 5e-04
2 57547955 0.4613
2 57548802 1.3097
2 57554941 1.48089620972771
2 57573418 2
2 57585281 0.4939
2 57587156 1.83890517380155
2 57609329 0.246215181282674
2 57609466 2
2 57609882 2
2 57613886 1.4579338434274
2 57616319 0.4804
2 57619003 1.814028734445
2 57621146 0.5034
2 57626409 0.5034
2 57626518 0.5034
2 57626546 0.5034
2 57626786 0.4544
2 57629964 2
2 57630183 0.4939
2 57635342 1.042
2 57641458 0.588866812382969
2 57646276 0.9831026147901
2 57650730 0.2338
2 57652789 2
2 57656079 2
2 57656794 2
2 57663173 0.105279998853762
2 57703598 1.3525
2 57706985 0.4621
2 57709425 0.3421
2 57729533 2.7095
2 57744516 0.505527070525603
2 57755159 4e-04
2 57803827 0.78429795341962
2 57804114 0.0107
2 57822766 1.66887873128299
2 57825986 0.280362144518841
2 57836613 0.303999580451976
2 57837031 0.572981566328762
2 57846918 2.4307190850735
2 57850692 0.795285166627487
2 57865771 0
2 57901683 0.5641
2 57907876 0.314164066488403
2 57919821 0.0150619251488465
2 57934262 0.134975700570263
2 57937300 1.0072808008292
2 57939333 0.287469474588865
2 57939634 0.233922103391934
2 57942815 0.3805
2 57949947 0.107997216397031
2 57957460 1.6026
2 58037691 2
2 58110951 1.2017733750186
2 58133999 1.03405303764457
2 58143470 0.620837524845982
2 58156685 0.636217575663408
2 58165662 0.618471766619008
2 58175134 1.6846962850603
2 58234290 2
2 58271346 0.249907216061428
2 58273006 0.219359632590448
2 58347168 2
2 58351976 2
2 58386054 0.3978
2 58396166 0.1773
2 58396859 2
2 58400558 1.1612
2 58411000 0.3579
2 58435631 0.0938362524359144
2 58436374 0.776150095662217
2 58442749 0.15823829564224
2 58460760 2
2 58465471 0.5935
2 58506072 1.38641902449324
2 58509480 2
2 58523391 0.7418
2 58524114 0.7418
2 58527736 0.5467
2 58533505 0.7639
2 58541907 2
2 58552554 2
2 58559685 2
2 58562884 0.73239329797365
2 58571792 0.615163365596879
2 58605573 2
2 58626929 0.0911958334681531
2 58655379 2
2 58669539 0.902
2 58685349 1.2123
2 58751740 0.6285
2 58796585 2.2356
2 58867656 2
2 58877806 2
2 58885910 0.330507811188582
2 58891929 1.0035
2 58905184 1.9814
2 58918257 2
2 58919872 2
2 58936633 0.6945
2 58942934 2
2 58949195 1.4057
2 58952564 1.121
2 58995179 0.3527
2 59002681 2.3071
2 59014553 0.871549774868988
2 59017114 0.205750998467691
2 59026820 0.7316
2 59032346 2
2 59044647 1.05800694250527
2 59049526 0.406696786303061
2 59066461 2
2 59068497 2
2 59093319 2
2 59098170 0.124296850213075
2 59118480 2
2 59123230 2
2 59124695 2
2 59125001 2
2 59128061 0.7681
2 59134694 2
2 59138316 2
2 59146355 1e-04
2 59173510 2
2 59178141 2
2 59218917 0.6571
2 59219681 1.77831214696679
2 59225660 0.784
2 59233189 0.4058
2 59258550 0.6196
2 59263397 0.5769
2 59268293 0.999693049484166
2 59268624 0.863250272736263
2 59294649 0.722298743915209
2 59326627 0.835063847171757
2 59330813 1.51827249716741
2 59332443 1.02205712237807
2 59356971 1.44972976220745
2 59383965 0.5619
2 59399971 2
2 59406723 0.6117
2 59451140 0.6206
2 59474652 1.9653
2 59478960 0.4606
2 59516110 1.8854
2 59535236 2
2 59546697 2
2 59573143 1.0585
2 59578303 2
2 59600712 2
2 59606033 2
2 59612359 2
2 59620038 2
2 59638469 0.724567057445374
2 59646690 0.0759294225421873
2 59652132 0.104296125846239
2 59665125 2
2 59688076 2
2 59701426 2
2 59752369 0.41223193339202
2 59753917 0.757937759990836
2 59765133 2.8279
2 59777076 5e-04
2 59777697 0.181097945211502
2 59785434 0.182611076205177
2 59800362 0.412379401590274
2 59801645 0.56535928092853
2 59823722 1.14099390551632
2 59825805 1.10450642953988
2 59839231 0.0722
2 59857712 5e-04
2 59877804 2
2 59887661 2
2 59908468 0.0056
2 59924716 2
2 59945487 2
2 59954936 0.720075595263145
2 59955687 1.2956
2 59958225 0.603708747626208
2 59959129 1.05430989368393
2 59975104 0.197852433541188
2 59976782 2
2 59980839 0.471110865116341
2 59984762 2
2 60029528 0.795220585736916
2 60065362 0.7135
2 60102473 1.6414
2 60103175 2
2 60113987 1.2554
2 60119313 1.2554
2 60121763 0.5831
2 60127646 2
2 60132878 4e-04
2 60140660 2
2 60175015 2
2 60194639 1.45466378128852
2 60197218 2
2 60247465 2
2 60263187 2
2 60269775 2
2 60287811 2
2 60294955 2
2 60299614 2
2 60299682 2
2 60308557 0.8413
2 60324327 0.3315
2 60326008 2
2 60338139 0.6294
2 60353696 1.09131196887861
2 60395146 2
2 60398265 2
2 60412769 0.4036
2 60423581 2.9567052133032
2 60425963 0.307824929397438
2 60428544 0.375
2 60449228 0.441658516490662
2 60493477 2
2 60493622 0.70401923606385
2 60494212 0.330999137258685
2 60498316 2
2 60541843 2
2 60630683 0.132
2 60661067 1.583
2 60665210 0.658276527330394
2 60667492 1.55860950595856
2 60667509 1.583
2 60668369 0.3086
2 60669605 0.5226
2 60686923 0.436132242399436
2 60694238 0.50296575349838
2 60711271 2
2 60720784 2
2 60727925 2
2 60731379 0.309
2 60733336 5e-04
2 60749243 2
2 60754762 0.3287
2 60794736 2
2 60803607 2
2 60827150 1.1780074318783
2 60829754 0.0078
2 60844167 2
2 60876176 2
2 60878923 2
2 60884354 2
2 60887904 0.682532109324846
2 60907451 2.7095
2 60907629 0.879472582502606
2 60908994 2
2 60909363 1.3485
2 60938349 5e-04
2 60977721 0.7952
2 60991145 0.8846
2 61012861 0.1936
2 61015275 2
2 61066723 1.9499
2 61070033 2
2 61080847 0.864353110036295
2 61082645 0.0547473481217197
2 61084052 2
2 61111697 2
2 61113315 2
2 61137081 0.6274
2 61145718 2
2 61147969 1.4229
2 61151482 0.474297751726508
2 61152709 2
2 61157970 2
2 61159457 1.7233
2 61169884 0.0866
2 61186588 0.1523
2 61194875 1.14873557077131
2 61239057 1.0888
2 61267315 0.6911
2 61268042 2
2 61271527 2
2 61272400 2
2 61294497 1.0888
2 61306132 2
2 61313077 0.848194149277921
2 61315314 1.0888
2 61316364 1.7896
2 61316396 2
2 61322955 0.8694
2 61325201 2
2 61332945 2
2 61344310 2
2 61344378 0.8694
2 61349046 0.0078
2 61350300 2
2 61356792 2
2 61366906 2
2 61372651 2
2 61374160 2
2 61386940 2
2 61387166 2
2 61387209 2.01417629892403
2 61387407 2
2 61388920 0.8566
2 61393412 2
2 61398371 2
2 61403127 2
2 61405093 0.8566
2 61412286 2
2 61422656 2
2 61431550 2
2 61432147 2
2 61438623 0.0273
2 61453029 2
2 61458561 2
2 61465746 2
2 61484680 2
2 61500080 0.6156
2 61513352 0.6156
2 61516146 2
2 61520220 0.6156
2 61529400 0.6156
2 61534888 0.7049
2 61536963 1.0134
2 61559250 0.6156
2 61601683 0.5821
2 61609774 0.6033
2 61611804 2
2 61617025 0.6156
2 61618519 1.49127520831768
2 61619176 0.276531396308872
2 61621870 0.47922377832007
2 61631954 2
2 61636484 0.5826
2 61669176 1.64301083948426
2 61677904 0.546556363155286
2 61682163 0.9166
2 61704385 0.755451945145581
2 61708537 0.0983202862504743
2 61734976 2
2 61735767 2
2 61741628 2.0265
2 61751853 5e-04
2 61752431 1.1307
2 61759214 1.176
2 61773444 0.947
2 61791590 1.51107309913357
2 61796579 1.92513670721355
2 61797348 1.6422448428217
2 61805502 1.176
2 61820428 0.8142
2 61833736 0.849795498995164
2 61847424 0.3836
2 61848818 1e-04
2 61848866 0
2 61862692 2
2 61864920 0.9566
2 61874905 0.3836
2 61877691 0.3836
2 61883436 0.7897
2 61908998 2.0005
2 61909060 0.6418
2 61913897 0.6255
2 61928232 2.5345
2 61932593 2.0202
2 61954926 0.258027574826889
2 61956952 0.9693
2 61963824 2.0202
2 61993309 2.0406
2 62025771 1.0279
2 62040481 2
2 62063756 2.5345
2 62095254 1.8197
2 62101619 1.2164
2 62131599 1.7887
2 62135170 2.784
2 62168635 2
2 62170794 2
2 62210768 1.39409748117316
2 62221264 0.798611251712947
2 62233191 0.13372473799019
2 62265785 0.15072041300103
2 62271380 2
2 62275409 1.4127
2 62282390 1.91194872322777
2 62284452 0.13763718635355
2 62288327 1.0789
2 62293204 0.988088887353178
2 62294562 0.936834634849755
2 62300355 1.44491403020495
2 62311124 2.1380216691872
2 62318163 0.386402800140914
2 62323068 2.978
2 62363689 2
2 62372638 1.23015221040544
2 62389406 0.900602568046072
2 62390007 1.5831811558589
2 62397325 2
2 62399387 2
2 62399894 2
2 62413752 0.1339
2 62430501 0.3193
2 62432047 0.2372
2 62439043 2
2 62452967 0.1061
2 62461048 2
2 62468967 0.5343
2 62481268 2
2 62492472 0.0673469339497548
2 62495157 2.01162849191563
2 62498579 1.1659
2 62498727 1.6189
2 62505668 2
2 62508564 2
2 62517889 2
2 62521055 2
2 62523635 0.757923274721892
2 62533341 0.355742839194942
2 62553190 2
2 62560944 1.6165
2 62562143 2
2 62577347 1.07654421064073
2 62579224 0.2047
2 62579956 0.370479116150758
2 62583882 1.512
2 62592292 2
2 62609149 0.197
2 62611801 2.4622441500509
2 62630481 0.410637875909697
2 62630484 1.4994
2 62634822 1.00022558265674
2 62639018 2.0548
2 62665247 1.06264748586587
2 62675813 0.1392
2 62682146 1.3258470093047
2 62683142 0.0076
2 62726775 2
2 62774200 0.873729342356176
2 62829571 0.9018
2 62841977 1.09482685925984
2 62859504 1.57496517406613
2 62860498 1.25234974719956
2 62864291 0.879090159007174
2 62888050 2.6507
2 62954546 1.305
2 62975862 0.1392
2 63011211 2
2 63019832 6e-04
2 63026921 0.623528183967311
2 63064953 2
2 63067654 0.258168580480931
2 63092869 0.0687
2 63099281 1.18669573563891
2 63103340 2
2 63113935 0.0157
2 63131125 0.4741
2 63191440 2
2 63198370 0.5059
2 63201607 0.730798076562149
2 63208720 2.6444
2 63223794 0.717431841476324
2 63229869 0.512308862981695
2 63230601 1.23847865524353
2 63231246 2
2 63257919 2.04560330290591
2 63264034 0.693821426296248
2 63285158 0.0120607869873317
2 63291350 2.6681
2 63296293 0.44857923894014
2 63297479 0.779052363634375
2 63315063 2
2 63327325 0.606050731453287
2 63327672 0.251282577394873
2 63333944 0.751520461041777
2 63335011 1.75529944997928
2 63341473 1.37117447586199
2 63354684 1.15694945618859
2 63367515 0.195565632697329
2 63379084 0.660572726317663
2 63385509 0.728482457148995
2 63387025 0.250860511142065
2 63392430 1.52449974406526
2 63392497 1.08088323635395
2 63398473 1.61464079935744
2 63425269 0.572556905162519
2 63448221 0.6542
2 63449437 2.97241735972359
2 63469078 0.4793
2 63497661 0.286418086602133
2 63509471 0.57032196874245
2 63518288 0.484974021502452
2 63535793 0.4793
2 63557245 1.07280758210506
2 63558803 0.4521
2 63571199 1.27409752615014
2 63575368 8e-04
2 63575754 0.460588335257827
2 63623762 0.9935
2 63659578 0.655852275090989
2 63665593 0.435574559221117
2 63674566 0.199703843744506
2 63681998 1.6367657435784
2 63685781 0.2548
2 63690031 0.793576085280521
2 63696427 0.4034
2 63699063 0.491921212854434
2 63703215 1.46034535171335
2 63705739 2.39651840697122
2 63706189 0.9028
2 63721535 1.91670986442623
2 63809304 2
2 63817693 0.685492453882588
2 63829804 1.4149
2 63858880 0.94444716288244
2 63886068 0.5543
2 63907760 0.30536128104241
2 63909713 0.1316
2 63928224 0.336775715549569
2 63946620 0.42176147561098
2 63966490 0.5543
2 63994061 0.679234327016944
2 64000692 1.17227076871569
2 64008071 0.4692
2 64009354 1.1598
2 64012716 0.1316
2 64017336 0.0542994208588703
2 64041510 0.5543
2 64074580 1.6160944788269
2 64118980 2.21304139676735
2 64119013 0.8847
2 64133299 0.8851
2 64140560 0.8935
2 64144435 1.0802
2 64168489 1.3234
2 64172179 2
2 64184909 0.8523
2 64195225 0.7882
2 64240619 0.99977458515568
2 64257106 2
2 64257504 2
2 64257995 0.381267933933234
2 64313993 2
2 64342706 0.9376
2 64361853 0.177
2 64369246 0.473
2 64378691 0.4375
2 64382845 0.444
2 64387205 0.9224
2 64388453 0.444
2 64389923 0.9224
2 64391841 0.3691
2 64418632 1.6414
2 64431397 0.961476591567608
2 64438633 0.332870791086721
2 64441890 1.12389895108599
2 64446314 2
2 64460643 2.35283942088362
2 64483531 0.6482
2 64490926 0.6421
2 64494313 0.9675
2 64505643 2
2 64532308 2
2 64541061 2
2 64542347 2
2 64543747 2
2 64544006 2
2 64568303 2
2 64589949 0
2 64621400 5e-04
2 64638702 0.665119210664481
2 64659737 1.5234
2 64660248 2
2 64668597 2
2 64668769 2
2 64678048 2
2 64678764 2
2 64690936 2
2 64696177 2
2 64696903 2
2 64720397 2
2 64721019 0.226451426758798
2 64728351 0.3521
2 64740415 3e-04
2 64741056 2
2 64743997 0.0282
2 64757892 0
2 64759214 0.0339
2 64762461 0.456696599579736
2 64782483 2
2 64785444 1.049
2 64802681 0.5984
2 64823934 0.4218
2 64859817 2
2 64864467 0.0143
2 64889250 1.91968992119045
2 64891021 1.5711
2 64902275 0.660742771065366
2 64911320 0.9595
2 64916815 0.78516926414325
2 64920565 0.413281866766922
2 64932462 0.571646464720976
2 64973484 1.3423229417643
2 64979880 1.1194
2 64980047 1.1194
2 64986688 0.2868
2 64997954 1.95379009236708
2 64999329 2
2 65002777 2
2 65022432 1.232
2 65025251 0.546330195236803
2 65030192 1.1366
2 65049178 2
2 65052089 2
2 65065436 2
2 65080576 2.6681
2 65081098 2
2 65099338 0.1068
2 65099908 2
2 65108149 0.1068
2 65112439 0.1068
2 65115560 0.115497016776363
2 65117252 0.716892948479685
2 65126738 0.592634899834412
2 65128445 1.3352
2 65131230 2
2 65146616 0.0749
2 65146993 1.01851412910484
2 65153038 0.417627828616795
2 65163601 2
2 65171236 2
2 65175744 0.1682
2 65186730 0.80709611182389
2 65206848 1.54381823656392
2 65222628 3.1148
2 65226310 0.437785813388966
2 65230136 0.0078
2 65230914 1.78140386161941
2 65231966 1.28102959954762
2 65237309 0.0776467286955665
2 65244672 0.383
2 65249266 0.383
2 65268753 0.849517178311949
2 65268941 0.251651869050769
2 65276966 2
2 65293942 1.01899983589123
2 65313771 2
2 65317416 2
2 65317558 1e-04
2 65323056 0.5694
2 65339112 5e-04
2 65349281 1.0698
2 65373050 1.7978
2 65373188 0.7122
2 65376303 0.7122
2 65377780 0.6422
2 65379519 0.2544
2 65388087 0.634222995562024
2 65412994 0.440988719981488
2 65422112 3.289
2 65425670 3.1166
2 65434492 0.3757
2 65449559 2
2 65450947 1.78264949368164
2 65456694 2
2 65462666 2
2 65486769 2
2 65496669 0.404989678911786
2 65504712 0.1256
2 65524468 0.0107
2 65551022 5e-04
2 65552889 2
2 65556743 2
2 65559027 0.8925
2 65560021 0.0162
2 65567170 0.6347
2 65567514 0.6347
2 65583707 0.1194
2 65584346 0.1194
2 65592474 2.6037
2 65660217 2
2 65677106 0.9394
2 65728026 1.5298
2 65738731 1.14125777461328
2 65741093 0.645239317727262
2 65757036 1.18359605188531
2 65762796 0.329802451180481
2 65817930 1.18274680383435
2 65842135 2
2 65850264 2
2 65850735 2
2 65854240 1.1983
2 65856086 1.1983
2 65868362 2
2 65872039 2
2 65872792 0.4496
2 65874941 0.4496
2 65876288 2
2 65876852 0.0405
2 65878376 2
2 65882386 0.543577676363085
2 65903992 1.2538
2 65921332 1.21489333794201
2 65925843 0.297888083962329
2 65930354 0.465071458124372
2 65931010 0.294279750586126
2 65933091 1.1107578269454
2 65934986 0.566703505799036
2 65955797 2.44595427532037
2 65958818 2
2 65959113 0.693383631023226
2 65963221 0.3889
2 65965699 1.56319779986494
2 65967285 0.495926786585609
2 65968333 0.982846150613723
2 65976665 1.13261914430251
2 65984553 0.819453105725872
2 66009628 0.854
2 66010254 0.854
2 66015355 0.854
2 66015427 1.7096
2 66017022 0.6215
2 66020426 0.6728
2 66024609 0.689062758759594
2 66034398 0.407424623728973
2 66092767 2
2 66117541 0.805954752751212
2 66124478 0.7281
2 66139533 0.793294159238285
2 66141257 0.7998
2 66151020 0.207297250243628
2 66154514 0.283136747954159
2 66164384 0.0758109504464377
2 66202112 0.7737
2 66202114 0.7737
2 66208961 0.7958
2 66230996 0.125299441676117
2 66248998 0.9566
2 66256503 0.1813
2 66263087 2
2 66285417 0.895
2 66287778 0
2 66310614 0.0126
2 66311512 0.0126
2 66320169 2.4949
2 66348224 0.5536
2 66356623 2.4949
2 66361672 0.00938399147495367
2 66365279 0.682792887247758
2 66398243 0.576020350700317
2 66424612 0.131953065157146
2 66425823 2
2 66428695 2
2 66429392 5e-04
2 66468331 0.0873598877593116
2 66473820 0.579864717299254
2 66484116 0.190296829840024
2 66484811 0.530308250605903
2 66492095 0.661038076596306
2 66495079 2.03606276480461
2 66498018 0.550034086564947
2 66535016 0.297369855015282
2 66541098 0.5863
2 66542022 0.638538135632634
2 66544731 0.712780841454819
2 66557811 0.847018623163413
2 66559796 1.2490185889551
2 66580257 0.9996
2 66583730 0.0273
2 66595854 2.4949
2 66607167 2
2 66630657 2
2 66634729 2
2 66636633 1.8804
2 66640218 2
2 66643099 2
2 66645798 1.8804
2 66655093 1.897
2 66657380 1.8804
2 66659342 1.8804
2 66669133 2
2 66700727 0.3583
2 66707459 0.402033220173098
2 66712390 0.2745
2 66728132 0.3639
2 66749222 0.7993
2 66775136 2
2 66775210 5e-04
2 66775657 0.963906402153792
2 66799823 2
2 66818010 0.958778228533995
2 66823794 0
2 66829125 1.6465394983786
2 66833864 1.9825
2 66844927 0.6435
2 66852811 0.851740905437226
2 66854430 0.509127446979656
2 66869321 0.491598049960796
2 66874338 1.7997
2 66881975 2
2 66882684 1.7997
2 66883671 1.17565917214189
2 66969164 0.8364
2 66970186 1.07008217675858
2 66988765 0.536918517942354
2 67006763 0.7664
2 67022475 0.1326
2 67024819 0.7664
2 67035582 1.72376936815614
2 67039060 2.05952662769635
2 67042838 0.2815
2 67052916 5e-04
2 67054912 1.3097
2 67055444 0.3012
2 67060799 0.342092307769968
2 67061903 0.169895286832067
2 67064245 0.957462507618553
2 67065335 1.7421
2 67072799 0.484211316876497
2 67076833 0.62108267041385
2 67078208 0.2636
2 67079878 1.08768732371242
2 67082307 0.152941215655229
2 67084747 0.0078
2 67084880 0.94854848821354
2 67089454 0.307945452705877
2 67099163 1.7067
2 67103591 1.13156024950764
2 67123310 2
2 67123477 2
2 67132910 2
2 67134264 2
2 67148917 2
2 67183987 2
2 67191674 2.2
2 67194356 2
2 67200023 2
2 67202014 2
2 67204724 2
2 67218961 0.8313
2 67222767 2
2 67234517 2
2 67245498 0.1862
2 67263247 2.4561
2 67272783 2
2 67293443 0.612
2 67293718 0.5223
2 67305007 0.612
2 67334309 1.1293
2 67368064 0.6743
2 67377501 0.461
2 67392481 1.131
2 67401517 2
2 67403344 1.1207
2 67405935 1.37243932112221
2 67428745 1.131
2 67446691 2
2 67446910 0.2967
2 67447178 0.9506
2 67451642 0.9506
2 67458688 2
2 67476569 2
2 67483537 0.525622532367376
2 67485430 0.9573
2 67491427 2
2 67492625 1.2322
2 67497688 0.2753
2 67500602 2
2 67518673 2
2 67520762 1.0018
2 67525105 0.4233
2 67529270 1.0181
2 67545012 2
2 67546230 2
2 67549386 0.162845415951623
2 67549728 0.443150566582703
2 67550026 1.05016128670428
2 67557866 2
2 67562274 2
2 67566194 2
2 67568720 2
2 67569038 1.2404
2 67576089 1.1492
2 67580831 2
2 67581011 2
2 67590049 2
2 67594281 2
2 67612058 1.3447
2 67617222 1.2404
2 67625121 1.95937266640718
2 67625704 2
2 67631534 0.146016014631212
2 67634302 2
2 67641589 1.2404
2 67649026 0.700733764973882
2 67656770 0.310788609995615
2 67667974 0.0078
2 67671257 0.119977866225371
2 67673061 1.18541161794468
2 67684650 0.0078
2 67686489 0.388016803639334
2 67687716 2
2 67690757 2
2 67690987 2
2 67691050 2
2 67692574 0.0207677198595873
2 67693905 2
2 67696657 0.178
2 67700925 0.1854
2 67745696 0.1564
2 67746028 2
2 67769880 2
2 67772744 2
2 67785218 2
2 67801171 0.3189
2 67804781 2
2 67804783 2
2 67806028 2
2 67816884 0.734341298542793
2 67819225 1.06474164578635
2 67819273 0.6649900087226
2 67820952 1.33804691854356
2 67823364 0.302376576988227
2 67823467 0.848609183672036
2 67823766 1.01562319583333
2 67830480 2
2 67831511 2
2 67834575 2
2 67842758 0.4686
2 67843093 0.7773
2 67844073 0.2044
2 67844089 0.500163513960534
2 67848862 0.825696863454744
2 67865116 2
2 67865272 2
2 67874907 2.4013
2 67882754 2
2 67894203 2
2 67913645 2
2 67926424 0.2883
2 67945395 2
2 67946263 0.0613414677136971
2 67951966 2
2 67971387 2
2 67974116 2
2 67975970 1.3639890848197
2 67981813 2
2 67982007 1.32
2 67996393 2
2 67999610 2
2 68012435 2
2 68017364 2
2 68022242 2
2 68024698 0.8112
2 68030160 2
2 68124360 0.394753844625462
2 68127541 0.285812626247135
2 68132765 0.152779477305775
2 68137697 2
2 68140975 0.733869572069044
2 68141048 1.3444032376265
2 68159768 2
2 68175228 0.7858
2 68198322 0.109946656097519
2 68198402 5e-04
2 68218222 0.468592942745162
2 68220788 1.17289754413733
2 68227553 0.00112142486115704
2 68229914 0.25312626534602
2 68231288 1.41995936726314
2 68232222 0.5727
2 68245378 0.7858
2 68249729 0.157457968464452
2 68250816 0.159253412401882
2 68251787 0.809174353407321
2 68255526 0.576816573202677
2 68267078 0.955727748483515
2 68268331 0.504728167380006
2 68271376 0.693374217310937
2 68282878 1.5344
2 68305282 2
2 68314859 2
2 68319242 0.8535
2 68321028 1.7862
2 68337010 0.4766
2 68337621 2
2 68338247 2.6037
2 68346311 0.6428
2 68355437 0.5582
2 68362678 2
2 68366013 0.350453437506981
2 68367631 0.614715622918909
2 68371797 0.528847701245551
2 68371823 0.932719419294888
2 68372874 0.874304138223863
2 68374025 0.513446355544285
2 68375126 0.0493263672511534
2 68375529 1.33896447349675
2 68378588 0.00381324694568543
2 68385160 0.980449506054031
2 68397478 2.3749
2 68401677 0.146628853650118
2 68403793 0.4366
2 68406152 1.7103
2 68410736 0.4366
2 68412585 1.5075
2 68419963 2
2 68424268 0.810018189377874
2 68433582 0.272282131339171
2 68499478 2.1063
2 68510324 0.168395191722484
2 68513387 1.6394
2 68523906 5e-04
2 68541676 0.329691469374913
2 68544863 0.294935690233487
2 68548833 0.79119689464776
2 68564509 0.0889085387854391
2 68567836 0.154528596927379
2 68574534 0.7371
2 68574975 0.355592992930603
2 68575340 0.00838089431107807
2 68580092 0.661347675899322
2 68607595 0.401339214901159
2 68608064 0.772846191565873
2 68619029 3.1148
2 68666995 1.1298402916122
2 68671295 0.0353092480600858
2 68673783 0.260412832624529
2 68678086 0.0485294926972467
2 68678175 0.0755563659755162
2 68678805 0.892535101391499
2 68679938 1.26480632049887
2 68682401 0.7855
2 68694194 0.284867692898516
2 68696818 0.10531812508597
2 68698431 0.315599143632919
2 68698601 0.284588625344275
2 68703761 0.886723332894227
2 68707325 1.77997807195586
2 68710771 1.98416253234788
2 68718371 1.8978283075492
2 68727650 2.46759476781471
2 68730100 1.01532445482749
2 68765666 0.567398988106378
2 68773604 0.1102
2 68776149 0.7446
2 68777850 0.6885
2 68802558 0.2691
2 68803018 2
2 68810355 1.72841672992744
2 68811464 0.8851
2 68817396 0.543608376129011
2 68824188 0.902
2 68838361 0.638501827449921
2 68838709 0.04555075007541
2 68846514 1.6444
2 68864924 2
2 68867772 0.156
2 68887931 1.657
2 68889895 1.3566
2 68900518 2
2 68906667 0.1616
2 68920434 0.4414
2 68970515 2
2 68987834 2
2 68991127 1e-04
2 68991569 2
2 68993437 2
2 68995998 2
2 68999250 2
2 69000007 2
2 69001774 2
2 69006395 2
2 69027925 2
2 69035025 2
2 69069781 0.0556
2 69074176 0.0915291545670995
2 69075058 0.2607
2 69075905 0.5779
2 69082685 0.2607
2 69096709 1.5556
2 69103313 2
2 69110819 2
2 69113145 0.0625
2 69120509 0.7493
2 69131180 2
2 69135299 1.3679
2 69165138 1.2864
2 69165487 2
2 69180913 2
2 69183301 2
2 69193314 0.378805724194462
2 69201833 2
2 69277666 1.6021
2 69336050 2
2 69344728 0.229277345866425
2 69386794 2
2 69397617 0.835536429409534
2 69398506 2
2 69403427 2
2 69412779 1.15867163205703
2 69418362 2
2 69433082 2
2 69446899 0.234686470521415
2 69453303 2
2 69456325 2
2 69468869 0.189099880013533
2 69503998 2
2 69505135 0.825348891695449
2 69535406 2
2 69572839 2
2 69580793 2
2 69586581 2
2 69590901 2
2 69606250 2
2 69645816 2
2 69656208 3.3009
2 69656304 2
2 69659211 2.0678
2 69663158 2
2 69666065 2.8286
2 69671757 2
2 69679963 2
2 69686070 2
2 69689269 2
2 69704291 2
2 69727181 2
2 69730080 2
2 69734380 2
2 69758512 2
2 69762863 2
2 69763736 2
2 69803337 2
2 69830316 0.3469
2 69836395 0.7429
2 69853265 0.964833367129168
2 69890289 2
2 69895573 1.232
2 69905544 2
2 69910642 2
2 69924745 2
2 69927002 2
2 69933526 2
2 69948922 0.472335587887568
2 70107315 1.05306613021407
2 70129092 2
2 70129342 2
2 70134585 2
2 70135386 1.58375535957246
2 70142804 2
2 70173976 0.9108
2 70193459 0.0078
2 70277840 0.976920336545664
2 70312721 1.40237501310538
2 70315358 0.705537335880661
2 70323964 0.4116
2 70324775 0.4116
2 70338595 0
2 70368333 0.564
2 70375713 0.990478722615372
2 70376741 0.823773442158034
2 70378383 0.717210603988381
2 70379742 0.3124
2 70392122 0.673552596334697
2 70398533 2.27362313408841
2 70400229 1.09343333527921
2 70402649 0.582132039740161
2 70410726 2.2314
2 70411017 2.2314
2 70413526 2.2314
2 70416509 2.2314
2 70423316 0.0626
2 70426775 2
2 70428685 0.0273
2 70431405 2.9959
2 70434179 0.2392
2 70434528 0.5938
2 70461249 1.9848
2 70476715 2
2 70476898 2
2 70492787 1.0337
2 70495631 1.0337
2 70511360 1.2182005140718
2 70520247 0.27754549955011
2 70538950 0.193406161662847
2 70547862 2
2 70556695 2
2 70563764 1.73081623193263
2 70566748 5e-04
2 70569344 2
2 70571728 2
2 70580127 0.7155
2 70584094 2
2 70588824 2
2 70612674 1.38905532522456
2 70623338 2
2 70623808 2
2 70624467 2
2 70637372 2
2 70643566 2
2 70671612 2
2 70687669 2
2 70687675 2
2 70703945 2
2 70704207 2
2 70717833 2
2 70718119 1.3862
2 70719385 1.1826
2 70721045 1.1826
2 70724443 0.9485
2 70724496 1.2743
2 70724591 1.4691
2 70739272 1.3649
2 70739817 1.3862
2 70746331 1.3649
2 70755580 2
2 70770198 0.9485
2 70771105 0.939
2 70774965 1.3698
2 70776442 1.3698
2 70777362 0.7246
2 70778549 0.309
2 70779500 0.939
2 70779700 2
2 70781264 0.939
2 70789404 0.9485
2 70789599 0.9485
2 70789685 0.9485
2 70796256 2
2 70828618 2
2 70843647 0.7562
2 70849618 2
2 70859430 0.12
2 70872383 2
2 70879750 0.578179965142243
2 70884060 0.349276019845761
2 70901368 2
2 70913633 1.1352
2 70920915 0.561780682711254
2 70923912 1.16242146689711
2 70948240 0.589
2 70984685 0.1394
2 70987895 0.1394
2 71007001 5e-04
2 71023559 2
2 71031445 2
2 71033733 2
2 71039186 2
2 71050047 1.5183
2 71051016 0.459583157111708
2 71061549 2
2 71063256 2
2 71063512 2
2 71063957 1.573
2 71067352 0.859799726563191
2 71067422 1.5861
2 71070267 2
2 71070852 1.4025
2 71085971 2
2 71086132 0.2021
2 71087332 0.228
2 71088048 2
2 71094745 2
2 71103080 2
2 71121758 0.6623
2 71138379 1.3626
2 71150423 0.7131
2 71152958 0.0263
2 71153058 1.2868
2 71157223 0.1152
2 71158342 0.4472
2 71162717 2
2 71168106 1.45
2 71172065 2
2 71182903 2
2 71193836 0.19267723205134
2 71212952 2
2 71224300 1.5653
2 71227813 2
2 71229672 1.5653
2 71240989 2
2 71251765 1.5814
2 71255786 1.5814
2 71261739 2
2 71264481 2
2 71307498 0.5748
2 71329808 2
2 71341565 0
2 71346678 0.0453
2 71355154 2
2 71361815 0.0015
2 71370362 2.0148
2 71370977 0.0453
2 71373296 0.359481652285222
2 71377336 2
2 71380945 2
2 71421612 1.5822
2 71441416 0.0078
2 71451402 2
2 71466675 0.8531
2 71467951 0.8531
2 71470729 2
2 71478472 0.4539
2 71479567 0.1484
2 71480042 0.1284
2 71482938 1.042
2 71490623 1.0331
2 71497300 0.1074
2 71504659 0.8978
2 71505340 0.8978
2 71506534 1.0022
2 71518727 0.1395
2 71520593 1.0223
2 71523543 1.05755608032936
2 71531704 0.3562
2 71533144 0.4266
2 71537632 1.6841
2 71538005 0.3902
2 71552626 0.2102
2 71574434 0.5435
2 71577522 0.756043759435306
2 71585620 2
2 71590441 2
2 71594408 0.0425
2 71618320 3e-04
2 71618349 0
2 71618781 2
2 71623605 0.5666
2 71626293 2
2 71629632 2
2 71636511 2
2 71655403 0.280539767814302
2 71655587 0.694350228492001
2 71687308 1.1926
2 71689075 1.1303383449515
2 71701692 0.619090686004236
2 71702645 1.51607887960214
2 71710336 2.09312370473744
2 71735321 2
2 71759290 2
2 71767538 2
2 71769065 2.4202
2 71769270 2
2 71769689 2
2 71769746 2
2 71769754 2
2 71770104 1.37823846454766
2 71786432 0.6107
2 71798205 2
2 71807920 2
2 71810357 2
2 71817658 0.0507
2 71823620 2
2 71823902 0.0507
2 71832374 2
2 71836610 2
2 71838164 2
2 71839116 0.0507
2 71845807 0.0507
2 71856650 0.0389
2 71877443 1.1662
2 71882329 2
2 71884400 2
2 71885313 1.6216
2 71953633 2
2 71955816 2
2 71963454 0.0294
2 71968863 0.382229929674191
2 72004857 2.0025
2 72021909 0.0710517707108489
2 72036681 0.3015
2 72046629 2
2 72101014 2
2 72103986 2
2 72129498 0.7371
2 72167884 0.9969
2 72171806 1.3404
2 72188674 1.1664
2 72198163 1.1664
2 72198310 1.1664
2 72255170 0.9517
2 72268448 0.8691
2 72277680 0.7391
2 72279809 0.7608
2 72281338 0.7608
2 72283256 0.7608
2 72294690 0.115941668506256
2 72409320 0.8851
2 72423808 0.8851
2 72503882 0.3098
2 72518553 0.0564
2 72535515 0.0564
2 72540649 0.0564
2 72556750 0.5006
2 72561294 2
2 72575137 0.0564
2 72582114 0.0564
2 72593257 0.0564
2 72594996 0.0564
2 72652660 1.423
2 72666823 2
2 72697217 0.4494
2 72707055 0.4494
2 72758003 0.0624
2 72776357 1.4140455023455
2 72848522 2
2 72852860 0.952656857024065
2 72860910 0.304937399217338
2 72909831 0.4749
2 72913051 0.377
2 72936238 0.3717
2 72942934 2
2 72945843 2
2 72949812 2
2 72978004 3.3041
2 72982259 3.3041
2 73026851 2
2 73041898 2.1923
2 73050390 3e-04
2 73055900 0.706
2 73077170 0.7116
2 73093176 0.706
2 73097041 0.706
2 73109960 0.7116
2 73133102 0.7281
2 73139930 0.7281
2 73143554 0.4629
2 73149486 3.0021
2 73150417 3.0021
2 73154187 0.5234
2 73173680 0.4505
2 73180984 0.4505
2 73181102 0.8202
2 73185234 0.7281
2 73189642 0.8202
2 73193714 0.4505
2 73193790 0.4445
2 73205033 0.7281
2 73213774 0.4693
2 73219529 0.4888
2 73234355 0.4109
2 73245296 1.4103
2 73246683 5e-04
2 73276108 2
2 73308316 2
2 73308952 2
2 73311887 2
2 73318916 2
2 73363423 2
2 73382800 0.415558542873094
2 73394898 0.627094163835872
2 73395076 5e-04
2 73407494 0.0734060254395854
2 73416798 0.3845
2 73461657 0.763321266537545
2 73463856 0.3293
2 73474140 2
2 73476876 0.534542971191848
2 73478625 0.598506191319404
2 73480208 0.338390664887654
2 73481770 0.462897661681662
2 73498041 0.112965818189951
2 73498511 0.581888693736035
2 73499574 2
2 73521580 0.341883257477024
2 73543035 0.377866403244893
2 73546742 1.03906852054415
2 73574507 2
2 73577581 1.22092857635927
2 73591809 0.288087665432034
2 73614591 0.116944203536294
2 73640735 0.249277675731513
2 73644244 1.88923894163518
2 73646779 2
2 73648305 0.3997
2 73663555 0.906261488272811
2 73664830 1.8704352185833
2 73680569 2
2 73685772 0.942265171041223
2 73691060 0.8403
2 73692994 2
2 73693355 2
2 73695799 2
2 73700005 2
2 73710041 2
2 73710312 2
2 73712983 2
2 73718970 0.7926
2 73724057 0.7926
2 73729521 0
2 73729617 0.7926
2 73808753 0.0015
2 73892492 1.0747
2 73894451 1.36041108715058
2 73897401 0.1628
2 73897933 0.1628
2 73902347 0.306584760128173
2 73912408 0.589607227496724
2 73914190 0.114618866897228
2 73920163 0.3201
2 73947182 2
2 73969982 2
2 73990214 0.3267
2 73998621 1.8497
2 74061363 0.207153082206846
2 74078929 0.3135
2 74080705 0.6383
2 74118653 2
2 74120467 2
2 74123726 2
2 74123857 0.0078
2 74127760 2
2 74136217 2
2 74147514 2
2 74147757 2
2 74154536 2
2 74164431 2
2 74174822 0.9987
2 74280082 2.3652
2 74302716 3.1148
2 74341506 3.1148
2 74474169 3.1148
2 74476176 3.1148
2 74498017 0.0383
2 74510513 3.1148
2 74628996 2
2 74636587 2.978
2 74642275 2.13
2 74673368 1.97963906929763
2 74720934 0.29869219636258
2 74733321 1.5483
2 74736212 0.0263
2 74738884 1.3198
2 74751869 1.87950031928997
2 74757318 0.2588
2 74759197 0.2588
2 74770955 0.5281
2 74771259 0.5281
2 74779774 0.2651
2 74781157 0.2588
2 74790705 0.3068
2 74793400 0.2588
2 74795142 0.0078
2 74813152 0.6107
2 74817885 0.6107
2 74822557 1.30770313157636
2 74826265 0.358048078322004
2 74831015 1.19437591417266
2 74846928 2
2 74877443 0.9833
2 74888599 0.5706
2 74912658 2
2 74924017 2
2 74934318 1.2533
2 74954768 0.89148873019687
2 74956809 0.270503111812988
2 74971542 1.04788868367718
2 74978498 2.1514600357188
2 74979286 0.8676
2 75000870 2.10629110981455
2 75008573 1.92689742133145
2 75014130 0.166351941515887
2 75017233 0.114406723250221
2 75017781 1.75695061955015
2 75030119 1.31703009051513
2 75066030 2
2 75092606 2.4474
2 75095328 2
2 75103097 0.9297
2 75138448 0.9206
2 75143590 0.9206
2 75144150 0.8945
2 75152480 0.7832
2 75153401 0.84
2 75163974 2
2 75169940 0.0742
2 75184528 0.9418
2 75193561 2
2 75212031 2
2 75214181 2
2 75215067 2
2 75215680 2
2 75251014 2.0296
2 75257791 2
2 75290373 2
2 75295024 2
2 75319467 2
2 75322641 2
2 75324390 0.6111
2 75327232 2
2 75329522 2
2 75329912 2
2 75332947 2
2 75338681 0.6053
2 75355705 2
2 75371005 0.2961
2 75371726 0.2961
2 75372367 0.2961
2 75374151 5e-04
2 75378843 2
2 75383684 2
2 75389972 2.1424
2 75390369 0.5829
2 75391419 0.3307
2 75392413 0.3371
2 75398208 0.59536933351643
2 75402783 0.1855
2 75409235 1.7295
2 75411792 0.326786452883536
2 75413197 1.7295
2 75423972 2.1427
2 75426685 2
2 75431741 2
2 75444869 0.1013
2 75449833 0.0709
2 75466776 0.9261
2 75471150 0.8435
2 75474287 0.7958
2 75493246 1.6501
2 75509386 1.2714
2 75534059 1.0962
2 75548984 5e-04
2 75556421 0.4787
2 75569824 1.3408
2 75587782 0.9674
2 75595855 2
2 75598354 2
2 75601066 0.401189020836855
2 75602159 0.443627851137734
2 75609694 1.3136
2 75609988 2.0616
2 75616665 2
2 75620317 2.5493098540491
2 75627490 0
2 75637534 2
2 75639110 0.127527777708869
2 75639255 1.61974591847321
2 75684259 2.23504554751442
2 75686345 1.68632193743454
2 75700996 1.0616
2 75710261 0.820916571014886
2 75725243 2
2 75726757 1.767
2 75813963 2
2 75823266 5e-04
2 75825625 2
2 75845092 2
2 75851944 2
2 75869648 2
2 75899253 2
2 75934144 2
2 75960311 2
2 75975114 2
2 75980298 1.4034
2 75994333 2
2 75995984 2
2 75999558 2
2 76001521 2
2 76010942 2
2 76014181 0.673300498318955
2 76015183 0.0273
2 76045699 1.99457583279836
2 76057197 1.59990692278506
2 76071996 0.4782
2 76072332 0.16346014352468
2 76075103 2
2 76076200 1.67175698576967
2 76086613 1.4545
2 76088283 1.83597581707582
2 76088526 1.65830914656103
2 76126437 0.507123309710853
2 76126439 1.4531
2 76128610 0.671706697816579
2 76129595 1.14292765721584
2 76132486 1.1693
2 76139533 0.355764147558105
2 76143670 1.27828649097941
2 76150727 1.23022337324655
2 76154397 2
2 76164176 0.760185829936048
2 76166715 1.5102
2 76193053 2
2 76196731 3.2987
2 76227626 0.8253
2 76235691 0.7525
2 76236021 2.978
2 76261438 2
2 76273303 0.1804
2 76310478 0.5766
2 76313781 2
2 76315520 0.0162
2 76325700 0.0447
2 76326037 0.0447
2 76328881 0.0162
2 76359206 2
2 76376501 0.6875
2 76385177 2
2 76386134 0.0162
2 76431862 0.142982063012481
2 76439610 2
2 76442153 2
2 76446120 0.8535
2 76447211 2
2 76453863 0.3395
2 76462081 2
2 76470908 0.0963
2 76471584 0.0963
2 76477464 0.8535
2 76478067 2
2 76487604 2
2 76489412 2
2 76492043 0.0963
2 76516099 2
2 76516113 2
2 76518389 2
2 76527936 2.823
2 76533735 0.4502
2 76534699 0.4502
2 76558294 2
2 76565320 1.2864
2 76574011 0.3581
2 76575063 0.646149760685733
2 76575863 2
2 76576416 0.4222
2 76578700 1.2863
2 76590392 0.3865
2 76590624 0.2431
2 76591361 5e-04
2 76604262 1.46461719515635
2 76612425 2
2 76616900 2
2 76631348 2
2 76636948 0.4231
2 76653818 0.4231
2 76657653 0.8861
2 76659922 2
2 76662285 2
2 76666579 1.19313474784836
2 76674322 0.420245080909536
2 76700573 0.9901
2 76706734 2
2 76716990 0.440452801781538
2 76719212 0.359805009794278
2 76720220 2
2 76726974 0.9003
2 76733104 0.9898
2 76734301 0.4745
2 76736458 0.4613
2 76742252 0.9003
2 76749500 0.6412
2 76789119 0.5292
2 76793487 0.5851
2 76796627 1.2703
2 76796631 1.2703
2 76797467 0.6799
2 76816849 0.0018
2 76898374 0.8553
2 76900805 2.2356
2 76902256 2.2356
2 76902796 0.8531
2 76949108 0.7948
2 76958364 0
2 76965639 0.6908
2 76970276 0.7948
2 76970710 1.07170738459286
2 76974194 0.3293
2 76974255 2
2 76981925 0.5981
2 76990140 0.6352
2 76993388 2
2 76993734 2.6444
2 76995619 0.8531
2 76995684 2
2 76997353 2
2 76997825 2
2 76998571 0.655
2 76998802 2
2 77003724 2
2 77005253 2
2 77005747 0.6756
2 77007151 2
2 77008015 2
2 77009644 2
2 77011907 2
2 77014462 0.6756
2 77020187 0.979711545925482
2 77035327 0.655
2 77070036 2
2 77085844 0.9747
2 77130888 0.541623722872179
2 77134894 0.911035640662337
2 77145764 0.175113409688146
2 77164342 2.3652
2 77171387 2.3652
2 77177345 0.4507
2 77188529 2.2967
2 77189142 2.3652
2 77189757 2.3299
2 77191949 0.4374
2 77192605 0.6121
2 77218889 0.6121
2 77239391 0.6121
2 77243773 0.5926
2 77250536 0.6332
2 77251425 2.2073
2 77252461 0.4507
2 77256906 2.1546
2 77268018 2.1804
2 77270116 0.340997168357187
2 77307580 2.0924
2 77307993 2
2 77312739 0.107157133371347
2 77318208 0.0078
2 77332993 0.676
2 77333636 0.8765
2 77335127 1.13523336540706
2 77346478 2.7888
2 77347399 0.662192501628425
2 77356837 0.6381
2 77366163 0.47787839460039
2 77388161 1.25340827173376
2 77403354 0.0860451596512794
2 77417481 0.2093
2 77418069 0.2093
2 77422305 0.6509
2 77444988 1.3691
2 77447140 0.7919
2 77455908 2
2 77475138 0.399527409643487
2 77479222 0.74913203399994
2 77485481 1.09005178739634
2 77513488 0.974932085684591
2 77537121 0.2352
2 77545887 0.4665
2 77559126 0.3695
2 77573256 0.9687
2 77576166 1.5559
2 77579686 1.1193
2 77586324 2
2 77590315 0.8939
2 77593408 0.8939
2 77597788 0.406688309642413
2 77599553 0.9689
2 77600722 2
2 77601285 1.1658551304185
2 77630438 0.9496
2 77633483 0.9496
2 77646989 1.11407378849967
2 77662792 0.7475
2 77665486 0.7475
2 77668610 0.7081
2 77686020 0.836
2 77702919 3.1148
2 77708340 0.6721
2 77712908 1.8025
2 77719132 0.7124
2 77735244 1.1034
2 77758461 5e-04
2 77761075 0.23136522469162
2 77793751 1.35995131633189
2 77797405 1.68558119287782
2 77817408 1.0112
2 77833948 0.4545
2 77834433 2
2 77838137 2
2 77838278 2
2 77846798 0.50919988019298
2 77852620 0.7497
2 77890549 2
2 77894678 1.6737
2 77899772 1.6844
2 77906434 0.8843
2 77916289 0.8705
2 77917567 0.8348
2 77925064 2
2 77963997 1.6504
2 77967925 1.5848
2 77968096 2
2 77971711 1.5848
2 77981772 2
2 77983817 2
2 77984875 2
2 77987244 2
2 77990295 2
2 77994946 2
2 78005244 1.7305
2 78006890 1.7305
2 78010991 2
2 78013314 1.7303
2 78017463 2
2 78025837 1.7185
2 78039128 1.07153964512131
2 78042116 2
2 78046258 2
2 78065204 0.6032
2 78070225 2
2 78084114 2
2 78088510 4.202
2 78091007 1.0762
2 78093969 1.3907
2 78104593 1.5411
2 78104857 1.3907
2 78133488 2
2 78140384 2
2 78147885 2
2 78150870 2
2 78152246 2
2 78154380 2
2 78192081 5e-04
2 78337202 0.2563
2 78339780 0.2563
2 78349958 0.2563
2 78367162 0.208
2 78373452 0.2003
2 78386548 1.3413
2 78416832 2.981
2 78417410 0.2479
2 78422828 0.2479
2 78435732 0.1928
2 78436498 2.2891
2 78437192 1.2046
2 78444522 0.1854
2 78457549 1.2046
2 78471322 0.1854
2 78484145 2
2 78496632 0.4364
2 78508955 1.0798
2 78514213 0.4364
2 78516942 0.0263
2 78529678 0.4106
2 78532243 0.1928
2 78556974 0.4838
2 78575743 1.114
2 78577282 1.114
2 78579976 2
2 78610572 2
2 78610740 0.5042
2 78617775 0.8552
2 78645306 2
2 78661436 2
2 78663506 2
2 78663633 0.6236
2 78664885 2
2 78664897 2
2 78664953 2
2 78679800 2
2 78705267 0.8146
2 78710329 2
2 78720716 2
2 78727077 2
2 78740991 2
2 78741662 2
2 78747697 2
2 78747886 2
2 78752871 2
2 78757698 2
2 78763972 2
2 78774077 2.4621
2 78791061 0.3979
2 78809500 0.8851
2 78809982 2
2 78813428 2
2 78813795 2
2 78820642 2
2 78823702 2
2 78849783 3.1228
2 78850465 0.2407
2 78852299 0.2407
2 78863586 2
2 78867099 2
2 78876387 0.7345
2 78880723 2
2 78881124 2
2 78884772 2
2 78893747 0.6938
2 78902548 2
2 78908685 0.089
2 78920166 0.0843
2 78921331 0.3699
2 78926677 0.4046
2 78926703 0.1191
2 78928430 0.1191
2 78938899 0.7765
2 78946221 2
2 78949446 0.7768
2 78959702 1.1252
2 78971565 0.6662
2 78991733 0.7159
2 78995868 0.5942
2 78997700 2
2 78998419 2
2 78999655 0.2223
2 79000329 1.6708
2 79000953 2
2 79001764 2
2 79012174 2
2 79013708 0.154
2 79015476 2
2 79016974 2
2 79017454 2
2 79026692 2
2 79033991 0.1191
2 79034313 0.1191
2 79041839 2
2 79046264 0.2176
2 79050417 0.2176
2 79051282 1.1435
2 79051345 2
2 79055767 2
2 79057145 2
2 79057511 0.1191
2 79066368 1.1014
2 79070721 0.1191
2 79084625 0.0181
2 79084647 0.0796
2 79086689 0.37817948258632
2 79092252 0.278726934202333
2 79093637 2
2 79094268 2
2 79108566 2
2 79112111 1.7067
2 79117240 1.7182
2 79118672 0.0303
2 79123379 2
2 79143559 1.6525
2 79182650 1.0272
2 79192918 1.0464
2 79194839 0.7985
2 79200509 0.7993
2 79210171 2
2 79213796 0.1091
2 79221344 2
2 79231675 2
2 79234297 1.7978
2 79249183 2
2 79249720 2
2 79251733 2
2 79261709 0.7923
2 79261775 2
2 79282166 0.9886
2 79287248 0.591005218423502
2 79301515 2
2 79301568 1.417
2 79302346 2
2 79303938 1.5994
2 79304017 1.4305
2 79322248 1.1408
2 79338548 2
2 79344635 2
2 79347982 2
2 79355104 2
2 79371144 0.2866
2 79372976 0.1721
2 79373788 0.1721
2 79374503 2
2 79379275 0.1867
2 79381876 0.1867
2 79388171 2
2 79388586 2
2 79395327 0.1674
2 79404144 0.112
2 79404145 1.80560568530086
2 79457044 1.6496
2 79464436 0.6034
2 79488176 0.4927
2 79495171 0.734
2 79504036 1.232
2 79508847 1.6769
2 79533168 0.4826
2 79570404 1.0906
2 79572707 0.258
2 79576299 0.4328
2 79601803 0.4613
2 79615468 1.4876
2 79624363 1.4565
2 79627525 0.4335
2 79629270 3.2909
2 79641672 1.22250286525926
2 79645137 0.731980791681269
2 79653307 1.18782936195046
2 79656941 2
2 79667046 1.0111
2 79669661 0.882504929175271
2 79674006 0.766106227643392
2 79683727 0.6101
2 79684164 1.2205
2 79685515 0.129312317392668
2 79691329 0.2499
2 79699464 0.178898765194553
2 79706228 0.098
2 79716062 0.7681
2 79718985 0.719
2 79719316 1.3829
2 79743040 1.3003
2 79778585 2
2 79780591 2
2 79786105 1.4959
2 79794293 2
2 79796381 2
2 79798814 0.975178824438102
2 79806227 0.0502
2 79813030 2
2 79815825 2
2 79816150 2
2 79824446 0.6297
2 79827094 0.9379
2 79830397 0.5315
2 79834768 0.635024889920149
2 79837758 1.168
2 79855437 0.5961
2 79861367 0.5465
2 79874651 0.7083
2 79903184 0.32536194180661
2 79907350 0.588
2 79931458 0.7163
2 79940354 2
2 79948755 2
2 79950479 0.5649
2 79950848 0.8032
2 79960895 0.7836
2 79967977 2
2 79968213 2
2 79969773 2.4127349891871
2 79970717 1.1405
2 79971965 0.1523
2 79977162 2
2 79983878 2
2 79997629 1.004
2 80009755 0.2899
2 80010858 0.2799
2 80043260 1.43897725827625
2 80044073 0.498595811307656
2 80055066 0.0243635867897801
2 80058487 0.769000885408473
2 80070717 2
2 80087223 2
2 80091848 2
2 80099755 0.1444
2 80103107 2
2 80103168 2
2 80105025 2
2 80114148 2
2 80127293 2
2 80143801 2
2 80146927 2
2 80211662 1.4543
2 80223108 0.395
2 80224666 0.835
2 80252715 1.6212
2 80253013 2
2 80281253 1.4494
2 80297974 0.886000002917855
2 80318757 1.5415
2 80384117 0.4929
2 80456531 2.3649
2 80466175 0.3558
2 80471176 0.338
2 80516245 2
2 80519161 2
2 80542227 2
2 80547614 0.792165347313038
2 80549321 2
2 80563668 1.13318311256648
2 80563694 0.6276
2 80564856 1.83900217363489
2 80567389 0.493489310062146
2 80571290 0.9868
2 80571647 2
2 80572847 2
2 80575527 0.0629593361258703
2 80575650 1.0212
2 80576099 0.275772143435635
2 80582054 0.430083117244919
2 80582860 0.0956074983506462
2 80583298 0.906426246254369
2 80586562 1.130441055129
2 80593223 1.84364603475104
2 80613066 1.43766418578295
2 80619556 0.507099806540421
2 80640651 1.55395779192706
2 80655580 0.938401964874488
2 80669663 0.483081179445988
2 80669703 1.4797
2 80688275 0.492545765325492
2 80691135 0.961415859235959
2 80692656 0.978482093041884
2 80700908 2
2 80702659 2
2 80711765 2
2 80713316 2
2 80718420 2
2 80720862 2
2 80729794 2.7888
2 80731900 2
2 80741859 0.522957876340363
2 80757699 0.998951839759205
2 80784054 1.67100686249052
2 80793142 1.58343085841163
2 80803037 1.9464
2 80848420 0.476121067428969
2 80852388 0.6117
2 80852662 0.6117
2 80856695 0.6117
2 80930322 0.9571
2 80932207 0.5516
2 80932227 0.0281249285189392
2 80952028 2
2 80962494 2
2 80976469 2
2 81022242 0.823
2 81042472 2
2 81046409 0.8159
2 81046435 2
2 81057083 2
2 81068287 0.295692407807735
2 81087608 2
2 81089735 0.8605
2 81112234 1.40991906670785
2 81114837 2
2 81119294 2
2 81121070 1.7659
2 81129708 2
2 81131439 2
2 81132876 0.290678173190779
2 81139456 2
2 81171409 1.0793
2 81186671 2
2 81189650 0.5349
2 81193775 1.0418
2 81195011 0.5403
2 81196232 2
2 81203554 2
2 81206700 0.515342360348397
2 81211665 1.02469282159512
2 81219951 0.501786798507125
2 81221787 0.401497769842276
2 81223702 0.5349
2 81232265 0.178359659290085
2 81239058 0.3591
2 81249141 2
2 81253382 2
2 81258166 2
2 81258772 2
2 81263814 0.281375424916679
2 81268082 2
2 81295292 1.6408
2 81312849 2
2 81347121 2
2 81357281 2
2 81359205 0.201417200086689
2 81362934 2
2 81386718 2
2 81392755 2
2 81392800 2
2 81407638 1.0122
2 81408951 0.9764
2 81418614 2
2 81423003 1.0955
2 81524493 0.3732
2 81533764 2.0664825579902
2 81552279 0.3732
2 81598524 1.0435
2 81625733 0.9484
2 81656094 2
2 81711490 5e-04
2 81735666 0.838
2 81744317 2
2 81746834 2
2 81768150 2
2 81772630 2
2 81775838 0.663834798190801
2 81790249 2
2 81792568 2
2 81795603 2
2 81796932 2
2 81803556 2
2 81806519 2
2 81807088 2
2 81811569 0.8636
2 81817289 2
2 81818137 0.8636
2 81821170 2
2 81822729 0.8139
2 81822766 2
2 81824080 2
2 81826899 0.7983
2 81836121 2
2 81838558 0.7983
2 81839995 2
2 81841953 0.8251
2 81844211 0.7983
2 81848329 2
2 81853708 2
2 81864136 0.7983
2 81865105 0.7983
2 81868330 2
2 81869645 0.7983
2 81878746 0.0893
2 81881445 0.7983
2 81907975 2
2 81924496 0.7983
2 81935351 2
2 81942437 2
2 81944701 1.1211
2 81949606 2
2 81957600 2
2 81960795 2
2 81965983 2.27470224861926
2 81969821 2
2 81981580 2
2 81987356 1.0284
2 81990839 2
2 81993145 0.0799
2 81993214 2
2 81996191 0.0799
2 82004125 2
2 82007441 2
2 82010228 0.937224970948916
2 82016325 1.0284
2 82018195 2
2 82018618 2
2 82028766 0.638
2 82035643 1.2751
2 82042552 0.7887
2 82044142 2
2 82044782 2
2 82047043 2
2 82051616 0.7887
2 82053878 0.7887
2 82054805 0.7887
2 82056954 2
2 82057002 2
2 82067451 0.7887
2 82070176 0.7887
2 82071645 0.7887
2 82072397 0.7887
2 82078950 2
2 82081308 0.7887
2 82092275 2
2 82092949 2
2 82094491 2
2 82095044 2
2 82097849 0.2025
2 82108570 2
2 82114606 2
2 82116329 2
2 82124176 0.5831
2 82130063 1.0171
2 82135278 6e-04
2 82135335 0.5924
2 82135348 0.0404396765826298
2 82144954 2.2117
2 82146642 2
2 82148151 2
2 82161014 0.0107
2 82161718 2
2 82162763 2
2 82163836 2
2 82164123 2
2 82166387 0.453179696255045
2 82167519 2
2 82167805 0.25132257781066
2 82176480 2
2 82179967 0.623938955207458
2 82182508 1.086
2 82197169 0.5831
2 82202834 1.086
2 82205227 2
2 82208587 0.5831
2 82217372 2
2 82229540 0.0260180199859943
2 82232607 1.0623
2 82240397 1.0623
2 82241016 1.1662
2 82243406 1.0398
2 82255386 1.0398
2 82265105 0.3015
2 82283778 2
2 82292712 2
2 82319987 1.10683412306587
2 82320757 2
2 82326565 2
2 82341100 2
2 82351563 0.5593
2 82377466 0.5368
2 82401077 1.8809
2 82412336 2
2 82420135 0.5147
2 82438942 0.5368
2 82452696 0.5368
2 82462898 0.5368
2 82496424 2
2 82498917 2
2 82567896 2
2 82647866 2
2 82671441 2
2 82691370 2
2 82696000 2
2 82699742 1.1209
2 82716814 1.2995
2 82798258 2
2 82820760 2
2 82836468 2
2 82846485 2
2 82855436 2
2 82876584 5e-04
2 82891145 2
2 82909839 1.336
2 82910703 2
2 82930491 2
2 82946301 2
2 82951957 2
2 82952239 2
2 82956168 2
2 82962195 2
2 82978786 2
2 82984641 1.8093
2 82993188 2
2 82997070 2
2 83005358 2
2 83005464 2
2 83006667 2
2 83013281 2
2 83017896 2
2 83019949 2
2 83028134 0.9279
2 83032725 0.9279
2 83047853 0.9279
2 83048264 0.9279
2 83057980 0.9279
2 83071023 1.1089
2 83094796 1.1089
2 83128055 2
2 83144515 0.7489
2 83148421 6e-04
2 83168138 1.0911
2 83170012 0.4287
2 83170188 0.4287
2 83174163 0.4503
2 83179149 1.0911
2 83181917 1.0911
2 83182478 1.0911
2 83183434 0.7489
2 83188724 0.7489
2 83189089 0.7489
2 83190077 1.0911
2 83191646 0.7489
2 83205781 1.0843
2 83208078 1.0776
2 83209449 1.0843
2 83210940 0.7489
2 83211236 0.7489
2 83214593 0.7489
2 83219084 0.5688
2 83231386 0.325758846451982
2 83232679 0.5935
2 83240461 0.261976542895694
2 83240778 1.0709
2 83246750 0.337145045306195
2 83248103 1.31087448340232
2 83248403 0
2 83258535 0.262237889720008
2 83259434 0.693212036597469
2 83264625 0.023540536244008
2 83265659 1.0588
2 83279223 1.0588
2 83279353 0.3903
2 83288215 0.6354
2 83297224 0.3827
2 83311417 0.6226
2 83358561 1.1458
2 83375114 0.617550674623226
2 83384802 2.1852
2 83395037 0.9515
2 83414310 0.4926
2 83445248 0.4926
2 83505254 1.1168
2 83507549 0.9698
2 83511812 0.4926
2 83526494 0.84064874365096
2 83529732 0.169472109926188
2 83540395 2
2 83541078 5e-04
2 83576368 1.7067
2 83613952 2
2 83631726 1.3275
2 83640785 2
2 83647210 1.48389968668966
2 83651785 0.0502351990686051
2 83656735 0.643574754728621
2 83695114 1.4582
2 83701875 1.5052
2 83703063 1.5757
2 83704188 1.5052
2 83726593 1.5052
2 83729083 1.5052
2 83731395 0.0107
2 83734221 1.5052
2 83748998 1.5571
2 83753383 1.0307
2 83781296 2
2 83785985 1.4404
2 83790592 1.5052
2 83792422 1.4434
2 83799448 1.0307
2 83822678 0.0107
2 83834730 2
2 83837609 0.0107
2 83839599 0.0502
2 83884074 5e-04
2 83906459 1.8912
2 83922826 1.294
2 83957804 0.005
2 83969849 2
2 83985585 2
2 84103179 2
2 84104107 2
2 84111750 0.1045
2 84113627 0.9249
2 84121348 0.6507
2 84125914 0.3254
2 84129635 0.0981
2 84197215 2
2 84204114 2
2 84207436 2
2 84213880 2
2 84215564 2
2 84215699 2
2 84217551 2
2 84218737 2
2 84221815 2
2 84247081 2
2 84253901 2
2 84256886 2
2 84288247 2
2 84303067 2
2 84306555 2
2 84314497 2
2 84379769 1.7489
2 84402536 5e-04
2 84459875 0.0329
2 84482091 0.248657830366095
2 84485399 0.0681
2 84501632 0.033
2 84520182 0.0329
2 84529435 0.0329
2 84529637 0.0329
2 84535804 0.0329
2 84566555 0.0329
2 84580878 0.0444
2 84587059 0.0329
2 84588560 0.8863
2 84598698 0.0444
2 84602797 0.1059
2 84662560 0.0339
2 84663960 0.0273
2 84663961 0.0961
2 84670393 0.0273
2 84693389 1.1502
2 84771522 0.8694
2 84786442 0.8694
2 84827095 0.8837
2 84853127 2
2 84854643 2
2 84893883 5e-04
2 84893897 5e-04
2 84923251 0.233424233173473
2 84947689 2
2 84958036 1.6039
2 84965158 1.5245
2 85016660 1.5201
2 85022068 1.8782
2 85025936 1.403
2 85056206 5e-04
2 85076227 1.4466
2 85077789 0.4875
2 85100649 2
2 85102194 0.313500813469494
2 85114597 2
2 85118484 2
2 85124074 2
2 85127422 2
2 85139848 2
2 85149346 2
2 85161063 2
2 85196944 0.8418
2 85218649 1.7159
2 85233382 2.25854785123398
2 85235650 2
2 85246137 0.5439
2 85253538 0.5019
2 85264297 0.3985
2 85265879 0.3985
2 85274261 2
2 85276016 0.4692
2 85300434 1.9858
2 85308493 1e-04
2 85311308 1.8626
2 85321516 0.8081
2 85323273 0.7586
2 85325063 0.7471
2 85341423 2.0658
2 85344587 2
2 85352443 2.3299
2 85367535 2
2 85379932 2
2 85396244 2
2 85399483 2
2 85408328 2
2 85425257 0.334488964875772
2 85429665 0.98437599370483
2 85432621 2.2653
2 85450896 4.2024
2 85455976 1.1291
2 85467857 1.5709
2 85476747 0.0099
2 85486958 0.68
2 85488184 1.5201
2 85496980 0.791345694419041
2 85501457 1.5288
2 85510239 2
2 85510887 2
2 85515052 0.906260582632418
2 85549367 0.194199888854017
2 85562076 2
2 85581748 0.876108000632537
2 85587016 1.8181
2 85588831 2
2 85610446 2.3299
2 85627353 2
2 85634202 0.482265401430184
2 85638317 2
2 85669778 2.3377
2 85671775 2
2 85695737 2
2 85697961 2
2 85699067 2
2 85700461 2
2 85701860 1.3104
2 85711465 2
2 85713951 2
2 85717123 2
2 85719958 2
2 85745442 2
2 85758989 0.101888740943228
2 85765806 2
2 85789969 0.0994618413346497
2 85792595 0.2505
2 85795665 2.17424001961863
2 85796302 0.0255
2 85803828 1.3191
2 85818039 0.234682885169058
2 85822302 1.2324
2 85830697 2
2 85835797 2
2 85855470 2
2 85872568 2
2 85886159 2
2 85901524 2
2 85905905 2
2 85909241 2
2 85915903 2
2 85924366 0.2995
2 85924784 2
2 85932904 2
2 85947090 0.959028386588979
2 85955135 0.667479632567906
2 85971270 2
2 85983634 1.97655126940087
2 85999914 0.812906525395661
2 86026458 1.05741455785606
2 86061858 0.680447241701107
2 86068963 0.0399
2 86099594 2.30957529541306
2 86102864 2
2 86107076 0.558039815281788
2 86117244 0.0802
2 86129936 0.468613057641531
2 86132508 2.0482
2 86143561 0.973524636057809
2 86150426 0.116948180288391
2 86164948 1.54088108735109
2 86171083 0.238224096935496
2 86201941 0.0505
2 86206117 1.39140648584543
2 86219726 0.0505
2 86244659 2
2 86249465 2
2 86250658 0.0505
2 86252164 2
2 86259640 2
2 86261180 0.0792
2 86267377 1.8493
2 86275540 2
2 86301961 2
2 86308271 2
2 86310386 2
2 86314318 1.8645
2 86318302 2
2 86332235 2
2 86335779 0.8121
2 86336616 0.8121
2 86342281 1.4509
2 86348022 0.299450728385867
2 86351595 0
2 86406571 2.2117
2 86426672 0.942328365351228
2 86504167 0.742
2 86513740 0.7418
2 86527767 0.7418
2 86537022 0.7418
2 86538381 0.7418
2 86549257 2.0912
2 86549527 5e-04
2 86554849 0.2951
2 86569314 2.8221
2 86579642 1.2463
2 86589378 0.7156
2 86593941 0.7418
2 86606684 0.3015
2 86625582 1.30120576576326
2 86652141 0.81318740380172
2 86662837 1.50224503976994
2 86680567 1.30225687349458
2 86720660 0.684325229077629
2 86763192 0.426049140042533
2 86821579 0.0661486958069806
2 86833891 2
2 86835720 0.8891
2 86835825 2
2 86846522 2
2 86846928 2
2 86847920 2
2 86853419 2
2 86855882 2
2 86862772 2
2 86931945 1.2548
2 87075756 2
2 87079824 1.7378
2 87094919 2
2 87098410 5e-04
2 87118367 1.6091
2 87183658 2
2 87197687 2
2 87203199 2
2 87205350 2
2 87217315 2
2 87231225 2
2 87242360 5e-04
2 87242423 2
2 87242762 1.3589
2 87262594 2
2 87282501 1.8565
2 87290631 0.0866
2 87295404 0.4875
2 87299096 1.4154
2 87306818 2
2 87306873 2
2 87318299 1.67037393805006
2 87338620 0.189060547809094
2 87359918 0.00170890757939594
2 87366321 0.513777902976193
2 87400235 5e-04
2 87400855 0.0670252939724959
2 87409843 1.26950075301599
2 87418313 1.32128395355994
2 87418370 5e-04
2 87421023 0.194709156687329
2 87421075 0.543128291823104
2 87426890 0.0078
2 87431219 0.208061857053993
2 87437142 0.559770584199065
2 87456628 1.08556811660492
2 87645703 2.8755
2 87697932 1.87937051029356
2 87697957 0.623982594084467
2 87700300 0.85185630188349
2 87997471 0.376080677010599
2 88005278 0.0332
2 88008580 0.0332
2 88016669 0.162004523247542
2 88017498 0.8553
2 88031132 0.0332
2 88033436 2.2086
2 88040224 1.09081048522434
2 88051053 0.0389
2 88054281 0.0332
2 88090713 2
2 88095255 2
2 88096829 2
2 88102184 2
2 88102368 0.147692430395984
2 88119270 2
2 88119829 2
2 88140952 3e-04
2 88151278 1.9012
2 88154311 1.162
2 88154467 1.07181479543574
2 88161222 2
2 88170344 2
2 88180582 0
2 88181862 1.121
2 88186449 2
2 88187909 1.162
2 88199235 2
2 88213612 2
2 88214138 0.9906
2 88215256 2
2 88216561 0.5198
2 88224858 1.8668
2 88230012 2
2 88237824 1.0828
2 88271072 0.593956828348972
2 88312500 1.1209
2 88314839 0.922399715253603
2 88315226 1.1613
2 88319975 1.1662
2 88335203 0.294
2 88370038 0.294
2 88375883 1.9748
2 88381909 1.5901
2 88394231 1.5534
2 88404495 2.5935
2 88408062 2
2 88408918 2
2 88418480 1.7693
2 88434980 2
2 88438785 0.315372556864724
2 88482301 0.8122
2 88491712 1.5338
2 88501276 0.0274
2 88515040 1.513
2 88522011 0.6304
2 88523755 3.2979
2 88527425 0.9208
2 88534100 1.2478
2 88538166 2
2 88544151 0.9625
2 88554151 0.4952
2 88574101 0.286501655703579
2 88582130 2
2 88626341 2
2 88627446 1.8275
2 88629358 0.4346
2 88630218 2
2 88653080 2
2 88659568 2
2 88704466 1.6518
2 88783842 0.435733965729762
2 88784034 0.518298280274956
2 88806317 2.2967
2 88819093 0.68559884640694
2 88859419 0.5841
2 88862420 0.561407392989801
2 88870598 0.7294
2 88886138 1.4623
2 88927640 0.619032848652722
2 88942387 0.8396
2 88968471 0.8678
2 88971031 0.8678
2 88974198 2
2 88982294 0.8678
2 88982537 0.8678
2 88984615 0.8678
2 88985610 0.8678
2 88992663 0.8396
2 88996728 0.8678
2 89003865 1.7646
2 89004291 0.8678
2 89021436 0.8979
2 89076752 1.1643
2 89134161 1.6818
2 89163165 2
2 89187193 2
2 89195408 2
2 89263864 0.8919
2 89302546 2.5935
2 89763414 0.0078
2 89767669 5e-04
2 89793418 0.0078
2 89968408 0.0897
2 90019246 2
2 90026590 2
2 90033825 8e-04
2 90033846 3e-04
2 90064053 2
2 90071348 2
2 90161924 6e-04
2 90229911 2
2 90244994 2
2 90289028 0
2 90298830 3.1679
2 90324046 2e-04
2 90324227 5e-04
2 90324766 5e-04
2 90391909 8e-04
2 90396719 5e-04
2 91406953 3.7218
2 91525722 1.13942005737366
2 91840130 0.6097
2 91921173 0.135423385618119
2 91943265 1.7043
2 91946626 0.5942
2 92008490 1.2904
2 92053818 1.85530790351742
2 92059989 0.2693
2 92135235 5e-04
2 92568882 1e-04
2 92695894 0.0065
2 92942086 5e-04
2 94148025 0.785096548218507
2 94177231 5e-04
2 94598593 0.0254
2 94632050 0.206463259426549
2 94636603 5e-04
2 94759699 1.13000832736344
2 94772508 0.0088
2 94863959 0.3284
2 94871827 0.4565
2 94872591 0.4565
2 94928728 0.5281
2 94930196 0.5281
2 95039111 0
2 95156702 1.4661280773583
2 95190863 0.333834216608937
2 95203860 1.10562868512431
2 95291316 2.449
2 95309428 0.6823
2 95330206 0.32019935268567
2 95340338 0.268925626470034
2 95341555 1.8794318818082
2 95344274 1.1025
2 95369055 0.265
2 95545589 1e-04
2 95663508 0.5114
2 95831143 0.5589
2 95836014 0.6106
2 95848580 0.4708
2 95917794 5e-04
2 95937770 0.8001
2 95986178 0.5467
2 96011264 2.245
2 96111420 0.2153
2 96111592 0.2153
2 96114968 0.2153
2 96129975 0.5951
2 96149753 0.6289
2 96268766 1.16319515112907
2 96270516 0.997235020076311
2 96276082 1.77227948124438
2 96317374 0.027837117432093
2 96333348 1.17190410570395
2 96364509 0.174267454710815
2 96381261 0.6648
2 96401336 1.99899010859078
2 96403874 0.98568613393142
2 96404141 0.6118
2 96409804 0.928447933476417
2 96424693 1.57550765746451
2 96436156 0.866205898690324
2 96461848 0.7237
2 96533514 0.846150731264613
2 96553973 0.315853083396882
2 96566148 0.177573856328874
2 96567969 2.449
2 96580930 0.627633545636561
2 96583274 1.73870414528365
2 96675026 0.517424224725025
2 96750004 0.0550876708516567
2 96788913 2
2 96868500 2.5871
2 96949686 0.4906
2 96981505 2.2639
2 96981879 0.1477
2 96983095 0.0649
2 96989562 0.0591
2 97023954 0.905379323239621
2 97043003 0.1276
2 97046993 0.1276
2 97077962 1.1216
2 97104788 0.1356
2 97117047 0.0046
2 97121821 0.1342
2 97128158 0.1342
2 97146767 0.1342
2 97146976 0.1342
2 97155083 2
2 97155765 0.1691
2 97180284 0.1342
2 97357182 2
2 97438414 5e-04
2 97528651 2.3195
2 97547558 2
2 97548485 2
2 97564165 2
2 97565595 2
2 97573652 2
2 97575642 2
2 97588001 2
2 97589830 2
2 97663592 2
2 97722062 2
2 97755818 2.1148645877273
2 97757540 0.5608
2 97757934 0.5486
2 97775839 2
2 97779523 2
2 97781751 0.826939617137555
2 97791204 0.4392
2 97798859 0.5546
2 97803968 0.4579
2 97838691 0.4324
2 97852346 0.4313
2 97881538 2.47002108970315
2 97886524 0.4579
2 97893734 2
2 97895188 0.5737
2 97895877 0.147646217525458
2 97943036 1e-04
2 97955630 2.0123
2 97968924 0.3015
2 97995370 0.4381
2 97996987 1.0676
2 98067569 0.6682
2 98116609 2
2 98129747 2
2 98158835 0.4801
2 98161616 0.141537410279515
2 98167812 0.405271712487328
2 98179798 0.748011620893424
2 98197048 2
2 98203123 1.1942
2 98203567 2
2 98204639 2
2 98205286 2
2 98218946 2
2 98227871 2
2 98244594 2
2 98248863 2
2 98258091 1.1098
2 98265011 2
2 98281579 2
2 98345690 1.1363
2 98347995 2
2 98357232 2
2 98359913 2
2 98366089 2
2 98367046 0.7591
2 98424233 2
2 98435836 2
2 98446686 2
2 98448728 2
2 98468245 2
2 98472170 2
2 98532507 2
2 98572320 2
2 98591746 2
2 98611349 2
2 98626117 2
2 98630689 2
2 98631002 2
2 98690967 2
2 98693451 2
2 98704111 2
2 98730539 2
2 98730571 1.20943861150169
2 98746768 0.280397374108245
2 98750023 0.340748453662284
2 98754954 2
2 98755669 2
2 98765077 2
2 98818409 2
2 98841510 2
2 98847419 0.5293
2 98905265 0.1776
2 98906308 0.1599
2 98918396 0.5293
2 98948680 2
2 98960115 2
2 98963217 2
2 98972640 2
2 98981741 2
2 98982304 2
2 98984015 2
2 98986369 2
2 99023121 2
2 99026355 2
2 99032226 0.161968517691159
2 99042041 2
2 99045482 2
2 99049740 2
2 99053308 2
2 99085760 2
2 99090844 2
2 99091784 2
2 99126956 2
2 99138636 2
2 99141233 1.0471
2 99155127 2
2 99157239 2
2 99163509 2
2 99177675 2
2 99178241 2
2 99187544 2
2 99212355 0.0669
2 99219373 0.0076
2 99229744 0.392657962365646
2 99235935 0.0913
2 99263536 0.0739
2 99270427 0.0739
2 99274781 2
2 99276735 0.117026472305878
2 99285603 0.0739
2 99294647 0.0739
2 99309019 2.13553106210614
2 99309605 0.0747
2 99309790 1.96132152289806
2 99315792 2
2 99335696 0.0739
2 99377238 2
2 99412013 1.1438
2 99428722 2
2 99429576 2
2 99434815 1.2569
2 99434854 2
2 99437404 2
2 99448907 2
2 99459568 0.602399084867117
2 99464466 2
2 99467546 2
2 99472483 5e-04
2 99479909 1.1438
2 99484386 1.1438
2 99485300 2
2 99491316 1.1438
2 99492539 2
2 99497959 2
2 99501984 2
2 99503192 1.19451850207628
2 99519328 2
2 99566122 1.7255
2 99592942 0.8156
2 99603947 0.5695
2 99609286 0.7441
2 99618143 1.1523
2 99621881 0.4378
2 99623734 0.4378
2 99635111 2
2 99642851 1.316
2 99643664 2
2 99652518 1.0675
2 99655138 0.5495
2 99662665 0.7012
2 99673234 0.6785
2 99674643 0.2128
2 99690476 0.7257
2 99692238 0.7012
2 99694588 0.0078
2 99711451 0.9684
2 99730502 0.7245
2 99733378 0.1664
2 99738034 0.1664
2 99738464 0.0273
2 99742470 0.1664
2 99747755 0.1593
2 99767892 0.1654
2 99817093 2
2 99831057 2
2 99849693 0.0243919997170814
2 99855670 2
2 99855757 0.1184
2 99889648 0.1454
2 99970044 1.1423
2 99989960 1.1001
2 100056230 0.8965
2 100074154 0.8058
2 100113649 1.0196
2 100127469 1.1997
2 100130180 1.0196
2 100133282 1.5424
2 100148362 0.9944
2 100149892 1.5424
2 100173028 1.0164
2 100173415 1.0164
2 100195508 2
2 100213886 1.4104
2 100261660 2
2 100283917 0.142473023913353
2 100292046 0.752769822134301
2 100296899 2
2 100325229 2
2 100334811 2
2 100337655 2
2 100351743 2
2 100357971 2
2 100362381 2
2 100365682 2
2 100371576 2
2 100389384 2
2 100394398 2
2 100412540 2
2 100435347 2
2 100439553 2
2 100452935 0.609932594712293
2 100457795 2.79434119447621
2 100461589 0.393858963680161
2 100463260 1.08631275546267
2 100463509 1.2207
2 100463608 0.663831747672107
2 100464844 1.2207
2 100468306 0.540874705232456
2 100469384 0.0164646961399075
2 100470979 0.271713103976383
2 100480340 0.153930758873039
2 100482640 2.4047
2 100486203 2
2 100502138 0.224203178938034
2 100517013 2
2 100528087 0.0840636507438871
2 100530549 1.49299621137372
2 100535192 2
2 100557221 2
2 100559423 2
2 100559686 2
2 100577084 0.3093
2 100579061 2.0479
2 100583967 2
2 100599037 2.185
2 100601599 2.185
2 100614150 0.6035
2 100614894 2
2 100620331 0.1776
2 100625760 2
2 100630979 2.35696890347601
2 100631654 0.926104094923875
2 100632000 2
2 100633315 2.6699350967845
2 100635214 1.10526078822765
2 100637740 1.27936839488667
2 100646069 2
2 100649483 2
2 100654270 1.47798750095598
2 100659502 2
2 100661045 2
2 100663975 2
2 100687591 2.39657426124053
2 100689033 0.720969490473836
2 100690345 0.244038828965154
2 100705731 0.93743528396034
2 100708243 0.4065
2 100709764 0.4065
2 100720341 0.4595
2 100733637 0.8364
2 100733972 0.8364
2 100739794 1.4719
2 100746909 0.8906
2 100766890 1.767
2 100832725 1.41256726075702
2 100835357 0.814582342039383
2 100838440 0.493982400252088
2 100860430 0.317785984560439
2 100864657 0.522577602876742
2 100883904 0.0335
2 100906450 0.0784197674188243
2 100906451 1.9409
2 100923328 0.494
2 100924726 5e-04
2 100924808 0.9371
2 100926282 2
2 100935633 2
2 100949735 2
2 100951695 1.6865
2 100954800 0.596648329212682
2 100978773 1.15429572588239
2 100983212 2
2 100983305 2
2 100997277 2
2 101007283 2
2 101020430 2
2 101020771 0.7807
2 101020775 0.7807
2 101043847 1.66154081787523
2 101054493 2
2 101064960 1.06839552409229
2 101084028 0.6606
2 101100387 2
2 101101865 0.6606
2 101104228 1.0655
2 101116194 0.9282
2 101116215 0.9282
2 101127681 0.0706879351967869
2 101128582 1.0534
2 101135044 1.0485
2 101139329 0.2631
2 101146765 2
2 101153758 1.0843
2 101156051 1.0843
2 101162896 2
2 101166266 0.259
2 101174601 1.004
2 101183333 1.06973182113037
2 101203204 2
2 101209084 2
2 101209763 2
2 101241974 2
2 101251698 2
2 101253126 2
2 101266565 0.0966363450636423
2 101341864 2
2 101351698 2
2 101352929 2
2 101352946 2
2 101373909 2
2 101375921 2
2 101380692 2
2 101381193 0.974660253650004
2 101382382 1.0399
2 101385473 2
2 101422387 0.0126
2 101426750 0.0126
2 101428768 1.9464
2 101436703 2
2 101437264 2
2 101440542 2
2 101442149 2
2 101447792 2
2 101453962 2
2 101455331 2
2 101459565 2
2 101463302 2
2 101463307 2
2 101463845 2
2 101466423 3.23742128135826
2 101491941 0.813810554582764
2 101498995 0.595413616214709
2 101504931 0.22
2 101539796 2
2 101546079 2
2 101548353 0.640405892491798
2 101551554 2
2 101561646 2
2 101565716 2
2 101566201 2
2 101569791 2
2 101595989 2
2 101600351 2
2 101603108 2
2 101611555 0.701609201190518
2 101611712 2
2 101615165 2
2 101630745 2
2 101637755 2
2 101649552 2
2 101649645 1.1473
2 101651318 2
2 101667286 0.90429902515025
2 101671619 0.4849
2 101759213 1.6364552353526
2 101766037 0.9254
2 101852162 0.344507092729939
2 101853773 1.9673354645483
2 101883874 0.483851429317388
2 101908056 1.23042148339688
2 101965623 2
2 101965784 2.2967
2 101971764 0.17429580548511
2 101987202 2.8712
2 101987837 0.8279
2 102003180 2
2 102024027 1.3045
2 102029122 0.110515870847036
2 102048798 0.0691462862530713
2 102067479 0.062655090580536
2 102081900 2
2 102102644 0.805543581191485
2 102109749 2
2 102110052 2
2 102110177 2
2 102113980 0.2171
2 102115231 0.2171
2 102115814 0.3329
2 102120794 2
2 102140756 0.527467404203358
2 102149040 0.953
2 102192775 1.3364
2 102199267 2
2 102204686 2
2 102205854 2
2 102205972 2
2 102207026 2
2 102207437 2
2 102208094 2
2 102210044 2
2 102236705 1.2173
2 102249415 0.87
2 102252520 0.4507
2 102256800 3.3003
2 102257253 0.4507
2 102260258 3.2233
2 102260259 0
2 102267864 2
2 102283004 1.2558
2 102307257 5e-04
2 102307349 2
2 102308089 0.4215
2 102308202 0.4215
2 102308487 0.0976078306914809
2 102319345 0.4215
2 102321929 1.209
2 102328781 0.4215
2 102334613 0.4215
2 102346612 0.3757
2 102353067 1e-04
2 102363198 0.6945
2 102369710 0.730937752633732
2 102369762 0.6945
2 102381819 0.8462
2 102396442 1.2558
2 102401617 0.2557
2 102407619 1.209
2 102408278 0.2557
2 102422067 1.49523518602628
2 102423413 0.953
2 102428733 0.8462
2 102431342 0.2557
2 102431792 3.4253
2 102436535 0.966443984480098
2 102439667 0.9469
2 102452327 0.468250472376124
2 102455860 1.5483
2 102456778 0.3581
2 102457814 0.9469
2 102458191 0.2557
2 102461433 0.953
2 102466446 0.9448
2 102473668 0.2526
2 102476044 0.2226
2 102482015 1.15397710117703
2 102500958 1.38818056328642
2 102501050 0.4329022228572
2 102501883 0.153883582281956
2 102519850 2
2 102523292 2
2 102528485 2
2 102528542 2
2 102530540 2
2 102546641 2
2 102566228 0.4955
2 102577777 0.3067
2 102587344 2
2 102595051 2
2 102616534 2
2 102635888 2
2 102670095 2
2 102671508 2
2 102673083 2
2 102679054 1.10084086758583
2 102688721 0.925563586756603
2 102711646 1.15986801588521
2 102714331 2
2 102716685 1.2495
2 102720580 0.851473172517279
2 102733348 2
2 102757169 0.11906552683125
2 102764758 0.4826
2 102779971 0.3444
2 102788521 0.18902542656328
2 102815859 0.3556
2 102839550 1.846
2 102907450 1.3370913177633
2 102933361 0.8112
2 102938688 2
2 102948927 2
2 102962092 1.85580798041394
2 102964131 1.52599649596552
2 102972639 2
2 102992795 2
2 103118756 2
2 103156277 2
2 103162651 2
2 103175389 2
2 103192082 0.7536
2 103259907 2.1208
2 103269431 0.7546
2 103292524 2
2 103354076 0.287923656200593
2 103449310 0.494376211320983
2 103479785 0.1435
2 103483375 0.2155
2 103495137 0.162236246744912
2 103505679 0.2029
2 103508938 0.2963
2 103512899 0.2283
2 103514699 2
2 103533372 0.2963
2 103536904 0.2963
2 103542526 2
2 103559075 2
2 103561346 2
2 103561919 2
2 103577980 2
2 103582567 2
2 103591695 0.0105
2 103606032 2
2 103621010 2
2 103632118 2
2 103641803 2
2 103646579 2
2 103651024 2
2 103662230 2
2 103666933 2
2 103682161 2
2 103685083 2
2 103700592 2
2 103705103 5e-04
2 103705182 5e-04
2 103718728 2
2 103740611 2
2 103744962 0.1259
2 103750881 2.7888
2 103756296 2
2 103756805 2
2 103776038 0.294565408623002
2 103789377 2.04871801270672
2 103796466 2
2 103805392 2
2 103817004 1.1891
2 103834676 2
2 103834819 2
2 103841625 0.784895377553058
2 103860822 0.971679803231493
2 103863404 0.358784603073068
2 103876811 0.2247292282507
2 103904693 0.58117323850218
2 103913529 0.413225469776261
2 103913828 0.289403841537444
2 103930830 0.133434732574426
2 103934223 0.261519895583769
2 103935207 0.575000316798327
2 103948567 0.872987870091029
2 103964517 0.503303226399985
2 103980746 1.2027
2 103983515 1.0403
2 103984045 2
2 103984270 2
2 103998066 2
2 103998187 2
2 104018509 6e-04
2 104032379 0.6284
2 104074350 1.2476
2 104075626 0.7137
2 104081974 1.0085
2 104082824 1.0085
2 104093354 1.3819
2 104097504 0.6097
2 104118081 0.018
2 104123234 0.2579
2 104135418 0.5881
2 104149893 0.1978
2 104187018 0.0731
2 104189712 0.2054
2 104228440 2
2 104228698 0.1154
2 104231510 2
2 104240418 0.867208628254932
2 104244799 0.0315
2 104245295 1.4777
2 104248335 0.0373
2 104249688 0.1154
2 104302810 2
2 104338209 0.562874036383716
2 104346837 2.14390256646956
2 104359167 2
2 104367301 2
2 104367819 2
2 104388170 2
2 104406037 2e-04
2 104422056 5e-04
2 104426851 0.6734
2 104435633 2
2 104439051 2
2 104474190 0.700096029165445
2 104481519 1.1808
2 104489273 2
2 104519288 0.3015
2 104533575 2
2 104546382 2
2 104553191 2
2 104574845 2
2 104588868 2.234
2 104645463 0.0406
2 104658861 1.8127
2 104670996 1.8859
2 104678616 1.41093989770164
2 104689331 0.162119740409016
2 104695504 0.955125062534783
2 104703398 2
2 104752511 2
2 104756788 2
2 104758871 2
2 104763521 2
2 104763961 2
2 104768001 2
2 104776843 2
2 104777140 2
2 104779557 0.353511696084555
2 104785784 2
2 104785930 2
2 104788159 2
2 104822552 0.7958
2 104842290 1.19499300099325
2 104863740 0.337
2 104880749 0.31656623497171
2 104896077 0.0490304262126469
2 104957029 1.19838952320373
2 104967556 1.93533522545772
2 104974276 2
2 104979462 2
2 104996279 2.7709
2 104996881 2
2 105003585 2.7709
2 105010966 0.789
2 105011037 2.7709
2 105017294 2
2 105020506 2.7709
2 105020973 0.137292798298121
2 105022563 2.7709
2 105052378 1.05422486354904
2 105053092 0.974179273421276
2 105053298 0.0419743694543162
2 105054613 1.8327431145326
2 105058943 0.189333844392665
2 105062928 0.688797058232291
2 105073945 1.23985777155391
2 105078004 0.219511640765393
2 105080345 0.178736874822749
2 105096036 1.18551531765155
2 105114417 0.458639670643646
2 105124569 2
2 105125673 0.387911000743559
2 105165840 1.9122
2 105180843 2
2 105194762 0.758035145831477
2 105198634 0.0930351544404856
2 105201560 0.127482268344392
2 105203942 0.304373015294815
2 105208017 0.3129
2 105211143 2
2 105212032 0.46611300786494
2 105228280 2
2 105232829 8e-04
2 105238487 2
2 105241362 0.62684335623949
2 105250607 0.0479693661047944
2 105251179 1.1301
2 105251860 2
2 105254277 1.1301
2 105255566 0.0194930956442717
2 105261727 1.3507
2 105270699 1.5991767995012
2 105280804 0.0162
2 105300318 0.308926600348202
2 105300640 1.7521
2 105302482 2
2 105314264 0.0078
2 105344170 1.4068
2 105371990 0.5961
2 105375245 0.0772
2 105376405 0.0772
2 105381383 2
2 105383464 0.484995652075739
2 105385445 2
2 105390226 2.2967
2 105403102 2
2 105405031 2
2 105444308 5e-04
2 105458940 0.589321787931098
2 105486433 1.7498
2 105490316 0.502980141941885
2 105491429 2
2 105498365 0.197899188659119
2 105500057 1.4953
2 105503421 0.767998700866583
2 105507776 1.8758
2 105509141 0.8508
2 105509925 2
2 105514770 0.5013
2 105520819 2
2 105524109 2.2588
2 105525066 2
2 105526550 2
2 105528540 2
2 105530478 2
2 105534537 1.7377
2 105539165 1.9586
2 105543169 2
2 105547947 2
2 105550594 2
2 105555774 1.9586
2 105555991 2
2 105590439 0.848137495433257
2 105592607 0.7018
2 105606189 0.282061352853532
2 105612499 1.0878
2 105613393 1.35
2 105619250 2.0047
2 105624798 1.9158
2 105631438 2
2 105632955 2
2 105672196 1.0451
2 105674136 1.0451
2 105683965 0.228881064506253
2 105686717 1.4203
2 105693755 2
2 105696040 2.0939
2 105700998 2
2 105711728 2
2 105715962 1.1002
2 105724264 1.1178
2 105764986 2
2 105768060 2
2 105770684 2
2 105771533 1.4679
2 105777237 2
2 105806836 0.263125318513762
2 105807814 6e-04
2 105812811 2
2 105815399 1.237
2 105821718 2
2 105835407 5e-04
2 105844358 2
2 105844574 0.262388541928175
2 105870926 2
2 105890171 2
2 105900800 2
2 105908439 2
2 105946602 1.1172
2 105949051 0.468344207037576
2 105952908 0.710956265781837
2 105972590 2
2 105984964 0.534216037435957
2 105986626 0.918065080529067
2 105992616 0.8005
2 105992856 0.8005
2 105994824 0.6808
2 105999120 0.8005
2 105999571 0.8005
2 106000264 2
2 106003321 2
2 106005705 0.8005
2 106006054 2
2 106007436 2
2 106008943 2
2 106009587 2
2 106012891 2
2 106012966 2
2 106015937 2
2 106016762 2
2 106017730 2
2 106022932 2
2 106024136 2
2 106025661 2
2 106026098 2
2 106027753 2
2 106032369 2
2 106038793 0.7246
2 106045568 1.9154
2 106046426 2
2 106050017 2
2 106055677 2
2 106059555 0.6199
2 106063128 2.0903
2 106079734 2.3093
2 106080510 0.1392
2 106085885 0
2 106087993 0.041
2 106091866 0.1405
2 106098300 0.1405
2 106100336 0.1405
2 106117098 0.0502
2 106120814 1.3352
2 106142173 1.5303
2 106143439 3e-04
2 106144715 1.0525
2 106165421 0
2 106173797 0.5834
2 106178520 5e-04
2 106193504 0.5834
2 106194311 1.3165
2 106198005 0.011
2 106202365 0.7028
2 106205521 8e-04
2 106205723 0.0933
2 106207234 3.8213
2 106250918 0.492812069588341
2 106259505 1.1667
2 106262306 0.2158
2 106278040 1.0216
2 106288231 2.1977
2 106291088 0.889
2 106298198 6e-04
2 106298204 5e-04
2 106309721 2.2545
2 106314149 0
2 106315163 2
2 106316813 2
2 106319048 0.0110490113902346
2 106321014 2
2 106323287 0.1242
2 106327690 2
2 106327903 0.1145
2 106332993 2
2 106354450 2.1831
2 106360614 0.0193
2 106363450 1.6752
2 106363838 0.1003
2 106367627 2
2 106370192 0.553802417484138
2 106375297 2
2 106380747 2
2 106389598 1.48746175399861
2 106396792 0.3472
2 106400696 2
2 106408612 1.4349
2 106462679 0.929032032150638
2 106468283 1.7475
2 106485962 0.722599817590859
2 106493436 1.5
2 106499114 2
2 106516073 1.02423189246376
2 106521008 0
2 106532331 2
2 106539197 2
2 106542387 1.06632600987281
2 106546329 2
2 106570648 2
2 106572238 0.4015
2 106573675 2
2 106579550 2
2 106591269 0.0149
2 106597331 2
2 106598676 0.5484
2 106600480 2
2 106621001 0.0149
2 106621764 0.0329
2 106633044 8e-04
2 106634035 2
2 106644300 2
2 106675010 1.4732
2 106691760 2
2 106695151 2
2 106707413 2
2 106711693 0.9558
2 106719416 2
2 106755171 2.0044
2 106758288 2
2 106769782 0.7358
2 106772597 2
2 106780305 2
2 106782845 0.601656303243383
2 106788973 0.011
2 106791909 0.349623533376848
2 106795837 2.2397
2 106806732 0.245743038938837
2 106833096 2.1844
2 106846875 1.75167733034387
2 106848613 0.461760518101153
2 106852800 2.53543373703396
2 106880026 2
2 106882197 0.798726739605037
2 106885289 0.170107970492332
2 106887627 0.6275
2 106889881 0.762428709933332
2 106924876 0.101537017329613
2 106929521 0.870690164422344
2 106941256 1.85612373797312
2 106945690 0.422175674178998
2 106953153 1.39299275979828
2 106971606 0.154883237675133
2 106971889 0.696205681522672
2 106975358 0.403128109426354
2 106999660 1.40098209503808
2 107000111 0.5787
2 107000261 1.16812815826926
2 107007278 2.02471229881594
2 107008239 1.83775214965388
2 107009374 1.7380007618769
2 107010792 0.398100596118102
2 107019516 0.0914162433888375
2 107026184 0.925786053615189
2 107057826 0.4261
2 107068599 0.4206
2 107069307 2
2 107071234 0
2 107081678 2
2 107098254 0.180692888271212
2 107100473 2
2 107101740 2.26570285622223
2 107112204 0.766153554151838
2 107124998 0.0504664097632948
2 107136377 1.955
2 107139626 0.921930080776146
2 107144809 0.0971517309254612
2 107154116 1.35497577457813
2 107154427 1.24332092738813
2 107173233 0.9804
2 107184661 0.264634395001045
2 107193470 5e-04
2 107200804 0.0386
2 107200953 0.0386
2 107204219 0.0386
2 107207277 5e-04
2 107214536 0.0742
2 107216083 0.0386
2 107219963 1.2569874557007
2 107222904 0.0386
2 107226036 1.0791
2 107247192 0.4682
2 107247951 0.7806
2 107250962 0.1329
2 107259130 0.0329
2 107270466 0.1537
2 107283882 5e-04
2 107297368 0.0804
2 107323432 2
2 107331818 2.2653
2 107366232 1.9651
2 107381373 2
2 107415302 2
2 107418916 2
2 107419013 2
2 107434017 2
2 107436424 2
2 107443660 1.03356836722391
2 107458054 2
2 107463825 2
2 107467444 2
2 107471418 2
2 107475228 2
2 107475900 2
2 107485394 2
2 107488837 2
2 107499976 2
2 107506341 2
2 107511192 2
2 107518294 0.912763558604383
2 107532038 2
2 107535205 2
2 107544065 2
2 107546228 2
2 107554183 2
2 107554697 2
2 107554862 2
2 107556486 2.0202
2 107573873 2
2 107587802 2
2 107612383 2
2 107658936 2
2 107678661 5e-04
2 107701687 0.6345
2 107730593 3.1148
2 107782656 0.713091671563403
2 107797360 0.365
2 107830002 1.5019
2 107883646 0.4766
2 107909884 1.5184
2 107909940 2
2 107940716 1.9106
2 107944298 1.3659
2 107950555 1.5184
2 107952161 1.5184
2 107968279 5e-04
2 107987129 2.075
2 107995419 0.945009366610811
2 108059570 2
2 108069449 1.07553211662098
2 108080716 2
2 108086656 0.0373
2 108087541 0.0373
2 108089905 2
2 108090114 2
2 108102327 2
2 108117256 0.2683
2 108120415 0.2683
2 108148581 0.774654089784392
2 108173778 0.506658699965566
2 108180948 0.8755192362049
2 108204977 2
2 108209082 2
2 108211451 2
2 108213181 2
2 108215920 2
2 108224014 1.8244
2 108226136 2
2 108227564 2.6497
2 108235583 1.73012943467388
2 108238988 0.188904000327461
2 108243797 2
2 108250656 2
2 108275874 2
2 108298972 0.3203
2 108307803 1.2932
2 108314288 3.1148
2 108324097 2
2 108329029 2
2 108329577 2
2 108330404 2
2 108382341 1.5336
2 108383893 0.4149
2 108393663 1.471
2 108396360 0.4684
2 108424762 2
2 108448070 2
2 108462524 1.3878
2 108463446 0.0915006920713704
2 108476090 1.3878
2 108479157 1.3878
2 108488008 0.546542917134327
2 108489678 2
2 108492004 0.705006596649894
2 108511804 0.820568592529179
2 108511854 0.194943227521158
2 108512187 2
2 108513280 2
2 108520043 2
2 108521994 2
2 108530492 2
2 108546873 1.5677
2 108548916 2
2 108551480 0.982722892564575
2 108561997 2
2 108576561 2
2 108577610 2
2 108591657 2
2 108599214 2
2 108616623 2
2 108626273 2
2 108629907 2
2 108633611 2
2 108634592 2
2 108668007 2.13
2 108674686 2
2 108681428 0.5712
2 108696074 1.22518263209303
2 108709488 0.0244
2 108712921 0.798
2 108730366 0.8075
2 108739749 0.798
2 108752317 0.798
2 108777323 0.9239
2 108780153 0.798
2 108786656 0.953
2 108820720 0.1266
2 108826687 0.1332
2 108862948 0.0263
2 108881555 0.0854
2 108886489 0.1241
2 108894481 0.6074
2 108897736 0.1241
2 108898298 0.0854
2 108907048 0.0792
2 108912071 0.0792
2 108930592 0.4736
2 108939556 2
2 108961292 2
2 108962700 0.3454
2 108963282 0.3454
2 108964863 0.3454
2 108966255 1.3421
2 109001976 0.8498
2 109008891 0.8498
2 109021052 0.325712949452822
2 109023212 0.4955
2 109034298 0.0244
2 109048654 0.0273
2 109062722 1.37403049904501
2 109076533 0.209062741143445
2 109078041 0.256976583303972
2 109080280 0.524464681290825
2 109081432 0.207292870856426
2 109091103 1.701
2 109095179 2
2 109116647 2
2 109149216 2
2 109157859 1.01619499294475
2 109158521 0.177181047350425
2 109159143 2.28999262509911
2 109170537 0.880228095558843
2 109170987 1.02427294689059
2 109181229 2.47900784944143
2 109181927 1.70479177780112
2 109183602 0.155996806809986
2 109188065 1.32945616358426
2 109190610 1.14615694326471
2 109199220 0.893
2 109199852 0.9862
2 109202047 0.0454676611508206
2 109203823 2
2 109208334 0.0784852345874357
2 109213448 0.187463374197882
2 109267397 0.174642890440499
2 109295737 0.391025366710543
2 109302761 2
2 109305059 2
2 109315806 2
2 109321284 0.2205
2 109340403 2
2 109345531 2
2 109383457 2
2 109387858 0.485645434446632
2 109407187 2
2 109415316 2
2 109424478 2
2 109431167 2
2 109450674 2
2 109460697 2
2 109468543 2
2 109474964 2
2 109498657 2
2 109499723 0.2726
2 109503416 0.907022543885155
2 109507981 2
2 109515769 0.0793
2 109516843 0.048
2 109520970 2
2 109537627 2
2 109537870 2
2 109557787 2
2 109565074 2
2 109570061 1.4423
2 109580272 1.4423
2 109580372 1.4423
2 109589736 1.4423
2 109590073 1.89
2 109621489 2
2 109632818 2
2 109649051 1.63465665686823
2 109689203 0.7596
2 109692011 2
2 109699938 0.953899449749606
2 109709894 0.3430754436549
2 109712918 0.1749
2 109794607 1e-04
2 110115893 2
2 110133779 0.797745950712448
2 110156171 0.139784917517615
2 110166791 1.08075220733583
2 110177146 0.6418
2 110222769 0.628723583726235
2 110226722 0.249060105570021
2 110611063 6e-04
2 110719201 0.0053
2 110757487 2
2 110785910 2
2 110817068 1.1633
2 110877819 2
2 110885635 2
2 110896064 2
2 110909352 0.0161377628498224
2 110909621 2
2 110937220 2
2 110945197 0.9225
2 110945755 0.9225
2 110950803 2
2 110977202 1.0792
2 110980884 2.2189
2 110981462 1.01
2 110984491 0.81663116961387
2 110987230 2
2 110990428 2
2 110997546 0.62345269742943
2 111003714 0.424598279800207
2 111004466 1.23693035990715
2 111004583 0.0505196348287745
2 111021325 0.0447
2 111028082 1.01295693955864
2 111043825 1.03478495088611
2 111049450 2
2 111063648 5e-04
2 111078756 2
2 111088491 2
2 111116699 2
2 111123046 2
2 111131270 5e-04
2 111135407 2
2 111146255 0.0364415035473918
2 111173487 1.0186
2 111176092 1.7067
2 111178362 1.4719
2 111181143 2.56955176074028
2 111192949 1.2487
2 111195677 0.9854
2 111197567 1.31186550216918
2 111204864 0.3701
2 111210684 2
2 111231836 0.795
2 111231867 5e-04
2 111234913 0.784
2 111246290 1.1172
2 111259568 0.458
2 111267970 1.80186499060637
2 111298957 2
2 111305977 2
2 111431167 2
2 111442204 0.3355
2 111470781 1.29488373309672
2 111483059 0.2362
2 111484039 2
2 111510529 2
2 111535270 0.0755
2 111538031 0.0217
2 111557415 2.5345
2 111565372 0.0162
2 111569438 0.0107
2 111579514 0.0107
2 111612124 1.0789
2 111631410 2
2 111643384 0.791716538234173
2 111649414 0
2 111652665 2
2 111654271 0.246275609852876
2 111658149 2
2 111670260 2
2 111674495 2
2 111681992 2
2 111683884 2
2 111688845 2
2 111689629 2
2 111711324 2
2 111714091 0.2245
2 111715291 2
2 111723587 2
2 111723691 2
2 111729165 2
2 111732959 1.91519110057325
2 111748535 1.78693000198536
2 111823997 2
2 111826730 2
2 111836993 0.5458
2 111841859 0.5458
2 111849357 2
2 111851810 2
2 111852295 2
2 111858482 2
2 111863532 2
2 111865377 2
2 111879184 2
2 111884850 2
2 111894487 1.3534
2 111910428 2
2 111931704 2
2 111942751 2
2 111957174 0.389
2 111957565 2
2 111960350 2
2 111979065 2
2 111983716 2
2 111984552 1.8275
2 111985456 1.54747871687683
2 111995303 2
2 112007854 2
2 112009829 2
2 112014039 2
2 112014626 2
2 112018075 2
2 112020864 2
2 112023226 5e-04
2 112023392 2
2 112030803 1.367
2 112032215 0.1651
2 112050051 0.0263
2 112050701 0.3291
2 112117462 2
2 112141356 2
2 112143825 0.1047
2 112144253 2.8755
2 112157746 0.1156
2 112162642 0.0544
2 112179893 0.7323
2 112197282 1.70426055843914
2 112198238 0.7837
2 112199156 2
2 112207446 0.7478
2 112213762 0.2856
2 112215608 2
2 112273207 2
2 112274743 1.503
2 112299324 2
2 112319373 2
2 112338952 2
2 112346270 1.3781
2 112347044 5e-04
2 112432943 0.0263
2 112467578 2
2 112479174 1.3083
2 112487092 0.682519061803373
2 112495846 0.5907
2 112516712 0.958664080803289
2 112539293 0.0610794183590725
2 112540199 0.0478885727281959
2 112558917 0.408209024793929
2 112560662 0.332776397270526
2 112574057 1.75492955700035
2 112574143 1.70094061735625
2 112578042 0.386166217849351
2 112582529 0.241273054756306
2 112589485 0.544985159160127
2 112593461 2
2 112595820 2
2 112616373 0.1945
2 112622404 1.4586
2 112630787 2
2 112630960 2
2 112639527 2
2 112651648 2
2 112654895 2
2 112654991 2
2 112670586 0.7867
2 112685184 2
2 112685231 2
2 112689042 0.5589
2 112709518 1.367
2 112710136 2
2 112718784 2
2 112720234 5e-04
2 112722168 5e-04
2 112735494 2
2 112748845 2.2073
2 112764177 2
2 112774138 0.0171151870863561
2 112775762 2
2 112777861 2
2 112779646 2
2 112801096 2
2 112817649 2
2 112819338 1.70030269679995
2 112846455 2
2 112848616 2
2 112858042 2
2 112895792 2
2 112897272 2
2 112909288 1.3284
2 112914612 2
2 112919378 2
2 112923864 0.044
2 112933084 0
2 112940501 2
2 112945704 2
2 112951213 2
2 112970812 2
2 112996561 2
2 113003896 2
2 113030230 0.594353530571786
2 113033531 2
2 113037600 0.639160079176438
2 113040811 2
2 113042472 2
2 113045986 2
2 113060178 2
2 113062899 2
2 113063003 2
2 113067809 2
2 113069303 2
2 113082962 2
2 113090338 2
2 113093325 2
2 113095212 2
2 113103819 2
2 113117988 2
2 113118054 2
2 113123788 0
2 113126129 2
2 113134198 1.0888
2 113142181 2
2 113145873 2
2 113148195 2
2 113158329 2
2 113164279 0.1015
2 113177679 0.9371
2 113187273 1.4807
2 113210730 0.812484041228733
2 113214178 1.5157190642402
2 113221363 0.570382610981999
2 113232665 0.973123538556116
2 113235767 0.968005624342127
2 113238863 0.181697539409856
2 113255351 0.8664
2 113255891 0.7746
2 113257502 0.0974142097516843
2 113261801 0.30259829879788
2 113263541 1.0729
2 113286078 0.134298921147663
2 113300352 0.4774
2 113310440 0.922810877944806
2 113339659 2.0718
2 113342574 2
2 113346227 0.99064511236995
2 113361820 1.41242490544688
2 113368568 0.614694609421263
2 113389293 1.28027394570759
2 113390963 0.23150410054576
2 113391589 2.51112084199717
2 113401263 2
2 113406070 0.569606235295685
2 113445799 2
2 113515246 2.02387088034636
2 113515603 0.580910428205463
2 113542711 2
2 113587279 0.218730568413071
2 113600285 0.282667988595554
2 113602237 1.00968740160364
2 113602753 6e-04
2 113603368 0.0897
2 113634144 1.38
2 113636763 0.0263
2 113653645 0.523493265426033
2 113668151 1.9794
2 113675313 0.54423725987612
2 113679769 0.419724666536434
2 113680513 1.2765505184597
2 113684457 0.0094367282313625
2 113689534 2.0054
2 113694729 0.3015
2 113715733 2
2 113717334 2
2 113726208 2
2 113730583 2
2 113734059 0.538616010223421
2 113741746 2
2 113751497 2
2 113762051 2
2 113765731 2.23281682640377
2 113770219 1.19895641242782
2 113770757 2
2 113775138 0.834672933939814
2 113796426 0.356340750803388
2 113797355 1.52013129908871
2 113816223 1.4398
2 113818448 0.0639
2 113832529 0.878738687281768
2 113834680 1.54796153313886
2 113843758 0.716158127242701
2 113866615 0
2 113867209 1.2031
2 113881977 2.4094
2 113915013 1.12788718628193
2 113916099 0.933506320344276
2 114008599 0.1409
2 114018839 1.32783268829699
2 114026903 0.364847810634897
2 114028482 1.04508264208609
2 114043085 2.28714454382224
2 114045807 0.134969372097851
2 114057220 5e-04
2 114057238 0.113
2 114068561 0.4911
2 114083591 0.4911
2 114083980 1.5377
2 114091735 0.4911
2 114094764 1.5114
2 114097014 0.381060345617935
2 114099966 0.681556112326967
2 114120557 1.5114
2 114129991 0.9072
2 114144707 1.1209
2 114144939 0.9067
2 114145977 0.0685392044445683
2 114148561 1.34273562091492
2 114148989 5e-04
2 114157879 1.5467
2 114182404 0.090080065277054
2 114190240 1.51784360315141
2 114191457 0.816040190648955
2 114195119 0.9693
2 114223402 0.9446
2 114230133 2
2 114233893 2
2 114245353 2
2 114254123 0.3789
2 114255466 2
2 114256271 2
2 114261076 0.4152
2 114266414 0
2 114267791 0.3094
2 114271390 0.859194158968136
2 114282849 0.12
2 114282932 0.3242
2 114300086 0.12
2 114306626 0.3242
2 114322212 0.9762
2 114346322 0.131
2 114352981 0.323333614103064
2 114360495 0.8586
2 114363023 0.784
2 114368158 0.5354
2 114372745 1e-04
2 114373183 0
2 114396566 1.2407521141378
2 114396609 1e-04
2 114396660 0.00884637295706773
2 114422336 0.0313
2 114422553 5e-04
2 114427544 1.12370730074389
2 114441771 1.51805717098037
2 114459158 2
2 114498834 0.63511783569533
2 114501933 2
2 114502418 1.7623
2 114511997 2
2 114544394 0.48
2 114563156 0.6868
2 114594369 0.759806912253278
2 114595151 0.309009957941661
2 114596155 0
2 114643911 2
2 114646501 0.9177
2 114656398 0.8155
2 114673335 2
2 114677647 1.3534
2 114749426 2
2 114773264 2
2 114777353 2
2 114785292 2
2 114791024 2
2 114796583 2
2 114803657 2
2 114830489 1.2282475083834
2 114835282 2.07301719270629
2 114857611 2
2 114858627 2
2 114872709 0.0167081293520856
2 114888331 2
2 114892882 1.87998020320344
2 114924938 1.8068
2 114963656 1.13563325818181
2 114965706 0.233431759309039
2 114996765 0.9072
2 115010384 0.2563
2 115011308 0.2651
2 115021169 0.2563
2 115024992 0.508
2 115026300 0.8843
2 115032206 2
2 115036223 2.3377
2 115047525 0.5369
2 115060398 1.2182
2 115061423 0.0299
2 115067499 1.2182
2 115068741 0.3418
2 115079431 2
2 115079837 2
2 115096836 1.3109
2 115133093 0
2 115157206 0.987
2 115161481 0.357976777296231
2 115162743 2.3383
2 115183011 2
2 115198038 1.5625
2 115201808 2
2 115225843 0.605610064538402
2 115251600 1.5529
2 115258792 0.904221462104592
2 115263608 1.96853443880927
2 115268426 0.782572994773499
2 115330793 0.483551998841908
2 115346894 2
2 115360572 0.7599
2 115361007 0.870174182544831
2 115364367 1.525
2 115377649 0.869986161956972
2 115390532 0.6767
2 115398843 1.07505186104658
2 115400184 0.6446
2 115402875 0.0712
2 115407885 1.60280581681637
2 115410714 0.6669
2 115412759 0.739589066871585
2 115437157 0.2292
2 115447762 0.4620933648301
2 115457328 0.0402141770579971
2 115457690 1.70046237427837
2 115459894 0.965086120337866
2 115478061 0.5812
2 115486242 0.413
2 115503769 2
2 115507253 0.2586
2 115511788 0.5812
2 115518618 1.7295
2 115520942 2
2 115521812 0.6335
2 115526559 0.6335
2 115528873 0.6335
2 115535490 1.5923
2 115545269 0.2192
2 115573322 0.5867
2 115576483 0.3934
2 115579825 0.5714
2 115579975 0.755640565175883
2 115602639 0
2 115622044 2.34114559930501
2 115624321 0.511
2 115629501 0.5335
2 115658675 2
2 115664299 2
2 115699215 0.1072
2 115706794 2
2 115713158 0
2 115734748 1.3289
2 115764259 2
2 115779796 2
2 115788701 1.348
2 115789113 0.9376
2 115818650 1.1388
2 115875043 0.3522
2 115883116 2
2 115892694 1.2154
2 115904173 5e-04
2 115910486 2
2 115916958 0.165
2 115930258 2
2 115933305 1.82146211168998
2 115938858 2
2 115954199 2
2 115967265 2
2 116012911 8e-04
2 116032380 0.3315
2 116054736 0.3482
2 116057713 0.3315
2 116087018 0.3315
2 116095696 0.9732
2 116102437 1.3719
2 116126387 0.2631
2 116135884 0.9142
2 116145034 0.384773012397927
2 116153745 0.2986
2 116175726 2
2 116178287 2
2 116189226 1.2408
2 116226082 0.337
2 116227899 0.337
2 116237061 1.2408
2 116243626 1.2786
2 116251404 1.2408
2 116266941 1.4041
2 116277909 2.9786
2 116287927 0.337
2 116297709 1.2842
2 116306639 2
2 116335937 1.4561
2 116365855 1.4644
2 116377999 0.4754
2 116394707 2
2 116397358 2
2 116398068 1.7379
2 116407419 2
2 116412503 2.3423
2 116416292 2
2 116416575 2
2 116431326 2
2 116432586 2
2 116447081 2
2 116448578 2
2 116448642 0.6135870704669
2 116456037 2
2 116459127 0.857420825443405
2 116467918 2
2 116470369 2
2 116471061 2
2 116474031 2
2 116475547 2
2 116478328 1.191
2 116478773 2
2 116487527 2
2 116492347 2
2 116498759 0.0848
2 116499189 0.0848
2 116499376 0.0848
2 116501794 0.0848
2 116509359 0.0848
2 116513367 0.1032
2 116515651 1.191
2 116550119 0.0919
2 116555736 0.0171
2 116561702 0.0919
2 116563479 2
2 116563743 0.8653
2 116567526 2
2 116571933 2
2 116574581 2
2 116578979 0.6835
2 116580241 0.0344
2 116582457 0.6413
2 116588007 0.315980407616355
2 116592664 2
2 116593039 1.25383783722687
2 116595753 0.612967316571166
2 116601363 0.6737
2 116616660 2
2 116617675 2
2 116619857 1.68143191120917
2 116621402 2
2 116624322 2
2 116627118 2
2 116631330 2
2 116636017 2
2 116641919 0.186
2 116642930 2
2 116649986 1e-04
2 116663825 2
2 116664467 2.784
2 116714528 3.1145
2 116714591 2
2 116714914 0.778520900410179
2 116715160 2
2 116769713 1.32103559756149
2 116779068 0.605831815954002
2 116795753 0.36636054637695
2 116804542 0.827451973233888
2 116818102 2.13856414971399
2 116824375 2
2 116826016 1.20534822264193
2 116833111 2.9776
2 116835345 0.39562615228334
2 116837681 1.23151349513299
2 116846147 0.27487157595704
2 116854072 0.873152050855628
2 116855086 1.00971987316085
2 116855770 0.0567229419255945
2 116856266 1.23324685791431
2 116856632 0.669490528800212
2 116859241 0.314410568672128
2 116861349 1.03880895589896
2 116861759 0.111277587459501
2 116868551 1.96410542609867
2 116904680 0.714729306526725
2 116919778 0.144119720368103
2 116920536 0.245493420785047
2 116947633 0.157710790867541
2 116948055 0.162796387467356
2 116951594 0.823878790752591
2 117021078 2
2 117026746 2
2 117028283 2
2 117035175 2
2 117037504 2
2 117044834 2
2 117044857 2
2 117048924 2
2 117052461 0.0053
2 117052896 0.0053
2 117053248 0
2 117056348 0.0053
2 117068592 2
2 117077348 1.22615449143134
2 117077480 5e-04
2 117077915 0.0263
2 117081181 0.071582303940129
2 117082936 1.1754
2 117088850 0.7541
2 117090735 0.2603
2 117110636 0.1788
2 117121644 0.1714
2 117125023 0.1714
2 117144422 0.0077
2 117156064 2
2 117205073 3.0511
2 117222480 2
2 117227539 0.0453
2 117234662 0.0339
2 117241270 0.7884
2 117254589 0.7884
2 117282325 0.0447
2 117290572 0.0165
2 117316815 1.0511
2 117331116 5e-04
2 117368635 0.0087
2 117374846 0.1488
2 117403930 0.224
2 117404628 0.0087
2 117407999 1e-04
2 117414994 0.2081
2 117423119 0.224
2 117430322 0.2512
2 117448406 5e-04
2 117452508 1.9751
2 117476298 0.2512
2 117479593 1.9401
2 117512280 0.0078
2 117532462 2
2 117564679 1.5184
2 117579724 2
2 117583632 1.1693
2 117584207 1.2506
2 117597099 0
2 117601995 0.7923
2 117609328 0.8214
2 117611854 0.2381
2 117617279 1.7159
2 117618796 0.0263
2 117621945 0.111
2 117626393 0.0264
2 117634899 0.1664
2 117636511 0.1459
2 117638455 0.1459
2 117645746 0.1203
2 117649440 0.127
2 117661468 0.0579
2 117663701 0.0579
2 117664701 0.4506
2 117665690 0.0078
2 117668533 1.5981
2 117675754 1.4568
2 117679922 2
2 117688391 0.1203
2 117700138 0.0707
2 117708982 0.0707
2 117715727 1.441
2 117730787 0.776
2 117732100 2
2 117732670 2
2 117752130 0.955245133584272
2 117763661 0.173087438669091
2 117769208 1.18711875817716
2 117777561 2
2 117782989 0.149123904860014
2 117783051 2.01324700694896
2 117786291 0.271231720470603
2 117798227 2
2 117807296 2
2 117811620 1.086
2 117832477 1.4136
2 117843721 0.0561
2 117844295 2
2 117844984 0.709056883119032
2 117860009 2
2 117871069 1.31060445171532
2 117880601 2
2 117887999 0.743796043769164
2 117913848 1.4298
2 117914641 2
2 117993482 5e-04
2 117997037 0.5032
2 117998093 2
2 117999412 1.4182
2 118000287 2
2 118039024 1.4011
2 118042977 1.4182
2 118044610 1.4182
2 118057292 0.2543
2 118089394 1.27916942872312
2 118104557 2
2 118104916 2
2 118115458 0.4948
2 118142777 2
2 118144250 2.2653
2 118162965 2
2 118167551 0.0660014007589163
2 118178689 0.231612956084167
2 118203135 0.0162
2 118218600 5e-04
2 118220545 0.0162
2 118224458 1.046
2 118227232 0.0162
2 118240204 1.7962
2 118244684 0.0611
2 118246949 2
2 118255785 2
2 118282265 0.8665
2 118292916 2
2 118302881 1e-04
2 118305574 1e-04
2 118309233 2
2 118330394 2
2 118334992 1.5442
2 118342014 2
2 118347415 2
2 118350902 2
2 118357207 2.7106
2 118367097 2
2 118375192 1.9195
2 118384217 2
2 118394730 0.3907
2 118394733 2
2 118409650 1.0064
2 118444071 0.9787
2 118480783 0.482780590360159
2 118505704 2
2 118506057 2
2 118521654 2
2 118527280 2
2 118533511 1.3199
2 118535742 0.5584
2 118542507 0.887
2 118544186 1.1712
2 118547602 0.722239667697691
2 118551395 2
2 118572815 0.781075109006816
2 118583705 0.985381440684449
2 118584085 0.1493
2 118584379 0.0088
2 118659724 1.0937
2 118682303 2
2 118701303 0.141
2 118753510 5e-04
2 118767706 2
2 118773010 1e-04
2 118780963 2
2 118781406 2
2 118783805 1.1214
2 118809314 5e-04
2 118815109 0.8784
2 118823504 2
2 118825854 2
2 118828378 2
2 118849516 2
2 118867996 1.1057
2 118868061 0.350781401152451
2 118878929 2
2 118879431 0.979
2 118883609 2.8716
2 118903236 2
2 118904998 1.3814
2 118916517 2.1804
2 118923331 2
2 118946584 0.854927294821558
2 118960968 2
2 118982714 2
2 118993752 2
2 119007094 0.115
2 119042789 0.877448910271875
2 119055520 0.0215542691170202
2 119061939 2
2 119078397 2
2 119081077 2
2 119085641 2
2 119110836 0
2 119112657 2
2 119115121 2
2 119122429 2
2 119123060 2
2 119136124 2
2 119138516 1.97760882801063
2 119157673 0.2948
2 119174068 0.0117
2 119175332 0.500929264262992
2 119175714 0.5463
2 119181633 0.2791
2 119191472 1.088
2 119192235 8e-04
2 119195482 1.54359659683771
2 119208455 3.4229
2 119210349 0.7203
2 119217679 1.09761822114278
2 119233189 1.6898
2 119251159 1.2994
2 119251644 0.871
2 119253241 1.3629
2 119254836 1.3629
2 119258990 0.0015
2 119259050 1.023
2 119260547 1.3691
2 119264209 0.0453
2 119267289 2
2 119278003 2
2 119285638 2
2 119286451 2
2 119291153 2
2 119293439 2
2 119302412 2
2 119307260 0.4768
2 119309357 2
2 119310063 2
2 119322004 2
2 119324931 2.25695899439686
2 119361846 2
2 119372622 2
2 119383895 2
2 119388061 2
2 119391250 2
2 119400431 2
2 119402292 1.0545
2 119403820 1.0147
2 119420258 2.3317
2 119444636 1e-04
2 119462364 2
2 119473856 0.088
2 119498682 0.0942
2 119506470 0.496097720083205
2 119506494 0.386063971822393
2 119510098 0.544
2 119516566 2
2 119525597 0.60182567313937
2 119528119 0.366119238629296
2 119530931 2
2 119535916 2
2 119540655 0.0068226803952487
2 119552809 0.815392351945961
2 119558161 1.8111
2 119565915 1.8111
2 119578191 2
2 119584586 0.1027
2 119589650 2
2 119603829 2
2 119605321 0
2 119627151 0.9873
2 119633348 0.0107
2 119666875 0.64
2 119667751 2
2 119670107 2
2 119683733 2
2 119684590 1.9624
2 119685867 2
2 119700476 2
2 119705377 0.7276
2 119706819 2
2 119707065 2
2 119707918 2
2 119726986 0.7276
2 119761746 2
2 119772725 0.8234
2 119782648 2
2 119788987 2
2 119845125 2
2 119847329 0.905552351643267
2 119869839 2
2 119873179 0.8247
2 119889406 2
2 119890272 2
2 119896218 0.8234
2 119925053 0.8437
2 119944266 2
2 119945396 0.2661
2 119954400 2
2 119959241 2
2 119960746 2
2 119983091 2
2 120009214 2
2 120012790 1.2124852039446
2 120016082 2
2 120026557 2
2 120044213 2
2 120049342 0.1278
2 120051992 0.5226
2 120062847 0.1278
2 120068826 2
2 120073051 2
2 120092008 0.3015
2 120099125 2
2 120105903 2.989
2 120113706 2
2 120196402 2
2 120196831 1.40386836204097
2 120198021 0.0283
2 120201597 1.7372
2 120202711 2
2 120216461 1.1568
2 120218255 0.1807
2 120220898 1.1568
2 120243541 0.3544
2 120246665 0.3234
2 120257013 0.1843
2 120261111 0.1843
2 120262224 0.3244
2 120265164 0.1843
2 120268937 0.1843
2 120275156 0.1843
2 120275914 0.1843
2 120278757 1.1568
2 120283771 0.1843
2 120284758 0.0015
2 120289254 1.1568
2 120290099 0.3244
2 120300678 0.1843
2 120321294 1.66375640437432
2 120321365 0.7044
2 120321425 2
2 120344958 1.1338
2 120352983 0.8499
2 120357247 2.4916
2 120370347 0.438764050563028
2 120371714 0.390007523367949
2 120381689 0.965590812110389
2 120387130 0.846737163715374
2 120389940 2
2 120392314 1.23610074027733
2 120392726 0.915623471678077
2 120397541 1.9034
2 120418024 0.7778
2 120420910 0.7778
2 120435514 1.5248
2 120446199 0.3093
2 120462914 0.175119115640973
2 120517470 2
2 120538909 2
2 120545664 2
2 120560171 2
2 120600679 0.7392
2 120630174 1.1402
2 120642700 0.276
2 120649546 1.4304
2 120653854 1.4304
2 120667763 1.5812
2 120678995 1.5068
2 120683517 0.9454
2 120686820 0.9454
2 120688726 0
2 120691229 0.0712
2 120693823 0.3057
2 120706709 0.86381466639389
2 120707238 1.1733
2 120707286 2
2 120707654 1.1733
2 120709023 1.1733
2 120719239 1.0553
2 120723786 1e-04
2 120724165 1.3322684326285
2 120726612 1.0553
2 120727016 1.35432758753783
2 120738026 0.946055467331143
2 120743711 1.78626343106522
2 120746686 0.1945
2 120749377 0.529457061516917
2 120771537 0.51562353911869
2 120775356 0.89556456109522
2 120781126 1.54730130894122
2 120792575 0.719804398288941
2 120797659 2
2 120806158 0.427851186506331
2 120818549 0.0107
2 120847057 2
2 120847410 2
2 120849897 2
2 120921603 0.300602852889633
2 120983511 2
2 120994118 1.6981
2 121017072 0.746566940375131
2 121021492 2
2 121024500 1.56507282203514
2 121024542 0.937120868954603
2 121037412 2
2 121037937 2.111
2 121038259 2
2 121055323 2
2 121061586 5e-04
2 121115058 0.6418
2 121150839 0.8864
2 121156254 0.246547261304614
2 121171773 0.7124
2 121187356 2
2 121206170 0.0917
2 121221641 0.815421787566638
2 121231913 0.0839
2 121232081 0.7508
2 121238062 0.7508
2 121249802 0.1176
2 121256287 0.0263
2 121257324 2.1586
2 121268005 2.1586
2 121309343 1.6242
2 121324210 2
2 121367528 1.5168
2 121386457 2
2 121405887 2.4921
2 121432872 1.5084
2 121498923 1.6722
2 121610810 2.9027
2 121725379 2.4916
2 121770965 2.3398
2 121800790 1.12871476752633
2 121814604 2
2 121815738 2
2 121821058 0.898278547799115
2 121834479 0.157972202101508
2 121847773 1.58074628768661
2 121851210 1.78752844301778
2 121852461 1.1662
2 121858076 1.04716530688062
2 121859428 0.0763448596534951
2 121874353 0.963042664711697
2 121876601 0.675652415071832
2 121889130 1.75823700338001
2 121909099 0.0380436462313226
2 121909965 1.81422539858254
2 121914488 1.79720874813735
2 121917485 0.00304766783544487
2 121922852 1.66740446592489
2 121937570 1.1480635545445
2 121939647 0.381844927245096
2 121940811 1.86068355863144
2 121941592 0.677833012940234
2 121955569 0.356216922385647
2 121963559 0.363917133064727
2 121978773 1.22171999626449
2 121991432 0.207912077607975
2 122089563 1.0789
2 122098371 0.179721857045514
2 122111223 2
2 122116061 0.0739304685976816
2 122116574 0.8977
2 122120091 0.8317
2 122120776 0.8317
2 122158421 0.8317
2 122170146 1.27700526793077
2 122183646 0.370908833615726
2 122220795 0.395537855155031
2 122223094 2
2 122224786 2
2 122238792 0.969620623076477
2 122244714 0.3546
2 122251468 0.3197
2 122273246 0.3546
2 122274147 2
2 122274236 0.670405468268354
2 122281250 2
2 122283519 2.5742
2 122311534 0.677659924043929
2 122334694 0.112638192881067
2 122335447 0.546776563242731
2 122335989 1.2424
2 122353553 0.0263
2 122357477 2
2 122357879 2
2 122361918 0.005210548688382
2 122363439 1.2424
2 122368486 2
2 122382303 2
2 122391204 2
2 122405195 0.499162582385646
2 122409014 1.47155640238559
2 122409958 0.850766002666629
2 122412883 2
2 122416309 0.0252
2 122420004 0
2 122423658 0.9895
2 122435274 0.9895
2 122440397 2
2 122445733 1.03202661556782
2 122456480 0.9895
2 122460123 0.6725
2 122460428 2
2 122478316 1.7479
2 122479921 1.4158
2 122482264 1.4158
2 122484059 0.5641
2 122498263 0.0263
2 122505425 0.0389
2 122535115 0.1444
2 122548753 2
2 122552407 2
2 122553578 2
2 122556244 2
2 122583502 2
2 122600194 2
2 122602046 2
2 122602278 2
2 122606338 2
2 122606451 2
2 122619054 2
2 122675244 0.022
2 122676461 0
2 122684184 1.7891
2 122687120 2
2 122696963 1.2154
2 122699447 0.0347
2 122713608 0.1593
2 122717993 1.7638
2 122740426 1.41557718445159
2 122766619 2
2 122808473 2
2 122814498 0.3558
2 122818983 2
2 122822385 0.2299
2 122829287 2
2 122833590 2
2 122834024 2
2 122841785 2
2 122852929 2
2 122866040 0.1791
2 122892595 2
2 122913625 0.166
2 122927383 2.0288
2 122937344 0.0879
2 122940205 2
2 122944187 2
2 122962910 2
2 122963846 2.0406
2 122979487 2
2 122982000 0.0879
2 122991013 0.1903
2 122991862 2
2 122999893 0.0879
2 123000888 2
2 123041215 0.3412
2 123050250 0.3412
2 123051167 0.1972
2 123062320 2
2 123070674 2
2 123070876 2
2 123071183 2
2 123072995 2
2 123074168 2
2 123080067 0.0276
2 123080784 2
2 123081701 2
2 123081933 0.0276
2 123082260 2
2 123082469 2
2 123087283 0.0276
2 123105310 2
2 123117153 0
2 123122295 2.1191
2 123127070 2.1191
2 123131567 2.1191
2 123138808 2.1191
2 123172617 1.6558
2 123173999 2
2 123180355 1.6558
2 123185929 1.19430307109844
2 123194256 2
2 123199321 0.0353
2 123200241 1.6558
2 123228325 1.37496401002031
2 123228531 1.3545
2 123234821 1e-04
2 123234912 0
2 123238070 1.2924
2 123248239 1.3545
2 123262989 2
2 123263276 2
2 123266757 2
2 123269349 2
2 123297268 0.2862
2 123316929 0.63564920273532
2 123318738 0.2862
2 123319962 2.03565922114825
2 123322504 0.776320156250037
2 123328233 0.2862
2 123346781 0.846702310133899
2 123356356 0.11224635489051
2 123357186 5e-04
2 123368542 0.2862
2 123371124 0.2862
2 123376319 2
2 123395490 0.741472627250495
2 123395538 0.70808840830214
2 123396364 1.20389807538409
2 123400788 2.44012083017293
2 123400861 2
2 123402310 2.34926828535598
2 123408984 0.477389697523339
2 123414707 0.863053624697776
2 123418157 0.089041820641491
2 123419902 0.0228689554562605
2 123430408 1.516161097742
2 123431974 0.0900570532156739
2 123440129 1.1383
2 123445768 0.374782688578718
2 123457321 2
2 123457423 0.2335860670358
2 123461158 1.1861
2 123484297 0
2 123484720 0.475174503891677
2 123486545 1.065125566769
2 123486624 0.851598153459859
2 123486670 0.402053915397731
2 123495082 1.1861
2 123495623 1.1383
2 123495888 1.1383
2 123519969 0.473478870349124
2 123521421 1.05226408430849
2 123522702 1.0944
2 123522948 0.471329174934734
2 123523619 0.305783102762387
2 123525633 2
2 123533732 2
2 123546625 0.9805
2 123555463 1.278
2 123556902 1.278
2 123558990 0.735931870545556
2 123560676 1.278
2 123561482 0.9805
2 123563378 2.4956
2 123572922 0.9805
2 123573572 1.02184648365653
2 123608617 1.4894
2 123616544 0.2844
2 123619545 2
2 123622803 0.0812
2 123639286 1.481
2 123641552 1.0761
2 123648125 2.7837
2 123649367 0.0812
2 123658238 0.424330139139921
2 123660619 0.0812
2 123665060 0.0812
2 123666938 0.2844
2 123671360 1.4404
2 123680891 0.2701
2 123691705 1.0476
2 123693876 1.0476
2 123698348 2.6444
2 123702616 0.1368
2 123713681 1.0476
2 123722420 2
2 123725594 2
2 123731385 2
2 123744110 6e-04
2 123779173 0.0436570703660107
2 123792498 2
2 123795729 0.2061073138497
2 123825677 0.479849442179876
2 123829474 0.3065
2 123839285 0.263867476537669
2 123842850 0.3237
2 123843624 1.18421612435197
2 123846400 0.983512565243236
2 123864283 2
2 123872414 0.3414
2 123875842 0.57041537603104
2 123917181 0.100064112201099
2 123920676 2
2 123932310 1.0272
2 123934311 1.0125
2 123942202 1.5377
2 123945310 1.0125
2 123946033 2
2 123955871 1.0787
2 123955991 0
2 123967000 1.0574
2 123972028 1.0574
2 123979708 2
2 123997165 0.7911
2 123997770 0.656433756031449
2 123998762 2
2 124002114 2
2 124004585 2
2 124005648 2
2 124011911 0
2 124030570 2
2 124035349 2
2 124043665 5e-04
2 124048712 2
2 124053488 2
2 124063853 0.8336
2 124071159 2
2 124082272 1.2154
2 124082381 1.2154
2 124084738 1.2154
2 124087154 2
2 124096934 1.1662
2 124102085 0.1027
2 124112226 1.216
2 124114223 1.9651
2 124121530 2
2 124155977 0.541694763476089
2 124156854 0
2 124169556 0
2 124169981 2.7123
2 124174054 0.628886950243077
2 124179770 0.51647471976621
2 124179841 1.09054896688927
2 124197281 1.61632784184901
2 124197657 1.09517359680045
2 124207027 0.703521453861664
2 124212532 0.8622290680141
2 124214471 1.47657643342254
2 124230445 2.62767282108547
2 124245462 0.0296841716393469
2 124264575 0.301416115064835
2 124267373 0.348403103462671
2 124268998 0.358398735956206
2 124278523 0.89408627968682
2 124288241 1.5805121765511
2 124290882 1.30008014632353
2 124291419 1.13119354479844
2 124292792 2.64646083556947
2 124295128 2.02604026430382
2 124295504 0.120323055652348
2 124306406 1.18988471397626
2 124309174 0.2696479691736
2 124323289 0.0442139367037513
2 124326716 1.97789672259561
2 124350474 2
2 124350631 0.202560130929064
2 124369245 0.279341709222869
2 124377795 2
2 124381969 0.185690283150676
2 124433341 1.69258266982293
2 124437269 0.199964393069298
2 124444173 0
2 124447840 0.550858952644229
2 124452089 0.0396
2 124456142 0.0396
2 124490742 1.946
2 124499354 0.231019726800124
2 124502904 0.593065926241131
2 124510321 5e-04
2 124518849 0.238388272581142
2 124523962 0.2989
2 124540783 1.27657947411807
2 124542878 2
2 124556562 0.136
2 124558127 0.4187
2 124565639 0.3763
2 124566138 1.0473
2 124569060 0.3464
2 124578979 2
2 124588181 3e-04
2 124589780 0.525
2 124594697 0.5457
2 124611071 1.89088840162591
2 124613809 0.4034
2 124617763 0.4476
2 124625083 2
2 124626819 0.4142
2 124634730 0.4142
2 124636899 0.0014961362297757
2 124667874 0.6862
2 124671429 0.4251
2 124693116 1.35154907814742
2 124701454 2
2 124706912 5e-04
2 124706917 5e-04
2 124707959 0.8564
2 124710105 8e-04
2 124711552 0.8564
2 124714142 0.8564
2 124755599 0.0650966157708755
2 124768057 2.2988
2 124788565 1.6917
2 124806706 1.31644941766029
2 124811947 0.949022149327334
2 124855682 0.9083
2 124860494 5e-04
2 124906444 0.550452789600353
2 124910717 2.8712
2 124918301 2
2 124935524 1.04904347000906
2 124967797 1.0646133261819
2 125005504 0.279415724007088
2 125018867 0.292219326635716
2 125045485 0.52896724864606
2 125049984 2
2 125056988 0.828809469479399
2 125057935 1.2984
2 125062817 0.973668877176897
2 125072855 2
2 125112647 0.755759136616506
2 125127596 0.476177134263365
2 125141268 0.108670262607149
2 125149659 0.131076256869483
2 125222503 2
2 125254954 0.345267318060769
2 125284468 0.960652140482072
2 125293509 0.14652503514871
2 125296574 0.340393449252826
2 125299219 0.86887856658733
2 125300919 0.513209516925607
2 125306522 0.814319860091563
2 125311804 2
2 125335328 0.841902441300343
2 125364251 0.109131142694681
2 125367899 0.453948766509651
2 125380484 0.9186
2 125398676 0.755039512275456
2 125408425 0.843788472585542
2 125413827 2
2 125423134 1.42437620881454
2 125424031 1.1993
2 125424324 2
2 125435620 1.29652748066335
2 125443375 1.25822201545876
2 125449435 1.1993
2 125459824 0.687456134352995
2 125461060 1.1993
2 125468652 0.575833749746965
2 125489510 0.4788
2 125496735 0.3003
2 125497161 0.3003
2 125499512 0.550833360460785
2 125514464 1.1993
2 125533939 1.247
2 125551052 0.879212537817596
2 125561420 0.18553542591166
2 125581113 1.55604802743435
2 125593104 1.47949591827575
2 125603605 0.8201
2 125611626 2.0276581030277
2 125614866 0.0157
2 125620013 0.0157
2 125621913 0.52
2 125628289 0.7972
2 125629961 0.0157
2 125632923 0.7027
2 125633965 0.7972
2 125637293 0.0157
2 125638235 0.0157
2 125647853 2
2 125650163 2
2 125675744 2
2 125683120 0.2484
2 125695805 0
2 125703217 0.1194
2 125719596 0.404552391775815
2 125739032 0.0439
2 125813022 0.451
2 125858265 2
2 125872240 1.70598132138033
2 125873974 2
2 125891122 0.9508
2 125895031 1e-04
2 125895140 0.1368
2 125901751 1.1997
2 125910872 1.1559
2 125942746 1.5036368274284
2 125962062 0.2751
2 125984556 2
2 125986808 0.0121
2 125995874 1.87558298502484
2 126006770 0.615491114831557
2 126010412 0.702988067979721
2 126013348 2
2 126013351 1.01678662947774
2 126027672 1.04882473943331
2 126033225 1.2214
2 126044198 0.9371
2 126051358 2
2 126057061 1.2214
2 126066582 2
2 126081207 2.2967
2 126087245 2
2 126096039 0.0263
2 126118668 1.1209
2 126126183 2
2 126134668 1.70049539886254
2 126144949 1.1724
2 126191389 1.1209
2 126201905 1.1209
2 126203580 2
2 126208892 2
2 126215268 2
2 126220371 1.0789
2 126227135 1.28440692948151
2 126228670 2.3701
2 126236003 0.0381168252650541
2 126252635 1.0789
2 126326076 2
2 126335850 1.0035
2 126344039 2
2 126344881 2
2 126344996 2
2 126363349 0.0696
2 126365377 0.0696
2 126370357 0.093
2 126411279 1.3799
2 126417124 1.3732
2 126419477 0.7834
2 126422464 1.0035
2 126428309 0.7834
2 126433353 1.0035
2 126439027 1.0035
2 126462416 5e-04
2 126462445 5e-04
2 126500461 0.9371
2 126509245 2
2 126514497 2
2 126543547 0.9371
2 126584589 2
2 126597027 2
2 126610537 1.17849011136028
2 126621432 1.4103
2 126621713 1.4008
2 126621915 1.4103
2 126623188 2.41434591008955
2 126623631 1.3606
2 126629979 1.02550017772267
2 126631928 2.978
2 126637461 0.12094223725574
2 126651325 0.358322384223473
2 126651446 0.470645803983121
2 126666465 2
2 126672842 1.24645217179898
2 126676038 2
2 126678410 1.1152
2 126688913 0.1692
2 126690839 0.5329
2 126692543 0.022256313994504
2 126692877 0.658454093210479
2 126699309 0.585422410080829
2 126699378 0.927032587171235
2 126725540 2
2 126728353 0.0226657678049172
2 126739560 0.3217
2 126744485 1.07770831782389
2 126753485 1.7379
2 126753521 1.2694
2 126761847 2.65053251069075
2 126764319 5e-04
2 126766739 0.29433752866163
2 126771471 1.89193008790507
2 126772489 1.36936612340553
2 126793589 0.801893914098405
2 126795296 1.41744943780311
2 126796602 0.384887407599986
2 126797023 0.777220980278576
2 126798842 1.9925809730932
2 126802795 0.337174957290254
2 126803146 0.515171470867351
2 126807656 0.712439065342595
2 126813851 1.14070714384397
2 126815349 0.215017325444675
2 126816819 0.2956
2 126819429 1.7908389452725
2 126820472 0.54292363975181
2 126833720 2
2 126846937 1.6842
2 126849103 1.0061
2 126850868 0.954
2 126862145 0.3984
2 126863285 0.4244
2 126866136 0.3984
2 126872336 0.3984
2 126887049 0
2 126890951 1.7344
2 126892692 0.4178
2 126903314 1.7105
2 126908501 1.6121
2 126927270 2.9795
2 126928054 0.0998
2 126928306 2
2 126929556 1.0102
2 126948009 0.081
2 126951219 1.0866
2 126981515 0.3009
2 126984245 0.3129
2 126989930 0.2771
2 127004877 0.5386
2 127013480 1.3385
2 127014797 0.308509731728143
2 127045498 0.5643
2 127050585 0.778269777833131
2 127054198 0.88
2 127066937 1.34097081302512
2 127075308 1.22783068579685
2 127077546 2.55577629878378
2 127078059 0.0451630079073007
2 127078251 0.0442743027806699
2 127081103 2
2 127094445 0.9072
2 127100370 0.0769334901980278
2 127104330 2
2 127108959 2
2 127108971 2
2 127109440 2
2 127110084 2
2 127118084 1.48386027560281
2 127123300 0.549740720977375
2 127124439 2
2 127132740 0.9067
2 127136405 2
2 127137911 2
2 127150539 2
2 127152875 0.0263
2 127161665 0.4159
2 127175928 1.74879490259398
2 127181167 1.3633
2 127188796 1.6866
2 127189168 0.1027
2 127190382 1.2169
2 127200941 1.20332236733863
2 127204468 1.12333718524108
2 127205068 2.978
2 127209116 0.548
2 127212809 0.5565
2 127213963 1.7097
2 127221404 0.0078
2 127221586 1.7336
2 127223975 0.0232
2 127232088 0.0232
2 127253936 3.0001
2 127271927 1.4979353355665
2 127274970 0.0208114355924556
2 127301051 0.063102778082328
2 127306121 0.151468208549803
2 127334774 0.1682
2 127347533 0.8491
2 127386817 0.260340891789569
2 127387727 5e-04
2 127401685 2.2669191653792
2 127413086 0.3657
2 127419801 0.3657
2 127420398 1.70097080366127
2 127437188 1.0963
2 127437495 2.1608
2 127455905 1.1385
2 127479040 0.87095263141191
2 127483463 0.42851183763032
2 127485886 0.1507
2 127491447 0.338957307704387
2 127508352 0.994020346663447
2 127521039 0.1078
2 127523016 0.971324977675811
2 127529255 0.630824600480945
2 127557654 1.68363870345975
2 127571261 0.1976
2 127571727 1.03657256504144
2 127593390 0.3902
2 127604985 1.9181
2 127619056 1.02236954513542
2 127620258 0.3414
2 127637183 0.479
2 127655853 0.0263
2 127657105 0.39479571375439
2 127662435 1.2072
2 127668693 1e-04
2 127677758 1.16292504768857
2 127678843 0.601252561860352
2 127680931 1.10349235460014
2 127688011 0.811922859499732
2 127695843 1.40973502572769
2 127759884 0.13593207624994
2 127765790 0.35741550460604
2 127777448 1.27830764572905
2 127780138 1.2542
2 127815985 2
2 127817960 0.0053
2 127823313 1.16426090551338
2 127833897 0.739830844590627
2 127844192 1.0018
2 127845341 1.2994
2 127870271 0.5577
2 127896187 2
2 127907120 2
2 127924110 2
2 127927687 0.0633
2 127929497 0.0633
2 127951931 0.0107
2 127951946 0.549439811628508
2 127959817 0.0633
2 127960079 0.0633
2 127964905 0.0755
2 127968490 0.0633
2 127968808 0.0633
2 127980304 0.231753376832621
2 127988951 0.300524217961671
2 128007019 0.381074711334974
2 128012295 0.763381167085426
2 128050343 2
2 128054852 0.0621
2 128065787 2
2 128071618 2
2 128073008 0.491835847585566
2 128075235 2
2 128080361 2
2 128080397 0.814840134538903
2 128084317 1.07874628841126
2 128115021 1.75758164601343
2 128130206 2.2702
2 128136232 2.147
2 128158852 0.400671840082072
2 128164421 2
2 128174537 0.713131757871728
2 128186850 1.51416954245055
2 128196362 1.09769167411448
2 128200201 0.663028703375617
2 128223247 0.253849605911178
2 128265938 1.0782
2 128278318 0.7081
2 128290800 1.305
2 128290995 2
2 128293295 2
2 128293490 2
2 128294778 2
2 128302853 2.439
2 128310595 2
2 128310660 2
2 128326532 2
2 128333779 2
2 128335075 2
2 128335117 2
2 128347428 2
2 128350289 2
2 128351526 0.893721581170506
2 128365878 0.501149881701048
2 128366867 2
2 128369127 2
2 128393173 0.2854
2 128399247 0.2854
2 128403753 0.2854
2 128407988 2
2 128409132 2
2 128417529 2
2 128418946 2
2 128425132 2
2 128432624 0.986
2 128442646 2
2 128443548 1.2261
2 128449901 1.066804868772
2 128504185 0.6765
2 128516361 0.6495
2 128559531 1.0332
2 128568751 1.6935
2 128577772 1.7421
2 128578576 1.7524
2 128599748 2.4034
2 128609689 1.8796
2 128616436 1.8667
2 128617564 1.8299
2 128618896 1.8299
2 128630634 0.9858
2 128642519 1.3074
2 128662620 0.4958
2 128669352 0.1832
2 128669768 1.257
2 128677103 2
2 128680460 2
2 128681415 2
2 128683767 2
2 128684753 2
2 128685909 2
2 128686449 2
2 128703522 0.327614592587156
2 128704963 1.6347
2 128706215 1.6347
2 128715434 0.1959
2 128739698 2
2 128755022 0.8471
2 128755024 0.493774702028326
2 128755202 0.8706
2 128770529 0.8706
2 128774263 0.8706
2 128784599 0.381286502932694
2 128786977 0.3633
2 128789224 0.4554
2 128792454 0.814019302608614
2 128799116 2
2 128802100 2
2 128803082 0.30275210499252
2 128806783 2
2 128814549 2
2 128816114 0.190321005402918
2 128823978 2
2 128827869 2
2 128830937 1.4693
2 128835718 2
2 128840132 0.602522878215466
2 128845820 0.658510618467549
2 128849754 0.633518154697913
2 128850747 0.720244701498109
2 128850781 0.0703276506596583
2 128855852 2
2 128856931 0.277833355676025
2 128871187 0.892064876066953
2 128880711 2
2 128890621 2
2 128891817 2
2 128905820 0
2 128914204 2
2 128921297 2
2 128931643 2
2 128949081 2
2 128964689 2
2 128968241 0.293284147042192
2 128992659 0.364
2 129000280 0.500277622103162
2 129000299 2
2 129006792 0.95525934634344
2 129011302 0.383817578876072
2 129012479 2.9911
2 129031426 2
2 129037946 0.2884
2 129041380 0
2 129044390 0.1537
2 129054111 2
2 129066956 0.0899
2 129067593 0.0899
2 129083614 0.1007
2 129083910 2
2 129095772 0.1629
2 129098504 1.3781
2 129105635 2
2 129111914 0.0386
2 129124038 5e-04
2 129134495 2
2 129141161 2
2 129143666 2
2 129147282 0.298521384330377
2 129158178 1.33337249312112
2 129158499 2.11331312672408
2 129158630 0.014110119281468
2 129161566 1.29278083438568
2 129162685 0.0084024320213312
2 129163439 0.91
2 129163953 0.442952880013705
2 129175047 0.363477740497483
2 129178530 0.870539604525344
2 129205291 2
2 129209823 2
2 129210791 2
2 129212758 2
2 129225287 2
2 129225558 2
2 129227609 2
2 129229318 0.0425
2 129238933 0.0425
2 129241600 0.0425
2 129245551 2
2 129251768 2
2 129257651 0.1281
2 129258355 2
2 129267016 2
2 129279790 0.1281
2 129294356 2
2 129297274 0.1281
2 129299239 2
2 129312682 2
2 129317324 2
2 129326346 0.7774
2 129330228 2
2 129333836 2
2 129341297 2
2 129344602 0.2749
2 129346015 1.0206
2 129356592 2
2 129360560 2
2 129360902 2
2 129362120 2
2 129362183 2
2 129367768 2
2 129398551 2
2 129403271 2
2 129403272 2
2 129403312 0.0107
2 129405513 2
2 129408260 2
2 129408801 0
2 129417096 2.1804
2 129418001 2
2 129424571 2
2 129429328 2
2 129438331 2
2 129438789 0.6323
2 129455188 0.7606
2 129456392 0.7606
2 129459539 2
2 129462474 2
2 129477645 0.7606
2 129479660 2
2 129480919 2
2 129485420 2
2 129497537 0.0639
2 129497608 0.7187
2 129502930 0
2 129506679 0.22290947134362
2 129512256 0.5044
2 129529607 1.3083
2 129554561 1.3083
2 129564114 2
2 129571990 2
2 129572605 2
2 129575120 2
2 129597867 0.5277
2 129607619 0.782263064176041
2 129608003 1.1262
2 129611967 1.46379801778484
2 129615797 0.894458821738817
2 129624288 0.0686811628100653
2 129630202 0.0799924902250392
2 129635223 1.0897
2 129636540 1.1316
2 129643972 0.489143158259281
2 129648026 0.375896842319079
2 129651201 2.58376909851791
2 129666982 1.44253202167626
2 129668798 1.327
2 129677981 1.3331
2 129682528 1.3457
2 129710526 2
2 129720141 0.0078
2 129735626 0.1609
2 129737934 0.0263
2 129750730 0.0779
2 129759838 0.0053
2 129760029 0.0598
2 129772735 2
2 129792562 2
2 129792678 0.0166407701866441
2 129797154 2
2 129797279 2
2 129833269 2
2 129841821 2
2 129855477 2
2 129857490 2.1608
2 129874529 1.1152
2 129885399 2.2081
2 129896795 1.4857
2 129896833 1.4399
2 129901335 2
2 129903570 0.684482717249509
2 129908441 1.09001317255677
2 129908479 1.45299343534558
2 129923874 0.1689
2 129927664 0.0591113694719328
2 129930794 0.1615
2 129982989 0.737068816865611
2 129996361 0.2785
2 129999731 1.19857535939483
2 130004371 0.457017556646032
2 130021023 0.572196425427551
2 130021038 0.352279108499862
2 130022139 1.10264245473457
2 130026349 0.392713581095016
2 130027607 0.181601701465345
2 130057252 1.05092346362576
2 130103059 0.0809093339851206
2 130136424 0.467316713122584
2 130176874 2
2 130190730 2
2 130213245 2
2 130213490 2
2 130216100 1.98404774169978
2 130217651 2
2 130223626 2.1142947541671
2 130223932 0.5297
2 130249476 2.1467
2 130250784 0.5155
2 130279455 0.243288680241021
2 130279668 0.146382126273485
2 130280513 0.3996
2 130296393 0.421
2 130302099 0.421
2 130303859 3.1157
2 130395188 2
2 130613256 0.0078
2 130668754 1.07110506701804
2 130774622 2.08534834676466
2 130781793 1.211
2 130785399 5e-04
2 130809906 0.0273
2 130816552 0.6638
2 130816977 0.5141
2 130831091 0.3227
2 130833816 1.67045416295195
2 130849769 1.32820843230066
2 130907725 0.055
2 130914572 1.2752
2 130926078 0.0977
2 131002897 2
2 131012562 0.0444
2 131013832 0
2 131033111 0.0716
2 131050316 2
2 131141801 2.3383
2 131157969 2.3732
2 131220960 0.721291455059842
2 131229258 0.471975291494345
2 131297102 0.837072052212517
2 131317549 0.0078
2 131318120 1.40701541078122
2 131326469 2.4105
2 131328001 0.812261460831004
2 131329232 1.65585358931358
2 131333171 0.0327467023161776
2 131333477 0.664282009056967
2 131334192 0.0206219335709235
2 131335653 0.0438323675601223
2 131338780 5e-04
2 131342993 2.51354411385613
2 131361114 0.123002963439241
2 131379208 0.789943825622253
2 131394328 0.812710586018415
2 131396020 1.00262902396535
2 131401879 0.628886279860551
2 131403731 0.0624
2 131409243 2
2 131414260 2
2 131419865 2
2 131424979 0.8149
2 131436455 0.9225
2 131448051 2.5125
2 131459134 0.7252
2 131492781 0.9531
2 131541948 0.551037583833424
2 131542130 0.0637
2 131547241 0.2789
2 131555132 0.5492
2 131574873 0.881894555449564
2 131575274 3.01838201219642
2 131595117 0.6541
2 131595640 0.6727
2 131620393 0.4052
2 131631388 0.0291663997051774
2 131651355 0.717857596443981
2 131652358 2.16691715347248
2 131659018 0.256387604315161
2 131662697 0.0014
2 131667919 0.97401788671297
2 131674847 0.4073
2 131675255 2
2 131675714 0.748469328667523
2 131679636 0.3886
2 131683597 0.3664
2 131692191 2
2 131702011 2
2 131702940 0.0053
2 131706238 2
2 131718291 2
2 131754142 2
2 131755072 2
2 131755804 2
2 131764984 2
2 131770552 2
2 131771100 0
2 131772280 2
2 131779589 2
2 131780842 2
2 131797708 2
2 131813915 2
2 131816807 2
2 131817743 2
2 131840303 2
2 131865278 0.0273
2 131868938 0.0994
2 131874412 0.1502
2 131874585 2.3383
2 131874885 0.148724050851187
2 131878629 0.0273
2 131904431 0.5351
2 131908159 0.5127
2 131909444 2.2744
2 131920498 0.6632
2 131925627 2
2 131934077 2
2 131977334 0.95422008379772
2 131983528 1.50443849110691
2 131985776 0.352637267333913
2 131987397 0.853450132071368
2 131988402 0.544792340459432
2 131992484 0.230880325824274
2 131994476 0.8417
2 131995826 1.3249778688018
2 131996727 0.558555217214224
2 132007497 0.1152
2 132009578 2
2 132021785 0.5197
2 132028001 1.21399572358233
2 132032027 2
2 132034826 2
2 132036776 1.10371252229732
2 132038288 0.0897
2 132038325 0.3476
2 132042479 0.372730981452928
2 132063123 0.113851745540567
2 132071450 0.837059009915765
2 132074643 0.728091156399626
2 132078757 2.2356
2 132078774 2.2967
2 132106368 0.958
2 132133790 0.958
2 132154644 0.207245079086135
2 132179082 1.29135543584645
2 132204762 0.242769473385363
2 132214897 1.2904
2 132277215 2
2 132310336 2
2 132310764 0.1406
2 132325891 2
2 132326568 0.7258
2 132337199 0.7258
2 132355385 0.223
2 132370707 1.0159
2 132383590 0.8823
2 132384122 0.6929
2 132391899 2
2 132393451 0.0313
2 132393882 0
2 132423658 0.296140630164529
2 132429690 2
2 132431666 2
2 132452870 0.0255
2 132453932 1.1771
2 132458506 2
2 132469012 2.5866
2 132490751 0.2537
2 132499806 0.2712
2 132504945 0.5053
2 132505211 0.0624
2 132508731 0.6348
2 132512563 0.0078
2 132516017 0.2914
2 132520131 0.2474
2 132534502 1.91467272959969
2 132548051 0.264
2 132553402 0.8721
2 132564849 0.5757
2 132576813 0.531643497306434
2 132585085 0.7121
2 132654383 0.3295
2 132682654 0.0702503701802418
2 132699254 0.400062706150267
2 132704452 0.1857
2 132710884 0.202611526841461
2 132720965 1.71452486307774
2 132758265 0.0119315174421555
2 132760255 2
2 132765882 1.0272
2 132776382 2
2 132778639 0.712174167147773
2 132788484 2
2 132800852 2
2 132806509 2
2 132807850 2
2 132817887 0.929289985656886
2 132819955 2
2 132827149 1.00600416806055
2 132853289 0.653213054675431
2 132857554 0.468986210896083
2 132866366 0
2 132869493 2
2 132871776 2
2 132871822 2
2 132871991 2
2 132877972 2
2 132895114 2
2 132922915 1.6672
2 132926085 2
2 132929213 2
2 132950133 0.1925
2 132981583 0.0361613310239817
2 132991670 0.0352646425990093
2 133024341 0.0702
2 133027875 0.574678625955634
2 133031501 0.459752841720357
2 133039596 0.4621
2 133054269 0.880611497465706
2 133058005 1.0870662033427
2 133106182 1.1106
2 133111713 1.0376
2 133117939 1.0045
2 133134150 2
2 133148805 3.1148
2 133189884 1.22535483214062
2 133190586 2
2 133196154 2
2 133219433 0.287395821380251
2 133249786 1.3358
2 133254421 1.3358
2 133273805 2
2 133275022 1.9357
2 133281896 1.2517
2 133284988 1.2517
2 133286158 2
2 133286249 1.2517
2 133289722 2
2 133313381 0.362653212635173
2 133334077 0.164323007490732
2 133345802 0.68249106443574
2 133349976 0.45064790180556
2 133350219 0.247385532312082
2 133361988 0.576612327837543
2 133404144 2.339
2 133421494 0.735259293952442
2 133426849 0.4002
2 133428396 2
2 133430731 0.139626910982638
2 133444541 1.23556988213448
2 133444835 0.740990534555565
2 133465445 1.13649783116637
2 133473082 1.7709
2 133477625 0.396200062539389
2 133483670 1.7709
2 133500994 1.5397
2 133502041 2
2 133504547 0.730647260185164
2 133504913 1.5080084528739
2 133522514 0.6606
2 133524168 1.8775
2 133530492 0.7317
2 133531069 0.643062984244852
2 133532185 1.2124
2 133539086 1.4995
2 133544401 0.694
2 133558951 2
2 133561699 2
2 133574525 0.469543391592391
2 133575530 0.12178470369715
2 133593154 0.889988106451863
2 133615151 2
2 133678118 0.0279211472185842
2 133703450 0.5914
2 133708075 2
2 133718567 2
2 133730897 0.998
2 133731584 0.9698
2 133739124 0.9138
2 133774746 2
2 133777924 2
2 133778857 1.0156
2 133781762 1.301
2 133784171 0.6781
2 133811443 2
2 133818314 0.6557
2 133818516 0.1803
2 133832131 0.0504709449055491
2 133842629 2
2 133843005 0.093
2 133848779 2
2 133849013 2
2 133857885 2
2 133868158 0.6628
2 133868385 0.1062
2 133874883 0.9591
2 133882673 0.2827
2 133897906 2
2 133927580 0.231685608365895
2 133936336 0.6543
2 133938004 2
2 133938825 0.18457778781911
2 133940768 0.29868449197432
2 133943608 2
2 133946764 2
2 133959631 0.2628
2 133970287 2
2 133979991 0.731179632724355
2 133993780 0.733791894934627
2 134010491 2
2 134012414 2
2 134017773 2
2 134026200 0.0015
2 134026202 1.62109445925829
2 134033603 2
2 134046452 1.0035
2 134065337 1.81317484254933
2 134086346 0.710713877505938
2 134087514 1.83232284720431
2 134094848 1.5355
2 134106773 0.583271488585931
2 134114990 0.630899136056766
2 134117148 0.722017718306548
2 134150027 2
2 134150223 2
2 134160983 2
2 134167452 2
2 134171261 2
2 134179217 0.6487975156126
2 134185227 1.4667950241882
2 134187964 0.4276
2 134194744 0.580354845924683
2 134206321 2
2 134229966 2
2 134237754 2.04601942360125
2 134244024 0.4001
2 134257319 2
2 134263129 1.3176
2 134293543 2
2 134297702 2
2 134298913 2
2 134301161 1.076
2 134308372 2
2 134313999 2
2 134338799 1.077
2 134343246 0.1777
2 134348939 0.5904
2 134355341 3.2919
2 134364500 0.5351
2 134370339 0.1994
2 134390159 0.0053
2 134396352 2
2 134399165 2
2 134401882 1.16303937442812
2 134411105 2
2 134427352 0.9949
2 134454850 1.5843
2 134456471 0.300174137580646
2 134465074 0.105178032134593
2 134479900 1.76779603830869
2 134483096 0.683784121967653
2 134485802 0.3548
2 134500792 0.320216448597837
2 134501074 0.00960579116779623
2 134504968 0.718908422004502
2 134505798 0.826265909286209
2 134529530 1.324598972391
2 134531169 2
2 134583630 0.6599
2 134597902 0.8082
2 134612482 0.8082
2 134617025 0.2394
2 134618502 0.69
2 134628904 0.689
2 134671718 0.6321
2 134673879 0.7007
2 134679933 2
2 134682182 2
2 134728580 2
2 134779549 2
2 134780068 1.0896
2 134805711 2
2 134824558 2
2 134827929 2
2 134842169 2
2 134843954 2
2 134850807 1.6654
2 134852125 2
2 134854869 2
2 134863986 2
2 134880474 2
2 134885303 0
2 134896598 2
2 134898149 2.5382
2 134919282 2
2 134929653 2
2 134958387 2
2 134964528 0.0078
2 134968999 0
2 134971150 2
2 134973649 2
2 134988152 2
2 134990706 2
2 135004774 2
2 135009320 1.0958
2 135020352 2
2 135025796 0.8933
2 135061337 0.8933
2 135118738 1.2227
2 135157788 2
2 135176351 1.1385
2 135232461 1.138
2 135268592 5e-04
2 135279438 3.1157
2 135322092 2.0475
2 135365444 1.138
2 135370033 0.14185492916278
2 135571320 2
2 135603990 2.0475
2 135646573 1.9352
2 135658837 1.9352
2 135662439 1.9352
2 135663338 2
2 135695158 1.9525
2 135727710 2
2 135737730 2
2 135748805 2
2 135777840 2
2 135781943 2
2 135797955 2
2 135851076 2
2 135872341 2
2 135873187 2
2 135875441 0.29496906495914
2 135879780 0.310459392766463
2 135880052 0.10587116478379
2 135884312 2
2 135925723 0.904883005174856
2 135955705 0.170145319353449
2 135965934 2
2 135994272 2
2 136027509 1.4876
2 136029081 2
2 136055865 2
2 136059447 8e-04
2 136064653 2
2 136128796 0.207
2 136129742 2
2 136164133 2
2 136166425 0.0859
2 136174751 2
2 136216687 0.9781
2 136223640 2
2 136228817 2
2 136232757 2
2 136234473 2
2 136245939 0
2 136276414 2
2 136279549 2
2 136281147 2
2 136283796 2
2 136284064 2
2 136285296 2
2 136287040 1.64200633770199
2 136294924 1.43045223073139
2 136310003 0.058852156487492
2 136315214 1.37693120249257
2 136340833 1.0141
2 136347772 0.2661
2 136354687 0.6444
2 136355003 0.117224297397011
2 136361893 0.200872401682132
2 136405501 2
2 136405957 0.068160092124319
2 136415919 0.583212773188146
2 136418406 0
2 136419886 1.26062437479908
2 136431427 2
2 136433073 0.9217
2 136447904 2
2 136489029 5e-04
2 136529109 0.592
2 136536921 2
2 136548286 1.654
2 136566120 0.0102
2 136576601 0.0053
2 136582522 2
2 136630312 2
2 136637709 2
2 136639195 1.8888
2 136644762 1.74858573800892
2 136647928 0.6012
2 136649442 0.287221579272802
2 136665627 0.9515
2 136680487 2
2 136689726 2
2 136690249 2
2 136701146 2
2 136701794 0
2 136706101 2.39376216848393
2 136707845 0.756994448026659
2 136711138 2
2 136718385 2
2 136722762 0.306608482819483
2 136723623 0.9515
2 136734434 0
2 136748701 2
2 136765568 2
2 136774356 0.7405
2 136786806 2
2 136791728 1.0881
2 136805073 1.0703
2 136811463 0.863254040028886
2 136829060 0.9772
2 136839462 0.0817
2 136841439 5e-04
2 136844028 2
2 136846538 0.3417
2 136853050 0.614620947305576
2 136858658 2
2 136863793 2
2 136875523 2
2 136887331 2
2 136888329 0.0399
2 136890415 6e-04
2 136895372 0.5068
2 136897542 0.752015442592371
2 136902161 2
2 136903357 0.5068
2 136903666 0.5068
2 136908096 2
2 136913185 0.9951
2 136940539 2
2 136944814 2
2 136946847 2
2 136948486 2
2 136949455 2
2 136959890 0.4825
2 136962386 2
2 136975400 1.04843758213364
2 136986191 1.70171015068224
2 136988485 2
2 136995339 0.979337005767825
2 137003287 2
2 137011650 2
2 137038147 0.86232756616561
2 137060448 2
2 137084536 0.0328290546146112
2 137086757 2
2 137088842 1.0049
2 137092829 2
2 137094622 2
2 137113517 1.05610899506058
2 137125734 0.1417
2 137136218 0.1487
2 137139965 0.1417
2 137143013 0.1487
2 137144169 1.24560409471851
2 137152605 0.238502329743021
2 137156669 1.30525728715758
2 137174882 2
2 137194739 0.0171
2 137200435 0.0015
2 137206043 2
2 137210553 2
2 137213209 2
2 137214434 2
2 137215210 2
2 137216268 2
2 137221142 2
2 137222238 2
2 137223306 2
2 137223614 2
2 137224105 2
2 137239860 2
2 137241490 0.726108705993174
2 137266179 2
2 137281129 2
2 137286524 2
2 137291243 0.0418701288750977
2 137301793 0.0101291899820899
2 137312292 2
2 137313441 2
2 137316769 0.9138973019843
2 137320033 0.39675315738637
2 137328309 0.396121346485036
2 137343484 0
2 137347444 2.3464
2 137356008 0.568536946112874
2 137392015 0.446874707625246
2 137393160 0.6002
2 137395162 0.6002
2 137397103 1.63732323216887
2 137410859 0.302581916588854
2 137412715 0.621488960720897
2 137413004 3.07952628540673
2 137418913 1.91917387088667
2 137424953 1.0802
2 137439526 2.09758309457287
2 137449543 0.414808984507036
2 137452033 0.260335199163548
2 137454428 1.59524248772998
2 137458051 0.6002
2 137460878 1.44380598878133
2 137464743 0.950526885039423
2 137486696 2
2 137511226 1.0304
2 137515228 1.82706926401222
2 137524297 1.0304
2 137526549 1.05151595278653
2 137528056 1.22009718220146
2 137532729 0.480022440202028
2 137533144 1.0304
2 137549776 0.937418507813396
2 137554026 0.2982
2 137595884 0.679716401926815
2 137631012 0.301723466230359
2 137638146 0.9626
2 137639922 0.789235806675431
2 137643025 1.18199647038406
2 137649976 2
2 137658821 0.458686916912257
2 137662584 2
2 137663426 0.131945649102876
2 137679640 0.301566167293413
2 137683352 0.876317475137356
2 137687690 0.954194042506375
2 137691844 0.860667158650934
2 137692641 0.0053
2 137697078 0.741015863955143
2 137698495 0.911385215203667
2 137701321 0.254621316673923
2 137701976 0.365194721559048
2 137736137 1.30180367668061
2 137736499 0.091235935992981
2 137740266 0.0162
2 137742356 0
2 137742410 0
2 137752848 0.401590745301802
2 137795376 0.012304030464463
2 137804503 0.0502
2 137813451 0.0329
2 137846856 0.718950815366302
2 137849876 0.449378737652857
2 137881427 1.64467571489034
2 137893587 0.0263
2 137908661 2
2 137914966 0.931409239100437
2 137936303 0
2 137936320 0.425139509144359
2 137945082 0.3803359685505
2 137953435 0
2 137955400 2
2 137978733 0
2 137987574 2
2 137988550 2
2 137990939 2
2 138006744 2
2 138011035 2
2 138017090 2
2 138041009 2
2 138049422 2
2 138056850 0.42615827101284
2 138058720 0.0544248916846999
2 138078063 2
2 138079776 2
2 138100472 2
2 138115169 6e-04
2 138116630 1.09747194564275
2 138123229 1.0928
2 138128672 0.413986942051741
2 138130805 1.113
2 138137135 2
2 138151028 0.181842106537414
2 138179784 0.943300509413275
2 138188165 2
2 138201603 0
2 138212763 2
2 138216349 0.583960768304032
2 138232272 2
2 138251068 2
2 138253975 2
2 138255313 0.1711
2 138266667 5e-04
2 138271570 2
2 138271620 2
2 138273771 0.1711
2 138279118 0.1638
2 138285261 2
2 138289405 2
2 138289443 2
2 138290531 2
2 138290972 2
2 138291745 2
2 138295744 2
2 138299625 2
2 138304535 1.5559
2 138305063 0.3711
2 138306186 0.842365678468926
2 138314391 0.359830173843152
2 138323439 2.6444
2 138356457 1.3678
2 138368067 0.5295
2 138392732 0.7749
2 138394613 0.7099
2 138418439 1.3678
2 138444581 0.7906
2 138448101 0.7223
2 138455259 0.544808652311472
2 138460118 0.354032437766074
2 138461676 0.0464734882214823
2 138501267 1.4624
2 138521352 0.804457136643342
2 138533344 0.581749626755658
2 138538467 0.3531
2 138587356 0
2 138623710 2
2 138639400 0.696769259324156
2 138648102 1.26205605287832
2 138648928 0.812512168625198
2 138649506 0.0415208284704834
2 138657604 2
2 138675855 1.53832643812934
2 138677322 0.2915
2 138689354 1.5009
2 138691767 1.4411
2 138693421 0.931581333707612
2 138702169 0.5656
2 138705753 0.0425
2 138709542 0.0425
2 138709685 0.931237536095409
2 138724524 0.0425
2 138724576 0.419480592967321
2 138727183 0.0425
2 138728600 1.51004222779322
2 138740934 2.85905302479111
2 138762832 1.3813
2 138805425 0.781297474817724
2 138817036 0.478806074080157
2 138838692 0.0731
2 138839438 0.197782312172086
2 138850144 0.0263
2 138863738 0.288048924578025
2 138863749 0.614014038618599
2 138872299 0.626032321952904
2 138872460 5e-04
2 138875070 2
2 138913680 1.5252
2 138928839 0.0854
2 138929735 0.0854
2 138933582 0.2381
2 138941740 0.656715030752446
2 138943447 1.05356270693119
2 138949346 0.0854
2 138965216 0.0854
2 138969464 0.147
2 138974898 2
2 138975485 0.147
2 138976615 0.703012128263045
2 138978829 2
2 138983000 2
2 138985029 5e-04
2 138987834 2
2 139000723 0.0854
2 139016088 2
2 139016111 2
2 139019485 2
2 139036215 2.788
2 139054752 0.0122130131746602
2 139070088 0.6895
2 139075556 0.28892853359589
2 139075570 2
2 139076397 0.4495
2 139076428 0.272185118293724
2 139087552 2
2 139098555 0.241535382627302
2 139101563 0.119208548536189
2 139101900 1.1444324239323
2 139105558 0.871
2 139106118 0.871
2 139111059 0.0689553120363277
2 139118229 0.452933973900908
2 139124574 0.5021
2 139165726 1.035
2 139173017 1.035
2 139175014 2
2 139195164 0.6815
2 139200962 0.6815
2 139203086 0.0217
2 139206292 1.035
2 139231374 2
2 139242457 2.0318
2 139251645 2
2 139252604 2
2 139257286 1.3819
2 139267387 0.0171
2 139272133 2
2 139283680 1.39237271043537
2 139287883 0.214477331911923
2 139289814 2
2 139293583 1.2234
2 139297767 0.300109896370547
2 139307691 0.82
2 139315965 2
2 139319785 0.0447
2 139325897 2
2 139327389 0.3981
2 139328434 0.3981
2 139328734 0.0447
2 139366990 2
2 139367014 0.9091
2 139369958 0.9091
2 139370335 2
2 139377974 2
2 139379090 0.9091
2 139382132 0.9091
2 139382878 2
2 139394830 0.9091
2 139405498 0.2391
2 139408623 0.2391
2 139410892 0.2391
2 139411945 0.9091
2 139413166 0.356567724177969
2 139416061 0.754
2 139438700 2
2 139446403 2
2 139450933 2
2 139459107 1.6821
2 139492936 2
2 139494072 0.8155
2 139497179 2
2 139535383 2
2 139553542 2
2 139556371 2
2 139570637 2
2 139570692 2
2 139572947 0.7142
2 139573235 2
2 139586295 0.0704
2 139588307 0.7142
2 139591157 0.7142
2 139598184 0.3402
2 139606956 0.3402
2 139615136 2
2 139615659 0.455469698411037
2 139625880 2
2 139632880 0.3402
2 139666302 2
2 139693894 0.527818214089656
2 139694895 2
2 139710019 0.3621
2 139710448 1.59357181761605
2 139778106 0.706171334495366
2 139796858 0.2814
2 139808049 2
2 139819088 2
2 139827739 2
2 139836310 0.2072
2 139862541 2
2 139873818 1.74660269342971
2 139876451 2
2 139878318 0.1703
2 139878717 1.0021
2 139885555 2
2 139891068 2.9998
2 139899654 1.6643
2 139908771 2
2 139920350 2
2 139929220 2
2 139932198 2
2 139942456 1.0197
2 139949352 1.0197
2 139973459 0.0877
2 139982163 2
2 139982208 0.0317017408330638
2 139995580 0.0877
2 139997563 0.2157
2 139998351 2.15961198430674
2 140008313 0.2157
2 140035283 2
2 140050370 2
2 140063912 2
2 140065914 0.529075461138489
2 140073210 0.2686
2 140074305 0.2549
2 140088678 0.9254
2 140088769 0.3351
2 140092328 0.1241
2 140098428 0.6785
2 140106269 0.6785
2 140106652 0.6785
2 140127896 1.3161
2 140128167 1.3161
2 140131208 1.09721532676147
2 140144814 0.2066
2 140157908 0.0276
2 140173167 0.219612389685079
2 140178757 2
2 140185801 0.3635
2 140193272 2
2 140195987 2
2 140202432 0.381
2 140204766 0.381
2 140206824 2
2 140216555 2
2 140216589 2
2 140223023 0.4775
2 140228369 0.608065054621932
2 140234494 0.4775
2 140234768 2
2 140246171 2
2 140251052 2
2 140253138 1.56949908796567
2 140254529 0.4775
2 140256350 0.852017558876402
2 140266317 0.676875132763396
2 140269417 0.4989
2 140269529 0.3635
2 140272864 0.982995832306832
2 140275425 0.842319707153968
2 140275636 0.4989
2 140285109 2
2 140285326 0.717453028289189
2 140285855 5e-04
2 140288151 0.0217
2 140303372 2
2 140308986 2
2 140319536 2
2 140323315 2
2 140323456 0.2981
2 140332532 0.2981
2 140333996 0.957522378687743
2 140334128 1.84985565978655
2 140373126 2
2 140373719 2
2 140380813 2
2 140384287 2
2 140385040 2
2 140389133 2
2 140389212 2
2 140390567 2
2 140392217 2.12481875767091
2 140401313 2
2 140403890 2
2 140405622 2
2 140408952 2
2 140411735 1.02529504582499
2 140421143 2
2 140451862 2
2 140455214 2
2 140472880 0.890857068869198
2 140481776 2
2 140483617 2
2 140483638 5e-04
2 140487917 0.1739
2 140494013 2
2 140505271 2
2 140511572 1.32077451408265
2 140511937 2
2 140512432 0.125190533239837
2 140519934 1.08345873235659
2 140520548 0.0741820512655354
2 140521592 0.243334148048752
2 140526828 0.0053
2 140529306 2
2 140530165 2
2 140530291 0.347078258474265
2 140533368 0.684777759817414
2 140534272 0.675647978382233
2 140537807 0.388508542413629
2 140541748 0.136598298752553
2 140545063 2
2 140545664 1.42969753505862
2 140549333 0.0115001313285734
2 140550165 0.958677836520836
2 140572422 2
2 140580677 2
2 140581211 0.4687
2 140596777 0.5694
2 140599997 2
2 140602988 2
2 140609124 0.8198
2 140611153 2
2 140613394 0.0545113878456529
2 140616575 2
2 140623599 0.5763
2 140626250 2
2 140629146 2.04403715305914
2 140631949 2.5866
2 140657566 0.00352036942282397
2 140666953 1.8757
2 140682699 0.129494783970206
2 140697336 2
2 140697662 2
2 140699614 2
2 140710574 2
2 140716833 2
2 140724797 1.0742
2 140728416 1.1217
2 140734699 5e-04
2 140736088 2
2 140743989 0.974264743311684
2 140745245 5e-04
2 140748290 0.3325
2 140748336 5e-04
2 140751347 2
2 140758283 2
2 140762074 1.9574
2 140766998 1.9832
2 140767554 0.3429
2 140775013 2
2 140775087 2
2 140779127 2
2 140779210 0.831547329729726
2 140783372 0.0946874163715952
2 140785814 0.150095666143995
2 140787054 0.080467303282219
2 140792113 0.271898218976858
2 140795454 0.3703
2 140805166 0.3703
2 140805444 0.3703
2 140821192 0.1137
2 140828426 0.0876
2 140842797 1.77456327549548
2 140843067 3e-04
2 140847372 2
2 140848226 0.0924
2 140849787 2
2 140864788 2
2 140870252 0.1053
2 140902580 1.7505
2 140908675 2.10483435919313
2 140931508 2
2 140931526 2
2 140942357 0.416762434184762
2 140950125 2
2 140957362 0
2 140965545 2
2 140965898 0.0745
2 140967339 0.0745
2 140971450 0.0564
2 140971630 0.621103019671543
2 140975065 0.1469
2 140976335 0.433881793700798
2 140981719 2
2 140985140 1.59609198818756
2 140994956 2
2 141003734 2
2 141009383 2.24201850250046
2 141041482 2
2 141051967 0.525100285660905
2 141054298 0.0142107865072302
2 141081588 0.0742
2 141081901 0.0742
2 141086574 0.1258
2 141087682 1.7383202560744
2 141087887 0.0621
2 141102818 0.177272184427932
2 141105427 0.351660010526339
2 141105650 5e-04
2 141115618 2
2 141115658 5e-04
2 141123259 2
2 141140207 0.7664
2 141145824 0.367243658990775
2 141145922 0.0571857864745224
2 141172384 1.945
2 141172454 1.945
2 141172897 1.754
2 141176879 1.945
2 141208801 1.3649
2 141213057 2
2 141224515 2
2 141257989 0.8816
2 141258017 0.3099
2 141259651 1.1377
2 141271373 2
2 141288039 1.0956
2 141314830 0.0078
2 141318737 0.2452
2 141319739 0.615439088456357
2 141324342 1.0943
2 141336071 0.675658838331085
2 141336438 0.560023646321943
2 141338238 0.550637813547948
2 141339861 0.00235942568797875
2 141346871 0.517585916941601
2 141363758 0.126983616690821
2 141365163 2.00797191885246
2 141367505 1.7766
2 141385608 5e-04
2 141397198 0.0107
2 141406646 0.656040617723918
2 141418541 2
2 141419055 2
2 141423504 2.0318
2 141426520 2.0318
2 141426966 2
2 141429166 0.736
2 141432261 0.7167
2 141437525 0.7565
2 141439050 1.1645
2 141441905 2
2 141444414 2
2 141446022 5e-04
2 141461464 2
2 141462497 0.7064
2 141465403 2
2 141472392 2
2 141472692 2
2 141474701 0.3834
2 141474858 0.3834
2 141478176 0.3834
2 141478533 0.3834
2 141478818 2
2 141498304 2
2 141502617 2
2 141511217 2
2 141512113 0
2 141513314 0
2 141514274 2
2 141516695 2
2 141518493 2
2 141519695 2
2 141521517 0.343724575509352
2 141533612 2
2 141533820 2
2 141571712 2
2 141577135 2
2 141598085 0.0263
2 141599056 1e-04
2 141615565 0.0263
2 141631574 0.1553
2 141642057 0.1284
2 141646108 0.6312
2 141720673 0.9603
2 141742992 0.635719616818863
2 141760405 2
2 141761413 5e-04
2 141798405 2
2 141810111 2
2 141810341 2
2 141832333 0.0850748537154153
2 141834519 2
2 141834861 2
2 141845127 2
2 141848648 0.928554492842424
2 141863168 2
2 141865193 0.787271465537522
2 141873953 0.9251
2 141886258 2.10977130913129
2 141887566 1.15857564351082
2 141900478 0.490463407826825
2 141901783 1.2208
2 141923484 2
2 141948951 0.723461874138296
2 141948960 0.771366217695142
2 141955940 0.268035224776328
2 141957153 0.0858958521808259
2 141957383 2
2 141973821 1.05591795576095
2 141978810 0.657572075350283
2 141981377 2
2 141984475 0.026
2 142004467 0.319874482153636
2 142004631 2.1171
2 142018894 0.2982
2 142021514 2.1171
2 142026953 2.1171
2 142043374 0.304722932002269
2 142048720 0.999350656382401
2 142056921 1.03315141160293
2 142078878 0.252656248901643
2 142108365 0.133943511008125
2 142113640 1.06326710234116
2 142114002 1.0622
2 142115809 5e-04
2 142116575 0.384934483151661
2 142121058 1.1209
2 142137286 1.72246537102958
2 142138915 1.4218
2 142149974 0.458751990467306
2 142151117 0.285452876058077
2 142152082 0.988747851610133
2 142152842 0.948609796113152
2 142158212 0.462630577737603
2 142168147 1.0174
2 142183176 0.285869780892645
2 142196189 0.0517678682897148
2 142222556 0.652117368816305
2 142230726 0.9288
2 142232308 2
2 142244242 1.0238
2 142312654 2
2 142314318 2
2 142319803 2
2 142345445 2
2 142353876 5e-04
2 142357411 1.8328
2 142375727 2
2 142490205 0.7427
2 142496987 0.218163626789481
2 142652620 2
2 142738666 1.327
2 142772825 0.190485327065575
2 142796462 0.8935
2 142805115 0.8935
2 142821796 0.866
2 142845319 0.2248
2 142856162 0.3677
2 142881025 0.3677
2 142900191 2
2 142931270 2
2 142961750 2
2 142965888 0.292
2 143028387 0.5706
2 143028404 1.4471
2 143043175 0.5664
2 143072817 0.7961
2 143093576 0.4485
2 143128868 0.8229
2 143137690 0.3305
2 143146146 0.4436
2 143151077 0.031406119485533
2 143153578 0.138677280459647
2 143158742 1.23175418825196
2 143162912 0.4436
2 143166932 2
2 143176029 2
2 143179979 2
2 143181252 2
2 143194709 0.1977
2 143211477 2
2 143251126 5e-04
2 143266227 2
2 143292117 0.13333266551189
2 143301592 2
2 143339131 2
2 143345252 0.1726
2 143355399 1.0789
2 143357355 0.515062499830026
2 143358674 5e-04
2 143376971 0.4051
2 143395888 0.260333068418373
2 143416498 0.5641
2 143416827 3e-04
2 143438086 2
2 143446102 2
2 143447650 2
2 143455198 1.1631
2 143500357 1.6045
2 143508520 2
2 143509998 0.234489713471667
2 143513883 2
2 143515186 2e-04
2 143521666 2
2 143531492 0.7956
2 143537365 2
2 143571121 2
2 143582085 2
2 143593020 2
2 143598940 0.0172527391122143
2 143610688 2
2 143618998 0.516799841308724
2 143625465 2
2 143638703 0.563265718956072
2 143642979 0.068
2 143679141 5e-04
2 143688411 0.523286638299437
2 143726424 1.34329740354113
2 143729904 2
2 143736253 0.579303226095166
2 143741124 0.123977468701019
2 143797216 0.911608052126413
2 143812325 0.0342080628397476
2 143820979 0.7315
2 143830257 0.523
2 143833035 0.2675
2 143833889 0.2675
2 143836122 0.178706252387737
2 143893045 2
2 143906099 1.94044897973621
2 143917441 1.50744144599108
2 143920389 2
2 143921516 1.78125170161711
2 143923386 1.5656
2 143925397 0.0561
2 143951776 2
2 143966738 0
2 144146232 1.846
2 144188768 2.06144602918488
2 144206798 0.060254931576388
2 144380754 2.19538644020671
2 144404335 1.1937
2 144411996 2
2 144429097 2
2 144484555 0.1988
2 144528917 1.3005
2 144529834 1.0933
2 144539520 0.9455
2 144540756 0.9455
2 144572242 0.0861
2 144642750 2
2 144670136 2
2 144692309 2
2 144698806 1.16478977486438
2 144701195 0.194291379055584
2 144721605 0.180356036953446
2 144726448 8e-04
2 144728595 1.03174232805717
2 144742521 1.09032861603707
2 144751495 2
2 144754194 2
2 144829598 2
2 144841353 0.0107
2 144851132 1.216
2 144864665 1.216
2 144865630 1.5119
2 144874965 2
2 144885819 0.8674
2 144888208 1.91055824820968
2 144914846 0.8547
2 144922149 0.5071
2 144925961 0.8547
2 144952667 2
2 144987963 0.5145
2 144988801 2
2 144993908 1.33923090467248
2 145003687 0.954130637638608
2 145010003 2
2 145011535 0.964997356949395
2 145017832 0.7905
2 145024287 1.44145123955438
2 145026851 2
2 145055017 0.207054114029957
2 145068361 0.8102
2 145068487 0.0523183830614593
2 145072761 0.853255311664072
2 145074691 0.314876174738181
2 145076902 0.497862478525885
2 145106291 0.677830479251418
2 145113128 2
2 145141276 0.0501539492437766
2 145141297 0.471907029255218
2 145154067 0
2 145207189 2.8716
2 145245620 1.3971
2 145286484 0.3791
2 145290098 0.9273
2 145295208 2
2 145338532 1.2734
2 145344695 1.9564
2 145354190 0.0078
2 145354403 0.8283
2 145354711 0.8283
2 145358409 0.8283
2 145367803 1.49518286003587
2 145371696 0.5818
2 145372388 0.5818
2 145375809 0.4527
2 145375904 0.4527
2 145398629 0.4527
2 145456492 1.7766
2 145503727 0.3614
2 145524463 2
2 145531031 1.5009
2 145543123 0.922819625964203
2 145545337 2
2 145558267 1.4915
2 145562395 1.4
2 145564864 0.1246
2 145576564 0.1246
2 145593101 2.12454217759206
2 145596599 2
2 145600317 1e-04
2 145601728 1.51164916394312
2 145602227 2
2 145608030 0.486404320066095
2 145609569 1.29607208423663
2 145614453 1.34167520687377
2 145617362 0.500067385901959
2 145627361 0.700740806836583
2 145659306 2
2 145665453 2
2 145667963 2
2 145691434 2e-04
2 145695790 0.0678
2 145707831 0.6694
2 145714573 0.8729
2 145748685 0.2574
2 145767002 2
2 145847435 0.1059
2 145893528 0.9766
2 145920352 0.6723
2 145931065 0.6225
2 145967298 0.9174
2 145973804 2.788
2 146005008 0.3303
2 146037666 0.2752
2 146046750 2
2 146054480 0.5943
2 146055328 2
2 146055994 1.01672909033809
2 146065113 2
2 146069319 1.1818
2 146073712 2
2 146075179 2
2 146078340 2
2 146086868 2
2 146089694 1.2312
2 146103057 2
2 146120426 2
2 146124847 2
2 146174675 0.0502
2 146177040 2
2 146181625 2
2 146187875 1.2581
2 146188646 2
2 146197000 2
2 146222007 2
2 146228691 1.2455
2 146234250 2
2 146241190 0.3567
2 146248036 0.6033
2 146255370 0.3567
2 146257017 0.225041883337565
2 146262815 0.3567
2 146263698 0.5155
2 146268530 1.7766
2 146312004 2
2 146319821 1.1109
2 146356292 0.2476
2 146359529 0.3686
2 146402832 2
2 146419169 0.226009827659285
2 146424257 1.63465498209034
2 146427044 0.48411554269591
2 146429904 0.920568306568369
2 146431830 0.344883962783508
2 146436347 0.508654687904337
2 146450763 0.0879459581538527
2 146454911 0
2 146482256 0.933046617682044
2 146484725 2.7324
2 146498445 0.2469
2 146547470 1.8556
2 146616872 1.4389
2 146641537 1.4911
2 146655654 0
2 146658888 0.18258726864903
2 146662814 5e-04
2 146675586 2
2 146675867 2
2 146704283 2
2 146709939 0.6566
2 146723581 2
2 146726758 2
2 146737614 0
2 146746028 3.1176
2 146777396 2
2 146779863 2
2 146801579 2
2 146808279 6e-04
2 146823071 0.6267
2 146868287 2
2 146916087 0.7411
2 146972586 0.645
2 146978190 1.30414751108041
2 147072185 2
2 147072210 0.383711685123264
2 147100876 2
2 147101522 2
2 147104564 2
2 147105578 2
2 147105613 0.5893
2 147116747 1.82287907924745
2 147149539 1.61485345329705
2 147152165 0.712166991035706
2 147154773 2
2 147155413 0.0078
2 147169671 0.13978414071403
2 147187256 2
2 147192553 0.54339437950256
2 147196462 0.6159
2 147220668 2
2 147272776 1.4477
2 147304614 0
2 147309193 2
2 147349511 2
2 147356703 0.0245662273088841
2 147359143 0.591550996104719
2 147379137 0.902194726102694
2 147392331 2
2 147407533 0.1041
2 147425098 2
2 147427659 0.026
2 147435104 0.066
2 147441104 0.0842
2 147441305 0.0842
2 147444635 1.9352
2 147445588 0.026
2 147478415 2
2 147499101 0.1375
2 147515767 0
2 147540908 2
2 147567494 2
2 147575881 2.784
2 147580536 2
2 147582176 2.3139
2 147584557 2
2 147590547 2
2 147590579 1.89970927371117
2 147591263 2
2 147595136 2
2 147603009 0.3561
2 147603866 2
2 147608274 2
2 147646073 2
2 147673537 0.0087
2 147686531 0.6877
2 147699956 2.1054
2 147701838 2
2 147702405 2.34509233616889
2 147712413 0.563360275400609
2 147735916 2.1054
2 147741576 0.1539
2 147747975 0.875245016416468
2 147759109 0.429077101316281
2 147759809 2.3464
2 147773176 2.49445553346372
2 147781583 2
2 147805922 2
2 147806321 2
2 147808065 2
2 147810257 2.5468
2 147819077 2
2 147838533 2
2 147839191 0.586234120343227
2 147946396 0.2686
2 147949463 2
2 147981824 2
2 147987382 2
2 147987413 2
2 148001779 2
2 148015440 2
2 148030667 2
2 148042411 2.5468
2 148053129 2
2 148065286 2
2 148078027 2
2 148078503 2.5468
2 148080531 2
2 148082702 0.3147
2 148129393 2
2 148140212 2
2 148181963 1.1717
2 148200564 1.1717
2 148201939 2
2 148206882 1.05139569429197
2 148211529 1.59564344643039
2 148226191 0.43527899877992
2 148228074 1.175
2 148239916 0.993126013653502
2 148247927 1.3649
2 148255267 0.6033
2 148257900 1.3649
2 148260141 1.3649
2 148265518 1.3649
2 148273285 1.3649
2 148279274 0
2 148279443 0.315681590829647
2 148312099 2
2 148325621 1.3404
2 148327634 1.10849149071729
2 148327714 1.44325730127406
2 148345065 2
2 148353952 2
2 148359297 0.667326569545935
2 148360165 1.1217
2 148361920 3.01741097843109
2 148364803 1.1217
2 148372910 1.1217
2 148373554 2
2 148381738 1.1217
2 148382687 1.47095143370934
2 148383954 0.126974492782062
2 148389724 1.1217
2 148390567 0.3763
2 148392230 1.1217
2 148405537 1.2744
2 148437350 1.2744
2 148477008 2.024
2 148483088 0.6033
2 148504689 5e-04
2 148579862 1.1001
2 148599300 2
2 148619634 2
2 148623981 0.0804
2 148631009 2
2 148650766 2
2 148677615 2
2 148683081 2
2 148694020 2
2 148696647 2
2 148720454 2
2 148729340 2
2 148774616 1.0139
2 148779991 2
2 148783067 2
2 148794469 0.1074
2 148803671 2
2 148804878 2
2 148821778 0.144703015275656
2 148831007 1.7514
2 148876256 0.5893
2 149043438 2
2 149046726 2
2 149059770 2
2 149074240 0.525
2 149083264 0.5346
2 149094987 0.5549
2 149098158 0.7247
2 149104536 2
2 149120384 0.038
2 149122777 2
2 149134139 2
2 149137255 0.4193
2 149143228 2
2 149146565 2
2 149157636 0.133027512011642
2 149162321 2
2 149189887 2
2 149192109 2
2 149209788 1.17428392605775
2 149223466 1.1886
2 149238994 2
2 149281241 2
2 149286398 2
2 149296826 2
2 149312490 1.5133
2 149322187 0.868193196410355
2 149330511 2
2 149332737 2
2 149385935 2.2541
2 149418359 0.5818
2 149421131 0.5818
2 149460343 3.0021
2 149465732 2
2 149475546 2.2265
2 149489992 2
2 149490782 2
2 149492178 2
2 149493234 2
2 149496023 2
2 149496991 2
2 149506300 2.2832
2 149506406 2
2 149521505 2
2 149523115 2
2 149555981 1.5021
2 149566052 2
2 149572559 2.3464
2 149573523 2
2 149587299 0.208385071310174
2 149592916 2
2 149607275 0.1243
2 149630244 2e-04
2 149631513 2.1508
2 149644946 5e-04
2 149656693 5e-04
2 149669532 2.3809
2 149746553 2
2 149747438 2
2 149749059 2
2 149753270 2
2 149753804 0.7823
2 149756225 2
2 149756825 2
2 149758244 2
2 149762637 2
2 149764899 2
2 149769680 2
2 149808196 1.271
2 149810193 2
2 149821884 2
2 149839736 2
2 149840634 0.8441
2 149850887 0.8848
2 149856643 0.448869245314261
2 149859001 0.6491
2 149882002 0.5776
2 149901752 0.843502599738494
2 149905339 0.593492477797809
2 149920608 2.4916
2 149922530 0.752128187442453
2 149927700 1.40523741930654
2 149938487 2
2 149957684 0.4614
2 149957875 0.932384147588342
2 149960348 0.4614
2 149971771 2
2 149978846 0.7777
2 149979707 0.0078
2 149983759 2
2 149996063 0.4454
2 150006259 0.8497
2 150014172 2
2 150015679 2
2 150031822 0.4869
2 150033065 0.202445614289553
2 150033981 2
2 150040952 0
2 150054730 2
2 150056189 0.758266362066073
2 150059889 1.50284158322105
2 150074147 1.46475704575978
2 150074441 1.3421
2 150077718 1.64467810520703
2 150080437 1.26921522189762
2 150080651 1.29275606045417
2 150084611 0.764018278414744
2 150086241 1.27597988048487
2 150092189 2
2 150099790 0.2626
2 150116392 2
2 150121135 2
2 150143451 0.371455373960732
2 150155556 2
2 150162727 2
2 150169840 2
2 150175762 7e-04
2 150210281 0.582705308249455
2 150219530 1.36077323145225
2 150240302 2
2 150246187 1.0524
2 150253075 2
2 150276685 0.027
2 150294581 0.027
2 150313085 0.0215
2 150344173 0.102277620870382
2 150357685 0.3504
2 150359604 2
2 150363845 0.3687
2 150368749 0.3504
2 150374363 1.14794595513762
2 150393511 2
2 150404224 2
2 150405576 0.436209659075756
2 150419636 1.5593
2 150441721 1.5484
2 150465773 2.2073
2 150492899 2
2 150499988 2
2 150510033 2
2 150517935 0.586041198079124
2 150558964 0.8557
2 150560870 0.8557
2 150572517 2
2 150614215 2
2 150616388 1.5197
2 150629005 0.0521088150537648
2 150629871 2
2 150633848 0.423169132173678
2 150636328 2
2 150639940 0.429668414927832
2 150697006 1.542
2 150707858 1.5336
2 150714623 1.517
2 150718123 1.517
2 150734221 1.517
2 150736381 1.517
2 150752908 0.0451
2 150763555 0.76163019864659
2 150765223 1.4127
2 150770661 0.119036959721329
2 150778316 0.0399513167489466
2 150778508 0.0635
2 150782313 2
2 150786687 2
2 150787689 2
2 150787893 2
2 150793277 1.7510807891214
2 150797356 2
2 150806591 0.0953
2 150808971 1.6496
2 150813842 2.7141
2 150819881 0.0953
2 150820911 0.0953
2 150842637 0.0886
2 150842988 0.0886
2 150844878 0.0886
2 150857584 0.1084
2 150876687 2
2 150878641 0.1536
2 150883046 0.259259849477558
2 150905026 2
2 150915980 0.9708
2 150926430 0.0078
2 150933653 2.0738
2 150943984 1.0789
2 150948603 1.0789
2 150970343 0.6281
2 150973974 0.6281
2 150975738 0.2473
2 150982586 0.2473
2 150986703 0.3465
2 151013526 0.052
2 151014895 0.052
2 151015374 0.141
2 151015691 0.1206
2 151018030 0.1206
2 151037877 0.0215
2 151038097 0.056330751302524
2 151048000 0.1432
2 151048005 0.1432
2 151091500 2
2 151108083 0.0790173814036661
2 151110786 0.775483635527311
2 151127341 0.0573813150014688
2 151133457 5e-04
2 151137029 2
2 151142408 1.1957
2 151152345 2
2 151193113 1.23088622914258
2 151193129 1.749
2 151194967 0.0287
2 151197723 0.0653458026342532
2 151198751 1.9275
2 151207591 0.0106
2 151214092 0.342060118349066
2 151222270 1.40971956092832
2 151223776 1.988
2 151225726 0.2852
2 151234078 0.477712215520296
2 151283273 0.0206
2 151295217 5e-04
2 151295219 1.70161889023939
2 151295455 1.11354194858075
2 151296054 0.433247083363327
2 151308385 1.13796878564958
2 151311731 1.47009071044356
2 151319745 0.631841235613906
2 151334941 0.217876581948882
2 151337870 0.973919299774821
2 151350027 0.384864460901749
2 151353638 0.20198858208817
2 151354129 1.22508998043116
2 151354199 0.373
2 151403431 2
2 151427525 2
2 151444792 2
2 151452097 0.714730350975298
2 151461517 2
2 151475485 0.107601198212595
2 151499847 2
2 151502387 2
2 151541889 2
2 151545165 2
2 151550103 2
2 151556299 2
2 151557411 2
2 151559963 2
2 151573059 1.0341
2 151576372 1.0147
2 151636566 2
2 151648346 2
2 151655264 1.3282
2 151718903 0.0696
2 151719922 0.4569
2 151729068 0.3279
2 151750956 0.4638
2 151764214 0.0078
2 151772344 0.0696
2 151778838 0.0696
2 151787700 1.5407
2 151793624 2
2 151819741 1.5958
2 151875792 8e-04
2 151892099 2
2 151910374 2
2 151922482 2
2 151939847 2
2 151962748 0.0817
2 151968041 2
2 151981369 0.0235
2 151988820 2
2 152016643 0.241005157866409
2 152020405 0.167067935439455
2 152029718 0.0721628402561212
2 152037749 0.134107077797233
2 152088264 2
2 152101768 2
2 152114515 0
2 152124766 0.975356327459849
2 152134267 2.4982
2 152136349 2.5897
2 152145280 0.681225181626841
2 152148970 2.36401155476206
2 152154404 2
2 152173365 0.587669660581359
2 152173406 0.3923
2 152176079 0.5002
2 152182668 0.867301235954213
2 152182881 2.1684
2 152199583 0.8168
2 152254914 0.516633228166574
2 152258359 1.84481764685211
2 152269968 0.715198794144624
2 152271149 0.642502160607975
2 152272899 0.0083863582906343
2 152273632 0.784942076469267
2 152276143 0.938679463517686
2 152287842 0.205017653447011
2 152301937 2
2 152306233 0.6598
2 152319001 2
2 152319133 2
2 152328192 2
2 152328196 2.11193300271087
2 152343572 5e-04
2 152353424 2.7095
2 152360010 0.408
2 152364597 0.4974
2 152365322 0.4974
2 152369135 2
2 152375979 2
2 152381795 2
2 152400909 2
2 152412642 2
2 152435660 2
2 152443429 2
2 152466210 0.729073138520278
2 152467557 1.51746258806731
2 152512383 0.3814
2 152522854 0.521656747914009
2 152523195 0.0446572073195397
2 152546057 2
2 152547031 2
2 152578438 2
2 152580486 2
2 152582904 2
2 152608066 0.4397
2 152614686 1.0454
2 152616222 0.761618852368621
2 152618749 0.816862618237192
2 152625429 0
2 152645729 1.0406
2 152646374 2
2 152646746 1.16694692638376
2 152650969 1.84720219119967
2 152663254 0.393328095766471
2 152667217 1.66456384336988
2 152671801 1.40278771108491
2 152676141 0.5644
2 152678196 1.14051631410817
2 152685559 1.2093
2 152686071 0.601046557170352
2 152688641 0.139504228280729
2 152699501 1.5937396153186
2 152719215 1.0406
2 152720085 5e-04
2 152730782 0.640340197486915
2 152730856 1.0406
2 152732227 2.48011408824866
2 152747215 0.0945728117279835
2 152769951 0.45
2 152785745 2
2 152790246 0.0263
2 152792227 0.9212
2 152795266 2
2 152795614 5e-04
2 152815143 2
2 152824265 2
2 152824464 2
2 152828417 2
2 152842034 2
2 152857225 2
2 152857509 2
2 152861272 0.718644350315928
2 152871989 0.5825
2 152872160 5e-04
2 152879786 0.305936745192402
2 152891313 0.9799
2 152905025 0.0450974176879365
2 152907034 2
2 152908980 2
2 152916325 2
2 152921788 2
2 152922258 0.9882
2 152922499 0.6099
2 152923232 0.8395
2 152923259 5e-04
2 152923269 0.0263
2 152925436 3e-04
2 152926397 0.5963
2 152929304 0
2 152929667 2
2 152937097 2
2 152940273 0.8197
2 152941596 0.484960126853062
2 152963424 2
2 152994520 0.0502
2 152997456 0.5919
2 153001688 0.584
2 153019081 0.8769
2 153022843 2.4111
2 153033349 0.4824
2 153037980 2
2 153039335 2
2 153055759 1.1937896461295
2 153058053 1.36500965284203
2 153079993 1.46
2 153126410 0
2 153127508 1.47817321693995
2 153141247 2.0955
2 153145197 0.011
2 153163880 2
2 153167344 2
2 153174907 0.5162
2 153185808 0.1062
2 153194999 0.4693
2 153225003 2
2 153244338 2
2 153247707 2
2 153248609 2
2 153251205 0.5818
2 153256324 2
2 153257914 2
2 153259305 0.5818
2 153261770 2
2 153264768 0.5818
2 153266744 2
2 153269584 2
2 153276022 2
2 153285319 0.5818
2 153294126 2
2 153294649 2
2 153309528 2
2 153312215 0.8263
2 153317893 2
2 153329607 0.674562815961937
2 153345797 0.532
2 153350418 0.9518
2 153356784 0.748786651338567
2 153370720 0.5607
2 153375387 0.66588318889981
2 153398225 1.0405
2 153411180 2
2 153442020 2
2 153448971 2
2 153459894 1.6672
2 153489877 1.392
2 153490197 1.3854
2 153499617 1.5913
2 153500817 2
2 153502723 0.319850162386134
2 153510761 0.967738460887411
2 153511541 1.4192
2 153518543 1.43351441836594
2 153528487 0.857611764487003
2 153528977 1.2325
2 153532665 2.66529720952823
2 153534522 2
2 153539088 2.147
2 153541150 1.8624
2 153554216 2
2 153560862 2
2 153562193 0.1624
2 153566055 0.0322655764169444
2 153567448 1.09178093538829
2 153569264 0.0502
2 153573577 0.7791
2 153586075 1.0471
2 153590313 1.0856
2 153607960 0.2826
2 153615759 0.598324657357017
2 153619649 1.0982950469485
2 153624651 0.838195336238871
2 153648508 1.8514
2 153665945 1.27565414420488
2 153684575 1.61753704720076
2 153695825 0.3612
2 153726495 2.7419
2 153762864 0.278682143511834
2 153765612 2
2 153777581 2.36162529625401
2 153784111 2
2 153810082 2
2 153814477 0.5495
2 153820978 1.8003
2 153823635 2
2 153849977 0.6323
2 153851713 1.6246
2 153852478 1.8548
2 153854385 2
2 153861490 0.0915
2 153862796 0.0915
2 153863889 2
2 153866244 0.6649
2 153873272 0.0915
2 153874484 1.03620230436996
2 153875624 0.932634552454453
2 153881308 0.643872423563669
2 153882179 0.00582133580112943
2 153884801 2
2 153885749 2
2 153889771 1.3233
2 153897167 1.4673
2 153905999 0.759847446012627
2 153906333 2
2 153907378 1.7622
2 153917980 0.0067
2 153927864 1.4673
2 153929389 2
2 153936322 2
2 153944361 2
2 153964801 2
2 153968021 2
2 153971546 1.4673
2 153973074 2
2 153973142 0.276944890912345
2 153973154 2
2 153987248 2
2 153989912 1.4673
2 153996024 2
2 154004663 0.091810317615865
2 154005116 2
2 154016093 0.9202
2 154024371 0.9202
2 154028077 2
2 154029209 1.4673
2 154039997 0.4357
2 154042701 0
2 154053481 2
2 154065160 0.0327936118841353
2 154068533 2
2 154070760 0.657764550724511
2 154073228 2
2 154073732 1.5801
2 154087848 2
2 154090223 0.9781
2 154103816 2
2 154114582 0.0078
2 154118723 1.5913
2 154136293 2
2 154136956 0.1258
2 154140163 2
2 154142840 2
2 154148496 2
2 154149013 1.0552
2 154150054 1.4181
2 154161792 2
2 154162044 1.1818
2 154182275 0.9072
2 154194291 0.183557430842841
2 154223738 1.01182265146648
2 154225148 1e-04
2 154258413 0.898544945306888
2 154285350 0.5696
2 154290102 2
2 154298636 1e-04
2 154298756 0
2 154299621 1.26640820629546
2 154302801 1.6942
2 154333966 1.66310339734469
2 154334075 2
2 154341375 2
2 154364392 1.3151
2 154379822 1.5273
2 154388749 1.48498024421641
2 154398365 0.851914749818758
2 154399468 0.76015294084414
2 154404879 0.702088956596672
2 154405403 0.330254958120343
2 154439469 2
2 154440613 1.216
2 154440882 1.216
2 154457237 2
2 154463702 0.720705702047534
2 154464056 0.145428258560393
2 154466523 0.185971457536417
2 154480824 0.772
2 154491262 0.3985
2 154505865 0.0263
2 154509330 0.8489
2 154528018 2.2122
2 154534493 2
2 154541187 1.4824
2 154544331 2
2 154583683 2.1793
2 154583983 1.3656
2 154585824 0.0078
2 154620711 1.0377
2 154686356 2
2 154690315 2
2 154691341 0.7625
2 154728930 2
2 154735274 2
2 154735317 2
2 154760663 0.6926
2 154788772 2
2 154801733 1.6988
2 154812103 2
2 154814806 2
2 154828471 2
2 154837270 2
2 154847591 2
2 154865957 2
2 154868200 2
2 154870188 2
2 154871324 2
2 154901866 2
2 154903869 2
2 154924638 1.1354
2 154947445 2
2 154952742 2
2 154956968 2
2 154977195 2
2 154988936 2
2 154991905 1.235
2 154995349 1.6942
2 155004022 1.235
2 155018473 1.235
2 155027263 2
2 155027872 2
2 155048498 2
2 155056681 2
2 155062063 2
2 155067100 1.6942
2 155076610 2
2 155082869 0.0082
2 155103503 2
2 155104122 5e-04
2 155112394 0.5037
2 155115442 1.235
2 155121949 2
2 155146665 1.235
2 155154053 0.191606174825651
2 155176210 1.254
2 155178536 0.5037
2 155181472 1.254
2 155193615 2
2 155207437 0.5037
2 155220706 1.254
2 155229511 2
2 155242423 2
2 155242424 2
2 155246737 1.254
2 155253284 0.5037
2 155283489 0.4562
2 155342170 2
2 155348781 2
2 155363544 1.1664
2 155374277 1.2299
2 155412123 1e-04
2 155412142 1e-04
2 155412379 1.1498
2 155412430 0.9978
2 155472607 1.1998932341511
2 155476689 0.1914
2 155484419 1.6104
2 155501133 0.2612
2 155508709 1.095
2 155515929 1.095
2 155520751 1.1216
2 155527395 1.5911
2 155527516 0.155295900598145
2 155531321 0.873835132567954
2 155537177 0.553215051297701
2 155541499 1.21259630154492
2 155547948 0.454518724967057
2 155550772 1.5911
2 155566332 2
2 155574737 2
2 155574837 1.7789
2 155586293 2
2 155590734 2
2 155597370 1.1287
2 155599556 2
2 155603156 2
2 155603824 2
2 155606415 2
2 155609994 2
2 155622629 2
2 155628828 1.0149
2 155649113 2
2 155652690 0.5616
2 155677729 0.5616
2 155710410 2
2 155715423 0.638
2 155721529 2
2 155734118 1.9951
2 155750512 2
2 155754028 1.3825
2 155761359 2
2 155794231 0.5673
2 155795449 0.6599
2 155824677 0
2 155826145 0.2417
2 155828727 2
2 155830985 2
2 155848651 1.9409
2 155864831 2
2 155877313 1.9742
2 155881929 2
2 155891919 1.9539
2 155895409 2
2 155902779 2
2 155906803 2
2 155910581 0
2 155929172 2
2 155939463 2
2 155945382 0
2 155957764 2
2 155964212 0.529403980471764
2 155980957 0.5314
2 155990090 2
2 155999834 2
2 156006101 2
2 156013080 0.3095
2 156023132 2
2 156029791 1.51620547428032
2 156044190 2
2 156078523 2
2 156080627 2
2 156092913 0.3796
2 156100677 0.8681
2 156116639 1.9071
2 156132595 0.7385
2 156141983 0.5467
2 156177272 0.96280824574193
2 156178452 0.5931
2 156184452 1.4315
2 156190159 4e-04
2 156195839 1.15687861414593
2 156198324 2.4616
2 156198590 5e-04
2 156199794 1.4315
2 156222666 1.4367
2 156225085 0.5592
2 156243701 0.3989
2 156245137 0.2582
2 156251881 1.4264
2 156260532 0.426
2 156291217 0.8587
2 156291490 1.22427429878477
2 156303193 1.257
2 156304455 0.115500152865787
2 156306621 1.257
2 156307406 1e-04
2 156307481 1.24697945992473
2 156324273 0.2664
2 156334462 0.2664
2 156375500 2.05021214061482
2 156389855 1.2553698861785
2 156390424 0.4409
2 156399292 0.4409
2 156412926 0.4409
2 156426039 0.0078
2 156439136 2
2 156448675 2
2 156449251 2
2 156472617 2
2 156478350 2
2 156483386 2
2 156483663 2
2 156485930 2
2 156500138 2.5468
2 156507516 2
2 156544457 2
2 156558568 2
2 156571338 2
2 156610594 2
2 156614078 2
2 156626272 1.0108
2 156628078 0.0967798231019881
2 156635525 1.2459
2 156654577 1.68025252688072
2 156672047 0.451175894668989
2 156677192 2
2 156680416 5e-04
2 156731564 2
2 156740009 0.768532641842373
2 156752813 2
2 156766669 1.8739
2 156783157 0.0266
2 156791650 1.9198
2 156794387 0.7138
2 156809060 2
2 156809685 2
2 156821471 1.7665
2 156837667 2
2 156847897 2
2 156850204 2
2 156851051 2
2 156855465 1.7665
2 156878836 2
2 156906920 2
2 156918088 2
2 156928348 2
2 156929563 8e-04
2 156939349 1.5089
2 156942030 2
2 156948769 2
2 156961924 2
2 156969218 2
2 157009335 1.18024650017584
2 157017263 1.4555
2 157029257 0.263350400032872
2 157031812 1.41531740739055
2 157039839 0.17974732898332
2 157061709 0.1341
2 157086048 1.4628
2 157119255 1.23547446057891
2 157119737 0.794719492100809
2 157131022 1e-04
2 157133471 0.561611806432545
2 157184968 1.3793
2 157187127 1.3793
2 157209874 0.9944
2 157241342 1.297
2 157340972 1.432
2 157348536 2
2 157418599 0.4542
2 157460249 2
2 157473879 1.2172
2 157488690 1.1231
2 157495598 0.518985963183974
2 157496262 1.1231
2 157515796 0.412895791748185
2 157518332 2
2 157521956 2
2 157556699 2
2 157561039 2
2 157574655 1.36696698249035
2 157633564 2.052
2 157639990 0.0159616520952266
2 157640651 1.3285
2 157642236 0.111933478758457
2 157653325 1.2329
2 157660425 1.27079733360155
2 157712698 0.672366744382085
2 157734557 0.115622872814515
2 157736845 0.145132841115719
2 157789421 2
2 157819496 8e-04
2 157834257 2
2 157855327 5e-04
2 157865015 2
2 157912946 0.433588162828322
2 157915546 1.15748933407481
2 157923692 1.38492044236292
2 157931120 0.389091617051752
2 157947642 2
2 157957659 2
2 157959883 2
2 157965590 1.18345305518694
2 157973461 2
2 157974500 0.165
2 157977263 2
2 157986612 2
2 157991630 0.0119312711343492
2 157995628 1.629
2 158002191 2
2 158010086 1.5681
2 158013743 0.5735
2 158042432 0.4284
2 158048788 0.1871
2 158073946 1.9106
2 158101866 1.7901
2 158102093 1.7634
2 158102385 1.7901
2 158104142 1.7901
2 158123354 0.5867
2 158144554 1.4689
2 158148519 0.6037
2 158151392 0.9004
2 158161651 0.5596
2 158167557 0.5512
2 158184250 2.2379
2 158188849 0.531102726442891
2 158202167 2
2 158204654 2.48517671790845
2 158205023 1.70743753927679
2 158222903 1.2032
2 158232768 1.27425694193355
2 158235458 2
2 158239871 2
2 158244017 0
2 158247891 1.1818
2 158259623 0.915165534663616
2 158259940 1.68609604311346
2 158262165 2
2 158271791 0.0579
2 158279570 0.012554683164471
2 158281504 0.518499179508762
2 158285467 1.69414778252573
2 158328660 0.880849316027545
2 158328909 2
2 158343323 1.4198257345727
2 158359010 2
2 158360026 2
2 158364506 1.7389301416537
2 158382540 1.40560626886349
2 158389315 0.052
2 158398228 0.938282877886152
2 158414409 2
2 158418065 2
2 158420346 0.89113909745506
2 158425502 0.707413234486116
2 158427576 1.42122200701943
2 158429304 1.9934
2 158429362 0.8666
2 158440478 2
2 158440497 1.4622
2 158440911 1.9934
2 158459228 2.7141
2 158476512 2
2 158504841 2
2 158514895 0.143183404344187
2 158528404 1.44380679095308
2 158528621 1.4622
2 158532474 2
2 158541363 1.47444045313375
2 158541993 0.775454392828362
2 158572031 1.5507215843561
2 158576455 1.01857804230674
2 158579613 1.00148730072394
2 158588169 0.269879428154113
2 158597926 1.52456559165511
2 158629788 2
2 158632830 1.19882273256434
2 158633151 0.0750690808089274
2 158634829 1.31798052548863
2 158643723 2
2 158652463 1.4492000672507
2 158667368 2
2 158671424 2
2 158683092 0.191110877994277
2 158686732 0.240201849953921
2 158691523 2
2 158699158 2
2 158701359 0.202867545903467
2 158704936 2
2 158716056 2.4982
2 158730658 2
2 158732963 0.3589
2 158746162 0.1903
2 158749603 0.4766
2 158757632 0.251543728308758
2 158760610 5e-04
2 158776794 5e-04
2 158776903 1.91935306297296
2 158786661 0.0517
2 158791903 0.3293
2 158792828 0.460797497189979
2 158795719 0.755133102462761
2 158804565 0.3773
2 158815930 0.5493
2 158818293 0.5559
2 158823084 0.325903636019595
2 158840371 0.0141269655491386
2 158844864 1.66832213874421
2 158852860 0.58705057588761
2 158863446 2
2 158864438 2
2 158867901 0.7164
2 158869144 0.7218
2 158876550 2.2541
2 158880094 0.4181
2 158880390 0.4388
2 158883385 0.4388
2 158887876 1.30902892539723
2 158888307 2
2 158889198 0.400309459824455
2 158891328 2
2 158902711 0.4181
2 158904307 2
2 158905170 0.36
2 158905620 2
2 158911107 2
2 158934875 2
2 158935148 0.3787
2 158937825 2
2 158943107 2
2 158959900 2.2653
2 158981575 0.0402004269212563
2 159003308 0.7053
2 159011323 2
2 159013933 0.794355388025948
2 159016581 0.22240984851918
2 159016705 2
2 159022183 0.00926015040307732
2 159029110 1.11965039115193
2 159029195 0.4773
2 159032789 2.44662838438036
2 159040113 0.832763070920977
2 159046424 2
2 159056350 2
2 159056990 0.0901761835144497
2 159058462 2
2 159073896 2.1545
2 159094784 2
2 159096848 2
2 159105245 2
2 159105899 2
2 159112415 2
2 159116640 0.626682146788366
2 159122700 2
2 159122782 1.28292069345925
2 159133314 1.4965
2 159143113 2
2 159143880 2
2 159145041 2
2 159181046 0.419219594528412
2 159197547 2
2 159197550 2
2 159225843 1.43645784656821
2 159227752 2.28484664920716
2 159230142 1.1184
2 159233854 2
2 159234991 2
2 159245733 0.6183
2 159251153 3.0908
2 159252708 2
2 159253287 0.6183
2 159271394 0
2 159271832 1.8739
2 159273530 0.522442960862338
2 159275685 2
2 159279184 2
2 159282220 2
2 159287623 2
2 159289486 2.5979
2 159289794 0.8566
2 159297192 2
2 159302227 1.0464
2 159305905 5e-04
2 159308205 0.0943
2 159318483 0.0826657677226193
2 159321151 2
2 159322996 4e-04
2 159329889 2
2 159356906 2
2 159363170 2
2 159368479 2
2 159391411 2
2 159394872 2
2 159397854 2e-04
2 159399661 2
2 159405987 0.3931
2 159423607 0.956397938124501
2 159424835 1.64734905131243
2 159426272 0.221248405543566
2 159428549 0.229586180588897
2 159434048 0.200785439446829
2 159438268 1.2052
2 159445521 5e-04
2 159452686 1.1918
2 159458614 0.953182172168617
2 159460421 0.78550030112647
2 159461024 1.1391
2 159463361 0.957881423857293
2 159467426 2
2 159475114 2
2 159508236 1.65200533133049
2 159510644 1.18056493178178
2 159525871 1.69364436390406
2 159534337 1.35512593465152
2 159540464 5e-04
2 159541314 1.7935670810655
2 159556898 2
2 159574138 2
2 159577155 0.318542452564017
2 159583451 1.404
2 159583873 2
2 159599844 2
2 159601579 0.000227697846855325
2 159611841 2
2 159626090 0.312431253343408
2 159632933 0.62990636526413
2 159637047 2
2 159638272 1.90027980337553
2 159644486 2
2 159653581 1.76592451562443
2 159659877 0.820984208626583
2 159674817 0.930697212557764
2 159681203 1.00585453690406
2 159681939 1.08117751777529
2 159691708 1.55009054769371
2 159703964 5e-04
2 159712247 2
2 159714408 2
2 159726397 3.0905
2 159726497 0.735333167696213
2 159727095 1.5466
2 159729716 1.16662260205418
2 159735699 1.16406300656412
2 159736603 0.852131388209961
2 159752651 2
2 159778841 2
2 159781110 0.802015665838675
2 159781571 0.152602790266012
2 159785905 0.695445307401383
2 159805547 2
2 159811233 0.0997
2 159815157 2
2 159822727 0.301151963937559
2 159824453 0.514626411834409
2 159828143 0.364507673550095
2 159834983 0.705798267526409
2 159837395 2
2 159842655 2
2 159845870 2
2 159858104 0.8186
2 159859548 2
2 159877871 2
2 159880984 2
2 159881346 0.7349
2 159884119 2
2 159911806 2
2 159917528 2
2 159920677 2
2 159922435 2
2 159923465 2
2 159931531 2
2 159934290 2
2 159934371 2
2 159936104 0
2 159943590 2
2 159946133 2
2 159977924 2
2 159978792 2
2 159983859 2
2 159990927 0.686793498881107
2 159997669 2
2 160001057 2
2 160003379 0.0947656369796574
2 160013959 2
2 160015095 2
2 160015288 2
2 160021853 2
2 160023779 2
2 160033916 0.97952325866424
2 160078761 0.2368
2 160082254 1.1946
2 160094114 2
2 160094569 2
2 160118508 0.6279
2 160120109 0.6329
2 160120277 0.6279
2 160125809 0.6279
2 160128038 0.6279
2 160130031 0.6381
2 160133291 0.6279
2 160135160 0.7987
2 160135217 0.6279
2 160141011 0.2368
2 160141235 0.6279
2 160144658 0.628525809384242
2 160154945 0.771858268497572
2 160174858 0.528524470211088
2 160189681 1.17519004773811
2 160194552 1.4654
2 160211267 0.7513
2 160223386 1.26348711471507
2 160246686 0.276624491159328
2 160258041 0.704663231010683
2 160280145 0.701126011728572
2 160296686 0.829590085252918
2 160311225 5e-04
2 160311240 0.0263
2 160319625 0.4234
2 160360200 3.1147
2 160362521 2
2 160375505 0.5346
2 160424989 0.0263
2 160432064 0.345
2 160446854 0.439434409955096
2 160448986 2
2 160449479 2
2 160481371 0.195931352313513
2 160501475 2
2 160508603 1.04238412239785
2 160525306 1.2808
2 160532554 2
2 160537608 2
2 160556818 2
2 160565439 2
2 160568138 2
2 160590276 0.456433844338693
2 160598977 0.211826604096847
2 160623361 1.50603704885158
2 160656589 1.2052
2 160670006 0
2 160696773 2
2 160697849 0.974476454301544
2 160698795 2
2 160699694 0.285650141594691
2 160699742 0.0444
2 160702465 0.801879344282764
2 160744025 1.73788525957712
2 160752257 0.0078
2 160752885 0.9939
2 160760171 0.3545
2 160760438 0.715680197200823
2 160762243 0.8981
2 160767692 0.9939
2 160768274 0.3019
2 160772891 2
2 160778168 0.9939
2 160785672 3.0904
2 160787843 0.3572
2 160791328 2
2 160799705 0.527794332175252
2 160810371 3.0904
2 160811570 0.3572
2 160811706 0.4
2 160812199 0.3572
2 160830138 2
2 160833270 1.07750077100842
2 160836399 0.3572
2 160838469 0.3572
2 160865488 2
2 160869012 2
2 160870111 2
2 160897065 0.3471
2 160901053 0.3572
2 160916939 0.2097
2 160918026 0.2097
2 160920649 2
2 160927265 2
2 160933530 0
2 160936089 2
2 160946766 1.3296205080656
2 160948764 0.8652
2 160956106 2
2 160957416 0.8165
2 160963655 2
2 160969050 0.8652
2 160977980 0.0078
2 160980262 0.026
2 160994965 2
2 161000473 0.4244
2 161001527 1.24680023781637
2 161001536 0.156972297703819
2 161002233 2
2 161002448 0.400868912269037
2 161008290 2.01206379556614
2 161009487 1.062
2 161009517 1.062
2 161012233 0.437137456780859
2 161013728 0.947
2 161015815 1.2324599773044
2 161016235 0.947
2 161019680 0.279505967404877
2 161022518 1.0676
2 161027570 0.329
2 161031901 0.470640791968987
2 161051931 0.2924
2 161059299 1.12357052011929
2 161064033 1.542
2 161065704 0.76121702985418
2 161068985 0.1053
2 161074859 0.112231346815582
2 161078415 0.1053
2 161082701 0.8694
2 161087763 0.8694
2 161095310 0.8969
2 161103911 0.8969
2 161112520 0.900505915792224
2 161123371 0.2924
2 161166380 5e-04
2 161172569 1.8934
2 161178340 2.5468
2 161214513 0.5463
2 161236129 2
2 161277253 2.7095
2 161296468 2
2 161362269 0.0742
2 161407704 1.091762234081
2 161441253 0.0561
2 161463214 2.56216229103548
2 161545613 5e-04
2 161551420 0.638639969964388
2 161563927 1.2978
2 161565368 0.0444
2 161647233 0.4657
2 161647730 2
2 161726994 1.25805825765321
2 161767235 0.5877
2 161835690 0.214846100636394
2 161860371 0.788985466435345
2 161871995 2.2001
2 161890713 0.100078175350064
2 161903685 1.69713718053717
2 161947131 0.216111977095624
2 161953649 1.48899863073194
2 161958100 1.47398630229707
2 161970523 1.17189666342681
2 161982265 1.6169410633451
2 161987846 5e-04
2 162013143 0.165020091714378
2 162031545 2
2 162032217 2
2 162038256 2
2 162062011 0.5306
2 162068537 0.5697
2 162079774 0.494
2 162093810 0.5079
2 162108243 0.6471
2 162117382 2
2 162128319 2
2 162135165 2
2 162142002 2
2 162155481 2
2 162214527 2
2 162234460 2
2 162234917 2
2 162241460 2
2 162245828 2
2 162248787 2
2 162249093 2
2 162280261 2
2 162290668 2
2 162293455 2
2 162295780 0
2 162295841 2
2 162313451 2
2 162321474 2
2 162331330 2
2 162350033 2
2 162469314 0.9263
2 162493733 2
2 162562194 1.38126829957039
2 162565149 3.0905
2 162567884 1.99563202970203
2 162570081 0.884381425480232
2 162571979 0.0668
2 162573057 0.0657785421315875
2 162594165 0.139704653964016
2 162599788 0.0707682545448179
2 162611529 1.50553140359227
2 162620165 0.439664427354373
2 162622524 0.612505896965659
2 162626461 1.4852753234666
2 162634649 2.5047
2 162674312 5e-04
2 162678421 2
2 162800573 0.827882201619071
2 162807648 1.20295249662372
2 162818296 0.288111860609103
2 162823441 1.5746
2 162827375 1.5746
2 162827647 0.880493293665726
2 162835684 1.594
2 162840541 0.113478184990368
2 162840721 1.34392032723637
2 162841349 1.52300414399831
2 162843414 0.711809789410521
2 162853968 0.629641357160388
2 162857090 0.441713636993845
2 162865134 0.014846123143896
2 162865255 0.067199025810961
2 162869668 1.5559
2 162878877 0.1907
2 162898279 0.6708
2 162901256 0.6708
2 162918693 0.6445
2 162929742 0.221889809283996
2 162938288 0.508504842161327
2 162940218 1.8325
2 162969654 0.216779248635241
2 163019065 2
2 163167589 2
2 163212409 0.0329
2 163213709 0.0329
2 163216042 0.0329
2 163220827 0
2 163232222 0.1552
2 163400416 1.5559
2 163416802 1.6714
2 163419425 1.865
2 163419889 2
2 163442347 1.2634969104687
2 163448597 0.927142544343156
2 163449387 1.74139861709999
2 163453635 1.3301102208431
2 163461212 0.838938716053703
2 163466423 1.3365
2 163495031 0.8308933069502
2 163495052 1.80890617548339
2 163499711 1.74306980966912
2 163523148 0.15135437046817
2 163525187 0.491993705685558
2 163535352 0.122047013677777
2 163536050 0.598057523576659
2 163572825 1.694
2 163581035 1.0092
2 163614467 1.234
2 163621341 0.7505
2 163624709 0.373818097598796
2 163633556 1.30788025881466
2 163645152 0.84752779122273
2 163660725 2
2 163722844 0.2102
2 163726623 0
2 163733098 1.04404794612296
2 163735377 0.2102
2 163757746 1.4529
2 163763976 1.7605
2 163776583 2
2 163786367 2
2 163790786 0.8201
2 163823445 2
2 163832820 1.1133
2 163843109 2
2 163843801 0
2 163845653 0.447592064416905
2 163846629 0.960188339071709
2 163864225 1.90951884034974
2 163891986 0.206582554822126
2 163894981 1.5681
2 163910169 0.67450814834374
2 163942099 0.316775478486255
2 163974934 0.143358488753776
2 164021497 2
2 164044084 2
2 164046371 2
2 164056319 0.357076166187608
2 164065260 2
2 164080884 0
2 164104525 1.05316697547491
2 164125391 0.666282608357601
2 164144628 1.4787992407386
2 164145305 1.79874961724183
2 164153377 2.2832
2 164160758 0.0897
2 164183137 0.3903
2 164192039 0.0078
2 164196023 0.6607
2 164211007 1.146
2 164211402 1.1297
2 164222299 1.1297
2 164258624 0.7555
2 164267982 1.2548
2 164270158 7e-04
2 164270629 0.7555
2 164288014 1.0611
2 164323722 1.0611
2 164356991 1.1991
2 164367557 2.0836
2 164387645 1.0552
2 164411010 1.81614951093389
2 164438916 0.741429498762288
2 164444901 1.15551158581165
2 164461877 0.5702
2 164462882 0.255501446090624
2 164474680 0.8417
2 164493492 0.723
2 164494698 0.472941590305118
2 164495655 0.501998760591546
2 164529998 0.0735475966563851
2 164532914 0.8875
2 164582424 0.5815
2 164586215 1.36021096739231
2 164606033 0.13503793777506
2 164625416 1.2325
2 164629468 0.6406
2 164672730 5e-04
2 164712863 1.17879519347248
2 164720395 1.6338
2 164721467 1.50622591356955
2 164738569 1.6438
2 164738839 2.3464
2 164752891 1.1749
2 164763521 1.15
2 164773401 1.15
2 164779398 1.27797276570222
2 164799406 1.57466513127445
2 164803564 0.89414856535713
2 164807664 1.3461
2 164809887 0.3293
2 164818336 0.2312
2 164819986 0.61610580220901
2 164827796 0.179658396333115
2 164837817 0.386875878900457
2 164845067 1.44907015887394
2 164852244 1.34983561379944
2 164864904 2
2 164867358 5e-04
2 164870076 0.4189
2 164884106 0.475653509978023
2 164888525 0.325773140021155
2 164905119 0.022
2 164912901 0.5473
2 164913947 1.28137377394687
2 164935546 0.4547
2 164940600 0.2146
2 164949197 1.01925642433228
2 164955952 0.1013
2 164957689 1.10117246219183
2 164963771 0.431546825584049
2 164998620 1.32379139207908
2 165057843 0.723551712240552
2 165066538 0.4705
2 165082669 1.89325247781421
2 165092228 5e-04
2 165113196 2
2 165134943 0.766352498085021
2 165138964 2
2 165139772 0.8872
2 165144127 0.0957615947193592
2 165150226 0.1424
2 165150803 1.07492820570751
2 165151706 1.05983307531354
2 165152522 0.1484
2 165167618 0.2356
2 165228444 0.0078
2 165239218 2
2 165267397 2.12617209640642
2 165272813 0.2706
2 165273014 0.2706
2 165280353 1.4485
2 165282039 0.9025
2 165291145 2
2 165292137 2
2 165292491 0
2 165298937 0.8801
2 165307157 2
2 165307705 0.265404637737863
2 165325844 2
2 165332968 2
2 165334023 2
2 165341477 2
2 165348346 0.37995822714505
2 165352252 1.1244
2 165363025 2
2 165365762 1.1244
2 165378469 2
2 165399899 0.1832
2 165402755 0.197421644702611
2 165405189 0.715397772448928
2 165420883 0.143115607014436
2 165424118 0.44673939425542
2 165428829 0
2 165429574 1.71927282904956
2 165447744 2.1545
2 165516485 0.5316
2 165555700 2
2 165564426 0.745499185892001
2 165568142 2
2 165593749 0.4854
2 165618091 2
2 165619784 2
2 165661734 2
2 165666389 8e-04
2 165666434 2
2 165666631 0
2 165666909 0
2 165675225 2
2 165677305 2
2 165678018 0.1298
2 165698932 1e-04
2 165725521 2
2 165766027 2.2071
2 165777217 2
2 165801706 0.3877
2 165807746 2
2 165808823 0.3877
2 165854900 1.22741516002244
2 165867023 1.16204660971215
2 165892693 2
2 165895641 2
2 165900064 2
2 165927270 1e-04
2 165928518 2
2 165934367 0
2 165945140 2
2 165951090 2
2 165953863 0
2 165967303 0.242836550800902
2 165989506 0.562
2 166004968 2
2 166030406 2
2 166032727 2
2 166038716 2
2 166040170 2
2 166049443 2
2 166050647 2
2 166052594 2
2 166053034 2
2 166081074 2
2 166094047 0.4875
2 166123764 2.788
2 166132742 1.18154099124559
2 166140524 0.9639
2 166141307 0.565335441919652
2 166154720 0.975688029470553
2 166162723 0.0377244551714048
2 166184795 0.0745
2 166191736 5e-04
2 166201282 0.5408
2 166208542 0.1128
2 166220627 0.231631794697677
2 166221510 0.5381
2 166233226 1.5526
2 166255482 0.0745
2 166267077 0.5408
2 166271202 0.515641807048632
2 166279146 1.4513
2 166293988 0.6492
2 166310959 0.0866
2 166312122 0.607240947604023
2 166335610 0.0078
2 166349191 2
2 166357349 2
2 166359335 0.296094359015737
2 166359662 0.0685811296939211
2 166362572 0.793082010315856
2 166369637 2
2 166370228 0.0263
2 166386289 1.2466
2 166420212 0.108689367743777
2 166449723 1.1116
2 166450489 2
2 166465045 0.4922
2 166467485 2
2 166475818 0.108726348001671
2 166484343 0.4922
2 166491853 2
2 166497400 1.3008
2 166497559 2
2 166502173 2
2 166503799 0.0801
2 166505045 5e-04
2 166513342 0.4922
2 166524695 1.62738128750105
2 166530419 2.1107
2 166537306 0.029
2 166538011 2.2744
2 166540257 2.1107
2 166543339 0.0256577754950762
2 166546075 0.578810207997862
2 166547429 0.277606259890295
2 166553616 0.3842035767644
2 166559930 2.022
2 166579152 0
2 166580786 0
2 166586156 0.0053
2 166588951 1.6964
2 166589538 0.79945173192608
2 166589600 0.00111428691449083
2 166590127 0.0938103515191602
2 166593772 0.494101532505616
2 166598820 0.0246503985759241
2 166604960 1.81773822290893
2 166605414 0.84878958298847
2 166606931 5e-04
2 166609617 0
2 166639968 0.1545
2 166640371 0
2 166645433 1.1731
2 166669989 0.0818
2 166687303 0.1616
2 166688580 0.0681
2 166690132 0.2166
2 166692853 0.1616
2 166701969 0.1545
2 166702716 0.0078
2 166702834 0.1836
2 166707033 2
2 166708393 0.1545
2 166709860 1.1731
2 166710571 1.9279
2 166714585 0.1689
2 166715672 1.1731
2 166716133 0.1545
2 166721676 0.390257596293423
2 166742283 1.21405037228779
2 166745791 0.590438916586268
2 166753016 0.0011
2 166760423 0.879469579284904
2 166766052 0.511498643719059
2 166770142 2
2 166773069 1.22185523067132
2 166783004 0.7474
2 166789084 1.69976635079013
2 166791163 1.36615429285161
2 166792619 0.712857139221117
2 166812655 0.366344827899216
2 166826694 0.6446
2 166835557 0.6446
2 166868116 1.07127340143353
2 166887746 2
2 166889649 2
2 166897484 2
2 166900578 2
2 166912395 2
2 166934867 0.0329
2 166941403 2
2 166980986 2
2 166983016 2
2 166996634 2
2 166998011 2
2 166999164 2.1904
2 166999691 2
2 167009835 2
2 167013402 1.5565
2 167024383 2
2 167030233 2
2 167043376 0.622052845138536
2 167051189 2
2 167063577 2.1066
2 167071351 0.6472
2 167075063 2
2 167086936 1.0375
2 167088531 1.68987695778304
2 167092612 2
2 167097803 1.37436625715288
2 167099723 0.815275686722555
2 167109662 0.461233676179821
2 167111740 2
2 167114580 0.0770645389536482
2 167120996 0.419757338763395
2 167142377 1.0504
2 167145447 1.0637
2 167150479 2
2 167151251 1.0637
2 167157107 1.0637
2 167160765 2
2 167162117 1.0637
2 167163356 1.0637
2 167164191 1.0637
2 167166398 1.0637
2 167170164 1.0705
2 167172716 1.0705
2 167173332 1.46327433711893
2 167176033 1.0705
2 167177646 1.0705
2 167180246 1.0705
2 167181104 1.0705
2 167182125 1.0705
2 167190137 1.14381378910999
2 167198306 1.0705
2 167213989 2
2 167217320 2.50846841273241
2 167220154 2
2 167241191 2
2 167246264 1.8043
2 167251847 2
2 167258815 2
2 167316493 2
2 167329791 0.0621
2 167330440 0.0621
2 167335611 2
2 167346746 1.22902864550077
2 167346748 0.732564967689427
2 167352322 1.11776500153654
2 167361443 1.35309552322449
2 167363012 0.63586551492287
2 167365904 0.598959413843513
2 167405167 0.0053
2 167409010 2
2 167430620 0.0193687787442861
2 167478709 1.22179140631562
2 167493588 2
2 167502457 2
2 167508384 2
2 167508633 2
2 167513233 1.7903
2 167532615 2
2 167536254 2
2 167561993 2
2 167565182 2
2 167587193 2.05091769072074
2 167588538 0.20949333606254
2 167592051 0.681791265616115
2 167592989 2.0182
2 167597241 2.05
2 167602271 2.5468
2 167603626 0.927921225181102
2 167605994 2.2265
2 167606025 0.100852048397715
2 167609446 0.0292059904283193
2 167616084 0.293159134931858
2 167620390 0.68647659800506
2 167666522 0.0229613129919892
2 167674887 1.93328429737998
2 167697948 1.55375539001103
2 167717323 1.8915
2 167727916 0.447328554550517
2 167735841 1.12121139068936
2 167736400 1.11687164288657
2 167748142 0.580842646854273
2 167769720 0.9626
2 167774490 1.0035
2 167785420 0.7997
2 167787535 0.10323186391997
2 167796811 2
2 167799956 1.2184
2 167800756 2
2 167803217 1.1662
2 167815033 2.16351514012004
2 167824895 1.7017989732582
2 167828361 0.117
2 167855030 1.4579
2 167880727 2
2 167886045 2
2 167886091 2
2 167887565 2
2 167887632 0.117
2 167948968 2
2 167956708 0.0228
2 167981269 2
2 167983282 1.8782
2 167985593 2
2 167990298 1.8782
2 167995098 2
2 168013154 2.50518287229225
2 168022254 2
2 168023418 2
2 168030085 0.0078
2 168032046 1.2876
2 168032760 2
2 168040723 2
2 168046800 2
2 168081169 2.0405
2 168098266 0.588223967647664
2 168105976 0.5462
2 168108727 2
2 168108781 0.4547
2 168134246 0.688691089901005
2 168136106 0.875629273164931
2 168153787 1.0136
2 168155621 0.4268
2 168159044 2
2 168159794 2
2 168160761 1.1293
2 168168902 1.1293
2 168169571 0.9321
2 168170061 0.9321
2 168171869 0.3019
2 168174036 1.1293
2 168174652 2
2 168184647 0.4268
2 168200212 0.9321
2 168205326 0.9321
2 168213960 2
2 168215783 0.509
2 168227994 1.13143748876253
2 168229929 0.525544668893466
2 168236907 0.287
2 168242566 3e-04
2 168250340 0.96006892781774
2 168265190 0.520786398833122
2 168288021 0.7081
2 168291023 0.436271589514759
2 168309772 1.3259
2 168339627 0.9913
2 168379822 0.0715892806734898
2 168382350 0.159200890112418
2 168384217 0.975419223528993
2 168388783 1.33167944228413
2 168395759 0.664925417472714
2 168405357 1.24514618145567
2 168413672 0.0310405210588793
2 168419717 1.50291757448553
2 168422615 0.419798804764913
2 168430619 2
2 168443022 2
2 168446810 2
2 168461530 0.773280813541361
2 168469791 1.6784
2 168482319 0.291391946138341
2 168482733 2
2 168483219 2.6546
2 168551802 0.822619196863528
2 168553645 0.386345252178855
2 168555299 0.6779
2 168562620 0.1221
2 168563658 0.0902
2 168572416 2.6866
2 168572710 0.0564
2 168586932 2
2 168613582 2.245
2 168631158 0.585538037540612
2 168635396 1.07505231205206
2 168641702 0.1415
2 168675544 1.7379
2 168681828 0.505323895511633
2 168685153 1.218700045326
2 168699547 0.006071253653493
2 168738105 0.109826658171298
2 168739132 0.190968182896861
2 168743502 0.465813170244011
2 168746538 0.851699960920137
2 168748383 0.0794601340435186
2 168753722 0.867376210398593
2 168794396 2
2 168823612 0.676781546447039
2 168833022 0.9482
2 168841130 5e-04
2 168841869 0.0748
2 168845128 0.0748
2 168845527 0.0748
2 168846920 2
2 168857008 0.3293
2 168863441 1.84498299513688
2 168869141 1.624
2 168872926 1.6338
2 168873053 2
2 168882440 0.214269867288007
2 168919936 0.111721414517643
2 168922646 0.3277
2 168926370 2
2 168933210 0.781453350194242
2 168945819 0.3465
2 168948500 1.10941197618376
2 168950972 0.2841
2 168968233 0.8733
2 168970479 1.2459
2 168971286 0.8733
2 168971815 0.8733
2 168973300 3.1019
2 168975563 0
2 168980220 1.1507
2 168994468 3.1215
2 169000219 1.7228
2 169009963 2.5047
2 169024106 0.0616
2 169024607 1.8935
2 169043171 1.3728
2 169070690 1.2459
2 169076608 5e-04
2 169078983 0.9772
2 169094709 0.716
2 169100513 0.716
2 169134203 0.0651167895826508
2 169149784 0.669868664686449
2 169162128 1.80902155669718
2 169173412 0.228415411871254
2 169177485 2
2 169178481 0.678766237287283
2 169190340 2
2 169198754 0.44901770937269
2 169202449 0.748
2 169232970 0.8038
2 169242963 0.911749069037441
2 169247785 0.1067
2 169267296 0.99373529318543
2 169270470 1.14769254462065
2 169300435 0.9186
2 169307562 1.2568
2 169311536 0.164180749334531
2 169313032 0.944538332496794
2 169315884 1.29654229696024
2 169337301 0.649832311467864
2 169356040 0.140074966647297
2 169363665 0.101561470684532
2 169368527 0.136613305474338
2 169373946 0.746549184331518
2 169376343 0.51423080709068
2 169393292 2
2 169399600 2
2 169417318 2
2 169427522 0.78800118416858
2 169436526 1.57764702228058
2 169439186 0.8834
2 169440149 0.472727887100853
2 169440411 2.06161919809843
2 169444750 2
2 169445456 2
2 169445541 2
2 169489381 1.2853
2 169493975 1.5455
2 169496493 1.2206
2 169506082 2.8718
2 169561978 0.0498
2 169564636 1.0218
2 169580623 2
2 169592099 2
2 169597521 2
2 169598814 2
2 169600789 2
2 169611343 2
2 169611605 2
2 169621544 2
2 169633835 2
2 169668959 2
2 169677340 2
2 169678773 2
2 169681909 2
2 169697036 2
2 169721315 0.8923
2 169728485 0.504135727925717
2 169732227 2
2 169738924 0
2 169750101 3e-04
2 169750554 0.0217
2 169750820 0.0217
2 169752576 0.687632349448596
2 169753074 0.2971
2 169753304 0.138049974394738
2 169760190 0.768571206728083
2 169764087 0.1206
2 169766329 0.2468
2 169772227 2.8718
2 169779079 2
2 169779638 2
2 169783446 2
2 169784345 2
2 169789295 2
2 169818410 2
2 169820235 0.814
2 169821345 2
2 169825274 1.48950066544605
2 169827097 0.960342148080247
2 169829446 2
2 169831137 0.6033
2 169834321 2
2 169836077 0.1305
2 169836106 0.9245
2 169844193 2
2 169857074 5e-04
2 169858757 2
2 169862670 0.0876008439292849
2 169864800 1.1566
2 169878310 2
2 169882205 1e-04
2 169884864 0.681423792406812
2 169893081 1.5697
2 169893942 1.5697
2 169894613 1.5601
2 169898531 2
2 169902719 1.5601
2 169908968 0
2 169909321 1.5601
2 169914323 1.1566
2 169918278 0.869879561219658
2 169927494 2
2 169934836 1.5601
2 169946721 1.5601
2 169950800 1.5601
2 169958092 2
2 169959411 0.220508881551264
2 169966688 2
2 169983856 0.543301868372731
2 169984714 0.420570921684504
2 169991908 1.5601
2 169992980 2
2 170002923 1.5601
2 170004804 2
2 170011640 0.9245
2 170020161 1.8038
2 170026061 0.397094984553887
2 170030175 0.0612
2 170031118 3.21038027169222
2 170034016 0.946918577161103
2 170053020 2
2 170057283 1.5601
2 170057761 1.5601
2 170066880 0.970270590470023
2 170067611 0.346078362190303
2 170077377 1.5601
2 170087705 2
2 170095228 2
2 170096936 0.0326
2 170108611 0.443386167252994
2 170110174 1.26399374721475
2 170124865 1.16053592102995
2 170127109 0.8455
2 170132062 1.16643937324716
2 170132266 1.93736073449813
2 170132267 0.867149787403416
2 170135309 0.232808380527758
2 170139025 0.437093938096749
2 170152056 0.1170984183123
2 170158501 2.4111
2 170164399 2
2 170166698 0.0107
2 170174225 0.7297
2 170175580 0.0509
2 170176991 0.5659
2 170204219 0.7388
2 170214300 0.7388
2 170220840 1.0179
2 170225142 2.0221128824777
2 170231135 2
2 170232965 0.315538090234636
2 170235570 2
2 170237533 1.63983341151758
2 170237560 0.154958053688616
2 170241141 2.4476
2 170244999 0.956414243056152
2 170248676 0.489159553847177
2 170274689 1.25405839651146
2 170283260 0.0681
2 170295372 2
2 170309880 1.0311454690819
2 170311713 0.975134575674995
2 170316094 2
2 170342559 2
2 170356265 0.6305
2 170372991 0.011
2 170375448 0.980207019319792
2 170378515 1.00715934132209
2 170391002 1.4021
2 170401995 1.4951
2 170412791 2
2 170432198 2
2 170438923 0.064
2 170443005 1.0638
2 170452399 0.750843446400071
2 170463487 0.6282
2 170464986 2
2 170468864 2
2 170479401 2
2 170490748 2
2 170497032 0
2 170497871 0
2 170502835 1.3909
2 170520108 0.293966952921771
2 170545532 2.26696729158678
2 170555493 0.111343468173893
2 170556007 0.232366835651498
2 170557144 2.0689270621203
2 170557361 0.762358877198013
2 170562397 0.456379535000108
2 170569290 1.6128
2 170572427 2.0431
2 170577013 2
2 170592402 0.0165735855924722
2 170612724 0.6878
2 170621892 0.323530818148904
2 170638911 2
2 170667722 2
2 170668556 2
2 170669234 2
2 170672329 1.70287288107537
2 170686866 2
2 170687959 2
2 170688215 2
2 170691655 0.269090998352197
2 170691961 0.507109930005295
2 170738791 2
2 170762276 0.2312
2 170766823 2
2 170774571 2
2 170775330 2
2 170775715 0.2734
2 170777594 2
2 170785846 2
2 170794601 2
2 170803802 2
2 170816270 0.3197
2 170824077 0.3294
2 170845655 2
2 170882924 0.0078
2 170899476 0.1984
2 170906372 2
2 170906390 2
2 170912325 2
2 170926571 2
2 170944437 2
2 170964608 2
2 170973121 3.1156
2 170974687 0.0162201383541207
2 170976848 1.5806
2 170978489 0.0597
2 170978952 5e-04
2 170980511 0.3332
2 170991322 2
2 170991899 2
2 171045436 5e-04
2 171068031 2
2 171090062 2
2 171097961 1.5073
2 171101853 2
2 171102470 2
2 171103406 2
2 171112024 2
2 171115277 2
2 171128641 2
2 171132299 2
2 171160841 2.0648
2 171181560 1.5307
2 171192122 1.515
2 171194741 1.4997
2 171196254 0
2 171199510 2
2 171202309 3.1148
2 171210892 0.9872
2 171222740 0.1744
2 171223616 2
2 171245169 2
2 171246712 0.519544010320111
2 171258519 2
2 171262647 1.3411
2 171267139 2
2 171269141 0.0429750007322613
2 171271973 1.8643
2 171278654 5e-04
2 171279457 0.1888
2 171284696 0.16954678115711
2 171292534 2
2 171305333 0
2 171314554 0.980060438074101
2 171340198 5e-04
2 171349792 0.0078
2 171355040 1.8781
2 171362887 0.7993
2 171397123 2
2 171429503 1.9401
2 171451085 1.37000363007454
2 171454688 0.6238
2 171459419 0.6238
2 171483909 0.5146
2 171492974 2
2 171519711 1.05688620816137
2 171523426 0.201889016640581
2 171523838 0.832054471393601
2 171543153 2
2 171544540 1.55379358586377
2 171552317 0.0897966588533773
2 171554061 0.925541448567176
2 171556325 1.28908267334496
2 171556326 1.55829891540152
2 171557658 2
2 171564590 0.210120050267984
2 171569850 0.695388308867852
2 171572013 2
2 171586394 2
2 171593278 2.7888
2 171604444 1.24645209984062
2 171613363 2
2 171615519 1.08322572273464
2 171617310 0.7871
2 171619565 2
2 171624517 0.3798
2 171624955 0.7871
2 171628223 2
2 171629618 2
2 171630203 0.477251197142674
2 171635320 2
2 171637944 0.422045114208364
2 171638517 2
2 171640542 0.4449
2 171642294 0.323631265067807
2 171651201 2
2 171657129 0.2856
2 171658944 0.7871
2 171664915 2
2 171671463 0.5909
2 171679112 0.9323
2 171683891 2
2 171696101 1.8556
2 171697489 2
2 171698729 0
2 171704498 1.8332
2 171711223 1.988
2 171716831 2
2 171730141 2
2 171737687 2
2 171769728 1.16870319896841
2 171779711 2
2 171803833 2
2 171818499 0.498790112624216
2 171819386 0.0208
2 171827604 1.25896254042492
2 171832558 2
2 171836187 5e-04
2 171837270 2
2 171849523 2
2 171851295 0.960701428730069
2 171857557 0.86768028505216
2 171875082 0.452891299946762
2 171876266 1.8862
2 171876543 5e-04
2 171878397 2
2 171899484 2
2 171899487 0.873165519413847
2 171913111 2
2 171923622 2
2 171929204 0.8628
2 171935019 2
2 171944143 2
2 171971821 1.41991727895212
2 171973172 2
2 171994938 2
2 171996641 1.8264
2 172001311 2
2 172002430 2
2 172018039 2
2 172042851 0
2 172042967 2
2 172047439 0.3015
2 172066831 2
2 172066895 2.1456
2 172117873 0.927865943544224
2 172130786 0.127
2 172135540 1.1031
2 172139035 0.7684
2 172178214 2
2 172181723 1.68855071374914
2 172184346 2
2 172210069 0
2 172217722 0.128
2 172218699 0.128
2 172224578 5e-04
2 172248733 2
2 172258421 2
2 172260337 2
2 172270626 0.2588
2 172276852 0.380701468177395
2 172285992 2.1647
2 172294551 2
2 172296951 2
2 172297569 2
2 172298447 2
2 172314011 0.1048
2 172324983 0.1048
2 172330016 0.520269169283214
2 172330906 0.39261111315728
2 172331533 2.45112202930378
2 172340862 0.0078
2 172346463 0.4749
2 172351129 1.07856084986464
2 172356519 0.518538257939029
2 172374330 0.364363800272081
2 172380044 2
2 172380998 2
2 172382775 2
2 172384223 2
2 172399840 0.568
2 172413851 2
2 172441403 0.9529
2 172443887 1.7124
2 172445075 1.7124
2 172445747 1.37586292332278
2 172450989 1.3273
2 172453333 2
2 172462521 0.7815
2 172465821 0.663260809379205
2 172481772 0.839134454636871
2 172486053 2
2 172496838 2
2 172499320 2
2 172503073 0.00591451729851818
2 172505961 1.7124
2 172510134 1.11949220556942
2 172510744 1.30745469303838
2 172514605 2
2 172522036 2
2 172523659 1.7774
2 172525615 0.8566
2 172526098 2
2 172527557 2
2 172534389 0.894791334285203
2 172536410 2
2 172536536 1.7669
2 172537899 0.583404553296186
2 172544859 2
2 172550978 0.730695663005784
2 172552943 0.355233159583912
2 172570638 2.1108
2 172571154 2.1108
2 172577873 2
2 172583289 0.0897
2 172592437 0.0704
2 172617380 1.14792473223412
2 172618474 1.6748
2 172620955 2
2 172622307 2
2 172625657 2
2 172626751 0.135559319431718
2 172631829 2
2 172632668 2
2 172635497 2
2 172636919 0
2 172641020 2
2 172659139 1.656
2 172660231 2
2 172666038 1.8311
2 172666748 0.0661044358898231
2 172697760 1.2315
2 172720527 0.445255957776199
2 172751041 2
2 172787234 0.170659367691537
2 172790387 0.4989
2 172793291 1.3227
2 172804380 0.3302
2 172812505 2
2 172817903 2
2 172831592 2
2 172839264 2
2 172852395 2
2 172853161 2
2 172853879 2
2 172861214 1.3104
2 172861531 1.2694
2 172863045 2
2 172888573 0.0078
2 172890562 1.4517
2 172911149 0.953652086297647
2 172916685 0.033654594450303
2 172984419 2
2 172985735 2
2 172995349 2
2 173022844 0.0601
2 173023106 0.0432
2 173025979 0.0917
2 173037290 0.045784871237199
2 173060454 0.789510245340045
2 173062038 1.13914658190077
2 173069096 2
2 173069145 1.44285429111318
2 173074691 2
2 173101482 1.8946
2 173104316 1.8946
2 173104567 0.64951811277021
2 173115860 1.6062
2 173129483 1.8946
2 173136495 1.6394
2 173173905 1.00449976325598
2 173190918 0.862660458737633
2 173193616 2
2 173200840 1.46112372006926
2 173202929 2
2 173205850 2
2 173209137 2
2 173210137 1.5955
2 173211545 2
2 173229283 1.5955
2 173233733 2
2 173236833 1.2996
2 173243644 2
2 173270062 1.877
2 173283058 0.907464511639241
2 173304661 0
2 173309556 0.9069
2 173311239 2.014
2 173314330 1.36381403820625
2 173319478 2
2 173324699 2.0014
2 173327333 0.757507207188084
2 173328468 2
2 173340857 0.0894
2 173346836 2
2 173347738 2
2 173361872 0.3997
2 173379181 2
2 173382149 2
2 173383766 2
2 173383831 2
2 173384423 2
2 173386273 0.895923962598649
2 173388069 2
2 173398832 0.6965
2 173402553 0.20369399883445
2 173403099 0.9858
2 173420041 0.537483158829616
2 173420533 2
2 173433716 2
2 173435874 2
2 173439525 2
2 173443180 0.762931032813073
2 173474391 2
2 173477847 0.0386
2 173478718 0
2 173483151 1.5652
2 173483309 1.36014352495943
2 173493706 1.5559
2 173495968 2.44384945362085
2 173524382 2.0444
2 173538792 1.34537503405198
2 173571300 3.1148
2 173576621 1.15190695009187
2 173612533 0.822
2 173613074 0.8487
2 173615967 0.816816056992892
2 173618736 0.498605160862074
2 173660924 2
2 173664309 0.2676
2 173671522 2
2 173678421 2
2 173713794 2
2 173715452 0
2 173722452 1.0185070537849
2 173737840 1.06721936636315
2 173743611 0.240757600926305
2 173825413 0.70661118874658
2 173832744 0.7819
2 173841807 2
2 173844533 1.1809
2 173849111 0.926869753558486
2 173851112 2
2 173854543 2
2 173860299 0.4255
2 173881993 5e-04
2 173883179 0.4096
2 173884868 0.6766
2 173895346 0.6888
2 173928594 0.234941362303578
2 173929562 1.4475
2 173937272 1.4557
2 173940493 2
2 173948730 2
2 173953774 5e-04
2 173954242 0.4227
2 173971942 0.156914601584989
2 173972026 1.02523198405289
2 173975379 1.02808576465098
2 173996518 2
2 174000528 2
2 174030784 2
2 174039356 0.516623359437375
2 174040312 1.22788705259581
2 174042801 1.23642937208041
2 174049158 0.159026068522992
2 174061878 0.7962
2 174076420 2.5175
2 174092534 2
2 174102178 2.6472
2 174102785 1.5637
2 174112570 1.07435167422984
2 174116141 0
2 174132289 2
2 174142961 2
2 174144944 5e-04
2 174147283 0.437017222747575
2 174150373 1.5236
2 174152690 1.1929
2 174172456 1.5433
2 174187904 2
2 174198401 1.5433
2 174200630 2
2 174203834 2
2 174206737 2
2 174222987 0.0362569521509711
2 174223569 2
2 174225836 0.7231
2 174239099 2
2 174239749 0.8935
2 174240546 2
2 174241500 2
2 174253664 5e-04
2 174254006 5e-04
2 174265174 2
2 174285564 2
2 174291864 2
2 174303772 2
2 174314167 0.9529
2 174350559 2
2 174353745 2
2 174376730 1.2971
2 174376754 0.0436005974088872
2 174376838 0.7221
2 174382794 1.6709
2 174385437 2
2 174387099 2
2 174417436 2
2 174427636 2
2 174434730 2
2 174441022 1.36188245411231
2 174442509 0.257062856488275
2 174444650 1.3357435176002
2 174448529 0.3907
2 174453668 2
2 174456445 2
2 174486532 0.6835
2 174493030 2
2 174534024 0.0386
2 174541998 0
2 174554141 2
2 174584634 2
2 174599065 0.4149
2 174641903 2
2 174677745 0.0524
2 174690205 0.920857368303087
2 174694076 2
2 174695484 1.0182
2 174699360 1.0647
2 174715208 2
2 174719429 2
2 174725887 2
2 174726301 0.1512
2 174729895 0.1236
2 174734345 2
2 174739466 2
2 174740129 2
2 174740368 1.3751
2 174752350 1.4435
2 174762320 2
2 174762902 2
2 174775489 0.320810239598534
2 174783545 0.0804
2 174791022 2
2 174822977 2
2 174827217 2
2 174874107 2
2 174879071 2.981
2 174885305 2
2 174887396 2
2 174894594 2
2 174899203 2
2 174904079 2
2 174907004 2
2 174911040 2
2 174961583 2
2 174962671 0.2995
2 174967052 2
2 174986622 2
2 175011848 2
2 175016098 2
2 175016161 2
2 175036032 2
2 175044660 0.141924373555997
2 175048042 0.175625212460781
2 175057963 2
2 175059259 1.1502
2 175079000 0.5923
2 175135483 0.5923
2 175141299 0.5648
2 175171117 0.765067400197739
2 175192310 0.150437051609969
2 175223831 0.1124
2 175227305 0.1124
2 175230231 2.4518
2 175339517 0.252073953028897
2 175343104 2
2 175364194 1.2863
2 175368772 1.2863
2 175380691 0.8364
2 175432142 3.0378
2 175443646 0.852207534944137
2 175446262 0.807027069009364
2 175469712 0.195272311969811
2 175471608 0.0945839160118713
2 175488184 0.01610829681676
2 175504574 0.912425669354955
2 175512985 0.0897
2 175515307 1.4362725361023
2 175523737 1.1366
2 175525132 0.298693258476638
2 175588448 0.0078
2 175596827 1.7621
2 175612966 2.5935
2 175614067 0.7208
2 175616719 2.5935
2 175617425 1.7721
2 175619142 0.7006
2 175623682 0.127960011377989
2 175627363 1.24691234300577
2 175633608 2
2 175637080 1.18921829081146
2 175640877 0.996764392530866
2 175652231 0.634895048070515
2 175679898 1.06044715043957
2 175682158 2
2 175694520 5e-04
2 175700205 1.03209836250512
2 175708041 0.195738876189372
2 175719490 0.0952941337567316
2 175721087 0.111220597514272
2 175722209 0.845264375800963
2 175723755 0.441820066822459
2 175736745 0.853911328286565
2 175749323 1.3282
2 175751214 0.476445022465693
2 175769300 0.0558
2 175770691 0.0558
2 175771473 0.177171699251434
2 175772892 1.8124
2 175790010 0.1976
2 175791554 0.7138
2 175792177 0.7138
2 175801116 0.7711
2 175801384 0.8129
2 175805761 0.7752
2 175806396 0.8598
2 175816458 5e-04
2 175826475 2
2 175828460 0.929924538999576
2 175831953 0.8845
2 175847764 0.4151
2 175851741 0.2058
2 175855419 1.75806449984453
2 175861566 0.0311
2 175863658 1.3814
2 175905408 0.0321
2 175906820 2
2 175963514 0.6213
2 175997899 2
2 176007050 2
2 176015517 2
2 176033498 2
2 176035362 0.7764
2 176036366 0.9478
2 176054656 1.0341729248733
2 176057497 0.266721712926685
2 176098230 0.767684420534992
2 176100358 1.39246272793089
2 176103857 2
2 176128401 0.2174
2 176141029 2
2 176152000 0.133336059666708
2 176167658 0.212939117857608
2 176167832 1.00221387690353
2 176168555 2
2 176207626 0.0078
2 176208720 0.668344519315942
2 176210045 0.8926
2 176232068 2
2 176232151 2
2 176249754 2
2 176249989 1.43637647010007
2 176252636 2
2 176264001 0.0263
2 176279301 0.0866793653833016
2 176282710 2
2 176291887 1.4315
2 176297543 0.8937
2 176298110 1.42369143270142
2 176298706 0.8937
2 176327576 1.09711584379875
2 176334118 0.593910667198772
2 176347763 0.8678
2 176356070 1.4315
2 176391676 2.55104413394222
2 176430861 2
2 176436080 0.0487
2 176449271 2
2 176453209 2
2 176455889 2
2 176456501 2
2 176473713 1.69882997191165
2 176482407 1.51129122151263
2 176490739 1.2489981854971
2 176494392 0.6167
2 176500871 2
2 176513677 0.122892193653345
2 176517861 2
2 176522363 1.8043345295798
2 176527267 1.18244577129293
2 176531543 2
2 176541020 2.0265
2 176541498 2
2 176542124 0.0078
2 176544205 0.0236
2 176549399 2.0468
2 176551198 2.0468
2 176552150 1e-04
2 176552154 1e-04
2 176555962 0.167142425637661
2 176588661 2
2 176605842 1.2566
2 176610099 2
2 176619147 0.563198322023165
2 176629477 2
2 176664751 0.3911
2 176670952 0.5408
2 176681392 1.32955214804577
2 176689020 2.62010916132505
2 176696388 0.3281
2 176702834 0.1537
2 176704069 2
2 176708015 0.0476
2 176720233 1.38793030332784
2 176747644 2
2 176751757 2
2 176763176 0.104698538906989
2 176774831 0.0078
2 176775364 0.3787
2 176786536 0.031
2 176799699 2.9899
2 176826402 1.1993
2 176827844 2
2 176831814 2
2 176843497 2
2 176846404 1.6141
2 176847224 1.6141
2 176848645 2
2 176886115 2
2 176893911 2
2 176906567 1.3241
2 176923117 2
2 176923314 2
2 176930005 1.3334
2 176934527 0.8462
2 176952279 2
2 176977787 1.5448153823791
2 176983680 1.7271
2 176992747 1.8115
2 176998629 0.450335042851181
2 177020686 0.888209469087224
2 177023288 1.52585921220871
2 177034020 0.4868
2 177034524 0.6434
2 177043600 0.193604053699165
2 177044464 2
2 177052878 2
2 177053128 2
2 177055384 2
2 177063443 0.704244355952262
2 177064388 0.925752842688361
2 177064489 0.76452676845558
2 177073198 0.0346907955024194
2 177078245 0.6608
2 177084011 0.690012819031637
2 177119632 0.221601366304686
2 177157505 2
2 177176142 2
2 177182011 2
2 177235697 0.262280379352466
2 177260059 2
2 177261399 0.772198207396487
2 177263111 2
2 177270044 2
2 177276698 2
2 177277288 0.895587418609829
2 177283742 2
2 177288732 2
2 177294665 2
2 177322572 2
2 177330172 2
2 177332372 2
2 177349643 2.26895933843823
2 177351094 5e-04
2 177360738 2
2 177372673 2
2 177406006 0.91
2 177446149 2
2 177451023 2
2 177455494 2
2 177465207 2
2 177465445 2
2 177510060 2
2 177527618 2
2 177528230 0.91
2 177553107 2
2 177553847 2
2 177566854 2
2 177581413 2
2 177585527 2.8755
2 177586181 2
2 177603765 0.9733
2 177608411 2
2 177647208 1.1338
2 177649166 2
2 177650033 0.122306637171532
2 177660128 2
2 177660902 2
2 177661461 2
2 177663203 1.1416
2 177663632 2
2 177666052 1.7398
2 177671816 2
2 177671912 2
2 177679534 0.9505
2 177685896 1.7693
2 177687343 5e-04
2 177701709 2
2 177705025 2
2 177708236 2
2 177728382 1.4668906721619
2 177736073 2
2 177736446 2
2 177737327 2
2 177759877 2
2 177768250 0.0263
2 177775510 0.6726
2 177783411 0.6901
2 177794634 0.6726
2 177797459 0.0221
2 177800240 1.6157
2 177802002 0.1002
2 177814949 0.3245
2 177816462 1.6147
2 177816567 1.02695012285044
2 177817527 2.11274291144151
2 177830263 1.04447410120545
2 177836180 0.8635
2 177837312 1.94725209666053
2 177847989 5e-04
2 177878003 0.232008499245795
2 177886858 1.394
2 177903935 0.844
2 177916729 2
2 177937442 0.608712985514445
2 177944798 0.905444254539594
2 177946094 1.10671633703102
2 177961875 1.0546
2 177967241 1.0546
2 177971606 0.965434433481305
2 177979559 2
2 177980892 2
2 177984299 1.0546
2 177985692 0.450115359778493
2 177988788 2
2 177990895 1.0283
2 178009055 0.7862
2 178012852 2
2 178017254 2
2 178019072 1.7833
2 178021095 1.0413
2 178031607 2
2 178035621 0.0263
2 178051412 2
2 178053760 2
2 178063443 1.0413
2 178070011 0
2 178083233 0.8926
2 178094487 0.0771445714193726
2 178099540 0.8926
2 178139616 1.38672674822994
2 178170280 2.12001299334171
2 178174101 0.962063230463977
2 178178933 0.217045057675384
2 178181612 5e-04
2 178189094 1.34676012879274
2 178205769 1.5467
2 178224478 2
2 178232893 2
2 178258878 2
2 178284032 2
2 178287167 2
2 178299791 0.2966
2 178307090 1.51642297701351
2 178323059 0.0469908140599387
2 178326563 2
2 178336220 2
2 178347198 2
2 178351074 0.516332008945815
2 178351640 0.128945117751707
2 178353302 1.01490011756148
2 178359459 0.717035693642134
2 178378521 2
2 178423963 0.894425078283904
2 178461008 1.6144
2 178471945 1.14698003246019
2 178523763 1.0789
2 178696850 3.0378
2 178699442 0.5005
2 178738498 0.297576638194094
2 178760061 0.570639816752636
2 178767124 0.793897005781865
2 178769662 5e-04
2 178779207 0.0053
2 178825506 0.1789
2 178837710 0.2093
2 178839608 0.597726773653294
2 178861398 1.6083
2 178884255 1.97185286284651
2 178884646 2
2 178907131 0.149442499370188
2 178957562 3.27089245102063
2 178964804 1.41394723138214
2 179002699 0.654055010324866
2 179008023 2
2 179011787 2
2 179015376 0.0898
2 179015399 0.0895
2 179038578 0.1723
2 179040448 2
2 179041550 2
2 179050814 2
2 179052047 0.1374
2 179053833 2
2 179054658 2
2 179063558 0.434512796080729
2 179064418 0.727122462164323
2 179067537 0.764544233141252
2 179072991 0.0444
2 179075614 1.62808987136737
2 179105327 0.967520843941781
2 179106363 0.051393012235675
2 179119390 0.36516345908804
2 179124312 1.5635293731415
2 179169549 0.364862717753017
2 179188288 2
2 179200630 1.0422
2 179221023 1.59359152951896
2 179223789 0.6688
2 179233801 1.64283488746078
2 179256742 0.238
2 179272674 1.69740405519626
2 179276887 0.2551
2 179288505 2
2 179291321 2
2 179313069 0.363533365108853
2 179314308 2
2 179319663 2
2 179331271 2.8058
2 179331571 0.0147906987522583
2 179342576 1.4913
2 179343056 2
2 179363138 0.1176
2 179385153 2
2 179386208 2
2 179387110 0.5169
2 179393981 2
2 179396730 0.275903147072803
2 179397715 0
2 179398979 1.3814
2 179408299 2
2 179415398 1.38393946230771
2 179417054 0.749460683299316
2 179429125 0.435511935039453
2 179433233 0.656110373323361
2 179434900 0.97796286274726
2 179437298 0.166416556465883
2 179439476 1.1399105017947
2 179446260 0.2856
2 179455760 1.30821926182101
2 179466961 2
2 179491799 0.248692386425051
2 179493651 0.1693
2 179494186 2
2 179516649 0.1395
2 179521775 0.1395
2 179532446 0.835294861693272
2 179533888 0.273375887431558
2 179573748 1.65663001868334
2 179582863 0.8468
2 179593767 0.4793
2 179600572 0.1043
2 179602153 0.933999326752223
2 179609003 2
2 179612073 2
2 179612638 0.130230537618221
2 179613935 2
2 179615440 1.1636
2 179616444 2
2 179620488 2
2 179627977 2
2 179628429 1.1636
2 179632296 2
2 179636150 2
2 179640015 1.01311527848696
2 179644630 1.1717
2 179646431 2
2 179663737 0.810355974596773
2 179670525 0.156528301244761
2 179683057 0.873812245641575
2 179691875 0.910694293712413
2 179698181 1.06530266445865
2 179711260 1.0158
2 179718980 2
2 179736031 1.2694
2 179744330 2
2 179747820 1.211
2 179752222 0.720313984038891
2 179756526 1.2278
2 179760216 1.35249034415011
2 179760711 2
2 179783361 1.0537
2 179789844 2
2 179804051 2
2 179804807 2
2 179808213 2.42039105265266
2 179828015 2
2 179853927 0.168080324707152
2 179861951 0.699408478048457
2 179864497 0.694
2 179867220 0.90439018429535
2 179895002 0.0652426810538974
2 179920380 2
2 179922927 2
2 179927019 1.01057340304259
2 179942139 0.490402733382788
2 179942896 1.673330987648
2 179948397 2
2 179958163 2
2 179962819 2
2 179968535 2
2 179975066 2
2 179983487 1.2992
2 179984257 2
2 179993030 1.2992
2 180004111 2
2 180004430 1.04289791601519
2 180014416 1.61552862905517
2 180019933 2
2 180022822 2
2 180035676 2
2 180043562 0
2 180054307 0.624876183485465
2 180058837 2
2 180062383 2
2 180112999 0.157728425302443
2 180122127 0.440989642339388
2 180124239 2
2 180127114 2
2 180135382 0.834749743016486
2 180136647 0.234718389644906
2 180137315 2
2 180155082 2
2 180159885 0.0447
2 180160980 2
2 180161721 1.08015803192373
2 180169887 0.9342
2 180190129 2
2 180190387 2
2 180190484 2
2 180191465 2
2 180192780 2
2 180195734 2
2 180196214 5e-04
2 180199221 2
2 180201509 2
2 180212417 0.130122826538857
2 180212936 2
2 180219358 0.1051
2 180221051 1.2021
2 180230192 2
2 180245509 2
2 180248846 0.3569
2 180255469 2
2 180268265 2
2 180355868 0
2 180362148 2
2 180365671 0.3389
2 180384354 2
2 180395346 2
2 180398927 0.4358
2 180426488 5e-04
2 180432546 0.29296326499655
2 180437197 0.0759
2 180446714 2.234
2 180454131 0.640215280050032
2 180456375 0.556
2 180474117 1.36075079812141
2 180479470 1.08063343322545
2 180484490 1.9328
2 180488079 1.8293
2 180488265 0.535
2 180489018 2
2 180490187 2
2 180493294 1.4696
2 180501085 0.851195586858698
2 180512199 2
2 180515106 0.0566
2 180520858 1.8799
2 180521114 1.8799
2 180525487 2
2 180558208 0.841852261049408
2 180560751 0.0265
2 180571914 0.138
2 180577552 0.114
2 180588735 0.037735376750628
2 180597547 0
2 180613224 2
2 180618984 2
2 180627191 0.9759
2 180628630 1.63112146930438
2 180638425 0.920455182375543
2 180644391 2
2 180645451 2.978
2 180648635 2
2 180649002 2.48040511256483
2 180649035 2
2 180661566 1.05332346615544
2 180661868 0.4043
2 180685041 0.923432806873469
2 180690630 5e-04
2 180695840 0.219241092845165
2 180702073 2
2 180703300 2
2 180714414 0.00656127037922135
2 180729936 2.15065584658573
2 180735728 2
2 180743688 0.899677584008587
2 180761343 2
2 180764314 0
2 180769939 1.08994013639497
2 180820547 1.0756
2 180839503 0.845308759240598
2 180854185 0.670526687266521
2 180855215 0.00844534222710723
2 180857410 2
2 180864301 1.2245180015764
2 180868646 0.0263
2 180869087 2
2 180874804 1.29390446338343
2 180880093 1.12908058792092
2 180890500 2
2 180898331 1.1352
2 180899342 1.63709712033891
2 180910625 2
2 180920567 2
2 180926470 2
2 180927844 2
2 180936570 2
2 180939248 0.0441739012868222
2 180950148 0.659879379758925
2 180973227 0.626837121382692
2 180980642 0.6904
2 181000551 2
2 181001262 2
2 181002458 2
2 181025501 1.06638808851263
2 181040627 0.238258834237443
2 181046155 1.8552373972219
2 181054169 0.587524487102953
2 181096309 0.1831
2 181112500 2
2 181152421 0.514673465193425
2 181183194 0.2143
2 181192913 2
2 181197269 2
2 181203926 0.1396
2 181228214 0.1466
2 181228605 0.1466
2 181233292 0.981963150056786
2 181239616 0.00503188844348132
2 181272962 0.120322254082881
2 181278321 0.1851
2 181284347 0.6245386542513
2 181288133 0.1851
2 181291675 0.1851
2 181323649 0.2814
2 181339081 0.211
2 181339100 0.211
2 181339768 0.211
2 181340317 0.211
2 181340676 0.211
2 181341095 0.211
2 181343171 0.1851
2 181343515 0.1851
2 181384266 2
2 181396675 2
2 181404099 2
2 181432594 2
2 181435473 2
2 181438633 2
2 181463230 0.889
2 181463487 0.1696
2 181486625 2
2 181502073 2
2 181507553 2
2 181528382 2
2 181534770 2
2 181542304 0.956352471719694
2 181556160 2
2 181566850 2
2 181569457 2
2 181574792 2
2 181587010 2
2 181588743 0.425805578677928
2 181595213 1.39525413536339
2 181596787 0.369000503854875
2 181604439 1.13229717008046
2 181606438 1e-04
2 181616491 2
2 181621659 0.180164646180967
2 181628647 2.34998991995808
2 181639556 0.901905421946753
2 181642387 2
2 181646613 0.19310307648612
2 181647363 0.315304845975334
2 181650953 2
2 181652254 0.545723603407924
2 181683944 1.52132315770793
2 181684285 0.596442175226297
2 181688320 0.0718473647387472
2 181696050 0
2 181701517 0.034384118841268
2 181703415 0.0423623793820137
2 181704264 0.606400958864744
2 181719655 2.4244
2 181720428 0.0621
2 181756528 0.6809
2 181878519 1.22469527540334
2 181928505 1.6113
2 181955053 1.11130226663157
2 181955203 2.88593690377427
2 181956581 0.9579
2 182011447 0.0431
2 182046852 2
2 182053782 2
2 182110230 0.183681538033184
2 182119207 0.461601333320181
2 182128390 1.44588570454598
2 182129030 0.0162761905779335
2 182136267 0.851496773654631
2 182143311 0.41166420873964
2 182158757 2
2 182159488 2
2 182166800 2
2 182173114 2
2 182188931 0.9978
2 182192972 0.268577144913429
2 182200244 2
2 182206503 2
2 182210612 0.130292711479467
2 182224636 2
2 182239609 2
2 182245710 2
2 182257311 0.616911181905801
2 182260298 0.554209180613171
2 182263749 2
2 182290901 0.0819
2 182293355 0.3786
2 182326939 0.357641007963824
2 182337685 0.748684048545971
2 182345115 2
2 182346082 0.52819535734862
2 182354953 2
2 182375214 2
2 182382127 0.4699
2 182392928 0.865080324671102
2 182397401 2
2 182402238 0.95010657219433
2 182429920 0.650920632524703
2 182440372 2
2 182442019 1.20819029487989
2 182445999 2
2 182447575 2
2 182456358 0.7897
2 182486895 0.8923
2 182503787 0.0866
2 182514931 0.5119
2 182527116 3.1166
2 182530343 0.0804
2 182569244 0.107
2 182572429 2
2 182598931 2
2 182606745 2
2 182613477 0.5052
2 182634465 0.2813
2 182637871 0.2311
2 182639985 0.026
2 182646276 1.3339
2 182662341 0.982362554475107
2 182675964 0.629493277645955
2 182681158 2
2 182691060 0.342772564077375
2 182693082 3.07484081312379
2 182705404 0.492348470398188
2 182718403 0.702586897684881
2 182728724 0.0739019241121116
2 182745739 0.0291599155275165
2 182746427 1.4838587889075
2 182746780 0.315600122631647
2 182761344 2
2 182780372 2.39040160280738
2 182781416 2
2 182781860 2
2 182785502 0.139479447873894
2 182787521 2
2 182792562 0.342076419260939
2 182796851 0.52392059512093
2 182799380 2
2 182815472 2
2 182825834 0.845708020014451
2 182863685 1.3820079833724
2 182877475 0
2 182896674 0.834841579507252
2 182916120 2
2 182929460 5e-04
2 182943475 1.3465
2 182965277 0.0162
2 182981703 2
2 182983386 2
2 183011190 1.3683
2 183018961 2
2 183028557 2
2 183047710 1.0944
2 183049519 0.0621
2 183051489 2
2 183052825 2
2 183096351 0.826738425573035
2 183101423 0.1323
2 183108813 1.78671408384077
2 183110366 1.56957338908747
2 183111554 0
2 183126538 2
2 183130197 2
2 183139834 2
2 183146660 0.6415
2 183146679 2
2 183147766 0.0038
2 183172195 0.0801
2 183178401 0.0038
2 183181607 2
2 183182325 0.5819
2 183185786 2
2 183212634 2
2 183223303 1.85816793405432
2 183224062 1.589
2 183239559 1.7766
2 183248733 0.762556384221422
2 183250600 5e-04
2 183254522 2
2 183269035 2
2 183273293 0.0752
2 183284040 2
2 183286212 1e-04
2 183286249 0
2 183290876 0.198
2 183291803 2
2 183295007 1.03519932649543
2 183323231 0.581217452083252
2 183323564 0.0503140466821303
2 183333233 0.651987396544304
2 183346356 2
2 183346980 0.6611
2 183354382 5e-04
2 183363896 0
2 183364744 0.5694
2 183376815 2
2 183399042 0
2 183432436 0.737620864262777
2 183433158 0
2 183438535 1.25226530080379
2 183443910 0.83922873695072
2 183447738 0.156539495919579
2 183454695 0.779536583632084
2 183457182 1.24895614962327
2 183477842 0.6506
2 183479069 0.5212
2 183480209 0.6221
2 183482123 0.6221
2 183483980 0.0623801617985242
2 183484352 0.6506
2 183487002 2
2 183487630 0.6506
2 183489238 0.0263
2 183500926 2
2 183501314 2
2 183504203 2
2 183504703 2
2 183510057 0.5848
2 183510644 0.509423116271342
2 183510799 0.5848
2 183512814 2
2 183519086 1.14280496250961
2 183523412 2
2 183536074 2
2 183537915 0.5848
2 183544045 2
2 183568412 2
2 183582214 2
2 183582315 2
2 183619713 1.16417816948836
2 183623971 2
2 183624379 2
2 183624446 0.0329
2 183625905 0
2 183626526 2
2 183630056 2
2 183637911 0.448261611165129
2 183642814 2
2 183649933 1.03734140740283
2 183659052 2
2 183662577 0.462433522880163
2 183678925 2
2 183682610 2
2 183688515 2
2 183760835 1.29228517886999
2 183768760 2
2 183773162 3.1148
2 183774691 2
2 183786197 2
2 183806895 2
2 183809697 2
2 183837913 2.2677
2 183842873 2
2 183849828 2
2 183859954 2
2 183861461 2
2 183866960 2
2 183868784 2
2 183869038 2
2 183869237 2
2 183869635 2
2 183870490 0.72011752632027
2 183873081 2
2 183886190 2
2 183905450 0.0334
2 183906442 0.881284653885879
2 183911721 0.0334
2 183914797 0.0172110161126381
2 183935886 0.5146
2 183943220 0.604084815966673
2 183943504 2
2 183961710 0.0981
2 183965657 2
2 183968523 2
2 184003865 2
2 184027061 1.2075766841796
2 184040528 2
2 184043856 2
2 184048698 2
2 184056683 2
2 184058436 0.99867543227068
2 184062584 2
2 184063011 0.393481536862641
2 184071404 0.784
2 184093239 0.8263
2 184099876 1.23574429799055
2 184104616 0.8263
2 184117758 0.4261
2 184123053 0.370480253741216
2 184124188 1.52556103265004
2 184134916 0.780316402313973
2 184138194 2
2 184139496 2
2 184164133 0.647672510167963
2 184173132 2
2 184181006 0.567378987614145
2 184182561 1.57521488946212
2 184186405 0.00971894540845661
2 184205851 0.18766899228301
2 184207853 0.1979
2 184213560 0.98019771242201
2 184213620 0.2831
2 184223944 0.464069461401629
2 184230058 2
2 184232199 0.129702761876236
2 184233716 0.178087284105368
2 184242263 2
2 184244947 0.686337190432904
2 184246015 2
2 184258591 2.1148806723234
2 184260984 0.420594893081197
2 184266162 2
2 184269918 0.441419125925595
2 184275182 0.508508328078128
2 184295505 2
2 184312738 1.72657105649019
2 184329380 2
2 184329992 2
2 184336042 0.117
2 184337172 2
2 184343657 1.0936
2 184348677 0.25450956695449
2 184362344 0.689433337315654
2 184367292 1.0789
2 184367489 1.67539209071277
2 184373516 5e-04
2 184376454 2
2 184379532 0.819216900843373
2 184385473 0.324555549371299
2 184389554 2
2 184399432 0.247250100362916
2 184411276 2
2 184421191 1.9424
2 184424217 2
2 184430326 0.00936278206964857
2 184461728 2
2 184469156 2
2 184478818 2
2 184485875 0.47184303964431
2 184519258 0.202477608544591
2 184535094 0.362107822827972
2 184556572 0.011732333073828
2 184563585 0.708376461845205
2 184568787 0.1253
2 184593482 0.166360687437609
2 184610852 2
2 184640829 2
2 184682735 2
2 184742687 0.0263
2 184772957 1.64537719997597
2 184814023 0.0561
2 184904403 2
2 184937484 2
2 184942297 0.217729952458684
2 184947213 2
2 184950757 5e-04
2 184988628 1.12767949374584
2 184992228 0.71603565462146
2 185056965 1.4780610571933
2 185083450 0.0269
2 185084594 1.00000696539107
2 185085162 0.962725596462551
2 185136081 1.6452
2 185157684 0.1121
2 185160008 2
2 185160818 2.30183417732197
2 185161040 1.90500761046531
2 185165015 1.62628227781559
2 185165325 0.26593821092631
2 185170485 2.981
2 185193070 1.39358458118164
2 185194870 0.624882267184266
2 185197630 0.0674030953438586
2 185254141 5e-04
2 185287394 1.87829082229741
2 185298047 0.273710221752737
2 185299980 0.198
2 185307212 0.275996358841007
2 185311014 0.467468713949305
2 185312122 0.0851
2 185318289 0.672070407346373
2 185320334 2.01802509343325
2 185324572 0.2032
2 185338978 0.4136
2 185357740 0.526763800505919
2 185358589 0.4136
2 185370140 1.1963
2 185380089 1.98165681228403
2 185396702 0.1999
2 185413426 2
2 185414241 2
2 185417500 2
2 185418818 2
2 185425045 2
2 185427091 2
2 185428452 2
2 185434791 2
2 185435583 2
2 185439580 2
2 185457789 2
2 185462686 2
2 185535495 1.04779658958746
2 185544311 0
2 185557935 1.86803760174033
2 185560582 2
2 185561235 1.855
2 185567461 2
2 185584259 1.22905460177484
2 185593756 2
2 185601812 0.0537407638805731
2 185603609 2
2 185627695 0.3253
2 185633821 0.1904
2 185668769 0.70452453542428
2 185673665 2
2 185707056 0.0537955791968285
2 185741299 2
2 185742153 2
2 185746100 2
2 185762643 0.0053
2 185771350 2
2 185780407 0.8093
2 185793711 2
2 185824240 1.46847423354049
2 185847782 2
2 185864107 1.60581321389519
2 185881528 0.403216847894999
2 185883177 0.0757509978183577
2 185892264 2
2 185894713 2
2 185912402 1.3524
2 185920028 2
2 185929883 2
2 185996844 2
2 186007228 2
2 186013301 2
2 186017422 0.0963347331302589
2 186024518 1.71792803255786
2 186039038 0.0263
2 186056639 0.235
2 186058347 1.65067033266568
2 186062311 1.0729
2 186122316 0.474476630349273
2 186132044 1.78820853982062
2 186138422 0.683985088318033
2 186138585 0.322388861353941
2 186139495 0.668717537018936
2 186139608 0.852858859339162
2 186147960 1.6331280219861
2 186159214 1.1511
2 186159481 0.367542555639061
2 186162708 1.17424950653025
2 186170588 0.0727822089852254
2 186170657 1.16315349437858
2 186170732 0.405016385212185
2 186174086 1.1511
2 186187611 1.9936330740247
2 186191196 0.0263
2 186193671 0.141782786200021
2 186206012 2
2 186207600 1.1511
2 186216984 1.1511
2 186219962 1.1511
2 186230858 1.1511
2 186233304 1.1511
2 186233643 0.694
2 186239452 0.0256
2 186251903 1.1511
2 186261833 0.361687598882839
2 186280719 2
2 186298852 0.694
2 186320711 0.5605
2 186328923 0.2269
2 186330219 2
2 186337369 2
2 186338446 0.2269
2 186371079 2
2 186375213 2
2 186376235 0.719106685726828
2 186382963 1.5531
2 186396662 2
2 186399233 0.2269
2 186403627 5e-04
2 186407833 2
2 186419012 0.2269
2 186430805 0.2269
2 186438575 2.4664
2 186439718 2
2 186441533 0.2269
2 186447227 0.2269
2 186450613 0.2269
2 186451446 2
2 186468652 2
2 186472595 0.2269
2 186473091 2.0288
2 186473135 0.2269
2 186473375 1.2866
2 186474480 1.5161
2 186475084 1.5161
2 186483580 0
2 186514672 0.362408364515095
2 186528122 0.428939084612227
2 186530634 0.474954730495663
2 186551872 2
2 186556494 2e-04
2 186561946 0.645653563696569
2 186591184 1.1936
2 186602194 1.61071590323936
2 186605463 0.4489
2 186661363 1.21663544999998
2 186661598 2
2 186678647 2
2 186717001 0.421067041319725
2 186721620 0.451969463327304
2 186735746 0.0315
2 186770150 2
2 186781370 2
2 186783005 2
2 186830799 2
2 186838347 2
2 186847078 2
2 186858262 2
2 186927134 2
2 186964257 0
2 186973682 0.956341013823412
2 186976917 0.0107
2 186987523 0.8136
2 187004515 0.202314468924325
2 187009081 0.0162
2 187017863 0.0053
2 187033319 0.414741694198918
2 187039711 0.8386
2 187041294 0.539400504766237
2 187057570 2.47652676743846
2 187061868 0.759800291168986
2 187065174 1.08488142686426
2 187083307 0.0162
2 187096269 0.897043123157332
2 187104713 0.8386
2 187141723 1.21150322621632
2 187143950 0.540095262255213
2 187163039 0.3804
2 187169204 0
2 187172494 0.0078
2 187194761 0.8923
2 187196152 0.805413201468934
2 187222939 0.944814908090804
2 187223254 0.8923
2 187229255 1.63307684934776
2 187241354 0.6255
2 187243174 0.3804
2 187278232 0.693349984609057
2 187278348 1.11663104317744
2 187280245 0.3626
2 187284608 0.224802496380873
2 187285282 0.8386
2 187302542 0.0255
2 187316028 0.6809
2 187319773 1.1469030312054
2 187320658 0.60440146327024
2 187321668 0.2216
2 187338139 0.3945
2 187344009 1.16370015086792
2 187344982 0.078166429211628
2 187347062 0.3945
2 187352520 0.3945
2 187355590 0.0794472598335448
2 187395674 1.17147201221192
2 187405610 0.180768712634505
2 187412396 0.65312670124239
2 187424447 0.0223570707000528
2 187428664 0.982310555209756
2 187439719 0.0235151521238774
2 187470920 0.00790567054539361
2 187476320 0.973387088494885
2 187479054 0.648325965841095
2 187479587 8e-04
2 187482347 0.757996591979216
2 187504064 0.5661
2 187511066 0.113688253318809
2 187527181 0.5072
2 187534229 0.305384382539112
2 187544121 0.221145907595166
2 187544316 2
2 187556871 0.391005583100925
2 187562254 1.614
2 187564685 0.486676397355371
2 187565624 1.6039
2 187595758 0.5053
2 187602247 2
2 187602873 2
2 187612610 2
2 187624708 5e-04
2 187637053 0.774506198222269
2 187645087 0.1059
2 187662198 2
2 187673388 0.871681360328548
2 187719064 2
2 187730270 2
2 187743025 2
2 187779351 1.6562
2 187784775 1.4897
2 187785172 0.609934390104089
2 187791014 0.776407208798972
2 187814337 0.168259937438955
2 187830493 0.421145578236117
2 187837422 1.83916697242457
2 187850416 0.62303954777094
2 187856990 0.181759563098436
2 187883139 0.750279282676723
2 187886794 2
2 187895224 1.245
2 187908525 2
2 187917489 2
2 187944675 2
2 187955028 0.0217
2 187960459 0.429670500838758
2 187962477 1.299
2 187971135 1.299
2 187971353 0.759028625482434
2 187976712 2
2 187977774 0.550266873485151
2 187990467 0
2 187994678 2
2 188024103 1.7901
2 188030149 1.7901
2 188036507 1.4348
2 188059331 2
2 188064223 2
2 188067682 2
2 188070050 2
2 188074413 2
2 188094029 1.7043
2 188105181 2.3054
2 188106173 2
2 188120225 0.760325794989998
2 188129455 0.0078
2 188154655 5e-04
2 188154688 0.1206
2 188171845 0.1059
2 188200405 0
2 188203566 0.1206
2 188206045 1.7693
2 188212246 0.0159
2 188221959 0.0126
2 188248857 2.3054
2 188252058 2.3054
2 188265760 2
2 188275724 2
2 188282184 2
2 188294276 2
2 188318484 1.7161
2 188335786 2
2 188342125 2
2 188382027 2
2 188390524 2
2 188402458 0
2 188408617 1.90182010648051
2 188428883 0.0078
2 188452802 2.3054
2 188456092 2.19443159149654
2 188498373 2
2 188499127 0
2 188510131 0.0236
2 188510822 0
2 188513159 0.0078
2 188547533 0.0236
2 188583419 0.017846360544705
2 188596229 2.3054
2 188597163 0.612749249387078
2 188619600 2.0123
2 188625763 0.0699
2 188649792 0.433767581295345
2 188664692 2.3054
2 188666120 2.2356
2 188676257 2.3054
2 188680018 2.3054
2 188697488 2.3054
2 188724232 2
2 188727829 2
2 188731593 2
2 188738522 2
2 188760055 1e-04
2 188783752 2
2 188791437 1.2312
2 188791464 0.816796850354421
2 188796036 2.0123
2 188811279 1.9934
2 188829632 0.2265
2 188830341 2.0123
2 188837815 2.0123
2 188839421 2.0123
2 188839892 2.0123
2 188840406 2
2 188842512 2
2 188842901 2.0123
2 188850305 0.759135276065639
2 188872809 1.9751
2 188889746 2
2 188891547 2
2 188893199 2
2 188933814 2
2 188944517 2
2 188949621 2
2 188951423 2
2 188969185 2
2 188971051 0
2 188982960 2
2 188985479 2.4476
2 188990948 2
2 189018440 0.0502
2 189020924 0.0502
2 189030055 0.0280948571334019
2 189042017 0.1239
2 189042379 1.1865
2 189058675 0.1239
2 189089501 0.1239
2 189114650 0.0228
2 189147450 0.2186
2 189149591 0.2103
2 189158605 0
2 189160894 0.2186
2 189171292 0.2186
2 189174768 0.2186
2 189216258 0.0739
2 189224325 0.677818783114824
2 189241739 0.2263
2 189275182 0.8318
2 189288309 0.2179
2 189299811 0.8318
2 189305814 0.089
2 189308822 0.8318
2 189320073 0.2198
2 189357763 0.1326
2 189398938 0.8318
2 189400382 0.2179
2 189416644 0.0489
2 189416727 0.0558
2 189458650 0.8318
2 189491705 0.0558
2 189493963 0.2425
2 189552720 0.0617
2 189558279 0.2778
2 189558421 0.2602
2 189565451 0.2602
2 189594964 0.717887438137946
2 189600970 2
2 189605925 2.67644394045693
2 189616386 1.6039
2 189618211 2
2 189621342 2
2 189675563 0
2 189677961 0.448656605928752
2 189735339 0
2 189746164 0.0389
2 189768112 0.647147503520707
2 189785232 1.53276853678149
2 189792874 0.257320269462495
2 189824558 0.187056711660084
2 189869642 0.684745284930432
2 189903383 0.323078378818766
2 189934213 0.1336
2 189939900 0.033
2 189942005 0.1477
2 189952740 0.1477
2 189971833 0.0938
2 189973240 2
2 189976032 0.163954138309499
2 190018634 0.1336
2 190043863 0.0263
2 190095443 0.0272
2 190124299 2
2 190148641 0
2 190154299 2
2 190157718 2
2 190160654 2
2 190160887 2
2 190167276 2
2 190173518 2
2 190175520 0.600653925764746
2 190187391 1.562
2 190211930 0.5399
2 190231678 0.4904
2 190251105 0.4904
2 190252914 0.4904
2 190259705 0.4904
2 190280639 0.176462862829514
2 190292360 2
2 190332253 2
2 190333215 2
2 190354888 0.5146
2 190359324 0.3637
2 190364474 2
2 190365620 2
2 190371175 1.18290843475786
2 190393350 2
2 190400425 0.5665
2 190402447 0.5665
2 190435171 0.0499
2 190438013 0.0840423294446111
2 190441257 0.667038600648572
2 190445704 0.6596
2 190445861 0.842
2 190448145 0.0383
2 190466060 0.536347382047475
2 190466135 0.0717
2 190479406 0.294841725406882
2 190479823 0.5889
2 190482058 0.843704108914557
2 190482672 1.16798367313389
2 190485803 1.71777889086207
2 190488162 2
2 190498770 0.6596
2 190530301 0.7224
2 190540554 0.756767896639993
2 190541168 0.5889
2 190581542 0.1155
2 190603980 2.19326073545729
2 190649682 2
2 190667142 2
2 190674770 2
2 190707171 1.03478807042955
2 190718373 0.3205
2 190743537 1.38511861039484
2 190751243 1.66319869897458
2 190751514 0.241
2 190751907 2.1171
2 190757419 0.241
2 190804696 0
2 190839388 2
2 190839558 2
2 190854772 0.631050060901973
2 190873345 0.494991193647405
2 190875014 0.0222
2 190884747 0.0386
2 190929163 0.559813670695244
2 190929215 0.471
2 190961656 0.271317201222722
2 190966079 1.2376452878395
2 190971192 0.0621
2 190985840 1.01742682309182
2 191003410 0.714096481953635
2 191015207 0
2 191034295 2
2 191050989 2
2 191058300 2
2 191089321 2
2 191114633 0.640422742345685
2 191117479 0.8648
2 191127165 0.0372111502830487
2 191129374 2.91699396696476
2 191131412 1.2205337891017
2 191137030 0.241856358736508
2 191161038 0.558291693822022
2 191161112 1.47317069527602
2 191167917 2.8749
2 191196054 0.40965395595949
2 191197143 0.7207
2 191219640 0.3621
2 191237092 0.2985
2 191244832 2.22956879815947
2 191255807 2
2 191291148 0
2 191295866 0.5096
2 191299442 0.5096
2 191300292 3.1145
2 191301116 0.5228
2 191301429 0.5096
2 191301533 0.5096
2 191303247 0.5096
2 191326353 0.322
2 191336929 3.1163
2 191343925 0.2851
2 191344082 0.2851
2 191348641 0.2851
2 191382757 0.049
2 191407769 0.0263
2 191421070 0.0263
2 191454483 0.011
2 191457079 0.022
2 191459933 2
2 191472242 0.0107
2 191508960 0.602618648561131
2 191510117 0.0891
2 191518314 0.7482
2 191519913 1.3045
2 191522394 2
2 191523734 0.839966254131378
2 191541690 2.9776
2 191546357 2.8712
2 191554219 2
2 191593048 0.321322285265094
2 191605659 2
2 191608736 2
2 191620030 2
2 191627886 2
2 191630117 2
2 191636544 2
2 191640517 0.0273
2 191645003 2
2 191645539 2
2 191650738 0.067
2 191655312 0.3562
2 191657187 2
2 191659597 1.6414
2 191660051 2
2 191660343 0.1426
2 191663613 0.3562
2 191699269 2.0518561735722
2 191699783 5e-04
2 191699865 0.0897
2 191706143 0.300758296630848
2 191713930 0.422096128615085
2 191717055 2.84731956896052
2 191719710 1.6518
2 191729446 0.533534709068274
2 191742217 0.0897
2 191767427 2
2 191818033 0.621359801347672
2 191819013 0.0373
2 191824075 0.867300177168397
2 191861823 0.0224
2 191961043 0.1323
2 191962786 0.1323
2 191964229 2e-04
2 191967055 0.1323
2 191981073 2e-04
2 192002012 0.91523688658767
2 192010099 2
2 192025376 0.1991
2 192058068 1.5038
2 192071669 0.447266715058628
2 192073705 1.3166
2 192074546 0.689944620752712
2 192079225 1.2424
2 192088660 0.935396648671513
2 192098634 0.114
2 192128768 2
2 192130877 2
2 192160612 0.1045
2 192169673 5e-04
2 192180850 0.0621
2 192196360 1.4466
2 192201806 0.443290119999646
2 192203054 2.9983
2 192203082 1.10924611509717
2 192240517 0
2 192248799 2.2229590529223
2 192252470 0.165876879202852
2 192257807 1.01029380553232
2 192283174 0.4255
2 192348854 0.0621
2 192403051 0
2 192413137 0.0681
2 192424212 0
2 192427109 0.291136074350215
2 192436125 0.0681
2 192450166 5e-04
2 192467827 2
2 192468221 2
2 192471682 2
2 192476024 0.833411326447581
2 192478606 2
2 192480649 2
2 192481341 0.0815
2 192485643 2
2 192492152 2
2 192499066 1.0021
2 192501707 2
2 192515257 2
2 192518477 2
2 192540158 2
2 192589400 1.6784
2 192614893 0.0263
2 192637894 0.5506
2 192695233 0.771797824867673
2 192702921 0.81496764465525
2 192707724 2.4547
2 192726777 0.542757451246658
2 192729095 0.971405660065829
2 192769338 1.27590072488739
2 192779029 0.323267310458385
2 192783040 2
2 192796363 0.127294689527076
2 192816875 1.7901
2 192819833 0.697566093459673
2 192829460 1.3879
2 192829879 0.195134512350967
2 192863259 0.2362
2 192863262 0.2362
2 192863321 0.2362
2 192864091 0.2362
2 192872929 0.633572187007584
2 192887526 2.0202
2 192900848 5e-04
2 192911832 0.2323
2 192924708 0.2323
2 192929402 0.2323
2 192938475 0.2323
2 192968634 0.2323
2 193021723 0.8356
2 193021781 0.1827
2 193036134 0.1948
2 193077147 0.1948
2 193100888 1.5328
2 193110902 0.1827
2 193128991 0.1709
2 193136387 0.8923
2 193140250 0.1709
2 193288630 2
2 193292467 2
2 193304604 2
2 193345719 2
2 193363278 2
2 193367494 2
2 193377431 0.841408955761652
2 193381069 2
2 193385789 2
2 193389112 1.9702
2 193389754 2
2 193392769 2
2 193398864 2
2 193402485 2
2 193415576 2
2 193424196 2
2 193430274 2
2 193450768 2
2 193459230 2
2 193464423 2
2 193500846 2
2 193506457 2
2 193512267 2
2 193512542 2.4483
2 193516374 2
2 193516528 0.3724
2 193567402 0.0865
2 193574571 1.55634380819778
2 193580804 2
2 193602732 2
2 193614881 0.844
2 193624726 0.0078
2 193670503 2
2 193678781 2
2 193766839 2
2 193772776 3.0378
2 193784147 0.0053
2 193794234 2
2 193800321 2
2 193857701 0.609472026988326
2 193868345 2.1546
2 193908587 0.700553276709994
2 193918367 1.0772
2 194023776 0.878748546438935
2 194050691 2
2 194106763 0.553905195246689
2 194106845 0
2 194179285 0.0053
2 194187172 0.0053
2 194188541 0.0053
2 194205215 0.0053
2 194226204 0
2 194246408 8e-04
2 194341243 0.572726329936077
2 194358816 0.301010766470623
2 194392845 1.00403974825742
2 194403051 2
2 194409067 1.81658512681098
2 194432700 0.0444
2 194444424 0.0329
2 194462519 0.0329
2 194479778 0.0329
2 194486831 1.09177530000177
2 194488162 2.44885485269796
2 194496197 2.31799613196526
2 194498695 0.0502
2 194498854 0.0502
2 194502324 2
2 194507611 5e-04
2 194516713 0.32781267617267
2 194518196 0.945025069815029
2 194592701 0.0411932460766349
2 194608720 0.974489974624605
2 194614875 0.90389580231776
2 194631958 0
2 194637344 0.918025660491008
2 194637476 1.90147908108819
2 194647412 0.762207260887562
2 194682955 0.1953
2 194695273 0.0329
2 194703185 1e-04
2 194719831 2
2 194731687 0.0505
2 194742532 2
2 194762684 2
2 194780478 0.0624
2 194789665 2
2 194796102 2
2 194804504 0
2 194817802 2
2 194819518 2
2 194840529 2
2 194888430 1.1231
2 194903244 0.0886
2 194904648 0.1292
2 194919100 1.693
2 194947010 1.1877
2 194952958 0
2 194969990 2.75987055416155
2 194999184 0.0879
2 195001048 5e-04
2 195004255 1.66044676904872
2 195013623 2
2 195021034 2
2 195025674 2
2 195028583 0.245603151170437
2 195051557 2
2 195083969 1.35990743254678
2 195101316 2
2 195102262 1.7888
2 195103970 0.6559
2 195110263 2
2 195110920 2.1745
2 195111660 2
2 195148850 1.4766
2 195149858 0.1491
2 195153895 0.0162
2 195171875 1.0857
2 195176483 0.1605
2 195176594 0.1536
2 195182335 0.0244
2 195191406 0.798744008369582
2 195270074 0.244748906205812
2 195275056 2
2 195276808 1.0386653836047
2 195280977 1.2645
2 195286040 1.2645
2 195295473 2
2 195303470 0.603770968323873
2 195350894 0.783360512271508
2 195374802 0.87121417657347
2 195408207 2
2 195409887 1.15481659880081
2 195410299 2
2 195430569 0.0855
2 195431671 1.5407
2 195443614 2
2 195449883 2
2 195470903 1.9702
2 195480798 1.9702
2 195492617 1.8431
2 195506516 0.750274780856286
2 195509828 0.67352158243215
2 195510222 0.168839547456281
2 195513234 0.194207809874162
2 195529521 1.9527
2 195531764 0.0263
2 195533657 1.9527
2 195542786 1.3875
2 195544264 8e-04
2 195544921 1.0943
2 195548022 0.472734249724399
2 195553911 1.02520117560147
2 195554626 1.72020470252159
2 195566715 2
2 195567113 0.395073631910838
2 195567187 0.385522362894674
2 195601081 0.439266812792026
2 195609276 0.8506
2 195617578 0.133816942061576
2 195617961 1.30315188433335
2 195644884 1.66826382819782
2 195652785 2
2 195664014 2
2 195666729 2
2 195667566 2
2 195671953 2
2 195672258 1.4136
2 195676314 2
2 195681532 0.723
2 195772531 2
2 195785210 2
2 195810416 0.5506
2 195837667 0.198
2 195883462 1.2152
2 195957280 0.9373
2 195973947 1.6717
2 195989106 0.4835
2 195990602 1.946
2 196008126 0.228485433009361
2 196040731 0.289800262140827
2 196041641 0.4835
2 196067670 0.181261635456186
2 196102851 0
2 196111601 2
2 196131867 1.33932774396132
2 196141919 1.28162973043331
2 196148476 0.517761382877961
2 196152152 2
2 196158638 2
2 196161291 0.160133964402054
2 196168660 5e-04
2 196178442 0.9174
2 196194371 0.7871
2 196209985 0.152009080774775
2 196210963 0.243419256174611
2 196213405 1.6616
2 196214157 1.95833002567023
2 196226696 0
2 196238458 3.2949
2 196243907 2
2 196257279 0.4604
2 196258080 0.558265859721715
2 196267399 2
2 196268772 2
2 196270826 1.8757
2 196278132 0.2505
2 196281251 0.0126
2 196294190 1.08209279913507
2 196302424 0.174386664401561
2 196302967 1.81368542572882
2 196303213 0.976027150268741
2 196306451 0.161948873357658
2 196310015 1.4466
2 196315483 2
2 196316400 2
2 196330920 0
2 196335670 1.4848
2 196390762 2
2 196395818 2
2 196397689 2
2 196407435 0.5642
2 196425225 5e-04
2 196444291 0.0078
2 196491367 1.0815
2 196521006 2.5407
2 196523411 2
2 196537091 2.4119
2 196575002 0.9721
2 196621232 0.1077
2 196624739 1.2177
2 196630053 1.2177
2 196646966 1.1242
2 196649443 0.1997
2 196651663 0.1556
2 196654969 2
2 196656528 0.1556
2 196670773 0.1627
2 196674658 5e-04
2 196699524 2
2 196701344 0.1556
2 196706022 0.1556
2 196719780 0.1556
2 196733427 0.0621
2 196786239 0.8425
2 196828852 2
2 196858245 0.558276026588306
2 196868518 1.32012205886631
2 196880397 1.28048999882496
2 196881045 0.723850631534151
2 196900207 0.0487423322943002
2 196913456 0.55296858588035
2 196914866 2.45654832543256
2 196941860 1.51832061998864
2 196949606 0.761877206384995
2 196960257 0
2 196968360 2
2 196969827 0.4548
2 197033666 0.0742
2 197059033 0.0075
2 197059908 1.6301
2 197062648 0.1275
2 197065589 0.7718
2 197106859 1.1364
2 197114268 1.6107
2 197133943 2
2 197138439 0.0078
2 197153255 3.1957
2 197166196 1.0045
2 197176735 0.468543843983536
2 197179072 2e-04
2 197194756 0.4937
2 197199561 0.386108368142125
2 197199671 0.0269
2 197209660 0.4332
2 197213153 0.3412
2 197262405 0.1255
2 197274379 2
2 197284043 2.85131680700792
2 197284885 2
2 197318216 0.639362337759086
2 197318479 0.325409178354434
2 197318715 1.62351857478357
2 197324622 2.8650539026001
2 197334573 1.87654817295407
2 197340136 0.433060746988172
2 197374097 5e-04
2 197406948 2.4921
2 197418581 1.01481705744516
2 197428967 0.897252347816382
2 197430923 2
2 197443723 0.664711569514804
2 197448576 1.28032299756089
2 197456357 1.6091
2 197464082 0.2288
2 197491674 2.1456
2 197493006 1.66068761305145
2 197530375 0.748393996593487
2 197540912 1.71974965464621
2 197555187 0.912
2 197575847 2.1022
2 197583614 1.88170106636227
2 197598366 0.374150679642318
2 197652097 0.348532015466818
2 197661364 1.96051495218201
2 197668527 0.8863
2 197676674 0.267794520081828
2 197685157 0.8863
2 197687684 0.0269
2 197696728 2
2 197699160 0.9771
2 197711946 0.912
2 197738505 0.912
2 197748153 0.912
2 197752167 1.06790418400934
2 197756782 0.912
2 197761911 0.897363600107976
2 197793296 0.912
2 197796217 0.381472941329305
2 197799422 0.0269
2 197805147 0.307470543104777
2 197812784 1.36927727347728
2 197828979 0.610810992804522
2 197886144 0.912
2 197895249 1.60593073591463
2 197903442 1.34949461480643
2 197904913 0.926744371629147
2 197921766 1.19278063105088
2 197922427 0.0269
2 197923847 0.053398385555862
2 197925699 0.62341002761667
2 197931139 0.717056131192547
2 197981613 0.415892715257915
2 197997876 0.912
2 198023623 2.69033878224456
2 198029499 0.939
2 198069080 3.02651713534032
2 198079063 0.854313626146336
2 198080956 0.9674
2 198081611 0.9674
2 198089092 0.9674
2 198127018 0
2 198160564 2
2 198160567 2.9978
2 198182110 2
2 198182902 2
2 198192390 2
2 198202746 2
2 198203101 2
2 198207758 2
2 198220424 0.0684
2 198226463 2
2 198298927 0.543
2 198299906 0.5902
2 198303080 0.5666
2 198311995 0.701412470698988
2 198320335 1.72307092774783
2 198333902 1.8193457407982
2 198341565 1.16007871928587
2 198341750 0.259680203088591
2 198342614 0.970786365766456
2 198346772 0.762380325221721
2 198353361 1.1494
2 198359793 0.473192186399808
2 198372146 0.8827
2 198375016 2.4561
2 198395547 1.53740625523287
2 198422796 1.069
2 198435672 0.0053
2 198437678 5e-04
2 198463674 1.56859569703281
2 198465953 0.627031757337745
2 198469688 0.0559
2 198471668 0.0618
2 198488022 5e-04
2 198508999 0
2 198525879 0.144632359783789
2 198528124 1.717840430991
2 198534793 1.77093826763197
2 198537633 0
2 198608605 1.6251
2 198611346 1.5793
2 198613160 1.6063
2 198621732 2
2 198634197 0.0374925589585996
2 198661822 0.162008370596762
2 198666875 0.356389546621438
2 198669450 1.26885899539968
2 198670299 0.0292950127417785
2 198673986 0.798792305281155
2 198675993 0.290505532408829
2 198680294 0.123712944866577
2 198680591 0.119257490873643
2 198707898 2
2 198712655 2
2 198714230 2
2 198716002 2
2 198718322 2
2 198718933 2
2 198725921 1.1992737136128
2 198731656 5e-04
2 198731861 2
2 198733844 2
2 198735998 2
2 198737338 2
2 198740435 2
2 198747266 2
2 198752898 2
2 198768849 2
2 198769044 2
2 198773425 0
2 198786471 2
2 198798257 2
2 198807128 2
2 198811883 2
2 198816109 2
2 198828360 0.1849
2 198833019 0.1926
2 198835588 0.1926
2 198839264 2.7151
2 198840745 0.5027
2 198856338 0.4777
2 198856344 0.5156
2 198858641 0.3565
2 198893369 0.7639
2 198896344 0
2 198948173 0.0386
2 198968770 0.7511
2 198968836 0.7511
2 198989019 2
2 198994770 5e-04
2 198999506 0.0265
2 199000568 1.3136
2 199008214 0.2411
2 199023605 0.545015834615313
2 199063742 0.1059
2 199122752 8e-04
2 199147140 2
2 199150705 2
2 199175465 0
2 199176401 2
2 199177650 1.368
2 199179999 2
2 199194489 2
2 199213208 2
2 199216824 0.0765
2 199225069 2
2 199227342 2
2 199261595 0.149512774743062
2 199267621 2
2 199281120 0.484090717452005
2 199284633 0.223222410248427
2 199298447 0
2 199321322 0.959265216397512
2 199331856 2.412
2 199338384 0.00539251029571993
2 199423995 0.359173556890032
2 199430246 0.0503985587987014
2 199479808 1.6414
2 199490829 0.340897849791266
2 199529370 0.562268662896364
2 199566294 1.06203417928352
2 199582537 2
2 199619963 0.0107
2 199626187 2
2 199647119 2.8714
2 199655413 0.1258
2 199664087 0.415984709558385
2 199678513 1.19090248010292
2 199688075 0.1194
2 199694708 0.2478
2 199705975 0.1261
2 199709215 0.1261
2 199715053 0.0624
2 199735109 1.0399
2 199739122 0.0444
2 199742103 5e-04
2 199750963 1.9016
2 199751645 0.0502
2 199754592 0.0389
2 199756143 2.2383
2 199771489 0.827150025666181
2 199775912 0.975466549119659
2 199776929 1.99702336427973
2 199790413 0.851801325952504
2 199804385 1.7112
2 199828945 2
2 199840900 0.4788
2 199858593 2
2 199869645 0.675718085507298
2 199874647 0.0938
2 199876997 1.3144
2 199884529 2.3316
2 199894922 2
2 199900359 2
2 199902789 2.08050004733078
2 199906210 2
2 199922996 0.372702042423987
2 199930848 0.3598
2 199952610 2
2 199953132 5e-04
2 200033406 2.5865
2 200036758 0.613257990489557
2 200042660 0.4599
2 200045669 0.4599
2 200046051 1.02539164634841
2 200048730 1.3931
2 200081403 2
2 200091100 2
2 200108846 2
2 200125569 1.8626
2 200130964 1.84597975544709
2 200178796 0.658498973207769
2 200200534 1.8723
2 200208884 0.0053
2 200209119 0.664817705853304
2 200215390 0.1331
2 200220158 2
2 200222443 0.7082
2 200225304 0.606858836115513
2 200227484 5e-04
2 200238983 2
2 200242090 0.6738
2 200242523 0.806823862314099
2 200249114 0.474
2 200249763 0.715806669659351
2 200270946 1.2092
2 200284690 2
2 200299197 2
2 200326311 2
2 200326457 1.7798
2 200332820 2
2 200334564 0.7903
2 200339658 2
2 200348784 2
2 200358489 2
2 200364340 1.4664655202658
2 200364750 0.1478
2 200368779 0.1478
2 200369849 1.84038732562745
2 200375200 1.4004
2 200379691 2
2 200391851 1.5081
2 200396068 5e-04
2 200428051 0.0122
2 200443394 0.1823
2 200443670 1.14190279827229
2 200452920 0.0217
2 200454298 2
2 200468278 1.66482347694924
2 200476011 0.163945968384993
2 200479319 0.483197283787454
2 200482136 0.1113
2 200483206 2
2 200484908 0.5953
2 200492326 0.482622717999266
2 200555103 0.103645494221433
2 200564345 1.0265
2 200575698 0.2336
2 200600949 2
2 200616789 1.0265
2 200624742 2
2 200640546 2
2 200660832 2
2 200666042 0.698951570883524
2 200669413 0.709610233910464
2 200678725 0.725439318233157
2 200680604 2
2 200687859 2
2 200698911 1.17335726883502
2 200699449 0.895625068629893
2 200700727 0.23663321799675
2 200709377 5e-04
2 200751632 0.338070668990512
2 200752151 2.6501
2 200765496 0.9386
2 200795327 0.541473733255179
2 200807647 0.877901309017198
2 200810630 0.128902827887172
2 200814262 0.482131867663877
2 200876206 0.268
2 200895249 0.0078
2 200901057 0.1552
2 200908822 2
2 200929450 2
2 200949107 2
2 201008687 0.1953
2 201060064 2.5928
2 201067007 2
2 201069016 1.8332
2 201098853 2
2 201114038 5e-04
2 201117821 2
2 201158437 1.96428311350543
2 201166793 0.272051550095528
2 201190589 0.5245928425133
2 201213771 0.811408285563001
2 201237962 0.144847929829709
2 201251068 2
2 201265410 0.771205329419854
2 201278309 2
2 201282115 2
2 201303108 2
2 201313149 1.8307
2 201313949 2
2 201325945 2
2 201334965 2
2 201349131 0.519950332756426
2 201394343 0.0241
2 201399879 0.2637
2 201411373 0.0264
2 201412503 0.6894
2 201461274 0.2637
2 201468089 2
2 201469676 0.281
2 201511873 0.6715
2 201544742 2
2 201545356 2
2 201545424 2
2 201545896 2
2 201560316 2
2 201563027 2
2 201586016 2
2 201595881 0.0269
2 201600120 2
2 201604749 0
2 201609894 2
2 201615854 0.0269
2 201632863 2
2 201636482 2
2 201638502 2
2 201641017 2
2 201643259 2
2 201704931 2
2 201707614 0.9067
2 201708879 2
2 201710433 2
2 201712202 2
2 201719861 2
2 201726162 2
2 201736783 1.09046253065494
2 201740043 2
2 201740324 2
2 201742403 2
2 201751648 2
2 201758761 2
2 201772188 2
2 201773621 0.9371
2 201780628 0.9371
2 201787331 2
2 201787997 1.5288
2 201812435 2.3739
2 201818392 1.8471
2 201821396 0.3738
2 201821881 0.3687
2 201826189 0.0292
2 201832491 0.3738
2 201835992 1e-04
2 201880915 0.0581
2 201889805 2
2 201907399 2
2 201912134 2
2 201912837 2
2 201923804 0.1242
2 201933294 0.1446
2 201933887 2.7888
2 201962257 0.2277637176771
2 201972496 2
2 201982995 1.57489414259092
2 201983891 2
2 201990036 5e-04
2 201997757 1.8942
2 202003934 0.8356
2 202008998 0.8356
2 202011558 0.8356
2 202012224 0.4254
2 202036556 1.03605159695869
2 202037187 0.983595097678014
2 202039375 0.359367380790919
2 202040365 0.73431819791405
2 202052404 2
2 202062045 0.634776277270479
2 202066504 1.48227542603307
2 202067724 0.418345840191922
2 202074613 0.206595901358665
2 202081578 0.9838
2 202082198 1.4337555145258
2 202087406 2
2 202097773 2
2 202112303 0.79888634641246
2 202122583 0.1015
2 202132788 2
2 202133131 5e-04
2 202143033 0.2321
2 202161227 2.6444
2 202212445 2
2 202215571 1.19124207012993
2 202279132 0
2 202309888 2
2 202317317 2
2 202359499 2
2 202366471 2.1287
2 202392451 2
2 202394890 5e-04
2 202403012 0.8295
2 202405656 0.8295
2 202417112 0.8295
2 202487099 0.8108
2 202511476 2
2 202523814 2
2 202535015 0.222244463740621
2 202575756 2
2 202577408 0.8295
2 202615520 0.308625826202897
2 202654541 0.6486
2 202682048 5e-04
2 202708432 0.331625561473534
2 202718673 0.0716076983337505
2 202718977 2.784
2 202723637 0.4254
2 202745060 0.499137852747669
2 202750231 2
2 202771289 1.2863
2 202776419 2
2 202826558 0.103227351068462
2 202827287 1.17152123413582
2 202859266 2
2 202885326 2
2 202891149 1.5201
2 202916162 0.0820709966823343
2 202918486 0.205279219631506
2 202935324 1.24222232605738
2 202958774 0.559470106285405
2 202959236 2
2 202966629 2
2 203007691 5e-04
2 203066180 0.0932
2 203066289 2
2 203099034 2
2 203163027 0.011
2 203171308 1.0218
2 203239523 0.370945206455956
2 203243392 0.612683272197398
2 203255491 2
2 203269525 0.0078
2 203278403 2
2 203279737 0.9198
2 203289963 0.524443110750071
2 203293216 0.637965854801937
2 203330205 2
2 203330392 2
2 203338908 5e-04
2 203350688 2
2 203384317 2
2 203386393 2
2 203397000 2
2 203403742 2
2 203465507 2
2 203489139 2
2 203501371 2.784
2 203506746 2
2 203506842 1e-04
2 203551532 0.702417083269329
2 203565370 2
2 203584610 2
2 203596231 2
2 203603751 2
2 203645068 2
2 203657091 0.1298
2 203695849 0.1424
2 203726430 2
2 203760647 0.377503270476898
2 203763527 5e-04
2 203767041 2
2 203780741 0.0556393088810982
2 203796727 2
2 203797545 2
2 203800812 0.6526
2 203801370 1.54625509746426
2 203805782 0.022
2 203808086 0.011
2 203854006 2
2 203858818 2
2 203875100 2
2 203888383 2
2 203890586 2
2 203894023 2
2 203894807 2
2 203909465 2
2 203927686 2.21116884822495
2 203930783 0.0478
2 203931835 0.0478
2 203937257 2
2 203940664 2
2 203943256 2.8716
2 203951659 2
2 203954383 1.1209
2 203963705 1.42284912313252
2 203966886 2
2 203970132 0.5726
2 203971875 2
2 203983732 2
2 204008686 1.5842
2 204010176 1.5842
2 204018599 1.6243
2 204026681 1.5746
2 204042831 2
2 204051483 0.8831
2 204070968 0.8301
2 204083178 0.5749
2 204090507 0.5749
2 204092962 0.5749
2 204100636 0.5749
2 204103109 0.717
2 204104098 0.8301
2 204106993 1.5842
2 204123226 2
2 204131370 2
2 204143463 0.446443369066069
2 204144524 2
2 204146100 1.62834138989668
2 204160402 2
2 204163744 2
2 204166673 0.30624869676512
2 204169182 2
2 204169999 2
2 204210045 2
2 204212792 1.261
2 204212814 0.6453
2 204229582 0.7723
2 204250017 0.430699568720494
2 204251279 2
2 204254983 0.1971
2 204257488 1.61406448374983
2 204260883 2
2 204263917 0.119
2 204287921 0.888620317778826
2 204299362 1.3971
2 204319448 0.9409
2 204321528 0.49786528492388
2 204321600 2.03349626482893
2 204356890 2
2 204373587 2
2 204382523 2
2 204397169 1.2724
2 204402165 2
2 204406147 2
2 204406193 1.2724
2 204419711 2
2 204439799 1.2724
2 204443525 0.0149875982330986
2 204448786 5e-04
2 204453777 1.2724
2 204484001 2
2 204484721 2
2 204494303 2
2 204497494 2
2 204501128 0.0215
2 204502047 0.0215
2 204508294 1.6868
2 204508992 0.027
2 204509514 0.0383
2 204529057 1.14582375944411
2 204529166 0.910031146850622
2 204617192 1.00472838556769
2 204622966 0.369915721324573
2 204633786 0.681156889046097
2 204637743 1.52510100919968
2 204640625 0.56276299855315
2 204657949 0.776539005476671
2 204689826 2
2 204692501 2.17565680391087
2 204717472 1.73983937624705
2 204739236 0.1399
2 204747669 2.7151
2 204751862 5e-04
2 204780491 0.452586767094065
2 204836111 0.0439548196092997
2 204878818 0.421620943526036
2 204883452 1e-04
2 204901757 0.8295
2 204901970 0.8295
2 204921501 0.0073
2 204921748 0.8158
2 204921917 0.8158
2 204924534 0.4721
2 204933360 2.7093
2 204938091 2
2 204938123 1.15
2 204943961 2
2 204945895 2
2 204946759 2
2 204947365 2
2 204947895 2
2 204968798 2
2 204987776 0.668
2 204999765 2
2 205022312 0.763276909292791
2 205028449 2
2 205028835 2
2 205034033 2.542
2 205047900 5e-04
2 205052448 0.8469
2 205067978 1.3814
2 205072452 2
2 205076779 5e-04
2 205077837 2
2 205088947 2
2 205092943 2
2 205106527 2
2 205107251 2
2 205126433 2
2 205134359 2
2 205145328 2
2 205147537 1.9883
2 205159629 2
2 205170025 2
2 205171292 2
2 205173653 2
2 205174879 2
2 205176642 2
2 205195914 2.7151
2 205200489 2.7151
2 205220749 2
2 205223188 2
2 205231812 1.0205
2 205237461 1.4479
2 205238559 1.1983
2 205250226 5e-04
2 205252231 1.6347
2 205253698 1.702
2 205256309 1.614
2 205263666 1.03084052150683
2 205298686 1.6347
2 205303377 0.3239
2 205304373 0.3239
2 205308620 0.3239
2 205309445 0.3239
2 205310968 0.3171
2 205314658 0.0932
2 205316900 2.7151
2 205323189 0.2912
2 205325894 0.3239
2 205334769 1.2021
2 205334845 1.7489
2 205350476 1.6898
2 205354506 0.2912
2 205355995 0.2912
2 205380965 1e-04
2 205383142 0.2912
2 205386664 5e-04
2 205388239 0.0681
2 205402961 1.7798
2 205430395 2
2 205442733 2
2 205480695 2
2 205490400 2
2 205491223 1.03860651889077
2 205513688 2
2 205515179 2
2 205523054 5e-04
2 205539605 2
2 205546385 2
2 205550961 2
2 205554294 2
2 205582616 2.3651
2 205625116 0.4239
2 205630351 2
2 205640557 1.9499
2 205655819 0.690769677495091
2 205658474 0.0499
2 205660165 0
2 205671605 1.60084555767202
2 205684755 0.0502
2 205693789 2
2 205705571 2
2 205716577 3e-04
2 205731395 2
2 205735440 1.8203
2 205745346 2
2 205760653 2
2 205786591 2
2 205788557 8e-04
2 205807563 2
2 205816216 2
2 205831576 0.1824
2 205838551 2
2 205839854 0.4095
2 205844211 0.0263
2 205848069 2
2 205873619 2
2 205874080 0.1469
2 205876087 2
2 205906699 2
2 205913320 0.969607546034496
2 205927543 2
2 205929177 2
2 205935937 0.537654277549485
2 205946211 1.1170368990291
2 205947773 1.31740230510825
2 205953003 0.7746
2 205953819 1.95761210149673
2 205964282 0.494443247729139
2 205965346 0.88505812651816
2 205965839 0.229654098171011
2 205969417 1.0081
2 205983303 0.038200855345784
2 205984697 0.939017766317566
2 205987662 0.242633503805319
2 206002056 2
2 206003998 2
2 206009358 1.0976987672706
2 206027682 2
2 206080351 2
2 206094604 2
2 206116562 0.9762
2 206132080 2
2 206139434 2
2 206158871 2
2 206164654 2
2 206166848 2
2 206171164 0.1171
2 206180718 2
2 206181194 2
2 206181620 2
2 206205688 3.1145
2 206222153 2
2 206279080 0.00657520658740465
2 206283393 0.289527550020288
2 206321155 2.02098150907112
2 206323869 0.15187050612156
2 206325964 0.675748365918268
2 206343839 0.0150258618082354
2 206344328 0.900878679813529
2 206359878 1.01663753092504
2 206368391 2.9545563699826
2 206373662 2.6443
2 206377734 1.56570293431499
2 206384061 0.249616927933383
2 206455371 5e-04
2 206458575 2
2 206463171 0.240308893192601
2 206466099 2
2 206466941 0.0313715815792498
2 206471129 2
2 206476077 1.2983
2 206483193 0.310437684050149
2 206496368 0.271501430371982
2 206499321 2
2 206502936 0.151913487017414
2 206517320 1.3341
2 206523304 0.95702727969474
2 206530166 0.569326850808025
2 206539321 2
2 206548446 1.328
2 206562961 0.0340065461341833
2 206577842 2
2 206600071 0.9835
2 206622165 0.626356776052141
2 206623297 2
2 206639707 1.71359601726326
2 206643831 1.01032448354252
2 206653777 1.0947
2 206668495 1.0947
2 206699813 2.981
2 206706587 2
2 206713279 0.906245564789269
2 206713533 2
2 206724025 2
2 206736967 0.4251
2 206741009 2
2 206742241 2
2 206750560 2
2 206753459 2
2 206760843 2
2 206765180 2
2 206780318 0.4132
2 206783257 2
2 206784502 2
2 206821575 2
2 206853201 5e-04
2 206861279 1.2744
2 206861665 2e-04
2 206871563 2
2 206873027 1.09451449262508
2 206890694 0.556174838834511
2 206896370 1.21786742820737
2 206897727 0.33404008185553
2 206906589 1.87047255454566
2 206913921 2
2 206922573 2
2 206925613 2
2 206936115 2
2 206945965 0.1187
2 206948848 2
2 206948854 0.8669
2 206948976 2
2 206951081 2
2 206986650 1.27316607467346
2 206996682 0.1202
2 207000232 0.415854344237023
2 207006858 0.934736285364083
2 207007472 0.689256509669937
2 207025411 0.506369278078157
2 207046697 0.0995028142958568
2 207071813 0.657802058926977
2 207096272 0.376652916755619
2 207097732 0.693757965594005
2 207100145 2
2 207100465 2
2 207110867 1.55046823078844
2 207119380 0.237291598564585
2 207124821 1.45594257874993
2 207126069 1.88888467998778
2 207153993 1.22824174781725
2 207154540 1.14382692402131
2 207168625 0.945319545870431
2 207172990 0.640558647340853
2 207190999 1.5295629265365
2 207208522 2
2 207213589 2
2 207255876 2
2 207261912 2
2 207267384 0.5283
2 207267509 2.7888
2 207296378 2
2 207298104 0.4972
2 207299822 2
2 207321046 1.07376227905649
2 207341135 0.0160750611700359
2 207352994 2
2 207375408 0.905
2 207382456 2
2 207386927 2
2 207390178 2
2 207433269 0.0458
2 207441365 2
2 207469992 2
2 207481686 2
2 207487267 2
2 207492268 2
2 207493114 0.0678
2 207501255 2
2 207504991 2
2 207541168 0.3824
2 207553213 2
2 207584271 2
2 207589915 2
2 207602426 2
2 207631310 2
2 207631991 2
2 207644858 0.0824
2 207645507 3.0898
2 207650590 2
2 207654738 2
2 207655558 2
2 207658856 2
2 207659476 2
2 207660538 2.8287
2 207660875 0.424
2 207674172 2
2 207674342 2
2 207681666 2
2 207694199 2
2 207695968 8e-04
2 207710198 2e-04
2 207789358 2.1456
2 207807007 1.0414
2 207826568 0.227750585965771
2 207826807 0.624076929095603
2 207834613 0
2 207835875 2
2 207843252 2
2 207853059 2
2 207859055 0.209388609706444
2 207865809 0
2 207868276 0.671704444672624
2 207868746 0.171779041105494
2 207885225 2.6507
2 207892020 0.270230201321791
2 207906134 1.42555531684641
2 207923882 2e-04
2 207927077 1.9883
2 207938836 2
2 207943851 2.007
2 207962333 2
2 207974872 0.1472
2 208004056 2
2 208013632 0.0373
2 208025658 1.11781387395707
2 208032774 2
2 208034753 0.162
2 208044275 0.9267
2 208045690 0.0276
2 208046762 2
2 208052074 0.162
2 208069777 2
2 208070052 2
2 208070061 2
2 208070303 0.237148447665917
2 208074142 0.893640158697466
2 208074828 0.712994782724687
2 208097346 0.4462
2 208100666 1.4854262432915
2 208102892 2
2 208107425 2
2 208108528 2
2 208112599 0.0651549858788798
2 208114804 0.520036232322569
2 208114835 0.1324
2 208117071 0.42361522055233
2 208119742 2
2 208134357 0.830120547822249
2 208147143 2
2 208152066 0.222129639903617
2 208156901 2
2 208159051 2
2 208161464 5e-04
2 208162901 0.720591796784369
2 208163467 0.586488300486236
2 208172711 0
2 208195600 0.0386
2 208201201 0.0329
2 208202114 2
2 208204044 0.0329
2 208207382 2
2 208209769 0.194285028074739
2 208210245 2
2 208236190 0.0802567819714689
2 208307572 5e-04
2 208315792 5e-04
2 208322983 5e-04
2 208369370 0
2 208369695 1.88827655384843
2 208379911 0
2 208403149 0.26798578081862
2 208416703 0.4904
2 208418884 2
2 208433908 0.4904
2 208507218 1.1891
2 208531824 1.5577
2 208538335 2.1803
2 208553415 1.4773
2 208564100 1.507
2 208569024 1.9702
2 208589770 0.0745
2 208602050 1.9702
2 208616265 2
2 208625190 1.1209
2 208638221 1.2742
2 208638621 0.9371
2 208642215 1.8153
2 208672552 1.70844589667884
2 208689525 0.220204679205117
2 208690395 1.10977867070317
2 208736790 1.3174325964061
2 208755363 0.2515
2 208760458 1.0769
2 208763646 0.174089440477316
2 208775440 0.7672
2 208781232 0.282271081826868
2 208787600 0.672378802367822
2 208794498 0.2733
2 208803227 0.0247681800452988
2 208847432 2.404
2 208853892 1.8723
2 208866733 0.918666890952591
2 208882326 1.07628671695787
2 208909185 1.12359414424938
2 208915967 1.07316534623608
2 208935777 1.26040035302759
2 208936465 0.201843409309297
2 208938982 0.84085736289286
2 208941840 0.229831387421453
2 208948239 2.03944710366595
2 208955108 0.678350149580669
2 208964021 0.170388932576515
2 208964471 0.50249422244964
2 209007790 0.191262921131987
2 209010465 0.425254460222042
2 209014338 0.7666
2 209017424 0.223670948228666
2 209021102 0.250837955243272
2 209024201 1.80018699121921
2 209024451 1.74710021946337
2 209028650 0.0898
2 209078934 1.93298657159126
2 209078995 2.073
2 209091560 1.44260159676277
2 209095930 2.2
2 209096102 2.2
2 209101239 0.7042
2 209104856 1.1666
2 209114683 1.1666
2 209125037 0.661831019343512
2 209127671 2.5867
2 209128542 0.2409248768791
2 209128868 0.362985604804302
2 209136074 0.2636
2 209144705 0.7042
2 209155597 0.4633
2 209163233 0.4633
2 209168821 0.0818223385834652
2 209173570 0.626
2 209176528 1.1231
2 209176997 2.1238
2 209179760 2.15679992761798
2 209207852 1.2944
2 209208584 0.5665
2 209211893 0.658433937206601
2 209216940 0.890625746792416
2 209217621 1.1231
2 209220684 1.1231
2 209220729 0.5665
2 209226115 0.5665
2 209230066 0.265783173147064
2 209232354 2.055
2 209233337 0.5665
2 209234595 0.573067405406181
2 209242413 0.5665
2 209246041 0.5665
2 209253199 1.94750773756193
2 209255992 1.42198031708585
2 209259687 0.5181
2 209260650 2.0134
2 209261980 0.4923
2 209263888 0.730287406463716
2 209266185 0.5181
2 209268536 0.5181
2 209268743 0.5181
2 209272228 1.1231
2 209274106 0.7498
2 209275205 0.911829607720943
2 209289486 0.4165
2 209300115 2.2866095601499
2 209303406 1.1682
2 209316874 2.055
2 209319702 5e-04
2 209323484 0.547865200252876
2 209331157 0.0449264905105775
2 209334559 2
2 209340437 1.9938
2 209342768 2
2 209343683 0.480042334162247
2 209349940 2
2 209350548 2
2 209354021 2
2 209356614 2
2 209357220 1.9748
2 209357556 2
2 209358271 1.1682
2 209366096 2
2 209371947 1.8629
2 209388157 2
2 209395023 2
2 209406351 2
2 209409339 1.2885
2 209410560 1.9938
2 209412873 2
2 209414043 2
2 209419690 2
2 209430934 2
2 209436007 0.0423
2 209447809 1.9564
2 209455728 1.9564
2 209469100 2.1838
2 209490959 2.1838
2 209509957 1.6401
2 209511482 2
2 209511698 1.6401
2 209513121 2
2 209517351 2
2 209517843 2.1584
2 209539500 2
2 209592970 1.8629
2 209598337 1.9256
2 209630215 2
2 209631036 8e-04
2 209641022 2
2 209643392 2
2 209646883 2
2 209648104 2
2 209650392 2
2 209671975 2
2 209683542 2
2 209695236 2
2 209706881 2
2 209728903 2
2 209733076 1.8329
2 209770500 0.8749
2 209772023 2
2 209782407 2
2 209785224 2
2 209806261 1.1553
2 209867359 1.4032
2 209872066 1.4032
2 209872639 1.4032
2 209903316 0.194840985088014
2 209931277 0.6218
2 209943680 2.067
2 209955756 0.0263
2 209957053 2.0885
2 209983029 0.3515
2 210141164 0
2 210142563 0.2924
2 210162076 5e-04
2 210210478 0.1439
2 210243637 2
2 210245168 0.4177
2 210261104 0.2192
2 210268426 0.3198
2 210274085 2
2 210279062 2
2 210282713 2
2 210292725 2
2 210351809 2
2 210357741 0.043984026863685
2 210360239 2
2 210362314 0.2042
2 210373954 2
2 210374939 0.2308
2 210401515 2
2 210471107 0.414335121601984
2 210488829 0.7378
2 210496830 0.1507
2 210502155 0.1436
2 210510423 0.3487
2 210512771 0.390976386524123
2 210513100 0.4092
2 210515783 0.7378
2 210516304 1.9032
2 210522212 0.7378
2 210539311 2
2 210549499 2
2 210549808 2
2 210553559 2
2 210554184 2
2 210565268 0.471610031477666
2 210573672 2.18473321636194
2 210585185 2.48168158115692
2 210600389 0.3328
2 210629894 5e-04
2 210636609 2
2 210643470 2
2 210658439 1.10726869888428
2 210674578 0.263395222606555
2 210679933 2
2 210693859 2
2 210702187 0.108911932268293
2 210703066 0.7537
2 210704189 0.832821034469466
2 210709041 0.031088586722526
2 210735022 1.50416273175938
2 210740718 0.014201555569557
2 210741120 0.6805
2 210746782 0.406388459139855
2 210752871 2
2 210759146 1.9256
2 210770804 0.143465788473787
2 210771004 2
2 210772232 1.9256
2 210777083 0.0444
2 210787612 0.100718598472193
2 210787819 0.387151791787163
2 210807537 2
2 210814033 1.7929
2 210824811 0.0273
2 210825634 0.7815
2 210880882 1.18300534611788
2 210886201 2.25159658810065
2 210907479 0.956330768548497
2 210924564 2
2 210945944 2
2 210975367 2
2 210976857 0.8022
2 210977824 2
2 210979254 2
2 210987019 0.332874994390213
2 210987415 2
2 210988327 2
2 210992053 2
2 210992813 2
2 210994816 2
2 210995029 2
2 210996256 2
2 210998916 0.8022
2 211011602 5e-04
2 211019507 2
2 211028292 1.3653
2 211028533 2
2 211043143 0.980163256279819
2 211088729 0.7093
2 211094904 2.35421821256075
2 211104354 0.1124
2 211112244 1.373
2 211113342 5e-04
2 211120701 0.0375259311960748
2 211123688 2
2 211123915 2
2 211130361 2
2 211135414 0
2 211137545 1.388
2 211139035 2
2 211139114 2
2 211141195 0.2225
2 211143301 2
2 211147147 1.388
2 211150695 2
2 211152495 0.0844954037859594
2 211156299 2
2 211164542 2
2 211168592 2
2 211168655 2
2 211177165 2
2 211177633 2
2 211179801 1.41202865233727
2 211187719 2
2 211202396 2
2 211206802 2
2 211245441 0.007
2 211271624 1.19909815374546
2 211273501 2
2 211282253 1.72263296407193
2 211289696 1.5081
2 211295062 1.7369713023383
2 211298728 2
2 211310379 2
2 211317332 2
2 211319975 2
2 211332995 1.88429221705605
2 211344129 0.0688942240704062
2 211347077 0
2 211350058 2
2 211350680 2
2 211359964 2
2 211406451 1.66712183092116
2 211407889 3.84409145197005
2 211414445 2.0202
2 211416656 2.18605907826543
2 211430766 1.14971289113478
2 211443880 1.74206156921501
2 211444108 2
2 211462707 2
2 211472005 2
2 211485764 2
2 211485772 2
2 211501704 2
2 211501871 2
2 211505447 1.6283
2 211506141 1.6283
2 211507864 2
2 211508605 2
2 211513034 2
2 211517119 2.2356
2 211538231 0.2152
2 211596682 0.0447
2 211603233 0.0447
2 211613496 1.6568
2 211625547 0.0505
2 211627470 0.0107
2 211641933 5e-04
2 211660248 0.478571553940474
2 211667286 1.3938
2 211668607 1.3938
2 211669269 1.3938
2 211670353 1.2371
2 211674834 0.716262406849248
2 211675782 5e-04
2 211676071 0.612416363877192
2 211678003 1.53478068689198
2 211681834 0.723836357132535
2 211684036 1.2371
2 211684904 1.13006951836158
2 211710042 0.277576048165883
2 211712432 1.2154
2 211713654 0.577451824693858
2 211715459 2
2 211740784 1.3384626358205
2 211747968 0.536222415540789
2 211750791 1.82010794121461
2 211754827 0.633725293875941
2 211755338 0.315534450039749
2 211756718 0.549817501430275
2 211761617 0.565738649688145
2 211762240 2.19197773514942
2 211772190 1.1842
2 211796468 2.26444783143412
2 211798817 1.0205
2 211820270 2
2 211823139 2.11887060947437
2 211823450 2
2 211826852 0.2971
2 211828744 0.9543
2 211829139 0.9543
2 211830571 1.1541
2 211831013 0.832745641653383
2 211832339 0.9543
2 211839913 0.9543
2 211842254 0.9543
2 211848242 0.9543
2 211852655 0.9543
2 211852702 0.330251169916477
2 211853755 0.9543
2 211854643 0.9543
2 211858157 0.9543
2 211861886 0.332207596704911
2 211869874 5e-04
2 211870549 0.172950749641573
2 211919206 2
2 211921730 1.4037
2 211933700 1.5207
2 211935237 2
2 211944199 0.455234711366807
2 211949612 2
2 211949832 2
2 211952594 2
2 211952863 2
2 211968952 2
2 211968953 1.6789
2 211977609 2
2 211992276 2
2 211994793 2
2 212005498 1.1662
2 212010621 2
2 212010815 2
2 212029837 2.26301130144582
2 212030955 2
2 212053775 2.3278
2 212060420 1.2154
2 212074440 2
2 212076953 0.357860844218148
2 212091764 0.794365467565695
2 212110668 2
2 212111632 2.73477698291929
2 212114674 0.672076052883363
2 212118560 0.133552050187446
2 212122380 0.222377890620534
2 212134910 2
2 212139009 2
2 212173362 0.791665360742862
2 212184558 0.0078
2 212191508 2
2 212191783 2
2 212192040 0
2 212211617 0.425260502734165
2 212211915 2
2 212212971 2
2 212215785 2
2 212224729 2
2 212225284 2
2 212236021 2
2 212236412 2
2 212236450 2
2 212243341 2
2 212258666 2
2 212266177 2
2 212271937 2.79070115771302
2 212272022 0.872
2 212283067 2
2 212284040 0.25009661905287
2 212286432 5e-04
2 212293804 2
2 212294451 2
2 212295486 2
2 212297304 1.03
2 212300522 0.0564
2 212303557 2
2 212310862 2
2 212319166 0.087
2 212320043 0.0273
2 212320097 0.0273
2 212324484 2
2 212341125 1.19771430587695
2 212344995 0.093
2 212353672 2
2 212361820 2
2 212374045 5e-04
2 212385337 2
2 212387453 1.126
2 212391476 1.0671
2 212393898 1.0671
2 212397391 2
2 212411026 1.56833660817003
2 212427095 0.9217
2 212448141 2
2 212467846 2
2 212512362 2
2 212515237 2
2 212526496 2
2 212549160 0.2591
2 212553761 1.0757
2 212575697 2
2 212584018 0.8553
2 212594259 1.0757
2 212597022 0.541429010588501
2 212608509 0.2768
2 212626159 0.2768
2 212646972 1.3939
2 212649275 1.7798
2 212653231 1.42635702792292
2 212656723 1.28229505330053
2 212669574 2.09293898490545
2 212672171 1.232
2 212704445 1.1667
2 212713729 2
2 212713928 0.233213963576679
2 212736938 0
2 212743323 5e-04
2 212761169 0.7159
2 212763559 5e-04
2 212768979 0.4413
2 212775853 2
2 212784395 2
2 212786458 2
2 212788010 2
2 212794119 2
2 212804818 2
2 212827812 1.4553
2 212853577 2
2 212854074 2
2 212859307 2
2 212865551 2
2 212872702 0.331178437839203
2 212875129 5e-04
2 212875156 1.15231825266258
2 212880143 2
2 212892244 0.184001110009319
2 212901351 2
2 212920715 1.0643
2 212936723 1.3348
2 212942719 1.73466323813213
2 212969200 1.27068559178263
2 212975488 1.3686
2 212977357 1.2267
2 212979266 2
2 212982032 1.2267
2 212986340 0.0427876610553536
2 212988315 1.64744822352638
2 212990029 2
2 212991147 0.224
2 213047991 0.0781
2 213055953 0.088
2 213072152 1.28876044960693
2 213082269 0.1159
2 213088698 0.548572953208289
2 213095869 0.0565
2 213115279 0.754404137097828
2 213116739 0.748762272687302
2 213124245 0.439
2 213124260 2
2 213130065 0.0545084156860859
2 213132728 2.0405
2 213144943 0.683733227898858
2 213153012 0.479492814602863
2 213153153 0.909555086508621
2 213153676 0.225695171969811
2 213158110 0.259
2 213158209 0.0772
2 213158328 0.0772
2 213161142 0.133935676200569
2 213172979 0.259
2 213193975 1.1555
2 213196298 0.879052444392561
2 213236942 2.2104
2 213246606 1.5386
2 213258398 2.1804
2 213263138 2.1804
2 213309272 1.17742643780928
2 213377215 1.01582278157594
2 213396933 0.309512312331417
2 213417876 2
2 213429091 1.05941342485406
2 213429350 1.9814
2 213459605 0.356193158285384
2 213469368 0.635538662906345
2 213493929 2.15443082122962
2 213516403 0.62643423115768
2 213528601 1.8942
2 213614302 1.9814
2 213615622 0.302006540468253
2 213621938 1.33221336797989
2 213622846 1.28118670063207
2 213679858 0.247518433644033
2 213701242 1.12765786612193
2 213705460 0.475754358244075
2 213713246 1.6453
2 213719054 0
2 213759448 0
2 213763147 2
2 213769245 0.1968
2 213788773 1.33414804156589
2 213795857 2
2 213814983 1.72742685706757
2 213821079 2
2 213825908 0.647228302544236
2 213843061 0.00116195881464643
2 213852890 0.243680994832311
2 213856495 0.305686344072755
2 213857310 0.87251122094881
2 213865325 0.3269
2 213866689 2
2 213867738 2
2 213871877 0.2995
2 213876096 2
2 213876304 0.329833751973543
2 213876527 2
2 213880348 2
2 213880991 2
2 213882167 2
2 213883018 2
2 213883691 0.455137060800983
2 213885613 0.56099444398234
2 213890288 1.04661837413745
2 213896876 0.1968
2 213897616 2
2 213903128 2
2 213916603 2
2 213918146 0.1226
2 213922631 2
2 213925048 0.396912926901941
2 213938864 2
2 213947845 0.539006189083834
2 213954793 0.55449496331896
2 213958903 2
2 213963297 0.0573
2 213980295 0.777625352002869
2 214003046 0.103864850270818
2 214012448 0.422695135209409
2 214025910 2
2 214027178 0.3259
2 214032280 0
2 214037879 0.29503762848337
2 214040496 0.2092
2 214042615 0.725844460466369
2 214048082 0.4402
2 214051324 0.673834510032373
2 214064589 0.462
2 214066092 0.462
2 214084543 0.968617290752119
2 214090141 0.681028700291201
2 214091799 2.12543387988348
2 214093427 0.0684478022553926
2 214096562 0.290024237635675
2 214098179 5e-04
2 214099420 2
2 214099447 0.560525379937296
2 214113565 0.688873860216144
2 214114817 0.285872376009422
2 214121610 0.3993
2 214149800 0.475884739611828
2 214158000 2
2 214158335 0.1358
2 214161039 2
2 214163603 0.0263
2 214180187 0.1602
2 214181504 0.1602
2 214186578 0.1602
2 214196412 0.1602
2 214197934 0.1602
2 214209310 1.9527
2 214250755 2
2 214251131 0
2 214252220 0.588780270855775
2 214269961 2
2 214270546 2
2 214272862 2
2 214273707 2
2 214294389 2
2 214298074 0.164076023569476
2 214326631 0.0078
2 214332142 0.121411978626262
2 214344013 0.777190150468446
2 214351132 0.278424914521468
2 214351190 0
2 214351715 2
2 214376174 1.01452606246759
2 214382991 0.611017555330068
2 214413182 0.4567
2 214421783 0.7448
2 214431003 1.48531143350054
2 214444096 0.18192890554916
2 214473744 1.08931812788671
2 214496203 0.4626
2 214504765 0.351134222796434
2 214505632 0.422692696095866
2 214509500 0.0807
2 214511927 0.189407739444133
2 214554681 2
2 214556663 0
2 214565915 2
2 214567595 2
2 214571561 2
2 214572452 2
2 214578249 2
2 214581473 0.8263
2 214582217 2
2 214583229 0.4045
2 214586461 0.3942
2 214588252 0.3942
2 214591924 0.3942
2 214612207 0.3993
2 214613136 0.3993
2 214618887 0.3993
2 214622517 0.3993
2 214626352 0.3993
2 214626916 0.3993
2 214637856 0.3993
2 214649507 1.9141
2 214697853 1.1702233762892
2 214712424 1.12505001269648
2 214713370 7e-04
2 214716328 2.09592881304308
2 214734188 2
2 214736304 2
2 214743172 0.1719
2 214743657 0.1719
2 214745589 0.1719
2 214748877 0.278801665966813
2 214755801 0.1719
2 214778194 2
2 214782379 2.542
2 214792971 1.3774
2 214796992 2
2 214798752 2
2 214810560 2
2 214836411 1.57261464832586
2 214849586 1e-04
2 214868166 0.3557
2 214879109 2
2 214879311 2
2 214883360 2
2 214889046 2
2 214907289 2
2 214915859 0.3975
2 214920511 0.584899138261463
2 214927619 0.4225
2 214950420 0.785378612077074
2 214950608 1.96027143084363
2 214957160 0.0316616384771861
2 214965789 0.508120504320988
2 214969507 0.0263
2 214992514 0.995167563215186
2 215007610 1.10599725621751
2 215014189 5e-04
2 215028922 0.570105643238499
2 215035644 0.8366
2 215035931 0.8629
2 215037300 0.8629
2 215056130 0.7087
2 215062152 0.6768
2 215082081 0.7202
2 215089152 0
2 215134605 0.0263
2 215139089 2
2 215140239 2
2 215190842 0.2831
2 215193218 0
2 215205773 0.0898
2 215226209 0.7877
2 215232457 0.0053
2 215242008 0.0053
2 215245873 0.139
2 215246108 0.3966
2 215254087 0.333
2 215258847 2.4474
2 215262803 0.1043
2 215273255 1.7225
2 215289434 1e-04
2 215291891 0.0307127587250511
2 215296645 0.0479883533131122
2 215297105 1.26824893792711
2 215299380 1.0295
2 215307263 1.702
2 215311101 0.0119
2 215335280 0.6303
2 215338573 0.6303
2 215360082 0.0332
2 215362464 1.0295
2 215365810 0.315
2 215367576 0.418067597356866
2 215407791 2
2 215451764 0.0858
2 215454169 2
2 215454174 2
2 215457665 0.9924
2 215459343 0.9072
2 215466931 2
2 215471227 1.04356497111618
2 215491943 2.04327142073989
2 215503233 1.6503
2 215504518 0.10319879951814
2 215505464 0.5383
2 215509783 1.6355
2 215511760 1.6503
2 215518920 5e-04
2 215527674 0.2557
2 215529528 0.153
2 215537010 0.149939063470325
2 215544800 1.97900312621992
2 215548418 0.936180734855765
2 215550554 0.153
2 215550569 0.153
2 215551427 0.2867
2 215553311 0.153
2 215558065 2
2 215563772 0.1955
2 215575255 0.2259
2 215578447 0.2388
2 215594251 0.49812167474775
2 215598905 2
2 215602277 1.0825
2 215603078 0.318893962460895
2 215611515 0.362097872416442
2 215616843 0
2 215620326 1.17197056835417
2 215620886 1.0760542747615
2 215625132 0.446549594746542
2 215627519 0.154884138039005
2 215642413 0.0862649828708302
2 215649093 1.7392
2 215650897 0.932510273885531
2 215656259 1.7635
2 215657095 0.893659365481369
2 215662554 0.704844089307148
2 215688214 1.2171
2 215701846 2
2 215705035 2.01923842716054
2 215706757 0.787
2 215728795 1.38346408556623
2 215730811 0.239381570616044
2 215732643 0.0703721990253762
2 215735561 1.72785847480366
2 215754237 2
2 215769638 2
2 215809645 5e-04
2 215831593 2
2 215849665 1.2164
2 215879064 1.3631
2 215892444 1.0271
2 215918813 2
2 215918815 0.1396
2 215920243 0.344413996328657
2 215921538 2e-04
2 215921854 2
2 215922087 2
2 215928421 2
2 215947636 2
2 215949088 0.99567455128696
2 215957125 2
2 215963050 0.1229
2 215963220 0.1583
2 215981123 0.3993
2 215981562 0.1229
2 215988390 0.1229
2 215997170 2
2 216006483 1.8804
2 216036759 0.630558658355443
2 216060049 0.598087510975041
2 216072466 1.7113
2 216102623 2
2 216113983 5e-04
2 216124403 0.6287
2 216133127 0.0076
2 216148178 0.240241760452538
2 216162882 0.5606
2 216174110 2
2 216193214 2
2 216200371 2
2 216203178 2
2 216203498 1.2154
2 216212756 0.55588019563264
2 216227860 0.0268
2 216253434 2
2 216264000 0.0898
2 216273394 1.3044
2 216279477 2
2 216280958 0.113828409821846
2 216283068 0.5596
2 216285204 2
2 216287801 0.5881
2 216289237 0.319777315199521
2 216305225 0.9181
2 216322609 0.49281001552109
2 216373080 1.56645910306042
2 216380675 2
2 216381214 2
2 216382871 2
2 216400322 0.8442
2 216433556 2
2 216459395 2
2 216463197 1.7015
2 216467331 0.8692
2 216468816 0.6835
2 216479194 2.409
2 216498338 2
2 216515278 2
2 216547496 2.9985
2 216551980 2
2 216560158 0.3435
2 216573194 0.1757
2 216608336 0.8641
2 216629242 2
2 216636504 2
2 216652276 2
2 216685806 0.0755
2 216696744 1.12940060878286
2 216698192 1.01905957456282
2 216698335 0.30462233562025
2 216701333 0.1847
2 216706474 0.530856328782911
2 216716284 0.0870823737027869
2 216717026 0.243051088741581
2 216717206 0.603585869494225
2 216733783 2
2 216760800 2
2 216766812 2
2 216767316 0.0301790260879753
2 216768013 2
2 216772313 1.83027453692402
2 216772482 1e-04
2 216779587 0.7081
2 216785305 6e-04
2 216792573 2
2 216794543 0.604793290991029
2 216798016 2
2 216803880 0.4029
2 216803884 1.8219187217139
2 216804426 0.466444972251998
2 216823903 0.5917
2 216827646 5e-04
2 216834066 0.5425
2 216850918 2
2 216881422 2
2 216883924 2
2 216885148 1.16108677834777
2 216886331 2
2 216887373 2
2 216898986 2
2 216902281 2
2 216945547 2
2 216947396 2
2 216949012 2
2 216965549 2.37052039470995
2 216967875 0.262684608598057
2 216967996 2.2602
2 216972865 2
2 216982111 1.4868
2 216992727 2
2 216993536 2
2 216993591 1.96747667129239
2 217002118 2
2 217010173 2
2 217023792 2
2 217029220 0.624878374719158
2 217029426 0.8378
2 217035969 2
2 217043749 2
2 217047521 2
2 217074281 2
2 217092086 0.3293
2 217093220 0.5481
2 217102844 0.1243
2 217104712 0.1518
2 217109617 0.4975
2 217114930 0.353392371069199
2 217122670 2
2 217126903 1.1555
2 217215732 0.9651
2 217230331 0.5941
2 217239496 0.7213
2 217261458 0.813591789529418
2 217264462 0.5373
2 217267475 2
2 217289019 0.940451561374487
2 217298727 2
2 217321893 1.44864107839415
2 217324004 5e-04
2 217335488 1.3234
2 217350295 0.3796
2 217352678 0.3466
2 217354443 1.55499074730403
2 217367190 1.5313
2 217370624 1.5313
2 217379393 0.284
2 217398153 0.5688
2 217402537 0.098
2 217404299 1.1416
2 217413832 0.528
2 217414387 0.528
2 217415545 0.5024
2 217418716 0.8423
2 217428705 1.0355
2 217439725 1.1066
2 217440670 1.1207
2 217441366 1.1207
2 217444297 1.1207
2 217444498 1.1207
2 217448542 1.2154
2 217451458 1.2552
2 217457515 1.2933
2 217468092 1.20162624872669
2 217470169 1.1352
2 217478542 1.1812
2 217487227 1.1352
2 217495837 1.85816502321436
2 217507046 0.248676837377813
2 217511099 0.164117279965986
2 217521849 0.374196309259207
2 217532055 2
2 217546277 2
2 217553905 2
2 217568441 2
2 217589415 1.12136430777394
2 217595043 1.24086346166417
2 217596683 2
2 217609714 2
2 217613387 2
2 217630186 2.8287
2 217646099 2
2 217709044 2
2 217754092 0.3699
2 217760058 0.4875
2 217786721 1.18
2 217795347 0.304283571537449
2 217805629 5e-04
2 217839515 1.2903
2 217840255 0.596746919825137
2 217843083 0.105932229146374
2 217851139 0.0898
2 217857783 0.7805
2 217871455 1.47175299314867
2 217899267 2
2 217915226 2.42797192517325
2 217916370 0.808000738183122
2 217957327 1.3698
2 217963190 1.3728
2 217979157 1.10175935481156
2 218004405 0.265725395829839
2 218004819 0.651422515821227
2 218010548 2.9779
2 218014866 2
2 218018188 0.186746370283427
2 218026339 1.646
2 218052746 2
2 218059426 3.1166
2 218067093 2
2 218070102 5e-04
2 218071118 2
2 218074543 2
2 218074907 2
2 218076372 2
2 218078125 0.652692699600524
2 218080085 0.144890556343906
2 218081199 0.582647769126915
2 218099445 1.04738633479261
2 218106580 1.21425502286486
2 218114238 0.4554
2 218119040 0.4554
2 218162249 0.4924
2 218178350 1.25906420857389
2 218186591 0.5097
2 218189478 0.614741393016661
2 218193261 0.5097
2 218200062 2e-04
2 218200070 1e-04
2 218220062 5e-04
2 218225696 5e-04
2 218233015 0.626747393926654
2 218235479 0.113613901483029
2 218240727 0.5097
2 218240902 0.226072159871276
2 218244641 0.5097
2 218248366 0.5097
2 218303242 0.289115720940427
2 218306739 0.346478771087283
2 218307689 5e-04
2 218319476 0.499797745970249
2 218320310 2.02108543412982
2 218326533 0.283257323058933
2 218342196 2
2 218347281 0.0737863489663057
2 218363033 0.570467454202237
2 218366289 2
2 218368729 2
2 218385048 2
2 218387654 2
2 218404080 2
2 218414950 2
2 218446792 0.754362555661193
2 218493880 0.354628045921173
2 218517129 0.704640887702829
2 218518280 0.0397431079984055
2 218543164 2.981
2 218548061 0.767602089501132
2 218548736 0.348913967031024
2 218558882 0.0827024848681848
2 218562874 0.525627822922188
2 218569165 0.728924925235209
2 218569471 1.74183550387348
2 218576705 1.07005684666742
2 218625133 0.531035669442189
2 218636605 1.20540936708323
2 218639972 0.586227385108919
2 218652365 0.507888377139744
2 218691623 0.772294872978308
2 218710531 5e-04
2 218730278 0.370668364196629
2 218733372 0.10344738968255
2 218741206 0.222641093702163
2 218767565 2.63416366114916
2 218776805 0.977411616549578
2 218780512 2.2356
2 218782764 0.0149160162915821
2 218787272 2.58551861150661
2 218801459 0.20080991542329
2 218804071 1.42272587865518
2 218809759 5e-04
2 218810840 3.1166
2 218822875 5e-04
2 218826772 2.981
2 218851400 0.6238
2 218852022 0.6238
2 218880483 0
2 218901909 2
2 218905451 0.285044388905018
2 218919383 5e-04
2 218931621 0.022
2 218948307 5e-04
2 218963396 2
2 218971569 0.0897
2 218979228 5e-04
2 218979232 3.1166
2 218997492 0.523782950778958
2 219001577 2.981
2 219015306 1.12345368272358
2 219020390 0.224329747912665
2 219022618 2.981
2 219032259 0.256048621970613
2 219035010 0.597361997959419
2 219061766 0.2081
2 219080548 5e-04
2 219080552 0.318637088119817
2 219132412 0.2411
2 219132491 1.4645
2 219142692 0.2411
2 219150933 1.1824
2 219153707 0
2 219169234 2
2 219174550 2
2 219176500 2
2 219191492 2
2 219212683 2
2 219226530 2
2 219264738 2.2468
2 219273587 2.978
2 219279688 2
2 219296584 2
2 219329809 2
2 219331846 2
2 219332599 2
2 219346236 0.281970399710973
2 219347090 0.0891060015003581
2 219361807 0.267117080956158
2 219366648 0.217963203852804
2 219366859 2
2 219367985 8e-04
2 219375787 0.192962114941526
2 219376314 0.9273
2 219377064 0.9273
2 219382291 2.0586
2 219383723 2
2 219390693 2.4996
2 219395924 2
2 219397219 3.1145
2 219428520 0.360786414370857
2 219460687 2
2 219465935 2
2 219466254 2
2 219470122 0.0053
2 219496764 0.07845663309143
2 219496798 2
2 219497561 1.98963264927369
2 219535341 0.636304338130889
2 219546006 2.2355
2 219553834 1.1689
2 219561312 0.7091
2 219573542 0.5902
2 219573971 0.589
2 219589274 0.6963
2 219589430 2.4474
2 219589551 0.0897
2 219607962 5e-04
2 219656880 0.116708528836032
2 219664914 0.597358529382499
2 219667351 5e-04
2 219683453 0.917738387754673
2 219714895 0.772254900055575
2 219718797 2.8287
2 219719141 0.456455570126797
2 219728792 0.7318
2 219742209 0.721551907396533
2 219749673 5e-04
2 219751604 0.716101101650445
2 219779823 0.776
2 219791817 0.800106580357715
2 219793405 0.771599467870265
2 219793781 0.1981
2 219794185 0.412136952746389
2 219795555 0.198463029378871
2 219799529 0.587056249973088
2 219818699 0.9245
2 219830089 2.2468
2 219832449 0.750714309929113
2 219833889 0.0524
2 219849781 2
2 219856044 1.0365
2 219856695 1.5661
2 219856774 1.3413
2 219864267 2.0288
2 219873770 2
2 219877267 2
2 219882684 2.0081
2 219887811 2
2 219888568 2
2 219895876 2
2 219920590 0.9288
2 219927755 0.7082
2 219937841 1e-04
2 219937849 2
2 219975634 2
2 219983557 2.6411
2 219987931 3.1148
2 219995282 1.13811729450425
2 219995346 2.0541
2 220004388 0.9693
2 220038174 0.9593
2 220045523 0.0078
2 220047571 2
2 220053447 2
2 220056534 0.506
2 220056844 0.2871
2 220058573 0.2767
2 220068624 0.996336892480478
2 220069374 0.2871
2 220074426 0.2871
2 220088374 0
2 220099591 0.0027
2 220115953 2
2 220116987 0.2493
2 220121272 2e-04
2 220121353 2e-04
2 220134634 0.1547
2 220145423 0.1547
2 220157655 1.05005686787389
2 220160722 2
2 220163249 0.623994962302505
2 220167524 2
2 220178621 2
2 220191152 2
2 220199426 2
2 220204405 2
2 220209382 2
2 220210909 0.8194582731423
2 220211120 2
2 220222599 2
2 220223858 1.3678
2 220226804 2
2 220228465 2
2 220230562 2
2 220238364 2
2 220247876 1.4494
2 220255251 2
2 220259762 1.4494
2 220278911 2
2 220285307 2
2 220290880 2
2 220296612 0.7587
2 220298740 2
2 220299116 1.9814
2 220300027 2.0005
2 220305438 2
2 220307667 0.0078
2 220314328 2
2 220319569 2
2 220331434 2
2 220343779 0.1625
2 220366618 2
2 220368642 2
2 220392284 2
2 220393050 2
2 220429407 2
2 220440604 2.3651
2 220449599 2
2 220459153 1.1983
2 220469103 0.1258
2 220475246 0.1258
2 220478495 0.1258
2 220482142 0.1451
2 220482689 0.1258
2 220484698 0.1258
2 220486608 0.1124
2 220487010 5e-04
2 220487493 0.5236
2 220529313 2
2 220546373 0.4703
2 220549857 2
2 220559939 2.7151
2 220570745 2
2 220582363 2
2 220583817 0.2494
2 220602092 0.2414
2 220613983 0.026
2 220620450 0.340239358331758
2 220630221 0.6865
2 220656613 0.6865
2 220664063 0.6865
2 220688142 0.153331787116213
2 220691601 0.0614812009952143
2 220695927 1.02751284349167
2 220737956 2.14128613978468
2 220738997 0.935466452443662
2 220739385 0.312944525639626
2 220772980 0.166510869306056
2 220775487 0.0309866157895677
2 220777773 2.7323
2 220786560 1.42070167531674
2 220802678 0.486759824297064
2 220802856 2
2 220806057 0.329721406401519
2 220806323 0.354312188202957
2 220809040 0.80100877771884
2 220812544 0.4303
2 220819937 0.312396783666723
2 220823721 0.0444
2 220825137 1.7003
2 220856692 2
2 220861024 2
2 220889995 1.0672
2 220890249 1.68086864465128
2 220890557 1.2005
2 220897995 2
2 220920848 2.542
2 220932520 0.4112
2 220933992 1.6097326855152
2 220935481 0.39
2 220936486 0.0556190177941131
2 220940677 0.8435
2 220967994 1.40215734949629
2 220972607 0.3096
2 220991570 1.3653
2 221001260 0.753431311020936
2 221015737 1.232
2 221020465 1.3589
2 221034554 0.955627160685232
2 221041554 1.15113825058713
2 221079456 0.9716
2 221099487 0.38405122346436
2 221105601 0.2224
2 221109798 0.0509
2 221124197 0.1802
2 221127739 0.0658
2 221162076 2
2 221177434 1.3997
2 221181592 5e-04
2 221209643 2
2 221210211 1.11611531396424
2 221220230 2
2 221246265 1.081
2 221255694 2
2 221257025 0.5589
2 221261245 1.081
2 221262257 2
2 221287591 0.1143
2 221301208 0.504050311437222
2 221334884 0.047
2 221339346 0.0599
2 221341029 0.0599
2 221347029 1.6307
2 221354591 2
2 221356436 1.43462008173571
2 221365595 0.0078
2 221369200 1.70594574086975
2 221399908 2.4029
2 221407224 1.26175601809366
2 221415781 2.2698066502889
2 221416633 1.12150619794085
2 221421112 0.348519556056994
2 221421204 2.9895
2 221452825 0.918
2 221454898 2
2 221459184 2
2 221474068 2.2632
2 221488294 0.222
2 221492606 0.222
2 221492690 1.2997
2 221506400 2
2 221532375 0.371240482221096
2 221536366 0.9683
2 221536545 1.09450485306229
2 221540389 1.11482864612786
2 221557005 2
2 221585442 1.6554
2 221601937 0.0564
2 221616235 0.843636515920097
2 221624836 2
2 221627271 2
2 221631089 2
2 221639841 0.3908
2 221652372 0.5303
2 221684477 2
2 221686253 1.1578
2 221701197 2
2 221770715 2
2 221782640 2
2 221787518 2
2 221795165 2
2 221825669 1.7526
2 221848813 2
2 221855151 2
2 221857382 2
2 221875783 2
2 221892426 0.489974377388266
2 221939472 0.0866
2 221940942 0.0803134937359837
2 221954792 1.3511
2 221967830 0.0762
2 221972983 0.0762
2 221989516 0.9683
2 221993635 2
2 221994976 0.761037620568271
2 222018740 0.958438589919909
2 222021931 0.2747
2 222025344 0.2747
2 222028234 0.1468
2 222032238 0.1185
2 222033054 0.1185
2 222033360 0.1185
2 222039312 0.1185
2 222051698 0.2834
2 222081201 2
2 222083460 2
2 222090331 2
2 222097037 1.0809
2 222102503 0.713026392747856
2 222103367 2
2 222108690 1.0451
2 222116316 8e-04
2 222116483 0.5877
2 222118691 2
2 222121496 1.3056
2 222133316 2
2 222133830 2
2 222134566 2
2 222139272 2
2 222164694 0.53027808474413
2 222170594 1.70439857338182
2 222176045 0.870427472544109
2 222187118 1.26516931606034
2 222190507 2
2 222193467 0.662921155387853
2 222194826 0.0855543686196397
2 222195348 1.10877650781038
2 222213873 0.668728040036178
2 222240933 2
2 222245660 2
2 222245793 2
2 222255899 2
2 222256259 2
2 222263503 2.2664
2 222270292 1.3129
2 222276805 1.7977
2 222278205 1.7977
2 222294400 0.8318
2 222299832 1.87066867021654
2 222316002 0.4552
2 222320976 1.668
2 222324193 2
2 222330756 2.23450197470841
2 222374006 1.481
2 222386024 5e-04
2 222406848 2
2 222411647 2
2 222414939 2
2 222417736 2
2 222426505 2
2 222426729 1.3021
2 222435839 2
2 222446050 2
2 222448066 2
2 222466121 0.3836
2 222477304 1.4782
2 222496230 0.0386
2 222544900 2
2 222556769 0
2 222556771 0
2 222563135 0.0684
2 222584526 2
2 222602823 0.0684
2 222605754 0.0684
2 222634119 2
2 222643713 0.205018344024753
2 222647032 2
2 222655568 0.890765754612289
2 222669776 1.98783328695507
2 222678914 1.23643108286737
2 222681328 1.33533925506958
2 222684578 0.178146170631729
2 222685346 0.51348846672339
2 222687147 4e-04
2 222693697 0.588
2 222694171 2
2 222699840 2
2 222702297 2
2 222707347 1.73871906139389
2 222709026 2
2 222728213 2
2 222729653 2
2 222735955 2
2 222744224 2.3784656219492
2 222750128 2
2 222766969 2
2 222766996 2
2 222775976 2
2 222790913 2
2 222791839 2
2 222799156 0.9886
2 222815669 0.1293
2 222828355 1.0239
2 222839996 2.9126
2 222894951 0.5482
2 222894953 0.5482
2 222901200 0.2732
2 222901811 0.2732
2 222912995 0.2732
2 222917649 0.2732
2 222924362 0.2732
2 222943085 0.588
2 222944353 0.2732
2 222945199 2.5092
2 222965295 0.0577
2 222969464 0.0076
2 222985325 2
2 222988607 0.0346
2 222990586 2
2 222991519 1.3336
2 222991960 2
2 223006338 0.8318
2 223008581 0.8318
2 223009740 0.8864
2 223015401 2.5908
2 223020551 1.2494
2 223025982 1.85519367748713
2 223026606 0.338937580732671
2 223030382 0.0346
2 223033580 0.165310091132609
2 223034379 0.0346
2 223041252 1.7247
2 223042110 5e-04
2 223042131 7e-04
2 223057053 0.0379
2 223064097 0.1841
2 223065433 0.4242
2 223080091 0.0379
2 223083224 0.0834862683248048
2 223083283 0.176703980557102
2 223083804 0.41830355711024
2 223097985 0.881035945205537
2 223106543 0.46
2 223110323 0.46
2 223110544 0.46
2 223113624 0.46
2 223114272 0.46
2 223114377 0.46
2 223142849 0.191662987900408
2 223145998 0.4709
2 223147839 1.72130521167461
2 223150561 0.5704
2 223150602 0.695967697940976
2 223152705 0.5704
2 223153422 0.5704
2 223158764 0.925056966294966
2 223173717 0.958756613895905
2 223174397 0.3627
2 223180884 0.384248750780981
2 223187970 0.3843
2 223189386 0.3843
2 223200903 0.9777
2 223222088 0.6127176438926
2 223222509 0.3176
2 223222989 0.3176
2 223224103 0.3176
2 223224168 0.3176
2 223226526 3.9006
2 223235017 0.784097473080193
2 223254408 0.00518819995867804
2 223263824 0.5255
2 223268366 0.4641
2 223275529 1.84266865466856
2 223289943 1.31034375147655
2 223290059 0.49566896811713
2 223291277 2
2 223291687 2
2 223301995 0.313198343822311
2 223327387 2
2 223329938 3.0378
2 223332036 2
2 223354355 2
2 223354781 2
2 223361347 2
2 223363700 2
2 223397276 0.314471713817918
2 223418270 0.0643427533146829
2 223423743 2.0617
2 223427838 2.3223091635714
2 223430532 0.9624
2 223433896 0.8168
2 223435793 0.32401883531364
2 223446362 1.6183478261181
2 223446366 0.7358
2 223482073 2.0406
2 223483030 2.0267
2 223491846 2
2 223586960 2
2 223639810 5e-04
2 223681149 0.7508
2 223690974 0.7508
2 223691018 0.7823
2 223694178 0.6827
2 223697808 0.6124
2 223702566 0.0412
2 223703372 0.0412
2 223729531 0.4208
2 223738266 0.033
2 223744762 0.033
2 223745239 0.610511460376445
2 223746623 1.04859775367854
2 223757170 0.1676
2 223758143 2.9986
2 223795266 1.7097
2 223800026 0.8154
2 223800977 0.8154
2 223802302 5e-04
2 223814718 1.0459
2 223822001 0.9496
2 223825877 1.0459
2 223827198 1.0459
2 223833093 0.582913779314622
2 223836072 1.0459
2 223849313 0.460542144254522
2 223853190 0.57074914304106
2 223857747 2
2 223858349 0.783714604521555
2 223866494 1.52474737581227
2 223874212 2
2 223874985 1.46683737512552
2 223881349 0.033
2 223882642 0.033
2 223885193 1.75307339374191
2 223897386 0.3239
2 223897388 0.3137
2 223899099 0.033
2 223908058 5e-04
2 223910654 0.0504
2 223911432 0.0504
2 223912045 0.0504
2 223938856 0.162472074728872
2 223951210 1.48917802840635
2 223981442 0.2424
2 223983377 2
2 223985720 0.2424
2 223992248 2
2 223993332 2
2 223997245 1.01206275888298
2 224006004 0.00730674745375666
2 224022474 0.63128182732972
2 224023823 1.4655
2 224034475 1.36880972924433
2 224044229 0.702693049722033
2 224056435 1.37307441938448
2 224057379 1.91740096331545
2 224060404 1.57077032639939
2 224076585 0.9256
2 224076595 0.9256
2 224086849 0.298041858106934
2 224091085 1.32656669133236
2 224096178 1.2189
2 224112240 1.03016897206241
2 224127785 1.1862
2 224134550 0.768930776303817
2 224141034 0.9293
2 224143753 0.634938729237694
2 224145314 0.131471446080512
2 224157811 0.937231397443048
2 224228798 2
2 224229124 2
2 224239371 2
2 224242405 2
2 224260063 2
2 224265231 2
2 224276780 1.2267
2 224287567 2
2 224293015 2
2 224295852 2
2 224297190 2
2 224299264 0.5673
2 224299329 5e-04
2 224300437 2
2 224311950 2
2 224314502 2
2 224346930 0.405608938577436
2 224348838 0.481603608677382
2 224349168 0.628392375190636
2 224360620 2
2 224364705 0.596396162338626
2 224366766 0.9758
2 224381331 1.89481032554598
2 224387727 0.9758
2 224394724 1.1262
2 224404644 0.7206
2 224410038 0.6201
2 224410987 0.7206
2 224417570 0.5622
2 224418593 0.5111
2 224420822 1.184
2 224422752 0.5223
2 224424815 0.5111
2 224424839 0.5111
2 224425878 0.4896
2 224431561 2
2 224433343 2
2 224434242 0.192567102285583
2 224435279 3.0378
2 224436488 2
2 224442993 1.27343281862241
2 224449484 1.257
2 224449536 2
2 224451286 2
2 224452901 0.524510513937043
2 224460041 0.801365003170116
2 224462104 2
2 224462855 2
2 224469537 2
2 224475076 2
2 224478491 2
2 224481929 2
2 224487444 1e-04
2 224498027 2.0586
2 224502212 2
2 224512890 2
2 224530096 0.5622
2 224536182 2
2 224553643 0.368587399057465
2 224572788 2
2 224579184 2.51830533001159
2 224619617 2
2 224637824 2
2 224651751 1.01058892101936
2 224669042 0.0897
2 224669475 2
2 224683332 0.65019217038407
2 224733639 0.7255
2 224756160 1.148
2 224761589 2
2 224767172 2
2 224768492 2
2 224769976 1.05727040102696
2 224778769 1.1861
2 224780415 2.4956
2 224811089 1.0158
2 224811929 2
2 224818398 5e-04
2 224833558 2
2 224835055 2
2 224836164 2
2 224858874 1.3272
2 224865907 1.3278
2 224868066 5e-04
2 224870392 1.3208
2 224878251 2
2 224891318 1.3208
2 224894900 5e-04
2 224900446 1.3208
2 224915058 0.42383219778685
2 224921098 1e-04
2 224921108 3.5908
2 224921110 3.5908
2 224924616 0.1622
2 224930366 2
2 224943840 0.25558699591978
2 224952951 1.08641866566237
2 224961406 1e-04
2 224978427 0.2675
2 225001753 2
2 225016685 0.4945
2 225022369 2
2 225022458 2
2 225026122 2
2 225028268 2
2 225045182 2
2 225050428 0.337432669211198
2 225065777 1.81780526264425
2 225072863 2
2 225123193 2
2 225127636 0.1873
2 225129578 0.33
2 225133751 0.1873
2 225142685 0.284
2 225151402 0.4964
2 225152416 3.1155
2 225160174 0.4591
2 225160262 0.4591
2 225165990 1.7634
2 225178087 0.4354
2 225181812 0
2 225181849 0
2 225182432 0.258
2 225184470 0.258
2 225187261 0.258
2 225190098 0.258
2 225191528 0.258
2 225201048 0.200050628651664
2 225202995 0.657494978626556
2 225219571 1.49414361435424
2 225244059 0.826153801516759
2 225251780 0.8468
2 225258933 0.81
2 225260083 0.467
2 225275107 0.313876670899708
2 225279864 0.721
2 225281630 0.8874
2 225284988 0.413175616224506
2 225291525 0.6169
2 225296584 2.0074
2 225298369 2.43673936644082
2 225300267 0.980504386883876
2 225309747 0.243452033351982
2 225326210 0
2 225344801 0.7105
2 225354808 2.8214405499054
2 225369817 0.572662223035586
2 225369979 0.588
2 225370035 0.047468104767802
2 225381348 0.240692594597188
2 225395985 2
2 225401003 2
2 225415777 2
2 225430715 2
2 225439944 2
2 225459839 0.588
2 225466486 2
2 225467317 2
2 225505067 2
2 225512834 2
2 225512835 0.7871
2 225518574 0
2 225538477 0.9305
2 225544200 1.0448
2 225565637 2
2 225571554 0.927548794148348
2 225620548 1.87038743992995
2 225622229 0.0273
2 225664595 2
2 225681782 1.64612465590574
2 225686785 2
2 225694508 0.1899
2 225703686 2
2 225720322 2
2 225766449 2
2 225782222 2
2 225782490 2
2 225782573 2
2 225795943 0.671227972247662
2 225831278 2
2 225855025 2
2 225855895 2
2 225857218 2
2 225867086 2
2 225872438 2
2 225882106 0.018184287565283
2 225885026 2
2 225886446 0.182079347670337
2 225899505 2
2 225903797 2
2 225911814 2
2 225912500 2
2 225942762 0.1656
2 225945484 0.1656
2 225945955 2
2 225946977 2
2 225948374 2
2 225985510 2
2 226000579 0.1803
2 226005865 0.1803
2 226070365 2
2 226071767 0.222572059703123
2 226078576 2
2 226079295 0.747582505326114
2 226083521 1.19725317131712
2 226083646 0.403867427277496
2 226096972 2
2 226101699 2
2 226102134 2
2 226103519 1.9814
2 226104851 0
2 226105536 2
2 226106370 2
2 226111684 2
2 226124182 2
2 226127206 2
2 226138767 2
2 226140997 2
2 226141755 2
2 226202497 1.2757
2 226227434 1.1964715126705
2 226279425 0.9371
2 226301540 0.7691
2 226309497 0.9371
2 226318530 0.8336
2 226336818 2
2 226339385 1.3432
2 226339569 2
2 226340297 2
2 226340422 2
2 226342663 2
2 226349656 0.1015
2 226376611 0.6419
2 226377613 2
2 226389377 2
2 226400580 0.2305
2 226410310 0.2305
2 226413109 2
2 226440392 0.2305
2 226454771 2
2 226476206 2
2 226483608 2
2 226483615 2
2 226484657 0.307909170365742
2 226490315 2
2 226507455 0.264890366914556
2 226526962 2.0406
2 226530793 2
2 226554021 1.4644
2 226588604 2.4436
2 226590514 2
2 226606608 2
2 226617626 2
2 226620142 0.0377806047272045
2 226633672 2
2 226637502 2
2 226678703 2
2 226693208 0.0202417912274194
2 226711765 1.8124
2 226766161 2e-04
2 226798037 1.5111
2 226900238 0.0742
2 226912379 0.0607
2 226927334 0.1016
2 226936600 0.0879
2 226948166 2.8235
2 226948573 2.8235
2 226975578 0.0879
2 226988455 2.7323
2 227010644 0.0879
2 227010653 0.0879
2 227011413 0.1016
2 227015838 0.1016
2 227032360 0.1153
2 227037103 0.1153
2 227039731 0.1153
2 227045481 2.9983
2 227045832 1e-04
2 227045874 5e-04
2 227045989 0.0166
2 227049768 0.1868
2 227051323 0.1868
2 227063235 0.4571
2 227103504 0.620978827327519
2 227103837 0.316757398828195
2 227104932 0.828061616031574
2 227112033 1.076
2 227125517 2
2 227127235 2
2 227132512 2
2 227146283 2
2 227146514 2.0835
2 227149647 2
2 227152871 0.3504
2 227154069 0.0655
2 227176229 0.6613
2 227183341 1.0399
2 227195697 0.2801
2 227203422 5e-04
2 227203562 0.414068005914575
2 227205834 1.0534
2 227206167 1.0534
2 227207146 1.0534
2 227219002 2
2 227220877 2
2 227222973 2
2 227225873 0.884713901278758
2 227226658 2
2 227227690 0.882142466401782
2 227231793 2
2 227236670 0.162
2 227239245 2
2 227245456 2
2 227246719 2
2 227246935 2
2 227249231 0.557536243516579
2 227255987 2
2 227266765 2
2 227267792 1.14621179266104
2 227274602 2
2 227275744 2
2 227297564 2
2 227323566 2
2 227334057 2
2 227338360 5e-04
2 227351277 2
2 227375994 2
2 227379681 0.5111
2 227381529 2
2 227387917 0.532
2 227391612 0.348160629799047
2 227394753 1.7012
2 227405404 0.4686
2 227420438 0.670999953926547
2 227446609 0.585616342702876
2 227450720 0.654246892466573
2 227458121 1.55848257840953
2 227462076 2.85490983238157
2 227463202 0.357207716896002
2 227463484 0.978579107136342
2 227465878 0.106791585540434
2 227488355 0.372274165710447
2 227491648 3.648
2 227494184 0.843456707630653
2 227510071 0.0741786368190702
2 227518874 1.23280556108666
2 227552791 2.5345
2 227575805 0.0157819635918636
2 227602430 1.16591085865894
2 227605406 0.219220503800725
2 227605728 0.624616037755957
2 227606013 0.659475977240954
2 227611424 0.880567047238431
2 227618739 2.1000594629256
2 227618982 0.377029223737844
2 227640048 1.0977
2 227645158 0.1417
2 227655993 0.6196
2 227657294 0.6287
2 227666010 0.18076195703012
2 227679687 2
2 227685582 2
2 227703251 2.29014673853426
2 227707744 2
2 227713287 2
2 227713965 2.4029
2 227714511 1.1227
2 227721971 0.00980347874924477
2 227724674 2.4916
2 227734633 0.1717
2 227738744 0.1717
2 227743146 2
2 227743742 2
2 227749296 2
2 227757412 2
2 227760621 2
2 227763425 1.3209
2 227767502 0.429143846461921
2 227775726 0.323609283638029
2 227776516 2
2 227777825 2
2 227779087 2
2 227779912 2
2 227789367 1.16257903272846
2 227834769 1.36299602135502
2 227835168 0.0219233927448875
2 227840005 2.76036757291286
2 227843853 1.8631
2 227845308 0.1395
2 227847837 1.3637
2 227865474 0.4353
2 227870314 0.4663
2 227871625 0.579348245626363
2 227874419 1.46726635831725
2 227874845 1.8784
2 227874989 0.6912
2 227880730 0.4199
2 227892617 1.4866
2 227905843 0.0599
2 227905900 2.8736
2 227909053 0.2336
2 227911407 2
2 227914920 0.736800024056591
2 227915694 0.2336
2 227924852 0.7238
2 227939014 0.357626540625212
2 227946322 1.91871614161399
2 227951787 0.6892
2 227986397 2
2 228009493 0.5306
2 228026623 2
2 228032028 2
2 228034890 2
2 228039317 2
2 228039747 2
2 228040793 2
2 228043072 2
2 228047673 2
2 228054507 2
2 228055251 2
2 228063178 1.28863040715443
2 228081751 0.6908
2 228083149 2
2 228090969 0.7076
2 228092208 2
2 228092408 5e-04
2 228112426 0.6523
2 228123895 1.03558765835811
2 228125127 0.413375470617666
2 228129788 0.471830387847508
2 228133026 0.465517022392322
2 228133164 0.822201870393711
2 228134205 1.0789
2 228151083 1.0701
2 228151378 0.122465620120616
2 228159671 2
2 228159781 2
2 228162760 2
2 228162865 2
2 228164899 2
2 228166431 0.7447
2 228167617 2
2 228168472 2
2 228170876 0.8466
2 228175181 2
2 228185342 0.8775
2 228189736 0
2 228197034 2
2 228197562 0.6588
2 228207172 0.6588
2 228211799 2
2 228224283 2
2 228234359 2
2 228234604 2
2 228242233 2
2 228283341 2
2 228284279 2
2 228284893 2
2 228287521 2
2 228294554 0
2 228308588 2
2 228317406 0.998934149272085
2 228341959 2
2 228343933 2
2 228347039 1.78880815043852
2 228348768 0.0995262812792413
2 228350931 2
2 228357681 2
2 228367260 2
2 228377262 2
2 228381001 2
2 228384902 2
2 228399463 0.254777102621719
2 228404517 2
2 228411825 2
2 228421955 2
2 228425535 2
2 228425649 2
2 228426827 2
2 228442555 2
2 228453115 2
2 228465797 0.660655138913303
2 228478186 2
2 228480580 1.48858364427741
2 228483688 2
2 228484959 0.1024
2 228485890 2
2 228488296 2
2 228505119 0.435994656911545
2 228505829 0.332813540083651
2 228585923 0
2 228593177 0.0053
2 228597834 0.71478470952219
2 228604236 0.292313023469311
2 228608570 2.0054
2 228609671 5e-04
2 228654493 0.1874
2 228659564 2.3652
2 228690903 0.2183
2 228702111 0.2183
2 228750723 0.8268
2 228764200 1.9978
2 228773561 0.0161
2 228821587 1.12296559968283
2 228858241 1.1344
2 228877877 0.832
2 228883630 0.832
2 228893187 0.832
2 228901058 0.6136
2 228917015 2.1807
2 229006990 0.9956
2 229013490 2
2 229027357 0.0644
2 229031187 0.1005
2 229041536 0.437
2 229050955 0.0669
2 229053092 0.0181
2 229072430 1.0538
2 229076893 0.5557
2 229094115 0.1906
2 229110527 2
2 229113593 2
2 229120750 0.895827441449161
2 229125405 2
2 229137933 2
2 229143315 0.932871739021388
2 229155629 2
2 229162503 2
2 229167339 2
2 229174325 0.565358455945535
2 229176244 0
2 229178641 1.3514
2 229187495 0.973819364386479
2 229188739 0.0897
2 229193452 2.04265322384022
2 229194879 0.453489895127658
2 229205262 0.4519
2 229206652 0.886970593330131
2 229210555 2.59737839594155
2 229233467 0.228994180347
2 229238655 2
2 229252538 2
2 229258861 0.896070258353669
2 229267442 2
2 229269298 2
2 229274522 0
2 229281778 0.8432
2 229284591 2
2 229289557 2
2 229300857 2
2 229309252 2
2 229313902 2
2 229338697 2
2 229370656 2
2 229376043 2
2 229387483 0.266574258125649
2 229388857 2.1864
2 229396087 2
2 229424563 2
2 229427997 2
2 229443579 0.8464
2 229444273 0.8464
2 229447783 2
2 229455304 0.72
2 229465864 0.3471
2 229480352 0.30902368180387
2 229488226 0.154995845534708
2 229489574 1.20805087105994
2 229491553 0.637409175256123
2 229501347 2.1903
2 229503087 0.965623502101919
2 229515704 0.299152453965185
2 229568333 2
2 229596995 0.2822
2 229598213 0.5755
2 229608194 0.2822
2 229616819 2
2 229626328 0.1213
2 229627911 2
2 229628638 0.0444
2 229629466 2
2 229644062 2
2 229647462 2
2 229653092 2
2 229656049 1.5948
2 229660017 2
2 229674244 1.2694
2 229676184 0.8048
2 229678601 0.0743
2 229682705 0.8295
2 229688012 0.088
2 229691362 0.3433
2 229691931 2
2 229696023 0.0743
2 229705146 1.1277
2 229732201 2
2 229736580 0.799905289481317
2 229758106 2
2 229849309 1.06501859801232
2 229853487 0.140011266362525
2 229855031 0.0519383690340497
2 229928973 0.737
2 229938055 2
2 229941366 2
2 229943241 0.112692588054166
2 229954530 2
2 229979650 0.6199
2 229987941 2
2 229995481 5e-04
2 230005434 0.340226561089602
2 230005814 2
2 230020874 1.71364030406818
2 230052186 0.0444
2 230055222 1.06033860067783
2 230056415 2
2 230060371 2
2 230061518 0.748065281582943
2 230067567 2
2 230086271 4e-04
2 230090769 0.494804381015039
2 230095786 0.9244
2 230097062 0.3909
2 230097162 1.71130925985419
2 230097310 0.9244
2 230098047 0.3909
2 230116920 0.3909
2 230118254 0.3909
2 230129341 0.9244
2 230130731 0.3909
2 230131480 0.9718
2 230146067 0
2 230168572 0.1869
2 230169503 5e-04
2 230171595 1.90180109754415
2 230213196 1.15332101637051
2 230249768 0.0366909375682701
2 230259515 5e-04
2 230266672 0.83
2 230286091 0.1724
2 230308016 1.2757
2 230326229 0.705532243482484
2 230352510 0.34765731073205
2 230357213 0.255195967418842
2 230362606 1.87843648850548
2 230372744 0.721176217737393
2 230376768 1.73998492031687
2 230380222 0.927
2 230380955 0.5046
2 230386847 0.845416299895952
2 230393838 0.6127
2 230394283 0.0365257984523348
2 230397314 0.6127
2 230418007 1.78944641829985
2 230421064 0.260072765190378
2 230436263 0.467057620729102
2 230438693 0.422380179269345
2 230447425 0.429587197976866
2 230453857 1.6126
2 230463141 2
2 230464608 0.4227
2 230466111 2
2 230466991 2
2 230472263 2
2 230480845 1.61014976701641
2 230491992 0.4511
2 230499075 2
2 230513518 2
2 230520232 0.4395
2 230521159 1.70932498889039
2 230524286 2
2 230544399 0.425051881085941
2 230552289 0.829061035373443
2 230556554 2
2 230559732 2.6705
2 230561403 2
2 230562352 0.3526
2 230564399 2
2 230564819 2
2 230568914 2
2 230573095 2
2 230573673 2
2 230574696 2
2 230576152 1.3812
2 230578265 1.0598
2 230583002 0.1782
2 230583024 1.06915769301433
2 230584361 0.732849509023213
2 230587596 0.9018
2 230589149 1.0598
2 230590663 1.0598
2 230609396 5e-04
2 230620633 0.363174038801563
2 230621768 1.36855497779865
2 230622274 2
2 230627299 2
2 230629868 0.5501
2 230677007 1.2383
2 230683299 2
2 230720539 1.0035
2 230758840 2
2 230786705 1.41399251487744
2 230817041 0.9693
2 230838158 2
2 230843989 2
2 230845238 2
2 230847382 2
2 230869699 0.244986686524423
2 230873554 0.4294
2 230876050 0.263103032787375
2 230879305 0.237358392282851
2 230886485 2
2 230896377 1.7293
2 230909374 2
2 230910582 0.5657
2 230949641 2
2 230961356 2
2 230968864 0.207429897297294
2 230975395 2
2 230981940 1.0071
2 230987180 2
2 230999814 2
2 231003214 1.37479887343436
2 231005503 5e-04
2 231009887 0.258270840017647
2 231043263 0.8318
2 231046102 0.9473
2 231048341 0.8318
2 231059025 0.8779
2 231070401 2.1927
2 231132241 2
2 231132618 2
2 231139755 0.8779
2 231144211 2
2 231146726 2
2 231156470 0.394668521723156
2 231157586 0.8779
2 231164854 0.8779
2 231189862 2
2 231201991 0.6708
2 231242650 0.776
2 231248797 0.149529682883993
2 231288482 2
2 231297880 2
2 231320718 2
2 231322443 0.4271
2 231330762 2
2 231332422 2
2 231403929 1.45969166758345
2 231406318 1.78580691879879
2 231406926 0.127212361548127
2 231411771 0.845733281504754
2 231413345 1.24266192663657
2 231417137 0.3198
2 231420349 0.3483
2 231434101 1.0456
2 231443594 1.3703
2 231450459 2
2 231452691 2
2 231456145 2
2 231463970 2
2 231465498 1.3049
2 231468620 0.5914
2 231472908 2
2 231477386 0.3255
2 231484408 2
2 231490473 2
2 231493309 1.75062222364305
2 231501455 2
2 231509841 2
2 231522102 0.932329759721868
2 231523423 0.461574792788534
2 231526613 1.26380427448386
2 231529407 0.0078
2 231529808 0.0618269552588367
2 231540514 2
2 231556405 0.798724030537846
2 231559538 1.28446738401559
2 231561052 0.0699
2 231573053 0.208647692875058
2 231574159 0.170882029291528
2 231585265 0.588
2 231594616 2
2 231603020 0.0579
2 231605011 0.0579
2 231610625 0.2387
2 231614422 0.0263
2 231615902 2
2 231634442 6e-04
2 231639876 1.4272
2 231657134 2
2 231677640 1.4404
2 231677998 0.196636279716305
2 231680734 1.61031797559011
2 231692361 2
2 231735966 2
2 231736321 2
2 231765529 0.705
2 231803115 2
2 231807240 2
2 231816460 2
2 231831475 2
2 231831502 2
2 231834342 0.0078
2 231849821 2
2 231853147 2
2 231866956 0.712767875649428
2 231870055 5e-04
2 231872240 2
2 231873231 2
2 231883072 1.4315
2 231886550 0.295
2 231891396 0.2851
2 231931292 2
2 232021911 2.27900759930956
2 232046872 2
2 232073186 2
2 232085664 2
2 232100421 1.1664
2 232141336 2
2 232155946 2
2 232169046 2
2 232170618 2
2 232203122 2
2 232216873 1.6202
2 232236404 1.3398
2 232246976 2
2 232257702 2
2 232259828 2.9805
2 232264059 2
2 232305721 1.0712
2 232327220 1.0622
2 232337941 1.0255
2 232361510 0.6552
2 232364469 0.145643195360361
2 232366578 0.500087862905813
2 232367601 1.47786512168555
2 232374019 1.04888092626658
2 232396633 2
2 232409765 1.4071
2 232413330 1.3728
2 232415347 1.4215
2 232437143 1.4215
2 232437379 1.3596
2 232439310 1.4071
2 232445304 0.8212
2 232446426 0.769941612102958
2 232447197 2
2 232470559 2
2 232478564 2
2 232505075 0.4495
2 232509856 2
2 232510783 2
2 232513466 2
2 232533258 0.0529
2 232537655 2
2 232539584 2
2 232543573 2
2 232546212 0.8605
2 232546284 0.8878
2 232552842 0.619623794760623
2 232558860 2
2 232559396 2
2 232563437 2
2 232565100 2
2 232570615 2
2 232593121 2
2 232596263 2
2 232613062 2.9027
2 232640812 2.08001280085498
2 232656232 2
2 232663646 0.3454
2 232676199 0.4647
2 232686148 2.2664
2 232695744 1.5926
2 232728245 2
2 232737583 2
2 232743453 0.7294
2 232748286 2
2 232759547 1.5926
2 232769280 2
2 232778988 0.0078
2 232784667 0.7866
2 232789937 0.937074993149745
2 232796816 2
2 232815221 0.7294
2 232833747 2
2 232836321 0
2 232836334 0
2 232846336 2
2 232849976 0.7294
2 232862607 1.4623
2 232864732 0.0662996604551277
2 232886622 2
2 232899972 2
2 232901818 2
2 232909473 2
2 232923640 2
2 232926201 0.7492
2 232927855 2
2 232930724 0.7492
2 232935026 2
2 232943531 2
2 232948879 2
2 232953371 2
2 232953512 2
2 232954049 2
2 232965529 0.596
2 232969521 2
2 232970265 2
2 232973036 2
2 232975000 1.0561
2 232976453 2
2 232976590 2
2 232977211 2
2 232995148 6e-04
2 232995322 0
2 232995423 6e-04
2 232997250 2
2 232997706 2
2 233018423 1.13836899690272
2 233020952 1.5201
2 233025378 2
2 233049859 0.4032
2 233056063 0.479756687430669
2 233080160 1.7479
2 233080430 0.345913876413389
2 233112364 2.6381
2 233119626 0.0518
2 233127039 0.2369
2 233128186 0.2129
2 233135574 2
2 233136865 2
2 233138309 2
2 233140424 2
2 233146889 2
2 233155652 0
2 233159016 0.4083
2 233159422 2
2 233161439 2
2 233163230 0.0655466031927561
2 233166771 2
2 233168019 5e-04
2 233168031 1.12645528904729
2 233168706 2
2 233174869 2
2 233180830 1.99607810585909
2 233181427 2
2 233182512 0.2837
2 233191518 0.490492062455629
2 233210989 1.0852
2 233225128 0.333133390473273
2 233232903 0.3295
2 233236237 2
2 233264269 2
2 233267963 2
2 233272947 2
2 233326182 2
2 233356202 0.403433961036357
2 233375753 1.16204589016464
2 233390180 1.6354
2 233460865 2
2 233513645 0.5944
2 233530567 0.1774
2 233556295 0.0263
2 233566588 2
2 233573604 0.1997
2 233604330 0.7532
2 233609136 0.7532
2 233643646 0.7532
2 233653307 2
2 233653845 0.0564
2 233679201 2
2 233680544 2
2 233681881 2
2 233681970 2
2 233682328 0.7973
2 233683409 2.8216
2 233684170 2
2 233685437 2
2 233685623 2
2 233687101 2
2 233688219 2
2 233719031 2
2 233723275 2
2 233725305 0.6376
2 233728546 2
2 233735799 2
2 233747994 0.3799
2 233764816 2
2 233774813 2
2 233785123 0.696611211515188
2 233790558 2e-04
2 233799275 2
2 233804275 2
2 233808593 0.3282
2 233809023 0.3282
2 233817434 0.6419
2 233819340 0.880180871575385
2 233824218 2.978
2 233825900 1.65360735671811
2 233828399 0.031107664157256
2 233831490 2
2 233846018 2
2 233846320 1.84190140235946
2 233854278 2
2 233857435 0.0131393729024156
2 233860084 2
2 233860975 2
2 233862076 2
2 233875471 2
2 233894529 2
2 233896229 2
2 233905067 2
2 233910224 2
2 233910554 1.4927
2 233914222 1.4927
2 233923040 1.3096
2 233927535 1.3395
2 233927767 5e-04
2 233927966 5e-04
2 233932065 1.3841
2 233934546 2
2 233937757 2
2 233945906 1.3907
2 233948549 2
2 233957632 1.9127
2 233959741 0.2597
2 233961264 2
2 233962699 2
2 233979358 2
2 233991869 2
2 233997075 2
2 234018966 0.3639
2 234023194 0.2569
2 234027785 2
2 234031207 2
2 234032106 2
2 234035384 2
2 234079727 2
2 234082611 0.222335133835946
2 234085548 0.1775
2 234086608 0.1775
2 234092893 2
2 234108341 2
2 234109858 2
2 234167258 2.4049
2 234189016 0.65914663246008
2 234196608 2
2 234223016 0.1915
2 234229818 0.530180611989648
2 234269484 2
2 234282998 0.0087
2 234292574 2.3869476360762
2 234294330 3.08146604127356
2 234303117 0.205780126955783
2 234306106 0.27470391748626
2 234339918 2
2 234340500 0.163960274507123
2 234358326 2
2 234362419 2
2 234380663 2
2 234391286 0.865134904433974
2 234397403 2.08304539179811
2 234398139 0.0597067873259006
2 234399654 0.2703
2 234413354 2
2 234436568 0.4871
2 234437686 0.2115
2 234440827 2
2 234451073 1.34740665291594
2 234455019 0.610041922576359
2 234461016 0.373343408862136
2 234470252 2
2 234474844 2
2 234478307 0.293
2 234494134 3.0007
2 234508030 0
2 234516307 0.0387
2 234539908 0.1521
2 234541450 0.1521
2 234544676 5e-04
2 234546107 1.79418597289084
2 234551418 2
2 234552361 0.535375646780942
2 234559352 0.418396854074292
2 234570525 0.144496285496623
2 234578086 2
2 234590954 2
2 234592478 0.9653
2 234597242 2
2 234598221 2
2 234610040 0.0707
2 234616093 0.0284185893403444
2 234629450 0.491271245403418
2 234630258 1.14346740716659
2 234635768 0.2072
2 234639045 0.2072
2 234644312 0.2023
2 234644636 0.2023
2 234660259 2
2 234662673 2
2 234663852 2
2 234666629 2
2 234666846 2
2 234690374 2
2 234698311 2
2 234726521 4e-04
2 234727261 1.3558
2 234745105 0.488774576004091
2 234750696 1.2557
2 234760375 1.8189
2 234775244 0.709299860088521
2 234776336 1.4615
2 234776567 0.442952559926449
2 234795048 0.0779429027138029
2 234797971 0.1172
2 234804349 1.1519
2 234810217 2
2 234815727 2
2 234817429 0.71212025157584
2 234818317 2
2 234836454 0.0886
2 234867587 0.0639
2 234886451 0.4378
2 234886704 1.6414
2 234899277 0.7181
2 234901970 2
2 234902070 5e-04
2 234902296 2
2 234904112 0.6413
2 234934787 2
2 234937158 2.3714
2 234941395 1.4622
2 234948470 1.77287870455005
2 234950947 2
2 234958741 0.164664989470829
2 234971063 1.2126
2 234982692 1.06789779343107
2 234990715 0.2339
2 235009860 0.5849
2 235015737 0.9695
2 235031472 1.3132
2 235033017 2
2 235038320 1e-04
2 235047356 0.0577060426365834
2 235050130 0.0651631393025253
2 235054242 0.384379199044228
2 235056759 0.510678623702312
2 235072758 1.08846400301152
2 235076344 0.1308
2 235076467 2
2 235082172 0.785265429752558
2 235083212 0.6935
2 235102482 2
2 235121595 1.1616
2 235124579 0.7101
2 235138845 0.319616707294103
2 235150331 0.1696
2 235156388 2
2 235165854 1.51001841425564
2 235169208 1.00003216944498
2 235171569 2
2 235176098 0.295338423160933
2 235180576 0.222176468571581
2 235182256 1.9401
2 235244752 0.651672106853504
2 235250657 0.962695451090011
2 235255566 0.785821966743931
2 235257836 0.2558
2 235283146 0.3059
2 235287754 0.607248715748513
2 235290308 0.3056
2 235291412 0.3056
2 235300343 0.432517906127636
2 235301908 5e-04
2 235302789 1.6934
2 235303804 0.2307
2 235305363 1.58872238007022
2 235356383 2
2 235366496 2
2 235378622 2
2 235389412 2
2 235389467 0.2583
2 235391627 2
2 235395942 2
2 235414112 2
2 235422025 2
2 235422975 2
2 235425839 2
2 235426797 0.227795767255412
2 235433176 0.109539976219862
2 235445700 0.518920057733691
2 235449596 1.00946577400876
2 235450142 0.779226500237681
2 235460834 0.912908946826481
2 235465303 1.3638
2 235476720 0.309526882280047
2 235484059 1.50902225612825
2 235485970 0.1461
2 235517905 1.6392
2 235521986 2
2 235535067 2
2 235546696 2
2 235548416 0.0287
2 235548653 0.0263
2 235562593 1.0295
2 235572003 1.6228
2 235573052 2e-04
2 235575804 0.733131704740699
2 235578433 2
2 235589193 5e-04
2 235592691 0.63854682114018
2 235604990 0.395385613499959
2 235607186 1.32099073711882
2 235607828 1.09323046106063
2 235622037 1.0108
2 235638454 0.5344
2 235654637 0.00639721214908117
2 235668969 2
2 235682184 0.807274735976478
2 235692917 2
2 235702395 0.2917
2 235703954 2
2 235704812 0.4229
2 235706978 0.2917
2 235760409 0.3989
2 235763989 0.912572959648144
2 235764825 1e-04
2 235765002 5e-04
2 235765235 5e-04
2 235767675 0.3989
2 235771999 0.889373660104297
2 235775848 0.3989
2 235785796 0.3989
2 235786022 0.3989
2 235788621 0.3989
2 235789283 0.3989
2 235789568 0.3989
2 235792384 2
2 235810643 0.3792
2 235829219 0.411
2 235833537 0.4217
2 235889543 2
2 235891519 2
2 235920302 0.1917
2 235925171 2
2 235928662 0.205955813719852
2 235928751 2
2 235936298 0.1127
2 235937398 2
2 235937998 2
2 235938987 0.1127
2 235953495 0.3416
2 235954239 0.668977594867728
2 235970206 0.3085
2 235995024 0.2943
2 235995370 0.2463
2 236023917 1.0674
2 236053106 0.1132
2 236105841 2
2 236125417 2
2 236202558 1.0789
2 236212798 2
2 236215566 2
2 236243918 2
2 236269952 2
2 236358432 0.5933
2 236379012 2
2 236440191 2.0558
2 236441961 0.157348164411772
2 236462347 2
2 236479537 0.74278762247409
2 236509750 1.0211
2 236545282 1.02487142810094
2 236556348 0.387793212333982
2 236562691 1.1898030879281
2 236576157 0.272402962454297
2 236618781 0.6453
2 236638035 1.03121473080369
2 236640712 1.66976370643899
2 236646060 0.174285050541919
2 236665257 0.0169
2 236677341 0.738514048452802
2 236685212 2
2 236702320 0.0235
2 236732016 2
2 236741510 1.07264313814138
2 236754472 2
2 236755554 2
2 236769409 1.6838495550088
2 236774362 2
2 236776883 0.302192909051672
2 236778792 0.0211039225746332
2 236802815 0.2063
2 236805328 0.2063
2 236805749 5e-04
2 236807730 0.3207
2 236811702 1.28581131896295
2 236852140 0.47985835785174
2 236868999 2
2 236871481 2
2 236883163 0.6801
2 236883462 0
2 236890392 2
2 236890531 2
2 236891296 2
2 236895566 1.1771
2 236897447 2
2 236900750 0.250570121050512
2 236901205 1.62728150209443
2 236908345 2
2 236909111 2
2 236909795 1.1823
2 236922241 1.1876
2 236929434 1.1823
2 236932664 2
2 236935492 0.356101000579409
2 236941636 0.963557237280484
2 236942847 1.98684514157968
2 236945295 0.608078779230729
2 236950361 1.1667
2 236955424 0.8156
2 236966586 1.1771
2 236979539 2
2 236987904 0.4402
2 236991909 0.4402
2 236998493 0.4402
2 237008337 2
2 237014906 1.5861
2 237015158 2
2 237017276 2
2 237030088 0.318
2 237031226 1.42335186776088
2 237034942 0.3028
2 237034959 0.3028
2 237039722 0.0078
2 237040287 2
2 237075251 0.8291
2 237114935 0.0575357035477885
2 237166021 2.4029
2 237166849 2
2 237172295 0.301548391501767
2 237207336 2
2 237207353 2
2 237213465 0.2382
2 237213755 2
2 237234096 2
2 237235086 2
2 237237545 2
2 237245123 2
2 237266244 2
2 237268890 2
2 237280728 2
2 237335432 2
2 237336320 0.373094556755108
2 237351032 2
2 237352470 0.5288
2 237356888 2
2 237357041 0.5867
2 237409406 0.7386
2 237444255 2
2 237445133 2
2 237462015 2
2 237464704 2
2 237473086 2
2 237474270 2
2 237475653 2
2 237507881 2
2 237517982 2
2 237523976 2
2 237526622 2
2 237528911 2
2 237529987 1.2966
2 237536150 2
2 237536950 2
2 237538361 2
2 237544462 5e-04
2 237545015 6e-04
2 237600630 1.1662
2 237607692 0.5144
2 237607869 0.8147
2 237608320 0.8147
2 237614910 0.180536192438922
2 237616798 0.0078
2 237623418 0.583230409022386
2 237624722 0.0078
2 237633044 1.23707034097028
2 237636617 2
2 237649267 0.872
2 237650474 0.516895364700644
2 237656885 2
2 237657207 0.872
2 237731502 0.8386
2 237732194 1.1364
2 237743952 1.2806
2 237745143 1.7421
2 237761240 1.6564
2 237764659 2
2 237768710 2
2 237769359 2
2 237774127 0.7009
2 237783274 1.4526
2 237783839 0.336072870676584
2 237786720 2
2 237796380 2
2 237835230 0.2776
2 237843388 2
2 237845864 2
2 237847359 2
2 237849251 2
2 237851475 0.623950207879784
2 237890564 2
2 237907946 2
2 237909365 2
2 237910133 0.355138239540756
2 237918186 2
2 237922138 2
2 237926718 0
2 237927553 2
2 237928929 2
2 237942705 2
2 237952801 2
2 237957364 0.0101
2 237965031 2
2 237970150 2
2 237976195 2
2 237995776 2
2 237996150 2
2 238008106 2
2 238029908 2
2 238032687 2
2 238038257 2
2 238041102 0.8163
2 238043765 1.0103
2 238090098 0.325481293604213
2 238104191 1.1997
2 238108499 2
2 238114974 0.0879
2 238118482 2
2 238128632 1.08517880643098
2 238144378 2
2 238146083 0.2468
2 238150463 0.345459180279929
2 238165293 1.09100706418187
2 238171930 0.0951156575973615
2 238172171 1.55627026547644
2 238173525 1.14441988136529
2 238173736 2
2 238174660 1.7773604314198
2 238175185 0.2551
2 238178812 2.56154824294488
2 238183833 0.147396733937184
2 238189365 0.41279038073534
2 238192642 0.330893031749388
2 238192823 0.217119491649425
2 238193949 0.0350178752368257
2 238201873 0.7899
2 238204462 1.7482341790732
2 238205330 0.443640518993901
2 238207987 0.815271086340238
2 238211201 0.243966987759355
2 238229040 1.07893136491236
2 238233447 0.5907
2 238236403 0.5907
2 238270268 1.10512251613566
2 238295979 0.345754934499116
2 238302135 2
2 238302739 2
2 238307046 0.2309
2 238312848 5e-04
2 238317218 1.0779
2 238317252 1.1556
2 238317271 0.933642157088302
2 238341547 2
2 238342082 1.0583
2 238351682 2
2 238388753 0.5722
2 238390980 2
2 238399763 2
2 238426593 0.8875
2 238431071 2
2 238432770 0.8875
2 238436763 2
2 238440687 0.8875
2 238442746 2
2 238443458 1.1688
2 238466195 2
2 238511711 2
2 238523189 2
2 238541453 2
2 238543171 0.677596845688416
2 238568415 5e-04
2 238568445 5e-04
2 238568532 2
2 238568985 2
2 238576049 0.185563315129641
2 238577818 2
2 238578028 1.14751680513672
2 238578087 0.173527297834413
2 238578407 0.597572715788262
2 238579736 0.5582
2 238582537 2
2 238583416 0.5582
2 238586763 0.639615269222268
2 238587655 0.125618405539627
2 238592171 0.12949030813726
2 238593314 1.7396901314145
2 238593384 0.260462944572688
2 238594545 0.47450130342005
2 238602598 0.1806
2 238610369 0.37668084642224
2 238630735 2.7095
2 238640693 2
2 238645179 2
2 238645780 2
2 238657750 0.265632745325767
2 238674273 2
2 238678488 2
2 238680298 0.303616411121914
2 238727781 2
2 238729861 2
2 238730140 0.5029
2 238734186 1.14150879516071
2 238740285 2
2 238745655 2
2 238760539 0.0078
2 238762965 2
2 238765748 0.7599
2 238767327 2
2 238794562 2
2 238801319 0.1211
2 238818853 2
2 238820146 2
2 238830923 2
2 238834305 2
2 238836407 2
2 238840770 2
2 238842886 0.680404791676797
2 238855391 2
2 238858028 2
2 238870432 0
2 238873357 0.218082247706481
2 238877350 2
2 238884646 2
2 238905891 2.20128320015872
2 238907359 1.35189651071682
2 238910401 2.16733851096194
2 238917920 2
2 238927082 1.8453
2 238934440 2
2 238957705 0.6899
2 238963447 0.7276
2 238965063 0.0897
2 238968947 2
2 238969000 0.0867220828861484
2 238973121 2
2 238974590 0.12489729796802
2 238980427 2
2 238987117 2
2 238998848 2
2 239016252 0
2 239016489 0.206723668003868
2 239018210 0.945428413077516
2 239019733 0.544997636347862
2 239019942 0.926222404633981
2 239021484 0.960758537547976
2 239025060 1.24566628916316
2 239031887 0.7336
2 239038326 2.15411418576977
2 239042677 0.4616
2 239068307 1.0433
2 239094481 0.6423
2 239098263 0.6412
2 239100455 0.149734272407247
2 239106768 2
2 239106964 2
2 239110518 2
2 239110623 2
2 239117705 2
2 239123438 2
2 239124717 4e-04
2 239143260 2
2 239165596 2
2 239165948 2
2 239174403 2
2 239179190 2
2 239189781 2
2 239195145 0.3847
2 239205328 2
2 239205720 2
2 239208060 2
2 239218124 2
2 239221168 0.264
2 239233535 2
2 239294205 2
2 239320263 1.8647
2 239332851 1.26968379596607
2 239338320 2.6444
2 239368309 0.7467
2 239376007 0.0716221181141381
2 239396183 0.788659332507595
2 239403447 0.177766319353044
2 239405771 0.0192646708825555
2 239412166 0.160194360968347
2 239427462 2
2 239427983 1.04209759900649
2 239439308 2
2 239462053 1.2172
2 239465696 2
2 239475402 0.3215
2 239481955 2
2 239499013 2
2 239509091 0.6962
2 239512979 0.7151
2 239518414 0.777919755317132
2 239536295 2
2 239539116 1.11589761556142
2 239541850 2
2 239546337 2
2 239548198 1.0213
2 239574461 2.8216
2 239580340 1.85826183729004
2 239580423 2
2 239584399 2
2 239590990 2.6908
2 239590992 2.6908
2 239617080 2
2 239622307 0.0681
2 239630870 0.1432
2 239639253 2
2 239652369 2
2 239694742 0.1786
2 239701940 0.91
2 239704749 1.0814
2 239707137 2
2 239708583 0.7092
2 239710934 0.948691685607921
2 239717740 0.794087947811539
2 239722425 0.884039074048308
2 239739889 2
2 239741119 1.02945012566908
2 239764531 1.61623417226529
2 239766500 0.308560125239486
2 239766644 0.0719680837192574
2 239768641 0.526009469718934
2 239773739 1.11555284653189
2 239774844 0.895781626776638
2 239787425 2
2 239787802 0.697
2 239788590 1.0943
2 239790672 2
2 239807930 2
2 239808367 2
2 239808580 0.583744592799362
2 239815553 1.0471
2 239849991 2
2 239852519 0.45625853785422
2 239865776 0.8817
2 239871607 0.1525
2 239872040 0.179084577714926
2 239875235 1.55505918679592
2 239878629 2
2 239880819 2
2 239888259 2
2 239896127 2
2 239896342 2
2 239898063 2.788
2 239899021 5e-04
2 239899048 1e-04
2 239900277 1.1265
2 239902764 2
2 239902798 2
2 239909916 2
2 239910730 0.103175873639781
2 239913353 2.41498643648675
2 239914027 0.682998914370003
2 239915963 0.927964065719571
2 239919199 0.695017701925627
2 239919520 2.08787685058275
2 239924432 1.49394795259412
2 239932453 0.2745
2 239933048 0.653464316174972
2 239934642 0.843787982951215
2 239937664 0.542329804398027
2 239938929 0.141892577924592
2 239939856 0.296543496307818
2 239950926 1.3303071568167
2 239952209 2
2 239954010 2
2 239955822 0.308625474185052
2 239966871 0.1013
2 239983405 0.611035309778872
2 239984260 2
2 239990372 1.83353763507196
2 240002369 2.58768617732476
2 240002696 1.43423852867885
2 240003419 1.94889457156367
2 240008647 0.863844177459948
2 240024976 0.575890492679678
2 240025297 1.06805877691594
2 240041762 1.89522474106848
2 240042098 0.2259
2 240046094 0.260107699206714
2 240056842 0.9731
2 240077286 1.24716985546758
2 240079292 1.11085376951121
2 240079293 0.730692146725846
2 240079824 0.539991799159244
2 240080777 1.31157383276497
2 240080864 0.9731
2 240089050 0.275167429876514
2 240110025 0.396767111227249
2 240111172 0.0369
2 240111891 0.295844449253964
2 240113923 0.148037983875294
2 240130823 0.618638472712463
2 240141813 0.396739521496823
2 240147324 1.5635
2 240151076 1.0103
2 240155399 1.0296
2 240156405 1.0296
2 240157971 5e-04
2 240158853 0.2202
2 240164141 2
2 240169430 2.12412821713279
2 240181297 0.481
2 240184267 2
2 240185568 0.661958136062994
2 240185579 0.634229657940912
2 240185974 2
2 240185978 2
2 240216215 0.3019
2 240216650 1e-04
2 240218989 0.1758
2 240233166 0.0201838677245157
2 240237625 2.2652
2 240245393 1.8474
2 240252763 2
2 240259941 1.25833595604894
2 240271415 1.05835628601065
2 240286628 2
2 240296127 1.6566
2 240297366 0.0524
2 240303779 0.1081
2 240307188 1.3294
2 240312784 0.0524
2 240314359 0
2 240315226 3.18575597668756
2 240335856 1.4871
2 240336571 0.133594468776277
2 240336759 1.20814865520131
2 240349870 0.181477155231544
2 240374008 1.56291347915426
2 240391899 1.20322317361594
2 240404710 0.2249
2 240411369 0.6742
2 240427666 0.2106
2 240442929 0.3644
2 240444129 0.0217
2 240447463 2
2 240453622 2
2 240457552 0.0593171638715633
2 240474928 2
2 240492003 2.1546
2 240498161 0.2232
2 240503174 2
2 240507909 2
2 240511700 2
2 240519192 0.2482
2 240525498 0.3633
2 240526615 0.3633
2 240527519 5e-04
2 240572941 1.1214
2 240576396 0.413668335762779
2 240581910 0.555064547266062
2 240601238 0.718274617884173
2 240625782 1e-04
2 240635505 2
2 240638569 2
2 240651640 0.5633
2 240657733 0.725884164677727
2 240659727 0.1323
2 240660328 0.41281947323457
2 240669036 0.661770014510098
2 240675246 0.821277535568307
2 240699655 0.1985
2 240706961 2.4547
2 240719951 0.1611
2 240753542 0.688270360554283
2 240756197 0.00204754539824641
2 240770666 0.0543254962354663
2 240771374 1.3783
2 240783525 2
2 240802560 0.289582048121226
2 240803528 1.4351
2 240805296 2.34363542539701
2 240807118 0.234684264772531
2 240812105 1.4183
2 240833475 1.1043
2 240835387 0.5972
2 240842140 1.09731540860463
2 240843398 5e-04
2 240844180 1.1516
2 240864661 1.1516
2 240867975 1.1566
2 240872763 1.1516
2 240879959 0.95915856173138
2 240884837 1.1771
2 240890812 0.812902568533242
2 240896015 1.12559270583876
2 240902909 0.678591888433653
2 240910530 0.613757561270868
2 240913189 0.0854014811351789
2 240923469 2.0503
2 240927719 0.500097226533026
2 240931448 2
2 240959103 1.27126336213506
2 240961817 0.871714403397601
2 240967254 0.190509649799745
2 240975709 0.649478903539459
2 240987089 0.955442458711275
2 240987588 0.315726855697564
2 240988183 2
2 241020987 2.1267383126068
2 241021661 0.205018156870877
2 241023157 1.02193198113889
2 241052533 0.3016
2 241067341 2
2 241088110 1.0111
2 241103398 2
2 241115849 8e-04
2 241126899 2
2 241132367 0.718580765677216
2 241134785 2.5361
2 241145593 2
2 241146514 2
2 241159613 2
2 241171917 1.2989
2 241185208 2
2 241208932 1.4989
2 241208989 2
2 241209658 0.589132059717731
2 241220560 0.8136
2 241255979 2
2 241278583 8e-04
2 241293036 8e-04
2 241299484 0.8136
2 241313429 0.2662
2 241320199 2
2 241325075 0.0078
2 241332973 2
2 241338945 5e-04
2 241339132 0.7237
2 241339144 2
2 241345409 2
2 241350428 0.9376
2 241370759 0.7237
2 241383225 0.7237
2 241383265 2
2 241400241 2
2 241401259 0.7237
2 241417642 2
2 241424704 2
2 241439490 1.2871
2 241440336 2
2 241442777 2
2 241460103 0.7897
2 241461182 2
2 241461330 2
2 241464506 2
2 241495627 0.219958584470221
2 241510528 1.0974
2 241517068 0.879435951401902
2 241536558 0.6474
2 241539124 0.3741
2 241541529 0.0078
2 241546197 0.5783
2 241546605 2
2 241547106 2
2 241549994 0.5783
2 241565574 2
2 241595990 2
2 241598291 2
2 241624577 0.6651
2 241629385 2
2 241636401 2
2 241640779 2
2 241643738 1.0173
2 241659659 2
2 241669743 0.7378
2 241669908 0.633130488997096
2 241672132 0.8076
2 241673457 0.7378
2 241673583 2
2 241678780 0.7378
2 241680160 2
2 241680928 0.7378
2 241681403 0.779733933856585
2 241687007 1.2177
2 241700273 1.1688
2 241702862 1.1237
2 241704402 1.1237
2 241705693 1.1237
2 241724277 1.05296367688455
2 241734689 2
2 241742940 0.0897
2 241749257 0.747728375212975
2 241752267 1.4799
2 241753443 0.692352540066364
2 241765348 1.0155316913771
2 241768223 1.021
2 241786337 0.8307
2 241796806 0.4433
2 241797991 1.4706
2 241801122 2
2 241805291 2e-04
2 241807935 5e-04
2 241808893 0.5141
2 241810882 5e-04
2 241812206 2.2744
2 241815375 1e-04
2 241821357 2
2 241823338 2.57199498311493
2 241823342 2
2 241828838 0.5557
2 241837068 0.6248
2 241839248 5e-04
2 241842504 2
2 241842940 0.7027
2 241844204 2
2 241845935 0.6497
2 241851407 2
2 241853160 2
2 241861182 2
2 241879556 2
2 241896485 0.9248
2 241923244 1.18471201197337
2 241928254 0.0218
2 241942764 2
2 241943461 1.104
2 241945865 0.3238
2 241970003 5e-04
2 241977624 0.0078
2 241981644 2
2 241983679 1.07821108996388
2 241988627 0.0499
2 241989668 0.0772944778198397
2 241989670 1e-04
2 241989771 0.192384068253023
2 241990401 0.0455
2 241993123 1.66787883765363
2 241995658 0.2498
2 242003158 0.029
2 242027133 0.825827809539534
2 242033712 1.11134244579055
2 242100542 0.0136
