chr pos logPval
12 83677 0.4596
12 90328 0.4563
12 103599 0
12 103637 0.0263
12 103802 5e-04
12 106783 2
12 109413 2
12 109618 1.18596417248937
12 109687 2
12 124096 2
12 125856 0.0053
12 128355 0.1097
12 142238 0.0263
12 148345 0.976301089702076
12 151232 0.0401
12 154302 0.1558
12 158723 0.735927621267312
12 171595 0.384003029063522
12 173716 1.3828
12 178106 2
12 181325 2
12 187383 0.0137602069802103
12 200258 1.11797618247425
12 201405 0.395
12 203034 0.4164
12 204273 0.161
12 223196 1.0084
12 255287 2
12 264755 0.1665
12 268922 2
12 279491 0.481229903346118
12 298338 1.07682889191892
12 302208 2.1933
12 361262 0.183548894150117
12 363795 0.502897023315704
12 367418 0.187495482342659
12 380039 1.56546628286301
12 395631 0.444685096614277
12 399612 2.9793
12 410627 1.50076901290101
12 430818 2
12 440102 0.2889
12 460782 2
12 460968 2
12 474904 2
12 488690 2
12 501538 2
12 502428 2
12 502998 0.9052
12 511693 5e-04
12 513095 1.216
12 515493 0.182581356112807
12 536745 0.7558
12 539552 2
12 543476 2
12 543786 3.27340161685105
12 544818 2
12 545708 2
12 556072 2
12 560575 2.118
12 562012 0.11087903546747
12 566275 2
12 570814 2
12 575485 0.6012
12 579893 2
12 580194 2
12 581307 0.311040888449624
12 583482 2
12 584528 2
12 588022 2
12 590969 2
12 591509 0.769
12 598928 2
12 599278 0.8096
12 602645 2
12 606202 0.0946
12 609415 2
12 609596 2
12 611267 4e-04
12 613946 0.9093
12 614736 0.49074748111828
12 624537 2
12 625121 0.0673778709449237
12 627693 2
12 627929 1.0469
12 637042 0.1931
12 649000 2
12 658735 2
12 661375 2
12 662624 2
12 664290 2
12 666762 2
12 677739 1.03705323545661
12 692094 0.62471443639132
12 710059 2
12 712746 2
12 713498 1.0941
12 731570 0.0634502367352195
12 750285 2
12 759009 0.3515
12 770970 1.6039
12 786469 2
12 795663 2
12 798635 2
12 800153 2
12 809323 2
12 817833 2
12 841915 0.2417
12 852170 0.1007
12 856197 0.9792
12 856958 0.1947
12 866890 2
12 892653 0.7537
12 919665 1.1489
12 929158 0.7537
12 930370 0.6516
12 932820 0.137676892230547
12 934002 2
12 934668 2
12 935722 0.947
12 935806 0.763
12 943227 0.763
12 947329 0.0078
12 958514 2
12 973320 0.0505
12 976739 0.0807
12 992098 2
12 996234 1.6044
12 1006204 0
12 1028866 0
12 1037812 2
12 1051470 0.0505781006250269
12 1061935 2
12 1068018 0.100410641101044
12 1091984 0.812165104109412
12 1092380 2
12 1093285 0.022
12 1093435 1.37417041553064
12 1114957 2
12 1115814 2
12 1121665 0.095
12 1122629 4e-04
12 1122754 1.8289
12 1134282 2
12 1135027 2
12 1166076 2
12 1208354 2
12 1209350 2
12 1211161 2
12 1213523 2
12 1231145 2
12 1237360 2
12 1240424 2
12 1271716 0.468196598145256
12 1282241 0.314712867034427
12 1296506 0.0815
12 1298557 0.5324
12 1298565 1.4019
12 1304202 2.1329
12 1304942 0.603209706456085
12 1307047 2.1093
12 1309961 0.0641073022256898
12 1313601 2
12 1316612 2
12 1317352 2.1093
12 1329154 2
12 1330990 1.41957547129259
12 1331662 0.96931159780291
12 1332981 1.41
12 1335784 2
12 1350579 0.398428393615873
12 1356199 0.0078
12 1361434 1.9312
12 1370327 2
12 1375043 0.634698380390302
12 1376436 1.47596082445761
12 1377588 0.237508101380526
12 1382211 0.878604600234181
12 1391816 2
12 1394175 1.67940008615204
12 1394828 0.472952309767463
12 1396052 0.510273423431056
12 1398682 0.806920711719593
12 1399082 2.1093
12 1453275 2
12 1483937 0.134972455574977
12 1495324 0.2446
12 1497788 0.5017
12 1504276 0.4477
12 1507730 0.836149766603188
12 1508872 0.126320366946544
12 1518823 1.42473879726041
12 1522035 0.374871732661948
12 1522745 0.5032
12 1529702 1.283625833071
12 1544805 2
12 1556404 1.175
12 1557383 0.6192
12 1620538 2
12 1620884 2
12 1620936 0.455334676831148
12 1623345 2
12 1639487 1.40621371529223
12 1677146 0.4547
12 1694068 0.6452
12 1695030 0.0594
12 1710393 0.6775
12 1724622 0.2521
12 1736297 1.0631
12 1742048 0.6775
12 1744253 1.1797
12 1773307 1.1342
12 1774523 0.4779
12 1776140 0.5149
12 1781877 0.5149
12 1782206 0.49
12 1787714 0.3428
12 1793188 2
12 1800813 0.1605
12 1802222 1.0529
12 1818579 0.621577772759271
12 1822513 2
12 1830086 0.503586988605981
12 1847145 0.0468
12 1857123 0.1431
12 1866626 0.0635
12 1879519 0.2767
12 1894900 0.0866
12 1903647 0.0866
12 1911149 1.0609
12 1917642 0.3158
12 1922947 0.1615
12 1927075 1.1243
12 1929027 2
12 1930575 2
12 1948376 2
12 1958371 2
12 1969545 0.8887
12 1992234 2
12 1996189 1.7766
12 1996633 0.796510438526896
12 2005611 0.366951754133731
12 2019585 0.8302
12 2022710 2
12 2022997 2
12 2029767 1.2116
12 2031160 2
12 2041476 2
12 2059825 2
12 2071166 5e-04
12 2079133 2
12 2100521 0.5802
12 2165789 1.9453
12 2168734 2.2653
12 2176694 2
12 2189558 0.844830221654198
12 2192023 0.705345092082154
12 2203116 0.879005199603283
12 2208478 0.192125707780753
12 2230084 0.1827
12 2232253 5e-04
12 2241235 2
12 2256738 0.1427
12 2311078 0.4468
12 2333980 4e-04
12 2356198 0.0198326612163704
12 2391595 1.3923
12 2404143 1.51280899578687
12 2444065 0.5111
12 2452087 2
12 2454491 0.1695
12 2481538 2
12 2488924 2
12 2495842 1.2923
12 2525645 0.7049
12 2536236 0.7526
12 2538305 0.7526
12 2558788 0.0854
12 2567517 1.89642991396978
12 2581464 2
12 2606283 0.9097
12 2640747 0.0461
12 2651342 2
12 2656694 2
12 2660499 2
12 2665502 2
12 2701752 1.6714
12 2719819 2
12 2720075 2
12 2720663 2.27575780855366
12 2720737 1.0254722748674
12 2720807 2
12 2720821 2
12 2721085 2
12 2722131 2
12 2723789 1.7348
12 2742437 1.54479411472428
12 2743477 2
12 2743574 0.523930980070646
12 2748204 0.00648647995544335
12 2749017 1.8361045586591
12 2753377 1.47395623194684
12 2754331 0.1152
12 2759515 0
12 2761630 0.1152
12 2765795 0.354928017980899
12 2766350 1.03141346365098
12 2771620 2
12 2811335 0
12 2814095 1.0247
12 2814568 1.0247
12 2845257 1.0247
12 2847280 1.0247
12 2852661 0.9878
12 2878114 0.422260778270641
12 2880836 1.67788926457951
12 2892082 2
12 2893115 2
12 2901621 2
12 2901832 2
12 2903389 2
12 2922192 2
12 2967364 2
12 2968053 0.0053
12 2969906 2
12 2976922 2
12 2980930 2
12 2982136 2
12 2993280 2
12 2996802 1.26176059443694
12 2999955 2
12 3024863 1.09454241655066
12 3025663 1.05982841951041
12 3026626 0
12 3028140 0.161805393681685
12 3029485 0.0687773076827328
12 3030252 0.0020338804925258
12 3033780 2
12 3033833 0
12 3036882 1.88301035667707
12 3038853 0.599287019149761
12 3044302 0.812989267125908
12 3047904 0.775213279476928
12 3058417 0.502965474288961
12 3058695 5e-04
12 3064680 0.392530397777338
12 3065143 1.9787
12 3069017 0.1374
12 3073861 2
12 3078496 2
12 3083775 2
12 3084445 2
12 3089299 2
12 3091216 0.7335
12 3096017 1.188
12 3112549 0.0263
12 3113548 1.22590922974868
12 3115820 0.6424
12 3120867 1.43778890998479
12 3122058 1.25295529253813
12 3125727 0.894155282935501
12 3127360 0.0263
12 3130036 2.49966739543953
12 3131254 0.423056515082118
12 3133472 0.590065197629366
12 3135414 0.925285738832245
12 3138846 0.597878722003776
12 3139891 0.294378400506403
12 3146161 2
12 3175314 0
12 3189279 0.0846218911768774
12 3190257 0
12 3218285 0.5788
12 3218382 1.39156415614461
12 3219700 1.16645056363147
12 3220145 5e-04
12 3223032 0.19839621775885
12 3226672 0
12 3231473 1.35809226590763
12 3231645 0.741926848482993
12 3235987 0.872716939036005
12 3247222 0.0099
12 3247298 0.550549635890628
12 3248640 2
12 3259032 2
12 3275820 0.956155050305684
12 3277516 2
12 3280139 1.00962697113202
12 3280755 0.0559999869578596
12 3282952 0.213103796483078
12 3304972 1.0561
12 3313430 2
12 3337985 0.165972981732599
12 3344816 2
12 3368749 2
12 3378543 2
12 3397933 0.741
12 3425972 0.0053
12 3439784 0.0505
12 3439837 0.0505
12 3507646 1.0982
12 3509519 1.4622
12 3517560 1.0982
12 3538926 0.0804
12 3543592 2
12 3581388 1.41834998764127
12 3600640 0.9558
12 3601859 1.0086
12 3613094 2
12 3630414 0.883269853955138
12 3640708 0.899778056162211
12 3642224 0.2047
12 3643764 2
12 3650590 0.9243
12 3652632 0.9243
12 3680783 0.9752
12 3693161 1.30480329432138
12 3736357 0.7908
12 3739809 0.7908
12 3741168 0.7908
12 3755316 0.548702700995049
12 3757299 0.581075247987418
12 3757864 0.864554122053782
12 3759143 1.17386265552479
12 3759389 0.0347
12 3759966 0.617947719629956
12 3776181 0.703655628733833
12 3778135 0.0461
12 3784660 1.9576
12 3801026 0.306191713040268
12 3815201 1.1667
12 3829200 1.5559
12 3832173 0.6883
12 3837753 0.697
12 3840744 2
12 3841083 1.5652
12 3872115 0.835172060981674
12 3875171 1.5746
12 3884872 0.5026
12 3907693 0.0181956320302683
12 3910496 0.0704
12 3926285 0.188670142857593
12 3931687 0.0078
12 3968919 2
12 3972466 2
12 3976783 1.38829073802512
12 3979270 1.095357012318
12 3982527 2
12 3982943 2
12 3983813 0.45419636842624
12 3984250 2
12 4013980 0.1323
12 4017216 2
12 4019456 1.0601
12 4024429 0.4137
12 4030513 2
12 4030734 2
12 4040825 1.0013
12 4049788 2
12 4125190 0
12 4149102 0.1891
12 4149636 0.2304
12 4154295 0.0447
12 4191643 0.6046
12 4206027 0.0184437150907582
12 4222041 2
12 4222244 0.9435
12 4222843 2
12 4226777 2
12 4227436 2
12 4261201 2
12 4272597 0
12 4281206 0.4979
12 4291642 0.333622608596125
12 4293522 0.1713
12 4296223 0.813421920651857
12 4342280 2
12 4343311 0.780749451566444
12 4347512 2
12 4349866 2
12 4377620 2
12 4385788 2
12 4393686 0
12 4414290 0.3401
12 4417341 0.3401
12 4421182 0.0447
12 4426753 0
12 4426930 0.7408
12 4428492 0.169
12 4435721 0.169
12 4444166 2
12 4444217 2
12 4444352 0.0505
12 4444578 2
12 4444581 2
12 4448431 0.665
12 4455026 0.4259
12 4461163 2.1828
12 4461439 0.6535
12 4468302 2
12 4513716 2
12 4528998 1.2889
12 4533358 5e-04
12 4563228 0.4238
12 4579847 2
12 4594709 2
12 4604842 2
12 4604869 2
12 4610509 2
12 4616902 2
12 4624912 5e-04
12 4628152 0.0181
12 4631349 2
12 4632270 2
12 4633281 2
12 4633729 2
12 4636893 2
12 4650827 2
12 4661127 2
12 4669921 0.1207
12 4672282 0.0214
12 4680243 2
12 4705640 2
12 4707724 2
12 4713364 0.2539
12 4714192 0.2539
12 4718087 2
12 4724024 2
12 4727291 0.0078
12 4756575 0.7282
12 4771878 1.8715
12 4813125 2
12 4831860 2
12 4833787 2
12 4834620 1.5747
12 4835106 1.03
12 4838419 1.1111
12 4839579 0.915713447922507
12 4842131 1.81126577627201
12 4844750 1.23712795934134
12 4848253 0.245892210766411
12 4851653 1.9511
12 4856543 0.1655
12 4857458 0.572943511325865
12 4861743 0.6808
12 4864077 0.0326
12 4885805 2
12 4886205 2
12 4897542 0.9549
12 4968070 0.3441
12 4968508 0.3441
12 4969622 0.673707217720808
12 4972509 0.6969
12 4983072 0.31
12 4992298 2
12 5002369 2
12 5006613 2
12 5007115 0.1155
12 5020935 0
12 5021381 2
12 5028848 0.9739
12 5029142 2
12 5056588 1.4255589641404
12 5057765 1.46613597856337
12 5059683 2
12 5074754 1.3313
12 5090901 0.0606
12 5095077 0.0606
12 5098407 2
12 5106324 0.1977
12 5109418 0.1775
12 5112502 2
12 5113703 1.45769954342035
12 5122170 0.13301789613995
12 5128623 0.1332
12 5131177 2
12 5150959 0.834241607134619
12 5180004 2
12 5190353 0.0409
12 5200603 0.0317
12 5206079 2
12 5211314 0.939508989014556
12 5215598 0.0321
12 5251834 0.1881
12 5256389 2
12 5265862 2
12 5284388 0.0628
12 5342965 0.0684
12 5358246 5e-04
12 5383669 2
12 5400559 0.894823454632417
12 5403801 2
12 5411947 1.3481
12 5412371 2
12 5429343 2
12 5440550 2.085
12 5445954 1.4515
12 5453996 1.1622
12 5467059 2
12 5470465 0.4418
12 5486269 0.647893787234505
12 5486581 0.234929436282201
12 5505117 1.40471904213377
12 5519752 0.8353
12 5523395 0.0108
12 5527246 0.239731901473236
12 5529724 2
12 5531291 0.5511
12 5533389 2
12 5536095 2
12 5536239 2
12 5539596 2
12 5567811 0.105383426227773
12 5569805 2.9793
12 5574548 1.15447203465817
12 5593446 0.2409
12 5593713 0.2409
12 5614769 0.6773
12 5615839 0.6512
12 5616489 0.6512
12 5628667 0.143513306963932
12 5638764 1.09034600722439
12 5641080 1.4641
12 5648165 0.8697
12 5655618 0.6444
12 5656105 0.2123
12 5658100 0.225
12 5660219 0.6266
12 5665155 0.225
12 5665748 2
12 5666498 2
12 5669156 2
12 5677975 2
12 5678603 2
12 5679416 2
12 5680953 2
12 5684152 2
12 5688471 5e-04
12 5692771 2
12 5713713 2
12 5727252 2
12 5732567 2
12 5737636 2
12 5739787 2
12 5742070 0
12 5797675 0.4886527918632
12 5812498 0.0263
12 5812702 0.293
12 5813063 0.683669267295917
12 5813064 1.50326382292726
12 5818225 0.054
12 5828792 2
12 5838711 2
12 5859263 2
12 5865938 0.184312963458468
12 5866293 2
12 5874731 1.2911998492686
12 5900605 2
12 5918405 1.99981401048474
12 5919270 0.8495
12 5923215 0.0078
12 5940760 1.93278062414068
12 5941878 0.385193720299297
12 5955248 2
12 5962770 0.0658
12 5975025 0.522071990501184
12 5975547 0.943005974494316
12 5980854 2.2
12 5984899 0.272760429437363
12 5986591 0.069
12 5986642 0.069
12 5988662 1.035
12 5989691 0.679162396299564
12 5991411 0.171794417063628
12 5993367 2
12 5993664 0.58954333079177
12 5999503 2
12 6025783 2
12 6027414 0.05
12 6029034 2
12 6030826 2
12 6035159 2
12 6039160 1.0556
12 6044584 0.0497
12 6045303 0.374
12 6057331 5e-04
12 6060032 0.0052
12 6066859 0.601835004800886
12 6076950 0.525627128157531
12 6087419 1.1374
12 6100710 2
12 6119258 0.270746094764552
12 6119723 0.374737354554389
12 6133997 0.587970428154635
12 6134450 0.591344952566997
12 6134703 2.08686677349527
12 6143020 0.0501353413165532
12 6151417 0.680448929715311
12 6151560 2
12 6163683 1.36124099065207
12 6164072 0.567538818419976
12 6165982 1.98922244252034
12 6171379 0.5883
12 6176508 0.0811
12 6176945 0.979123154881322
12 6186448 0.377477198289262
12 6188433 0.430412212300455
12 6258063 1.3678
12 6259739 1.3545
12 6305454 0.0263
12 6306257 0.1271
12 6306530 0.1271
12 6307594 0.1477
12 6316639 0.569
12 6321579 0.5601
12 6336816 2
12 6341779 2
12 6353790 2.5977
12 6362902 0.0078
12 6362912 5e-04
12 6400927 0.5438
12 6402491 0.479
12 6403472 0
12 6429351 5e-04
12 6429434 1.2431
12 6429460 0.0052
12 6440925 0.5149
12 6451307 2
12 6463421 0.3719
12 6474221 2
12 6481807 0.0386
12 6487334 0.8937
12 6491053 2
12 6491607 2
12 6491752 2
12 6493479 2
12 6493530 2
12 6497649 2.00945522308667
12 6498774 0.8937
12 6507057 1.41229702213337
12 6515640 2
12 6521480 5e-04
12 6529184 2
12 6532058 0.0263
12 6579807 0.0383650338066291
12 6585489 1.086
12 6597315 0.9767
12 6604284 0.9767
12 6607710 5e-04
12 6624723 0.1071
12 6647074 0.449093174283516
12 6649237 0.328758347630441
12 6700730 0.6188
12 6713147 0.4542
12 6717040 2.5464
12 6718064 1.4946
12 6718184 1.4946
12 6731205 0.478158350465804
12 6745204 0.8893
12 6766546 0.293
12 6791911 2
12 6793693 2
12 6796015 0.8034
12 6798123 2
12 6817819 2
12 6818970 1.62976085556414
12 6822524 2
12 6824621 0.1789
12 6832899 0.7448
12 6833508 2
12 6835682 2
12 6838636 2
12 6888644 2
12 6896055 0.4348
12 6909011 0.561059365053126
12 6909329 0.2567
12 6921022 0.3373
12 7056109 1.1763
12 7070715 2
12 7073858 2
12 7090972 1.78275523975727
12 7100935 1.79270881212256
12 7101149 2.9546
12 7110201 1.19455936242089
12 7119201 1.79858228655053
12 7135290 0.1137
12 7135318 0.1137
12 7156875 0.1844
12 7165590 0.9403
12 7170676 0.912
12 7188747 1.3284
12 7196249 1e-04
12 7196512 0
12 7197684 0.9403
12 7212102 2
12 7213985 2
12 7214019 2
12 7216095 2
12 7218016 2
12 7234473 0.682377396982445
12 7234533 1.1281659951208
12 7243206 0.903819484011693
12 7245318 0.44448147199932
12 7246477 1.89296848633922
12 7247152 1.3719
12 7249994 1.82489460031729
12 7255963 1.45440597971805
12 7261414 0.71161327729629
12 7286873 1.13552213434738
12 7292901 1.6016
12 7296886 2
12 7324967 0
12 7338343 0.00415413860300117
12 7343867 1.6624
12 7347747 1.6624
12 7352778 1.6624
12 7358908 0.0685769329096751
12 7360687 2
12 7382079 2
12 7416428 1.5994
12 7421355 0
12 7421490 7e-04
12 7437136 0.400504846924583
12 7451920 1.8038
12 7478629 1.7489
12 7509435 2
12 7511601 2
12 7514137 0.589
12 7514138 0
12 7529885 2
12 7537297 1.224
12 7550025 2
12 7552832 8e-04
12 7553868 2
12 7554574 1.2778
12 7557116 0.0276
12 7561792 0
12 7590025 1.8563
12 7590039 0.2931
12 7592627 2
12 7613640 1.4828
12 7628149 5e-04
12 7641368 0.335148113938324
12 7659351 0.4273
12 7660891 2
12 7663015 2
12 7663870 2
12 7664806 0.3734
12 7667955 2
12 7669295 0.0162
12 7672651 2
12 7680426 0.7487
12 7683051 1.03920824915326
12 7692024 0.623006346536972
12 7700336 1.1256
12 7710488 0.9423
12 7714064 1.27009033148804
12 7714145 2
12 7714275 1.70471925772066
12 7714662 0.0712
12 7720293 0.188052043164562
12 7721481 0.6477
12 7723194 0.0078
12 7726390 2.37802219123203
12 7728174 0.36215691007277
12 7728238 2.07737968367341
12 7737953 0.6955
12 7738180 0.6955
12 7741217 0.6955
12 7742180 0.0263
12 7742462 0.6955
12 7750821 2
12 7750971 0.639533811384044
12 7752939 0
12 7753865 0.75639333049614
12 7757382 1.38088779924608
12 7763419 1.1211
12 7763452 2.44301096424734
12 7763569 1.00221744587239
12 7781349 0.338704444725954
12 7790495 0.3794
12 7792621 2
12 7796723 2
12 7797114 2
12 7798260 0.264141738114456
12 7798730 0.783975578472134
12 7799759 2
12 7800539 1.17247300506063
12 7801057 2
12 7807540 2
12 7810391 0.3794
12 7815882 2
12 7816092 1.3313
12 7816939 2
12 7826862 2.41376758913497
12 7826880 2
12 7826965 2
12 7833637 0
12 7839844 2
12 7841396 2
12 7843904 1.4136945991715
12 7849151 2
12 7855702 0.0244
12 7856516 0.0199
12 7859871 0.6303
12 7860389 1.0285
12 7862504 1.0285
12 7863823 0.0244
12 7871988 2
12 7874784 1e-04
12 7874810 0.2999
12 7882294 0.0969
12 7882561 2
12 7882590 2
12 7888627 0.191045110516103
12 7890512 0.786
12 7891973 2
12 7896596 1.75069528341348
12 7901887 0.7756
12 7904667 0.786
12 7907084 0
12 7911841 0.8073
12 7918044 1.2478
12 7926219 0.351952491259804
12 7939875 2
12 7949450 2
12 7953906 0.8699
12 7957060 2
12 7957658 5e-04
12 7957683 2e-04
12 7957693 5e-04
12 7962396 0.5256
12 7970710 2
12 7978159 0.840445870501991
12 7978729 0.9469
12 7981159 1.27859856211444
12 7987760 2
12 7989056 2
12 8016499 0.0326
12 8019487 2
12 8020450 2
12 8041294 0.131
12 8092643 2
12 8104428 2
12 8124960 2
12 8128259 5e-04
12 8135430 0.0633
12 8136340 0.0633
12 8137973 0.0753
12 8138526 2
12 8151267 0.477425521302124
12 8151382 0.642067037728479
12 8155429 1.13418759988287
12 8157379 0.0217
12 8161667 2
12 8166955 2
12 8172017 2
12 8172067 2
12 8175080 2
12 8185349 0.843661599616297
12 8185367 2
12 8194762 2
12 8202057 2
12 8205954 2
12 8220965 0.7061
12 8229703 0.2309
12 8231590 0.1287
12 8241518 0.641790665084288
12 8246787 0.150315893073413
12 8248217 0.602967626093737
12 8248416 1.7636139634349
12 8249792 0.666006439625703
12 8252001 0
12 8255950 1.44667976439983
12 8273175 2
12 8274524 2
12 8280861 0.668978513938419
12 8282761 0.80353713508312
12 8283134 0.505575716162332
12 8283890 0.316177549826026
12 8285417 2
12 8291749 0.855125657610941
12 8293048 2
12 8296087 2
12 8299240 2.44870844947963
12 8300571 0.0925040725655494
12 8302211 2
12 8303393 2
12 8309944 1.5668500554917
12 8310088 1.42429607365999
12 8310197 0
12 8310594 0.809899086973915
12 8313508 2
12 8318803 0.62883853736437
12 8329234 2
12 8330745 1.8782
12 8331754 0.492360431086371
12 8340711 2.307
12 8345383 1.327
12 8345413 1.327
12 8355025 1.3653
12 8355913 0
12 8358863 1.327
12 8359511 0.3015
12 8367824 2
12 8370110 0.583330268693883
12 8380354 2
12 8388544 0.26039736865868
12 8388839 0.0053
12 8390492 0.149875358621495
12 8390647 1.69483032240312
12 8392464 1.20619817510765
12 8392501 1.36258487912845
12 8396023 0.3557
12 8398165 3.2512
12 8400425 0.0126
12 8403349 0.0078
12 8403501 0.0126
12 8438670 0.0126
12 8446876 0.11051934280417
12 8460332 1.403
12 8466375 2
12 8466768 2
12 8466843 2
12 8467469 2
12 8467589 2
12 8470665 2
12 8483281 2
12 8483292 2
12 8493356 2
12 8493503 2
12 8494959 2
12 8496365 2
12 8507324 2
12 8535479 0.414
12 8540247 0.4034
12 8541211 0.1832
12 8549059 0.066
12 8549093 0.1626
12 8551080 0.076
12 8564226 0.6191
12 8564340 0.6191
12 8569553 0.1241
12 8570578 1e-04
12 8576671 0.1088
12 8583060 0.1513
12 8583743 0.470806907657184
12 8583856 0.1088
12 8587161 1.122
12 8593272 5e-04
12 8656668 2
12 8657182 1.2101
12 8674549 2.1063
12 8676540 1.9525
12 8698669 0.3015
12 8699059 0.4209
12 8729921 2
12 8806871 2
12 8820672 1.50264576344167
12 8828395 0.1543
12 8833646 0.4279
12 8837320 0.4213
12 8838217 0.4279
12 8843370 2
12 8849121 1.294
12 8862003 0
12 8864257 5e-04
12 8867732 1.3715
12 8870292 1.7067
12 8871474 0.3015
12 8892771 2
12 8895294 0.317280793159953
12 8896457 1.80223233606741
12 8896602 0.638009604315368
12 8915876 2
12 8916740 2
12 8924673 2
12 8930740 2
12 8931938 1.246
12 8932074 0.2979
12 8936257 2
12 8936424 2
12 8955062 0.5029
12 8971336 0.5029
12 8978781 2
12 8983755 0.5115
12 8987495 2
12 9000963 0.6259
12 9030471 0.7371
12 9079672 0.984865221464385
12 9084664 2
12 9086306 1.04714025066331
12 9087740 0.670404568653422
12 9090328 0.81557585902321
12 9131651 0.545654322210978
12 9159428 0.3457
12 9175035 1.27501441354223
12 9178009 2
12 9185658 1.02542738093148
12 9189333 1.36778130094743
12 9193606 0
12 9198178 0.620812764083801
12 9213803 2
12 9225361 1.64035452536167
12 9226181 0.491836704070198
12 9226895 0.0824821683385069
12 9227282 0.0177467436136603
12 9232415 1.261
12 9232939 0.812507004499664
12 9241192 1.26647368658316
12 9244506 5e-04
12 9249260 0.361456540838169
12 9280392 0.0787452670622322
12 9283043 0.857067262549519
12 9288441 0.224857659473821
12 9288456 0.363938764414527
12 9288674 0.413412620495877
12 9303098 5e-04
12 9306991 2e-04
12 9310113 0.0326
12 9312232 0.871166645739848
12 9318440 0.0326
12 9319422 0.0326
12 9319428 0.510373454306254
12 9319645 0.544243733393894
12 9323569 0.0326
12 9326640 2
12 9329447 0.6938
12 9329534 0.6938
12 9329718 1.7427
12 9332511 0.7674
12 9340896 0.7077
12 9349174 0
12 9375646 2
12 9376242 2
12 9382070 2
12 9384086 2
12 9388200 0.4407
12 9394271 0.4245
12 9402514 2
12 9403911 1e-04
12 9404424 0.8653
12 9404686 1.5525
12 9405190 0.8502
12 9405989 1.4944
12 9406468 0.3314
12 9409501 2
12 9413869 2
12 9425601 2
12 9429195 2
12 9462189 0.4245
12 9464487 0.3002
12 9464665 2
12 9468440 0.508
12 9475941 2
12 9522593 0.0018
12 9527282 2.6444
12 9529568 1e-04
12 9541541 0.7427
12 9566844 0.7278
12 9585062 2
12 9587172 0.2552
12 9589692 0.3415
12 9591203 0.3415
12 9593010 0.2851
12 9594004 0.0406
12 9594765 2
12 9601235 2
12 9601625 0.383
12 9602982 2
12 9604403 0.1362
12 9610321 1.0933
12 9623467 0.1513
12 9631174 0.490604176504088
12 9644275 0.121
12 9648043 0.0285449105431281
12 9649312 1.48680036377423
12 9650146 1.1313
12 9655830 0.952166773446543
12 9670544 0.6569
12 9674891 0.0332884686857298
12 9677043 3.1251
12 9680226 0.345850926194518
12 9691219 1.07437225219859
12 9692422 0.850817648205692
12 9698449 2
12 9699212 0.0107964024338205
12 9700170 1.7774
12 9707128 0.313
12 9710374 0.0348
12 9710978 0.0053
12 9728529 0.3501
12 9733217 1.47680659489162
12 9745556 1.9424
12 9745721 0.184385332432748
12 9752021 1.11224334376373
12 9757693 0
12 9759140 1.12704387996599
12 9766925 0.587552712688939
12 9766965 0.427121411380408
12 9767426 0.412333960396918
12 9767882 0.74269534489351
12 9769194 0.0968180432731982
12 9770233 0.223221652649621
12 9780609 0.3461
12 9789257 0.4449
12 9799120 2.4029
12 9858641 0.172789417622395
12 9860150 0.322187083655319
12 9864307 2
12 9875755 2
12 9902134 0.157450563129129
12 9933464 0.2879
12 9941923 2.978
12 9957490 2
12 9958756 2.981
12 9966790 0.507231500870129
12 9967322 0.811742508521801
12 9968011 1.87955999255991
12 9969892 2
12 9984697 0.550182539620381
12 9986426 2e-04
12 9989366 8e-04
12 10000464 1.39502419502614
12 10004875 1.13371388064989
12 10007194 0.538531849156896
12 10012870 0.0713
12 10012994 2
12 10025376 0.7341
12 10028797 2
12 10035342 2
12 10037938 0.148
12 10040596 2
12 10066682 0.294636652767696
12 10067286 2
12 10077861 1.26785001652245
12 10078794 0.312089765275709
12 10086911 0.0278165675458062
12 10091772 1.42199853822148
12 10092019 0.960480026923925
12 10095690 0.396453140737008
12 10098657 0.929870780563705
12 10102901 1.08900946043807
12 10115305 0.885293725367147
12 10117401 2
12 10117461 2
12 10121852 2
12 10121967 2
12 10123085 0.396368326647044
12 10132140 2
12 10134246 2
12 10135154 2
12 10150936 2
12 10156802 2
12 10160535 2
12 10167410 2
12 10174435 2
12 10178313 1.7255
12 10188874 0.6736
12 10212198 1.15
12 10229491 2
12 10232319 1.5073
12 10239395 0
12 10240281 0.1661
12 10243631 0.0078
12 10243711 0.1733
12 10247590 1.5348
12 10254530 1.5348
12 10256442 0.0107
12 10257665 0.0107
12 10260977 5e-04
12 10266874 0
12 10299386 0.0294
12 10301897 0.232
12 10305889 0.2057
12 10312634 1.7623
12 10328273 0.1661
12 10331658 0.941065700662046
12 10333031 0.557
12 10335313 1.5697
12 10344899 0.455522391142537
12 10347748 0.952324874247624
12 10349843 0.5498
12 10349874 0.486160161408389
12 10352090 0
12 10353517 2.06901755386318
12 10355248 0.0360234629571567
12 10356743 0.3809
12 10358028 0.0926
12 10360407 0.3073
12 10367498 0.1055
12 10380234 0.1055
12 10381255 0.857988703394153
12 10428992 0.4318
12 10429695 0.4524
12 10443518 0.4454
12 10445660 0.4243
12 10452972 2
12 10474178 2
12 10477002 2
12 10484091 0.4039
12 10486541 2
12 10489336 2
12 10492971 2
12 10493379 2
12 10495741 2
12 10499900 0.9249
12 10504262 0.197370650661196
12 10505217 0.9249
12 10508336 0.9249
12 10513957 0.1048
12 10530146 0.9249
12 10538853 0.9249
12 10539060 0.9566
12 10544160 0.9566
12 10545461 2
12 10546739 0.9566
12 10554379 0.9566
12 10570348 0.0611
12 10579101 0.0611
12 10580012 0.0611
12 10580675 0.0713
12 10582520 0.0611
12 10583839 0.0611
12 10584678 0.1684
12 10586458 0.0611
12 10588419 1.2374
12 10588446 0.2747
12 10613180 0.1079
12 10621170 0.1989
12 10621439 0.5719
12 10623914 0.0138123255970254
12 10630401 0.5521
12 10652385 0.0703494394871904
12 10660660 0.248225136478511
12 10661847 1.16077587048915
12 10674771 2
12 10674889 2
12 10676404 2
12 10704246 1.09009872687819
12 10711605 0.4035
12 10712905 2
12 10726835 2
12 10727476 2
12 10730823 2
12 10732126 1.4366
12 10735030 0.392124151980312
12 10790982 0.757650341716326
12 10790986 0.159336221840757
12 10803029 2.5464
12 10806839 2.5464
12 10811381 2
12 10813863 2.5464
12 10814624 5e-04
12 10826798 2.5464
12 10829231 0.972707981468732
12 10839496 1.44608042220368
12 10865000 1.83447361006642
12 10870812 1.4606847140706
12 10877032 1.29331190590964
12 10880222 0.441867282840722
12 10885473 0.872
12 10902716 0.883102293538748
12 10904785 0.421824531209024
12 10910608 1.42321991731082
12 10913940 1.57344556183965
12 10921169 0.0916452345463078
12 10974046 2.3649
12 10978167 2.2493731599478
12 10986990 0.423693144288827
12 10989096 2
12 10990198 2
12 10990522 2
12 11007094 2
12 11007860 2
12 11008241 2
12 11008786 2
12 11008879 2
12 11013385 2
12 11014369 2
12 11034018 0.670750635132682
12 11034165 0.695109707755655
12 11042723 2
12 11065881 0.5025
12 11065954 0.5025
12 11066343 0.5025
12 11066363 0.682119592924848
12 11066929 0.5025
12 11067177 0.5025
12 11069073 1.0686
12 11070474 0.65168576970642
12 11070476 0.237379770214012
12 11071124 0.5025
12 11071766 0.5025
12 11072056 2.5251
12 11072086 0.5025
12 11072259 0.5025
12 11072811 0.5025
12 11072837 0.5025
12 11073107 1.3142
12 11080572 0.0217
12 11085705 0.0192
12 11097033 0
12 11098961 0.533602648382872
12 11102157 1.04581529848712
12 11105847 1.22311933260336
12 11107776 2
12 11108524 0.957901930204526
12 11110490 1.77169143139604
12 11122104 2
12 11124649 0.880614768372633
12 11128685 0.725880635532978
12 11129979 2
12 11132531 0.46982331567995
12 11133489 1.03748666757596
12 11136395 0.727403742245805
12 11136871 2.0508355212886
12 11139499 0.115242759778791
12 11147086 0.285990441132253
12 11147088 0.58996429559144
12 11151405 0.322889105500452
12 11151728 1.06969273104157
12 11156175 1.22420878568393
12 11164815 0.229486811375053
12 11168247 5e-04
12 11168283 5e-04
12 11171802 0.428110585644783
12 11174696 0.8434
12 11179986 1.48537644344832
12 11185949 0.185914391568055
12 11186007 0.369236949671928
12 11186351 2.19880102012269
12 11186947 0.0073
12 11190507 0.1584464601298
12 11196653 0.0731184468184939
12 11197057 0.760904143294529
12 11198957 0.905200277966547
12 11210313 2
12 11258027 5e-04
12 11287282 0.577868745025546
12 11305872 2.0198089734672
12 11306114 0.299427847510712
12 11320303 2.0504
12 11323791 0.4005
12 11327051 0.367788548115097
12 11333984 2
12 11344803 0.119974416562126
12 11359713 0.913386124102397
12 11364933 2
12 11369682 2
12 11369912 1.70308323988252
12 11376815 2
12 11388976 2
12 11389702 2
12 11390564 2
12 11391885 2
12 11427877 2
12 11433648 2
12 11433708 0.1314
12 11434359 2
12 11437449 2
12 11444081 0.3244
12 11448108 0.1074
12 11455806 0.760037685009914
12 11457515 1.4327
12 11458357 0.30906925877101
12 11467282 2
12 11472780 2
12 11496261 0.505297445023198
12 11504521 0.220234627523814
12 11506924 0.3575
12 11514217 0.696735638729944
12 11515017 0.116890430388572
12 11603457 2
12 11612800 1.05047307809107
12 11614472 0.598076041570734
12 11618134 1.52358701767325
12 11621935 2
12 11625012 0.4351
12 11626139 0.457
12 11636593 0.0884
12 11638751 0.0742
12 11648275 2
12 11667402 1.7537
12 11670512 1.7537
12 11675128 0.055
12 11684156 2
12 11690186 2
12 11698764 2
12 11721761 2
12 11731554 0.0053
12 11760708 0.1421
12 11760904 0.399653910768331
12 11768371 0.6252
12 11776725 2
12 11778486 2
12 11784458 5e-04
12 11789786 2
12 11791772 2
12 11792326 2
12 11812462 2
12 11815651 2
12 11816498 0.570440459509355
12 11817009 2
12 11818517 0.614492862492082
12 11820680 1.15868651016685
12 11826244 1.4252
12 11837676 2
12 11841214 2
12 11851220 0.7116
12 11859119 0
12 11870839 0.0209
12 11874438 6e-04
12 11874495 9e-04
12 11874684 6e-04
12 11874730 2.1669
12 11882764 2
12 11889932 0.3493
12 11893495 0.2064
12 11897436 0.2064
12 11919467 1.8289
12 11940583 2
12 11944315 0.0198589333733804
12 11948322 0.8653
12 11956915 2
12 11970879 0.461
12 11975874 3.4152
12 11976966 0.6442
12 11982297 0.919848721974629
12 11987291 0.0624
12 11992146 0.190437881520084
12 11992540 0.58029499047967
12 11994663 0.803191380979132
12 11996662 0.0963
12 11997096 0.0963
12 12000968 0.0963
12 12004751 0.0963
12 12004946 0.5172
12 12019336 0.4682
12 12038618 0.1438
12 12040053 0.1438
12 12043515 3.299
12 12048113 2.9979
12 12049239 0.2108
12 12052369 0.3571
12 12056209 0.026
12 12057484 0.2266
12 12060318 0.0078
12 12060409 0.7391
12 12061852 0.0389
12 12064303 3.222
12 12075953 0.9947
12 12078261 0
12 12083819 0.819533981706249
12 12092657 2
12 12098777 0.436
12 12098827 0.436
12 12108840 0.488570185262255
12 12109096 0.8227
12 12113107 2.0173313655609
12 12113419 2
12 12133847 3.0005
12 12145785 1.3616
12 12165449 0.244888185635244
12 12173634 2.03605170429173
12 12173720 0.1868
12 12177960 0.796015247604838
12 12181072 1.39123318159082
12 12184409 0.233224845181554
12 12192771 0.287568432244412
12 12197179 0.1944
12 12211334 0.4004
12 12238642 1.5034
12 12254298 1.10727164747361
12 12257750 0.1944
12 12265010 0.149675498176892
12 12271545 5e-04
12 12272899 1.5842
12 12281455 0.0263
12 12284235 0.2192
12 12288954 1.0176
12 12296389 0.682891153601843
12 12300166 0.5367
12 12303590 0.42603049339959
12 12309633 0.139863677128573
12 12310560 1.0285
12 12344399 1.2045
12 12344913 1.1673
12 12346146 1.3919
12 12360063 2
12 12421650 2
12 12426116 0.259407058892814
12 12428802 0.266813397349726
12 12432447 1.65875621502462
12 12437540 1.38191468007719
12 12453572 2.0645
12 12460600 2
12 12472046 2
12 12498020 1.9629
12 12541828 2
12 12565555 1.1001
12 12566382 0.0073
12 12569306 1.6557
12 12574266 0.0681
12 12579330 0.0775
12 12585509 2
12 12593969 1.8782
12 12594113 2
12 12594124 2
12 12594222 2
12 12600340 0.9549
12 12608098 2
12 12623005 2.4518
12 12637233 0.0444
12 12646015 0.0329
12 12658073 1.5539
12 12681868 2
12 12721983 0.2846
12 12725049 0.7848
12 12734877 0.7848
12 12736370 1e-04
12 12739983 0.322047013304478
12 12754176 0
12 12756191 1.02
12 12770780 0.0519
12 12783197 2
12 12788950 2
12 12795128 0.180555110794773
12 12800905 0.203041236846716
12 12801094 2.33408221001856
12 12803647 0.625046208277942
12 12804992 0.0681680929311791
12 12822350 2
12 12830310 2
12 12831134 1.2699
12 12832023 1.3104
12 12832126 2
12 12837865 2
12 12840232 2
12 12840687 0.1733
12 12844253 2
12 12850837 2
12 12887629 1.7249
12 12887829 0.1517
12 12896471 1.1283
12 12907853 2
12 12925152 1.50103933071555
12 12928296 1e-04
12 12931169 2
12 12941470 2
12 12944837 5e-04
12 12951088 2
12 12962554 2
12 12968038 0.207523443988554
12 13001977 0.554700703848306
12 13002405 2
12 13020876 2
12 13026772 2
12 13028742 2
12 13031017 2
12 13031952 0.3242
12 13043988 1.021
12 13047480 1.9849
12 13047884 1.021
12 13059292 1.021
12 13061603 0.1292
12 13062298 1.2164
12 13065238 1.021
12 13066438 1.021
12 13066622 2
12 13078193 1.2164
12 13121125 2
12 13138092 2
12 13161893 2
12 13182895 1.58247365104045
12 13184451 0.688623872610925
12 13193200 0.12969717432027
12 13194447 0.7504
12 13210064 0.413337249847862
12 13213570 2
12 13218591 2
12 13218645 0.431735695626903
12 13229987 2
12 13242024 2
12 13261205 1.96246513980599
12 13264090 2
12 13264683 1.13262371190161
12 13268903 2.33664426973466
12 13278181 2
12 13281118 2
12 13298458 1.0804393023582
12 13299946 2
12 13308369 2
12 13328345 2
12 13331984 2
12 13335873 2
12 13344821 1.4095
12 13349090 2
12 13352123 2
12 13365317 2
12 13367094 0
12 13369693 0
12 13373394 2
12 13384277 2
12 13387621 2
12 13400444 2
12 13401076 0.7358
12 13402314 1.7835
12 13416021 2
12 13422072 0.7954
12 13429875 0.403193643355758
12 13430390 0.891137773604565
12 13433075 1.4321
12 13466510 2
12 13469777 2
12 13486454 2
12 13492480 0.720511155710527
12 13496664 2
12 13506630 0.551
12 13513679 2
12 13514232 2
12 13517714 2
12 13528387 2
12 13528480 2
12 13536116 2
12 13557333 2
12 13568238 2
12 13568342 2
12 13578320 1.7987
12 13581346 2
12 13588403 2
12 13600791 1.7987
12 13633673 2
12 13639133 2
12 13653259 2.978
12 13699698 2
12 13702522 0.9746
12 13727234 1.91748946322773
12 13732832 2
12 13735991 1.23531740253475
12 13746034 0.890156841173416
12 13756110 0.7622
12 13772952 0.0907475510284138
12 13789031 2
12 13797039 0.364827441899204
12 13797643 2
12 13809709 0.6226
12 13823096 0.7367
12 13825686 0.8543
12 13836085 2
12 13841153 0.7574
12 13848323 0.5078
12 13848842 2
12 13871204 0.593
12 13899677 0.9373
12 13932242 0.104
12 13934665 0.104
12 13943510 2
12 13953856 1.3352
12 13962085 0.967495044347349
12 13977931 0.292532009708194
12 13979877 0.0273
12 13983207 2
12 13983596 0.0386
12 13986067 0.8239
12 13989552 0.8239
12 13994992 0.8239
12 14006969 0.8239
12 14008888 0.8239
12 14034261 2
12 14037875 2
12 14063791 0.8237
12 14064896 2
12 14089203 0.458
12 14097695 1.7593
12 14109955 2
12 14110437 0.105477159963856
12 14110848 0.538612776097082
12 14112557 2
12 14115452 2
12 14116669 2.9904
12 14117052 2
12 14117147 2
12 14132886 2
12 14137712 2
12 14138111 2
12 14138384 2
12 14139120 0.3274
12 14140184 2
12 14172918 0.537897077336076
12 14178743 1.17727189565604
12 14178830 2
12 14179016 2
12 14180700 2
12 14198037 1.45437190066152
12 14198741 0.0298379640686192
12 14200348 2
12 14203359 2
12 14203382 2
12 14203576 1.481
12 14204004 0.753218033525661
12 14204058 1.481
12 14205562 1.4972
12 14205607 1.4972
12 14206310 1.481
12 14227148 2
12 14227504 2.2690652865045
12 14234226 2
12 14278063 1e-04
12 14286400 1.84750915762914
12 14286563 2
12 14301250 0.0078
12 14305110 2
12 14309236 2.1022
12 14325262 0.765689354016796
12 14336015 2
12 14354033 2.096
12 14356779 2
12 14369118 2
12 14374033 2
12 14402608 0.0897
12 14404994 0
12 14415694 1.71
12 14431683 2
12 14448060 2
12 14451978 2
12 14468785 2
12 14473807 0.0269
12 14494520 2
12 14516132 2
12 14521433 2
12 14528768 2.2835
12 14531095 2
12 14540025 1e-04
12 14550814 0.7318
12 14551070 0.0107
12 14569338 2
12 14572836 2
12 14589440 0.0053
12 14591224 2.34085977138405
12 14593429 1e-04
12 14600999 2
12 14608152 0.9668
12 14627277 0.0635371845622659
12 14637105 5e-04
12 14639717 2
12 14642287 2
12 14645592 2
12 14675250 0
12 14704212 0.216750824074747
12 14717415 0.38905478544824
12 14717452 1.3274
12 14723356 2
12 14726022 0.381931111051096
12 14730159 0.0212881518093312
12 14748376 0.7848
12 14751445 0.912125788510978
12 14757679 0.8856
12 14759937 1.3207
12 14764195 0.8856
12 14770413 2
12 14782037 1.5114
12 14785952 3.05869243265998
12 14795500 1.01829838535036
12 14809274 2
12 14847667 0.2265
12 14848089 0.2971
12 14850374 0.2823
12 14851702 0.2134
12 14857847 0.2134
12 14864322 0.2971
12 14870557 0.2971
12 14892223 0.3279
12 14898269 0.3279
12 14911429 0.3123
12 14930626 0.0051
12 14942773 0.0742
12 14954502 0.1059
12 14957273 0.5804
12 14967794 0.77945086540459
12 14971388 1.1785
12 14985595 2
12 14991290 2
12 15000321 0.311316152970515
12 15007002 2
12 15007553 1.2236
12 15012907 0.689773032588782
12 15017393 1.1367
12 15018051 2
12 15021943 0.1548
12 15050455 1.49945502784098
12 15058549 0.1138
12 15076290 2.1629
12 15078241 0.652810301998998
12 15100438 0.3491
12 15117740 1.05214936665622
12 15118966 0.807293346156436
12 15119924 0.0703053409555701
12 15123372 1.0399
12 15123572 0.251820468554118
12 15123643 0.78509405820119
12 15124288 0.465657343413616
12 15128439 0.372676975619915
12 15135398 0.176353545437414
12 15154841 2
12 15166300 2
12 15166499 0.3955
12 15174840 0.241143680466594
12 15179933 0.061604772298473
12 15214835 0.2964
12 15245040 0.0057
12 15330836 2
12 15368924 1.9887
12 15378174 1.9525
12 15391954 0.6942
12 15402053 2
12 15404146 1.0234
12 15414989 0.4923
12 15417145 2
12 15428876 2
12 15445490 2
12 15455574 0.0053
12 15461391 2.1608
12 15480966 2
12 15495483 2
12 15509686 0.0264
12 15510618 2
12 15511634 0.2419
12 15513096 2.0981
12 15515218 2
12 15517822 1.15504041905179
12 15531994 1.15963314747108
12 15598955 1.6578
12 15614710 0.8446
12 15663974 0
12 15777176 2.6507
12 15793613 0.1068
12 15796801 0.1063
12 15867562 0.107
12 15897874 0.1003
12 15898556 0.1003
12 15936927 0.7638
12 15972638 0.584116766009061
12 15975425 0.639633692344235
12 15978824 0.6444
12 15987946 2
12 16002349 1.0632
12 16002687 2
12 16007702 2
12 16045154 0.299
12 16061678 0.2306
12 16064193 0.1997
12 16065255 0.1997
12 16065317 0.1997
12 16069756 0.1847
12 16079373 5e-04
12 16104303 2
12 16109427 0.5028
12 16120126 0.4735
12 16132784 0.0838
12 16145468 0.206822463975216
12 16156486 0
12 16170040 0.669
12 16170181 1.0601
12 16174812 0.8418
12 16189954 0.0452
12 16190934 0.0452
12 16193316 0.0452
12 16197800 0.0452
12 16200426 1.30715725145408
12 16201449 0.934033976151975
12 16220035 0.498497116011526
12 16234388 0.519915724769723
12 16246927 0.2208
12 16250447 0.194382239545918
12 16253071 0.118
12 16253756 0.2208
12 16257332 0.2208
12 16261542 0.2208
12 16265729 0.682450251401451
12 16306711 0.1583
12 16316337 1.5923
12 16349626 5e-04
12 16362516 1.2126
12 16377407 2
12 16385355 2
12 16385834 2
12 16387890 2
12 16388162 2
12 16395800 0.2668
12 16406792 2
12 16408962 2.4916
12 16412265 2
12 16412308 2
12 16424526 2
12 16426132 2
12 16453923 2
12 16512203 1.22605799600696
12 16538226 5e-04
12 16542828 2
12 16565092 0.4022
12 16577341 2
12 16614473 2
12 16632024 1.3563
12 16664263 0.217930630670317
12 16666332 0.952303301991676
12 16680645 2
12 16699616 1.25130593824598
12 16710839 2
12 16768794 1.05794466536655
12 16770486 0.764178611278632
12 16783886 0.271303405193902
12 16803667 0.779536796754033
12 16844070 0.430210329570118
12 16871065 1.1018235958811
12 16909600 0.0078
12 16913835 0.0697038979526756
12 16934519 2.3377
12 16938417 1.53526759809383
12 16940463 0.665205383356962
12 16991728 2
12 16999467 0.3493
12 17010030 0.3493
12 17022245 2
12 17023759 0.3493
12 17024471 2
12 17025660 2
12 17025831 0.3493
12 17047368 2
12 17052815 2
12 17075443 2
12 17082552 0.0078
12 17102351 2
12 17103937 2
12 17121738 2
12 17124467 0.7758
12 17216890 0.1966
12 17220633 0.2969
12 17228766 2
12 17243256 0.6786
12 17243721 1.56881694420353
12 17254858 2
12 17267824 2
12 17271578 2
12 17292465 0.5218
12 17333895 0.5939
12 17341766 2.4996
12 17369918 0.7997
12 17370004 2.07975177378533
12 17375065 0.940395181517302
12 17375576 2
12 17402486 0.0962831873374083
12 17403760 2
12 17404894 1.07221868806849
12 17411374 1.49973161454624
12 17413193 0.276329859895607
12 17454878 1.3145
12 17455490 2
12 17475615 1.83926443706492
12 17494762 1.39767700347537
12 17498088 0.836038214295451
12 17499408 1.02632801308817
12 17514691 1.1316
12 17516358 1.1316
12 17518412 0.7081
12 17523863 1.79037866664474
12 17529565 2
12 17532302 0.3592
12 17546403 0.218977937521191
12 17568360 0.621657409942363
12 17573415 0.804506676638338
12 17607639 0.244193230734381
12 17611204 0.763786679358486
12 17618700 2
12 17619001 2.2189
12 17626756 2
12 17630553 2
12 17647920 2
12 17650170 0.225950404826232
12 17654752 2
12 17674944 0.5643
12 17681866 0.6771
12 17689235 0.6771
12 17693275 2
12 17696365 0.0217
12 17696832 2
12 17699617 2
12 17706732 2
12 17708079 2
12 17719345 1.7036
12 17724665 2
12 17727488 2
12 17729009 2
12 17729659 2
12 17730412 2
12 17731065 2
12 17731319 2
12 17731842 2
12 17732003 2
12 17733901 0.3111
12 17735659 1.6891
12 17735755 0.3111
12 17736184 0.3111
12 17736618 0.5385
12 17736684 0.3905
12 17738208 0.3015
12 17738467 0.3015
12 17739413 0.3446
12 17739984 0.3905
12 17750494 0.3905
12 17751214 0.5385
12 17758312 0.4013
12 17760010 0.4013
12 17794714 0.8788
12 17803164 0.7158
12 17811890 0.2546
12 17812192 2.01427395608513
12 17817247 2
12 17820929 0.5794
12 17824548 0.4808
12 17840492 0.5246
12 17841083 0.2253
12 17844739 0.2253
12 17845711 0.1396
12 17847915 0.4465
12 17865019 2
12 17865410 0.4237
12 17868930 0.8788
12 17890467 2
12 17896292 1.4603
12 17901336 0.365635376232649
12 17911248 0.0078
12 17937289 2.1608
12 17956363 1.3087
12 17979486 0.329597363625916
12 17983331 1.3957
12 18067145 2
12 18068225 0.6601
12 18080133 2
12 18095035 2
12 18096135 5e-04
12 18096423 1.4326
12 18098031 1e-04
12 18098364 5e-04
12 18115707 2
12 18119127 2
12 18127286 2
12 18131242 2
12 18134157 2
12 18149883 0.0078
12 18150503 2
12 18154901 2
12 18166263 2
12 18179803 1.5475
12 18183775 2
12 18195703 2
12 18200629 0.3703
12 18211794 0.832
12 18216147 0.832
12 18218110 0.832
12 18218496 0.832
12 18221742 0.1206
12 18223260 0.943980432736667
12 18239281 1.04008271052357
12 18242149 2
12 18246932 2
12 18254109 2
12 18257041 2
12 18272170 1.8328
12 18285313 2
12 18292219 1e-04
12 18292231 0.691745077695565
12 18300515 0.1476
12 18303779 0.2063
12 18306874 2
12 18309217 0.2063
12 18353044 1.3487
12 18353628 1.3487
12 18392015 2
12 18395071 0.918
12 18406366 1.3806
12 18434344 2
12 18435046 0.5778
12 18435969 0.877160546499963
12 18440832 0.873
12 18441720 0.5778
12 18453400 0.873
12 18455947 2
12 18458940 0.873
12 18464357 0.873
12 18472662 0.873
12 18478988 5e-04
12 18513089 1.13701660078379
12 18518520 1.3258725350957
12 18615058 2.6507
12 18620076 5e-04
12 18628015 2
12 18633557 1.36092896417142
12 18637182 5e-04
12 18650246 1.0179
12 18650611 1.0179
12 18662974 0.349739849407588
12 18664318 0.365
12 18665262 1.292
12 18665796 1.8626
12 18670259 0.6732
12 18685296 0.0163
12 18692555 0.6221
12 18695442 1.8325
12 18697702 0.8536
12 18702882 0.1682
12 18705438 0.0687
12 18711603 0.0687
12 18747132 0.0275
12 18784307 0
12 18793755 3.1148
12 18796119 0.3508
12 18800926 1.96995947730112
12 18818066 1.24014349358038
12 18824427 5e-04
12 18825853 0.9481
12 18839580 6e-04
12 18864551 0.0938
12 18901712 2
12 18909280 0.457738195483164
12 18913442 0.499713278007637
12 18913572 1.11837072357619
12 18916596 1.06488595301228
12 18916925 1.5463
12 18931934 2
12 18934424 1.16473831656382
12 18937868 1.1056588463256
12 18953072 0.380646199645283
12 18957415 0.685864111929857
12 18979615 2.2762
12 18984118 2
12 18994496 2
12 18999369 2
12 19002963 0
12 19064859 0.0516240058680651
12 19070352 0.2339
12 19085981 0.022
12 19093786 0.899687815782925
12 19101895 0.0206245158223321
12 19103899 1.261
12 19105024 0.7587
12 19112987 0.0332
12 19146596 0.5278
12 19161857 5e-04
12 19163434 1.4556
12 19168513 0.5828
12 19169820 1.261
12 19174258 1.4874
12 19188697 1.5112
12 19218931 3.246
12 19232714 0.022
12 19237503 0.5831
12 19254400 0.022
12 19266541 0.0053
12 19267674 0.0276
12 19271784 2
12 19273148 0.022
12 19278791 1.1406
12 19302990 1.1881
12 19309802 1.8943
12 19314635 5e-04
12 19321406 3.1216
12 19334835 0.175
12 19340400 0.159031376784405
12 19340962 0.3015
12 19345374 1.7509
12 19345638 2
12 19357687 0.0502
12 19361044 0.0502
12 19367338 1.1881
12 19373934 2
12 19384381 1.2511
12 19390470 0.9986
12 19391738 0.1217
12 19410267 2
12 19416716 1.5791
12 19420716 0.0079
12 19421367 2.4458743738357
12 19424605 1.1555
12 19444163 0.0079
12 19462180 0.1421
12 19500767 0.3019
12 19523818 0.3709
12 19528134 0.644883951404905
12 19532191 1.65945081384603
12 19544697 0.1421
12 19544861 0.0269
12 19563740 2
12 19565641 2
12 19571098 2
12 19576236 1.7039
12 19586890 2
12 19587092 2
12 19591179 2
12 19600873 2
12 19622378 2
12 19630233 0.420866439115125
12 19635127 2
12 19639401 1.6011112010306
12 19639640 0.223472516841575
12 19648661 0.1284
12 19654771 0.7002
12 19657156 0.88
12 19662230 0.366401128282595
12 19663572 0.671175561054759
12 19670806 0.686339046113186
12 19680725 0.868545965390611
12 19694997 1.01394514205239
12 19698253 0.739627342781566
12 19703850 0.156871008734615
12 19732987 8e-04
12 19733904 0.689314188763712
12 19734397 0.2146
12 19735791 0.789810765907527
12 19738554 1.02160989132043
12 19740224 1.17284532635743
12 19744245 0.121382204383583
12 19746341 1.8101023956971
12 19764471 0.480039132859223
12 19766795 0.89831366421114
12 19775483 2
12 19785274 0.3829
12 19788431 0.0842693949632178
12 19789820 0.3725
12 19793487 2
12 19795917 0.3725
12 19798324 2
12 19799767 0.43131570376043
12 19802387 2
12 19811180 2
12 19814652 0.3374
12 19817131 2
12 19822957 2
12 19834937 1.7905
12 19842569 0.1808
12 19847381 0.8251
12 19855371 0.1808
12 19856504 2
12 19860332 2
12 19860459 0.513395747182112
12 19864401 0.0930547606704385
12 19865799 2
12 19874131 0.7086
12 19874675 2
12 19883914 1.3844
12 19896969 1.80430720267408
12 19902484 2.9779
12 19912884 2
12 19927893 0.6671
12 19944631 0.6506
12 19948059 1.34121788619992
12 19948690 2
12 19980484 0.6787
12 19982260 0.5213
12 19982746 0.1816
12 19985631 0.5213
12 20006480 0.5209
12 20007812 0.5289
12 20012941 0.5022
12 20017535 2
12 20021973 2
12 20029485 2
12 20029717 2
12 20031590 2
12 20033300 2
12 20033553 1.2828
12 20047542 2
12 20064715 2
12 20065398 2
12 20065830 1.3562
12 20079841 2
12 20095758 0.362424374310325
12 20096389 1.50907406122091
12 20101023 2
12 20127601 2
12 20141096 1.4946
12 20145320 2
12 20146661 1.4946
12 20151649 2
12 20162620 2
12 20172714 0.0468
12 20174653 1.3359
12 20183218 1.2553
12 20184530 1.0592
12 20194469 2
12 20198951 2
12 20217632 2
12 20260272 0.274982267670741
12 20265392 0.563849111978781
12 20295803 1.00562971189589
12 20297764 0.6119
12 20310499 2
12 20344132 2
12 20345102 2
12 20370408 5e-04
12 20370411 5e-04
12 20376393 2
12 20386069 0
12 20396024 2
12 20397524 2
12 20398677 0.2986
12 20400391 0
12 20400559 2
12 20409685 0.5442
12 20412549 0.5282
12 20414707 0.5498
12 20415643 0.5498
12 20418425 0.5038
12 20422113 0.8875
12 20422162 0.180642379366199
12 20423178 0.888
12 20431432 1.5354
12 20444369 2
12 20447378 2
12 20449074 2
12 20452639 2
12 20476178 0.1975
12 20480934 0.2613
12 20481761 2
12 20481763 2
12 20507494 2
12 20508813 0.0273
12 20510857 2
12 20514323 2
12 20523245 2
12 20535729 0.704486266357373
12 20567773 2
12 20570471 0.3977
12 20571857 0.446620814118536
12 20582199 2
12 20592900 2
12 20611898 2
12 20625960 2
12 20626144 2
12 20632701 0.607712916520279
12 20633044 1.1861
12 20683922 2
12 20703418 2
12 20711422 0.3473
12 20720300 2
12 20728255 2
12 20728828 2
12 20732707 0.533744856245291
12 20735278 5e-04
12 20741118 0.4134
12 20741648 0.4134
12 20750823 0.115
12 20751232 2
12 20753672 0.257564882994702
12 20755431 0.1264
12 20762365 0.1264
12 20763812 0.2884
12 20770611 2
12 20771016 0.6315
12 20783014 0.115
12 20795842 0.115
12 20807447 1.5335
12 20813614 0.232
12 20828238 0.0078
12 20833689 3.1145
12 20833790 0.3587
12 20835435 0.351
12 20837127 0.386022678770852
12 20850344 0.562876328906634
12 20851247 0.228017143540402
12 20852135 0.944815346002368
12 20855564 0.33172264419411
12 20857848 0.193315640119413
12 20861335 0.196766233990266
12 20873419 0.818400818175452
12 20874414 0.210966737105642
12 20878219 1.36428033427074
12 20883848 1.42165651969938
12 20884619 0.601726522297525
12 20885895 2.9305742598831
12 20890229 0.160013427005912
12 20907748 0.0483858266988632
12 20916594 0.2366
12 20949571 0.0408
12 20966429 1.9345
12 20974852 1.5386
12 20979343 1.5386
12 20988610 1.5386
12 20989279 1.5211
12 20996864 0.0078
12 21015278 1.4337
12 21031173 0.0329
12 21063042 2.9777
12 21079403 0.3083
12 21089724 0
12 21090615 1.4819
12 21112794 0.5113
12 21124879 0.5432
12 21136684 0.0453
12 21156352 2.978
12 21158833 0.5856
12 21167963 2
12 21216257 1.7833
12 21229796 1.7423
12 21230582 2
12 21232400 2
12 21233084 2
12 21233511 2
12 21236774 1.86171741593957
12 21247826 1.07580222740498
12 21255547 0.691512588062207
12 21262562 2
12 21270561 2
12 21271240 2
12 21279760 2
12 21291501 1.1578
12 21299890 0.0263
12 21312013 2
12 21313183 2
12 21321373 1.1578
12 21335814 0.54106977058327
12 21341957 0.0053
12 21361676 0.6607
12 21362527 0.6607
12 21366821 0.6607
12 21382571 1.609
12 21402093 2
12 21402757 0.91
12 21410210 0.3361
12 21426146 2
12 21429683 2
12 21430987 2
12 21432596 1.4232
12 21437556 1.5869
12 21438851 2
12 21443084 2
12 21447963 1.6053
12 21454064 2
12 21456346 2
12 21457002 0.8412
12 21458538 2
12 21458696 2
12 21462314 2
12 21469686 0.0263
12 21487106 0
12 21508875 2
12 21514874 0
12 21527429 2
12 21533094 0.0656
12 21539232 0.0656
12 21542173 0.0355
12 21553793 0.2247
12 21553930 0.2192
12 21554986 0.0284
12 21556620 0.2192
12 21561415 3.19123179348721
12 21562256 0.48836749216597
12 21563922 0.686461241557235
12 21564314 0.795952121442788
12 21564725 0.0263
12 21571426 0.833801624842993
12 21578706 0.0275
12 21581225 0.0807
12 21582447 0
12 21591003 0.0418
12 21594302 1.7506
12 21647788 5e-04
12 21649388 2
12 21652359 0
12 21660943 2
12 21667644 2
12 21717235 2
12 21717490 2
12 21720519 2
12 21736035 0.8922
12 21827886 0.8189
12 21834790 1e-04
12 21839190 0.4181
12 21846929 0.4034
12 21851264 0.4972
12 21855010 0.8948
12 21871159 1.1528
12 21874248 2
12 21877244 2
12 21896099 0.706052259773636
12 21921550 0.7013
12 21923239 1.73
12 21953869 1.1574
12 21955661 0.8687
12 22011869 0.7581
12 22018114 0.3506
12 22024947 3.0016
12 22037757 2
12 22059148 0.621655450960055
12 22075975 2.5345
12 22094650 0.3993
12 22100530 1.01733025072764
12 22110703 2
12 22111243 2
12 22121678 0.3877
12 22128675 2
12 22129339 0.3877
12 22131077 0.8031
12 22137739 0.2114
12 22142600 2
12 22154366 1.3236
12 22169486 2
12 22181463 0.793
12 22200249 2
12 22205924 2
12 22209088 2
12 22216386 2
12 22239379 2
12 22248197 2
12 22258684 0.2199
12 22265711 0.7322
12 22269977 0.7858
12 22276160 0.7858
12 22287004 0.7858
12 22296136 0.6617
12 22296196 0.7542
12 22303482 1.78257216379645
12 22313079 0.2502
12 22317492 1.9901
12 22320949 1.12366726742988
12 22321542 0.2734
12 22341863 1.3016
12 22362512 1.3016
12 22366801 2
12 22378940 1.3354
12 22383057 1.2495
12 22390010 1.2495
12 22401402 1.2495
12 22407809 1.3071
12 22447300 1.578
12 22449862 2
12 22457748 2
12 22486162 1.5869
12 22489318 1.5869
12 22490334 1.5869
12 22504840 2
12 22506029 1.5691
12 22513099 1.578
12 22520791 1.5605
12 22531713 1.5605
12 22576682 1.6709
12 22599162 1.5435
12 22612930 2
12 22616492 2
12 22623366 1.5435
12 22624479 2
12 22624910 2
12 22662077 2.24763242433266
12 22666589 0.98819131251679
12 22673817 1.1325772277834
12 22693226 1.26072976641466
12 22706304 0.559711946314923
12 22712309 0.8214
12 22717605 0.7502
12 22718031 0.9377
12 22719914 0.8204
12 22725362 2
12 22737871 0.052
12 22747532 0.0436
12 22752900 2
12 22774664 3e-04
12 22780901 2.1546
12 22836945 2
12 22836953 2
12 22842796 2
12 22854180 5e-04
12 22861406 2.1669
12 22863537 2
12 22868325 0.61001486215782
12 22869596 0
12 22869723 5e-04
12 22877626 2
12 22877966 0.0295
12 22887211 2.6476
12 22889587 1.8063
12 22893893 2
12 22918318 0.2663
12 22922089 0.1211
12 22928415 1.8628
12 22929036 2
12 22934310 1.49273867547144
12 22949890 0.0263
12 22953893 2
12 22975277 2
12 23010541 0.2034
12 23016577 6e-04
12 23032363 0.19913372131832
12 23035544 0.713957961315849
12 23044393 1.30531465032962
12 23053472 2
12 23067145 0.2774
12 23079253 0.5592
12 23086079 1e-04
12 23091465 0.5592
12 23094185 0.9665
12 23105069 1.1507
12 23107382 0.6629
12 23110341 0.7725
12 23121368 1.1467
12 23130660 0.6629
12 23130662 1.2018
12 23155441 2
12 23174801 0.702951842002317
12 23178539 2
12 23256365 0.355699510407872
12 23258005 5e-04
12 23268317 0.246227757557999
12 23279474 2
12 23304638 2
12 23308415 0
12 23309679 2
12 23325012 0.4386
12 23365632 0.282587515079567
12 23371151 0.4455
12 23376688 0.1543
12 23391035 0.1543
12 23393016 0.4319
12 23407417 0.4319
12 23412906 2.6444
12 23417899 0.4455
12 23421688 2
12 23438895 0.1405
12 23439571 1.3108
12 23440227 0.1405
12 23443743 0.332428240673425
12 23479305 0.1543
12 23479765 0.183
12 23489761 0.621090938724403
12 23500263 4e-04
12 23500306 1.9653
12 23515807 5e-04
12 23518330 2
12 23521364 0.9217
12 23524988 0.9102
12 23543182 0.00998754335279432
12 23591716 0.6927
12 23607929 1.1774
12 23625286 1.15921991640243
12 23645984 0.00480104434670635
12 23664925 0.533
12 23665281 2
12 23673733 2
12 23673770 1.1574
12 23700802 0.9781
12 23700859 0.9781
12 23707378 1.232
12 23767120 1.232
12 23777597 2
12 23794927 2
12 23800520 1.54867065542147
12 23805305 2
12 23809077 2
12 23816827 2
12 23818123 2
12 23819770 2
12 23824963 0.501156289595972
12 23826857 1.84590058491039
12 23827048 2
12 23857104 1.5718
12 23857923 0.0226427533059416
12 23857986 2.01405342861732
12 23875286 0.2635
12 23875825 0.2635
12 23878638 0.255
12 23880003 0.2635
12 23887744 1.9849
12 23893208 1.2724
12 23952940 1.38412595341906
12 23961729 1.67031546584794
12 23962222 0.0712
12 23963134 2
12 23964715 1.3424
12 23967557 2
12 23972264 2
12 23982116 2
12 23985375 2
12 23985456 1.9212
12 23986428 2
12 24001448 0.117550410848386
12 24002886 2.06620941064964
12 24006181 1.04292006348742
12 24007152 5e-04
12 24007191 5e-04
12 24007218 5e-04
12 24007618 5e-04
12 24009619 0.101968558067028
12 24012129 1.63413550060764
12 24012537 0.1244
12 24018925 0.940913909088727
12 24026667 0.463970413287365
12 24029914 1.54780421318204
12 24032464 0.503975677000363
12 24037668 1.0542
12 24038260 0.436743567442238
12 24045633 0.369975266559088
12 24046157 0.970491653428972
12 24053144 0.0646117132357594
12 24057741 0.558627685363754
12 24059752 2.978
12 24065134 0
12 24077821 1.2696
12 24106394 1.40502811998364
12 24113010 0.8781
12 24115234 1.1947
12 24132263 2
12 24141628 2
12 24145291 1.2177
12 24145314 2
12 24148505 0
12 24164081 1.2177
12 24184898 2
12 24200096 2
12 24209973 1.2177
12 24222164 1.49794439721439
12 24226660 0.934410754495985
12 24234113 2
12 24240014 2
12 24242268 2
12 24253451 2
12 24257677 2
12 24259936 2
12 24263969 2
12 24274032 2
12 24275471 0.4558
12 24278366 0.7564
12 24278951 2
12 24280134 2
12 24280642 0.503
12 24283119 0.37
12 24289744 2
12 24293363 0.0493
12 24303412 2
12 24313211 1.04831663218275
12 24315804 0.22656478712547
12 24334701 0.3636
12 24345130 2
12 24345631 0.0295
12 24355526 0.1027
12 24358526 2
12 24361246 2
12 24377249 2
12 24391876 2
12 24413189 0.211037980435045
12 24415468 0.9491
12 24425738 2
12 24429433 0.993620218690048
12 24431534 0
12 24435815 1.28082542434101
12 24436217 0.111963000428887
12 24444852 0.8663
12 24446890 0.912855003666357
12 24450493 0.197337955938447
12 24450509 0.340395648263545
12 24451283 2
12 24451875 0.0613094015365663
12 24458468 0.8919
12 24460010 0.146936630445926
12 24461326 0.83294232467226
12 24474233 2
12 24485363 1.28850662266263
12 24488385 2
12 24507041 0.564069688627377
12 24517703 2
12 24545518 0.6925
12 24548932 0.0801
12 24550534 0.8663
12 24551816 0.8663
12 24555285 0.372331223619247
12 24567683 0.9189
12 24577153 1.6243
12 24584136 1.7784
12 24596940 0.9189
12 24602597 0.0949847521932077
12 24609518 0.781368870423106
12 24619377 0.10969591091283
12 24630247 2.2686
12 24646131 2
12 24649390 0.186744677428994
12 24663709 2
12 24683696 0.6531
12 24706894 2
12 24720245 2
12 24721844 0.7755
12 24735737 0.580602908028338
12 24743247 2
12 24745445 2
12 24746545 2
12 24755898 2
12 24767647 2
12 24772052 2
12 24780402 2.6446
12 24786842 1.26201893979876
12 24787527 0.858180364991684
12 24799413 1.36932375937689
12 24801559 2
12 24802925 0.151360862122923
12 24805700 0.733556893183391
12 24814406 0.992706470253107
12 24814841 0.376605422975235
12 24819356 0.357738876751203
12 24831023 0.560716101767842
12 24831556 0.087
12 24851144 0
12 24855525 1.3795
12 24900736 2
12 24904272 2
12 24905763 0.0596322084248213
12 24912795 1.4051
12 24921174 1.412
12 24926352 0.6018
12 24933062 2
12 24934283 2
12 24935378 0.249014885515321
12 24937516 0.6018
12 24938173 0.6018
12 24943841 2
12 24960941 2
12 24961940 2
12 24962127 2
12 24965581 2
12 24967393 0.2664
12 24971590 2
12 24972275 2
12 24976368 2
12 24976379 2
12 24978694 1.47323488178662
12 24978720 2
12 24987756 2
12 24990539 0.130831519612494
12 25006449 2
12 25008304 2
12 25009176 0.0260854298121284
12 25011916 0.112982209071775
12 25019756 2
12 25029667 0.885512184272773
12 25039799 2
12 25047443 0.456
12 25060648 0.559589987933122
12 25071929 0.300277993691769
12 25077372 5e-04
12 25087722 0.352815451686963
12 25089842 0.0743625377235233
12 25093094 2
12 25096809 2
12 25100881 2.1923
12 25102770 0.76837705726316
12 25103371 0.912494695467844
12 25103420 1.33762604865493
12 25124927 2.29264195399857
12 25126820 2
12 25129570 2
12 25129772 0.1931
12 25146987 2
12 25153308 2
12 25164934 0.206
12 25170721 0.206
12 25174415 6e-04
12 25174652 0.0914275681660512
12 25185340 1.11551522030094
12 25194926 5e-04
12 25205099 2
12 25206907 2
12 25208822 2
12 25211929 1.2944
12 25213871 2
12 25222148 2
12 25231685 1.2714
12 25257349 0.420578595809734
12 25261655 2
12 25277079 0.011
12 25279054 2
12 25281834 0.011
12 25297557 0.336
12 25303763 1.76335399666678
12 25303913 0.0386
12 25308531 0.0681
12 25310503 0.290925780044183
12 25314044 0.796016649166396
12 25322844 0.0386
12 25324309 5e-04
12 25327014 0.0564
12 25346754 3e-04
12 25348856 0.664320423615368
12 25350725 0.734383792736324
12 25356089 1.59631467760509
12 25359569 0.118740973361588
12 25376685 2
12 25395345 2
12 25396088 2
12 25396312 2
12 25398510 2
12 25398761 1.5691
12 25400538 2
12 25401816 2
12 25403233 2
12 25411409 2
12 25421517 0.3187
12 25426568 0.3281
12 25431732 2
12 25434081 0.6932
12 25445639 1.5355
12 25453810 2
12 25460230 0.812586887170004
12 25464166 2
12 25475083 2
12 25476725 2
12 25478583 2
12 25481741 2
12 25485270 0.765763343487853
12 25489482 2
12 25494765 2
12 25515430 0.1339
12 25518825 0.1339
12 25526400 2
12 25528671 2
12 25531946 2
12 25550502 2
12 25573054 0.0669990081094819
12 25609090 2
12 25625029 1.08150740903664
12 25627615 1.72249416370563
12 25640148 0.249779816015396
12 25649350 0.352842276739457
12 25649722 0.177508008477568
12 25651319 2.7838
12 25653740 0.3789471553678
12 25676273 2.7838
12 25695547 0
12 25705585 0
12 25721371 2
12 25727602 2
12 25783283 2
12 25797084 2
12 25815940 0.476946080976936
12 25837145 2
12 25837534 2
12 25846106 0.3616
12 25848138 0.25140951882274
12 25849191 0.777945621013472
12 25856816 2
12 25865854 2.0406
12 25869132 2
12 25873174 1.9106
12 25879146 2
12 25885437 1.49417089670386
12 25886386 0.0457951552116743
12 25888117 2
12 25888770 0.022
12 25890592 0.0624
12 25893281 1.50952175483398
12 25901651 0.022
12 25902135 0.022
12 25909565 2
12 25915094 0.0776769285273574
12 25940228 2
12 25942616 0.011
12 25982338 0.068085633188601
12 25984703 0.778177015353815
12 25987471 1.06216106921587
12 26005455 2
12 26013601 2
12 26014500 1.1053
12 26023830 1.33371518666397
12 26038285 2
12 26071504 2.2393
12 26072126 0
12 26074638 0.374619985658039
12 26077344 0.1543
12 26079463 2
12 26083459 0.0332
12 26085363 2
12 26108488 2
12 26117849 0.0804
12 26122233 3.1166
12 26145004 0.0162
12 26169593 0.0046
12 26169597 0.141244731123325
12 26190332 0.1228
12 26190368 0.1228
12 26204317 1.1688
12 26208278 0.78670213906708
12 26212899 2.0145
12 26221682 2
12 26222833 2
12 26237828 0.1616
12 26252791 1.634
12 26262470 1.8453
12 26278675 1.5519
12 26284944 2
12 26285799 2
12 26286793 2
12 26295580 1.92581657564494
12 26303320 0.0510583630212651
12 26306138 2
12 26308835 0
12 26323629 0.29459393547037
12 26328236 0.0053
12 26342496 0
12 26343194 0
12 26344178 2
12 26361210 0.2879
12 26377610 0.45668638957591
12 26414049 0.1144
12 26417138 2
12 26424579 2
12 26430388 2
12 26430498 2
12 26443415 0.1728
12 26448491 1.0498
12 26468554 0.1138
12 26477651 1.834
12 26492905 0.1191
12 26516147 0.7897
12 26521313 0.3847
12 26524187 1.01460424830516
12 26538266 0.1612
12 26540242 0.1612
12 26550526 0.388
12 26552788 0.2087
12 26556556 5e-04
12 26569544 1.5826
12 26569772 0.7329
12 26589772 0.1055
12 26590098 0.1055
12 26599551 0.1055
12 26605388 0.7295
12 26609826 1.3415
12 26614798 1.335
12 26656604 1.498
12 26671584 0.9412
12 26676647 2
12 26683208 2
12 26702624 2
12 26716114 2
12 26716300 2
12 26716814 2
12 26721928 0.2191
12 26737286 2
12 26751069 0.2191
12 26760014 2
12 26768277 2
12 26771495 2
12 26780355 2
12 26780443 2
12 26781200 2
12 26784313 2
12 26790700 2
12 26811785 2
12 26817007 2.5865
12 26824989 2
12 26831931 2
12 26834737 2
12 26848661 0.8288
12 26851160 0.354213335388224
12 26854635 0.6771
12 26861367 0.0053
12 26878251 2.0616
12 26880485 0.5827
12 26897417 0.463222102288377
12 26903943 2.3298
12 26904737 2
12 26906291 2
12 26920615 2
12 26924292 0.0263
12 26931856 2
12 26959050 2
12 26984639 2.4925
12 26986018 0.146968897460552
12 26989253 2
12 26990083 0.558088823994344
12 27002037 2
12 27004671 2
12 27005788 2
12 27008269 1.0944
12 27030927 2
12 27045695 2
12 27062560 1e-04
12 27074889 2
12 27075111 2
12 27088889 0.7481
12 27092512 0.7481
12 27097322 2
12 27097716 2
12 27103690 2
12 27104380 0.0404
12 27105614 2
12 27109305 1.9651
12 27130519 2
12 27161378 0.7481
12 27168496 2
12 27169696 2
12 27169796 2
12 27173721 0.7481
12 27191330 2
12 27198094 2
12 27218634 0.7481
12 27220883 2
12 27221077 1.8038
12 27222473 2
12 27240410 2.978
12 27246848 2
12 27259693 2
12 27263835 2
12 27271338 0.0669
12 27286083 2
12 27288899 0.0729
12 27298073 2
12 27305894 2
12 27333558 0
12 27334535 2
12 27363001 2
12 27376153 1.1383
12 27392427 0.346407046965612
12 27399381 2.542
12 27402904 2
12 27405138 2
12 27405938 0.0681
12 27416092 1.20773403891364
12 27435296 6e-04
12 27440994 2
12 27442610 2
12 27443365 2
12 27449252 0.596746376614001
12 27451818 2
12 27454910 0.0962785844786196
12 27461698 2
12 27468197 2
12 27472946 1.39878735539239
12 27501965 0.8563
12 27506003 2
12 27510691 2
12 27530312 0.9601
12 27530875 0.9601
12 27537396 0.9601
12 27541316 2.4996
12 27550288 0.0263
12 27550994 2
12 27553796 2
12 27553901 0
12 27578387 0.266274410363628
12 27578501 0.605271233406452
12 27579769 0.657698901109214
12 27581881 0.199005760000657
12 27584550 0.0993424185747223
12 27589733 0.5652
12 27591878 0.440675883120557
12 27594305 2.3651
12 27595898 0
12 27609205 2
12 27636327 0.247678708258764
12 27637437 0.8969
12 27641042 1.92386953611629
12 27644319 0.581995785963765
12 27647992 0.723288169190121
12 27648498 1.02055047359428
12 27649999 1.2694
12 27652641 2
12 27656080 0.56094819759316
12 27657072 2
12 27657832 0.827067827487186
12 27657996 0.9291
12 27660970 0
12 27662381 1.53846528127621
12 27664142 2
12 27664828 2
12 27665472 2
12 27667369 2
12 27684741 2.397
12 27706655 0.559
12 27725895 0.529
12 27770465 0.2988
12 27771725 0.2988
12 27774170 0.2988
12 27782535 2
12 27784538 0.2988
12 27803314 0.9382
12 27808654 0.3811
12 27820719 1.036
12 27823190 0.1747
12 27823966 0.6292
12 27833994 2
12 27843895 2
12 27876066 0.0976
12 27882016 1.0789
12 27899664 1.6779
12 27915373 0.0792
12 27918918 0.0731
12 27922869 0.0731
12 27927280 0.0731
12 27939661 2
12 27941465 0.60129363385113
12 27965914 2
12 27966663 2
12 27968395 0.4235
12 27973312 0.2962
12 27974006 0.0577
12 27984936 0.1514
12 27996681 1.6008
12 27998085 1.5487
12 28007694 1.9234
12 28008223 1.6008
12 28009449 2
12 28014668 1.5487
12 28020739 1.4571
12 28028470 1.4571
12 28031928 1.8861
12 28033275 1.40097245252118
12 28037719 0.172373972633752
12 28071686 2
12 28073793 2
12 28076627 0.4898
12 28080957 0.0519
12 28084798 0.858770039192344
12 28086126 0.430942234899034
12 28087033 0.156341195252763
12 28094288 2
12 28096530 0.0075
12 28098368 2
12 28104822 2
12 28113952 0.3063
12 28133422 2
12 28138401 2
12 28161211 1.8935
12 28162457 0.0364
12 28169284 0.3105
12 28169340 0.0269
12 28177726 0.3155
12 28183780 2
12 28196205 2
12 28197970 2
12 28200769 2
12 28205348 2
12 28205710 2
12 28207082 2
12 28208316 2
12 28210254 2
12 28231697 2
12 28267065 1.39121178727279
12 28267857 0
12 28268352 2
12 28304869 2
12 28313227 2
12 28313303 2
12 28330260 2
12 28337959 2
12 28346942 0.4894
12 28361466 2
12 28366349 1.3893
12 28367813 2
12 28394192 1.8781
12 28405946 2
12 28406330 2
12 28410985 2
12 28447788 1e-04
12 28457737 2
12 28465923 2
12 28471724 2
12 28474773 2
12 28475519 2
12 28480502 2
12 28482921 2
12 28483897 2
12 28485332 2
12 28513633 2
12 28528922 2
12 28542914 0.5156
12 28544078 2
12 28557691 0.4768
12 28560634 0.4768
12 28563872 0.4768
12 28565058 0.4768
12 28570992 2
12 28575743 2
12 28631352 2
12 28645878 0.927989011116574
12 28649230 0.4366
12 28657389 1.68609590361825
12 28664217 0.663185791298289
12 28670094 1.8176
12 28673441 1.8312
12 28674976 0.53405103699406
12 28681048 0.556064608508906
12 28697803 2
12 28702380 0.784
12 28713850 0.217
12 28718645 2e-04
12 28761163 2
12 28768758 2
12 28796269 0.0100165052128879
12 28797188 0.455049223276469
12 28809261 0.483517013004777
12 28809860 0.8324
12 28821715 0.6867
12 28831153 0.313826721761255
12 28833450 0.391016683142599
12 28835334 0.899219901110518
12 28835617 0.662323410565277
12 28835683 0.399349110216584
12 28835951 1.00151172704631
12 28836543 0.177753681311142
12 28836656 1.13107804566887
12 28837436 0.229413894157946
12 28841080 0.317872859498003
12 28843161 0.433659166246799
12 28844951 0.908788640360831
12 28845825 0.666535130602205
12 28863676 5e-04
12 28863912 5e-04
12 28883736 0.308368465850536
12 28890000 0.8308
12 28898208 1.7268
12 28918542 0.589257573776078
12 28930521 5e-04
12 28932264 0
12 28939886 0.8308
12 28958659 2
12 28974330 3.4158
12 28979691 2
12 28979998 4e-04
12 28992426 2
12 29000483 2.3652
12 29000806 2.3652
12 29001128 0.212122936198071
12 29001450 0.600468223285774
12 29003804 2.3652
12 29007180 0.495199614548422
12 29010404 2
12 29019400 0.232158030318568
12 29029560 0.423997824440621
12 29034042 2
12 29035147 1.5313
12 29039349 0.264210631101093
12 29046018 2.3652
12 29046254 1.3016
12 29046368 2
12 29052836 1.03198596890244
12 29056104 2.15738691319607
12 29058491 0.338068506127016
12 29062331 0.944382943727949
12 29072551 2
12 29074137 0.302997007548414
12 29078317 0.784536593454051
12 29085576 2
12 29086186 2.3652
12 29086635 0.351445328665337
12 29089889 0.610735328713833
12 29090995 5e-04
12 29091047 7e-04
12 29091308 2
12 29092033 2
12 29099274 0.270187292415142
12 29100812 2.4013571805235
12 29107181 1.67661493180867
12 29107512 2
12 29110654 0.00362980603586244
12 29110819 0.738795639078667
12 29115279 0.0854
12 29117050 1.3071
12 29120591 0.0227495201274232
12 29124749 1.62163705024657
12 29126213 0.566063363162577
12 29126677 0.951507890937275
12 29127032 0.892956457938864
12 29127204 0.43567348226492
12 29135184 0.875491180440924
12 29140662 1.2495
12 29145161 2
12 29148301 2
12 29154882 2
12 29168152 2
12 29176841 2
12 29182088 1.0788
12 29184372 1.9106
12 29185894 2.978
12 29187076 1.0788
12 29200230 0.1241
12 29201585 2
12 29203998 2.8302
12 29222117 1.2495
12 29223130 1.3016
12 29239580 0.13735526735907
12 29253274 0.0234
12 29263297 0.57975601049484
12 29282292 1.3714
12 29299800 0.153621568668366
12 29309291 0.728943322689288
12 29325630 0.539285437091226
12 29344058 0.7519
12 29344573 0.602126721055839
12 29352837 2.2025719043469
12 29367084 0.7144
12 29375662 1.0288
12 29386136 0.34300308237548
12 29388051 1.41785239732273
12 29394683 2
12 29399633 0.7523
12 29406613 0.2192
12 29409173 2
12 29409601 0.2192
12 29412246 2
12 29412604 2
12 29414215 2
12 29414360 2
12 29419373 0.8919
12 29429211 0.2192
12 29440835 0.548364800039467
12 29487377 1.9753
12 29489609 2
12 29514747 0.0910909430747416
12 29548824 0
12 29554319 0.0914
12 29558424 0.0312
12 29559154 0.0312
12 29562183 0.8656
12 29567965 0.8656
12 29573351 0.0312
12 29577886 0.8656
12 29579015 0.0914
12 29580857 0.8656
12 29583178 0.5237
12 29585015 4e-04
12 29611184 0.3188
12 29619082 0.9627
12 29619864 0.5797
12 29627354 0.112
12 29634515 0.124067327042891
12 29638713 0.115798538000096
12 29641698 0.588026434884643
12 29643523 1e-04
12 29643564 1.7905
12 29671572 1.58236275013568
12 29683785 0.479
12 29683819 0.18317898522989
12 29695648 2.3324
12 29703481 0.328178619527147
12 29710815 1e-04
12 29715553 0.1222
12 29718667 2
12 29749328 1.1426
12 29767184 2
12 29767695 2
12 29770920 2
12 29776725 0.0257
12 29783693 0.661
12 29796982 2
12 29817554 2
12 29831279 2
12 29849187 2
12 29871635 2
12 29873555 2
12 29882496 2
12 29883941 2
12 29885606 1.1576
12 29894326 2
12 29896148 2
12 29912222 1.1576
12 29912361 2
12 29913572 0.0263
12 29918191 1.1334
12 29925707 2
12 29927228 2
12 29949109 2
12 29955957 2
12 29960404 1.364
12 29970686 4e-04
12 29971437 2
12 29980354 0.7871
12 29991001 2
12 30008694 0.206071196329016
12 30011831 2
12 30019354 0.436099249382973
12 30022456 1.168
12 30024289 1.168
12 30037829 1.1297
12 30038990 1.2126
12 30039186 0.49595345751747
12 30057958 2.3217
12 30062859 0.084
12 30065436 2.2734
12 30067158 2.1933
12 30068090 1.6974
12 30068306 1.6974
12 30070041 0.653251975939141
12 30071123 2.2734
12 30078989 0.0882
12 30079016 0.8878
12 30079089 0.0882
12 30080434 1.906
12 30081111 2
12 30085114 4e-04
12 30089031 0.9894
12 30096160 2
12 30097451 0.1051
12 30099343 2
12 30104899 0.0332
12 30129822 2
12 30132473 0.775222151647098
12 30135044 0.488008294225778
12 30137323 0.637102011624195
12 30143942 0.138276411358727
12 30147444 0.148251573683688
12 30151785 1.52246556015691
12 30169107 0.313739019307163
12 30172698 0.638654832808893
12 30183416 0.802664464839044
12 30185145 0.613028708887163
12 30198814 0.853199933852415
12 30199525 1.21353593998281
12 30201042 1.4634188727036
12 30213286 0.0717
12 30216964 0.508936214056448
12 30220935 0.9509
12 30234370 2.76139723313088
12 30254219 2.8216
12 30255902 0.5423
12 30259084 0.5423
12 30262817 0.1493
12 30262973 0.6458
12 30264731 0.703168541796624
12 30265403 0.756536935424442
12 30265545 0.6458
12 30271288 0.467310671131071
12 30277703 0.6458
12 30280440 0.824936614745752
12 30291855 0.6458
12 30292354 1.25042744995764
12 30301378 0.91128274841222
12 30305516 0.554062508671331
12 30306675 0.962630587739546
12 30308988 0.6539
12 30320448 0.6887
12 30321969 0.6887
12 30322666 1.32472909345131
12 30328619 0.6887
12 30333029 0.6887
12 30333371 0.6887
12 30343132 1.84999148167883
12 30343294 1.061
12 30345286 1.061
12 30346791 1.061
12 30350328 1.061
12 30350885 1.061
12 30350966 0.617092325305187
12 30351002 1.061
12 30352603 1.0211
12 30353730 1.061
12 30354113 0.682431028208296
12 30355035 1.061
12 30361957 1.69700437368865
12 30383489 0.246673963862428
12 30389516 0.392625736469721
12 30389606 0.0960601397051687
12 30394136 2
12 30398316 0.739818360489493
12 30404966 1.38
12 30434571 0.58819800282557
12 30447320 0.309507005389158
12 30456174 0.3164
12 30465315 0.766434288990689
12 30465552 1.427
12 30467256 1.06890014053612
12 30479659 0.081109747302072
12 30486768 1.2222
12 30519580 0.443820507608024
12 30522141 0.511280999502638
12 30540185 0.7027
12 30549537 1.3045
12 30550826 1.0624
12 30557809 1.3045
12 30561939 0.3015
12 30568841 1.3045
12 30573493 0.960508257496598
12 30581468 1.12711287268422
12 30582513 2
12 30590963 2
12 30591353 0.0149684430612992
12 30598178 1.13291154543559
12 30618665 2
12 30626305 2
12 30643081 1.65819335092901
12 30660958 1.77599627927801
12 30661587 0.878069494974431
12 30662974 0.742817669813342
12 30666458 2
12 30671678 2.29557532865284
12 30674152 2.04453594654144
12 30675235 2
12 30686859 2
12 30696254 0.0264
12 30704404 2
12 30706943 0.245534134972033
12 30711990 2.43378238954552
12 30713954 2
12 30721354 2
12 30735067 2
12 30738368 2.6908
12 30740566 2
12 30743737 2
12 30744071 2
12 30755438 0.9995
12 30761734 2
12 30796577 0.336576365404321
12 30810865 1.50251510257058
12 30816103 2
12 30816931 2
12 30818346 0.501586912290198
12 30818926 2
12 30829044 2
12 30836469 2
12 30842552 0.0637
12 30856713 2
12 30857012 2
12 30860907 2
12 30882842 0.5575
12 30882958 1.1109
12 30889041 2
12 30901045 2
12 30905591 2
12 30916064 2
12 30918667 2
12 30924327 2
12 30926633 0
12 30930848 2
12 30940298 2
12 30946256 2.7864
12 30959418 1.00066295694672
12 30960676 2
12 30971433 2
12 30975671 0.591762228226038
12 30976659 1.83270939550722
12 30981691 0.330522122108988
12 31008843 1.16879416118484
12 31009680 2
12 31017926 9e-04
12 31026245 1.3891
12 31028903 1.3891
12 31031620 6e-04
12 31041517 1.48822790193687
12 31049731 1.4425
12 31060710 2
12 31065104 2
12 31070343 2
12 31070496 2
12 31075423 2
12 31083331 2
12 31087165 2
12 31093514 2
12 31094309 1.4425
12 31094546 2
12 31103286 2
12 31103434 2
12 31107748 2
12 31114810 2
12 31118354 2
12 31120455 1.50568818129322
12 31122554 1.1879
12 31123525 0.534199100615066
12 31125097 0.151790438098873
12 31137646 1.1879
12 31146169 2
12 31152383 0.593334127322477
12 31158687 1.3393
12 31171817 1.1619
12 31176484 2
12 31176551 0.1027
12 31178592 2
12 31187029 2
12 31189239 5e-04
12 31189845 0.9103
12 31203959 2
12 31206149 2
12 31215697 2
12 31217845 1.23169203302994
12 31220231 0.5696
12 31222958 0.5696
12 31225196 0.676827068787591
12 31228206 0.7168
12 31229824 2
12 31240248 2
12 31250863 2
12 31253875 1.1569
12 31260391 2
12 31288630 2
12 31289110 0.8966
12 31313616 0.68646125950457
12 31334756 2
12 31346737 2.24355806192858
12 31355085 0.9279
12 31355202 0.9279
12 31361632 0.416685693972917
12 31361952 2
12 31367076 2
12 31367240 2
12 31385132 0.469125975463909
12 31386188 0.396164791084884
12 31400104 2
12 31404756 0.338740052471202
12 31407513 0.172889925863874
12 31417127 0.180748802164358
12 31422146 0.862081335163766
12 31422497 0.416890077232453
12 31446623 1.53610138009601
12 31453529 2
12 31456850 0.149632261786121
12 31466626 2
12 31468650 0.0078
12 31471613 0.820209723129585
12 31471866 0.843107887145166
12 31473798 2
12 31479327 2
12 31483690 0.872159650306978
12 31488231 2
12 31500598 2
12 31501337 0.8551
12 31501734 2
12 31511111 2
12 31527260 0.729754776614133
12 31531886 1.06864601789266
12 31539777 0.740558146149583
12 31548409 1.17596451444465
12 31550548 2.0558
12 31558431 1.1769
12 31564339 1.26665008865793
12 31579972 0.577084799281623
12 31585423 1.1769
12 31587905 0.462436324338301
12 31607306 0.9781
12 31618268 1.4019
12 31618285 1.4019
12 31628352 1.7421
12 31630073 2
12 31633970 0.2193
12 31636398 2
12 31638114 2
12 31639903 2
12 31640286 2
12 31640618 2
12 31648752 2.978
12 31649685 2
12 31658889 2
12 31659215 1.6039
12 31673844 2
12 31696250 2
12 31710006 1.9106
12 31735640 1.59293178004293
12 31738700 1.6243
12 31746541 2
12 31760608 2
12 31762257 0.70647537993967
12 31767037 0.4904
12 31778355 0.8826
12 31806135 0.5029
12 31808936 2
12 31818416 0.0211024777101571
12 31819848 2.49633524860004
12 31829322 2
12 31841806 2
12 31846239 2
12 31856477 2
12 31858619 1.49405574683319
12 31858843 2
12 31874997 1.92622226707021
12 31880186 0.0546420665609962
12 31880979 1.92875172808845
12 31881024 2.09740165833328
12 31881618 0.0431891075466642
12 31882880 1.41675163300146
12 31883201 0.4746
12 31883344 0.908045584518848
12 31884499 0.758225506120163
12 31889546 0.139205431176449
12 31892565 0.4558
12 31893712 0.20258517926422
12 31912399 2.55761316959189
12 31914277 0.7815
12 31918856 0.371055909499405
12 31922974 0.105
12 31923520 0.8822
12 31926025 1e-04
12 31934048 2.2045
12 31941879 4e-04
12 31942961 2.1063
12 31946240 2
12 31953003 0.00931910137448477
12 31958674 0.2485
12 31981130 2
12 31993119 0.8651
12 32002501 1.04123604027249
12 32005046 1e-04
12 32005573 0.0217
12 32033934 0.5595
12 32035003 2
12 32035628 0.0481026657807941
12 32035815 1.082
12 32038454 0.5275
12 32040820 0.0078
12 32042635 2
12 32044943 1.76572282175966
12 32045270 0.0971
12 32047903 0.195465019807143
12 32049284 2
12 32052179 2
12 32067806 1.3863
12 32070294 1.0134
12 32074089 0.6055
12 32077702 0.4309
12 32085297 0.6055
12 32091321 1.127
12 32092762 1.80810301230616
12 32093609 0.574359877011763
12 32098854 0.9907
12 32098884 0.5683
12 32099194 0.8848
12 32106706 0.682720980309712
12 32111797 0.25
12 32116514 2.3970033987395
12 32117768 0.420044247508963
12 32118274 1.0498
12 32122773 0.4001
12 32122816 0.4001
12 32128972 0.474303023932933
12 32129155 1.287
12 32134392 0.724
12 32140436 0.920769751655127
12 32143033 1.11067650175254
12 32143206 0.401965046178485
12 32143778 1.62549097957746
12 32151501 0.76410911381919
12 32159806 2.46775951265064
12 32165719 0.2267
12 32168377 0.924051259654426
12 32181767 0
12 32192910 1.7784
12 32200682 0.439869806317456
12 32205303 0.7523
12 32205717 0.382924210193069
12 32216967 2
12 32221961 2
12 32236373 2
12 32237740 0.408308860000527
12 32238770 2
12 32239440 2
12 32250644 2
12 32251492 0.2561
12 32258547 1.1607
12 32263675 2
12 32289300 0.1983
12 32289319 0.909848372810971
12 32295777 0.190210207992108
12 32303782 2
12 32326062 0.746301249682423
12 32330233 1.7766
12 32334173 0.5623
12 32341919 1.59607025107401
12 32342252 2.2143
12 32346521 5e-04
12 32347652 0
12 32348264 2
12 32349571 0.5623
12 32362329 2
12 32362827 2
12 32368564 1.5377
12 32378278 2
12 32381229 2.4294
12 32387233 2
12 32392812 2
12 32393617 2
12 32398269 2
12 32400367 2
12 32410422 2
12 32414287 1.0268
12 32422004 2
12 32422095 2
12 32422843 2
12 32423224 2
12 32429359 2
12 32429718 2
12 32433980 2
12 32449630 1.5087
12 32449703 0.635720007790648
12 32453220 0
12 32456299 1.5087
12 32474234 1.5392
12 32476561 0.536504155901816
12 32484696 0.334791727104422
12 32486536 0.881728910462263
12 32520432 0.0178
12 32529836 2
12 32537923 1.36543052702986
12 32549806 2
12 32555021 2
12 32570222 2
12 32582859 1.7096
12 32589361 0.0230337820189291
12 32589852 0.919640127086546
12 32592490 1.01631955065601
12 32593475 1.9711723424971
12 32595405 2
12 32597536 2
12 32610734 2
12 32617613 2
12 32632252 2
12 32633766 2
12 32637053 2
12 32645524 0
12 32657787 0.2445
12 32661013 0.3071
12 32662016 0.3071
12 32662203 0.3071
12 32665793 0.3071
12 32669110 0.3071
12 32669131 0.3031
12 32678690 4e-04
12 32684906 0.3071
12 32717815 1e-04
12 32718008 1.4717
12 32763802 0.1191
12 32764928 0.1124
12 32771514 0.0188
12 32778729 0.1416
12 32780658 0.6535
12 32782112 2.1608
12 32790683 0.860853292661781
12 32792173 0.212403367544525
12 32797692 2
12 32797835 2
12 32804622 2
12 32815428 0.918
12 32819005 0.0306505917554048
12 32819893 0.037830853705137
12 32829941 1.73421503784533
12 32863880 2
12 32904510 0.352822343139444
12 32928436 0.101725057799484
12 32929505 0.428393842591557
12 32933027 5e-04
12 32945785 0.00671080800496707
12 32946233 1.23351011214282
12 32954138 0.32753284636634
12 32960984 1.4389
12 32962285 0.7854
12 32966282 2
12 32966563 2
12 32968554 0.7854
12 32970264 2
12 32971946 2
12 32987985 0.7408
12 33002743 0.577465658012959
12 33003000 0.442452379600602
12 33003964 2
12 33013390 2
12 33015077 0.781013787642449
12 33016730 0.7198
12 33022191 2
12 33022796 2
12 33032434 2
12 33032480 2
12 33036245 2
12 33043503 2
12 33053704 2
12 33057745 2
12 33073386 2
12 33096870 2
12 33097770 2
12 33104897 1.2437
12 33114747 0.7808
12 33122743 2
12 33148060 0.707079007076744
12 33199867 0.465205971845953
12 33200828 0.050521799317678
12 33205492 0.125078481851077
12 33209037 0.762967232247624
12 33211464 0.393781165174116
12 33213737 2.53369521405106
12 33219987 1.23907536206573
12 33224461 0.541262730831805
12 33233720 0.482786041734955
12 33235327 0.7285
12 33254513 1.92107622268789
12 33260750 0.919375874035905
12 33271051 0.433572733919977
12 33303900 0.1620787305602
12 33305980 0.902784515304487
12 33312061 1.59322909564736
12 33312756 1.20504673927495
12 33321595 2.33531710723479
12 33323775 0.534534390414936
12 33338807 1.0897
12 33338849 1.0897
12 33363635 2.5382
12 33370615 1.015
12 33424699 1.232
12 33450051 0.315797405112601
12 33463769 1.37565366519311
12 33473595 0.884988367083104
12 33497773 0.438277960754609
12 33504866 1.8777168922201
12 33516704 1.16281438883411
12 33528514 1.90530503441385
12 33560696 0.515317710182571
12 33561379 0.334351715178127
12 33571191 0.797513510637239
12 33573468 0.5624
12 33583873 0.628472044003018
12 33588446 0.7091
12 33599859 0.3823276011696
12 33615723 0.082
12 33637891 0.473385952196042
12 33645657 1.81418683100865
12 33656962 1.2053448020651
12 33662885 1.23280168694286
12 33701720 1.0789
12 33715264 0.18637155490081
12 33724461 1.35023576579984
12 33730874 0.926
12 33736893 1e-04
12 33751970 1.2154
12 33770201 0.352018577056719
12 33784137 0.507047512163142
12 33785369 0.239975104352822
12 33787049 1.03762483441124
12 33793216 1.36482256149726
12 33802827 0.279084791568122
12 33825831 0.902573140532371
12 33826674 0.339359159517948
12 33842419 1.79824257281606
12 33856804 0.151354270708084
12 33863211 1.33255466242768
12 33865315 2.39023961143998
12 33869984 0.465882407933957
12 33883927 1.17240125969867
12 33886022 0
12 33888324 0.695235582580405
12 33890498 1.23670097562301
12 33892453 0.37336793548225
12 33892852 0.591913380104726
12 33899347 2.8735
12 33900781 5e-04
12 33903369 0.636103406951684
12 33909317 0.0530692873607885
12 33915866 1.38617112057568
12 33921577 0.95135764141439
12 33927442 2
12 33929994 1.34812698791101
12 33933615 0
12 33934517 0.747441129465637
12 33946255 0.917985535791281
12 33953125 0.569463359773703
12 33974796 0.4857
12 33995979 3.1227
12 34033243 0.560360573216195
12 34044245 0.4857
12 34047467 0.4857
12 34060697 0.803474584599837
12 34063963 1.58274211520064
12 34067031 0.3806
12 34071520 0.4857
12 34074331 1.34887921946172
12 34087862 0.53348072915388
12 34095598 0.682077938613398
12 34107812 0.4495
12 34108454 0.517711609607989
12 34147296 0.4857
12 34176556 0.146404269598044
12 34190817 0.710087616934987
12 34193653 0.415177071601441
12 34221944 2.21916394684744
12 34223306 1e-04
12 34223955 0.844
12 34252671 0.00641163675690631
12 34255230 0.36482942324681
12 34255371 2.04719783978171
12 34256770 2.13960171751062
12 34257818 0.735412139333911
12 34260587 4e-04
12 34264123 1.20017364735606
12 34272148 0.796117851697676
12 34288024 0.12408593797664
12 34304236 0.271087730117053
12 34329012 1.63792815693036
12 34345805 0.345207583495211
12 34365076 1.76093692791009
12 34375175 0.856598598806935
12 34396303 0.615112804774194
12 34408963 0.759581234466406
12 34412649 0.214412048148637
12 34421942 0.245817168974116
12 34434309 0.415839586486777
12 34448170 0
12 34476401 0.664380957610817
12 34492760 1.04150742127184
12 34500681 0.565200503662787
12 34511260 0.0078
12 34524578 0.209005790183404
12 34538158 0.0786795639222196
12 34550633 2.30557353646879
12 34552433 1.0051
12 34559465 1.20666973394407
12 34569222 0.85938979458244
12 34583293 1.40803099370381
12 34586031 2.66017108154661
12 34609816 2.18844615528756
12 34656633 1.16007542291095
12 34672407 1.2702847541287
12 34692140 2
12 34703202 0.0263
12 34707162 0.0078
12 34708836 0.8878
12 34797201 5e-04
12 34830534 2
12 34832533 0.0078
12 34832843 0.0809649309680198
12 34877816 1e-04
12 34923511 5e-04
12 35067446 1e-04
12 35164237 1.28195402329231
12 35164570 1e-04
12 35207404 1e-04
12 35279673 2
12 35681919 0.919290461368697
12 36230438 2
12 36312823 1.57682616652399
12 36478307 0.923859985895233
12 36543362 0.273912713829123
12 36639650 6e-04
12 37176199 0.0277034811474036
12 37257401 2
12 37258722 0.715369921430447
12 37262534 0.605745136917731
12 37285950 0.289884145985433
12 37288399 0.23847650091326
12 37300911 0.162870714608514
12 37328446 0.446397949660427
12 37357265 0.166208024327937
12 37357334 1.65065911307369
12 37358569 1.76758239008695
12 37362087 0.463078102803116
12 37368360 0.0224080129269598
12 37372244 0.0248097852252685
12 37373350 2.08502583729058
12 37381298 1.12890064512208
12 37405749 0.577917286067391
12 37408921 0.851807399062493
12 37413084 0.597823096374524
12 37423591 1.02151642508451
12 37429498 5e-04
12 37430312 2e-04
12 37430375 1e-04
12 37442132 0.902046295188085
12 37459483 0.728300319415887
12 37463487 0.48629341636566
12 37463865 0.486035318907771
12 37479168 1.98472583944299
12 37491359 0.055901176375452
12 37505598 0.178358788686494
12 37512079 0.217202826326099
12 37514815 0.160804171326284
12 37516901 1.17221542543013
12 37518765 0.0263
12 37547251 0.339377371809369
12 37549752 0.177960355793157
12 37559969 0.359696075657001
12 37560483 1.4002681866339
12 37560890 2.7094
12 37571490 1.24206395539012
12 37579737 0.73230216485053
12 37581105 1.37
12 37591675 1.33018127918779
12 37600811 5e-04
12 37601951 0.517663502168622
12 37604368 0.251619579615159
12 37611240 0.468112178702711
12 37611904 0.673481303133432
12 37649125 0.312825574270648
12 37652840 0.936218285037714
12 37654998 0.483344857645862
12 37655699 0.871936703138089
12 37656388 0.24637320194877
12 37659330 0.627898398413672
12 37660617 0.211003368333012
12 37663717 0.572697570985514
12 37664540 0.712645185123636
12 37665977 1.0848
12 37666461 0.133446949401594
12 37666803 1.91317864326165
12 37692632 2
12 37702408 0.195311160050898
12 37721335 0.807552354139747
12 37726683 0.864126275027011
12 37728121 0.6503480181546
12 37756869 0.389498983822726
12 37776078 0.726908957628663
12 37787344 1.1680160008958
12 37791196 1.50934111367347
12 37799847 1.09153900004236
12 37810969 2
12 37814339 0.5192
12 37814410 2
12 37814714 0.452383135982322
12 37815038 0.352497758554698
12 37816407 0
12 37827127 1.821
12 37829157 0.227490612959098
12 37830388 0.0392132206416269
12 37833773 0.398400457676593
12 37835547 0.171299282119197
12 37845282 0.579855615297093
12 37847819 1.28165404127886
12 37852722 1.89417716065546
12 37874173 1.1279
12 37878027 0.262059937527734
12 37880093 0.103576629369173
12 37884505 1.77592892414906
12 37890460 0.487300362675288
12 37890821 2.37112567088754
12 37893212 0.738276397964323
12 37895957 0.544486716174882
12 37897635 1.7894
12 37899272 2.33170915761228
12 37904511 0.238597154422681
12 37911903 0.00199304894425579
12 37921276 0
12 37928079 0
12 37932046 1.29683358666276
12 37935225 2.1063
12 37937535 1.24281125378343
12 37938579 2.36721651457387
12 37944350 0.071953455994424
12 37945247 1.2694
12 37954283 5e-04
12 37955421 0.0572787460000586
12 37955738 1.51998970182579
12 37959587 0.0815544952547439
12 37963155 1.58428470200208
12 37963804 1.29706531791839
12 37982172 0.265
12 37982198 0.2826
12 37991661 0.2738
12 37992480 0.4035
12 37999775 0.265
12 38009362 1.20665548013352
12 38013901 2
12 38020786 0
12 38022864 0.998991405588955
12 38024733 0.556921023740667
12 38025633 0.889052955433896
12 38026055 1.01640520105962
12 38026753 0.2738
12 38036996 0
12 38038207 2
12 38044490 0.925805186873357
12 38049907 0.4878
12 38053367 2
12 38056245 0.4878
12 38056626 0.377109847464956
12 38057881 2
12 38058396 0.631138079354836
12 38058871 0
12 38068253 0.3915
12 38073061 0.2738
12 38074942 0.2738
12 38080860 2
12 38084873 0.900840255403202
12 38094797 0.2738
12 38111892 1.3679
12 38112600 0.175671252489914
12 38115932 2
12 38116197 0.2738
12 38119559 0.152924243052014
12 38132497 1.12952373366865
12 38148744 3.1147
12 38158533 1.29739386985495
12 38182690 0.915048434813437
12 38183545 1.37152274359785
12 38190464 2
12 38192973 2
12 38197876 2.50605155308611
12 38201590 1.18839450580512
12 38223216 0.318380661502331
12 38224871 0.2738
12 38233913 0.417072632541639
12 38238509 4e-04
12 38263956 0.3293
12 38264836 1.12966342148782
12 38285824 0.692219395651538
12 38296552 1.175159019773
12 38296630 0.938372012869006
12 38313110 0.69467269118273
12 38317486 2
12 38317856 0.134262348582316
12 38321665 1.1791116416949
12 38326000 0.290443435128592
12 38326169 1.58808526533858
12 38327122 0.0804
12 38327522 2
12 38331115 2
12 38332622 2
12 38335301 0.830524911848738
12 38338255 2
12 38339137 0.0657605371629851
12 38340369 0.216591435557149
12 38340524 2
12 38350828 2
12 38359035 1.6124
12 38361029 2
12 38361706 1.3899
12 38364146 2
12 38393033 2
12 38398546 1.07683664730117
12 38406100 2
12 38421471 2
12 38423014 0.3255
12 38470837 2
12 38512584 0.818323247149421
12 38525722 2
12 38526619 2
12 38545255 2
12 38545706 2
12 38556025 1.4038
12 38556893 2
12 38581094 2
12 38603593 2
12 38616291 2
12 38617002 2
12 38618677 2
12 38621857 2
12 38639813 2
12 38658418 0.838849729673906
12 38667053 2
12 38680162 2
12 38692112 2
12 38703190 2
12 38712929 2
12 38726448 2
12 38737849 0
12 38739505 2
12 38746069 1.0548
12 38755695 2
12 38756567 1.35614427796366
12 38787780 0.102902811278578
12 38809381 0.0444
12 38829181 2
12 38832189 0.923270223267595
12 38851918 0.0441
12 38905901 0.882977604768001
12 38915912 2
12 38938045 2
12 38949149 0.195134095745895
12 38957367 0.0263007053174621
12 38963643 0.442585285619916
12 38964280 0.691621450553542
12 38964322 0.0833758948563637
12 38964462 0.485439705781534
12 38968852 0.405999013162037
12 38969033 1.36276711780225
12 38970770 0.169546613561144
12 38975940 0.571025752476756
12 38977357 0.562067178434448
12 38981306 0.532381006555676
12 38987833 0.679309613314388
12 38990098 0.725212114778257
12 38991086 0.322692639667192
12 38993971 0.663462315485891
12 39047487 0.323501926703747
12 39047597 1.82199980112913
12 39057207 2
12 39077572 2
12 39079291 2
12 39084541 2
12 39088838 2
12 39124491 2
12 39145452 2
12 39146447 2
12 39191778 1.4893
12 39194919 2
12 39207024 0.481124988971431
12 39209828 3.1203
12 39219219 0.933660609068237
12 39220821 2
12 39229431 1.4893
12 39248823 2
12 39280945 2
12 39288573 2
12 39295760 1.37382348195276
12 39355970 0.804855730497822
12 39371194 2
12 39436452 5e-04
12 39436658 1.3939
12 39446042 2
12 39476838 2
12 39486456 2
12 39500282 2
12 39512879 2
12 39520646 0.492124549848845
12 39534633 1.0609
12 39534748 2
12 39554327 1.0609
12 39557675 1.86289732077142
12 39558615 2
12 39568032 2
12 39589600 1.3939
12 39595377 4e-04
12 39617722 0.644334749070088
12 39621130 0.9839
12 39644492 1.0162
12 39648831 1.3202
12 39652323 0.0942
12 39659690 0.0817
12 39661409 1.0162
12 39681058 0.0817
12 39688217 0.0075
12 39690620 0.0817
12 39701997 0.0879
12 39706077 0.0817
12 39713838 0.0078
12 39744222 1.3202
12 39760750 0.0942
12 39760975 2
12 39768180 0.0162
12 39790127 5e-04
12 39790542 5e-04
12 39797744 2
12 39829416 2
12 39835220 0.6766
12 39852035 2
12 39856659 2
12 39863691 2
12 39864397 2
12 39882765 4e-04
12 39895516 1e-04
12 39895640 1.62057256915289
12 39895895 0.369
12 39906111 2
12 39921228 0.8324
12 39923421 1.1667
12 39924755 0.6221
12 39925243 2
12 39933609 2
12 39934984 0.1102
12 39939239 2
12 39946824 2
12 39949902 1.1043
12 39956711 1.1391
12 39957690 0.873
12 39961291 1.1043
12 39971534 0.2149
12 39988657 1.38120615563711
12 39990100 0.888630356358376
12 40008974 0.0712
12 40031151 2
12 40031175 2
12 40051957 1.97006461516966
12 40080198 2
12 40082957 0.1006
12 40118086 2
12 40141316 1.20100856392509
12 40145887 2
12 40146097 0.1627
12 40146228 0.0078
12 40146820 1.21760729072338
12 40149798 2
12 40151816 0.1071
12 40153244 2
12 40160857 2
12 40168715 0.1627
12 40172536 0
12 40188422 0
12 40197315 2
12 40197764 5e-04
12 40198423 0.0043
12 40200371 0.0043
12 40204542 0.108438679718934
12 40220944 2
12 40231279 2
12 40232887 0
12 40234631 2
12 40238297 2
12 40263735 2
12 40281250 2
12 40284475 0.680823358872239
12 40319784 2
12 40320386 2
12 40321575 2
12 40324198 2
12 40329369 1.7505
12 40334496 2
12 40347033 0.5597
12 40353080 2
12 40353226 2
12 40371801 2
12 40376540 0.2683
12 40381477 2
12 40383514 0.2683
12 40384317 0.5359
12 40390706 2
12 40392301 2
12 40397412 2.61644366279278
12 40401043 2
12 40402971 0.240483759700057
12 40406396 2
12 40406465 0.131491170352691
12 40428294 2.10427089609971
12 40439003 2
12 40444981 2
12 40446203 2
12 40446231 2
12 40448637 0.1167
12 40449458 2
12 40452787 1.6347
12 40453416 0.6175
12 40458596 0.1307
12 40471222 0
12 40473935 2
12 40482549 0.258342915145701
12 40488198 1.7052
12 40488648 2
12 40488688 0.5949
12 40489446 0.7631
12 40490601 0.3228
12 40491929 0.8322
12 40492002 0.3228
12 40493780 1.4269
12 40496909 0.3228
12 40512271 2
12 40534088 0.2669
12 40536716 0.9435
12 40552688 0.2762
12 40564414 0.9435
12 40581644 1.523
12 40601621 0.9217
12 40603484 1.26425614630055
12 40606207 0.1035
12 40620569 0.0825
12 40625546 2
12 40643047 0.261330428083699
12 40669987 2
12 40698008 0.6993
12 40706457 0.4702
12 40707239 5e-04
12 40710576 2
12 40713981 0.6831
12 40727235 0.802020964559624
12 40770136 2
12 40775945 2.22135420940339
12 40778785 2
12 40787438 2
12 40787540 4e-04
12 40791489 0.9011
12 40805577 1.9629
12 40806727 0.200202963986097
12 40821046 0.0137
12 40825861 0.328431184957177
12 40827422 1.95370718152423
12 40829006 2
12 40830732 0.248
12 40844268 0.0416
12 40845790 0.0597054892665279
12 40866934 0.3206
12 40870577 0.0428
12 40871457 1.0211
12 40883336 2
12 40884632 2
12 40893925 2
12 40901324 0.1701
12 40908572 1.8626
12 40912213 7e-04
12 40917062 2.3992
12 40919930 2
12 40953411 0.286030958491406
12 40955728 2
12 40980895 0.420316175161093
12 40983674 1.9106
12 40995746 1.3095
12 41056942 5e-04
12 41073611 1.33841535059459
12 41092903 0.0337946509225377
12 41114864 2.97832298600815
12 41172656 0.38353342822148
12 41186486 0.0733
12 41193032 0.246634975625297
12 41194322 0.0218
12 41194766 0.0218
12 41218152 0.0475
12 41230626 0.392493378789703
12 41234700 0.009
12 41237084 0.0402
12 41280154 0.7828
12 41308243 0.5907
12 41316913 1.855
12 41316972 0.8269
12 41326741 0.563
12 41334537 0.0613
12 41339126 0.0818
12 41345974 0.2559
12 41347177 0.0513
12 41350322 0.0513
12 41364048 0.0513
12 41374165 0.0513
12 41381303 0.0512
12 41402354 0
12 41447770 0.544993504892599
12 41455075 0.057503212996811
12 41457678 0.550640521317905
12 41460241 0.225640528417066
12 41462798 0.62391076340519
12 41476532 0.0078
12 41536271 1.0097
12 41562940 2.3019
12 41564276 0.8196
12 41572059 0.321506834393298
12 41589828 2.978
12 41590536 1.66423808192298
12 41597948 1.21249409816521
12 41600056 0.310065527860204
12 41601245 0.181830418688883
12 41603823 0.506266141557547
12 41605520 1.39254095993362
12 41605856 0.106602110474267
12 41608054 0.953830981134742
12 41610050 2
12 41611639 0.0393062708683028
12 41626044 0.0866
12 41630507 0.0743
12 41636769 2
12 41636828 2
12 41638032 2
12 41638113 2
12 41638927 2
12 41645603 1e-04
12 41646878 0.503480773256794
12 41649687 2.4719837293428
12 41653731 1.03981249586401
12 41667228 0.674256956771713
12 41672293 1.6377
12 41679841 2
12 41686359 1.29039169355511
12 41687149 0.75505834383153
12 41709998 2
12 41710757 1.17952753900246
12 41715079 0.328093823884201
12 41717205 2
12 41717860 0.199501048637104
12 41741088 2
12 41762011 2
12 41762836 2
12 41774869 2
12 41778678 0.222502953809255
12 41779053 2
12 41779077 2
12 41792144 0.0386
12 41797235 0.638214356753084
12 41800572 0.026
12 41801356 0
12 41819151 2
12 41826876 0.9371
12 41829606 0.458746538988779
12 41839990 0.126
12 41842816 0.126
12 41843055 2
12 41847602 0.0329
12 41889371 2
12 41913809 0.0595
12 41918353 0.3189
12 41920496 0.3189
12 41922898 2
12 41925995 2
12 41950161 1.02117939048141
12 41954393 1.1364
12 41954722 1.9814
12 41961416 2.23260534298717
12 41965607 0.334756866643734
12 42019857 1.35525601132635
12 42034714 1.51805928290819
12 42042617 2.4365
12 42051457 2
12 42051748 0.434228820981622
12 42056451 2
12 42057320 1.3998445840845
12 42067368 0.996
12 42082811 0.331333262154258
12 42090129 2
12 42110633 1.31163271184237
12 42126450 1.90514822100534
12 42140689 2.03591349203991
12 42167666 0.608262634065953
12 42189073 0.218401684267685
12 42192668 2
12 42226776 0.170054683163766
12 42227844 2
12 42228030 2.8585
12 42228057 0.372626633953805
12 42228145 5e-04
12 42236615 2.3635286937852
12 42241681 1.06985140741924
12 42248576 0.203034806438299
12 42260943 1.11563846455585
12 42286757 0.295447163070809
12 42288611 2
12 42288809 0.402126082496048
12 42290279 1.55959051299886
12 42294813 0.29102469206298
12 42304070 0.0078
12 42312069 0.0078
12 42318748 0.700362152457481
12 42330220 1.29254418323118
12 42332818 0.0100917504171331
12 42343602 0.092324597101598
12 42345786 1.05507846735167
12 42350825 2
12 42353397 0.745793070173536
12 42355537 2
12 42360444 0.0530465464329143
12 42366314 0.835825431889692
12 42389495 2
12 42400551 1.5336
12 42413413 2
12 42421427 1.5605
12 42430682 2
12 42437184 0.615162223247217
12 42446912 0.375287080628601
12 42454197 0.655094037472105
12 42472072 2
12 42478549 2
12 42479387 0.795490231891246
12 42479600 2
12 42480601 1.1559
12 42483565 1.1364
12 42485324 1.4181
12 42497097 2
12 42506299 1.4444
12 42506556 1.4444
12 42506921 1.12998524210991
12 42507833 2
12 42515129 2
12 42523257 2
12 42551136 4e-04
12 42555028 0.6271
12 42557253 0
12 42562371 0.237393510654956
12 42572621 2.37640826912192
12 42613807 1e-04
12 42615162 0.384179904061354
12 42616146 0.049
12 42616191 0.963657131374012
12 42616221 0.049
12 42631612 5e-04
12 42641202 0.610870854370175
12 42643877 0.0545
12 42660597 0.0625
12 42670855 1.7305
12 42692875 0.639673538295507
12 42711802 0.0078
12 42715527 1.00844419353726
12 42722810 0
12 42738374 1.19934955507862
12 42742655 0.195497165434971
12 42816769 0.644
12 42818803 5e-04
12 42832265 0.998360188067757
12 42853091 0.8263
12 42858916 2
12 42869288 0.3461
12 42874015 0.3636
12 42875062 0.3636
12 42877335 0.3636
12 42890972 0.2545
12 42895312 0.2877
12 42895328 0.2232
12 42898992 0.2964
12 42902196 0.2465
12 42930743 1.23663084054409
12 42933373 0.945920830418033
12 42951874 2
12 42955140 1.44785416793335
12 42974405 0.2367
12 42974627 0.0252
12 42990037 0.3509
12 42994072 3.1145
12 42996001 1.1523
12 43000928 0.4629
12 43012107 0.482145228684715
12 43021183 0.8754
12 43024207 1.442
12 43038823 2.61444137073329
12 43054070 2
12 43071771 2
12 43079208 2
12 43079717 2
12 43080697 2
12 43091397 2
12 43098540 2
12 43120429 2
12 43121982 2
12 43127611 2
12 43133471 2
12 43139228 0.813
12 43142054 2
12 43144610 2
12 43147446 0.313438537579528
12 43197529 0.8592
12 43199306 0.614508638538793
12 43212388 1.0508
12 43216224 0.902
12 43221846 2
12 43224219 1.0202
12 43232103 0.5048
12 43232434 1.5097
12 43242550 1.2221
12 43253815 1.0202
12 43255020 1.0202
12 43264023 1.0202
12 43279524 2
12 43283362 1.4919
12 43288712 0.8949
12 43304242 0.0804996875204177
12 43304559 2
12 43319569 2
12 43328864 2
12 43343197 2
12 43391457 1.5053
12 43424302 2
12 43426350 1.79659369335097
12 43451489 2
12 43492379 5e-04
12 43497883 2
12 43511783 1.7471
12 43517984 2
12 43524562 1.85502273445862
12 43525076 0.443621894094045
12 43531907 2
12 43538071 0.650227727128831
12 43545820 2
12 43552223 0.124593470358448
12 43558042 1.6824884789807
12 43572843 0.0704
12 43588343 1.25983241491429
12 43609795 0.0107
12 43610920 0
12 43625785 1.84002128787374
12 43627186 0.0946778429407906
12 43639806 2
12 43640356 0.5069
12 43643287 0.213842554794759
12 43659349 0.4132
12 43660428 0.2246
12 43684889 0.1297
12 43707289 0.2246
12 43822902 2
12 43825050 2
12 43852430 2
12 43857304 2
12 43858212 2
12 43859794 2
12 43862254 0
12 43868589 2
12 43868891 2
12 43888982 2
12 43894258 2
12 43896215 2
12 43899817 0.0708816020525736
12 43900917 2.55886947932415
12 43906804 2
12 43913546 2
12 43913601 2
12 43923247 2
12 43923405 2
12 43925244 2
12 43930015 2
12 43990530 0.29972601869959
12 43993758 2.13
12 43994867 0.0162
12 44004451 0.0107
12 44024856 2
12 44027169 5e-04
12 44039579 2
12 44055978 1.6469
12 44067103 1.5777
12 44084991 1.4706
12 44093117 1.4526
12 44099260 1.05032575150505
12 44101551 0.156116308416078
12 44138636 2
12 44179157 2.0264459765594
12 44189347 0.298355797606701
12 44200288 0.42337669656715
12 44202793 0.693585739161984
12 44203416 2
12 44222982 0.204400624484009
12 44226604 2.61691277754733
12 44254649 2
12 44254879 2
12 44270335 2
12 44279049 2
12 44290828 0.387625237466198
12 44300445 2
12 44376088 2
12 44450563 2
12 44464500 0.701898575181124
12 44496610 2
12 44532551 1.14651781661276
12 44539430 0.81
12 44546703 2
12 44547288 2
12 44560060 0.5481
12 44570607 2
12 44577477 0.74291001427717
12 44587266 1.96724363120607
12 44587308 5e-04
12 44616104 2
12 44625053 1.3474
12 44629177 1.3474
12 44646997 2
12 44658804 0.9441
12 44672577 2
12 44672952 2
12 44755191 2
12 44764032 0.8555
12 44767231 0.97277785795831
12 44775898 2.16723825733757
12 44784328 1.11677481192366
12 44786241 0.0270430036603578
12 44786881 0.166985576739853
12 44787242 0.301355425410156
12 44791958 2
12 44797893 0.346
12 44843618 2
12 44848489 2
12 44872162 2.5345
12 44884284 2.5866
12 44914936 2.5866
12 44933266 2
12 44934264 5e-04
12 44950602 2
12 44958177 1.9629
12 44961380 1.945
12 44962803 2
12 44963956 2.5345
12 44980541 2
12 44998067 2.5866
12 45016012 2.5866
12 45017025 2
12 45017030 0.374286571697514
12 45044106 1.24627946786801
12 45061986 2
12 45062269 2.5866
12 45070363 2.5866
12 45071588 2.5866
12 45074064 2.5866
12 45080169 0
12 45085212 2.5866
12 45093867 0.6409
12 45095890 2
12 45105741 2
12 45154808 2
12 45155133 0.5193
12 45186025 1.6337
12 45207006 0
12 45231039 2.5866
12 45237204 2.7095
12 45238051 0.0462
12 45243760 2.7095
12 45253685 1.5299
12 45257487 0.890608119084755
12 45280714 0.0053
12 45285170 0.0053
12 45301248 5e-04
12 45307719 2.5866
12 45340990 2
12 45381125 2.0475
12 45391895 1.3917
12 45408717 2.1864
12 45413835 2.6444
12 45427867 2.1864
12 45435936 1.3917
12 45443941 2.0475
12 45453305 1.56068360462308
12 45455472 0.0558
12 45456239 0.4503
12 45468170 2.0614468272124
12 45470920 2.2967
12 45474840 0.1939
12 45477735 2.2967
12 45486894 2.2967
12 45488917 2.2967
12 45493471 0.350822262120204
12 45497153 0.343870136238207
12 45498443 1.3883
12 45501236 1.3883
12 45508478 1.3952
12 45522718 0.2754
12 45527800 1.9629
12 45546302 1.9629
12 45559975 2
12 45565124 1.9629
12 45653680 2
12 45654996 2
12 45697572 2
12 45698760 2
12 45703010 2
12 45708805 0.370821512979511
12 45710924 0.249299233617792
12 45724515 2
12 45802066 2
12 45855644 2
12 45899037 2
12 45901125 2
12 45919855 2
12 45935409 2
12 45965191 2
12 45969244 0.909438466257569
12 45993318 2
12 46009096 0.3274
12 46014288 0.1007
12 46016102 2
12 46016124 0.001
12 46016126 1.30770208055445
12 46025303 0.5211
12 46027503 0.306426177096616
12 46032954 2
12 46036870 2
12 46050009 2.50835783762282
12 46055141 0.1586
12 46070428 2
12 46070668 2
12 46081104 2
12 46083881 2
12 46091860 0.3877
12 46102611 2.6692
12 46117100 0
12 46120340 1.23139810830877
12 46122893 2
12 46123571 1.0035
12 46136858 2
12 46137242 2
12 46145332 0.9693
12 46148210 5e-04
12 46149457 0.9371
12 46150056 0.556885099099976
12 46180005 0.196488504013364
12 46185605 1.23863821816688
12 46190970 2
12 46193130 0.607003831972406
12 46195365 2
12 46197264 0.7629
12 46219477 3.1148
12 46219711 1.345
12 46220533 1.345
12 46228486 0.227369686937324
12 46231118 1.69112915903462
12 46255200 0.471860744440873
12 46262739 1.25757500961391
12 46279650 0.903603317762167
12 46308149 0.686349483734518
12 46342240 0.131397747214159
12 46343808 0.0375199704330709
12 46361329 0.0639762527334609
12 46379661 0.822187350856578
12 46398305 0.181975882678702
12 46420074 1.09397344142362
12 46420462 0.282825985661992
12 46431335 0.971760923092894
12 46431392 1.19366129844368
12 46443921 0.258664450028975
12 46454695 0.0511058772727684
12 46462776 2
12 46640576 0.0273
12 46691737 1.04640828262242
12 46695802 0.851559874201006
12 46708023 2
12 46708992 1.2643
12 46723238 2
12 46724722 2
12 46727357 1.3474
12 46731444 2
12 46732724 2
12 46735343 2
12 46739031 2
12 46741717 2
12 46751265 4e-04
12 46751751 2
12 46777303 0.2427
12 46784179 0.0078
12 46784524 0.2509
12 46796745 1.3733
12 46803865 0.1267
12 46804477 0.1267
12 46830542 2
12 46852399 0.3862
12 46859159 0.1818
12 46863334 0.3862
12 46873357 0.3862
12 46890402 1.4929
12 46899668 0.4806
12 46901497 0.0099
12 46936232 0.069
12 46953188 0.280555446848989
12 46956631 0.434
12 46990637 0.5429
12 46995094 2
12 47003158 1.4324
12 47003256 1.0019
12 47012069 2
12 47016253 5e-04
12 47018642 2
12 47023253 0.0222
12 47035416 4e-04
12 47054473 0.1088
12 47057011 2
12 47063670 0.6415
12 47063845 0.1088
12 47068160 2
12 47068427 0
12 47074882 2
12 47083904 0.50820307585011
12 47101076 2.9898
12 47101137 0.0605
12 47110312 0.0578
12 47118628 0.6708
12 47139399 2
12 47139896 2
12 47142810 2
12 47144209 2
12 47159080 2
12 47177112 2
12 47179539 0.749470783985066
12 47183810 2
12 47185792 0.325373879614472
12 47206446 2
12 47222121 0.0078
12 47222249 0.7188
12 47266722 2
12 47266779 1.00558391815236
12 47285869 0.0348351945731464
12 47290803 2
12 47300913 2
12 47304995 1.0037
12 47333495 0.563044424341433
12 47339229 0.847252215592509
12 47342851 1.47831931548221
12 47344511 0.8893
12 47360853 1.83140227633963
12 47366418 1.08344371592714
12 47385681 0.0427590588657822
12 47395774 2
12 47402387 1.3676
12 47403872 0.0293170710769715
12 47424118 2
12 47425878 2
12 47431761 2
12 47436727 2
12 47437096 1.4512
12 47437198 2
12 47438471 0.3907
12 47450281 2
12 47453597 2
12 47454259 2
12 47454723 2
12 47455559 1.4512
12 47476462 0.177448865759943
12 47495557 0.1701
12 47502951 0.1701
12 47510852 0.1701
12 47512369 0.1701
12 47516864 2
12 47520570 2
12 47532925 2
12 47534290 2
12 47547384 2
12 47548325 0.705617249564103
12 47569085 0.0617
12 47571328 0.0617
12 47572087 0.8716
12 47574967 0.8716
12 47576820 0.1616
12 47576910 0.793
12 47580766 1.1716
12 47587530 0.285777380522951
12 47592495 0.334202322198196
12 47593155 1.0792
12 47601169 1.28168328561632
12 47601295 0.6356
12 47603085 0.6356
12 47610250 0.0617
12 47623675 1.29311309117705
12 47629231 0.386602689327134
12 47632848 0.599474578548881
12 47632890 0.0263
12 47633267 0.5478
12 47634067 0.581618770303895
12 47634572 0.441838391510823
12 47635402 0.746590376714105
12 47641313 1.28281383048745
12 47650431 0.378560445315747
12 47661379 0.667400151362561
12 47728716 1.3043
12 47783117 0.201781017840372
12 47785194 0.283541777134018
12 47786239 0.696039740557922
12 47791409 2.65352262673969
12 47824117 2
12 47847236 1.6764
12 47847358 0.0078
12 47848473 0.014
12 47873411 1.8618
12 47875867 2
12 47912746 2
12 47933097 0.263303694274485
12 47943846 2
12 47944267 2
12 47944639 2
12 47953350 0.381982506491641
12 47956666 0.9198
12 47965011 1.0224
12 47974193 2
12 47980245 1.4159
12 47992794 2
12 47996939 0.979355444346195
12 48002581 2
12 48004440 2
12 48018767 1.1357
12 48032609 2
12 48048322 2
12 48052535 2
12 48057095 0.611333268288379
12 48057556 2
12 48057635 0.581440209607077
12 48058176 2
12 48082499 1.2984
12 48083012 2
12 48100551 2
12 48122113 2
12 48131594 1.3046
12 48143841 2
12 48151847 2
12 48152008 2
12 48159926 2
12 48164139 0.986911327509735
12 48172666 2
12 48173090 2
12 48179259 2
12 48184542 0.235182686120577
12 48189984 0.468630002842894
12 48190396 0.647992619072722
12 48199288 1.3239
12 48200731 1.2622
12 48201390 1.2622
12 48201694 1.0489
12 48202471 1.2622
12 48205297 1.2622
12 48206737 1.0489
12 48208227 1.3239
12 48217337 0.0072
12 48221327 5e-04
12 48234956 0.20710733936304
12 48236863 1.3239
12 48253452 2
12 48268830 5e-04
12 48270942 0.80013918179642
12 48273400 1.63739651076483
12 48278523 1.0489
12 48289138 2
12 48294168 0.221538645639794
12 48301350 1.3715
12 48302351 1.3239
12 48312801 0.868184867935737
12 48313750 2
12 48314609 1.3174
12 48314700 1.3371
12 48316392 0.699347723039394
12 48316652 1.2684
12 48325025 0.305042261601388
12 48325474 1.3371
12 48332946 0.5881
12 48336588 2
12 48342520 0.694176865028923
12 48342656 0.500496557681982
12 48364451 2
12 48369530 2
12 48378094 1.33821384604746
12 48381157 1.8176
12 48406644 1.6867
12 48423198 2
12 48443751 0.0515
12 48445029 1.4957
12 48449330 0.7427
12 48451865 0.1024
12 48457287 0.1219
12 48459456 0.3255
12 48466944 1.5032
12 48468589 2
12 48469444 2
12 48476196 1.439
12 48481053 2
12 48494906 2
12 48495054 0.385866453888054
12 48495454 0.1024
12 48497454 2
12 48500601 0.0078
12 48500690 1.5107
12 48511792 0.7634
12 48515068 1.5107
12 48522506 0.0263
12 48527716 1.5107
12 48527750 0.1951
12 48530892 0.1951
12 48532259 0.864
12 48540465 1.4527
12 48553013 2
12 48555674 1.3362
12 48587529 0.2482
12 48592403 3.1157
12 48632109 0.295
12 48687742 0.3856
12 48697853 3.127
12 48712595 2.9966
12 48713515 0.1317
12 48736699 3.1242
12 48762779 1.6561
12 48775065 1.1209
12 48801341 2
12 48803804 2
12 48804156 2
12 48809572 0.0053
12 48827839 0.207533554108705
12 48857085 5e-04
12 48876760 2
12 48878053 2
12 48879134 2
12 48883267 2
12 48886090 0.981
12 48893667 2
12 48900371 2
12 48904002 2
12 48911346 2
12 48916469 2
12 48920240 2
12 48921134 1.8428
12 48932272 1e-04
12 48934956 2
12 48955594 2
12 48958474 2
12 48967165 5e-04
12 48983336 1e-04
12 49005079 2
12 49014169 2
12 49029736 2
12 49036281 0.0898
12 49045593 2
12 49136382 2
12 49150130 2
12 49151966 2
12 49181488 2
12 49187723 2
12 49234914 2
12 49239457 0.8646
12 49251457 2
12 49258007 2
12 49283480 1.67156289796535
12 49284436 1.2260968624062
12 49299566 1.58997671443309
12 49303712 1.96137101623185
12 49318088 0.0400533252471026
12 49344456 0.521697265932147
12 49469338 2.8733
12 49493602 0.308488660121222
12 49592761 1.08574213252192
12 49594146 1.2653
12 49611621 5e-04
12 49661559 2
12 49721831 0.907277663670443
12 49722950 1.565788365249
12 49770827 0.11428201654702
12 49777320 0.0518711895788887
12 49795819 1.2558
12 49812940 0.20615383561854
12 49849588 2
12 49857768 0.0723
12 49878869 2
12 49886430 1.1874
12 49902705 2
12 49906435 0.484854653291483
12 49911166 0.84666915229333
12 49912365 2
12 49914567 0.29
12 49923035 2.28381500603011
12 49938243 0.964
12 49977742 8e-04
12 49977838 2
12 50032588 0.0389
12 50044775 0.0181
12 50049685 1.3405
12 50054407 0.4726
12 50064667 2
12 50094764 0.4965
12 50097446 2
12 50098038 2
12 50128160 2
12 50147087 2
12 50153745 0.7314
12 50157375 2
12 50193610 1e-04
12 50193995 0.619168032784355
12 50210338 0.273120735491766
12 50217834 0.98966467751523
12 50218903 0.406172514961122
12 50256274 0.060641769988898
12 50268377 2.9933
12 50305257 0.0107
12 50318297 0.775342296727681
12 50321469 0.234109225769451
12 50323797 1.18260567923118
12 50325598 0.850238380212708
12 50336460 0.638490800226897
12 50352075 2
12 50371053 0.290088238512115
12 50377591 0.0329
12 50384668 5e-04
12 50385186 0.0329
12 50496875 0.77696272206709
12 50502945 1.71581562773641
12 50525123 2
12 50533614 0.0866
12 50536058 0.458516649038379
12 50546024 0.150955418131937
12 50566940 0.7802
12 50575623 0.6771
12 50580758 0.7805
12 50584870 2
12 50598814 1e-04
12 50607833 0.681274673007405
12 50625388 0.0903475139698564
12 50638864 0.0866
12 50657985 1.45547531339405
12 50658138 1.3060910918779
12 50709476 0.0263
12 50754149 2
12 50761411 0.8028
12 50762954 2
12 50823565 7e-04
12 50836052 5e-04
12 50844194 0.249476422297167
12 50847902 0.8349
12 50849294 0.8547
12 50850170 0.1439
12 50851394 0.3291
12 50863458 0.3291
12 50884596 1.56
12 50886965 1.66227644047375
12 50888083 0.800189057414168
12 50896428 1.56
12 50907051 0.981377714290471
12 50942186 0.6429
12 50947271 0.2994
12 50950890 1.6207
12 50968397 0.7064
12 50968973 0.6429
12 50969728 0.6429
12 50972309 0.1066
12 50972810 0.6429
12 50973202 0.6429
12 50977226 0.6429
12 50978014 1.31629679920755
12 50980467 0.1368
12 50992283 0.6429
12 50995964 0.6429
12 51003558 0.6429
12 51004728 0.7409
12 51007630 0.1368
12 51011302 0.6429
12 51011552 2
12 51016703 0.6429
12 51025598 0.6429
12 51028788 0.1368
12 51031569 0.114712409623004
12 51051511 0.1583
12 51055135 0.6137
12 51059854 0.0112041585019123
12 51078397 5e-04
12 51088519 2.2152
12 51093968 1.541
12 51095226 1.674
12 51117030 1.17502607172428
12 51121529 1.0791
12 51146078 0
12 51148269 1.05807416301169
12 51148981 1.5932
12 51149648 0.0217
12 51159009 1e-04
12 51175477 0.243158065406462
12 51180344 0.244044645085424
12 51186436 0.648490601294567
12 51195510 1.50233100408232
12 51225072 2
12 51248117 0.784
12 51249037 0.784
12 51252835 2
12 51274152 0.9762
12 51287593 1.08190087665791
12 51290348 0.0078
12 51295605 1e-04
12 51297365 2.17127397295291
12 51297838 0.0367
12 51300494 0.321101413916982
12 51311712 0.9877
12 51321930 0.1033
12 51323487 2.1379
12 51328527 2
12 51331123 2
12 51344560 2
12 51344853 0
12 51346604 0.608736540093327
12 51347999 2
12 51385760 2
12 51390168 0.0078
12 51400590 2
12 51409032 0.740000666336523
12 51413505 0
12 51426170 0.0598
12 51426496 2
12 51427026 2
12 51428591 2
12 51452306 2
12 51462851 2
12 51494413 2
12 51502636 2
12 51504324 2
12 51515348 2
12 51520415 2
12 51526856 0.0598
12 51562197 0.8109
12 51572640 2
12 51577932 0.0597811299568276
12 51592059 1.10539875172888
12 51633420 0.0804
12 51645877 2
12 51668630 2
12 51681024 2
12 51693038 2.1749
12 51725848 2
12 51733035 2
12 51757312 0.147928997171103
12 51764165 2
12 51793144 2
12 51805069 2
12 51817083 0.5008
12 51818087 0.273596986393132
12 51821421 2
12 51824221 2
12 51824904 0.0646981835056599
12 51830370 2
12 51855531 2
12 51869162 2
12 51889740 0.607005454005446
12 51904817 0.00722789940413359
12 51908958 1.0393
12 51931458 2
12 51933757 2
12 51958455 0.0046
12 51968695 2
12 51991027 1.00296379100194
12 51999146 2
12 52001294 0.9485
12 52002682 2
12 52004967 0.022
12 52031038 0.921930426278673
12 52100195 0.0264
12 52123311 0.7069
12 52124160 1.7795
12 52124467 0.837
12 52150381 0.5554
12 52162131 0.3284
12 52182953 0.256169361421963
12 52190133 0.1889
12 52193734 2
12 52201390 0.1129
12 52203352 0.1889
12 52205638 1.07069391069083
12 52214928 0.189660468868966
12 52218322 1.6006030506232
12 52218495 1.23626937259488
12 52222168 0.324320196970585
12 52228139 5e-04
12 52245518 1.12826825319674
12 52254513 0.777809477696966
12 52282102 2
12 52282437 0.839587691914552
12 52295384 2
12 52300213 2
12 52304446 2
12 52344384 1.8946
12 52347307 0.664626139953436
12 52347917 0.61713514418451
12 52349785 0.19720721455335
12 52350142 0.180067423612425
12 52351252 2
12 52382895 1.20322738809062
12 52388580 1.51958820646153
12 52395414 0.4339
12 52395821 0.637406082921746
12 52397115 0.79514761628185
12 52409938 1e-04
12 52421681 0.2437
12 52427115 0.2437
12 52431579 0.900943066137847
12 52461154 0.955141975956633
12 52462989 3.2963
12 52465989 0.536585597997202
12 52466111 0.2308
12 52468719 0.2308
12 52469948 0.2308
12 52473097 1.9015
12 52474795 0.2308
12 52476047 1.60361336892146
12 52483859 0.2308
12 52486223 1.22241769438479
12 52506404 2
12 52507824 0.7471
12 52512479 0.7516
12 52512740 0.7471
12 52512752 0.7516
12 52514019 1.49676486236207
12 52515385 0.7516
12 52531875 1.93644988482443
12 52533368 2.35760295366914
12 52535768 0.74521221557308
12 52560060 0.9217
12 52565523 0.1652
12 52569273 0.8989
12 52596177 0.345
12 52597019 1.3813
12 52609172 0.4775
12 52621587 0.427
12 52628221 0.4704
12 52629177 0.4633
12 52630747 1.83212882766334
12 52641889 0.4704
12 52664730 1.72568642236736
12 52665729 2
12 52667266 0.1215
12 52686799 2
12 52697782 1.40466575933797
12 52701524 0
12 52721527 1.7012
12 52728100 0.1968
12 52730297 0.8713
12 52731063 2
12 52742087 2
12 52742670 0
12 52742920 2
12 52743771 2
12 52754079 0.0104163022858328
12 52756766 2
12 52756812 2
12 52758246 0.0404
12 52765948 0.0404
12 52770491 0.610659097431438
12 52790835 1.3628
12 52818598 0.638
12 52826382 0.528173974116857
12 52842965 2
12 52850429 1.48252581597424
12 52873788 0.2537
12 52874950 0.221849368810873
12 52878267 0.2537
12 52878411 2.40519598007577
12 52878444 0.2376
12 52884728 0.2295
12 52894051 0.8263
12 52899097 0.140248626646134
12 52903937 0.269711927871403
12 52906159 2.6444
12 52906419 2.20417172337677
12 52910542 2
12 52918089 0.151302069326516
12 52959455 1.7373
12 52997855 0.233662151815865
12 53013885 0.0502
12 53018702 2
12 53019457 0.56
12 53024510 0.0502
12 53039194 1.5749
12 53046798 0.831829907601659
12 53077434 2
12 53083566 2
12 53093606 2
12 53099603 2
12 53104941 2
12 53106876 2
12 53113209 2
12 53117483 2
12 53124853 2
12 53131844 2
12 53134655 2
12 53138120 6e-04
12 53142569 2
12 53153314 2
12 53161674 2
12 53167267 2
12 53178076 2
12 53244239 2
12 53251195 5e-04
12 53258900 1.25357410081271
12 53261172 0.485965934342781
12 53266754 2.05077781894104
12 53270364 2
12 53272411 0.0134
12 53278587 2.1804
12 53287171 1.6035
12 53311919 0.0053
12 53349121 0.4979
12 53362714 0.0078
12 53367015 2
12 53367053 1.3649
12 53373300 0.0263
12 53385537 2
12 53392077 1.5322
12 53399851 2
12 53420596 2
12 53426253 2
12 53430960 2
12 53453689 2
12 53461970 2
12 53478805 2
12 53480060 2
12 53507321 2
12 53534342 2
12 53577471 2
12 53613040 2
12 53617804 2
12 53626419 0.199753904572217
12 53629005 2
12 53639594 1e-04
12 53649356 1.3286
12 53650018 0.028
12 53655416 2
12 53665955 2
12 53678651 0.9874
12 53679813 0.9874
12 53680902 2
12 53684643 2
12 53718597 0.7624
12 53760731 0.9174
12 53791129 1.6026
12 53810082 2
12 53816851 2
12 53824800 2
12 53829805 1.3894
12 53836459 2
12 53837936 2
12 53849568 2
12 53855627 0.9009
12 53855907 0.4966
12 53867988 2
12 53869407 2
12 53871778 0.0263
12 53890099 2
12 53899107 0.9009
12 53899429 0.0263
12 53903293 0.1625
12 53904457 0.153839750992156
12 53906384 0.481
12 53907001 0.670215234907479
12 53927021 2
12 53927314 1.0783
12 53928031 5e-04
12 53929583 1.0783
12 53956628 1.0987
12 53998665 1.2708
12 54009024 0.321482465893317
12 54013513 1.39577861782338
12 54027692 0.0992786152894196
12 54083478 1.52455471016122
12 54090667 0.4103
12 54108201 1.43741048621034
12 54113953 1.16852877319965
12 54118106 0.493728341762308
12 54167780 2
12 54175808 2
12 54212059 0.3707
12 54217272 0.3905
12 54322308 0.300639834267525
12 54323498 0.279972813824448
12 54338047 1.58023699895571
12 54342931 3.8496805351065
12 54351130 0.59305893793811
12 54355501 0.339146517337346
12 54373829 2
12 54374404 2
12 54437494 2
12 54461089 2
12 54473400 2
12 54473792 2
12 54481196 0.6526
12 54487525 2
12 54488055 2
12 54496356 2
12 54510994 1.1662
12 54517984 0.3496
12 54537860 1.3492
12 54573955 2
12 54584141 0.122118969738724
12 54586946 0.0969452243413174
12 54608886 2
12 54608944 0.886595405302863
12 54613861 2
12 54653545 2
12 54654415 0.7541
12 54662227 2
12 54665371 2
12 54670003 3.0378
12 54674378 2
12 54676135 2
12 54681990 2
12 54684801 2
12 54687078 2
12 54711052 2
12 54722826 2
12 54724205 2
12 54739733 1.22980565917859
12 54755701 0.3774
12 54758504 0.3323
12 54771709 0.3774
12 54799810 0.2848
12 54805287 0.4073
12 54812267 0.752
12 54813956 0.0162
12 54814362 0.6795
12 54815923 0.7074
12 54821617 0.2848
12 54826283 6e-04
12 54839070 2
12 54846750 0.2426
12 54850494 1.7277
12 54851871 2
12 54873461 1.5994
12 54892559 0.0078
12 54902973 2
12 54909029 1.22170541539706
12 54909416 0.350252408770366
12 54916882 0.663697230032601
12 54919236 1.1364
12 54920505 0.195432846387989
12 54925353 0.638999708538058
12 54925665 0.2025
12 54929003 0.656556450046446
12 54930442 1.91817541082511
12 54931876 0.135597879465499
12 54947632 0.1537
12 54953144 1.2154
12 54953762 1.2154
12 54955114 1.2154
12 54970810 2
12 54974744 2
12 55000347 2.0145
12 55003199 2
12 55006897 2
12 55012791 0.9138
12 55019846 0.8073
12 55022773 0.9913
12 55067489 1.5387
12 55069817 2
12 55072893 0.123378056602432
12 55083640 0.814541074200914
12 55086399 0.584520705412303
12 55105454 0.704723513208843
12 55107006 0.78363631430684
12 55110642 2.3732
12 55117744 0.0833552319843483
12 55119833 0.184030378225972
12 55121396 0.120631942582335
12 55123908 0.450273937570438
12 55125023 0.0526180133083716
12 55125452 0.875847835087707
12 55135588 1.02293930482167
12 55135814 0.695128814720576
12 55148740 0.238845743227934
12 55149568 0.838254257089412
12 55150529 0.6266
12 55152875 0.901547651518371
12 55154600 0.382494039666023
12 55155503 0.419676579895385
12 55157257 0.0798412031176236
12 55161831 0.829946082176469
12 55164386 0.0761373890035693
12 55165021 0.154332787587162
12 55169009 2.3732
12 55176699 0.0658789681638737
12 55183697 0.429223483879731
12 55191721 0.82009722129951
12 55192017 0.780008262375212
12 55195220 0.0919148663792868
12 55197759 0.346421775583141
12 55223408 0.555422746523816
12 55237031 0.881996510557451
12 55244524 0.442318039400455
12 55245469 0.433842935122114
12 55262833 0.3193
12 55273566 1.37487591848731
12 55286131 0.352613763094597
12 55316096 0.992757478979381
12 55322580 1.3104
12 55331406 0.0429308677449191
12 55348012 2.02622847586747
12 55368735 2.1894552540003
12 55391657 0.00126831611922806
12 55396966 0.012398691380169
12 55409368 1.09140892069096
12 55441472 0.5003
12 55444202 0.5003
12 55476206 2
12 55476848 1.20538203769821
12 55477900 0.259090366872222
12 55479651 2
12 55482323 0.308691332984921
12 55489883 5e-04
12 55491370 0.533188290103644
12 55575881 0.0078
12 55577757 0.486328791515761
12 55579061 2
12 55590276 0.763462774682324
12 55590481 0.8648
12 55610275 0.773906267589139
12 55638580 0.5319
12 55658583 1.0548
12 55661399 2
12 55671963 0.1756
12 55675542 1.02181791169334
12 55689851 1.30996295837496
12 55702274 0.413411547114161
12 55710019 0.826604004165119
12 55752380 1.1874
12 55765137 5e-04
12 55842259 0.0502
12 55877015 0.48755400307238
12 55877893 1.09921330636661
12 55890914 0
12 55918858 0.385412994206175
12 55964932 2.0318
12 55991020 0.5862
12 56009375 2
12 56015585 2
12 56028520 2
12 56035791 2
12 56045589 2
12 56051896 2
12 56080696 2
12 56091276 0.0475545973537157
12 56091412 1.86981736670649
12 56101207 2
12 56146613 0.0107
12 56156255 1.3485
12 56180847 2.1546
12 56203736 0
12 56228189 2
12 56271104 2
12 56277202 5e-04
12 56418487 2
12 56431888 2
12 56434836 2
12 56436520 1.8068
12 56436903 0.8361
12 56445528 2
12 56451519 2
12 56458011 2
12 56459047 2
12 56459447 2
12 56462834 2
12 56467674 0.1472
12 56512110 2
12 56535663 2
12 56542236 0.2481
12 56559786 0
12 56591774 2
12 56593395 0.2636
12 56594558 0.2636
12 56595945 5e-04
12 56599930 2
12 56611895 2
12 56644386 1.51965076762503
12 56649462 0.3425
12 56650886 0.3425
12 56653236 0.3425
12 56659485 0.3221
12 56686880 0.662432029190697
12 56687733 2
12 56694726 1.2363
12 56701774 2
12 56706577 2
12 56736508 0.00379232808335201
12 56749149 0.875471712706407
12 56800015 2
12 56828727 1.0085411439804
12 56829020 1.07129052053878
12 56844374 0.721146738237736
12 56853403 0.50889627665476
12 56854028 0.0552
12 56854819 0.575239259644485
12 56878998 1.0749
12 56879505 2
12 56880300 1.0749
12 56886027 1.237
12 56891793 3.4215
12 56894253 1.0749
12 56915152 2
12 56917445 2
12 56919551 2
12 56926026 0.5541
12 56937920 1.865
12 56941284 0.8366
12 56954102 0.8366
12 56956410 1.3853
12 57052089 1.0217
12 57075028 1.7673
12 57095833 1.4434
12 57129349 0.3583
12 57138966 1.0977047890718
12 57139907 0.0233120386459453
12 57239422 2.6497
12 57240915 2
12 57250984 2
12 57265923 2
12 57275227 2
12 57277520 2
12 57308542 2.6381
12 57341109 2
12 57348721 0
12 57357000 2
12 57360050 0.2221
12 57396777 0.7027
12 57407254 0.201603222415127
12 57416471 2
12 57427299 2
12 57447350 2
12 57459552 2
12 57485801 1.4726
12 57495294 0.8245
12 57502670 0.9473
12 57531504 0.9473
12 57544395 5e-04
12 57583220 0.4092
12 57599707 1.02019797338504
12 57611899 0.4755
12 57617875 2.9027
12 57642723 1.77947196128758
12 57655862 1.13431503248732
12 57656717 2.79976746847261
12 57664814 1.5706947878896
12 57685803 0.599241761520953
12 57689294 0.182639610542078
12 57691241 0.026
12 57706927 0.0053
12 57711311 1.93810102701618
12 57712495 0.0488458149372716
12 57718654 1.0944
12 57724046 0
12 57729093 2
12 57737323 0.154092950946594
12 57767816 2.2762
12 57898136 2
12 57901235 2
12 57933880 0.476101382325707
12 57942283 0.6268
12 57944608 1.7268
12 57945912 1.7268
12 57950665 1.7268
12 57959778 1.7277
12 57964158 0.2836
12 57990633 2.23442239870182
12 57993197 0.133574708521021
12 58006710 0.116868253960609
12 58010176 1.28947481948648
12 58023421 1.2731913830291
12 58028096 1.58733577729981
12 58036324 0.859797758544207
12 58038364 2
12 58045032 0.794206512266703
12 58045313 0.650553652130798
12 58045591 0.57651457593427
12 58045747 0.893239444776452
12 58050058 1.1079784728625
12 58059599 0.260006226042851
12 58060551 1.25514301783156
12 58063338 0.198561394396818
12 58065561 0.3935
12 58067437 0.455058564667777
12 58069345 1.61006427865818
12 58079568 0.3935
12 58089623 0
12 58113439 0.7176
12 58115974 0.0370121132557225
12 58123808 0.0336
12 58126780 0.0336
12 58127677 0.1679
12 58154745 0.8421
12 58168252 0.5243
12 58170822 0.7013
12 58175447 0.5243
12 58181317 0.5243
12 58274624 0.9596
12 58279543 0.0076
12 58282944 0.9596
12 58284200 0.9922
12 58303692 1.0849
12 58315866 0.9053
12 58320298 0.7318
12 58347226 1.0849
12 58353099 1.34597253862273
12 58415333 2
12 58420627 2
12 58421472 1.5114
12 58432725 2
12 58432726 2
12 58452053 1e-04
12 58452394 0.026
12 58454219 2
12 58454381 7e-04
12 58455047 2
12 58462503 2
12 58464932 2
12 58465079 0.0637
12 58465664 2
12 58469078 2
12 58472888 0.5936
12 58476012 0.336801529672187
12 58476844 2
12 58477830 2
12 58477899 0.5324
12 58479350 0.1074
12 58483201 0.1074
12 58489724 0.163119935019819
12 58501088 0.88208874930992
12 58519575 0.294312120580566
12 58540655 0.364551080399302
12 58550743 2.17370121376701
12 58550948 0.2088
12 58551194 0.2088
12 58558943 0.722131563129806
12 58562370 0.3516
12 58567944 0.0329
12 58595268 0.944784233755701
12 58598007 0.5273
12 58602750 0.1993
12 58605439 0.2447
12 58610831 0.253
12 58612710 0.7146
12 58614276 0.2099
12 58621507 0.2509
12 58631476 0
12 58634352 0.2099
12 58640171 0.2509
12 58645405 0.2425
12 58706066 2
12 58711510 2
12 58728221 2
12 58758583 2
12 58763470 0.5828
12 58791526 0.5989
12 58803765 2
12 58817150 0.5088
12 58828093 0.5088
12 58829240 2
12 58830086 2
12 58842947 2
12 58859322 1.3909
12 58873782 2
12 58875142 2
12 58892828 2
12 58920983 2
12 58926675 2
12 58938751 2
12 58954167 1.10286889030214
12 58973977 1.40480639860011
12 58975144 2
12 58990006 2
12 58993081 2
12 59021906 2
12 59037791 2
12 59050294 2
12 59054416 0.5953
12 59055604 2
12 59068191 0.5953
12 59079722 2
12 59101686 2
12 59119000 0.955292290703882
12 59134250 0.447319112819464
12 59140773 0.1184
12 59154164 2
12 59166572 1.0938
12 59167913 1.0938
12 59169341 1.0938
12 59179988 0.398512984722027
12 59190456 0.418057552800593
12 59192809 2.5345
12 59208121 0.0763497196983427
12 59225255 0.562880920278818
12 59232029 3.64615966221633
12 59232095 0.262243408705783
12 59250075 0.185496403956327
12 59263331 2.24111233484639
12 59270661 1.68322537780465
12 59305920 5e-04
12 59322201 0.361063569602555
12 59338395 1.1327
12 59350317 1.7545
12 59352681 0.645920191181164
12 59374467 0.1151
12 59376375 1.85008694035194
12 59399389 1.1651
12 59414904 0.0929
12 59415475 0.0474212572508664
12 59419869 0.448023275620556
12 59435911 2
12 59436965 0.161188942542986
12 59443953 1.85481789822001
12 59463676 0.52355739347636
12 59472006 1.32570000495915
12 59474457 1.43439385973265
12 59477929 0.617531026151245
12 59478112 0.700244424659159
12 59487881 1.1425
12 59494513 2
12 59502182 1.0997
12 59506576 1.2154
12 59512248 2
12 59516701 1.4191
12 59528195 2
12 59528466 0.842
12 59528847 0.842
12 59538132 2.1679501571727
12 59559472 2
12 59563346 0.6107
12 59566513 0.5496
12 59571441 2
12 59573588 1.121
12 59574234 0.1351
12 59575398 0.1351
12 59582251 2
12 59582885 0.1968
12 59584638 2
12 59591983 1.1818
12 59662136 0.0598
12 59671892 5e-04
12 59683246 1.7753
12 59689607 0.8839
12 59693791 0.2096
12 59696024 0.8839
12 59699434 0.1886
12 59701118 0.5656
12 59764490 2.6908
12 59773725 2
12 59777838 0.9618
12 59833230 0.2655
12 59834412 0.3572
12 59849055 0.309018264853008
12 59859301 0.1235
12 59875327 2
12 59883550 2
12 59883677 0.972476470555791
12 59884278 2.00659780052075
12 59888252 1.20165634076763
12 59892089 2
12 59897162 0.295811590138753
12 59900074 2
12 59907071 1.6456
12 59908471 2
12 59911101 2
12 59915885 2
12 59925649 0.176375365120693
12 59939010 1.33807051716679
12 59949227 2
12 59953320 2
12 59954235 2
12 59960526 0.7232
12 59978581 2
12 59989931 2
12 60008703 2
12 60017034 2
12 60036939 0.437417284223915
12 60037109 0.856573024664314
12 60059219 2.6405
12 60063632 2.6405
12 60076507 0.835294061084142
12 60081479 2
12 60098378 2.7135
12 60105345 0
12 60119587 0.438519829105883
12 60120896 0.766287146328005
12 60124644 0.630161877947487
12 60125035 0.904924377191923
12 60136662 0.420390334786339
12 60137726 0.296929323298723
12 60160826 0.519300697301872
12 60166121 0.778126984504529
12 60186240 0.0078
12 60197469 0.19111613206562
12 60205385 2.7135
12 60212327 0.384
12 60214076 1.26314260704087
12 60215312 2.7135
12 60225115 0.0104340189722891
12 60225255 0.110051678324704
12 60226871 1.92202038048617
12 60227778 0.320077312592043
12 60232157 0.256034278387396
12 60238193 1.0242963379725
12 60246324 0.384
12 60252107 2.7135
12 60253298 2.7135
12 60254383 0.692794934132336
12 60280063 0.3682
12 60292193 2
12 60294925 1.47449912214601
12 60302803 0.384
12 60303572 0.384
12 60321833 0
12 60337869 2.7135
12 60348160 0.384
12 60350299 0.977087558702667
12 60351274 1.03660722087955
12 60352162 2.2379
12 60364834 0.400681497224666
12 60375831 0.384
12 60379486 0.384
12 60380527 0.384
12 60403530 2
12 60414400 1.4395
12 60429423 2
12 60435968 2.0565
12 60449850 0.4
12 60452881 2
12 60460034 0.4
12 60462408 0.5173
12 60481910 2
12 60485707 2
12 60499472 2
12 60574455 0.8431
12 60580999 2
12 60588862 1.1933
12 60633354 2
12 60659569 2
12 60676329 1.2077
12 60678864 1.2077
12 60709491 0.8828
12 60712287 2
12 60712450 0.5259
12 60725945 0.9117
12 60820764 1.2077
12 60849490 0.4134
12 60851533 0.2686
12 60864790 2
12 60868490 0.4134
12 60898140 0.3631
12 60900666 0.1228
12 60903869 7e-04
12 60915106 0.5361
12 60921181 2
12 60929649 0.6647
12 60933867 1.0302
12 60936665 0.6647
12 60941634 0.175013816482922
12 60950662 0.609453356146014
12 60964914 2.38447010783379
12 61002704 0.369581154533431
12 61004945 0.6353
12 61004995 0.818310441946845
12 61019853 0.811715529137857
12 61040140 0.6508
12 61041200 0.5669
12 61041864 0.5669
12 61044691 0.5669
12 61046523 0.6508
12 61056352 0.0858337014213121
12 61060486 0.0304096822288547
12 61061578 2.9176
12 61062141 2.9176
12 61063622 0.0512
12 61072550 0.0512
12 61074135 0.0512
12 61074820 2.12441333502049
12 61074844 0.0850303216455026
12 61076091 0.0536
12 61076892 1.80896016736819
12 61077234 1.19130955832692
12 61079827 0.177859843707654
12 61079924 0.208895257250867
12 61082500 0.761247737365565
12 61083484 0.0512
12 61085960 0.0512
12 61088713 0.0512
12 61089326 0.0512
12 61090742 0.0512
12 61091238 1.24
12 61092671 0.0512
12 61093568 0.0512
12 61097628 0.0512
12 61097693 0.0512
12 61098067 1.0255
12 61107324 0.041
12 61115228 0.636446820478703
12 61119371 0.0512
12 61122331 0.0512
12 61124566 0.0512
12 61131255 0.938055798641169
12 61133502 0.0512
12 61139421 0.0512
12 61141465 0.632169665937036
12 61143412 2.9176
12 61145444 0.438171203130875
12 61147516 0.360267585254571
12 61162970 0.793
12 61164221 0.7926
12 61166338 0.7733
12 61166830 0.7733
12 61167551 0.7733
12 61167600 0.7733
12 61178884 0.425272169119069
12 61180674 0.169712462353247
12 61183691 0.8544
12 61189101 1.97945182320416
12 61193192 1.1614
12 61197899 0.2058
12 61198275 0.363529005287615
12 61198700 0.2058
12 61202816 1.933404886797
12 61205056 0.2058
12 61205442 0.2058
12 61208814 0.150282255094185
12 61208892 0.2198
12 61209488 0.2058
12 61218881 0.202107337615591
12 61225660 0.1563
12 61234261 2.35493454530029
12 61276241 0.3992
12 61286796 1.75861781355038
12 61294437 1.11385624553987
12 61296435 0.3992
12 61309129 1.0774
12 61316825 0.3856
12 61343129 0.346107537277305
12 61348916 1.1247
12 61354500 2
12 61358703 2
12 61365054 0.1106
12 61377698 2
12 61378623 2
12 61382028 2
12 61382191 2
12 61382400 2
12 61384097 2
12 61384893 2.6475
12 61386035 2
12 61388435 2
12 61391777 2
12 61392756 2
12 61395628 2
12 61397266 2
12 61399136 2
12 61401226 2
12 61413371 2
12 61420876 2
12 61433004 2
12 61441763 0.4024
12 61448132 2.9949
12 61449555 2
12 61449653 0.7488
12 61454018 2
12 61465621 2
12 61484624 2
12 61486421 2
12 61487680 2
12 61492503 2
12 61494594 2
12 61509781 0
12 61531900 0.4359
12 61542568 0.4359
12 61549721 0.3274
12 61549974 0.6584
12 61576049 0.6086
12 61593865 1.0295
12 61625466 0.6472
12 61635311 0.0988
12 61652720 5e-04
12 61665256 0.2136
12 61665315 0.1051
12 61688762 0.1796
12 61692051 0.1796
12 61696916 0.1051
12 61698873 0.1796
12 61700924 0.1051
12 61712240 0.4472
12 61722867 0.5871
12 61733749 1.37415372923451
12 61755992 0.5871
12 61757917 0.5871
12 61758504 0.5871
12 61760071 0.5871
12 61765467 1.5300982961772
12 61772586 0.5871
12 61786286 0.6062
12 61788981 2.8735
12 61796889 0.7994
12 61797242 0.4008
12 61806290 0.6062
12 61810876 0.6062
12 61835994 0.6062
12 61861575 0.6257
12 61871937 0.1588
12 61882215 0.3469
12 61893357 0.455
12 61902048 0.0551
12 61911241 0.1096
12 61921140 1.35738933459935
12 61933311 0.067482517222675
12 61941595 0.846232951108739
12 61950755 0.623254373349592
12 61975025 1.23714492407418
12 61990046 1.1327
12 62001470 2.2073
12 62009971 2.2073
12 62010832 0.9373
12 62010979 2
12 62014927 0.9373
12 62019017 0.255699351547875
12 62020792 0.102146054215474
12 62023344 5e-04
12 62066361 2
12 62070057 2
12 62070553 2
12 62072129 0.4699
12 62088927 0.6885
12 62096090 2
12 62098405 2
12 62103103 2
12 62103610 0.6885
12 62104052 2
12 62104278 0
12 62109736 2
12 62113121 2
12 62114243 2
12 62114872 0.0386
12 62119801 2
12 62130545 2
12 62136908 2
12 62147330 0
12 62147410 1.3814
12 62156387 0
12 62166466 0.036
12 62170679 0.835923853976977
12 62184644 1.5614
12 62185998 1.1769
12 62196356 1.1769
12 62196979 0.5663
12 62206852 0.0542
12 62206876 0.5155
12 62208478 2
12 62213269 2.0387
12 62222127 1.0897
12 62225987 2
12 62248441 2
12 62255171 2
12 62275644 1.4779
12 62281866 2
12 62292742 2
12 62311118 0.0801
12 62320179 2
12 62330439 1.4779
12 62330918 0.0801
12 62334663 2
12 62341202 2
12 62345052 2
12 62361138 1.4779
12 62380301 1.4779
12 62385555 2
12 62401653 2
12 62428565 0.115264612065898
12 62454372 0.698565222195206
12 62460630 3.16071767617424
12 62461584 0.682431014969238
12 62468959 1.78375576367681
12 62471097 1.2884
12 62474720 0.582956636907349
12 62482130 1.03230416525899
12 62490762 0.428285035094981
12 62528198 1.2884
12 62536047 1.2884
12 62557962 0.182359503276408
12 62563858 1.361
12 62594645 0.0742
12 62600156 0.1395
12 62602204 0.398200369600062
12 62625162 0.175964656662111
12 62630190 0.3195
12 62632220 0.3195
12 62639697 2.1842
12 62661840 2
12 62674389 2.784
12 62677736 0.187516377898574
12 62681356 2.7095
12 62683035 0
12 62683194 1.0557
12 62704501 2
12 62704815 2
12 62734378 2
12 62744187 5e-04
12 62745408 2
12 62778851 1.8325
12 62780840 1.3952
12 62800281 0.8923
12 62811376 1.4925
12 62822050 1.1812
12 62829663 1.446
12 62833669 1.4863
12 62869942 2.1214
12 62908454 2
12 62912071 0.94772494286493
12 62914212 2
12 62919427 1.1316
12 62923462 2
12 62928438 2
12 62928933 2
12 62938977 0
12 62987047 0.7167
12 62993947 0.7167
12 63021831 0
12 63022372 0.6183
12 63022505 0.931286399898811
12 63030141 0.116724082173617
12 63031435 0.212587681661263
12 63036329 0.6183
12 63036972 2.23177949766336
12 63067942 0.5133
12 63086885 2
12 63090780 0.9279
12 63094621 1.1986
12 63117197 2
12 63124287 2
12 63126510 2
12 63149779 0.293938280439422
12 63162064 5e-04
12 63163081 1.3534
12 63168228 0.6933
12 63181755 0.7979
12 63192802 1.3468
12 63202718 0.7979
12 63229373 0.241073478048775
12 63232232 0.6627
12 63238909 0.021167153851018
12 63242328 0.160694463110736
12 63251148 2
12 63263894 2
12 63270216 2
12 63270433 2
12 63270515 2
12 63270684 2
12 63285527 2
12 63286116 2
12 63290797 2
12 63294050 0.224425100311513
12 63294226 0.1102
12 63297978 1.77768483027088
12 63304733 2
12 63305389 0.557697632616798
12 63308273 0.9891
12 63309282 0.0291
12 63313077 2
12 63324230 2
12 63341421 0.0895163805004637
12 63350616 0.938253150224251
12 63351572 0.370634177308292
12 63353534 1e-04
12 63380412 2.52675897240204
12 63393500 0.2848
12 63394256 0.2491
12 63399478 0.138525457773575
12 63409762 2
12 63459816 1.48317495444876
12 63474904 2
12 63475664 2
12 63492543 1.70056850583183
12 63496347 1.75324089256667
12 63499806 2
12 63505549 0.3344
12 63506774 0.00602775442945117
12 63509023 1.77314998188543
12 63509760 1.30150433549381
12 63513332 1.48839208824473
12 63517470 1e-04
12 63542743 2
12 63547061 2
12 63548847 1.1962
12 63556033 2
12 63556478 5e-04
12 63559802 2
12 63563343 1.3238
12 63570478 2
12 63573211 1.3238
12 63574796 3.1148
12 63587870 2
12 63599178 2
12 63599426 1.8355
12 63603547 2
12 63610311 2
12 63620913 0.849
12 63624024 1.6115
12 63633541 1.2699
12 63648619 2
12 63651892 2
12 63661697 1.3238
12 63666231 2
12 63666595 0.9891
12 63666618 0.9891
12 63679945 0.1871
12 63683258 0.5692
12 63686869 1.22901276122368
12 63694112 0.1881
12 63700969 2.1408
12 63703858 0.5769
12 63710332 0.568
12 63712441 0.568
12 63718343 0.0729413262447966
12 63734398 1.2299627999222
12 63751271 1e-04
12 63771995 1.232
12 63850430 1.56086730685885
12 63882266 1.10932850963354
12 63915061 2
12 63939865 0.376372204495331
12 63946154 0.0129
12 63949209 0.4776
12 63953249 1.37057089011564
12 63954978 0.443107553482655
12 63957126 0.521788774451316
12 63967682 0.651426341249222
12 64018090 0.1209
12 64035414 2.52797215296897
12 64037224 0.2525
12 64047753 0.2525
12 64047754 0.899179771405813
12 64048728 0.52540857647468
12 64050476 2
12 64056058 2
12 64072154 0.133
12 64091580 1.6780061991043
12 64137981 0.140459147575765
12 64150432 0.346
12 64151922 0.817
12 64177958 3.1215
12 64183180 0.4371
12 64188207 1.39972356135817
12 64209200 2
12 64231180 2
12 64234995 0
12 64239410 0
12 64246721 2
12 64271090 0.1135
12 64272504 5e-04
12 64274879 0.9198
12 64275238 5e-04
12 64284636 0.9198
12 64293412 0
12 64302569 0.1202
12 64313902 1.39503157968424
12 64325256 2
12 64341438 0.7245
12 64350943 2
12 64353572 2
12 64385236 2
12 64390587 2.7095
12 64415385 2
12 64444972 2
12 64454978 5e-04
12 64472215 2
12 64485385 1.1824
12 64494308 2
12 64514188 2
12 64517083 2
12 64519192 0.2249
12 64528407 0.190549243530332
12 64533532 0.32992116189768
12 64535095 0.809433983598145
12 64543003 0.162169307809492
12 64543434 6e-04
12 64547490 1.78599150010891
12 64560104 0.2921
12 64584295 2
12 64591475 2
12 64596037 2
12 64625943 0.801693861967269
12 64627373 1.3294
12 64636342 1.4402
12 64637427 0.3015
12 64640659 1.35883819381078
12 64642589 5e-04
12 64649285 1.31356461713851
12 64664846 0.946244114638374
12 64667485 0.591311870002661
12 64677748 2
12 64681552 2.21448426835923
12 64684431 3.0006
12 64687221 1.4818
12 64687449 0.839621375773343
12 64694065 2
12 64704459 2
12 64713355 0.3263
12 64732255 2
12 64740756 0.3024
12 64785456 5e-04
12 64810652 0.2854
12 64833867 0.2733
12 64891555 0.951078108396872
12 64900237 0.345234086591122
12 64908035 0.20397831203933
12 64930955 2
12 64944690 2.54368574448388
12 64945681 2
12 64962159 0.6893
12 64964371 2
12 64968304 0.8846
12 64974211 5e-04
12 64983498 0.710692057589931
12 64993012 2
12 64994125 1.5209
12 65028591 0.3408
12 65066588 2
12 65088167 1.1872
12 65091886 2
12 65125306 2
12 65126759 2
12 65182439 0.9995
12 65201519 1.5073
12 65227501 2
12 65258265 2
12 65272450 0.452004846286733
12 65325010 2
12 65333859 0.984773074498311
12 65338521 2
12 65370392 0.432760849760548
12 65371199 1.87053038103015
12 65376061 1.1877
12 65376929 0.583225009692882
12 65383365 2
12 65390545 0.167041274678311
12 65393318 0.131360557467557
12 65393612 2.16271027209725
12 65395368 1.39502125447772
12 65415410 2
12 65421028 2
12 65421251 0.295659570407857
12 65422365 2
12 65447348 2
12 65447440 2
12 65474648 0.4059
12 65480508 0.3902
12 65485002 0.4059
12 65511346 1.22881125193766
12 65511600 2
12 65558369 0.1078
12 65579253 0.141
12 65588727 1.9234
12 65595547 0.1151
12 65610039 0.1282
12 65611985 0.1282
12 65625876 2
12 65626680 0.0821
12 65632267 0.0821
12 65684519 2
12 65685764 2
12 65692544 2
12 65717486 1.5101
12 65725786 1.4622
12 65737387 1.3572
12 65753608 2
12 65771691 0.9217
12 65837846 1.6518
12 65927564 0.5044
12 65934247 0.5044
12 65950926 1.3909
12 65958046 0.620431867937148
12 65979822 0.505893449590073
12 65983368 6e-04
12 65983499 0.5044
12 65986896 1.0363
12 66000738 0
12 66015352 2
12 66023005 0.7723
12 66024346 0.7723
12 66045289 2
12 66061841 1.8025
12 66069154 5e-04
12 66069855 0.382947101527044
12 66069975 1.15598231904384
12 66075407 0.456214288385831
12 66081788 0.924002966940708
12 66085449 1.86145573729181
12 66090549 1.21208058613318
12 66094209 0.122848016834823
12 66094480 1.3649
12 66101278 0.0078
12 66101323 0.0078
12 66114870 1.3649
12 66126803 0.568887523796215
12 66187097 0.903519768248052
12 66212448 0.6842
12 66235289 1.8929
12 66263656 0.508252961047241
12 66264641 1.14331180676459
12 66266223 0.989089501607535
12 66272719 0.707945423635965
12 66295168 1.38562271345309
12 66302475 1.21563499656996
12 66311157 1.06432496491571
12 66338277 2
12 66338493 2
12 66338678 2
12 66340124 2
12 66346664 2
12 66356099 2
12 66356939 2
12 66372259 2
12 66376599 2
12 66429906 0.5849
12 66437159 0.1517
12 66437926 1.1556
12 66449432 5e-04
12 66451196 2
12 66465055 0.8427
12 66465441 0.8427
12 66466314 2
12 66472571 2
12 66478487 2
12 66479105 0.0866
12 66480815 2
12 66481685 2
12 66486800 2
12 66497122 2
12 66507205 0.340315175592229
12 66522710 1.2694
12 66524143 1.2154
12 66525016 1.16863054793973
12 66549013 0.4197
12 66549676 1.7642
12 66563942 0.682312770753462
12 66567040 0.429845046031404
12 66578330 1.95043625574015
12 66586010 0.17142217068018
12 66588850 0.3018
12 66592988 1.76620969831989
12 66601946 2
12 66603182 2
12 66604346 0.149124222216097
12 66604922 0.465902163887592
12 66608989 0.539099777348422
12 66617700 0.8398
12 66660285 0.794912221390889
12 66675223 0.4359
12 66682236 0.4819
12 66684843 2
12 66685665 0.366631114857794
12 66730981 2
12 66749594 2
12 66754547 2
12 66765828 2
12 66775951 2
12 66789587 0
12 66789837 0.8508
12 66797882 2
12 66806341 1.119
12 66808855 2
12 66828275 2
12 66833309 2
12 66834417 1.8612
12 66848483 2
12 66857849 2
12 66859273 0
12 66888222 2
12 66930580 0.5793
12 66930828 0.5793
12 66934095 0.5793
12 66944625 1.45297958314134
12 66965742 2
12 66970705 2
12 66987507 0.1135
12 67010505 0.987
12 67018653 0.1298
12 67077367 0.1326
12 67083806 0.4448
12 67092894 0.640277865851334
12 67095892 2.01530206348877
12 67102839 0.195593543728405
12 67120089 0.2276
12 67129005 0.440138919166953
12 67135038 0.0273
12 67165423 0.911150840941499
12 67169119 2.12183693584256
12 67183857 0.291032139723708
12 67186462 0.0932613357701803
12 67207402 1.6233
12 67213664 1.55072555954196
12 67245622 1.38774835871683
12 67249462 2.0912
12 67253908 0.3201
12 67258058 0.48106582281099
12 67264478 0.00869725906413397
12 67285725 0.3201
12 67294012 0.729798747852419
12 67296655 0.3201
12 67302272 0.2661
12 67329319 2.6472
12 67333156 0.266
12 67334242 0.886004392304082
12 67338930 0.3201
12 67348584 2.0488
12 67355290 1.53520275266214
12 67357652 0.2661
12 67374360 1.5338
12 67380467 2
12 67388806 2
12 67396351 0.148661625464602
12 67409844 2
12 67431602 0.206451558365469
12 67441881 0.0617
12 67442833 2
12 67443510 0.150122048190515
12 67456360 2
12 67458687 2
12 67459004 1.0888
12 67464073 0.1074
12 67493582 2
12 67509946 0.0268798011027398
12 67514398 1.8413
12 67529435 0.485909936774832
12 67564920 2
12 67575310 1.4848
12 67582749 0.7684
12 67585964 0
12 67592965 2
12 67600400 2
12 67607225 1.1327
12 67614800 2.0541
12 67638336 0.2417
12 67651675 0.547507417587457
12 67653455 0.3263
12 67671187 0.909680812853743
12 67674288 0.1915
12 67690612 2.19074955428816
12 67691628 1.15750529110756
12 67700550 1.07006606808473
12 67726050 0.9217
12 67769979 2
12 67790853 0.0329
12 67797138 0.3227
12 67799184 0.5501
12 67801683 0.7953
12 67804578 1.58321574307098
12 67813995 0.468455089631843
12 67814975 0.610479382301995
12 67820010 1.28207328946436
12 67838377 2.5361
12 67839291 0.209574223694853
12 67863506 0.111
12 67911949 2
12 67919036 0.1627
12 67920241 2
12 67923827 0.0078
12 67932160 1.19061247199282
12 67932557 2
12 67938074 0.295547901918212
12 67941430 2
12 67959395 0.9288
12 68021024 2
12 68036686 1.1006
12 68054215 2
12 68056737 2
12 68063459 2
12 68065696 2
12 68070302 0.8633
12 68074931 1.0316
12 68112492 0.7193
12 68115062 0.258162802466308
12 68115242 0.2249
12 68147589 0.10575983938663
12 68152957 1.15159079093109
12 68177765 0.1554
12 68186492 0.0259
12 68210054 0.7596
12 68222264 0.7993
12 68223881 0.0329
12 68226033 0.447827842260339
12 68227532 0.183112543519924
12 68228428 0.85935616835263
12 68233137 0.13313797944008
12 68237840 0.539352388053601
12 68242152 0.616908121138233
12 68243604 1.2777
12 68289373 2
12 68313796 0.2526
12 68326555 0.947
12 68355882 2.1455
12 68357625 0.6699
12 68373347 0.4275
12 68396773 2
12 68397237 0.5903
12 68399904 0.6129
12 68406577 0.0784358932013147
12 68413323 0.0950845427446237
12 68420178 0.296767711113424
12 68427763 0.268670837098921
12 68434366 1.0954
12 68435330 2
12 68448625 0.8506
12 68450327 0.521712070072139
12 68450506 0.2466
12 68474727 1.8942
12 68474814 0.763167375831396
12 68481398 2
12 68521740 1.7505
12 68546639 2
12 68566936 2
12 68574649 0.5794
12 68609522 2
12 68615936 0.7048
12 68647361 5e-04
12 68670300 1.9653
12 68693081 0.502323425175523
12 68731733 0.340378074321513
12 68743144 1.38440761560891
12 68751122 1.15112788855829
12 68782013 1.31056103035504
12 68787063 0.4237
12 68787443 0.562009831779433
12 68793805 0.491756127314299
12 68796695 1.3814
12 68808017 2
12 68817880 2
12 68819174 1.4499661963071
12 68822015 2
12 68825712 0.3835
12 68861610 2
12 68916514 2
12 68917682 2
12 68921341 0.0266
12 68935212 0.0078
12 68944528 2
12 68949445 1.65711407112482
12 68950274 2
12 68950686 1.41198203144726
12 68980614 0.552
12 68983213 2
12 68993298 1.9106
12 69013796 2
12 69033741 2
12 69037936 2
12 69041689 1.17688178278196
12 69041699 1.37412006846799
12 69053682 1.30012344324557
12 69061136 2
12 69074471 2
12 69076171 2
12 69094856 0.758123942422163
12 69095772 1.1869
12 69096554 3.279
12 69107305 0.266122366177454
12 69111898 0.301088685081173
12 69119979 0.155035521601326
12 69126630 1.8753
12 69129583 0.2983
12 69144557 2
12 69156804 5e-04
12 69159640 0.9596
12 69173075 0.243492404032897
12 69180303 0.0124
12 69181808 1.0816
12 69181822 2
12 69182818 0.048
12 69183420 2
12 69185039 0.048
12 69188457 1.3038
12 69197044 0.476
12 69199259 0.169398187267075
12 69201684 0.9924
12 69204267 0.34
12 69206209 0.244827323167089
12 69210213 0.3255
12 69213218 0.35404772416294
12 69216094 0.486369735493814
12 69216759 1.0601
12 69229237 0.1015
12 69233192 2.3673
12 69242203 1.34719485196467
12 69267351 0.286877927658176
12 69298640 0.85885364080221
12 69301180 2
12 69319238 0.207675126038701
12 69405444 0.1926
12 69411620 0.1926
12 69411700 1.4544
12 69416608 2
12 69417589 2
12 69417745 1.4544
12 69417908 5e-04
12 69419435 2
12 69469818 0.390799768041284
12 69476439 2
12 69499284 1.1379
12 69500194 1.186
12 69526826 0.7993
12 69527628 1.1615
12 69535647 2
12 69543139 2
12 69547291 0.7993
12 69547719 2
12 69551141 2
12 69569705 2
12 69572976 0.7993
12 69573514 0.7993
12 69575230 1.186
12 69577720 2
12 69590226 2
12 69594311 1.1615
12 69618076 0.5803
12 69630679 2
12 69630746 2
12 69630767 2
12 69636567 0.883990550463723
12 69644507 1.1749
12 69649848 0.8079
12 69650068 0.8079
12 69650398 0.8079
12 69659357 0
12 69659465 1.1564
12 69662485 0.939482490622904
12 69670190 0.4215
12 69675509 0.6442
12 69684795 0.7663
12 69688629 0.5665
12 69703842 2
12 69704841 2
12 69707243 0.7367
12 69710076 2
12 69710390 0.2111
12 69710733 1.6261
12 69716927 2
12 69731008 2
12 69739423 0.9924
12 69749013 2
12 69751753 2
12 69754254 2
12 69754593 1.4025
12 69755755 0.9924
12 69755796 0.9924
12 69758530 2
12 69759666 2
12 69792249 0.0329
12 69795807 2
12 69798740 2.147
12 69799613 1.3263
12 69800888 0.9924
12 69802048 0.9924
12 69807875 0.9924
12 69809199 5e-04
12 69809905 2
12 69814848 1.3263
12 69819225 0.1699
12 69823046 2.147
12 69837220 0.9924
12 69839645 0.2107
12 69841015 2
12 69855217 0.9924
12 69868301 2
12 69894787 0.8622
12 69904265 0.9618
12 69909593 1.5393
12 69916953 0.6133
12 69918371 2
12 69922323 1.3692
12 69926933 0
12 69927220 0.24
12 69933786 2
12 69954198 0.295318560842254
12 69971094 0.1843
12 69980126 8e-04
12 69984984 0.9698
12 69986235 2
12 69990826 2
12 69993703 2
12 69997263 2
12 69997942 1.5136
12 70003385 2
12 70009222 2
12 70013532 2
12 70018862 0.0032
12 70019116 2
12 70028511 0.9693
12 70034512 1.6802
12 70036373 0.9371
12 70036545 0.9371
12 70049704 2
12 70052617 2
12 70060132 2
12 70062784 2
12 70064245 0.7842
12 70068473 0.0078
12 70069572 2
12 70073832 2
12 70074531 2
12 70079434 2
12 70081108 2
12 70082660 2
12 70083423 2.9884
12 70085341 0.9693
12 70090070 0.7842
12 70097507 1e-04
12 70100836 2
12 70123104 2
12 70126201 2
12 70131003 0.7449
12 70139848 2
12 70143158 0.776
12 70149782 0.9693
12 70175700 0.7532
12 70204271 0.7532
12 70214313 0.930935857567932
12 70220175 2
12 70231368 2.1574
12 70232625 0.7532
12 70235001 2
12 70237577 2
12 70239082 2
12 70268629 0.784
12 70270576 0.784
12 70281319 1.0035
12 70285692 5e-04
12 70291201 2
12 70293236 2
12 70301485 2
12 70317575 0.3369
12 70361931 1.0035
12 70368037 0.5865
12 70379397 0.9371
12 70384867 0.9371
12 70403564 0.6413
12 70414716 2
12 70435156 2
12 70444429 2
12 70449025 2
12 70453838 2
12 70457557 0.7539
12 70478895 0.8724
12 70492701 2.9027
12 70522675 0.9295
12 70529413 1.41478436607639
12 70548350 0
12 70550934 0.0714154918588362
12 70555840 2
12 70557731 2
12 70558167 2
12 70559821 1.17879662294966
12 70560338 0.0696
12 70564387 2
12 70574578 0.9439
12 70601957 2
12 70608385 0.185935771040308
12 70621500 1.1911
12 70623052 2
12 70624413 1.3802
12 70635651 0.8967
12 70662904 2
12 70668771 2
12 70669556 1.7215
12 70704157 2
12 70707123 0.8651
12 70709613 0.7013
12 70711492 1.4112
12 70711545 2
12 70747172 2
12 70771562 0.6762
12 70798501 0.143560504648375
12 70808541 0.0578
12 70815515 0.0578
12 70820320 1.3139
12 70835101 2.1845
12 70838145 2
12 70853985 2
12 70856030 3.1148
12 70889233 2
12 70894616 2
12 70896850 0.6112
12 70908196 0.821232071689326
12 70918707 2
12 70922267 0.7322
12 70937871 2
12 70940855 2
12 70943386 1.20881724002461
12 70947573 2
12 70950584 2
12 70951481 2
12 70952057 2
12 70966510 2
12 70986331 0.8882
12 70997303 0.8882
12 71011124 0.6737
12 71017781 0.4684
12 71023076 0.4418
12 71044817 5e-04
12 71058501 1.2712658315959
12 71062678 0.815
12 71070083 0.815
12 71070646 2
12 71071893 0.606314143715195
12 71089547 0.811858623139454
12 71110434 0.815
12 71114977 1.04435767380608
12 71118370 0.831
12 71120527 2
12 71133927 0.5344
12 71166223 0.399
12 71179989 0.657320167363388
12 71187839 2
12 71202290 2
12 71208067 0.1891
12 71218628 2
12 71233337 2
12 71238163 0.4184
12 71258456 0.4184
12 71274554 0.3518
12 71291868 2
12 71294432 0.0383
12 71309576 2
12 71312516 2
12 71321156 0.686795988205203
12 71322837 0.011247171083138
12 71327191 2
12 71331328 2
12 71333262 1.5829
12 71337024 1.5829
12 71342893 2
12 71348090 1.5829
12 71353987 0.6659
12 71356318 2
12 71357117 2
12 71360386 2
12 71361877 2
12 71363619 2
12 71365451 3e-04
12 71368709 2
12 71368727 2
12 71369268 5e-04
12 71371879 0.643
12 71384286 2
12 71387112 2
12 71393707 2
12 71395527 2
12 71419104 2
12 71435853 0.6659
12 71471177 1.4266
12 71487750 0.1543
12 71490144 0.0792
12 71494111 1.4025
12 71516179 0.0792
12 71524298 0.9217
12 71532848 0.9217
12 71540169 0.01
12 71540484 0.3329
12 71541010 0.0899
12 71545000 1.3795
12 71550311 2
12 71567917 0.0107
12 71613749 0.1847
12 71627173 0.7679
12 71627226 0.1923
12 71649301 0.1923
12 71652961 0.1699
12 71733053 5e-04
12 71742695 0.394
12 71749901 0.394
12 71832571 2
12 71910459 1.487
12 71914447 1.4485
12 71942732 0.4367
12 71962846 0.1073
12 71970389 0.3057
12 71970390 0.3057
12 71982371 0.3057
12 71983479 5e-04
12 71984819 0.3057
12 72001449 0.6944
12 72004373 0.1143
12 72021024 0.3085
12 72048924 0.0326
12 72096514 0.1143
12 72115204 0
12 72221740 0.729613108043495
12 72233810 0.8172
12 72240283 2
12 72259515 2
12 72264905 2
12 72284692 2
12 72289170 2
12 72309682 0.0893277705349676
12 72319630 0.6987
12 72332284 0.1215
12 72343763 2
12 72344661 2
12 72433176 2
12 72449878 2
12 72474556 2
12 72480343 2
12 72509272 2
12 72516534 2
12 72528574 1.0814
12 72535086 2
12 72556007 1.3866
12 72560130 2
12 72561561 1.4324
12 72565860 2
12 72567000 2
12 72568508 2
12 72568767 1.4399
12 72570448 2
12 72571894 2
12 72572402 2
12 72601206 2
12 72602166 2
12 72603999 2
12 72609824 2.8751
12 72614782 2
12 72620933 1.4552
12 72621882 1.4399
12 72632646 2
12 72633681 1.4552
12 72639971 5e-04
12 72641036 2
12 72648277 2
12 72653857 1.463
12 72657579 2
12 72672060 2
12 72682251 0.3305
12 72683055 0.3305
12 72702144 0.3481
12 72704757 0.3481
12 72712547 2.9884
12 72717685 0.3466
12 72796297 2
12 72802041 2
12 72806577 2
12 72809237 0.968
12 72810951 0.9962
12 72811880 0.8205
12 72812211 0.8205
12 72813411 0.968
12 72814419 0.8205
12 72814444 0.968
12 72814958 0.8205
12 72818325 2
12 72821687 0.994772651904311
12 72823039 0.846628469634768
12 72828178 2
12 72832289 2
12 72846892 0.789
12 72847697 0.789
12 72856450 2
12 72859617 0.789
12 72868423 0.789
12 72884831 2
12 72894678 0.789
12 72895607 2
12 72898137 0.789
12 72900281 5e-04
12 72901555 2
12 72906944 0.5885
12 72919547 2
12 72922611 0.5885
12 72929756 2
12 72945553 2
12 72949962 2
12 72952177 2
12 72958154 2
12 72962708 1.25732312236377
12 72963462 1.0221
12 72963877 2
12 72967046 2
12 72970177 2
12 72976337 0.6368
12 73000871 1.6284
12 73022754 1.33730439963232
12 73038532 2
12 73079560 1.35240121776173
12 73094325 0.458994199624278
12 73101676 2
12 73137889 0.00509543435475478
12 73150035 0.164308698913292
12 73150575 0.637249989735509
12 73153210 0.1436
12 73157173 2
12 73157791 0.236587387129727
12 73158347 2
12 73159402 1.14676963162523
12 73162120 1.58375652603368
12 73169859 2
12 73241556 2
12 73251598 0.6882
12 73268670 2
12 73282043 2
12 73283566 0.1903
12 73300903 0.1873
12 73303113 0.1948
12 73321630 2
12 73355333 2
12 73360489 2
12 73367772 2
12 73374352 2.9158
12 73395262 0.545
12 73413811 0.1935
12 73421583 0.2064
12 73454744 0.1935
12 73454813 0.1935
12 73460248 0.1935
12 73461817 1.4709
12 73463019 0.1935
12 73465113 0.1935
12 73470209 1.7466
12 73470338 0.214186355645819
12 73495989 0.0387
12 73497783 0.1935
12 73517068 0.5521
12 73525013 0.1935
12 73544788 0.2064
12 73548769 0.2064
12 73555596 0.6203
12 73566106 0.1935
12 73573969 0.28640868492573
12 73583837 0.1935
12 73586528 5e-04
12 73590858 0.038087544156899
12 73591004 0.376287035967308
12 73592830 0.2
12 73600770 1.574
12 73606505 2
12 73620254 0.0264
12 73655929 1.8299
12 73669919 2
12 73673773 2
12 73675020 2
12 73681129 2
12 73683470 2
12 73700789 0.0807813862371564
12 73703791 0.924947509941409
12 73705037 0.6364
12 73706426 0.6364
12 73710335 1e-04
12 73710352 0.2946
12 73710369 1e-04
12 73722484 2.16184788723361
12 73727238 0.456892680663963
12 73728796 0.529085042224376
12 73728962 2.06320334884796
12 73729158 0.3271
12 73757556 2
12 73758622 0.2196
12 73772849 1.7287
12 73777411 0.3271
12 73778707 2
12 73783094 0.6606
12 73788573 0.6606
12 73809143 2
12 73841259 2
12 73848481 2
12 73859530 0
12 73870769 0.325
12 73894512 0.0897
12 73910273 0.2472
12 73915561 2
12 73915711 2.21904634497639
12 73919747 1.663
12 73929750 5e-04
12 73934984 0.883292667481064
12 73963836 1.3461
12 73972594 2
12 73974054 1.3814
12 73992478 2
12 73993503 1.1677
12 74025929 2
12 74059108 2
12 74066081 2
12 74097836 0
12 74097847 1.9049
12 74146702 2
12 74146762 1.2929
12 74170344 2.2175
12 74183339 2
12 74198385 2.9884
12 74249498 2
12 74311275 2
12 74314177 2
12 74330527 1.479
12 74343992 2
12 74362330 2.9884
12 74375732 2
12 74397890 0.7965
12 74399889 0.649
12 74432043 0.6519
12 74456903 2
12 74480547 2
12 74482375 1.2843
12 74509376 2
12 74535378 5e-04
12 74536145 0.4349
12 74536744 1.319
12 74551576 0.3327
12 74571374 1.4834
12 74585885 1.2325
12 74589218 0.121361186618998
12 74598636 1.319
12 74598807 1.2252
12 74608042 1.319
12 74636128 1.298
12 74669788 2
12 74677531 0.059061682302531
12 74680374 2
12 74687752 1.5819
12 74691466 5e-04
12 74693910 2
12 74706773 2
12 74716225 2
12 74718608 2
12 74719484 2
12 74751732 1.2723
12 74760539 2
12 74768712 2
12 74768725 2
12 74775895 1.0506
12 74776589 1.0506
12 74795711 2
12 74817883 2
12 74831824 2
12 74836273 0.579362097971282
12 74852944 2
12 74855803 2
12 74863397 1.10900425210875
12 74881651 2
12 74893195 2
12 74899197 2.981
12 74930739 2
12 74941247 2
12 74943371 2
12 74954419 2
12 74976314 5e-04
12 74978887 2
12 74993236 2
12 75008110 2
12 75054704 2
12 75058758 0.0899
12 75070214 1.1521
12 75099835 0.0899
12 75107524 2
12 75108458 2.0468
12 75108819 2
12 75126427 2
12 75127679 0.717736265251258
12 75129272 2
12 75147767 2
12 75164503 2
12 75165388 2
12 75172081 1.8368
12 75179742 0.0713524890060014
12 75190372 2
12 75190421 0.2385
12 75220105 0.2537
12 75252883 0.2026
12 75279599 0.6184
12 75300414 0.6517
12 75305600 2
12 75327567 2
12 75366627 0.0538
12 75366962 2
12 75401473 1.3801
12 75413912 2
12 75415978 2
12 75433531 5e-04
12 75433557 1.3801
12 75435841 2
12 75440284 2
12 75441709 2
12 75443609 2
12 75446260 2
12 75449075 2
12 75453488 2
12 75472397 2
12 75490566 2
12 75490581 2
12 75496571 2
12 75500490 0.696665845399534
12 75500632 2
12 75504752 0.556042338148614
12 75509411 0.470224207017486
12 75511396 2.4046
12 75516554 0.189804093501845
12 75523134 2
12 75541377 2
12 75555378 2
12 75569518 2
12 75580851 0.0219
12 75620569 2
12 75624171 1.10602214233254
12 75630775 2
12 75630930 2
12 75632785 2
12 75641212 2
12 75662030 2
12 75669796 2e-04
12 75694710 0.3429
12 75697571 2
12 75699192 2
12 75701726 0.560663261964536
12 75708543 2
12 75712151 1.88642859293669
12 75720600 0.2803
12 75727723 2
12 75753246 0.181
12 75756715 2
12 75759410 0.724
12 75759607 2
12 75810158 0.7958
12 75811670 0.9291
12 75816294 0.4741
12 75821720 2
12 75839647 0.4516
12 75842711 0.0688762395471462
12 75845737 2
12 75863101 0.7923
12 75870389 0.5119
12 75917316 1.8474
12 75931891 0.9818
12 75982592 0.1687
12 76001304 0.5492
12 76009080 0.9695
12 76010760 0.1101
12 76013191 0.0376
12 76015510 5e-04
12 76018769 0.4028
12 76021260 2.1858
12 76024777 0.0433
12 76033699 2
12 76080976 2
12 76097827 0.1303
12 76105576 2.2468
12 76114050 2
12 76115272 0.1104
12 76131969 0.4623
12 76136642 1.0283
12 76148552 2
12 76155551 1.1992
12 76164917 2
12 76164965 2
12 76175170 2
12 76181377 0.9444
12 76199249 1.13290321229142
12 76219802 2.7295
12 76221905 0.3054
12 76223158 2
12 76239989 0.447715025031472
12 76247043 0.6849
12 76256061 0.5355
12 76257699 0.0897001442373371
12 76262816 2
12 76278831 2
12 76299930 2
12 76325798 2.0145
12 76325844 2
12 76369312 2
12 76375429 1.32735258772915
12 76379423 2.0957
12 76382822 0.531711716720927
12 76383477 5e-04
12 76391843 0.155630690306547
12 76392147 2
12 76403666 1.446
12 76413970 1.446
12 76428684 2
12 76440276 2
12 76442461 2
12 76444496 1.446
12 76450183 1.446
12 76458051 1.446
12 76469824 1.446
12 76488489 0.361569763914804
12 76500448 0.139856513110845
12 76501366 0.953202008878365
12 76507176 0.698907512472897
12 76510991 2.3365
12 76550514 1.3471
12 76558113 2
12 76628277 2
12 76672627 0.825
12 76673953 1e-04
12 76674760 0.2722
12 76723104 2
12 76732540 0.424681225250623
12 76751887 1.4642
12 76757127 0.0526
12 76806383 2
12 76816431 2
12 76817464 2
12 76823897 2
12 76825942 2
12 76839682 2
12 76843425 0
12 76861368 6e-04
12 76924304 0.3112
12 76929012 2
12 76930904 2
12 76938402 2
12 76945287 0.1318
12 76994105 2
12 76994359 2
12 77008248 0.2318
12 77035983 1.06780162760342
12 77036356 0.1454
12 77043454 0.1763
12 77049909 0.9404
12 77053779 0.1498
12 77059446 1.46306862963964
12 77073586 2
12 77092295 2
12 77092982 0.173348944291773
12 77094417 2
12 77097619 2
12 77100712 1.3196
12 77107536 2
12 77114930 2
12 77127657 0.90047041889248
12 77145160 0.575602596215931
12 77150039 2
12 77151446 2
12 77151853 0.308267632673295
12 77157360 1.03712433762656
12 77160290 2
12 77165334 2
12 77179258 2
12 77180608 2
12 77196417 1.66
12 77197569 1.4279
12 77199846 2
12 77214818 2.20737221648986
12 77228192 2.14939679082873
12 77228216 3.3013
12 77246805 0.1912
12 77250594 1.7505
12 77259829 0.5399
12 77267385 0
12 77267604 2.4001
12 77278663 1.7634
12 77279700 2
12 77285645 0.2822
12 77292251 1.07163562174444
12 77297860 2
12 77300635 0.0217
12 77307375 0.9815
12 77331990 0.714221842743789
12 77332700 1.3196
12 77332811 2
12 77340804 1.3196
12 77341001 0.622620343756574
12 77346185 0.363073134034723
12 77358888 0.953928857456761
12 77364121 0.285963562295447
12 77365788 0.207830686211885
12 77372776 2.2073
12 77384824 0.2902
12 77411136 2
12 77421937 2
12 77421991 0.2072
12 77439898 0.5216
12 77462119 0.5216
12 77470960 0.2957
12 77472570 1.2018
12 77481416 0.2142
12 77485200 2
12 77495987 2
12 77499842 2
12 77499933 2
12 77516628 2
12 77520454 2
12 77542139 2
12 77543522 2
12 77549747 2
12 77550294 2
12 77553003 2
12 77554880 2
12 77555456 2
12 77557131 2
12 77580649 2
12 77580880 2
12 77594343 2
12 77599826 2
12 77606949 2
12 77610792 2
12 77626929 1.1979
12 77637391 1.2541
12 77651285 2
12 77651416 2
12 77651869 2
12 77652910 2
12 77663124 2
12 77667488 2
12 77672695 2.6497
12 77675931 2
12 77683923 1.2074
12 77725446 0.1351
12 77729990 2.14334310897658
12 77738260 0.490822598577662
12 77739179 2
12 77739233 0.591343633416823
12 77742164 0.191
12 77753506 0.1693
12 77761982 0.129947406449081
12 77777996 0.3893
12 77808575 0.2244
12 77818505 0
12 77820439 2
12 77821076 2
12 77827886 1.0479
12 77843176 2
12 77843618 0.9144
12 77852703 2
12 77860111 2
12 77873675 2
12 77873683 5e-04
12 77874548 1.4108
12 77874868 0.683027004289707
12 77886760 0.8239
12 77897869 1.3771
12 77897989 2
12 77907828 1.08419647589964
12 77908458 1.2729
12 77913089 1.2729
12 77914224 2
12 77927476 2
12 77934408 0.168
12 77935609 0.1312
12 77945471 2
12 77947164 2
12 77957958 2
12 77973021 1.3435
12 77976447 0.4246
12 77979699 0.8002
12 77981709 1.2938
12 77987047 1.3104
12 77996300 0.4246
12 78000198 1.2341
12 78010773 0.049435518968803
12 78019314 2.00447688961744
12 78022720 0.7859
12 78057110 0.7258
12 78071956 2.8855
12 78076827 0.2659
12 78090301 0.0897
12 78103082 2
12 78108251 0.1462
12 78110685 2
12 78133503 0.0994
12 78139079 1.2361
12 78142172 0.2239
12 78149911 0.2239
12 78163802 2
12 78170992 2
12 78182515 0.2985
12 78191339 0.6676
12 78194603 2
12 78195392 0.4676
12 78205678 2
12 78220313 2
12 78228977 2
12 78234718 1.6969
12 78236245 2
12 78283456 1.2382
12 78317311 1.5775
12 78325095 0.0632228080393028
12 78325248 0.256958191414713
12 78343289 0.568
12 78354542 0.471052051818215
12 78389273 0.135252240637107
12 78394495 0.605788283602709
12 78406248 0.1155
12 78470571 2
12 78474864 0.0273
12 78477610 0.4772
12 78485988 0.9991
12 78500254 1.0785
12 78500790 1.0785
12 78501426 0.895244452336681
12 78502439 1.0785
12 78515872 1.1076
12 78526207 0.5439
12 78554754 0.6285
12 78558264 0.0724909745575008
12 78564470 1.1603
12 78565647 0.222126119827945
12 78569962 1.1249
12 78576704 1.1
12 78593649 0.94998453100499
12 78596365 0.241568995940828
12 78596702 1.0359
12 78607778 0.087
12 78608590 3.1166
12 78609476 0.0032
12 78630488 2
12 78631283 2
12 78634682 2
12 78648109 2
12 78655224 2
12 78781011 0.844748049112705
12 78784023 0.988357663052947
12 78789854 2.61002787848117
12 78800855 0.3618
12 78848889 0.3434
12 78859792 1.4358247414547
12 78859907 0.183574559071459
12 78868332 0.2954
12 78870117 0.390900369936088
12 78872935 0.3239
12 78876852 5e-04
12 78876862 1e-04
12 78876909 5e-04
12 78878144 0.3144
12 78884029 0.207303517099693
12 78898795 0.494746044033725
12 78900253 2
12 78905543 2
12 78909634 0.258
12 78917550 0.2954
12 78917744 0.258
12 78920572 0.2487
12 78925452 2
12 78980569 1.1551
12 78996742 1.1551
12 79012599 1.7394
12 79017507 1.8328
12 79018910 0.0244
12 79034560 1.8609
12 79040084 1.6929
12 79071753 2.1063
12 79079879 1.2287
12 79097398 1.2723
12 79101962 1.2723
12 79102095 1.3712
12 79105900 0.165519714068133
12 79110490 1.2723
12 79111356 1.2723
12 79129401 1.2723
12 79130919 1.2723
12 79133683 1.669
12 79135769 0.153092072626664
12 79145503 2
12 79156431 0.0897
12 79160853 1.7679
12 79162225 1.7467
12 79168580 1.8013
12 79172461 1.7679
12 79179512 1e-04
12 79179544 3e-04
12 79180651 1.8747
12 79188108 0.2766
12 79196175 0.2954
12 79203668 0.286
12 79207613 0.2766
12 79229977 0.286
12 79231463 1.8747
12 79234342 0.286
12 79239176 0.286
12 79243615 0.286
12 79256924 0.2954
12 79277967 0.7314
12 79279648 0.921
12 79305782 1.8879
12 79319192 2
12 79326731 1.3207
12 79334611 1.2013
12 79364770 0.9449
12 79373479 0.5818
12 79383040 0.2606
12 79383053 0.2524
12 79383102 0.2524
12 79383537 0.352046746155271
12 79409367 1.2548
12 79410322 1.2879
12 79418858 0.7993
12 79470033 0.799872830053201
12 79494000 0.7993
12 79510878 0.829253897791704
12 79518697 0.323652865049428
12 79524937 0.7993
12 79528539 0.449430909504028
12 79573189 0.723
12 79605529 0.0900806238500631
12 79665498 0.7993
12 79761594 0.0499
12 79761820 0.0326
12 79900107 0.0499
12 79931548 0.0499
12 79934021 2e-04
12 79943227 1.7052
12 79946313 2
12 79950688 0.0558
12 79953500 0.0326
12 79968816 0.0263
12 79996991 0.0866
12 80000656 0.0441
12 80000890 0.0866
12 80025160 2
12 80036107 2
12 80070965 0.785544085066391
12 80076156 0.544486771441652
12 80081669 0.220200113387942
12 80127051 0.469660164725708
12 80130203 2
12 80144546 2
12 80147229 2
12 80165984 0.1475
12 80178041 2
12 80187524 0.5894
12 80192651 0.4779
12 80192777 2
12 80212908 0.4195
12 80214784 2
12 80216095 0.0561
12 80280856 1.674
12 80287401 1.674
12 80288012 1.6842
12 80349538 0.0383
12 80355207 0.026
12 80363938 0.128
12 80368996 0.128
12 80374594 0.0383
12 80408725 0.309170109774287
12 80410936 2
12 80414245 2
12 80414723 2
12 80422083 2.29041000626056
12 80425184 0.2834
12 80425989 2
12 80434333 0.2834
12 80449724 0.8308
12 80452503 0.2264
12 80452587 0.2424
12 80454413 2.9952
12 80459534 3.2133
12 80472821 0.1573
12 80480049 0.0144244154888099
12 80481472 3.2959
12 80483833 1.04936637316982
12 80499163 1.63482175425734
12 80508073 0.2011
12 80513633 0.487844990187989
12 80514271 0.2011
12 80516387 0.1573
12 80516926 1.80529293768886
12 80520311 0.334272924156678
12 80521110 0.2011
12 80522068 0.1644
12 80537631 1.0226
12 80553975 2
12 80599540 0.0897
12 80600716 2
12 80615450 2
12 80616079 2
12 80627028 2
12 80688541 1.2617
12 80692779 1.2518
12 80693052 1.2668
12 80694833 1.2518
12 80695472 0.7725
12 80704862 0.7725
12 80709946 1.2617
12 80747511 2
12 80754080 0.979774640702794
12 80764019 0.526900707690856
12 80771672 0.0720615527023528
12 80779457 0.337794049801353
12 80791450 2
12 80805303 2
12 80827083 2
12 80841138 0.127930970689182
12 80841661 1.47775782739343
12 80844158 0.391834257352624
12 80844577 2
12 80853128 0.4356
12 80857165 0.4356
12 80859093 0.4356
12 80879237 0.842019351278185
12 80880286 0.969747928693778
12 80883984 0.49322448166631
12 80886016 0.413062575536125
12 80886029 2.21482931639706
12 80888613 0.232843462573845
12 80891533 0.355641110572291
12 80903034 1.5493
12 80909371 1.11177386775913
12 80915152 1.54432586213979
12 80915511 2
12 80948563 1.3024
12 80948676 1.3024
12 80956986 0.194453350811267
12 80965935 0.22616560177302
12 80974940 1.3024
12 80992881 0.384193412060996
12 81042009 0.945153543082413
12 81045289 0.605339841672564
12 81046351 1.15485927865452
12 81055857 0.8497
12 81056262 1.6113
12 81056463 1.93329582971486
12 81059997 0.240259447684705
12 81065398 1.85923952150379
12 81068315 0.613512523926978
12 81070346 0.676187091872028
12 81094182 0.378
12 81108504 0.111577343985215
12 81111846 0.608670114873001
12 81121360 0.0162
12 81122050 1.35707828888381
12 81133017 0.4388
12 81135426 0.4388
12 81139637 1.88851325706163
12 81140393 0.834729918970305
12 81145015 0.4911
12 81164751 0.576435573395962
12 81188894 0.0329460972671533
12 81218843 0.607456428953983
12 81257930 2
12 81265538 1.13851309678551
12 81268136 0.888671858033651
12 81297069 0.1506
12 81328729 0.0217
12 81404568 0.0533
12 81454995 2
12 81469850 2
12 81491752 2
12 81533735 5e-04
12 81547236 0.6223
12 81557522 1.5676
12 81587357 1.3545
12 81598222 1.03817606169873
12 81615919 0.017
12 81625751 0.0984
12 81626909 1.3545
12 81638930 0.8506
12 81642763 6e-04
12 81658147 0.784
12 81660391 1.27685197078973
12 81662248 1.348
12 81699446 2
12 81706527 2
12 81716551 0.4868
12 81717036 0.079
12 81720012 0.0851
12 81725026 0.0851
12 81752939 0.7027
12 81784300 2
12 81788765 2
12 81809398 2
12 81812061 2
12 81815402 2
12 81825315 1.0561
12 81825597 2
12 81831310 2
12 81841836 2
12 81844571 2
12 81857030 2
12 81858445 1.7351
12 81875845 2
12 81876865 2.034
12 81878852 2
12 81880999 1.3145
12 81889726 1.449
12 81892213 2
12 81897534 1.0561
12 81899393 2
12 81904789 0.8779
12 81928276 0
12 81944122 0.9371
12 81946611 2
12 81957878 0.6035
12 81964383 1.1372
12 82004365 2
12 82006993 2
12 82013989 2
12 82026227 0.0219
12 82035318 1.3932
12 82052336 0.6598
12 82062038 0.7924
12 82066216 0.8268
12 82087999 1.5248
12 82092424 1.5248
12 82102276 1.2396
12 82102547 2
12 82139336 0.4704
12 82147295 0.437
12 82156820 0.00781833874876181
12 82166766 4e-04
12 82168219 0.8355
12 82168806 0.8355
12 82169807 2
12 82169984 0.8355
12 82170144 1.0201
12 82172854 0.1723
12 82197641 0.0458
12 82219045 0.3445
12 82225018 1.3717
12 82259521 1.321
12 82262686 0
12 82263917 0.301985258046738
12 82274374 0.5323
12 82285523 0.475
12 82323309 0.0682
12 82342220 0.0756
12 82375266 0.0217
12 82376705 1.3936
12 82384567 0.0217
12 82409006 0.0756
12 82409404 0.0756
12 82412259 1.3936
12 82464486 0.0756
12 82466332 0.170113177406963
12 82467093 5e-04
12 82470067 1.1724
12 82470623 1.3867
12 82478684 1.4441
12 82503150 1.3799
12 82504846 1.1724
12 82517735 1.1438
12 82664957 0.3274
12 82668568 1.0814
12 82693783 1.2375
12 82714072 0.0977
12 82730252 0.1105
12 82748007 2
12 82769703 2
12 82772705 2
12 82772775 2
12 82791953 2
12 82806305 1.2723
12 82806444 1.2723
12 82873866 2
12 82876707 2.3748
12 82877092 0.0828463838238147
12 82888067 1.7929
12 82900712 0.0076
12 82945038 1.28375697848387
12 82950202 2.12636750608621
12 82951849 1.4099
12 82956263 2.19053658470666
12 82960829 0.771878040690755
12 82963798 0
12 82963822 2
12 82978463 0.314882678763211
12 82991238 0.8
12 82994099 0.8286
12 82997380 1e-04
12 82997412 0.884615042174274
12 83000544 0.446294870148532
12 83001756 0.237260648320784
12 83002166 0.312348492121333
12 83006762 0.246984725493681
12 83007104 0.284193918211286
12 83010745 0.637642193896485
12 83019774 1.50545349689167
12 83021036 0.375086860727623
12 83022362 0.14721045072026
12 83023264 1.0307061872939
12 83027978 1.04468539381273
12 83035276 1.45186338722013
12 83042863 0.5714
12 83070897 1.3881
12 83078379 2
12 83097827 2
12 83107199 2
12 83119080 2
12 83150136 0.6998
12 83154586 0.1023
12 83165002 0.6749
12 83254319 2
12 83264931 1.3057
12 83265680 1.2998
12 83268504 2
12 83272147 2
12 83277649 1.0064
12 83280928 1.2172
12 83282514 1.2172
12 83283868 0.0078
12 83285861 1.2172
12 83288964 1.3492
12 83292822 2
12 83302006 2
12 83307427 2
12 83323581 2
12 83348848 2
12 83380250 2
12 83384979 0.9407
12 83409171 2
12 83411173 2
12 83415130 0.9407
12 83466884 2.31269813983485
12 83479351 0.463689032759193
12 83505235 1.2151
12 83562624 0.806870075966978
12 83592886 1.0888280182905
12 83605130 0.616319858009755
12 83616004 0.157715227070809
12 83623491 1.74559698190771
12 83640753 0.305998861365907
12 83648980 1.62709046869097
12 83667301 0.730397429495403
12 83668268 0.285428807802347
12 83670575 0.486312950265013
12 83671869 0.187308512477877
12 83677271 0.711916530976861
12 83683877 0.34775592049243
12 83703912 0.401791132424006
12 83706429 1.4414073959106
12 83713513 1.53975706229651
12 83715404 0.337822088204013
12 83717113 1.13822251632713
12 83721226 2
12 83722953 1.82361094648584
12 83729262 0.224084315675834
12 83736190 1.1262
12 83756653 1.29216830406316
12 83757116 0.341095797776223
12 83768580 0.307897732692397
12 83773889 1.81283050376915
12 83777136 1.19496262828023
12 83783484 0.245313812501609
12 83785769 0.7255
12 83787311 2.1191
12 83788310 0.100325700073097
12 83788343 0.605063413426029
12 83788349 1.12801550370101
12 83788629 0.523522730798207
12 83792695 1.55361230027834
12 83808618 1.16223766859452
12 83818269 9.08673898424444e-05
12 83818545 1.7860529950003
12 83818548 0.57585278883472
12 83819906 1.074
12 83821706 0.572857414437135
12 83822531 1.52273194086605
12 83822739 0.744883627158979
12 83823708 0.18868092221515
12 83824301 0.482442954703946
12 83827575 0.758325588218674
12 83842065 2
12 83844741 2
12 83848638 0.2014
12 83850891 1.3986
12 83858407 0.2014
12 83865866 0.2173
12 83872215 0.2014
12 83876311 0.2173
12 83892072 0.2014
12 83894293 0.0389
12 83908408 0.0305
12 83928389 1.398
12 83940858 0.2014
12 83962325 0.2093
12 83974585 2
12 83986971 3.0009
12 83995724 3.0009
12 84029294 2
12 84039014 1.2881
12 84051029 2
12 84052716 2
12 84068096 1.6044
12 84082213 0.148
12 84085532 2
12 84106297 2
12 84114366 2
12 84124176 2
12 84124711 0.7365
12 84131012 2
12 84131595 2
12 84133908 0.241630544548678
12 84137678 2
12 84162207 0.100369109415682
12 84175258 0.0937308327747561
12 84178386 1.5874
12 84184764 2
12 84196230 0
12 84200601 0.1744
12 84231693 0.6809
12 84233779 0.6356
12 84238036 0.280136477645511
12 84244933 2
12 84256522 2
12 84258721 0.6356
12 84261824 0.6356
12 84262010 0.231458784566362
12 84269846 2.7306
12 84272103 0.6356
12 84281149 0.141
12 84281854 0.935686036136173
12 84290973 0.6356
12 84295073 2
12 84299310 0.207393988802828
12 84304106 0.1027
12 84312009 0.72185041499771
12 84315437 0.655
12 84330548 2
12 84337624 0.7866
12 84353941 1.5874
12 84359110 2
12 84368415 2
12 84378328 0.6515
12 84386866 2
12 84389880 1.5331
12 84393393 1.5331
12 84394179 2
12 84394998 0.247185551712152
12 84397303 2
12 84402727 2
12 84403289 2
12 84412901 2
12 84420121 2.7099
12 84422758 2
12 84423787 2
12 84452479 1.7903
12 84494699 2
12 84495340 0.7401
12 84499598 2
12 84502884 1.5331
12 84513441 0.1343
12 84524170 0.1561
12 84529727 1.4834
12 84554554 2.631
12 84594271 1.9275
12 84610588 1.75934296745438
12 84615578 1.05904786451825
12 84615682 0.42214849652825
12 84632497 0.135
12 84641047 0.367048453195291
12 84642815 0.338090292571237
12 84648958 1.94940284294695
12 84666466 0.0072
12 84678462 0.8188
12 84684613 1.39487661309452
12 84688727 0.5975
12 84701324 0.655679229802203
12 84704754 0.762599926367857
12 84711987 0.346134193844413
12 84732877 2
12 84737281 2.4027
12 84754912 1.3557
12 84757939 2.135
12 84760217 0.3722
12 84761555 0.3572
12 84767303 0.3572
12 84772209 0.863760650239283
12 84775706 0.9102
12 84781780 2.74327003180671
12 84787735 0.402400088117182
12 84817481 1.47889915853933
12 84819380 1.3057
12 84820064 0.418005739579137
12 84835225 0.130832210881848
12 84845424 2.0004
12 84845598 0.0053
12 84845862 0.0588549387579144
12 84851466 2
12 84854461 2
12 84879090 1.24313866073159
12 84889383 0.0954116553697529
12 84890636 5e-04
12 84893078 0.782598370375717
12 84919107 0.349597340327836
12 84950205 0.252970319711645
12 84951695 1.3312
12 84990375 1.11038088747222
12 84992138 0.334502631357524
12 84993889 0.417001248772844
12 85001108 0.738731814395248
12 85001300 1.1673204492798
12 85004962 0.880730853184896
12 85025167 0.3914
12 85038262 1.3534
12 85049334 0.3914
12 85050516 0.3914
12 85069626 0.3914
12 85074606 0.3914
12 85135512 1.0787
12 85140391 1.0787
12 85151994 1.0787
12 85164325 0.3808
12 85172430 1.0787
12 85217232 0.9617
12 85249731 0.9617
12 85267595 0.9617
12 85268660 2
12 85311477 0.565
12 85320992 0.565
12 85334612 2
12 85342699 2
12 85345129 2
12 85362907 2
12 85395282 2.2028
12 85437933 0.0897
12 85454318 2
12 85583993 0.3422
12 85589398 0.3422
12 85601695 1.382
12 85619724 0
12 85665328 0.3046
12 85693176 0.299140039481014
12 85703853 1.08524506544002
12 85709215 0.6135
12 85716903 0.3027195713498
12 85721104 1.2126
12 85724723 0.153869798459948
12 85733028 0.588711743132343
12 85746009 0.1059
12 85751551 0.52200590082092
12 85751769 0.91630454204838
12 85752494 0.564682257032782
12 85753373 0.385392750509437
12 85755636 0.302121576194522
12 85757188 0.957912519396018
12 85762870 0
12 85763857 1.69689622941799
12 85796583 0.0263
12 85876074 1.65915601054051
12 85877077 0.296551093966337
12 85900691 0.1503
12 85908716 0.9507
12 85912468 1.1366
12 85917866 0.1381
12 85932361 1.1749452841568
12 85934636 0.1499
12 85942668 0.1499
12 85945453 0.1499
12 85994514 0.345
12 86022810 5e-04
12 86030408 1.1824
12 86046834 0.1499
12 86066363 2
12 86077646 1.51975996076166
12 86099408 0.904313995456867
12 86120216 0.263786600466713
12 86141495 1.13966578205468
12 86144095 2.0768
12 86169024 2.4244
12 86173761 1.1824
12 86175270 1.1824
12 86187851 2
12 86188922 0.739302543370348
12 86199323 1.4156240931485
12 86203236 0.504823093911598
12 86206418 0.519496845621835
12 86225159 0.575780340474577
12 86230327 0.0214955673788125
12 86230869 0.2186
12 86250512 0.0678036363711013
12 86251743 0.899180260559471
12 86256617 1.1895817949839
12 86268999 0.298915464739863
12 86279221 1.12447834599264
12 86279657 0.0337996768227034
12 86283134 0.811138850610646
12 86290364 0.25016045047403
12 86290471 1.04962184557709
12 86303450 0.471645384556214
12 86307184 0.980523697437142
12 86312593 1.73747929783637
12 86314198 2
12 86335931 2
12 86360544 0.289954454873238
12 86366146 2
12 86370840 0.00877505670950452
12 86398712 1.09460323671778
12 86398767 0.654730407098065
12 86405954 3e-04
12 86408483 2
12 86410798 1.6341
12 86433357 0.845909813392109
12 86442047 1.22235734557372
12 86458934 0.140951823007495
12 86503736 6e-04
12 86565511 0.522878991179592
12 86567440 0.941293179589592
12 86569409 0.986792750936603
12 86586427 1.6233
12 86588160 0.0896415100536842
12 86606856 0.0329
12 86673832 0.0263
12 86678041 0.0669
12 86688720 0.0675
12 86701523 0.0669
12 86737016 2
12 86763911 0
12 86767095 0.0657
12 86827121 2
12 86857968 1.7951
12 86865801 2
12 86867577 0.531826176688415
12 86871615 1.4466687484286
12 86873923 1.62077965590637
12 86875419 2
12 86888879 2
12 86910552 0.340037028157748
12 86916290 0.8065
12 86930487 2
12 86941225 2
12 86941556 2
12 86944510 2
12 86948303 2
12 86952317 2
12 86961670 2
12 86963318 2
12 86964453 2
12 86969721 2
12 86978036 2
12 86978690 2
12 86999302 0.9579
12 87004828 0.9579
12 87047504 1.1366
12 87050146 2
12 87053749 0.8962
12 87057960 0.8962
12 87074188 0.8962
12 87074893 0.8038
12 87088692 1.3208
12 87095269 2
12 87104429 1.06062699572961
12 87105396 0.8962
12 87115253 0.8962
12 87116494 0.8038
12 87116747 2.981
12 87141947 0.8038
12 87169741 2
12 87189418 2
12 87217338 1.3082
12 87255473 2
12 87257054 0.6247
12 87261373 0.6247
12 87265765 0.7706
12 87267246 0.6247
12 87273075 0.6247
12 87274613 2
12 87301000 2.57743656886225
12 87309693 0.900541075674682
12 87316076 2
12 87316371 2
12 87316391 2
12 87320148 0.6247
12 87321982 2
12 87333403 2
12 87351441 2
12 87352532 2
12 87352772 2
12 87367106 2
12 87382302 2
12 87383673 2
12 87383822 2
12 87391787 0
12 87408477 2
12 87408709 2
12 87409477 2
12 87417308 2
12 87418707 2
12 87425798 2
12 87426178 2
12 87429167 0.331701549034772
12 87429561 2
12 87429933 2
12 87434829 2
12 87449203 2
12 87449827 2
12 87458613 2
12 87469156 2
12 87469339 2
12 87473223 2
12 87482819 1.87376827583328
12 87485814 5e-04
12 87497399 0.173881068826707
12 87504406 1.13697401561999
12 87512101 0.809033227651321
12 87541516 1.2172
12 87544643 0.45375078099867
12 87611717 1.7525
12 87713882 1.3302
12 87727090 1.2172
12 87732744 1.2172
12 87781205 0.0848661762718971
12 87783380 0.0832107408440213
12 87787623 0.63127946455743
12 87789481 0.539743829645358
12 87795209 0.183576364692054
12 87814350 0.299668442262431
12 87830525 1.24753667830784
12 87859766 2
12 87871017 0.725113138488141
12 87872572 0.50195489212167
12 87909676 0.34896400478679
12 87919800 0.419180392020126
12 87924054 2
12 87934364 2
12 87948299 2
12 87960746 1.3352
12 87965828 2
12 87967580 2
12 87991928 2
12 87996944 2
12 88014336 2
12 88014702 2
12 88016760 2
12 88025694 0.878281446676687
12 88027759 0.179729529776664
12 88036637 0.1027
12 88076241 0.505
12 88111301 0.622663513826367
12 88153205 0.5162
12 88155591 0.119178918795933
12 88162413 1.14238514268079
12 88178627 0.762825238169416
12 88205086 1.22939809362729
12 88211786 2.7115
12 88214809 0
12 88223101 0.875225201957122
12 88233711 0.294637455920316
12 88246968 1.54994358393823
12 88254197 2.32563387677539
12 88277511 0.149784530950733
12 88280097 0.951339287191007
12 88332294 0.0383
12 88340621 0.0383
12 88346350 0.0383
12 88349578 0.0383
12 88358844 0.437618560908383
12 88365185 0.0383
12 88369588 0.0383
12 88397847 0.0897
12 88403492 2.7295
12 88406684 0.089
12 88413606 0.1278
12 88424787 0.515739188601125
12 88427389 1.0398262319272
12 88431827 1.07206018569722
12 88433158 1.65733842350217
12 88437726 0.778584903462806
12 88441907 0.408733114010772
12 88466359 0.371213390527182
12 88493512 0.142280851498358
12 88501316 2
12 88530714 1.08905343687997
12 88531436 0.0193683709832485
12 88548379 0.362856147947097
12 88555738 0.44051094267358
12 88556218 0.1255
12 88559882 0.555537496928916
12 88603165 0.875150496578649
12 88655396 5e-04
12 88655658 0.0507006467288721
12 88715279 4e-04
12 88715459 0.3015
12 88766667 2
12 88771307 2
12 88773431 2
12 88796605 2
12 88842719 2
12 88844107 5e-04
12 88956193 2
12 88970132 2
12 88982761 2
12 88990340 2
12 89004302 2
12 89006877 0.0476
12 89008373 2
12 89012102 2
12 89012716 2
12 89044082 2
12 89050536 1.34214959643054
12 89055180 1.4167
12 89070534 0.0444
12 89079764 2
12 89149646 1.6253
12 89220183 0.535589015963135
12 89222755 0.716000943976137
12 89227907 0.682918816291371
12 89275239 1.25416898582324
12 89280950 2
12 89293713 2
12 89302520 2
12 89302871 5e-04
12 89302872 5e-04
12 89310411 0.586808658083161
12 89314913 0.490278374933364
12 89318727 0.3034
12 89319968 0.352373675981611
12 89333664 2
12 89346461 2
12 89349837 0.121334693903812
12 89369936 2
12 89375217 2
12 89384460 1.6622
12 89388617 1.1795
12 89407113 0.2791
12 89412676 3.2907
12 89447088 0.751166249945038
12 89457189 2
12 89468675 2
12 89488158 2
12 89492165 0.8834
12 89492984 2
12 89495350 0.789203898923385
12 89503226 0.546569819558661
12 89507840 2
12 89508827 0.8834
12 89515285 1.35007831712956
12 89519178 0.91807682667033
12 89525853 0.0261
12 89527904 2
12 89528255 0.8834
12 89531304 0.8834
12 89537416 2
12 89541195 0.8834
12 89544415 2
12 89569762 1.78793884690653
12 89572565 2
12 89617318 2
12 89624994 0.1251
12 89625452 0.350368510560064
12 89628289 2
12 89638059 0.1251
12 89657395 1.0398
12 89681909 2
12 89709017 0.91
12 89721558 2
12 89737603 1.1503
12 89743135 2
12 89761363 0.807065801870781
12 89778715 0.223885119404795
12 89784133 2
12 89798295 1.23450078897345
12 89819115 0.492591853642637
12 89819293 2
12 89836373 2
12 89853127 2
12 89915156 0.413973976579159
12 89915683 0.0086
12 89918935 0.0086
12 89928954 2
12 89937605 0.0405
12 89972817 2
12 89974372 0.1444
12 90007154 1.30385361317764
12 90014434 0.1328
12 90059201 0.13036137668281
12 90079730 5e-04
12 90090298 0.3449
12 90090484 0.647407734046569
12 90129235 0.1513
12 90145987 0.1513
12 90173955 0.495
12 90181103 0.999
12 90208613 2
12 90213380 1.10084660199129
12 90272495 0.6708
12 90275924 0.6708
12 90283220 0.6708
12 90283433 2
12 90286943 2
12 90287401 0.6708
12 90288844 2
12 90289234 2
12 90309031 2
12 90309334 2
12 90320231 2
12 90335720 0.8797
12 90343712 1.5621
12 90356346 1.5621
12 90365384 5e-04
12 90367201 1.3545
12 90397835 0.3861
12 90399112 1.10189451072637
12 90458778 2
12 90465045 2
12 90469242 0.3059
12 90477455 2
12 90482535 2
12 90486549 0.1086
12 90492158 0.5574
12 90493093 2
12 90528837 2
12 90565117 2
12 90569436 2
12 90572166 2
12 90580978 2
12 90591495 0.3366
12 90596077 2.4916
12 90596276 2
12 90604560 0.3366
12 90606342 0.308607901036984
12 90608823 0.3366
12 90609119 2
12 90611863 0.3219
12 90614224 0.3366
12 90628620 1.1663272893745
12 90636551 0.306054945027925
12 90637104 5e-04
12 90637791 0.0458049108427261
12 90659245 1.3021
12 90667023 1.6169
12 90671871 1.6169
12 90682230 1.6169
12 90682953 1.6253
12 90693162 0.9389
12 90705167 0.0897
12 90705773 1.6253
12 90722502 0.2049
12 90729955 0.1475
12 90766719 0.3762
12 90776459 1.8289
12 90797959 2
12 90822850 0.906012470932426
12 90835959 0.3463
12 90874018 0.0826348166633729
12 90883726 1.55114207299886
12 90890428 0.525
12 90892707 0.525
12 90905277 0.525
12 90909231 1.38583203360124
12 90940828 1.20064113375795
12 90944688 1.87103997864663
12 90965896 0.411324259053354
12 90966233 1.50492925178193
12 90969646 0.729350950203121
12 90987647 0.424406465644963
12 90991957 1.04628343603317
12 90994026 0.504758242157177
12 91005279 0.894067057171079
12 91006824 0.741418727021493
12 91008016 1.90825417788294
12 91009642 0.347544085606753
12 91010758 2.14535137121068
12 91013451 0.57211832755041
12 91031977 0.160650217468985
12 91034193 1.51056357923614
12 91069592 0.0159
12 91076856 2
12 91077997 0.0159
12 91100993 5e-04
12 91101723 5e-04
12 91105755 0.016
12 91129497 2
12 91207714 2
12 91279290 1.79130618980525
12 91284155 2
12 91290388 2.60166227381845
12 91290734 2
12 91306805 0.126837616038023
12 91310295 1.6166624906559
12 91319339 2
12 91327254 0.891654956176548
12 91329977 2
12 91342505 0.353290615885443
12 91348607 0.281389806546751
12 91350485 2
12 91354868 2
12 91359728 1.54606416563221
12 91367946 0.289227850945147
12 91370137 0.512812725591961
12 91370414 2
12 91382691 0.765
12 91403025 1.9901
12 91407606 1.2271
12 91417669 0.5379
12 91479239 0.911285772015875
12 91481638 0.666
12 91481860 1.0848
12 91485216 2.18365206516953
12 91489536 1.10431105189345
12 91499514 0.301570442349786
12 91502635 0.834874529461784
12 91510829 0.5165
12 91521640 0.6765
12 91522530 0.678254477448674
12 91522794 1.1038
12 91531753 1.1103
12 91539516 0.0543099633284323
12 91563424 0.1764
12 91579630 0.9863
12 91585774 0.9863
12 91587524 1.10234298669142
12 91596580 0.9863
12 91597546 0
12 91615692 5e-04
12 91626998 0.0453
12 91638817 0
12 91691829 2
12 91708471 0.118009493146502
12 91713208 2
12 91725592 2
12 91725919 1.0202
12 91726300 1.0202
12 91727763 0.686327305365589
12 91737210 2
12 91751530 0.425763635681133
12 91769776 1.0479
12 91807824 1.0768
12 91810700 0.4062
12 91812706 0.9166
12 91875515 1.1607
12 91906985 0.9826
12 91913580 0.6808
12 91914451 1.001
12 91928696 2
12 91936028 0.2411
12 91937027 0.536
12 91949600 0.0107
12 91957100 0.5208
12 91958621 2
12 91964006 1.7787125773551
12 91966692 0.5208
12 91969059 0.1944
12 91974295 0.1944
12 91984205 0.4323
12 92012039 2
12 92046587 2.6117
12 92049755 2
12 92053839 2.3389
12 92058058 2.3389
12 92060051 2
12 92060530 2.3389
12 92067226 2
12 92069798 2.3095
12 92076390 2
12 92095352 1.3791
12 92110843 2
12 92113785 2
12 92126489 1.0379
12 92145169 1.5462
12 92160414 0.9354
12 92207597 1.1682
12 92211064 0.0248470769053217
12 92218888 1.2723
12 92220268 1.0853
12 92237362 0.690980187167885
12 92242372 0.799844076906184
12 92245305 1.2723
12 92271980 1.3712
12 92289160 2
12 92289668 0.1258
12 92293252 0.542839160981782
12 92293340 1.1535
12 92303617 1.6779
12 92307912 0.4197
12 92352797 0.4576
12 92358309 0.4804
12 92412021 0.693
12 92419032 2e-04
12 92427395 2
12 92427469 0.693
12 92444057 2.3328
12 92444371 0.649166479965117
12 92460493 2.2081
12 92462082 0.8937
12 92465694 0.8102
12 92467044 0.5704
12 92469294 1.6751
12 92489554 2
12 92490525 2
12 92497556 1.3963
12 92499066 2
12 92507482 2
12 92510346 0.142
12 92512375 2
12 92513412 0.142
12 92518757 0.8675
12 92523885 2
12 92524168 2
12 92528826 2
12 92530977 1.0719
12 92533944 0.6142
12 92541612 1.0924
12 92545019 2
12 92549980 2
12 92557983 2
12 92566674 0.6412
12 92587223 2
12 92608419 0.6292
12 92632047 2
12 92637494 2
12 92642910 2
12 92643018 2
12 92644442 2
12 92653506 2
12 92659430 2
12 92671953 2
12 92684132 0.277717581669982
12 92687431 2.24756313360141
12 92694103 0.555743177760899
12 92700122 0.9287
12 92727344 2
12 92728409 0
12 92738857 1.4648
12 92767497 2
12 92775348 0.5964
12 92784916 2
12 92797550 2
12 92798348 0.3291
12 92813559 2.6443
12 92813773 2
12 92815305 2
12 92839357 0.1132
12 92858751 0.6018
12 92861337 2
12 92869005 0.5848
12 92881917 1.0622
12 92886998 1.873
12 92910448 1.4161
12 92916244 1.8068
12 92927769 2
12 92944239 0.9879
12 92954106 2
12 92954835 2
12 92959391 0.1489
12 92984869 2.42507848051401
12 92986188 0.551621918100504
12 92987058 1.22305072515923
12 92991300 2.1435336779023
12 92992399 0.1489
12 92992886 0.797644614194996
12 93038670 2
12 93038768 2
12 93039392 2
12 93039531 2
12 93040337 0.102
12 93040770 0.4972
12 93058209 0.102
12 93093483 1.2041
12 93169242 0.9693
12 93178537 0.9693
12 93192050 0.9693
12 93195651 0.9693
12 93204174 1.4645
12 93210219 1.26354376036252
12 93216486 0.4343
12 93216751 0.4343
12 93217123 0.4485
12 93231824 0.6183
12 93241681 0.6362
12 93251792 0.6009
12 93254067 0.5742
12 93254257 0.6183
12 93277732 2
12 93278175 2
12 93281268 2
12 93316558 2
12 93358873 2
12 93367367 0.32
12 93375429 2
12 93394898 2
12 93402390 2
12 93405579 0.3342
12 93412971 1.1503
12 93419403 2.245
12 93437870 0.3342
12 93445311 0.841937642899513
12 93456326 1.4863
12 93467825 0.10193185478185
12 93469386 0.244248248548275
12 93471549 0.506948764715662
12 93472064 0.7948
12 93479150 0.217362656443701
12 93479873 0.236061173376099
12 93481070 0.699680117478087
12 93485009 1.1208
12 93487798 0.244849447091743
12 93488917 0.712893460453737
12 93489784 0
12 93495395 0.302196252359434
12 93502852 1.1881
12 93507821 0.899485268631227
12 93521264 0.713808849905941
12 93521838 0.223513770213043
12 93524030 0.663899075007085
12 93524723 0.335341128292033
12 93525614 1.28038447658778
12 93527050 0.147285504909896
12 93528025 0.157188496254957
12 93544714 1.0683
12 93548517 2
12 93549386 2
12 93563235 2
12 93563738 2
12 93585384 1.9517
12 93684366 0.6433
12 93693415 0.7478
12 93695668 0.7661
12 93705713 0.4389
12 93720448 1.6769
12 93747095 2
12 93753159 0.4262
12 93753435 0.4262
12 93764891 0.4392
12 93770134 0.2935
12 93770455 0.2671
12 93775150 0.4521
12 93775576 0.2542
12 93787694 0.2668
12 93794711 1.4719
12 93795392 1.4641
12 93796727 0.842
12 93801114 0.4575
12 93807503 0.7515
12 93840210 0.985629842763726
12 93860135 2
12 93881439 1.89235189165949
12 93886159 2
12 93892792 2
12 93911016 2
12 93928698 1.3825
12 93958667 1.09352578946466
12 93963775 2
12 93967454 2
12 93978836 1.2709
12 93979081 0.179152243204905
12 93981029 0.8618
12 93987394 2
12 93992857 0.549
12 93996370 1.32355852504941
12 94005276 0.0043
12 94007987 0.1027
12 94008765 2
12 94012858 2
12 94013846 2
12 94014481 0.0979
12 94027758 1.37064377007498
12 94031374 0.1963
12 94043005 0.0332
12 94044130 0.2183
12 94044517 2
12 94048441 2
12 94048936 2
12 94054608 0.2401
12 94064485 2
12 94078091 2
12 94079746 2
12 94081287 2
12 94086246 2
12 94090160 0.62
12 94090765 2
12 94090975 2
12 94094788 2
12 94105901 0.185134238301046
12 94112888 2
12 94139986 1.4374
12 94152544 2
12 94177198 6e-04
12 94177226 1.87661602165173
12 94186804 2
12 94209524 0.2677
12 94211187 0.0828
12 94218132 0.173
12 94242499 0.1692
12 94252446 2
12 94277063 0.6109
12 94282669 0.3557
12 94297780 0.635185783804427
12 94299572 1.45882314722693
12 94303733 5e-04
12 94310394 1.3537
12 94318400 1.32236413781109
12 94356762 0.21079717871417
12 94401720 0.132773943170369
12 94439550 0.243755238175761
12 94506339 0.2661
12 94509243 5e-04
12 94512562 1.68818102288012
12 94530088 1.1331
12 94536300 1.7507
12 94537825 1.0659
12 94538436 0.346559945507031
12 94549771 0.699919139139706
12 94553301 1.2312
12 94553364 1.76635220469615
12 94554523 1.42111280399536
12 94563251 0.1232
12 94564628 2
12 94571282 1.09061391529069
12 94584561 0
12 94593410 2
12 94593475 1.4622
12 94593756 2
12 94610443 2
12 94633044 2
12 94639001 2
12 94640997 2
12 94652798 0.319805286547468
12 94654869 0.2967
12 94667857 2
12 94683026 2
12 94683255 2
12 94689500 2
12 94690152 2
12 94690691 1.16171047323588
12 94695220 2
12 94700317 2
12 94702182 2
12 94702904 1.1146
12 94702997 1.1146
12 94703827 0.1027
12 94704531 1.52753569462308
12 94746305 2
12 94752043 2
12 94769357 0.0752
12 94772870 0.115078996585753
12 94785727 2
12 94792011 0.0957
12 94800344 2
12 94822139 0.1725
12 94822949 0.1725
12 94823717 0.1277
12 94825429 2
12 94825896 2
12 94831064 0.8263
12 94837286 2
12 94837800 0.9911
12 94843012 0.1277
12 94844564 2
12 94845815 2
12 94847681 1.6401
12 94862520 0.380786773153052
12 94865269 1.3791
12 94870008 2
12 94872410 1.86332665790817
12 94872670 1.3845
12 94877756 0.0240979484230669
12 94886937 0.6374
12 94891107 2
12 94899012 3.2064
12 94904566 0.754
12 94910585 0.0078
12 94910586 2
12 94912054 2
12 94912396 0.2127
12 94912552 2
12 94914548 2
12 94916608 2
12 94918837 0.0078
12 94920501 3e-04
12 94926892 0.514182030649544
12 94927157 2.1086
12 94929996 2
12 94932121 2
12 94937992 2
12 94941525 2
12 94953455 2
12 94959099 2
12 94959668 2
12 94960011 2
12 94961845 2
12 94962152 2
12 94967205 0.58809550216838
12 94969111 2
12 94970151 0.935819204581023
12 94972023 0.0280394806538395
12 94979163 2
12 94983916 2
12 94985006 2
12 94986063 2
12 94993760 2
12 94999969 2
12 95002468 2
12 95062210 1.19451768920444
12 95067006 2
12 95072295 2
12 95078313 2
12 95102074 2
12 95108743 2
12 95114192 2
12 95118526 2
12 95130291 2
12 95133690 2
12 95140416 2
12 95142135 2
12 95143395 2
12 95149892 2
12 95172038 0.759536815544246
12 95173258 2
12 95177070 2
12 95179134 2
12 95197958 1.727
12 95198436 2
12 95208793 1.3878
12 95216444 0.716089474945969
12 95227751 0.838304813993393
12 95233402 1.0789
12 95235987 2
12 95245772 0.9274
12 95250017 1.08223474043599
12 95257317 0.8822
12 95259244 2.2739
12 95289097 2
12 95299631 0.721378373234825
12 95312547 0.648855275849462
12 95313550 2
12 95319411 2.7095
12 95321662 2
12 95327374 1.0426
12 95329328 2
12 95329841 0.724751736144806
12 95340132 2
12 95340970 1.4397857250267
12 95344957 0.528734627600395
12 95349648 1.21751649577547
12 95355327 0.62813707754333
12 95363739 0
12 95373271 0.463003013219697
12 95392947 2.23819276156187
12 95394983 0.223637168718378
12 95398821 2
12 95399334 5e-04
12 95402300 2
12 95410659 2
12 95411429 0.9386
12 95412464 0.9386
12 95414255 0.9386
12 95434537 1.2733
12 95441054 0.587546970446411
12 95444151 0.0834334145660893
12 95461609 0.2242
12 95462923 0.2242
12 95503671 1.4485
12 95504221 0.838206298535865
12 95505777 1.4485
12 95509356 1.4485
12 95519210 0.7243
12 95524463 1.0491
12 95541851 0.3495
12 95542693 0.355
12 95565666 2
12 95571488 2
12 95572021 2
12 95575145 0.231228368951157
12 95590693 2
12 95599696 0.081
12 95607022 0.717466477196555
12 95614112 2
12 95614867 0.640179066883538
12 95617664 2.3981
12 95622136 2
12 95622670 0.7946
12 95623148 2
12 95623614 2
12 95635555 0.2808
12 95655081 0.30681738124945
12 95666181 2.74541089183797
12 95669603 0.890504512207568
12 95683278 0.525473965807487
12 95702842 0.0071
12 95704971 2
12 95709451 2
12 95716613 0.1222
12 95724507 0.4467
12 95728124 2
12 95729129 0.4235
12 95738322 2
12 95743265 2
12 95752051 2
12 95760196 0.1027
12 95760520 0.0933
12 95766433 2
12 95767207 2
12 95768109 2
12 95783246 2
12 95787677 2
12 95795222 2
12 95796524 2
12 95797734 2
12 95804532 2
12 95818735 0.5286
12 95829998 0.4565
12 95832609 2
12 95836890 0.0301151699293343
12 95843499 2
12 95849863 2
12 95856347 2
12 95870757 0.356092141422638
12 95872257 2
12 95875175 1.39170608314405
12 95895744 1.6284
12 95897883 1.5191
12 95899632 2
12 95907661 5e-04
12 95908654 5e-04
12 95920894 1.05701402946701
12 95921390 1.2523
12 95929224 1.10073046894128
12 95949337 2
12 95951826 2
12 95965273 5e-04
12 95966814 2
12 95970562 2
12 95976963 2
12 95980776 2
12 95981717 1.08881783817623
12 95983400 2
12 95984993 0.3602
12 95988010 1.11
12 95990567 2
12 95996724 2
12 95998112 1.6703
12 96000459 0.449614165171781
12 96000586 1.7814
12 96000739 0.531
12 96002632 0.727887956773748
12 96012725 1.25178088170782
12 96018050 0.205582179318413
12 96028599 2
12 96035000 1.18949244232678
12 96037542 0.487265777717476
12 96039786 2
12 96044541 2
12 96068052 0.989746678570838
12 96069996 1.61320042696119
12 96083440 1.418
12 96108351 0.0288
12 96111400 0.0181
12 96115630 0.183831363598287
12 96137851 2
12 96164657 0.2353
12 96196421 8e-04
12 96198895 2
12 96213921 0.0165
12 96228962 0.0505
12 96237097 0.0261429832497799
12 96264087 2
12 96277081 1.2154
12 96277819 1e-04
12 96282279 2
12 96300924 2
12 96301660 2
12 96309344 2.0253
12 96327149 1.62673556249867
12 96347530 0.621906239762351
12 96347598 1.15009487240336
12 96385148 2
12 96391086 2
12 96395065 0.296459246918647
12 96408275 1.80507119369292
12 96414265 2.0901
12 96417600 0.259744901285202
12 96446648 2
12 96450338 2
12 96457469 2
12 96473124 2
12 96476248 2
12 96481471 2
12 96489640 2
12 96504409 2
12 96520583 1.4916
12 96528276 2
12 96535861 2
12 96536219 2.60516068803119
12 96543746 2
12 96566497 2
12 96571505 0.650187219619763
12 96572330 0.986906421278486
12 96580694 0.242546309368361
12 96585130 2
12 96605350 2
12 96608298 5e-04
12 96615685 2
12 96619827 0.94919182780193
12 96630213 2
12 96640164 0.105223604147601
12 96642490 2
12 96647048 1.7766
12 96656529 2
12 96668883 2
12 96672432 0.0745
12 96672921 2
12 96674442 0.0745
12 96688661 2
12 96702225 2
12 96714238 2
12 96723636 0.442770299736038
12 96731950 1.6253791335817
12 96737051 1.34885897072777
12 96745730 0.0873745439440547
12 96761296 0.543808551210602
12 96773249 0.622118921083911
12 96793413 2
12 96806359 0.781526362216429
12 96809761 2
12 96816042 1.21515212043172
12 96825998 0.510136822413365
12 96827110 0.0173906936065171
12 96832271 2
12 96836646 2
12 96856675 0.136468782665691
12 96867387 1.02538373598751
12 96874620 2.87161775837741
12 96874621 1e-04
12 96877137 0.320435030024984
12 96883988 2
12 96884400 2
12 96887995 2
12 96890363 2
12 96901683 2
12 96903139 2
12 96909744 0.167128318942952
12 96920571 2
12 96971685 0.725554641626409
12 96978823 2
12 97017234 2.299
12 97017827 1.1662
12 97022286 0.54928938963797
12 97045618 1.5684
12 97050180 1.6062
12 97050890 0.0388
12 97067676 1.26295237483265
12 97092790 0.8856
12 97105106 2
12 97105383 0.197128146073248
12 97106276 1.5377
12 97123899 2
12 97148357 2
12 97150731 2
12 97160750 2
12 97165825 2
12 97174640 0.1027
12 97187919 2
12 97190331 2
12 97193298 2.79088103819757
12 97205817 2
12 97211871 2
12 97214410 2
12 97255335 0.0078
12 97255502 0.9214
12 97255539 1.32247503736952
12 97273077 2.4769
12 97280851 0.414186779011304
12 97283305 1.0399
12 97285550 0.604554307282632
12 97288009 0.00282368128889728
12 97291586 0.0819155860876937
12 97293920 0.667799213421389
12 97307417 1.3518
12 97314399 1.72653542617836
12 97318901 0.3082
12 97333381 0.8544
12 97338488 0.0654987740800172
12 97339232 0.220486281810744
12 97340567 0.0946
12 97342154 0.943740516197188
12 97381245 1.0947660880952
12 97385557 2
12 97388965 1.08171712694295
12 97391872 2
12 97398109 2
12 97398441 1.35630300332795
12 97398967 0.3663
12 97399537 0.2238
12 97400018 2
12 97401088 0.2238
12 97405386 2
12 97457833 1.1106
12 97460264 0.6167
12 97479085 2
12 97491186 0.122
12 97522368 0.1559
12 97600257 1.5449
12 97610320 0.0866
12 97617133 0.093
12 97622088 2
12 97650868 0.5575
12 97662712 2
12 97664535 0.1027
12 97664999 0.5819
12 97666038 0.5819
12 97675241 1.9865
12 97691539 1.9865
12 97691679 1.9865
12 97698291 2
12 97711935 1.7987
12 97717947 0.399505010766781
12 97738134 0.182072332846911
12 97763675 1.601
12 97768902 1.1738
12 97771506 2
12 97796900 1.5583
12 97804801 2
12 97815016 2
12 97819106 0.4142
12 97819434 0.4142
12 97835965 2
12 97839390 2
12 97847471 5e-04
12 97851539 2
12 97854476 2
12 97875977 1.03211219655193
12 97877327 2
12 97878227 2
12 97882112 0.462998732337887
12 97882632 2
12 97887619 2
12 97905226 2.36394259200649
12 97908794 2
12 97917672 2
12 97923711 2
12 97923994 2
12 97931206 0.18062934689747
12 97931311 1.80136139932803
12 97943479 1.1847
12 97949734 1.1847
12 97956972 2
12 97972738 0.1434
12 97988124 1.0282
12 97989449 1.28416187820065
12 98016392 0.114
12 98024230 0.5347
12 98025459 0.205
12 98033513 0.2833
12 98059049 2.37
12 98070163 0.5347
12 98072178 0.114
12 98095631 1.4159
12 98101443 0.4504
12 98102757 0.114
12 98125497 0.2833
12 98132226 0.2131
12 98142801 1.34148835864633
12 98143707 0.14
12 98143990 0.14
12 98147687 0.0921
12 98150547 0.447999165176365
12 98154984 0.1659
12 98164711 0.114
12 98171126 2
12 98198743 2.1967
12 98201824 0.9958
12 98211011 2
12 98237271 0.4285
12 98239150 0.390442618288034
12 98255325 0.4285
12 98266835 1.1972
12 98267492 0.4285
12 98285659 0.385441841397521
12 98299159 2.1665
12 98305903 0.0854
12 98308045 0.559813693079078
12 98308898 0.562337977651873
12 98322217 1.26003342408971
12 98345581 0.4564
12 98360336 2
12 98366253 2
12 98374204 2
12 98388485 0.0756
12 98390795 5e-04
12 98390972 0.1986
12 98440838 0.2473
12 98441067 2
12 98461421 0.6737
12 98466611 0.8102
12 98467562 0.205842851665718
12 98468340 1.18571644219838
12 98479137 0.4238
12 98480074 0.85
12 98510382 2
12 98511914 1.2261
12 98524776 0.0940707622202687
12 98539622 2
12 98547445 2
12 98588288 0.0304
12 98603278 1.20009534564495
12 98606593 2.3811036548339
12 98614653 0.784605098837158
12 98623720 0.0078
12 98654876 0.495158258455699
12 98663143 0.154734965043966
12 98668900 1.04210825233349
12 98679244 1.13204922347059
12 98693832 0.902654389746273
12 98702599 1.32182716137371
12 98704133 1.0601
12 98710643 1.13322268708061
12 98712825 0.316856878395471
12 98714510 2
12 98720860 0.537235303899915
12 98724734 2
12 98757053 0.0263
12 98760124 1.3468
12 98764139 2
12 98765829 0.0251615803062762
12 98768461 0.620563364483866
12 98838413 2
12 98850787 0.405848698090883
12 98857224 2
12 98901590 1.79754333964454
12 98914841 1.81151274300543
12 98931953 0.9762
12 98942166 0.545075094548791
12 98948767 8e-04
12 98974901 0.8932
12 99009202 2
12 99013282 2
12 99016652 2
12 99021479 5e-04
12 99023091 2
12 99030317 2.245
12 99055453 2
12 99056560 2
12 99078741 0.124672514832206
12 99083847 2
12 99086402 2
12 99086770 2
12 99107910 2
12 99115922 2
12 99126816 0.886135753356863
12 99127577 2
12 99133260 0.799721973190114
12 99136482 1.15403949117656
12 99151622 0.120826358643857
12 99160600 1.4429021777359
12 99161505 2.01854746917866
12 99164003 2
12 99181742 1.03215296497775
12 99205769 0.207266782831177
12 99213100 0.203212287753065
12 99229261 0.6093
12 99238071 0.6093
12 99241950 0.824309337426821
12 99265359 2
12 99272718 0.559305506087724
12 99280840 0.0263
12 99332689 0.0502
12 99360821 0.7864
12 99369743 5e-04
12 99391576 2
12 99415744 0.536
12 99435717 1.0918
12 99453017 2
12 99477473 0.1027
12 99478882 0.5158
12 99496567 2
12 99498406 0.9491
12 99505936 0.1835
12 99520878 2.0805
12 99525941 1.3197
12 99542146 2
12 99567571 2
12 99591444 0.1782
12 99594416 2
12 99601179 0.371
12 99616272 1.7774
12 99621859 2
12 99628594 2
12 99705751 0.2233
12 99709156 2
12 99743639 2
12 99746315 2
12 99748114 2
12 99748458 2
12 99758095 2
12 99781690 0.5179
12 99787142 1.8895
12 99797199 2
12 99802912 0.0073
12 99816014 2
12 99817506 0.315160304390197
12 99824678 0.999163530166564
12 99848448 0.1027
12 99879912 0.475837961368207
12 99883338 0.733174715820963
12 99883609 1.65674141640357
12 99884262 0.0485
12 99893410 0.833867690085028
12 99895363 1.264754944715
12 99908695 0.115655402807968
12 99925126 0.0505
12 99935099 8e-04
12 99941669 8e-04
12 99943967 8e-04
12 99946404 8e-04
12 99979329 2
12 99988138 1.629
12 99993302 1.2036
12 100010314 0.632580698197255
12 100016789 0.0078
12 100077333 0.3455
12 100097773 1.4857
12 100113858 3.1157
12 100126363 0.7993
12 100139100 2
12 100148858 1.5018
12 100160984 0.568365325586397
12 100164123 5e-04
12 100198802 2
12 100228576 0.739
12 100238668 0.739
12 100244384 2
12 100246712 0.739
12 100289507 0.6567
12 100302747 0.6567
12 100318165 0.6039
12 100322675 0.6567
12 100323482 0.6567
12 100350165 0.6039
12 100353595 0.6567
12 100361369 0.6567
12 100386692 0.501788587795113
12 100402016 0.0807
12 100406415 0.2205
12 100412725 0.107
12 100423961 0.2356
12 100438440 0.2158
12 100481596 2.0836
12 100561343 2
12 100566309 2
12 100575700 2
12 100579222 2
12 100632888 0.27
12 100674316 0.487235630401905
12 100680009 2
12 100686873 2
12 100693626 2
12 100695212 0.775230678434247
12 100695453 2
12 100709570 3.77763888229196
12 100712139 0.0882
12 100728086 2.8716
12 100739043 0.0412
12 100746705 2
12 100751290 2
12 100767669 2
12 100770975 2
12 100777115 2
12 100802567 2
12 100826702 2
12 100837542 2
12 100843136 2
12 100844353 2
12 100845623 0.1137
12 100855777 2
12 100856097 2
12 100861804 0.1203
12 100868079 0.2415
12 100869483 2
12 100874607 2
12 100887923 2
12 100893414 0.0291
12 100902544 2
12 100907319 2
12 100911756 2
12 100917367 1.6872
12 100925765 2
12 100925856 0.419791147587739
12 100927282 2
12 100931755 2
12 100935716 2
12 100945516 2
12 100960582 0.839292137010013
12 100975945 1e-04
12 100979821 0.9918
12 100981868 0.337400567844953
12 100982430 2
12 100997206 2
12 101006921 1.1769
12 101007150 2
12 101007908 2
12 101015996 2
12 101016922 2
12 101017237 0.616749812094914
12 101017540 0.946131954267011
12 101027347 2
12 101054216 1.44727041981355
12 101060035 1.13002786299947
12 101065112 1.59244449620822
12 101093994 1.45339282658976
12 101106010 0.101729899507838
12 101119962 1.0616
12 101136262 1.92557210169271
12 101164229 0.600225541768498
12 101166273 1.5702144627354
12 101168894 0.174662804030304
12 101177276 0.610870149544549
12 101177442 0.145966274727543
12 101196833 1.763470084273
12 101217830 0.221842084136091
12 101222925 2
12 101226764 2.22911466744885
12 101232843 5e-04
12 101233064 0.6103
12 101235358 0.0299042464051722
12 101235651 0.665
12 101236826 0.909472963973853
12 101241308 2
12 101241932 2
12 101242683 0.899478324177938
12 101244804 0.0659393722196262
12 101248153 0.779117139061373
12 101254230 0.255274967947608
12 101255107 2
12 101263682 0.1991
12 101264257 2
12 101264533 0.464519085702293
12 101265367 1.5403
12 101343338 2
12 101344064 2
12 101386186 2
12 101389283 2
12 101390527 2
12 101391278 2
12 101397404 0.131866855715275
12 101397558 2
12 101433114 0.0078
12 101448613 0.736615938583504
12 101451731 1.70223603141186
12 101455143 0.250625433860667
12 101455248 1.8942
12 101463522 1.28122891715552
12 101490208 0.683077160734525
12 101513772 0.053
12 101546389 0.9854
12 101549458 0.9854
12 101551511 2
12 101562899 2
12 101599045 2
12 101601700 2
12 101615505 2
12 101618792 2
12 101619104 2
12 101641654 1.0619
12 101650769 2
12 101655787 2
12 101655892 5e-04
12 101658158 0.0859
12 101661762 2
12 101668703 0.99927844266409
12 101686617 0.113601742204027
12 101695314 1.3498
12 101699920 1.46407252026206
12 101703363 1.1660187885453
12 101705565 0.324940006720623
12 101709210 0.500590028103456
12 101728090 2
12 101730141 2
12 101743542 2.1017
12 101760438 2.0243605186561
12 101765745 2
12 101766063 2.0691
12 101783543 1.66051077921159
12 101788403 2
12 101788450 0.626376450962231
12 101788929 2
12 101792621 1.71663206647539
12 101813585 2
12 101826225 2
12 101826506 2
12 101859360 2
12 101867261 2
12 101875540 0.318081602991501
12 101892425 1e-04
12 101893283 2
12 101902160 2
12 101909248 2
12 101909509 2
12 101915279 2.8735
12 101918745 2
12 101919729 2
12 101928014 1.17316611401746
12 101928157 0.395973544940101
12 101933391 0.728482128185136
12 101935028 0.4439
12 101942397 2
12 101944535 0.913155291451744
12 101957951 2
12 101958424 2
12 101967922 0.743709863279833
12 101969071 0.202341663597168
12 101973369 0.216135783383176
12 101974287 0.194510561198188
12 101979527 0.1767
12 101982861 0.529380279577285
12 102013968 1.651
12 102014117 5e-04
12 102043339 2
12 102069678 2
12 102098205 2
12 102099455 2
12 102128186 2
12 102131900 2
12 102161111 2
12 102162081 2
12 102172330 2
12 102173602 1.69709532126041
12 102181882 2
12 102185741 2
12 102201768 2
12 102203924 0.2786
12 102206081 2
12 102206114 2
12 102216076 2
12 102217763 1.28556896428801
12 102222471 2
12 102228465 2
12 102230516 2
12 102240600 2.3702
12 102247306 1.2711954940313
12 102253681 0.887890159433321
12 102267175 2.01640072635828
12 102295041 2
12 102302874 2.07231709931679
12 102309974 2
12 102311330 2
12 102323199 2
12 102326871 0.382702804538817
12 102337826 2
12 102350525 2
12 102416620 2
12 102417219 2
12 102425821 2
12 102433267 2
12 102437944 2
12 102439718 0.2476
12 102452037 0.657229140851356
12 102467405 1.8946
12 102507664 0.0998
12 102509145 0.0931
12 102512085 2
12 102517872 0.0621
12 102536317 0.093
12 102560117 0.1063
12 102574521 2
12 102577277 2
12 102577851 1.49064155249087
12 102581233 2.0836
12 102585441 2
12 102585999 2
12 102586259 2
12 102589681 2
12 102593059 2
12 102599768 0.148533904629546
12 102627365 0.464271418232121
12 102630428 0.0758
12 102643410 0
12 102658561 2
12 102659343 0.656119639040536
12 102664045 0.8351
12 102664064 0.15343092164517
12 102666900 2
12 102669770 2
12 102671468 0.623567177717668
12 102673432 2
12 102680234 0.810866651878421
12 102683440 2
12 102684282 2
12 102687929 1.44052597798069
12 102704098 0.526752275605838
12 102709530 0.392001658490019
12 102711685 0.4566
12 102716672 1.84586863452057
12 102719429 0.283924467677296
12 102746647 0.377461527931837
12 102750980 1.8224
12 102758251 0.417131989581625
12 102760763 2
12 102784497 0.1487
12 102821116 2
12 102835637 0.312
12 102840766 2
12 102849399 2
12 102858287 2
12 102861835 0.910215390654527
12 102867971 2
12 102869803 2
12 102872108 2
12 102872121 2
12 102900482 0.388352946479426
12 102916753 0.359758309616666
12 102919886 0.387226404422077
12 102934788 0.15066941418119
12 102938285 5e-04
12 102945879 1.8325
12 102958048 2
12 102971297 2
12 102973199 0.553832483081843
12 102987288 0.0162
12 102993934 2
12 103003792 2
12 103022401 1.8039
12 103028428 2
12 103044018 2
12 103049487 2
12 103049586 0.2829
12 103128969 1.24232855807757
12 103131795 0.4811
12 103143652 2
12 103145012 5e-04
12 103145944 0.8612
12 103147816 2
12 103163194 0.1076
12 103169345 2
12 103177878 2
12 103182209 2
12 103191743 0.0078
12 103192880 2
12 103193163 2
12 103197834 2
12 103206054 2
12 103212796 2
12 103215637 2
12 103216600 2
12 103223583 2
12 103223732 2
12 103228230 1.27663201118748
12 103234613 1.4981
12 103239837 0.751530536569887
12 103269758 0.952612907011184
12 103277139 2.13680624871524
12 103279405 1.4475
12 103293768 1.6326306476929
12 103302404 0.324966391104445
12 103348883 0.281798210607769
12 103363184 0.379855524236057
12 103363855 2.32955209079269
12 103367514 0.102662218467741
12 103388416 2
12 103398617 1.29111050265807
12 103408976 1.1994
12 103424140 5e-04
12 103429815 1.1994
12 103442835 0.196272193910562
12 103446795 1.1994
12 103449151 0.7187
12 103452959 1.1994
12 103453533 1.33950355222101
12 103458936 1.07029986129612
12 103474920 1.1257
12 103491959 0.273892979471375
12 103501399 1.01006023971371
12 103506307 2
12 103506946 0
12 103507273 1e-04
12 103521834 2
12 103534792 2
12 103555167 0.451872649854654
12 103555170 2.56803052648279
12 103560432 0.970095085190635
12 103577198 0.628924247751177
12 103581445 0.805674155776387
12 103596948 2.7847
12 103597367 0.460428360398254
12 103600392 1.433
12 103643881 0.192880352464326
12 103644067 0.85964333016191
12 103661310 0.2312
12 103667094 0.3027
12 103676179 2
12 103682605 0.868634769564418
12 103692396 0.961030771286057
12 103697761 0.628591423045268
12 103700090 1.4061
12 103701178 0.761929783393426
12 103759855 2
12 103772751 2
12 103774491 2
12 103789880 0.896495509371802
12 103797077 2
12 103802956 2
12 103833315 2
12 103855897 0.6885
12 103861154 0.3913
12 103866738 1.6662
12 103869621 0
12 103873439 0.322398857556656
12 103876433 0.0449904357333449
12 103885784 0.0499
12 103893750 0.0499
12 103894425 0.447739709989441
12 103895542 0.0651
12 103896261 0.0499
12 103898789 2.1488
12 103900497 1.13096998042192
12 103902245 1.48148440128873
12 103905404 2.8251
12 103905413 7e-04
12 103905518 0.1755
12 103914185 1.6234
12 103914699 0.288035267992898
12 103916767 0.0029
12 103918997 1.6234
12 103927561 0.110719311291567
12 103930747 0.0066
12 103940415 2
12 103946106 1.617
12 103949301 0.1721
12 103950416 0.1913
12 103966665 1.30399187719487
12 103967835 1.36403740296429
12 103976615 0.0637
12 103979592 2
12 104012191 0
12 104021950 5e-04
12 104025232 2
12 104034834 2
12 104036558 2
12 104041809 0.3109
12 104048953 0.0819
12 104059418 2
12 104064302 2
12 104066450 2
12 104082486 0.41267705552489
12 104098857 0.653072839537062
12 104099161 2
12 104113144 1.0888
12 104120256 2
12 104125829 2
12 104136770 1.13433656392409
12 104148748 2
12 104151882 2
12 104167498 1.7029
12 104171807 1.2374
12 104174840 2
12 104176711 2
12 104198154 2.50518162467566
12 104199899 2
12 104202978 2
12 104224676 2
12 104233693 2
12 104242794 0.1027
12 104259552 0.0837
12 104267951 2
12 104271609 0.0899
12 104277068 2
12 104277728 2
12 104290510 0.659072064882895
12 104293434 0.0250802140488986
12 104310180 0.1088
12 104311648 2.784211575375
12 104327100 0.328655920487711
12 104331799 1.43851215311607
12 104354168 2
12 104366803 0.42108320418263
12 104373565 2
12 104375397 1.4597
12 104377805 2
12 104380349 2
12 104388578 2
12 104389924 2
12 104390678 0.1027
12 104405348 2
12 104421525 2
12 104436384 2
12 104459289 2
12 104472846 0.1273
12 104479561 2
12 104488583 2.9941
12 104489696 0.314368673549583
12 104505634 0.138434198647591
12 104524461 1.23805017833567
12 104528965 0.6265
12 104532441 0.685744380703379
12 104534492 2
12 104538266 2
12 104541130 0.853756273228143
12 104546356 0.475738364599173
12 104548317 0.245824731570322
12 104552924 0.933914262479959
12 104562221 2
12 104567142 0.6378
12 104574418 2
12 104574858 2
12 104577480 2
12 104577586 2
12 104578459 1.3836
12 104583426 2
12 104588452 2
12 104589038 2
12 104597786 2
12 104614113 2
12 104627497 0.1417
12 104633657 2
12 104633981 2
12 104634091 1.5184
12 104646725 1.4126
12 104647015 0.865713560550044
12 104649960 2
12 104655285 2
12 104662295 1.357
12 104663150 1.08151482677914
12 104704045 1.9195
12 104705477 1.9195
12 104711016 0.221243795965438
12 104724298 2
12 104728458 2
12 104779295 2
12 104787340 0.267353713708662
12 104790010 2e-04
12 104809750 2
12 104814019 2
12 104828196 2
12 104832472 2
12 104881410 0.0078
12 104894066 2
12 104907067 2
12 104923294 0.409393548338413
12 104955635 1.06446636829508
12 104965077 2
12 104973336 1.3829
12 104977789 2.5865702235579
12 104986533 1.1614
12 105001543 1.3829
12 105015708 1.49276103698776
12 105016624 1.3829
12 105027882 2
12 105031637 2
12 105035835 2
12 105039992 2
12 105041872 2
12 105042410 0.905380784944274
12 105045784 1.3291
12 105052774 0.67963167206713
12 105059491 1.0399
12 105070258 0.250499669592476
12 105071395 2
12 105074837 0.547096103325826
12 105090923 2
12 105094491 2
12 105106612 2
12 105120702 2
12 105121569 0.157002636400535
12 105126531 2
12 105130709 2
12 105142228 2
12 105145606 1.29861244786168
12 105183485 0.9069
12 105192719 0
12 105199814 0.800229180733907
12 105225304 2
12 105234562 2
12 105237769 2
12 105253784 0.70100186275535
12 105258975 0.106687665139358
12 105261954 0.787511001730671
12 105268965 1.52409756360745
12 105269498 0.7999
12 105275086 2.03077777463931
12 105276559 0.0929434638961048
12 105285892 0.203684372773518
12 105288824 0.276333912325271
12 105290003 0.557968289796887
12 105295629 2
12 105305153 0.8181
12 105309696 2
12 105346445 0.5096
12 105366591 0.6579
12 105371771 2
12 105378740 2e-04
12 105386547 2
12 105391555 2
12 105425100 2
12 105435695 0.2403
12 105439884 0.732004828788399
12 105445411 1.25057989763969
12 105448187 0.2248
12 105484104 0.476389355301198
12 105488835 0.2785
12 105489187 0.9273
12 105500136 1.391
12 105504812 0.7805
12 105508759 0.6218
12 105513415 0.6218
12 105513722 1.391
12 105513988 2.5866
12 105523987 0.1001
12 105524249 0.6218
12 105528223 1.391
12 105546101 1.67281079452234
12 105560827 0.771553870819116
12 105562473 2
12 105595019 2.55337865648355
12 105616232 1.38927283348536
12 105618414 0.0356
12 105628118 0.324477920246635
12 105656829 2
12 105661900 1.3464
12 105670580 0.781339935859629
12 105694821 0.568357586973954
12 105701109 1.0897
12 105703819 0.70446282541716
12 105707204 0.424453720930246
12 105707400 2
12 105708086 2
12 105711998 2.21781153012465
12 105712810 1.48589430434459
12 105713147 1.49733121612779
12 105714884 1.82523372311411
12 105718387 2
12 105719367 2
12 105723947 0.577310034912066
12 105731099 2
12 105736373 0.2226
12 105749357 2
12 105750722 0.1546
12 105751378 0.1542
12 105756329 1.047
12 105760229 1.4424
12 105763383 0.314819218828083
12 105764655 0.572688735183209
12 105769729 0.28915003167879
12 105771402 1.65769741207645
12 105774508 0.774780220031085
12 105775483 0.116216877066128
12 105775851 0.11467551576899
12 105775924 0.160758460899349
12 105792844 0.318522391413613
12 105799723 1.63135961813497
12 105813227 0.00441494810392031
12 105823501 0.0273
12 105933428 2
12 105940324 0.1327
12 105944803 0.1327
12 105967073 2
12 105969680 0.2233
12 105974722 0.542063319069805
12 105980963 2.57261087672458
12 105984365 0.4322
12 105985570 0.4759
12 105988980 0.528
12 106001060 0.3689
12 106065732 2
12 106094493 2
12 106104818 0.626
12 106138079 2
12 106156865 2
12 106163137 0.6954
12 106187144 0.7804
12 106192536 2
12 106203172 2
12 106213092 2
12 106224951 5e-04
12 106234749 0.0292183870244661
12 106259830 2
12 106261085 2
12 106268464 2
12 106272487 2
12 106273874 1.1316
12 106275600 2
12 106283600 0.1198
12 106292070 2
12 106298310 2
12 106302403 2e-04
12 106318901 0
12 106325780 2
12 106331321 2
12 106344876 2
12 106399784 0.448043914225771
12 106412478 2
12 106413772 0.26864341748181
12 106420969 0.322815644038072
12 106431662 2
12 106442092 1.1906
12 106453834 1.66420930538337
12 106476919 2
12 106477821 0.420195387517264
12 106490702 0.413744779588014
12 106506527 1.52712962813576
12 106516406 2
12 106525963 2
12 106528576 2
12 106552296 2
12 106559229 2
12 106565509 2
12 106565746 0.6103
12 106585413 2
12 106590894 2
12 106641971 1e-04
12 106646378 0.584297679641898
12 106671600 0.729014205694039
12 106681432 1.1591
12 106682627 2
12 106689253 2
12 106690581 0.852684048630534
12 106696423 2
12 106713694 2
12 106718175 0.662319988900675
12 106749348 2
12 106818949 0.204884764611936
12 106849287 2
12 106866688 0.236944672627624
12 106880676 0.708482112533984
12 106896695 1e-04
12 106902635 1.19040233880195
12 106903872 2
12 106906222 2
12 106906386 1.22601953571478
12 106907219 0.520144121627185
12 106919918 2
12 106920807 2
12 106923156 1.18642223646936
12 106935326 2
12 106957210 2
12 106998692 0.0950089124537683
12 107007830 0.696132754665059
12 107021261 1.7379
12 107034609 0.456876338682033
12 107052103 2
12 107053063 2
12 107071118 0.140337521876238
12 107072439 0.799789570786145
12 107075190 1.6898
12 107078809 1.7379
12 107089373 2
12 107090872 0.107457583505452
12 107094408 2
12 107100535 0.905671689560686
12 107100763 2
12 107101752 2
12 107111862 2
12 107126064 0.567837164070343
12 107142298 2
12 107143564 5e-04
12 107144695 0.636058279445213
12 107158516 2
12 107187981 2
12 107206614 2
12 107223862 2
12 107227824 0.419558807770122
12 107233310 1.216
12 107259084 0.226650234229891
12 107266580 0.134796983208203
12 107279137 0.9217
12 107280183 2
12 107282597 2
12 107291636 2
12 107306480 1.03
12 107316284 2.1063
12 107318323 2
12 107320533 2
12 107329320 0.1027
12 107330997 2
12 107361284 0.138767237637654
12 107369421 0.316927897205041
12 107369712 1.60248460390648
12 107377670 0.0551
12 107393787 0.485303133843205
12 107398823 0.542882946528638
12 107404157 0.7897
12 107456461 2
12 107469950 7e-04
12 107512721 2
12 107516380 0.1024
12 107516818 0.0188543642889031
12 107523805 2
12 107540066 0.970857083839285
12 107552283 2
12 107552646 1.184
12 107576822 2
12 107586142 0.554801037428652
12 107593348 1.2415
12 107593529 1.2415
12 107599747 2.34309940992064
12 107602219 1.10646896960032
12 107609641 1.2415
12 107623912 1.2957
12 107625829 1.2957
12 107642126 0.192684428818787
12 107650473 1.35004811428336
12 107665218 6e-04
12 107666376 0.3333
12 107679533 0.0473108427338443
12 107694127 2
12 107706641 2
12 107750431 0.0201769846393635
12 107767824 2
12 107771529 0.0242173008445093
12 107778535 1.17586331601477
12 107793246 2
12 107808669 0.654110621981472
12 107810000 1.0274060009221
12 107818862 1.68694226863577
12 107826185 0.85784359712691
12 107826368 0.40602050705761
12 107835591 2
12 107845057 2.21672725595008
12 107851615 0.0273
12 107858671 1.06220504516237
12 107858820 0.1326
12 107867266 0.1466
12 107874679 0.786376017864285
12 107880717 1.57197172025439
12 107881007 1.54198345840013
12 107893785 2
12 107898607 1.8124
12 107900589 2
12 107931181 2
12 107933483 0.248923716639488
12 107942588 2
12 107945015 2
12 107953127 2
12 107996711 1.30627906734515
12 108014302 2
12 108016139 0.603987309254979
12 108025645 0.429333931444622
12 108074614 0.6705
12 108074702 0.0645
12 108089997 1.3344004088677
12 108108493 2
12 108125361 2
12 108130834 0.691167210102753
12 108130962 2
12 108132296 2
12 108138732 0.4479
12 108164139 1e-04
12 108178739 2
12 108179913 0.8664
12 108184206 2
12 108192554 2
12 108212730 2
12 108239996 2
12 108255024 2
12 108259227 0.438456078162812
12 108278427 2.5407
12 108289279 0.923422184633156
12 108306865 2
12 108314943 2.0805
12 108326290 0.2648
12 108345541 2
12 108346480 0.92167384247552
12 108347854 3e-04
12 108349669 1.3013
12 108352237 2
12 108353912 2
12 108385793 2
12 108400025 2
12 108402946 0
12 108412778 2
12 108426650 2
12 108460310 0.7791
12 108462146 1.3682
12 108462150 0.0078
12 108471062 0.849
12 108508830 0.068
12 108524654 0.575156906739554
12 108529609 2.04344249478658
12 108535674 0.524778384737537
12 108538003 2
12 108552450 2
12 108555963 0.985669658272112
12 108559780 0.705245377372744
12 108562013 2
12 108581847 2
12 108585459 2
12 108595360 0.0686464796147159
12 108620980 2
12 108698939 0.566847291715796
12 108715144 0.453235119214575
12 108738442 2
12 108739059 0.1516
12 108744180 0.1516
12 108748686 0.012
12 108770606 0.1181
12 108773723 0.1181
12 108811564 0.626701263539472
12 108835957 1e-04
12 108857887 1.28304779283872
12 108859555 0.2208
12 108867119 1.84668844520619
12 108880633 2
12 108883406 1.14405417505089
12 108911745 0.0172511889075529
12 108917566 2
12 108928968 1.24527276455478
12 108929560 0.995455802472646
12 108931702 1.03356498000712
12 108932785 0.4384
12 108941700 1.09289927338683
12 108942969 0.0553740137590994
12 108956029 2
12 108980476 0.159635118943396
12 108980592 0.186377071978344
12 108980612 1.3522216676404
12 108980618 1.22804705682634
12 108988752 0.834663564567336
12 109010192 5e-04
12 109011121 0.0053
12 109046417 1.1906
12 109091708 1.1906
12 109112028 3.2203
12 109117462 0.0583484907642351
12 109135342 0.0383
12 109144754 0.0383
12 109161535 0.0264063889607905
12 109167612 5e-04
12 109169527 0.294976230880669
12 109170795 0.278196505217675
12 109195511 2
12 109199383 2
12 109199840 2
12 109209870 8e-04
12 109210141 0.9215
12 109210222 0.3826
12 109227437 1.6573
12 109245125 0.686970241960651
12 109274417 2
12 109279405 2
12 109285428 1.53244317764508
12 109291336 0.146202062818808
12 109302786 0.631012399219339
12 109309945 2.9939
12 109328693 0.267200340884895
12 109336755 0.470628328794629
12 109343762 0.923044888104064
12 109346843 1.3919
12 109352537 0.310210400270079
12 109355874 0.697295416694674
12 109359027 1.03145314438213
12 109369986 0.188411973884401
12 109378315 1.46877702852524
12 109383070 0.071842753242014
12 109396090 0.745908031866023
12 109397785 0.4433
12 109398905 0.0893442777358277
12 109399100 0.536078383696059
12 109399110 0.443
12 109403667 0.884848467148881
12 109411098 0.752038480853051
12 109411747 2
12 109414391 2
12 109415544 1.5047
12 109417036 2
12 109422440 1.0202079546899
12 109424519 0.779918580534864
12 109433374 1.33621864233647
12 109443048 6e-04
12 109443067 0.0072
12 109449720 1.5047
12 109460911 0.9891
12 109463852 0.9891
12 109464111 0.9891
12 109466987 0.9891
12 109473651 0.9891
12 109487917 0.564780398581405
12 109496581 1.9485
12 109505104 1.17095416670567
12 109537406 0.1186
12 109539977 0.7258
12 109549113 0.2927
12 109551636 0.802815991719886
12 109556137 0.922641906812598
12 109561232 0.6929
12 109562943 0.6929
12 109574705 0.553639901721072
12 109597778 0.6929
12 109612438 0.522234470952052
12 109614555 2
12 109628212 1.5183
12 109634932 5e-04
12 109644426 0.7644
12 109660413 1.67576679971233
12 109666602 2
12 109670452 2
12 109691439 1e-04
12 109735169 0.315172881691615
12 109747690 1.41676253720017
12 109756618 2
12 109758108 2
12 109792907 2
12 109794918 0.755119132820563
12 109805959 1.6235
12 109816652 0.179519703817215
12 109819699 1.0095862903518
12 109826360 0.827023568396309
12 109841853 2
12 109860004 2
12 109863687 0.261490372336388
12 109864465 2
12 109906747 2
12 109954910 0.00400086556232691
12 109956282 2
12 109971386 0.230002611877128
12 109971919 1.8796
12 109984936 1.8796
12 110018370 0.358767331323409
12 110026255 2
12 110043251 2
12 110053928 2
12 110065965 0.814418209846124
12 110068333 0.479452590623444
12 110068475 1.02698262236895
12 110081855 0.27701649049171
12 110105661 2
12 110138290 0.910385379707051
12 110156465 2
12 110174304 0.684871722597265
12 110178593 2
12 110180707 0.168540811536156
12 110190107 0.596353146792862
12 110223742 1.4946
12 110293570 0.327849254791012
12 110310930 0.684439731410256
12 110337805 1.599934662673
12 110381337 1.1861
12 110387311 2.01197135801197
12 110389711 1.32612768231569
12 110392091 1.2737508262701
12 110395943 1.15918774251
12 110477426 2
12 110504400 0.385412591479233
12 110525113 2
12 110525803 0.717544230830988
12 110530314 0.131998000041114
12 110532652 0.957797693796268
12 110550063 1.8912
12 110574962 0.0032
12 110659707 0.063709407715486
12 110663913 2.439
12 110664892 2.5636
12 110671013 0.175100542588311
12 110702414 1.33737270134806
12 110702516 0.930763648297406
12 110702596 1.96177150715403
12 110726603 0.564081957977209
12 110728262 0.869174959833102
12 110734534 0.618110028082695
12 110757353 0.85410897219775
12 110774907 0.484016070461262
12 110778520 0.949381590451654
12 110791896 0.486774009925757
12 110806534 0.078
12 110810839 0.1081
12 110817223 0.047
12 110824563 0.047
12 110828255 0.157261565095981
12 110840904 1.28035555251607
12 110843522 1.71129888212208
12 110848290 0.0121
12 110849922 0.0943
12 110850894 0.1138
12 110866969 0.1027
12 110867110 0.997006257678276
12 110876923 1.4483
12 110877860 1.18578060347328
12 110887633 0.755615241519226
12 110906048 1.3523
12 110911270 0.622974557942228
12 110917296 1.3208
12 110926495 1.7277
12 110928062 0.725619367201747
12 110950827 0.0078
12 111054914 3.1163
12 111100917 1.594
12 111121382 5e-04
12 111129692 1.594
12 111144826 1.3703
12 111176932 0.807
12 111210021 1.0789
12 111281256 2
12 111304418 2
12 111316244 2
12 111320987 1.5414
12 111325729 1e-04
12 111326103 5e-04
12 111326290 6e-04
12 111326658 2
12 111335541 2
12 111345375 2
12 111347782 2
12 111395544 2
12 111412426 2
12 111426397 0.0078
12 111426400 0.0078
12 111443505 2
12 111456483 2.9805
12 111459575 2
12 111503316 2
12 111570438 2
12 111576841 0.1027
12 111578020 2
12 111588579 2
12 111653552 1.5129
12 111656909 0.299
12 111745770 2
12 111762346 2
12 111779334 2
12 111795678 2.3813
12 111802619 1.2766
12 111806609 1.64453580392606
12 111807284 0.0354338423684794
12 111812548 0.836754758582965
12 111823112 2.8735
12 111829848 2
12 111835177 2
12 111893513 2
12 111895856 2
12 111918931 2
12 111929556 1.61539495740576
12 111940476 1.87919909092047
12 111966127 2
12 111980692 2
12 112016155 0.0843991880643681
12 112070895 2
12 112102713 2.1122
12 112121575 2
12 112172194 2
12 112212818 0.211976550922228
12 112219557 1.16472562989969
12 112223300 1.3118
12 112223465 2
12 112280054 5e-04
12 112301800 0.4271
12 112363804 1.19481773977811
12 112375611 2
12 112378746 2
12 112390672 0
12 112390840 1.15510820424447
12 112409726 0.831837847453698
12 112433568 2
12 112459036 2
12 112480448 2
12 112528311 2
12 112530093 2.06381646080971
12 112530802 2
12 112538717 0.834200549929641
12 112543228 0.4271
12 112629092 2
12 112631369 2
12 112638876 2
12 112640590 0.9978
12 112652136 1.9696
12 112671573 2
12 112678319 2
12 112684659 2
12 112712922 2
12 112719095 2
12 112721939 2
12 112725851 0.2851
12 112726992 0.2851
12 112752224 0.2758
12 112753332 0.551978067333799
12 112776798 0.286395792666569
12 112779663 0.251310632484695
12 112827092 2
12 112833366 2
12 112840276 2
12 112855188 2
12 112862964 2
12 112864880 2
12 112881973 0.927509034344391
12 112920301 2
12 112926828 2
12 112926976 2
12 112930090 2
12 112933161 2
12 112934510 2
12 112947631 2.2126
12 112952874 1.48626042230202
12 112952943 1.08150075242079
12 112957899 1.63210038792536
12 112959646 2
12 112960487 0.7206
12 112961114 2
12 112971192 2
12 112974445 2
12 112986696 0.573629735105337
12 113012794 0.215413570820421
12 113016300 2.23242434409849
12 113016341 0.390805435604765
12 113019120 0.00321950059223069
12 113025860 1.09993986286127
12 113030368 0.250897541948378
12 113042705 2
12 113046060 2
12 113052248 2
12 113087872 0.896889448149905
12 113092830 1.10425355700629
12 113099321 0.0389
12 113102017 0.0329
12 113107588 1.43785651711378
12 113117742 0.0217
12 113121067 0.0332
12 113205232 1.2856
12 113237512 2
12 113243483 2
12 113245312 0.426519998927227
12 113250054 2
12 113252087 2
12 113268488 2
12 113280778 2
12 113292151 2
12 113312172 2
12 113331295 1.2694
12 113345098 1.283
12 113346951 2
12 113358761 0.587117396658563
12 113388637 1.2374
12 113476631 2
12 113489063 1e-04
12 113489127 0.2931
12 113511970 1.0785
12 113530531 0.299904566475146
12 113538406 0.8417
12 113546284 0.6885
12 113576422 2
12 113588837 2
12 113595222 2
12 113598178 2
12 113604799 1.4946
12 113605401 2
12 113609681 2
12 113611171 2.9805
12 113620773 2
12 113625691 0.801676671580761
12 113627607 2
12 113641542 1.59884917185066
12 113647296 0.7993
12 113651428 1.0158
12 113653982 1.4404
12 113657279 2
12 113657415 1.4326
12 113663601 1.4326
12 113676851 2
12 113692906 0.585603520608206
12 113698662 0.0207766168047539
12 113701553 0.5311
12 113701636 0.429023164096147
12 113716453 0.6775
12 113727896 1.2495
12 113730687 2
12 113730939 2
12 113731890 0.6777
12 113733684 0.0855
12 113734794 0.0855
12 113745674 2
12 113758764 0.938742448974302
12 113761881 0.0879980263856384
12 113792145 5e-04
12 113796961 0.662064212845546
12 113798634 2
12 113801294 0.665130585056401
12 113813251 1.143
12 113819470 0.312255876699122
12 113822358 1.00746237856553
12 113823481 2
12 113845575 0.0121952447999174
12 113871584 0.96538805330321
12 113872506 2
12 113917014 2
12 113921001 2
12 113925720 1.9934
12 113934848 1.2261
12 113935002 1.2261
12 113940080 2
12 113943456 1.2261
12 113944116 1e-04
12 113956615 1.9934
12 113957846 1.2261
12 113960648 2
12 113963826 0.150742466475499
12 113970471 0.2641
12 113994950 1.0390777422492
12 114013836 0.24042299666325
12 114020074 0.4454
12 114021556 0.4454
12 114022762 1.70242981597644
12 114029126 0.4454
12 114034115 2
12 114035065 2
12 114044332 0.6618
12 114063317 0.0053
12 114065691 2
12 114078946 2
12 114081977 2
12 114083588 2
12 114087850 2
12 114098417 0.522367892662869
12 114100350 0.314092300399169
12 114107321 2
12 114112461 2
12 114114105 0.1037
12 114123489 0.1037
12 114130011 0.0813
12 114140142 2
12 114140826 1.57192512165585
12 114150205 2
12 114162158 2
12 114163465 0.398395885360915
12 114212690 1.0330976005456
12 114228294 2
12 114238665 2
12 114251839 1.08346180002348
12 114252481 0.8247
12 114258668 0.2859
12 114268320 0.0263
12 114270545 2
12 114275972 1.0788
12 114281320 2
12 114282828 1.0788
12 114289290 1.4947
12 114309152 2
12 114316715 0.100205185882279
12 114319172 1.0145
12 114322611 2
12 114328930 2
12 114330307 2
12 114331926 2
12 114340382 2
12 114347474 2
12 114363805 0.1585
12 114367843 0.1239
12 114369230 2
12 114370292 0.0575
12 114378555 1.4257376551194
12 114380656 2.31037755634068
12 114382182 1.68811251654125
12 114390877 0.4348
12 114421679 2.014
12 114430315 2
12 114433886 1.2312
12 114436881 2
12 114438038 1.2852
12 114443784 2
12 114444150 2
12 114450883 1.4421
12 114452197 0
12 114467533 1.44
12 114501311 0.561571224033148
12 114509936 1.2752
12 114512016 1.2809
12 114524231 0.9379
12 114526005 1.1818
12 114530797 0.9099
12 114537042 1.68
12 114545606 0.0546
12 114552676 0.0406
12 114555969 1.57486598139863
12 114561169 0.0244
12 114565891 0.626310464123461
12 114585849 0.0386
12 114602483 0.4839570138817
12 114612939 0.8263
12 114619268 2
12 114633101 0.824969986442765
12 114634472 1.93489723492739
12 114636008 2
12 114636610 2
12 114640326 0.553107466651717
12 114646254 2
12 114647029 1.74047505974008
12 114649928 0.7008
12 114652604 2
12 114654368 2
12 114662300 2
12 114662302 2
12 114662307 2
12 114671102 2
12 114673513 2
12 114691371 2
12 114709940 0.9368
12 114733553 2.321
12 114738230 2
12 114762081 0.9341
12 114772465 0.9582
12 114787159 1.0933
12 114793382 1.0933
12 114793828 2
12 114798941 2
12 114812795 0.0263
12 114818772 2.5345
12 114850743 0.363522681512081
12 114853997 0.742564067058069
12 114855925 0.705087284696083
12 114857474 0.391550239760909
12 114863012 1.10486679428409
12 114873092 0.2142
12 114875751 2.16218445000329
12 114876328 0.294289050402217
12 114890368 2
12 114900449 2.859
12 114904253 0.6333
12 114905151 2
12 114914926 0.6463
12 114915898 2
12 114922788 2
12 114924779 2
12 114927406 2
12 114930274 2
12 114930705 2
12 114930764 2
12 114934153 2
12 114949165 0.8324
12 114968413 2
12 114980772 2
12 114988210 0.9842
12 114995506 2
12 114997492 0.9842
12 114998355 0.9842
12 115031671 0.0537112234626951
12 115068111 0.1462
12 115105100 0.294933913517352
12 115114703 0.484867540700415
12 115120686 0.8466
12 115122268 0.987506118150745
12 115123964 1.47341939385058
12 115128724 1.02508730260202
12 115128942 0.873331671815369
12 115147278 0.8247
12 115156061 2.13873879233655
12 115158427 0.8247
12 115167258 2
12 115169073 2
12 115177859 0.2336
12 115186957 2
12 115192194 2
12 115194385 0.1869
12 115195966 0.1944
12 115199226 2
12 115202716 2
12 115205498 2
12 115214402 1.7793
12 115229901 0.909051998377193
12 115230433 0.793188378859501
12 115231261 2
12 115232494 3.32001658182479
12 115232781 2
12 115234595 0.0104
12 115236876 2
12 115246063 0.0182419274825124
12 115251532 2
12 115251562 2.6444
12 115253761 2
12 115256488 1.097
12 115265790 2
12 115279484 0.901281834861824
12 115286354 1.13646517103558
12 115286415 2
12 115296963 2
12 115300622 1.4754
12 115306576 2
12 115306760 1.4039
12 115319216 0.449
12 115327745 2
12 115328157 2
12 115349735 2
12 115353833 0.5346
12 115378637 2
12 115379289 2
12 115379418 2
12 115385725 2
12 115391898 3.1163
12 115400515 2.8749
12 115401986 0.139757021588955
12 115428585 2
12 115450699 2
12 115450702 2
12 115460435 0.4718
12 115482747 0.4577
12 115491690 0.432
12 115513114 0.1407
12 115538672 2
12 115551864 2
12 115560451 2
12 115569553 1.3952
12 115573193 2
12 115581467 1.01152503096048
12 115599296 0.629174974510341
12 115607137 2
12 115610691 2
12 115612728 0.9356
12 115633623 2.38337585796627
12 115636847 2
12 115640329 2
12 115646626 2
12 115653779 0.276460010164007
12 115655519 1.251
12 115672537 0.3169
12 115673426 2
12 115695372 0.2426
12 115708265 2
12 115716849 2
12 115729659 2
12 115736146 1.3239
12 115739601 0.717153774555398
12 115741007 0.9853
12 115743780 2
12 115747388 0.3006
12 115763549 2
12 115764521 2
12 115765954 0.1216
12 115787845 2
12 115789929 2
12 115793763 2.1383024770651
12 115854962 0.0238
12 115890193 0.2893
12 115901476 2.2654
12 115907517 0.7816
12 115911666 2.1874
12 115912628 1.0332
12 115922096 0.3507
12 115935040 0.2829
12 115937236 0.1383
12 115941185 0.189828690194204
12 115991884 0.700788468297388
12 116070295 0.842
12 116071818 1.29042803230293
12 116113484 1.43719358125636
12 116127245 0.413768550456521
12 116129755 2
12 116143991 0.644083746840264
12 116149746 5e-04
12 116179555 1.46991298671168
12 116181015 1.2393
12 116241343 0.8856
12 116247689 0.306951491318378
12 116250237 0.14431661026198
12 116297647 0.510783233042851
12 116308961 2
12 116318865 1.80252856385452
12 116319482 2
12 116319500 2
12 116326272 2
12 116345580 1.05075194838374
12 116362141 1.6037
12 116371944 0.0582138976516587
12 116372774 2
12 116374319 2
12 116375761 2
12 116380348 1.6039
12 116388705 0.310360078232315
12 116393325 0.110965590294673
12 116394328 2
12 116394361 2
12 116395265 0.0492947061854636
12 116401001 2
12 116413710 5e-04
12 116413729 0.017418752490412
12 116413743 1.56152772468118
12 116425661 0.996696902814395
12 116444902 2
12 116446008 0.536849856671851
12 116447929 0.00741902959755099
12 116448335 2
12 116478968 2
12 116484756 2
12 116487021 2
12 116494235 1.26028581969397
12 116499462 2
12 116508439 0.1314
12 116510130 2
12 116523687 2
12 116524767 2
12 116526425 2
12 116536611 1.3937
12 116548090 1.3259
12 116549067 1.3845
12 116554706 0.679114090967915
12 116560238 0.1087
12 116569879 2
12 116589843 2.1063
12 116594141 0.1002
12 116597113 0.1002
12 116610682 2
12 116624965 2
12 116627008 2
12 116635851 2
12 116636212 2
12 116638634 0.160246810792727
12 116644189 2
12 116670534 2
12 116670680 2
12 116685035 0.926655255220933
12 116688027 1.3404
12 116701015 0.9518
12 116708656 0.452
12 116729236 0.0066
12 116730262 0.0492
12 116742548 1.6707
12 116743242 5e-04
12 116745552 0.697705128950534
12 116750903 0
12 116776812 0.1016
12 116792525 0.0351
12 116821572 0.0583
12 116841063 0.046
12 116845280 1.8919
12 116847532 2
12 116871635 2
12 116872430 2
12 116872950 0
12 116894351 2
12 116898139 2
12 116901605 1.4238
12 116903821 1.43465364791733
12 116906184 0.0952
12 116929543 0.0078
12 116934889 2
12 116948025 1.5066
12 117000358 0.1605
12 117017560 0.9405
12 117041174 0.8679
12 117054019 0.8918
12 117061193 0.8211
12 117063983 0.8211
12 117066504 1.3854
12 117099574 2
12 117100242 2
12 117107206 2
12 117129341 0.1525
12 117129376 0.1525
12 117139005 0.237435409720866
12 117142737 0.670684493265941
12 117150807 2
12 117157565 0.657489054907772
12 117160693 0.687828309190706
12 117165356 0.12939054602631
12 117169179 0.533562090239742
12 117174929 2
12 117174930 1.02925602629481
12 117180151 0.269860379479261
12 117180663 0.587468239656008
12 117181147 0.545414804100946
12 117181407 0.912258623596962
12 117182559 2
12 117205709 6e-04
12 117210965 2.3099
12 117227739 0.3379
12 117236324 0.9114
12 117237892 0.9114
12 117263657 2.0946
12 117283056 3.4241
12 117297336 2
12 117321642 0.604362411735616
12 117337773 2
12 117339907 0.661166080092058
12 117346913 2
12 117370339 0.0263
12 117414244 2
12 117417773 2
12 117418547 2
12 117431922 2.01366930973399
12 117434288 2
12 117453142 0.0561
12 117474937 2
12 117487588 1.57833025444757
12 117494297 1.7222
12 117505737 0.6592241989019
12 117508040 0.609121019472459
12 117522502 0.8627
12 117527348 0.129049263034753
12 117534953 0.410097160938791
12 117542870 0.606649742050296
12 117544206 0.0739
12 117548807 0.2347
12 117549158 1.4367
12 117561483 0.0158
12 117567537 0.4008
12 117596204 2
12 117596515 2
12 117606401 2.4006
12 117606905 0.0748
12 117612975 0.1404
12 117613773 0.0748
12 117616171 2
12 117624923 0.0748
12 117632442 0.1474
12 117637431 0.4954
12 117637865 1.0943
12 117638516 0.0078
12 117655036 0.3021
12 117665230 0.7048
12 117673581 2
12 117675198 0.476301314127658
12 117692249 2
12 117696151 2
12 117697431 0.049
12 117700512 0.827789075904136
12 117704456 1.3375
12 117711001 2
12 117717710 0.5818
12 117721146 1.1769
12 117721867 1.1769
12 117724811 2
12 117731539 1.3736
12 117731729 2
12 117739076 0.1938
12 117740357 0.231490608726411
12 117741368 0.1027
12 117746623 0.512
12 117750249 0.700824315509605
12 117754886 1.15913777939767
12 117757090 0.241876357123572
12 117767375 1.5999
12 117778588 2
12 117783740 2
12 117788472 2
12 117789739 2
12 117794373 2e-04
12 117819048 0.141561498740847
12 117831465 0.0939421331538352
12 117845711 0.459386778443956
12 117850683 0.1064
12 117871830 1.04632276060491
12 117890149 1.0899
12 117891549 0.8506
12 117927241 1.0879
12 117937681 0.1206
12 117943129 1.17344246794509
12 117949825 0.349
12 117950528 2.14218116445244
12 117951001 1.07067191282133
12 117957984 2
12 117960814 1.5515
12 117963415 1.5515
12 117973850 2
12 117979140 2.0474
12 118002568 0.386504078563612
12 118008654 2
12 118018107 0.640415287958334
12 118023444 0.235872129844364
12 118024347 2
12 118071724 1.127
12 118075732 1.127
12 118075989 0.7448
12 118082994 2
12 118083822 1.03658036735384
12 118106172 0.591068158003982
12 118124315 0.6107
12 118144028 2
12 118155007 1.0993
12 118155227 2
12 118159851 0.2063
12 118167766 0.2063
12 118168307 2
12 118187596 0.0186879087063225
12 118212556 0.2063
12 118247490 2
12 118257665 2
12 118265245 0.7448
12 118287842 2
12 118288960 2
12 118290322 2.1196
12 118294495 2
12 118315445 2
12 118350198 2
12 118366316 2
12 118367577 2
12 118371789 2
12 118380660 2
12 118385127 2.0859
12 118393280 2
12 118393628 2
12 118403748 2
12 118410617 0.781229781032021
12 118426627 2
12 118445912 2
12 118448517 0.237079256680884
12 118451754 2
12 118466631 2
12 118467700 0.6559
12 118469701 1.1265
12 118472290 1.2126
12 118477227 2
12 118477264 0.6559
12 118479625 0.6559
12 118482444 0.6559
12 118482998 0.6559
12 118483532 0.6559
12 118488041 1.5105
12 118491955 2
12 118502540 2
12 118503074 2
12 118503947 2
12 118509283 2
12 118517160 0.0764
12 118518946 1.5647
12 118520400 1.4706
12 118523007 0.0892
12 118542630 1.4706
12 118552425 1.3632
12 118563937 1.4438
12 118577214 0.807274796795753
12 118577577 0.494060114358468
12 118579090 0.555862495828675
12 118580443 1.20630990432431
12 118581338 0.971287959517509
12 118586821 2
12 118587147 2
12 118589599 2
12 118594000 2
12 118597537 1.0377737744057
12 118597896 2
12 118599494 2
12 118622347 2
12 118641284 2
12 118645320 2
12 118704642 0.8002
12 118706472 0.8002
12 118707924 2
12 118708101 2
12 118715870 0.8002
12 118719791 2
12 118719819 2
12 118743809 2
12 118752533 2
12 118757342 0.8841
12 118757886 0.67225111778487
12 118777284 2
12 118781113 2
12 118784640 2
12 118788884 0.8271
12 118797327 2
12 118820160 2
12 118824405 1.2046
12 118845660 2
12 118857082 0.854457674229572
12 118862879 0.880282253560517
12 118865239 0.6413
12 118876373 1.4036
12 118879391 1.25067796026091
12 118887559 2
12 118887595 2
12 118889288 2
12 118890094 0.897189915867599
12 118891005 1.13949469720669
12 118893332 2
12 118894260 1.40503960659825
12 118894930 0.977713706696829
12 118898847 0.808191053064765
12 118901400 1.40155582105025
12 118918578 2
12 118947455 2
12 119010405 0.480307952573418
12 119047285 1.51191141412875
12 119054624 2
12 119065462 0.692019157862616
12 119070953 1.95876832901739
12 119075599 1.14281798980016
12 119075816 0.119923773237046
12 119076147 1.13933625161951
12 119099456 0.84792092666594
12 119121239 2
12 119126148 2
12 119131838 1.274
12 119142165 0.6985
12 119206259 2.1063
12 119214834 2
12 119244927 2
12 119261768 2
12 119267179 2
12 119273489 2
12 119276265 2
12 119277215 2
12 119301988 2
12 119336311 0.434739519692895
12 119361006 1.06081188314582
12 119374189 1.3938
12 119384021 2
12 119384937 2
12 119398027 0.260646244673127
12 119410888 2
12 119433162 2
12 119443744 2
12 119464361 1.0913
12 119467699 2
12 119519466 5e-04
12 119533805 0.6984
12 119544168 0.9783
12 119562033 2
12 119574454 0.0078
12 119583991 0.6264
12 119595090 0.9069
12 119597300 0.1356
12 119599434 0.1527
12 119610867 0.114
12 119623486 0.1273
12 119626986 1.76666268045695
12 119627979 2
12 119653629 0.0866
12 119656894 0.502810110621203
12 119664621 0.302297790605141
12 119667935 1.60692370192384
12 119673368 0.618605262166456
12 119697912 1.29203228619953
12 119709795 0
12 119723077 0.081439894682197
12 119723516 1.07151228594881
12 119733106 0.1326
12 119745826 0.1121
12 119747704 1.9814
12 119748903 1.02104013055798
12 119751883 1.65731332291306
12 119778806 0.901614963515193
12 119782478 0.122104891857694
12 119785565 0.315160238033513
12 119790010 1.19331588104927
12 119790268 1.2704088063323
12 119790988 0.372684432006936
12 119792677 2.1546
12 119833592 0.992218161825352
12 119876755 1.9275
12 119886217 2
12 119890509 2.3383
12 119903260 2.07228587256428
12 119922024 2.245
12 119950946 1.24047722372073
12 119952588 2.57446666603399
12 119958895 1.08412894523482
12 120006951 2
12 120009188 0.305049175357175
12 120027026 1.2752
12 120028703 2
12 120050542 2
12 120053081 2
12 120093484 1.2865
12 120097365 2
12 120098979 2
12 120099852 2
12 120103500 2.3217
12 120151521 1.0565
12 120156330 1.0565
12 120158805 1.0933
12 120174896 1.0933
12 120199671 0.443567657546874
12 120206598 1.6548
12 120209549 0.500093380829927
12 120250009 2.0859
12 120265453 1.693
12 120295278 0.1308
12 120296902 1.6872
12 120310948 1.5245714954827
12 120360824 0.579759962362855
12 120365980 2
12 120403835 2
12 120412215 2
12 120422451 0.9877
12 120423772 0.425062363850511
12 120432181 1.0217
12 120441476 0.722076211783825
12 120442330 1.0523
12 120450816 1.0523
12 120463392 2.17541736599396
12 120463463 0.9925
12 120466133 1.0523
12 120470656 1.0523
12 120493105 1.24152307519656
12 120531086 1.09915865550993
12 120536707 0.125728119773925
12 120541965 2
12 120565002 1.85149950737839
12 120584678 0.407415798365905
12 120605840 2
12 120616158 2
12 120618269 2
12 120624796 0.374034158589996
12 120646466 2
12 120656307 2
12 120690896 2
12 120702261 2
12 120735628 2
12 120742216 2
12 120749754 2
12 120766879 2
12 120780810 2
12 120783017 2
12 120806157 1.7901
12 120810781 2
12 120817767 1.7901
12 120818717 2
12 120828650 2
12 120832573 2
12 120852879 1.6519765519573
12 120876477 2
12 120890279 2
12 120913119 2
12 120917153 2
12 120919891 2
12 120943294 1.5029
12 120946877 1.1234
12 120967621 2
12 120985573 2
12 120986597 2
12 120986771 2
12 121002928 2
12 121004438 1.5377
12 121014107 2
12 121024433 1.5467
12 121033175 0.8923
12 121033534 2
12 121038620 0.013
12 121048065 0.8
12 121075026 1.9295
12 121076920 0.1027
12 121092684 2
12 121095151 1.8795
12 121097883 2
12 121098500 0.1027
12 121106312 2
12 121119290 0
12 121120620 1.7159
12 121121209 0.0078
12 121132344 1.9496
12 121141854 2
12 121143878 1.9414
12 121162726 2
12 121168602 2
12 121172686 2
12 121180765 1.2808
12 121195634 2
12 121199254 2
12 121203865 0.7744
12 121214474 2
12 121222705 2
12 121231120 0.1027
12 121257021 2
12 121263878 1.287
12 121274647 2
12 121275715 1.60990231963327
12 121276091 0.362448913361092
12 121277769 1.59429604044966
12 121288603 1.4023
12 121304138 2
12 121305231 2.0272
12 121306599 1.8542
12 121307493 2
12 121312285 1.843
12 121325179 0.1135
12 121348980 0.253215277040099
12 121350310 1.13483766176128
12 121353985 1.45072817127759
12 121364241 0.98542131360349
12 121375787 2
12 121376037 2
12 121420940 1.5087
12 121426452 5e-04
12 121427671 1.5087
12 121437117 1.24681193560275
12 121441789 0.759615802387588
12 121459249 0.502361000098135
12 121480932 0.814437817326536
12 121481006 1.3320387801153
12 121511474 1.03578834135544
12 121528575 0.500237970128043
12 121581944 0.580002389947935
12 121583249 0.788551403666789
12 121589753 0.318794687457317
12 121597468 0.3547
12 121600621 0.1994
12 121619388 1.82104836882144
12 121631757 2.4119
12 121638930 0.313333762993476
12 121660355 2
12 121678802 1.6819
12 121706130 1.3228
12 121706295 0.877028956924373
12 121726891 5e-04
12 121734478 0.9371
12 121736165 2.01207926800499
12 121743217 0.923753603172349
12 121746778 2
12 121750644 2.02547558830431
12 121752012 2
12 121757617 2
12 121758455 1.23718591097197
12 121759430 2
12 121775238 2
12 121777222 2
12 121782549 2
12 121812711 2
12 121863832 2
12 121868951 0.0742
12 121880845 0.7342
12 121906396 0.0742
12 121914400 2
12 121922683 2
12 121930487 2
12 121959445 1.7735
12 121960217 0.0742
12 121966027 0.214
12 121977864 2
12 121981308 2
12 121988311 0.1938
12 122018072 2
12 122019673 0.0742
12 122029136 2.978
12 122034110 0.9467
12 122034772 0.7996
12 122035242 2
12 122042081 2
12 122057534 0.455
12 122057851 0.3364
12 122083580 2
12 122090369 0.4677
12 122093769 0.0048
12 122101858 0.401649351315673
12 122115587 0.5011
12 122118779 0.4677
12 122123369 0.4677
12 122124330 5e-04
12 122128645 1.5392
12 122129662 0.492341326516484
12 122133584 2
12 122149599 1.24693212204916
12 122150234 0.250198975811284
12 122153407 0.930670151396193
12 122161333 0.4553
12 122166144 1.59557673445225
12 122167077 0.165326286206619
12 122173832 0.0309374940634111
12 122186925 2.2749272290983
12 122188197 0.4357
12 122201562 0.7031
12 122211312 2.4799
12 122248192 0.8335
12 122251945 0.6869
12 122262476 0.6869
12 122285228 0.2146
12 122311431 0.555896159012341
12 122321692 2
12 122340147 2
12 122349903 2
12 122357255 2
12 122379112 2
12 122390413 2
12 122404841 1.724
12 122433294 0.509530993449227
12 122447012 2
12 122449795 2
12 122450300 2
12 122465488 2
12 122478464 1.63992035137559
12 122488865 0.368419330283408
12 122501051 0.0478760523781456
12 122511817 0.135987064265494
12 122514270 1.77677315562146
12 122518592 1.17738648753265
12 122532664 2.4029
12 122536474 0.49881428887919
12 122554077 6e-04
12 122559217 2
12 122559561 1.2298
12 122568830 1.2345
12 122572120 1.2298
12 122580952 1.2392
12 122583040 0.186285859749388
12 122594473 2
12 122625875 1.00755451634042
12 122628259 0.591229212223754
12 122628870 2
12 122641218 1.85523579820605
12 122641741 1.31890779973683
12 122652362 2
12 122656050 0.104177430244697
12 122663331 5e-04
12 122676467 2
12 122676869 1.6815
12 122696357 2
12 122705247 2
12 122706828 0.405923314039925
12 122708704 2
12 122710489 2
12 122711253 2
12 122712025 1.6236257056914
12 122719750 2
12 122738783 2
12 122744998 0.0804
12 122745146 0.0502
12 122760312 0.0502
12 122780863 0.0502
12 122783453 0.0804
12 122786306 0.0804
12 122810279 0.1553
12 122812481 0.1553
12 122814053 0.1553
12 122823724 2
12 122824237 0.1027
12 122824649 0.137
12 122841827 0.1872
12 122846547 0.1872
12 122847172 0.1027
12 122853740 0.137
12 122881347 2.978
12 122891872 0.137
12 122893059 0.2212
12 122898792 0.137
12 122912014 1.9751
12 122948804 2
12 122966471 2.53336614048283
12 122966569 0.273098351863105
12 123052784 0.376350692245982
12 123071839 1.23530132112034
12 123077091 2
12 123119506 0.5286
12 123148383 1.32637846994327
12 123155715 2.6908
12 123156653 1.3090761388674
12 123157991 0.906647414799581
12 123159509 1.26022914238619
12 123170231 0.478797061207855
12 123170934 0.164063680880675
12 123175963 0.909244543475407
12 123182261 5e-04
12 123183403 2.52882897845822
12 123183475 1.12512889260144
12 123205350 0.383661828832252
12 123212711 1.19308332244852
12 123216806 0.303809749899266
12 123230719 1.02798824110062
12 123241148 0
12 123242896 1.76538068690446
12 123274790 1e-04
12 123274887 0.0453
12 123275009 0.0897
12 123285771 2
12 123286615 1.6496
12 123296566 1.5547
12 123310034 1.46414773407954
12 123318267 1.1547
12 123326814 0.0347
12 123331460 0.0347
12 123332964 0.0347
12 123333460 1.4615
12 123354868 0.0078
12 123356311 0.0347
12 123366452 1.51763599632356
12 123370219 1.4615
12 123372254 2.4365
12 123378090 0.0332376290808654
12 123395428 1.4615
12 123396315 0.0574
12 123414962 1.5985
12 123426606 0.649198890399339
12 123454246 0.6482
12 123455286 0.6482
12 123461952 0.6482
12 123463203 0.6505
12 123463559 2
12 123466945 2
12 123474545 2
12 123481441 1.25581049725007
12 123490713 0.6538
12 123491038 2.65661700523435
12 123492235 2e-04
12 123504325 0.6538
12 123504634 2.9805
12 123514439 0.814
12 123517204 0.7044
12 123535551 0.474751622915326
12 123568438 2.14179543309797
12 123570811 1.56995486239047
12 123576783 1.54359133936277
12 123602847 0.536496209333015
12 123603819 0.589557058027764
12 123609046 1.8942
12 123611666 1.9511
12 123611698 1.8076
12 123612981 0.7514
12 123613277 0.7514
12 123618342 0.195656950999518
12 123658463 2.2389
12 123663284 1.93525735925857
12 123663660 1.30535419257667
12 123663930 1.48994432043203
12 123672641 0.414450053004752
12 123673908 0.702817445152311
12 123687111 0.254295743893469
12 123689818 1.30949092995191
12 123692201 0.113163671283696
12 123692991 0.415129384196106
12 123693834 1.7418
12 123695464 0.607792918712322
12 123698112 0.496053940824421
12 123700577 1.83165415069735
12 123703339 0.263963152971687
12 123704208 1.9511
12 123712188 0.47365648809847
12 123716540 0.568588133141079
12 123719285 1.02607173718604
12 123722841 2
12 123723512 2
12 123724785 2
12 123724805 2
12 123730347 2
12 123733555 2
12 123736332 2
12 123741516 2
12 123743653 2
12 123745707 2
12 123756353 0.0078
12 123759160 2
12 123759725 2
12 123762180 2.2653
12 123768032 2
12 123777506 2
12 123785026 2
12 123788863 2
12 123807187 2
12 123878342 0.27056870971979
12 123886217 1.5844
12 123887730 0.8941
12 123903027 0.8
12 123928944 0.281
12 123935181 0.281
12 123953670 0.281
12 123954426 0.281
12 124023282 2
12 124029915 2
12 124053755 0.579559200050893
12 124079525 1.89462109789163
12 124081781 0.3004
12 124091431 1.27570159899487
12 124096442 0.217690942035386
12 124100407 5e-04
12 124101429 0.271541717025981
12 124112091 2
12 124113721 0.567478368445494
12 124117957 0
12 124118100 2
12 124118374 2
12 124122055 0.6123
12 124129916 2
12 124136880 2
12 124140771 2
12 124141009 2
12 124144296 2.2073
12 124144404 1.54467416672792
12 124145765 0.624443617001279
12 124150010 2
12 124160706 0.4625
12 124162281 0.79402411088267
12 124170939 2
12 124171049 2
12 124174279 2
12 124183145 2
12 124184749 0.0897
12 124185285 0.0897
12 124186440 0
12 124209548 1.2663
12 124211598 1.2663
12 124215155 2
12 124221561 0.249035537392865
12 124240230 0.529
12 124242668 0.0829
12 124249913 2
12 124254207 1.1662
12 124255087 1.1662
12 124262306 5e-04
12 124277026 1.2089
12 124287969 2
12 124292624 0.0819
12 124295211 2
12 124305971 2
12 124311564 2
12 124320577 0.0447529731927588
12 124326422 2
12 124343513 2
12 124350249 2
12 124352003 2
12 124358097 2
12 124360440 2
12 124361833 1.13074907139028
12 124366713 0.632868382213072
12 124373361 0.217492815536889
12 124373797 1e-04
12 124377566 2
12 124448948 2
12 124454063 2
12 124458035 2
12 124468853 0.0273
12 124469269 2
12 124470646 2
12 124487929 2
12 124494220 1.0257
12 124494227 1.31355054495079
12 124495305 2.01415868914787
12 124501076 0.870032697588402
12 124521616 2
12 124531817 1.23427221521338
12 124537169 0.0834310854283018
12 124548792 0.0492573602302988
12 124551157 1.4556
12 124558873 0.2743
12 124567624 5e-04
12 124568424 1e-04
12 124571428 2
12 124574565 1.1811
12 124578590 1.1719
12 124584807 0
12 124592359 0.2072
12 124600560 2
12 124610842 2
12 124613191 0.0746
12 124619295 0.0072
12 124620592 2
12 124628120 1.74547027219213
12 124635991 0.0328627207505199
12 124637361 0.373790674688339
12 124639413 0.717792820747386
12 124661231 2
12 124677598 2.15189693083911
12 124679903 2.1082
12 124680311 2
12 124680972 0.754741286214251
12 124681620 2
12 124685361 1.24041870421739
12 124686856 2
12 124692496 0.841415576343776
12 124699754 0.5942
12 124700297 2.077
12 124702269 1.67989195986484
12 124709298 0.5051
12 124716505 2
12 124716528 2
12 124716953 2
12 124734282 2
12 124735864 2
12 124736794 2
12 124749767 2
12 124751133 2
12 124751444 2
12 124762551 2
12 124767882 2
12 124776099 0.1983
12 124780655 0.2219
12 124784777 0.0211
12 124784941 0.0324
12 124829326 2
12 124834915 0.609252000363177
12 124837458 5e-04
12 124837516 0.0078
12 124837549 7e-04
12 124844387 2
12 124844686 2
12 124844767 2
12 124844821 2
12 124849909 1.8084554800966
12 124853418 0.942
12 124863717 0.8817
12 124864934 2
12 124865422 2
12 124877799 2
12 124880577 0.0467729415639379
12 124882079 1.01810109357021
12 124895652 5e-04
12 124897621 0.7662
12 124897998 0
12 124911509 0.1329
12 124927460 0.148
12 124941008 0.2081
12 124942010 0.2081
12 124949476 2
12 124953970 2
12 124968349 2
12 124974968 2
12 124981922 0.0864765093036776
12 124999792 0.0075
12 125002251 0.36473006668497
12 125002338 0.848263352734294
12 125003993 2
12 125009622 3.287
12 125010339 0.0799631539766199
12 125010826 0.242321074217844
12 125012983 1.13177441469223
12 125014918 2
12 125018285 2
12 125034883 2
12 125041022 0.0939833183119841
12 125043053 0.48285396983726
12 125053482 2
12 125055446 0.0992
12 125060136 2
12 125063227 2
12 125072485 0
12 125083207 2
12 125085167 0.828111320037786
12 125099796 2
12 125131745 2
12 125174057 1.1561
12 125190889 5e-04
12 125191824 2
12 125197215 2
12 125221830 1.7163
12 125231317 1.7663
12 125238402 0.9229
12 125243036 2
12 125244658 1.7766
12 125282022 2.3389
12 125282344 2
12 125284572 2
12 125291766 2
12 125293439 1.53834704051942
12 125297141 0.576370059960778
12 125301004 0.287838021957183
12 125320209 2
12 125334704 1.0386496456667
12 125341451 2
12 125347771 2
12 125352688 2
12 125354643 2
12 125369075 2
12 125374107 2
12 125410365 6e-04
12 125410724 5e-04
12 125413169 0.618508949812483
12 125418263 0.082071609228387
12 125427847 0
12 125427997 0.0897
12 125439398 1.9682593011053
12 125441127 0.2764
12 125515389 0.5266
12 125515909 1.03602036992889
12 125517221 2
12 125521451 0.7342
12 125534384 2
12 125567447 0.0609
12 125576454 0.0767863045027991
12 125577876 2
12 125612651 1.6867
12 125613095 1e-04
12 125620082 2.5345
12 125645041 2
12 125660218 0.209085341203355
12 125674576 2
12 125677780 0.926347372712704
12 125690026 0.416376832553144
12 125694675 1.41
12 125696979 0.617798789934962
12 125702589 0.51359141860424
12 125702912 0.358911680155123
12 125703264 1.28060088022758
12 125710699 0.188993133914452
12 125718245 0.79053101263943
12 125728097 2.9776
12 125734075 0.928350116462883
12 125742735 1.1043
12 125746004 1.1043
12 125750715 1.1043
12 125752639 1.1043
12 125757295 0.192719927967464
12 125760700 0.667572170175856
12 125765420 0.517915478822801
12 125775260 1.2618
12 125780825 4e-04
12 125784267 1.2378
12 125790675 1.4351
12 125791772 1.4351
12 125793436 1.4183
12 125806151 0.2469
12 125811826 2
12 125815974 0.0526
12 125839717 0.4461
12 125849682 0.4164
12 125855660 1.26414968569171
12 125871898 0.608040671158725
12 125872018 0.788847820443232
12 125886564 2
12 125904670 2
12 125906472 1.1218
12 125907648 0.9756
12 125909921 2
12 125920350 0.917
12 125921261 2
12 125935945 5e-04
12 125957034 2
12 125965327 2
12 125965981 1.0918
12 125979016 1.9216
12 125980965 0.2139885142793
12 125982241 0.79545630175567
12 125989730 0.5658
12 126007975 0.5658
12 126008491 0.5379
12 126021794 1.00274859793005
12 126022707 2.18615184400175
12 126056775 0.985931918436503
12 126057540 0.4416
12 126058040 0.798731563524477
12 126060016 1.2134
12 126060425 2
12 126061817 2
12 126074560 0.7188
12 126075689 2
12 126079967 2
12 126146355 0.574982663142143
12 126164651 0.386609808328162
12 126169493 0.329000819737635
12 126170110 0.107371406696495
12 126195684 0.9664
12 126227260 1.5417
12 126243173 1.12445571730026
12 126267151 0.0273
12 126268397 2
12 126279365 0.701230322455504
12 126282439 1.38472674621534
12 126286581 0.989602059117649
12 126288418 0.204865233363933
12 126295788 0.236892884034478
12 126310322 0.221411705225133
12 126314057 0.544500781647398
12 126317288 0.143392134561842
12 126329764 2
12 126344073 0.364899897812656
12 126346310 1.35144629371669
12 126349490 0.4538868667863
12 126387289 2
12 126409745 2
12 126410962 2
12 126421709 2
12 126451660 2
12 126462193 2
12 126466790 0.163406565521564
12 126485399 2
12 126489277 2
12 126489769 2
12 126497258 2
12 126501207 2
12 126512538 0.0615173927574414
12 126513982 0.0683851564782296
12 126520258 0.047379249221772
12 126520531 1e-04
12 126530604 2
12 126530673 2
12 126536965 2
12 126545639 2
12 126550627 2
12 126562424 0.780503084485984
12 126569883 1.5966
12 126592743 3.4254
12 126602684 0.0802
12 126621615 2
12 126623116 0.0217
12 126625860 0
12 126640834 2
12 126642676 2
12 126642725 2
12 126646911 2
12 126648887 2
12 126655172 0.1237
12 126659563 2
12 126674427 2
12 126675068 2
12 126688764 0.5088
12 126699987 5e-04
12 126699990 1.03436876536071
12 126701859 2
12 126712963 2
12 126752918 0.6783
12 126772529 0
12 126773008 3.03730528436158
12 126775174 5e-04
12 126776926 0.57799409845286
12 126815404 0.1669
12 126830786 1.5966
12 126833633 0.1337
12 126834610 0.2131
12 126837572 0.2131
12 126842725 0.0505
12 126856302 0.022
12 126860747 0.626139346921319
12 126876345 1.61544800173921
12 126900861 1.3043
12 126905022 0.0162
12 126905287 0.0162
12 126906113 5e-04
12 126919769 0.0558
12 126919857 0.1133
12 126924587 2
12 126924788 2
12 126929697 5e-04
12 126933744 5e-04
12 126934678 5e-04
12 126945162 2
12 126946154 2
12 126948328 0.0754
12 126978073 2
12 127014238 0.6205
12 127023563 2
12 127024685 2
12 127027717 2
12 127038423 2
12 127048559 2
12 127053843 2
12 127064767 2
12 127065609 1.9629
12 127067488 0.6374
12 127071219 2
12 127075201 0.543
12 127075617 2
12 127085181 2
12 127086293 2
12 127087554 2
12 127089712 2
12 127093054 2
12 127094826 2
12 127109569 2
12 127125131 2e-04
12 127126724 0.5583
12 127129033 1.2084
12 127168477 2
12 127177345 1.1277235130007
12 127183373 0.124831355310855
12 127186265 0.22096549619088
12 127200941 2
12 127206908 1.27590365848323
12 127215400 2
12 127218878 2
12 127225580 0.0467
12 127230735 2
12 127230782 2
12 127234374 1.10285811314535
12 127235589 1.81179074988057
12 127236633 2.86019466678358
12 127239106 1.13437695630134
12 127239983 2
12 127244870 1.176
12 127245499 2
12 127250862 1.5089
12 127272539 2
12 127277376 2
12 127287086 2
12 127291680 2
12 127313904 2
12 127314923 2
12 127330633 0.6363
12 127345324 2
12 127345677 2
12 127384854 2
12 127389658 0.0933
12 127391378 0.2074
12 127416539 0.3393
12 127435096 0.66281204011038
12 127438129 0.191957593252051
12 127455434 0.765
12 127457688 0.7043
12 127459497 1.0015
12 127467793 0.7043
12 127470641 1.0369
12 127476874 2
12 127480808 1e-04
12 127481549 2
12 127482477 2
12 127482959 2
12 127483365 2
12 127483886 2
12 127484621 2
12 127485218 2
12 127485712 2
12 127489035 2
12 127489457 2
12 127489480 2
12 127491146 1.0938
12 127497877 2
12 127502618 2
12 127505843 0
12 127507116 0.3663
12 127513260 2
12 127522672 0.4053
12 127531522 0.6605
12 127552512 1.11280101330958
12 127554412 0.0731
12 127554815 0.0731
12 127558628 0.3811
12 127561106 0.5364
12 127561965 1.512
12 127562594 0.845335796310618
12 127568909 8e-04
12 127573307 0.240595596639463
12 127576800 1.2694
12 127581499 2
12 127585761 0.0261
12 127586135 1.2984
12 127611824 2
12 127612487 2
12 127619852 0.5996
12 127620247 2
12 127620302 2
12 127626178 2
12 127632506 0.478510751744595
12 127632660 2
12 127644408 2
12 127653469 2
12 127657874 2
12 127671749 0.788520351973863
12 127673752 2
12 127677933 1.3135
12 127679100 2
12 127691532 0
12 127696436 0.2719
12 127698619 1.1595
12 127699015 0.8567
12 127699660 2
12 127700515 0.2643
12 127701049 0.2643
12 127740040 3e-04
12 127740041 7e-04
12 127740117 0.0675575252621765
12 127766329 2
12 127772813 2
12 127776413 2
12 127783693 2
12 127788468 2
12 127791971 2
12 127817574 2
12 127856533 2
12 127893379 1.0609
12 127896281 1.0609
12 127896972 1.0609
12 127901886 0.058
12 127907929 1.3067
12 127909826 0.42632623566197
12 127912736 1.287
12 127913122 1.287
12 127920788 1e-04
12 127924003 1.2093
12 127927969 2
12 127932077 2
12 127942573 2
12 127947687 2
12 127948588 2
12 127951585 2
12 127972515 2
12 127973957 2
12 128009362 0.706271516218855
12 128042402 2
12 128043718 2
12 128061715 0.94410116492966
12 128068070 2
12 128070062 0.1041
12 128071257 0.1041
12 128072329 0.9015
12 128072510 0.9015
12 128079906 1.6152
12 128081486 0.291013589936742
12 128084018 0
12 128085413 0
12 128085632 6e-04
12 128088506 0.7162
12 128090256 1.18991925587848
12 128096945 0.235831471908159
12 128099813 0.19263419686935
12 128101018 1.1865760773303
12 128126617 1.6834
12 128127166 1.72700114386654
12 128127517 0.0424422296511777
12 128134864 2
12 128136887 2
12 128137230 2
12 128144921 1.74390633017364
12 128146076 0.155036866454098
12 128146627 0.180931252458591
12 128150903 2.8788
12 128151988 2
12 128156511 2
12 128177207 2
12 128181213 2
12 128182980 0.6515
12 128184936 2
12 128187947 0.4226
12 128194523 1.21702148029183
12 128197823 0.325916827129137
12 128206244 0.8002
12 128222342 0.613001749604673
12 128223428 0.712
12 128224817 0.275855124350556
12 128242541 2
12 128247267 2
12 128248890 1.70214518769716
12 128280569 2
12 128288404 2
12 128294575 0.6531
12 128295528 0.6531
12 128303625 0.211162520159598
12 128306194 2
12 128306437 0.157458796820205
12 128313457 0.379743355530016
12 128314727 0.277975325657763
12 128315818 2
12 128367155 1.9629
12 128376796 2
12 128393698 0.499670374844857
12 128406740 0.0386
12 128408557 2.01387348370338
12 128409414 0
12 128412952 2
12 128417042 0.662330809517333
12 128419154 1.10476008839279
12 128426801 2
12 128427422 2
12 128431608 2
12 128434915 2
12 128450702 2
12 128495148 2
12 128496390 2
12 128498375 2
12 128521609 0
12 128524012 5e-04
12 128531496 2
12 128536435 2
12 128539575 2
12 128542839 2.784
12 128543018 1.085
12 128573845 0.0263
12 128583294 2
12 128587482 0.7256
12 128587873 0.4367
12 128589133 0.7256
12 128598043 2
12 128632595 1.5593
12 128639230 2
12 128640068 0.944045876347031
12 128640884 2
12 128651005 5e-04
12 128664571 2
12 128665724 0.506533821733043
12 128667801 2
12 128682104 5e-04
12 128683149 0.612084604933804
12 128687350 1.0399
12 128697633 2
12 128701645 2
12 128705305 1.42140424666753
12 128732068 0.0804
12 128738335 0.979662465706729
12 128747583 0.172578970919153
12 128749542 1.21707220088631
12 128752328 2
12 128760743 2
12 128765040 0.141002647257014
12 128765139 1.16443825607555
12 128769982 1.5036
12 128771282 5e-04
12 128772879 2
12 128782151 2
12 128785334 0.8937
12 128788003 2
12 128789125 2
12 128792163 0.580412538006458
12 128800356 2
12 128803123 2
12 128803821 2
12 128820252 1.9097
12 128826798 1.743
12 128837529 2
12 128840385 2
12 128847513 2.185
12 128850242 2
12 128853748 2
12 128869939 0.293
12 128901279 0.9311
12 128903718 0.608725053305313
12 128931055 1.47244459553905
12 128935273 2.09803987118374
12 128937318 0.6224
12 128946845 2
12 128947817 2
12 128958130 2
12 128978623 2
12 128984335 2
12 128987922 0.0263
12 128992124 2
12 128992242 2
12 128992658 2
12 128998995 7e-04
12 129001079 7e-04
12 129005483 0.1575
12 129013413 0.1217
12 129016085 2
12 129016232 2
12 129018511 2
12 129022803 2
12 129025922 2
12 129046566 1.08454917055342
12 129062730 0.569886166643713
12 129066007 1.2495
12 129074876 1.2017
12 129075411 2
12 129088326 5e-04
12 129089516 5e-04
12 129106599 0.434064860123334
12 129108880 0.755
12 129109202 2
12 129109751 2
12 129120679 1.5357
12 129133098 0.440619992072324
12 129160730 2.91653449824753
12 129165626 0.494312488579578
12 129175952 2
12 129176745 0.4613
12 129176878 0.4613
12 129179714 0.4613
12 129187158 0.4613
12 129213501 0.4891519976483
12 129222892 0.6209
12 129233283 1.49609345629702
12 129240928 2
12 129242124 2
12 129243595 2
12 129251681 0.544299898675937
12 129254051 2
12 129268382 2
12 129285407 1.2299
12 129311544 2
12 129321903 0.1246
12 129367189 2
12 129367883 2
12 129370377 1.20580213493625
12 129388145 2
12 129399327 0.0897
12 129400390 2
12 129409319 0.6168
12 129410317 0.9358
12 129410807 0.2002
12 129412512 0.2002
12 129418693 2
12 129420856 0.877060650980184
12 129425219 1.0191
12 129425834 2
12 129426367 0.8088
12 129427022 0.8088
12 129429826 1.1644
12 129434918 1.1948
12 129442819 1.2424
12 129457629 1.17636414725463
12 129463469 1.79409607650957
12 129465644 1.1161
12 129465743 0.162896751908135
12 129466300 1.0337623576284
12 129474742 0.545131474660653
12 129478058 2
12 129480501 2
12 129492909 0.4038
12 129501270 0.4038
12 129508231 2
12 129508588 2
12 129510859 2
12 129511057 1.02320221602697
12 129514444 0.451875370616351
12 129515819 0.549499683564498
12 129519417 2
12 129519601 2.2265
12 129521645 0.525357314633091
12 129522811 2
12 129527290 2
12 129528761 2.68861546735802
12 129532178 0.548765621350325
12 129534474 2
12 129536199 2
12 129553451 0.1109
12 129557560 0.589903439397456
12 129569678 2
12 129574607 2
12 129575222 0.2388
12 129576430 0.5855
12 129579709 1.43018601721998
12 129589681 0.0767547960254678
12 129592845 0.269685498369265
12 129594171 0.424724857623191
12 129604260 0.0055449977386216
12 129610387 1.3049
12 129615805 0.3711
12 129625770 1.02960976841632
12 129627134 2
12 129664140 2
12 129665499 2
12 129667650 2
12 129670453 2
12 129691874 0.7332
12 129695171 0.7332
12 129720376 2
12 129721465 0.0684
12 129722157 0.0684
12 129723433 0.0684
12 129749289 0
12 129770608 2
12 129785032 2
12 129786342 0.507360728858981
12 129793602 0.0705589430825059
12 129793857 1.03696630117619
12 129794726 1.0081
12 129795813 0.253739375562811
12 129815208 1.6786033489776
12 129818337 0
12 129818708 5e-04
12 129819227 0.564729025924641
12 129828630 1.0825
12 129832018 0.375176136165485
12 129834217 1.37723021922019
12 129835561 0.717744727955272
12 129835785 0.2877
12 129836318 2
12 129848274 0
12 129848301 1.72807610910888
12 129852214 0.737258626482324
12 129862095 0.215084736343848
12 129862294 0.529170293762166
12 129872147 0.661338345152051
12 129900643 2
12 129912622 1.303
12 129912862 0
12 129922383 1.6021
12 129930949 2.3184
12 129956224 2
12 129974195 2
12 129976209 2
12 129978068 1.4516
12 129980621 0
12 130003380 0.472911347851409
12 130013268 2
12 130031045 0
12 130031171 2
12 130033006 1.19903084565229
12 130033401 0.394653774480192
12 130035640 2
12 130039311 2
12 130040060 2
12 130042657 2
12 130042709 2
12 130044396 0.69565978394489
12 130065664 2
12 130068623 0
12 130079377 1.9099
12 130079479 2
12 130082636 0.378751222295897
12 130082804 2
12 130089713 2
12 130089742 1.1399
12 130110899 2
12 130116940 2
12 130121731 0.0386
12 130127137 2
12 130129277 2
12 130133092 2
12 130138691 0.3884
12 130139477 1.03732428995287
12 130141011 0.988971599674416
12 130147038 1.40680322964846
12 130148326 0.785706364484735
12 130154017 0.3097
12 130154467 1.5293
12 130155011 8e-04
12 130157758 5e-04
12 130158009 1.3548
12 130178084 0.726896292529675
12 130186079 0.6361
12 130229847 1.0936
12 130240988 2
12 130257868 2
12 130261113 2
12 130303468 1e-04
12 130306239 0.4137
12 130306300 0.4312
12 130306328 0.4312
12 130318705 1.7417
12 130319464 1.2021
12 130337771 2
12 130338300 2
12 130339538 2
12 130380980 1.3016
12 130381555 0.022
12 130383336 0.0056
12 130401055 0.2306
12 130403323 0.3242
12 130423277 0.1722
12 130425232 1.2958
12 130436610 1.2497
12 130438743 0.824461162803878
12 130448207 1.10645034141433
12 130457384 2
12 130458307 2
12 130464302 2
12 130465261 2
12 130473601 0.641493283806469
12 130480663 1.544
12 130480903 2
12 130481376 2
12 130483239 1e-04
12 130485499 2
12 130488968 0.6597
12 130499986 2
12 130505346 2
12 130507414 0.9236
12 130530477 5e-04
12 130531813 0.1748
12 130532712 0.784312351315888
12 130532788 0.0054
12 130535450 2
12 130535636 1.3231
12 130537465 2
12 130551552 0.2881
12 130556518 0.8263
12 130569675 2.13657388095058
12 130569966 0.503655492271388
12 130572411 0.519887779443544
12 130580801 2
12 130595680 0.0944
12 130596544 2
12 130607577 2
12 130608038 2
12 130616232 0
12 130621319 0.2954
12 130622493 0.9766
12 130623296 0.9346
12 130642614 0.0458494991209032
12 130644820 0.6857
12 130646433 0.181115194931976
12 130646478 3.5902
12 130658817 2
12 130660150 2
12 130660426 2
12 130661537 2
12 130661615 2
12 130663914 2
12 130664383 2
12 130665218 2
12 130667144 0.0339906573230102
12 130668713 0.2668
12 130672554 0.2791
12 130703836 2
12 130716827 2
12 130717113 2
12 130717133 2
12 130717367 2
12 130728262 0.959114011762324
12 130733140 0.0613496255162999
12 130733326 1.4898
12 130735471 5e-04
12 130736452 0
12 130742711 2
12 130746540 0.1282
12 130748095 1.0789
12 130749863 0.1405
12 130753953 0.2217
12 130761081 0
12 130763143 2
12 130778005 2
12 130781803 0.0263
12 130784152 2
12 130785406 2
12 130792602 0.0348
12 130798250 0.0078
12 130803339 0.662679728870346
12 130805604 0.4431
12 130818506 2.6446
12 130820239 0
12 130835625 2
12 130835913 2
12 130838174 0.4611
12 130841713 1.2154
12 130841904 1.2154
12 130842475 1.2154
12 130843754 1.2246
12 130844359 0.00890847614038945
12 130848372 1.2154
12 130849809 1.2154
12 130851187 1.2154
12 130852907 1.2154
12 130853757 1.2154
12 130854157 1.3638
12 130854395 1.3638
12 130855139 0.7426
12 130858121 1.3261
12 130865715 2
12 130868535 0.7426
12 130880273 2
12 130890132 2
12 130894123 2
12 130901085 0.0078
12 130903181 1.0888
12 130912884 5e-04
12 130915580 1.0785
12 130916162 0.5307
12 130917255 0.257410646642583
12 130924200 0
12 130927294 0.3448
12 130930726 2.76574509324308
12 130935470 0.1552
12 130941963 0.763347426487472
12 130969154 1.9041
12 130975722 2
12 130996413 1.23122583840261
12 130999730 1.26721495597478
12 131001700 1.43664092938083
12 131002378 0.0667976183340546
12 131007743 0.670964078967586
12 131032029 1.0035
12 131036293 1.21799290315806
12 131036681 2
12 131036984 0.97059043951861
12 131037136 1.0035
12 131044719 0.286321797271567
12 131045883 1.16450127304894
12 131052272 0.5938
12 131055115 0.5938
12 131059886 0.0716
12 131060352 0.0716
12 131084130 0.0897446187035199
12 131085497 0.0902
12 131087727 0.0263
12 131089265 0.835615521357731
12 131092493 0.7215
12 131097244 5e-04
12 131108961 1.62853282196968
12 131117682 1.2337
12 131129163 1.79063923668683
12 131130768 1.89009775781693
12 131143707 0.49216030044856
12 131144069 0.00340901304264158
12 131145889 0.750183345338242
12 131145894 0.290581502790114
12 131150470 0.523213924197522
12 131152421 0.0898
12 131152939 1.2699
12 131172420 1.268
12 131215495 0.0273
12 131220576 2
12 131228120 2
12 131255997 2
12 131262124 2
12 131266666 2
12 131267213 2
12 131275848 2
12 131276434 2
12 131278222 0.5831
12 131283178 1.12912462137427
12 131318061 0.785770144391262
12 131320102 0.7114
12 131329476 1.1971
12 131331148 0.7114
12 131332617 1.29905632274971
12 131346542 0.715072911178329
12 131348665 2
12 131362418 0.2549
12 131378824 2
12 131390134 2
12 131393488 5e-04
12 131397039 2
12 131398142 2
12 131401916 2
12 131407244 2
12 131420611 2
12 131422516 2
12 131426896 2
12 131433023 2
12 131437520 2
12 131441587 2
12 131441946 2
12 131449062 2
12 131454973 2
12 131459853 2
12 131460522 2
12 131463875 2
12 131472205 2
12 131474010 2
12 131476046 0.2902
12 131476423 2
12 131505367 0.348520258267558
12 131507917 0.624013537120699
12 131513084 2e-04
12 131513096 2
12 131513100 2
12 131524258 2
12 131535068 0.1676
12 131539503 3.0698
12 131545849 2
12 131548149 0.233607096168568
12 131558869 0.0966157593509181
12 131565640 0.0684
12 131570146 2
12 131570671 0.666637639475365
12 131571765 2
12 131574259 2
12 131579661 2
12 131579878 2
12 131582652 0.49649230164867
12 131584842 0.0861763137740104
12 131594451 0.655899141356386
12 131619500 0.0121
12 131629478 1.03848167863758
12 131630157 2
12 131631561 1.01995571677864
12 131638760 0.7027
12 131649296 5e-04
12 131649548 2.64610795519816
12 131653060 1.2507
12 131666998 2
12 131686431 8e-04
12 131693529 0.9781
12 131693605 0.562047023281277
12 131704927 0.1248
12 131730255 0.2323
12 131732902 0.692213838278955
12 131746931 2
12 131749062 1.1704
12 131762202 1.4226
12 131768631 1.3958
12 131768680 1.4226
12 131781489 1.4284
12 131783016 1.4226
12 131787871 0.316726345081898
12 131793910 1.64787831831418
12 131795482 0.330791297702733
12 131801462 0.781904134813644
12 131801573 0.0072
12 131805960 0.456286498128587
12 131807802 2.00820444141148
12 131811439 0.30891123053219
12 131814784 0.552409291370797
12 131817739 1.2944
12 131831507 1.4508
12 131832124 2e-04
12 131833446 1.3281
12 131839876 2
12 131847039 2.2998
12 131849282 0
12 131873120 0.654415754762951
12 131917308 0
12 131918863 5e-04
12 131918957 1.7814
12 131920665 0.0698
12 131926438 0.0081
12 131926440 0.0087
12 131936650 0.198583724063475
12 131937699 0.323
12 131952674 2
12 131955754 0
12 132027884 0.773915538254572
12 132089486 0.953861421764676
12 132090979 0.219336285892604
12 132107949 0.677026193121281
12 132122341 0.702700181728593
12 132130125 0.707676338114853
12 132134849 0.2732
12 132141217 3.1145
12 132155290 2
12 132155752 2.6472
12 132158520 0.430454621108277
12 132165607 2
12 132181623 0.873162428147067
12 132194018 0.7068
12 132198527 0.210545352547851
12 132210503 2
12 132218137 2
12 132219795 0.498650060443166
12 132244708 5e-04
12 132256731 0.87335921382779
12 132257005 0.37764470494253
12 132273245 2.4647
12 132284100 2
12 132295855 0.301674701008934
12 132295923 0.848087030071491
12 132303221 0.956
12 132303539 1.63915921673897
12 132303566 0.470219373128147
12 132304441 5e-04
12 132304451 2e-04
12 132305158 3.0415
12 132305408 5e-04
12 132305623 2
12 132307753 2
12 132310492 0.1464
12 132317872 2
12 132321225 0
12 132322660 2
12 132325042 0.4564
12 132337968 0.9284
12 132338866 0.9583
12 132340083 0.974
12 132365438 0.72598343378904
12 132383146 2.03675185790128
12 132383359 0.879457903402767
12 132388105 0.114024778841778
12 132388651 2
12 132392954 2
12 132394422 2
12 132411378 3e-04
12 132414997 0.297978852281999
12 132418204 1.73234851010642
12 132420442 2
12 132422807 1.35678648185177
12 132423101 0.2151
12 132427331 0.60437035083883
12 132428205 2
12 132429644 0.17358926681872
12 132432636 2
12 132434067 0.490949503447459
12 132436313 2
12 132445083 2.49269952109977
12 132447918 0.5916
12 132451163 2
12 132463977 2
12 132464127 0.1463
12 132464592 1.68461611525781
12 132470651 2.4032
12 132470757 2e-04
12 132474101 2
12 132474929 0
12 132491403 1.26824318149794
12 132511704 0.5078
12 132533200 0.350105747058149
12 132536164 0.742331591733703
12 132540411 0.2912
12 132543240 0.530543687422517
12 132557935 0.0389
12 132562785 1.57923149138127
12 132563343 1.11240302762796
12 132569830 0.0796454460771509
12 132571673 1.32
12 132581963 2.1357
12 132587227 2
12 132590917 2
12 132593722 1.0749881183764
12 132596473 0.1355
12 132598137 5e-04
12 132605451 0.1026
12 132629580 0.0566
12 132629709 0.3943
12 132633162 2
12 132636106 2
12 132636388 0.3553
12 132636535 0.0566
12 132643403 1.4395
12 132643735 2
12 132643940 1.1148
12 132645128 0.945970260031017
12 132658991 2
12 132682311 6e-04
12 132694525 1.7768003049368
12 132698464 0.337415281318798
12 132698664 0.406953720493916
12 132705718 0.349052165150942
12 132710308 1.2843
12 132710735 1.2843
12 132710873 2
12 132715491 2
12 132727587 1.1116
12 132727595 0.0487794293549472
12 132730124 1.412
12 132732350 2
12 132736573 2
12 132742603 1.4411
12 132747630 0.488801724908836
12 132748766 2
12 132758657 2
12 132765171 2
12 132779175 1.5459
12 132788600 1.9794
12 132794955 0.913900849733895
12 132795185 0.2133
12 132811873 0.4114
12 132818452 0.304836418291184
12 132824727 2
12 132839152 1.4701
12 132844323 2
12 132844506 0.609529138267081
12 132844539 0.1556
12 132845629 2
12 132855233 1.9652
12 132873251 0.717847982796324
12 132882653 1.3992
12 132883446 1.3992
12 132888526 2
12 132893754 1.3992
12 132916933 0.1944
12 132927397 1.08862684528807
12 132937379 0.605059132457414
12 132940064 0.178562390690086
12 132941683 2.993
12 132947177 2.993
12 132947317 2
12 132949148 2
12 132954449 0.0078
12 132954733 2
12 132966580 2
12 132968980 0.166542669042906
12 132970456 1.25792658071433
12 132977020 0.918316196086575
12 132977210 2.998
12 132981420 2.998
12 132981546 2.998
12 133017926 2
12 133031362 2.998
12 133038856 0.0854591677625335
12 133067260 0.652457763560845
12 133075630 0.3012
12 133075694 1.27465268546698
12 133096048 2
12 133100829 0.0712
12 133101471 0.395667427389724
12 133125140 1.13373589479046
12 133128459 1.7743143522128
12 133160725 1.63950000574802
12 133161672 1.14704587119487
12 133171249 0.00560308869068178
12 133171550 0.00029506232064332
12 133185078 0.777320627610923
12 133185639 1.96309263022889
12 133198356 2.051
12 133199837 2.83939302446698
12 133204265 0.714394776527048
12 133204645 2.051
12 133212514 0.765066667517517
12 133223197 0.1538
12 133235119 0.0086
12 133243091 1.09200298494173
12 133246513 1.15285568844446
12 133264971 0.4555
12 133265025 0
