chr pos logPval
4 10115 1e-04
4 101374 2
4 113662 2
4 121772 2.9906
4 124493 2
4 131733 2
4 143482 2
4 154494 2
4 174091 0.0913
4 185342 1.0814
4 205497 0.0516
4 209922 2
4 210044 2
4 233593 2
4 238743 2
4 251163 2
4 263062 1.0814
4 266421 2
4 267367 2
4 273648 2
4 283194 2
4 293257 2
4 294285 2
4 298580 2
4 307288 2
4 313936 2
4 328237 0.629
4 335117 0.8965
4 343685 0.4921
4 363880 0.7876
4 366237 0.4921
4 384044 0.4921
4 403258 0.6505
4 415223 3.4219
4 456050 3.4219
4 460627 0.9154205080605
4 484977 0.6086
4 488800 0.7893
4 490870 5e-04
4 522797 0.8179
4 649460 2
4 700047 0.517
4 710813 0.8391
4 716175 0.2142
4 722760 0.5936
4 731651 0.761312597582643
4 732413 1.18224120086069
4 732533 0.9951
4 736045 0.0444
4 736483 0.485394466775115
4 738851 5e-04
4 747881 1.18668899013183
4 751051 0.4593
4 756157 1.03599333744354
4 759958 1.08308008240957
4 762898 0.7105
4 765547 2
4 765586 2
4 786859 0.289316041646834
4 787213 2
4 787352 0.69278256758824
4 789442 2
4 792720 2
4 794934 0.7504
4 813546 2
4 818965 1.40058090227463
4 826399 0
4 826488 6e-04
4 829305 0.21680219479461
4 829841 0.5782
4 846546 0.980878376311778
4 865078 0.1309
4 865760 0.714000890886153
4 865769 1.14720461934807
4 867008 1.8037
4 869740 1.07804130421817
4 883921 0.761982899254791
4 884525 0.0373
4 888108 0.7064
4 900125 0.219120044245362
4 907884 1.58358256162834
4 923910 0.924613431672194
4 926974 5e-04
4 960953 0.7064
4 973543 2
4 976303 0.6737
4 977708 0.873916476602473
4 1000664 3.04733937665807
4 1009810 0.818363309930928
4 1029474 0.416
4 1036122 2
4 1036586 0.1187
4 1039897 2
4 1046581 6e-04
4 1053794 0.128666005227642
4 1060570 0.1466
4 1061818 0.1466
4 1064570 2
4 1074990 0.1466
4 1077279 0.1466
4 1078432 2
4 1092975 0.1466
4 1093278 2
4 1095859 1e-04
4 1121121 2
4 1128207 0
4 1134184 2
4 1146168 2
4 1146743 2
4 1155089 2
4 1169944 2
4 1183051 2
4 1183240 8e-04
4 1186160 1.3065
4 1194399 0.3311
4 1202105 2.8716
4 1237746 2.1804
4 1244575 0.0184632569595
4 1254569 0.1226
4 1257716 0.319493781943299
4 1268451 0.114623397242221
4 1270568 0.5366
4 1277865 0.5366
4 1284038 0.5366
4 1295759 5e-04
4 1296392 1.9867
4 1297458 1.0627
4 1300209 0.644335493417089
4 1320554 1.0557882255337
4 1321335 1.1827
4 1340731 2
4 1341246 0.04663094854629
4 1342622 2
4 1347293 2
4 1350120 1.1369
4 1372837 6e-04
4 1376582 5e-04
4 1379151 0.2724
4 1395313 2
4 1395368 0.0383
4 1399754 0.2306
4 1415369 0.497951994608705
4 1424632 0.249793102035578
4 1426991 0.0626929209232049
4 1448066 1.06022967506395
4 1450692 1.2849466017319
4 1456265 5e-04
4 1457748 2.58186046407023
4 1458168 2
4 1470722 0.481510024708033
4 1472999 5e-04
4 1475886 1.3462210521151
4 1486680 1.6556
4 1490846 1.8408
4 1496448 2
4 1504671 2
4 1512013 2
4 1515715 2
4 1516038 2.0914
4 1519230 2
4 1526919 1.51223542083059
4 1536448 0.3975
4 1543160 0.3473
4 1543282 0.334907912692029
4 1545366 0.392727766008198
4 1546961 1.376
4 1547017 0.36333928097535
4 1547095 0.689792306046701
4 1547130 1.1112
4 1550422 2
4 1556157 2
4 1564437 1.1394602654379
4 1568701 1.13479517049374
4 1568748 5e-04
4 1568767 5e-04
4 1570557 0.6364
4 1571637 2
4 1575914 2.7548
4 1582913 0.0758
4 1589984 2
4 1596641 0.4
4 1597838 0.4357
4 1606497 0.4
4 1619395 0.4909
4 1619797 0.3894
4 1621636 0.3894
4 1621945 0.3613
4 1621990 0.4182
4 1653459 0.5398
4 1672347 0.2572
4 1677044 0.2485
4 1680024 0.0866
4 1683484 2
4 1685122 2
4 1692458 2
4 1695610 0.490823160477757
4 1697785 0.207623287452333
4 1698410 2
4 1700301 1.0064
4 1712730 2
4 1714664 2
4 1715043 2
4 1715579 2
4 1723958 1.0064
4 1726935 2
4 1729618 0.9404
4 1729700 2
4 1730149 2.4474
4 1731251 2
4 1732004 0.9404
4 1736402 2
4 1743559 0
4 1743618 2
4 1746342 2
4 1749188 5e-04
4 1749234 5e-04
4 1781401 0.5676
4 1802097 0.9477
4 1860661 2e-04
4 1893244 0.318916806547267
4 1895160 2.8714
4 1946923 2.0617
4 1951580 2.0617
4 1999870 2
4 2020647 2
4 2022592 0.679066612879391
4 2033311 1.9814
4 2039561 2
4 2055316 0.501635312771597
4 2058445 2
4 2101369 2
4 2164540 0.0717
4 2165658 2
4 2173278 1.3933
4 2174299 1.1191
4 2174310 1.1191
4 2175188 1.1191
4 2175575 2.4916
4 2176422 1.1191
4 2185447 1.1191
4 2193362 1.1191
4 2193453 1.1191
4 2194023 1.1191
4 2216330 2
4 2259085 2
4 2268755 2
4 2270098 1.5746
4 2275700 2
4 2285710 2
4 2293019 2
4 2293646 2
4 2295336 2
4 2319818 0.6759
4 2323774 0.6413
4 2331263 2
4 2337028 0.359326708510409
4 2338901 2
4 2342124 1.32022553544486
4 2346678 2
4 2358075 2
4 2367564 2
4 2369401 2
4 2372932 2
4 2373992 2
4 2375416 2
4 2376042 2
4 2380030 2
4 2384412 2
4 2385611 2
4 2386214 2
4 2395730 2
4 2396121 1e-04
4 2396725 2
4 2398304 2
4 2401638 2
4 2411240 2
4 2418971 0.5162
4 2424730 2
4 2428508 2
4 2428571 2
4 2433803 2
4 2437202 2
4 2445228 2
4 2451206 0.1284
4 2451497 1.0035
4 2453391 0.9315
4 2470075 2
4 2470247 1.0529134865915
4 2475554 2
4 2490464 1.6062
4 2495646 5e-04
4 2500572 2
4 2502630 2
4 2505527 0.855347059951911
4 2505584 2
4 2515720 0.0107
4 2529205 0.963231452657175
4 2531171 2
4 2565569 0.421432009702118
4 2597996 2.2286
4 2602999 1.9266
4 2609139 2
4 2647335 0.332610114711799
4 2664549 0.159190968502639
4 2693046 1.50420239860993
4 2701374 0.6059
4 2704972 1.7528
4 2712755 0.266986203182476
4 2714031 0.405398614178778
4 2715681 1.7528
4 2717331 1.5706276821507
4 2719472 1.75429527373955
4 2728983 1.19033335486173
4 2733132 1.60854330229903
4 2755185 0.438218258766113
4 2758303 0.666141371761743
4 2765422 0.6059
4 2782646 0.704392921722578
4 2800682 0.9006
4 2803045 0.793
4 2811776 1.70181110719671
4 2823121 1.1662
4 2826312 2
4 2826412 2
4 2827711 0.9805
4 2828875 0.0702947920133303
4 2829656 0.412366158603139
4 2839513 0.970111572609814
4 2846302 2.4263
4 2848546 2.4263
4 2854486 2.0202
4 2868202 2.4263
4 2885835 0.3806
4 2910336 0.3358
4 2917206 2.2627
4 2936924 0.3981
4 2942609 2
4 2953418 2
4 2958703 0.5928
4 2959836 0.6437
4 2960822 5e-04
4 2964130 2.0005
4 2979570 0.5318
4 2983034 0.5318
4 2996754 0.5318
4 2998077 0.5318
4 3012592 2
4 3013362 2
4 3014297 2e-04
4 3015327 2
4 3022763 2.0202
4 3030801 0.3307
4 3037743 0.3123
4 3042803 2
4 3044446 0.3123
4 3065506 1.6996
4 3074009 1.6394
4 3076520 1.6394
4 3083556 5e-04
4 3132184 1.0035
4 3150270 2
4 3155647 1.166
4 3184517 2
4 3239579 1.4159
4 3245374 2
4 3268761 1.51894934422747
4 3273346 0.968413522575463
4 3280072 0.9562
4 3292598 2
4 3292655 2
4 3296016 0.342443708031765
4 3299661 0.145232581218468
4 3301992 0.122824779235265
4 3304012 0.475859583876171
4 3309343 0.107590122103635
4 3309627 2.14207193321156
4 3313239 0.725783619019517
4 3341500 1e-04
4 3357401 3.1206
4 3367372 0.503265903950855
4 3375334 0.101919992451667
4 3388084 2
4 3403748 2
4 3435359 2
4 3476276 0.3082
4 3478815 2
4 3482992 2
4 3484033 2
4 3491413 2
4 3492708 0.3903
4 3493171 2
4 3494478 0.11155070031843
4 3500197 0.202168874235955
4 3504713 0.723693042407006
4 3507426 2
4 3510963 0.650754000429503
4 3512107 2
4 3518754 1.24340421225733
4 3522616 2
4 3525059 2
4 3534148 2.06042581740732
4 3537856 1.34795212978406
4 3538614 2.37153232429773
4 3538833 5e-04
4 3550046 0.8548
4 3561489 2
4 3564058 2
4 3568024 0.218748993603356
4 3573663 1e-04
4 3573683 1e-04
4 3579851 2
4 3582332 2
4 3598626 0.9912
4 3599101 5e-04
4 3599578 1.0384
4 3608301 0.441
4 3616467 2
4 3617423 1.694
4 3624134 1.7354
4 3626056 1.4649
4 3637579 0.742820280521835
4 3642808 0.789128677892619
4 3668071 1.0823
4 3678575 1.1677
4 3689464 0.429679894971473
4 3700247 3.068
4 3704535 2
4 3717936 2
4 3730475 1.5581
4 3758261 0.7999
4 3763401 0.722724104241294
4 3775161 1.0516
4 3777446 0.7178
4 3786641 0.212526197141306
4 3794949 2
4 3796855 2
4 3800515 0.9946
4 3805680 2
4 3807104 2
4 3810462 0.0327259239271992
4 3813169 0.443963527343408
4 3821984 2
4 3824518 2
4 3826176 0.175441712430315
4 3827270 0.378
4 3832141 2
4 3841474 0.135
4 3842617 2
4 3856501 1.15370110044782
4 3858885 2
4 3860823 0.691256602636716
4 3861561 1.8857
4 3884582 0.7787
4 3884998 0.7787
4 3891794 1.1277
4 3894908 1.1277
4 3902964 1.96906165688979
4 3903314 1.058
4 3905470 1.058
4 3910637 1.0635
4 3915941 2
4 3920755 2
4 3921680 0.91819632432765
4 3926058 0.0884929798444351
4 3933587 2
4 3937474 0.366338007233605
4 3939158 1.31251653247206
4 3940285 2
4 3940568 2
4 3953337 0.994063296846017
4 3960842 0.640721751770227
4 3966917 2
4 3972819 2
4 3979297 0.254922663770531
4 3981344 2
4 3982436 2
4 3983591 2
4 4003021 0.1398
4 4009508 2
4 4012711 0.1597
4 4014307 0.109
4 4022449 0.0712
4 4025648 0.5395
4 4026224 0.0396
4 4029521 1.27466616391836
4 4030543 0.457544507359602
4 4037991 2
4 4040322 2
4 4045397 0.0453
4 4047810 2
4 4051493 2
4 4052688 2
4 4053626 0.478918831545459
4 4055310 2
4 4060608 0.6771
4 4060995 2
4 4062083 0.0453
4 4065191 0.0453
4 4067407 2
4 4068388 2
4 4068550 1.8628
4 4073117 2
4 4074002 2
4 4078750 2
4 4091155 0.31766756697693
4 4092351 0.260625802061506
4 4094658 2
4 4098065 0.516783003204879
4 4103586 2
4 4119364 2
4 4119853 2
4 4121543 2
4 4125541 2
4 4126003 2
4 4128028 2
4 4131935 2
4 4146482 2
4 4148094 2
4 4154687 2
4 4158452 2
4 4160968 0.9691
4 4165226 2.2356
4 4167365 0.9751
4 4174182 0.10691668430359
4 4174280 2
4 4178488 0.7061
4 4180944 0.7061
4 4181225 2.32866952069313
4 4182137 0.202
4 4183895 0.0813363400473676
4 4194318 1.44117873191648
4 4202572 1.01267771808763
4 4205226 2
4 4208733 2
4 4218879 2
4 4223634 0.2119
4 4228659 0.3612
4 4230350 0.2976
4 4243599 2
4 4243922 2
4 4247687 2
4 4248247 2
4 4251347 0.0804
4 4252037 2
4 4252734 2
4 4252740 2
4 4257325 2
4 4259605 0.2811
4 4264389 1.0848
4 4264848 0.7215
4 4266402 0.0796523249789935
4 4279162 0.549011286444205
4 4281237 0.412857845410608
4 4283538 0.448043130773385
4 4284621 0.454043604074879
4 4286441 3.06888874628652
4 4289790 1.32398909733649
4 4296872 0.1408
4 4301816 0.268526862662171
4 4304087 0.438938605433845
4 4304140 1.81005103248656
4 4316050 0.176656388740735
4 4326764 0.056570202766896
4 4336261 2
4 4338272 2.0736906436862
4 4349188 2
4 4350838 0.453901957144382
4 4352738 1.3305
4 4354103 1.19499792066222
4 4361194 2
4 4367673 2
4 4370233 2
4 4373516 0.1525
4 4375440 1.38701761133482
4 4379702 1.87055817026815
4 4385212 2
4 4397966 2
4 4402722 2
4 4411148 2
4 4428417 2
4 4471489 2
4 4472108 2
4 4494554 1.758
4 4503482 2
4 4508027 1.7923
4 4520188 1.7923
4 4539151 2
4 4551191 2
4 4555295 2
4 4574956 2
4 4577672 1.0815
4 4606646 0.881699318839403
4 4611875 2
4 4635789 0.5064
4 4649336 0.124755188794928
4 4651066 0.794049030954562
4 4670678 0.233286316573921
4 4673387 0.495603340033836
4 4680799 0.410040869381656
4 4684111 2
4 4687215 2
4 4687859 2
4 4697917 3.1207
4 4698546 2
4 4700618 2
4 4702818 1e-04
4 4702824 5e-04
4 4702885 1e-04
4 4703851 2
4 4721702 0.225531814590953
4 4727493 1.4791245478631
4 4737574 1.13300336135291
4 4738512 0.208655168103206
4 4743999 2
4 4751480 2
4 4771753 1.20088428582534
4 4793326 2
4 4795878 0.200134270983168
4 4798004 2
4 4807985 0.2048
4 4812358 2
4 4817838 2
4 4819556 2
4 4819991 2
4 4830837 0.6289
4 4832621 2
4 4846078 2
4 4846622 2
4 4851140 0.720755343810204
4 4855954 1.4544
4 4858958 0.848356648828001
4 4863419 0.3076
4 4874199 2
4 4877046 0.94689174053766
4 4889111 2
4 4890325 2
4 4891428 1.4074
4 4915012 0.751777794848581
4 4917586 1.02836844585134
4 4920488 2
4 4922542 1.3393
4 4927759 2
4 4928839 0.563684153007899
4 4931500 1.96316859495289
4 4961200 0.532406387991098
4 4986735 2
4 4989116 2
4 5005165 1.3682981279347
4 5007787 0.70103011480648
4 5012492 0.0904982585795875
4 5019359 2
4 5033860 2
4 5054047 0.5474
4 5058698 2
4 5062540 2
4 5072892 2
4 5077062 0.501
4 5082071 0.676
4 5088118 0
4 5090695 2
4 5094370 0
4 5100777 2
4 5100787 2
4 5102904 0.474887050536937
4 5113732 2
4 5133059 0.4738
4 5134588 2
4 5151254 0.0102729686756094
4 5152946 0.064293305089971
4 5153627 0.2375
4 5157405 0.8394
4 5159450 2
4 5160662 0.0155542756106306
4 5162602 2
4 5179627 0.6013
4 5190806 2
4 5192753 2
4 5217612 2
4 5218832 0.3995
4 5228157 0.0041
4 5229222 2
4 5230821 0.0582842305903085
4 5235566 0.0217
4 5242790 2
4 5272490 2
4 5274851 2
4 5284400 2
4 5298723 2
4 5299418 2
4 5301243 2
4 5301291 2
4 5301779 2
4 5310144 2
4 5314717 2
4 5316256 5e-04
4 5319207 2
4 5321576 5e-04
4 5322195 2
4 5335064 2
4 5336121 2
4 5339873 2
4 5357096 2
4 5395128 2
4 5402554 1.6326
4 5405524 2
4 5411798 0.994290930044701
4 5425025 1.58351337378501
4 5430162 2.24871110970268
4 5435063 2
4 5436033 0.248387551802258
4 5445700 2.0406
4 5448972 0.3301
4 5451547 2
4 5452518 0.439411236445518
4 5461623 0.1832
4 5471706 2
4 5479130 2
4 5490728 0.0217
4 5492908 2
4 5494792 2
4 5498979 2
4 5508293 5e-04
4 5512303 2
4 5516149 2
4 5536982 2
4 5547670 2
4 5551231 2
4 5551635 0.0053
4 5555581 2
4 5568494 2
4 5574024 2
4 5574413 2
4 5576631 1.4589
4 5587195 0.667433206503182
4 5592238 0.6112
4 5593591 1.0959
4 5594521 1.0959
4 5599900 1.0959
4 5614876 2
4 5617506 2
4 5622943 2
4 5627571 2
4 5635748 0.308
4 5636875 2
4 5640885 1.3545
4 5642651 2
4 5649877 0.0278
4 5651806 0.4797
4 5655316 2.2072
4 5657164 0.0455
4 5659512 2.3421
4 5664249 0.2154
4 5666856 2
4 5671174 2
4 5674738 0.0455
4 5682500 2
4 5684602 1.01268060179715
4 5691632 1.99703392645069
4 5701390 2
4 5702126 0.0379120594734978
4 5704364 0.397258648553453
4 5717547 0.551378321513787
4 5720203 2
4 5723835 2
4 5726023 2
4 5735105 1.6811273006187
4 5748357 2
4 5748500 2
4 5749049 0.6759
4 5749368 0.8251
4 5752532 0.0790666221709496
4 5757620 2
4 5761502 1.96574739951031
4 5762122 0.322809014563572
4 5762146 0.066660581537806
4 5767005 1.3227
4 5767701 0.736124147208355
4 5768053 1.16369137923219
4 5769717 0.7491
4 5777056 1.6362
4 5794207 2
4 5794283 0.347955223888712
4 5797736 2
4 5806946 2
4 5812255 0.3078
4 5813454 2
4 5813717 1.13458924254744
4 5815311 2
4 5817557 2
4 5826536 0.751021825752722
4 5831933 2
4 5855183 0.1842
4 5863634 1.360369178902
4 5868269 1e-04
4 5869861 0.0840899097713922
4 5871246 2
4 5876744 2
4 5893574 1.3008
4 5920393 0.457869636654556
4 5924974 2
4 5926460 2
4 5928306 0.0643
4 5936549 2
4 5945948 2
4 5946816 2
4 5946913 0.926033894989535
4 5949394 2
4 5961467 0.510773447531255
4 5961738 2
4 5965692 2
4 5966557 2
4 5968465 2
4 5969355 2
4 5974373 0.0885539905264734
4 5986510 2
4 5990280 2
4 5991469 0.403581034159131
4 5996690 2
4 6001103 2
4 6003285 0.5036
4 6004581 0
4 6011034 1.08712633082771
4 6027073 2
4 6032558 2
4 6054620 2
4 6068850 2
4 6088558 2
4 6112694 2
4 6116234 2
4 6116274 2
4 6128563 0.052526364018254
4 6133990 0.1062
4 6134181 0.1318
4 6135336 0
4 6154116 5e-04
4 6174835 2
4 6196859 0.0077
4 6207724 2
4 6220864 0.0337885309118648
4 6224483 0.225830987525929
4 6269316 0.309844416529441
4 6269344 0.189955407761165
4 6280430 0.350742464246422
4 6292397 1.88044763469871
4 6293966 0.262664037497615
4 6296648 2.46815141987339
4 6314911 2
4 6318315 2
4 6321738 0.44676125669474
4 6325342 2.1903
4 6339421 0.677571813303164
4 6339689 0.904239824222051
4 6350231 0.638591758744402
4 6355256 1.12943354301609
4 6355282 1.06295536509331
4 6355836 1.27315470131191
4 6358585 0.0273
4 6358645 5e-04
4 6359440 1.05562796826028
4 6363595 0.771549357916209
4 6377431 2.49736468671391
4 6404540 0.725012888902245
4 6406587 0.189078177882113
4 6407773 0.7912
4 6408722 1.2551762875242
4 6409750 1.74997276357569
4 6412485 1.56145286377889
4 6414710 1.75104076721048
4 6421333 0.812070995979789
4 6438777 0.6431
4 6445773 0.7221
4 6449223 0.9067
4 6463647 0.164724845907537
4 6467108 1.2674
4 6467910 1.0892
4 6477588 0.8763
4 6477710 0.8763
4 6491012 2
4 6493795 0.798463149751375
4 6511693 5e-04
4 6511837 0.361208932501404
4 6512301 0.538342424368439
4 6514072 0.5371
4 6529439 0.0681
4 6530338 1.194
4 6533586 1e-04
4 6536378 0.0053
4 6542210 5e-04
4 6579132 5e-04
4 6596457 0.98485292564164
4 6623352 0
4 6623916 1.9629
4 6627599 2.5343
4 6627938 0.9288
4 6633013 1.7134
4 6647892 0.2241
4 6654515 0.350518299941959
4 6660503 2
4 6670880 0.855128308478443
4 6672827 1.65345176610902
4 6676702 0.0138841786444268
4 6679164 1.13786251331921
4 6687929 0.2768
4 6688086 1.0179
4 6702297 1.6047
4 6704528 0
4 6724056 6e-04
4 6726054 2
4 6729172 0.259945224800747
4 6730264 0.021140554732879
4 6731416 0.4565
4 6740846 0.6737
4 6743747 2
4 6744698 2
4 6745594 1.45562327107592
4 6745675 0.50388422946385
4 6745678 1.39654268953324
4 6745713 1.2156
4 6746340 2
4 6753120 2
4 6755761 0.4311
4 6807036 0
4 6825511 0.8993
4 6832067 0.0453
4 6840023 0.326
4 6847475 0.3768
4 6849403 0.5849
4 6880315 1e-04
4 6891161 0.473548173881433
4 6891581 0.247722273064892
4 6894276 2
4 6894610 2
4 6908608 0.50814139624277
4 6921353 1.42079695608886
4 6922032 2
4 6927218 0
4 6940164 0.7539
4 6958889 2
4 6978255 0.8061
4 7004624 1.9154
4 7008777 0.542188779398446
4 7014924 2
4 7015456 0.0755650924302235
4 7023796 0.507698307959317
4 7027064 2
4 7027703 2
4 7028212 0.7413
4 7068174 2
4 7078598 2
4 7079642 2
4 7093601 2
4 7101707 0
4 7107356 2
4 7114629 1.1237
4 7115060 1.1237
4 7116143 2
4 7118345 1.963
4 7131397 0
4 7141209 1.2154
4 7142181 2
4 7155343 1.0499
4 7162783 0.266
4 7195008 0.8608
4 7215513 0.2175
4 7219697 1.12452205174919
4 7225165 0.823
4 7249058 1.5298
4 7260443 1.22548272937319
4 7267172 1.05954746770345
4 7273991 0.9217
4 7274629 0.358605569978217
4 7275320 0.9217
4 7276593 0.0248686525577746
4 7277969 0.212125801189824
4 7280753 0.3948
4 7292714 0.8951
4 7295709 0.838
4 7297618 0
4 7310418 0.2952
4 7313610 1.4641
4 7316409 0.2862
4 7316992 0.4807
4 7320135 1.18111957601307
4 7323075 1.2642536324608
4 7324451 1.11219804665872
4 7327771 2.8755
4 7330987 1.17445713204346
4 7331520 1.24952080600257
4 7333659 2
4 7336171 2
4 7336403 2
4 7361010 0.739726686330766
4 7366767 0.3798
4 7376274 0.0017
4 7376379 0.1978
4 7379704 0.112795911599746
4 7382480 2
4 7382492 2
4 7383628 0.508919349295181
4 7384459 2
4 7387338 5e-04
4 7399180 2
4 7399754 2
4 7400167 1.17429495648897
4 7400324 0.5732
4 7403648 2.3652
4 7405701 0.595616264968585
4 7406342 0.0684
4 7406939 0.702772878722521
4 7416290 0.935584171246606
4 7423658 2
4 7429163 2
4 7430768 2
4 7431433 2
4 7433053 0.1744
4 7438515 0.876258618959687
4 7439596 0.376887374303915
4 7440607 2
4 7441839 6e-04
4 7444551 2
4 7446006 0.67017556932948
4 7448487 5e-04
4 7454164 0.5593
4 7456803 2.4916
4 7461577 2
4 7466645 2
4 7467684 0.6987
4 7468403 0.6987
4 7469704 0.0369
4 7472961 2
4 7473103 0.7315
4 7473452 0.755961087250737
4 7475485 2
4 7477980 0.49836674652196
4 7480161 0.23
4 7480856 0.453411442483229
4 7482071 0.505465097123658
4 7490030 1.58451387440818
4 7490687 1.73697487949419
4 7494106 5e-04
4 7494398 0.55272115550083
4 7495737 0.7274
4 7497891 2.30541939331459
4 7498943 0.54513256854148
4 7508623 0.3369
4 7509613 0.624666598327913
4 7526399 1.7163
4 7532168 0.704708019541869
4 7543412 0.805657501963823
4 7543935 1.79400535942024
4 7544002 1.5042
4 7544871 0.0868934251414357
4 7554913 0.169935612248238
4 7556567 1.26990760545278
4 7557520 1.5794
4 7561066 1.8038
4 7574046 0.544911331328499
4 7575008 0.0663326585692745
4 7589406 0
4 7599209 0.278
4 7630311 0.672587194028994
4 7639939 0.395072131936723
4 7641184 0.994639105270961
4 7650658 1.4559
4 7651273 0.555513100253282
4 7657499 0.0073
4 7661279 1.9814
4 7665281 2
4 7672861 2
4 7683902 0.6103
4 7693377 0.44777363016241
4 7694444 2
4 7695808 0.324
4 7695973 2
4 7704069 2
4 7704857 0.110390895526878
4 7705071 1.54702536462398
4 7713448 2
4 7724717 0.5954
4 7726931 0.951713141336159
4 7728665 1.02419109871472
4 7731814 0.49622335610316
4 7736642 1.05594239883758
4 7747937 1.99645269970046
4 7749339 0.8661
4 7750167 0.239243881826828
4 7750853 0.6852
4 7758249 0.330710213394784
4 7776936 0.416554999709962
4 7778855 1.41121696041523
4 7782358 0.32241456626553
4 7789386 0.145398737781627
4 7789651 2
4 7798226 1.06404213129574
4 7810691 2
4 7814765 2
4 7815761 2
4 7831038 0.440931032289883
4 7840051 0.478217764934044
4 7847827 0.1153
4 7848164 1.45660459836532
4 7848183 1.94834594176578
4 7851382 0.1153
4 7869896 0.107199548867786
4 7881780 0.289725831351029
4 7887103 0.032664564288409
4 7909896 0.862855346447594
4 7915206 0.33336492651637
4 7918542 0.2615
4 7922737 2
4 7935711 0.364221936294458
4 7951278 0.4528
4 7952216 1.06134493114956
4 7962750 0.836703042545306
4 7967226 0.8178
4 7967867 2
4 7978474 0.5905
4 7982110 0.6417
4 7984030 0.8547
4 7986032 1.5038
4 7990905 0.82637522838044
4 7996656 2.4525
4 7996733 1.4466
4 7997112 1.4466
4 8003107 1.3589
4 8006764 0.3023
4 8015397 0.1483
4 8022098 0.3277
4 8032023 0.926084361521482
4 8034521 0.293
4 8034601 2
4 8035589 1.02419972909005
4 8044693 0.2068
4 8046325 0.281410902924419
4 8054478 1.02695902279176
4 8060381 0.102743426977119
4 8065787 5e-04
4 8066364 2e-04
4 8066372 0
4 8073407 0.432877282624067
4 8078733 0.2976
4 8081836 0.106906879175173
4 8084446 0.5676
4 8090780 0.3311
4 8091274 0.0925
4 8091337 0.1749
4 8091418 1e-04
4 8101705 1.9527
4 8104522 0.385383110302227
4 8105835 0.521224375966648
4 8111560 1.5903204167258
4 8113633 2.88361934688576
4 8114853 0.520880553416327
4 8120802 1.0189395603617
4 8140628 2
4 8140776 2
4 8142913 2
4 8142965 2
4 8143217 2
4 8158902 0.569506288603897
4 8161924 1.7109
4 8167041 0.368344895547261
4 8172248 2.0541
4 8179368 0.0555365702265292
4 8183437 0.0078
4 8198226 0.451429535156549
4 8225317 0.828356193539376
4 8228047 0.985990904326992
4 8243451 0.1723
4 8260936 0.7521
4 8261038 0.0897
4 8264039 1.4198
4 8277199 2.06084350620832
4 8277776 1.25363396533801
4 8283807 0.168620766019987
4 8287526 1.36037407870837
4 8288899 0.879401428356148
4 8290830 0.0661
4 8294635 4e-04
4 8294646 0
4 8304655 0.319441570294426
4 8314808 0.0504317031517237
4 8315647 1.1115
4 8320232 0.615812610665356
4 8325875 0.4457
4 8328597 0.4457
4 8329197 2
4 8331852 1.88465984388089
4 8332317 2
4 8333036 2
4 8333896 2
4 8335042 0.2426
4 8336044 0.4803
4 8338732 0.562
4 8359977 2
4 8365355 0.561
4 8366072 1.60464253328266
4 8370293 0.0721297260880008
4 8400349 1.8491
4 8412743 5e-04
4 8417478 0.196514212851039
4 8420647 1.7747
4 8423409 1.8491
4 8434522 0.4043
4 8439031 1.799
4 8442845 2
4 8449733 1.8491
4 8454974 0.4043
4 8457031 0.3993
4 8467258 2.0583
4 8471887 0.1843
4 8476817 0.0897
4 8478027 0.1319
4 8479361 0.0897
4 8489207 0.2232
4 8493175 1.8114
4 8494956 1.8114
4 8512804 1.8368
4 8517169 1.99556959263512
4 8520135 0.155228879243494
4 8520494 2
4 8529976 1.8242
4 8531285 2
4 8543930 0.9804
4 8549715 1.3978
4 8560941 0.155222429565266
4 8567582 0.3314
4 8571448 0.1935
4 8577466 2
4 8581886 2
4 8593770 0.453
4 8600498 2
4 8601071 2
4 8609682 0.168398774232755
4 8617193 1.86066261431587
4 8655618 2
4 8668118 0.045
4 8695192 0.0752
4 8700166 5e-04
4 8712963 0.0117
4 8716486 1.1045
4 8720772 0.42258806039602
4 8720814 1.23685670113856
4 8727321 2
4 8740901 2.7887
4 8742193 2
4 8759402 0
4 8760178 2
4 8760592 2
4 8760611 2
4 8775215 2
4 8776178 2
4 8776190 2
4 8783740 1.8304
4 8786194 2
4 8790959 1.3193458915571
4 8842419 0
4 8842585 5e-04
4 8842588 0
4 8850671 1.3612
4 8880012 1.78453514963844
4 8885312 1.0789
4 8888312 5e-04
4 8899694 1.1935
4 8904335 2.3748
4 8912901 1e-04
4 8913130 0.7532
4 8918811 5e-04
4 8920042 0.792025562301427
4 8927223 0.176417750409676
4 8928828 0.241989086276827
4 8937587 0.0357351283930737
4 8939228 0.217557230204151
4 8956479 0.763642664330358
4 8956933 0.445144436050391
4 8956951 0.8877
4 8966946 2.10729802149873
4 8969181 0.116710068441381
4 8975142 0.9142
4 8975516 0.606636325386026
4 8983539 0.251780817278379
4 8995278 0.906957650019783
4 9000696 0.219291119534723
4 9016476 0.309834029543362
4 9025392 0.553969020342673
4 9027542 0.845453203596769
4 9028575 1.3665
4 9037867 0.980401138265063
4 9038334 1.7262
4 9040917 6e-04
4 9041130 0.3448
4 9041170 1.16204012978463
4 9041274 0.0076
4 9042809 0.0076
4 9042812 0.0076
4 9043484 0.278524727558693
4 9045599 0.717801302840508
4 9046834 0.0076
4 9047129 1.7388
4 9049254 0.970728804205675
4 9050612 1.7262
4 9051768 1.36725488511021
4 9051854 1.3858
4 9052677 0.8989
4 9054639 0.780684867678831
4 9056219 1.16675950389402
4 9064235 0.519752409738803
4 9079329 0.365044446414493
4 9080186 0.698165221122815
4 9083888 1.4505
4 9091014 1.27513992452394
4 9091342 0.195417112474041
4 9101787 0.815026740665737
4 9102636 0.478770468724006
4 9105291 1.7138
4 9106161 1.7138
4 9106221 0.853406674934436
4 9107264 1.7138
4 9109678 1.7138
4 9114541 1.512597043832
4 9116551 0.0578020828144125
4 9116711 1.89563259560271
4 9118036 1.58161605955118
4 9118378 1.11572573893353
4 9119536 1.57141070704913
4 9125933 2.1514
4 9127948 2.1756
4 9134846 1.7784
4 9136681 1.189
4 9143052 1.189
4 9148142 0.0076
4 9149194 0.247136664444718
4 9149389 1.7649
4 9150320 1.84191630792826
4 9158896 2.2251
4 9179196 2.2251
4 9183248 2.2251
4 9369088 2.1756
4 9369390 0.19376822038026
4 9370016 1.7784
4 9371085 0.9670214552982
4 9373787 0.875052697473199
4 9374058 1.41812226615715
4 9375388 1.884276262213
4 9377307 1.32191682001487
4 9383799 1.7784
4 9384862 1.7784
4 9386479 0.0073
4 9388316 0.80324663410928
4 9388553 2.1756
4 9389881 1.7784
4 9391093 0.1426
4 9393303 1.7784
4 9399175 5e-04
4 9399204 5e-04
4 9402060 0.51677215733221
4 9404555 1.7784
4 9419504 2
4 9423152 5e-04
4 9429715 1.0035
4 9435396 2
4 9441096 0.0447
4 9445986 0.1469
4 9446527 2
4 9447014 0.0447
4 9448287 2
4 9473709 0
4 9481246 2
4 9484413 5e-04
4 9493294 0.1612
4 9494871 0.1469
4 9497227 0.0078
4 9497775 5e-04
4 9499213 0.1261
4 9509023 2
4 9513019 0.1261
4 9513525 0.1261
4 9519666 0.793505772897359
4 9527917 2
4 9538661 5e-04
4 9539231 5e-04
4 9539233 1e-04
4 9545973 0.1194
4 9548251 2
4 9551750 0.022
4 9552064 2
4 9558655 5e-04
4 9559859 2
4 9561580 2
4 9573485 1.2748174436996
4 9573912 2
4 9574292 0.274668185702098
4 9575302 2
4 9575666 0.0143
4 9582743 0.0053
4 9583591 0.0107
4 9585140 2
4 9588341 2
4 9594091 5e-04
4 9601869 1.0399
4 9622447 0.022
4 9623103 0.33331178312141
4 9628978 0.022
4 9630135 0.74970134915492
4 9632457 1.0789
4 9633192 0.022
4 9633784 0.568323489595665
4 9633983 8e-04
4 9641327 1.0789
4 9641467 1.2277267846982
4 9641478 0.022
4 9643954 0.848365279598302
4 9643994 0.022
4 9644913 2.2548
4 9650655 0.022
4 9652662 1.55340803793513
4 9657165 0.68086255684811
4 9664413 1.0035
4 9667300 0.022
4 9673561 0.0088
4 9674406 0.1194
4 9678267 1.0399
4 9690878 0.231311518699566
4 9704718 0.022
4 9706058 0.022
4 9720784 0.0276
4 9725586 0.022
4 9732797 0.022
4 9733188 0.022
4 9734892 0.022
4 9743309 0.961815781188778
4 9743898 1.8782
4 9746410 0.511176319730706
4 9751794 8e-04
4 9758482 0.842945494247991
4 9781804 0.022
4 9794158 0.0234
4 9822527 1.1089
4 9826910 1.1089
4 9828990 1.1089
4 9838944 0.958153402657621
4 9845292 1.9629
4 9852247 0.0244
4 9854088 1.1483
4 9878104 1.58669507651312
4 9893446 0.345562130273787
4 9895748 0.46196968424379
4 9902618 0.196745103180614
4 9907209 0.378274779395175
4 9907671 0.136724319317513
4 9910477 0.95811421210076
4 9919558 0.119452936815361
4 9924427 0.1339
4 9929743 0.569499730988926
4 9940953 1.75591906005445
4 9946453 0.835737463396932
4 9954850 0.0435315662392046
4 9956360 0.103241334022686
4 9957164 1.00303235748659
4 9961592 0.75947559454818
4 9976681 0.1271
4 9993558 0.1619
4 9998612 0.641621348215212
4 10000175 0.641841353767415
4 10001095 0.1271
4 10001771 0.704857961137349
4 10002765 0.714067778184418
4 10003119 0.0654937607839444
4 10003173 0.0933
4 10005462 0.1128
4 10017939 2
4 10026663 0.106328418877957
4 10037595 0.422066492581283
4 10043765 1.00269908406164
4 10043806 0.1345
4 10050048 1.15005475100062
4 10053730 0.0662450406346245
4 10072546 0.7537
4 10080360 0.7304
4 10094101 1.3497
4 10098207 0.363560272014192
4 10113441 1.21885575069458
4 10117820 0.3083
4 10118163 0.2752
4 10119473 0.2752
4 10121758 0.2919
4 10122802 1.17114004423372
4 10138282 0.5073
4 10139993 2.51044139480127
4 10157790 0.0078
4 10158112 0.856
4 10170474 1.1782
4 10176932 0.0017
4 10179199 1.5468272930644
4 10184226 5e-04
4 10185557 0.390083641212697
4 10188694 0.0017
4 10189888 0
4 10198777 0.0017
4 10201068 0.964269229817241
4 10207032 2
4 10236089 0.0589007555746376
4 10254588 0.18668558490189
4 10263900 1.4403
4 10264443 2.10761854301869
4 10271309 0.938932445380072
4 10277789 0.582548555683262
4 10279740 0.414441625329374
4 10280200 1.39745860946364
4 10281874 0.958795516097611
4 10283385 0.221460322378919
4 10290831 3e-04
4 10295615 0.535288686980702
4 10301761 0.8037
4 10310592 0.5206
4 10327879 2.48536357046225
4 10352717 0.5206
4 10361858 0.156588910065735
4 10372350 5e-04
4 10372381 0.5206
4 10375408 0.5858
4 10379358 0.583653938991201
4 10386986 0.506
4 10387084 0.5858
4 10387896 1.21479452026243
4 10392848 0.938431922367972
4 10405910 0.8037
4 10411544 0.5795
4 10426928 2
4 10443026 0.3102
4 10460324 3e-04
4 10462725 2
4 10480890 2
4 10481742 2
4 10483839 2
4 10489047 3.1203
4 10489760 2
4 10491263 2
4 10500513 0
4 10500710 2
4 10515136 2.0768
4 10527632 0.905414042969644
4 10557063 2
4 10557736 2
4 10577570 0
4 10580814 2
4 10596048 2
4 10634831 0
4 10639955 2
4 10644306 0.4039
4 10677838 0.842
4 10687638 2
4 10691131 0.3708
4 10694605 2
4 10695289 0.2526
4 10699492 5e-04
4 10706805 0.0389
4 10709305 0.1062
4 10721188 0.0288
4 10724985 1.59621399732092
4 10726214 0.633410422178397
4 10731576 1.0179
4 10804174 0.9507
4 10826012 0.1083
4 10828760 2
4 10843557 0.2167
4 10850646 1.0943
4 10855090 0.348184285725587
4 10862155 1.06822879752589
4 10864907 1.25599236004249
4 10870543 0.1003
4 10871117 0.1552
4 10875025 0.1068
4 10877237 0.1624
4 10890781 5e-04
4 10894879 0.9507
4 10898317 0.1489
4 10898526 2
4 10903319 2
4 10917988 0
4 10921685 2
4 10931085 8e-04
4 10937415 1.0814
4 10939431 2
4 10941379 1.0814
4 10945999 0.0227237144184758
4 10946346 1.3047473240393
4 10946843 2
4 10948779 2
4 10952391 0.1062
4 10956180 2
4 10968033 0.665569364141393
4 10969806 0.343926058771117
4 10970314 2.34943429629455
4 10970456 1e-04
4 10983771 0.8633
4 10997357 0.1072
4 11000109 0.876922395135372
4 11005323 0.10858034150353
4 11025995 0.5648
4 11047093 3.1209
4 11048220 0.5488
4 11117243 1.0825
4 11130499 1.5483
4 11179041 0.860502214007737
4 11198449 1.4763
4 11199370 1.5483
4 11233985 2
4 11234631 2
4 11235647 2
4 11240550 2
4 11247556 0.840111851676508
4 11255322 0.95341669326243
4 11257018 1.3010330943707
4 11263184 1.91302458955037
4 11266710 0.829640948440844
4 11273278 2.052
4 11273424 0.804646237052472
4 11285920 2
4 11290203 2
4 11300415 2
4 11318787 1.004
4 11359825 2
4 11375229 0.6421
4 11379311 0.0078
4 11391595 0.6713
4 11415305 0.165494347384585
4 11422601 0.2731
4 11443757 0.51109369868862
4 11445091 0
4 11445499 0.250280704850872
4 11445617 0.115260685788292
4 11446531 0.731386262899955
4 11454226 2
4 11455205 2
4 11458114 2
4 11460553 1.89590677131461
4 11461792 0.3936
4 11466991 2
4 11468106 2
4 11473273 1.6637
4 11477373 0.449904811152908
4 11486016 1.6415
4 11486366 0.0999
4 11489149 0.8438
4 11495004 0.998
4 11502614 1.6637
4 11506501 0.720714833448269
4 11508169 0.3936
4 11508662 0.869985202364479
4 11514219 2
4 11514701 0.387810258434169
4 11534370 2
4 11538270 2
4 11540738 5e-04
4 11547661 0.549826589875835
4 11547720 0.914916209388889
4 11550463 0.7857
4 11551171 1.1894
4 11556836 0.6979
4 11557285 0.6508
4 11558772 1.8975
4 11559596 2
4 11560108 1.1504
4 11561452 1.8975
4 11562178 1.8975
4 11562272 1.1504
4 11562476 1.8975
4 11567107 1.8975
4 11569540 2
4 11585017 2
4 11588734 2
4 11599128 1.37361902875815
4 11600301 0.0757
4 11602198 2
4 11605291 2
4 11608080 2
4 11609397 2
4 11616159 0.3437
4 11620253 0.130013857707785
4 11634386 0.186601558907413
4 11634589 0.029101967346746
4 11635067 1.27874961752012
4 11635162 0.947139590761711
4 11641560 1.25571052299987
4 11659473 0.256219355177124
4 11668170 1.2177
4 11669858 0
4 11677289 1.1688
4 11681877 0.398473471232753
4 11686590 1.78846834692342
4 11688521 1.49749259476749
4 11695187 1.1688
4 11695320 1.1688
4 11698124 0.205834799337341
4 11709308 1.27220375802014
4 11713299 0.683281106686887
4 11726456 1.51361491942823
4 11768536 2
4 11770230 2
4 11772835 2
4 11775363 0.0267
4 11787422 2
4 11787579 2
4 11798462 3.0716
4 11806506 2
4 11812732 2
4 11814514 2
4 11818159 2
4 11818768 2
4 11822783 2
4 11825759 2
4 11834547 2
4 11835777 2
4 11840625 1.27440942659999
4 11842675 2
4 11852322 2
4 11853925 2
4 11854626 2
4 11855184 2.0637
4 11858984 1.5416
4 11865400 0.5835
4 11875687 0.6102
4 11877644 2
4 11879482 1.5416
4 11879787 2
4 11880202 0.0263
4 11889259 0.9069
4 11896720 2
4 11901419 0.0078
4 11902567 2
4 11906476 0.9348
4 11908037 2
4 11914735 1.5416
4 11915704 0.5455
4 11917953 2
4 11922422 2
4 11924353 2
4 11928045 0.4999
4 11930555 0.5717
4 11931006 2
4 11935774 2
4 11936408 1.5328
4 11937105 2
4 11940685 2
4 11942816 1.5416
4 11963576 2
4 11981182 0.2691
4 11981556 0.2691
4 11987198 1.486
4 11993117 0.1046
4 11998462 0.601
4 11998929 1.4941
4 12018252 2
4 12028141 2
4 12084172 0.4528
4 12086391 0.4528
4 12086480 0.4528
4 12090697 0.4528
4 12090993 0.0078
4 12094551 0.656
4 12095232 0.4669
4 12095824 0.4528
4 12109427 0.195284903675567
4 12118839 2
4 12122230 0.231405060557482
4 12136358 0.5112
4 12141668 0.468
4 12150807 0.6742
4 12179372 2
4 12187356 0.128866772881421
4 12194949 2
4 12204793 0.758558187160712
4 12206234 2
4 12206720 2
4 12221911 2
4 12222916 2
4 12224719 2
4 12225925 2
4 12227379 0.46359164970625
4 12234834 0
4 12236454 2
4 12236465 2
4 12238017 0.582223876636256
4 12239311 2
4 12241820 2
4 12245823 2
4 12261366 1.72138037852359
4 12267680 2
4 12268061 2
4 12275178 2
4 12277176 2
4 12288417 2
4 12293752 2
4 12304863 2
4 12328517 2
4 12339276 2
4 12339772 2
4 12343456 2
4 12352844 1.5182
4 12363839 1.15314510558544
4 12383639 2
4 12387126 2
4 12399493 1.19983460516473
4 12413278 0.894916162752918
4 12457034 1.2748
4 12478454 1.35262306650813
4 12486168 1.2748
4 12489271 2
4 12489829 1.2709
4 12521281 2
4 12524487 1.2748
4 12525682 0.7369
4 12531146 0.756291544268696
4 12544567 1.2519
4 12546618 0.6492
4 12550829 1.345939460938
4 12553928 1.2978
4 12554748 1.2613
4 12556950 1.2613
4 12560132 0.1509
4 12569331 1.2613
4 12577757 1.2978
4 12603393 1.2519
4 12603650 0.3315
4 12605352 0.3315
4 12615176 1.2613
4 12615950 1.2613
4 12626053 1.2613
4 12626662 0.5331
4 12632093 0.5076
4 12634784 1.2613
4 12642279 0.2953
4 12644798 1.2613
4 12646638 1.2613
4 12647186 0.424123204279693
4 12647552 0.2854
4 12648310 0.403064632773637
4 12648605 0
4 12649096 1.2613
4 12650136 0.2854
4 12650840 3e-04
4 12651022 2.9967
4 12656634 1.2613
4 12658930 0.5076
4 12664596 0.2854
4 12667315 0.463830756528366
4 12669937 0.978715386590309
4 12672011 0.8322
4 12672361 0.8322
4 12675256 0.5199
4 12678277 0.5199
4 12678922 0.5199
4 12690216 0.0807
4 12699354 2.8011
4 12710875 5e-04
4 12728792 0.113549524424054
4 12733063 1.207
4 12734497 0.8431
4 12735659 1.2978
4 12737449 0.689343551189347
4 12742271 1.127
4 12750821 2.9813
4 12756452 1.1984
4 12758021 1.15795295416544
4 12760159 0.8971
4 12765034 1.0691
4 12773636 0.927096443267856
4 12777225 0.880504285380786
4 12779854 1.1782
4 12781193 1.13659348486209
4 12782125 0.0078
4 12785067 0.302040159904995
4 12791406 1.5415
4 12791584 2
4 12792590 1.53394376171131
4 12794894 1.8183
4 12795358 1.8038
4 12798113 1.53291944955128
4 12804447 0.0897
4 12808538 0.66
4 12809444 1.8183
4 12809700 0.7487
4 12815377 2.04476705819604
4 12839986 0.1651
4 12856123 0.178
4 12861466 0.2244
4 12867538 1.8332
4 12871580 1.8332
4 12872222 2.409
4 12898725 0.3634
4 12906690 0.024
4 12916627 0.9045
4 12919768 2
4 12919970 2
4 12927442 1.736
4 12935476 0.2185
4 12937467 2
4 12938198 0
4 12938959 1.736
4 12952393 1.7489
4 12960861 2
4 12962520 1.01284391042043
4 12969186 0.014067290451786
4 12981652 0.9656
4 12991882 2
4 13023198 0.7404
4 13024860 2.2002
4 13037006 0.275883460152558
4 13037571 1.9145
4 13039383 0.4498
4 13041934 1.9145
4 13041970 1.03075178384019
4 13061897 0.8465
4 13072907 0.8319
4 13073014 0.8319
4 13077859 2.48440342338879
4 13083729 5e-04
4 13092320 0.0127398205426411
4 13099946 1.6637
4 13110941 2
4 13114797 2
4 13125679 2
4 13137086 2
4 13147526 2
4 13191671 2
4 13263468 0.0502
4 13279138 0.891632963560296
4 13379205 2
4 13426356 0.0073
4 13487259 1.4252
4 13490015 1.4252
4 13490394 1.3158
4 13505494 2
4 13516192 1.4252
4 13521385 1.4252
4 13553382 2.10576005477078
4 13589253 0.679933877654828
4 13628726 2
4 13634165 0.1144
4 13649464 2
4 13653149 0.1212
4 13657819 0.403818213804486
4 13664473 0.247906056055687
4 13669467 0.211552288663887
4 13670997 0.1212
4 13675806 0.1349
4 13682590 5e-04
4 13684545 2.7419
4 13691303 0.0549290334390359
4 13712649 0.400572811331171
4 13714005 0.47304549971027
4 13719587 0.529784692142091
4 13721860 0.0447
4 13736143 0.129607809511406
4 13744441 1.55566790754234
4 13746461 0.7101
4 13746966 0.784399980444298
4 13747520 0.716194018068638
4 13761093 1.04375604549582
4 13761879 0.472927748606568
4 13766032 0.0681
4 13768483 2.01557143047539
4 13772502 0.948172371506749
4 13773419 0.161611235996143
4 13777528 0.59366106178828
4 13777708 0.1381
4 13779097 0.803173874785509
4 13781480 0.149133965091172
4 13781496 0.00643451381009898
4 13786283 0.244801767140404
4 13786518 1.8486
4 13803380 2
4 13819490 2
4 13824448 2
4 13831482 1.31521475011759
4 13835931 0
4 13851025 1.46566073324633
4 13886159 2
4 13887122 1.3909
4 13897989 1.71596879980436
4 13903542 2
4 13913853 0.3980369756659
4 13914727 2
4 13918512 0.0342
4 13921676 0.0574
4 13932691 2
4 13951336 0.0817
4 13955532 2
4 13963081 2
4 13965227 2
4 13968895 0.0911841409758287
4 13972443 1.42812333240363
4 13981186 0.111450327337096
4 14001656 0.872
4 14008806 0.0897
4 14049593 2
4 14053056 2
4 14053122 2
4 14054835 2
4 14056247 2
4 14060562 2
4 14060947 2
4 14068869 1.67906091242956
4 14081127 0.784015860511549
4 14093669 0.0752799175791521
4 14095367 2
4 14096779 2
4 14097947 2
4 14119280 0.365586836872796
4 14122160 1.0643
4 14138054 0.788659649942336
4 14142584 2
4 14155208 0.355333945128313
4 14158201 1.0265
4 14166284 2
4 14166295 2
4 14175109 2
4 14177248 2
4 14185107 0.7879
4 14186872 2
4 14202801 0.9376
4 14211200 2
4 14219321 2
4 14222880 2
4 14225005 1.1423
4 14234427 0.9961
4 14234816 2
4 14247239 0.9961
4 14249127 0.9895
4 14264428 0.957
4 14274462 2
4 14274692 2
4 14277220 0.9416
4 14286529 2e-04
4 14288307 2.30367381759178
4 14288893 0.0851
4 14290877 0.1217
4 14291086 2.6444
4 14293121 0.8735
4 14310410 0.286463246132478
4 14337737 2
4 14345370 1.1573
4 14347634 0.252207099808682
4 14351731 1.31732066998727
4 14351776 0.909690081055443
4 14380285 1.5314
4 14382567 0.5152
4 14388754 0.5152
4 14389606 2e-04
4 14397848 2.0034
4 14404343 0.5578
4 14432947 0.7131
4 14435456 0.1872
4 14439456 0.195852823533754
4 14452355 5e-04
4 14462046 2
4 14463352 2
4 14471976 1.2904
4 14477890 2
4 14479595 2
4 14482401 2
4 14485609 2
4 14486895 0.9959
4 14487573 2
4 14488393 2
4 14489934 2
4 14492499 2
4 14499344 0.2373
4 14504520 8e-04
4 14510088 0.321601351022258
4 14512986 0.106313839140531
4 14521214 0.2373
4 14528356 1.9106
4 14549961 0.2373
4 14564597 0.89463523633116
4 14566424 0.2071
4 14566489 0.2373
4 14568263 0.504729926463566
4 14569084 0.7381
4 14571488 0.7381
4 14574685 1.27409925335156
4 14582474 2
4 14594701 0.776148023248937
4 14608411 0.248417855430815
4 14621627 1.38037551598372
4 14639117 0.0395062428570203
4 14651190 1.0055
4 14653771 0.6783
4 14654853 0.671880536722648
4 14659856 1.53376919783241
4 14663598 0.812992657269431
4 14668835 1.40065361527079
4 14690049 2
4 14702580 0.1134
4 14714931 2
4 14715767 1.70172122815045
4 14716296 0.181043783806586
4 14722004 0.898077248990558
4 14722254 1.73373323184801
4 14723278 0.631990151073823
4 14724213 0.618159379755249
4 14724289 0.6351264729759
4 14724620 1.83870982548181
4 14733015 3.00229657752351
4 14743038 0.7476
4 14745055 0.7476
4 14746410 0.7476
4 14753387 0.5286
4 14763046 0.5286
4 14764319 2
4 14765319 0.5286
4 14770297 0.7448
4 14773264 2
4 14794533 0.7086
4 14797217 2
4 14798714 1.30081293711903
4 14798799 2
4 14801847 0.6742
4 14813573 0.213226736886861
4 14814873 0.799570299801598
4 14818172 0.502627369647499
4 14826244 0.5696
4 14833483 3.8879
4 14836393 0.5228
4 14836554 5e-04
4 14837221 3e-04
4 14837307 2e-04
4 14837369 5e-04
4 14850508 0.969750396367647
4 14853878 2
4 14866505 0.0274
4 14868313 1.0654
4 14872427 1.0504
4 14873449 0.7604
4 14876919 2
4 14884090 0.0053
4 14885655 0.7281
4 14891854 0.4155
4 14899003 0.7461
4 14910780 2
4 14921956 2
4 14926525 2
4 14935938 2
4 14940910 2
4 14970128 2.5464
4 14974201 2
4 15080414 2
4 15081745 1.67881127317688
4 15089577 1.37613449322233
4 15112002 0.3762
4 15125267 0.911883314446482
4 15132025 1.21322803720731
4 15137609 2
4 15167361 1.2788509433421
4 15189003 0.261338852509563
4 15194238 1.78655764571321
4 15198629 0.407681970523562
4 15215730 2
4 15238777 2
4 15247925 2
4 15250670 5e-04
4 15255732 2
4 15259625 2
4 15259701 2
4 15313866 0.1142730822945
4 15326549 0.497003916091533
4 15334809 2
4 15354480 0.2681
4 15359401 0.2681
4 15369780 0.2681
4 15375736 2
4 15376253 0.2681
4 15377683 0.2681
4 15420921 0.3336
4 15422552 0.303252390007934
4 15426092 0.3165
4 15429002 2
4 15432354 0.172408833241092
4 15437158 0.052
4 15440356 0.265279451963115
4 15445821 0.2625
4 15451647 0.3413
4 15461262 0.052
4 15467954 0.2339
4 15471391 0.8959
4 15487448 0.0759
4 15497093 1.1824
4 15501286 0.795513326302283
4 15505409 0.31617797264442
4 15512951 2.19086936641447
4 15545691 2
4 15550495 2
4 15580362 2
4 15589842 2
4 15591295 2
4 15594401 2
4 15611859 1.1818
4 15614780 2
4 15615665 2
4 15616764 2
4 15622896 2
4 15623512 2
4 15629226 2
4 15644272 1.1818
4 15652463 2
4 15667858 0.353834317175717
4 15677748 0.6436
4 15678229 2
4 15682345 0.6436
4 15684182 2
4 15701635 1.0943
4 15704843 2
4 15711380 2
4 15722452 2
4 15722710 2
4 15724291 2
4 15730570 2
4 15736543 1.1237
4 15741709 0.357174922201292
4 15751628 0.2287
4 15771021 2
4 15780534 0.665842351400412
4 15782510 2
4 15784998 0.055861951650059
4 15785750 0.760984078901857
4 15790981 0.328576203957681
4 15801915 0.616697715946566
4 15861351 0.1253
4 15920653 2
4 15926460 0.309
4 15940412 2
4 15941655 2.3652
4 15941781 1.07040244068001
4 15947064 2
4 15949108 0.4133
4 15949732 1.12398361160435
4 15959574 2
4 15960919 2
4 15962726 2
4 15964800 1.23175576463909
4 15968315 2
4 15980262 0.158551163612769
4 15985026 0.2501
4 16004076 0.432402489444108
4 16017490 0.0398
4 16024835 0.1273
4 16029825 1.4632
4 16044836 2
4 16049880 2
4 16056201 1.7622
4 16061432 0.0634379251775959
4 16075300 0.191239955065348
4 16077973 1.35922147896952
4 16085671 1.8184
4 16086944 2
4 16112324 0.571
4 16114199 2
4 16157692 1.8974
4 16167683 2
4 16169111 0.391147142948214
4 16175012 2
4 16179947 2
4 16183271 2
4 16184724 2
4 16186258 2
4 16188450 0.9067
4 16189026 0.9067
4 16192265 0.9067
4 16204124 2
4 16211223 1.1157212159375
4 16211228 0.0319784275334534
4 16213331 2
4 16226915 2
4 16238697 2
4 16240592 2
4 16251187 1.8646
4 16262950 2
4 16270833 2
4 16272791 2
4 16275268 1.8646
4 16285037 2
4 16286216 0.161767164865344
4 16286896 1.1278937288093
4 16301778 0.572058953926268
4 16308068 0.5939
4 16312515 0.5989
4 16320245 0.5939
4 16321247 0.571
4 16327787 0.5939
4 16329547 0.5939
4 16332214 0.544814874311895
4 16332729 0.8461
4 16338887 1.3712
4 16339487 0.1114
4 16343247 0.108320517321698
4 16348791 1.3196
4 16349914 0.1345
4 16369217 1.3712
4 16372368 1.3712
4 16375261 0.571
4 16376507 0.944684488307072
4 16389617 1.67497404261095
4 16394311 1.4906
4 16395444 0.1081
4 16397399 1.4523
4 16402363 0.8251
4 16402542 2
4 16402684 0.0897
4 16404805 0.243838799617358
4 16405141 1.0482
4 16405516 0.8679
4 16407154 0.8251
4 16409591 0.8251
4 16413266 1.2882
4 16414552 1.2882
4 16416838 1.2882
4 16419020 1.2882
4 16421294 0.880866293642843
4 16424551 1.2882
4 16430090 0.571
4 16433410 0.166799297587139
4 16441843 0.3397
4 16451957 2.3278
4 16476239 0.856655543163282
4 16478140 1.27940870246614
4 16489661 0.373883440054573
4 16499848 0.270439530464204
4 16507088 1.59186183860066
4 16518495 0.531
4 16522616 0.3503
4 16522756 0.742353873668526
4 16530174 0.658016987030397
4 16535485 2
4 16549788 0.86280293484389
4 16551961 0.0053
4 16552724 2
4 16553039 2
4 16574359 2
4 16586864 0.359
4 16587597 0.223625027581005
4 16587932 0.3955
4 16605317 0.2901
4 16607796 1.9356
4 16615927 0.6808
4 16616081 1.9356
4 16622586 0.785870622707457
4 16623363 1.9075
4 16629618 2
4 16634912 1.8639
4 16654714 0.82174751444943
4 16655515 0.0217395412265805
4 16665554 0.364593171753163
4 16671789 2
4 16709950 2.4474
4 16717195 0.640759397112186
4 16737262 1.04834007293995
4 16739735 5e-04
4 16742146 2
4 16749223 2
4 16766506 2
4 16782264 2
4 16786902 0.0462
4 16806632 0.0405
4 16813550 2.8716
4 16814535 0.0665403450022996
4 16849401 0.835418812426827
4 16853677 2
4 16875114 2
4 16884681 0.6608
4 16887046 0.89407923156673
4 16903434 2
4 16913045 2
4 16914289 1.21658788118504
4 16930495 2
4 16931512 2
4 16932656 2
4 16933929 1.1564
4 16955636 2
4 16983959 5e-04
4 16986859 2
4 16997861 2
4 17031433 2
4 17042224 1.5895
4 17045847 0.5479
4 17047827 0.432555175998815
4 17071943 0.442417739640131
4 17081284 1.3384
4 17088852 0.105658766328389
4 17092735 1.61950722450652
4 17103509 1.67038870655304
4 17106274 1.55524038985149
4 17109090 1.012
4 17136272 0.305324404240453
4 17138640 0.444804490255171
4 17144724 0.263730484349592
4 17146108 1.04581329397929
4 17150964 2.17062154837049
4 17151455 0.744256864892781
4 17152945 0.0460760577779767
4 17155906 0.480012513925634
4 17166378 1.454
4 17170076 0.432232011825333
4 17176435 0.408978603427521
4 17192581 0.0078
4 17193835 0.7146
4 17196624 0.30070857854528
4 17200406 0
4 17207878 0.198776477606152
4 17214105 0.6036
4 17215086 0.9065
4 17215919 0.944846313217615
4 17226525 1.0943
4 17230092 0.0153346067315614
4 17255677 0.466274721287614
4 17260719 2.8693
4 17262033 0.836202077360308
4 17264866 2
4 17272546 2
4 17278426 2
4 17278899 2
4 17292483 0.867697709610059
4 17296384 0.074
4 17298783 1.5663
4 17307813 1.12999829896534
4 17308246 1.14510313493875
4 17313439 2.2355
4 17332559 0.5432
4 17333965 0.5432
4 17336809 0.418924634027192
4 17343698 0.5972
4 17350936 0.5432
4 17350937 0.763957661482227
4 17353529 0.4204
4 17354647 0.185123181399422
4 17358509 0.5181
4 17375135 0.286353264404467
4 17404335 2
4 17404669 2
4 17406793 2
4 17416658 2
4 17430808 0.0933
4 17446094 0.1469
4 17451288 0.716917240871099
4 17462882 0.413363527913325
4 17467851 0
4 17468816 0.6742
4 17477626 0.428241732236977
4 17477844 2
4 17484126 0.974305599790468
4 17484309 0.578625036178252
4 17497269 0.80383550849028
4 17509724 2
4 17511835 2
4 17531705 0.1338
4 17569857 0.61754747588099
4 17585738 0.807596803856066
4 17586697 0.102613443995673
4 17593522 0.446744781859162
4 17593742 0.911956606133693
4 17604019 0.0592505535672923
4 17606676 0.702109411861953
4 17607261 0.166686873589601
4 17610914 0.202149236619098
4 17613271 0.0946623218702333
4 17617090 0.186839113929028
4 17641007 0.460341929750197
4 17645447 2
4 17648658 2.03492517670589
4 17650510 1.02192251981532
4 17654480 0.236512325643042
4 17657975 0.863649615858401
4 17673771 0.187784652585073
4 17675942 1.47944410827444
4 17683263 1.23610424620915
4 17696834 0.492590898702728
4 17702326 0.975953347049123
4 17714077 0.542852727919925
4 17716938 2
4 17725147 2
4 17729377 0.902
4 17746725 2
4 17753091 2
4 17766302 2
4 17771819 2
4 17895430 2.5864
4 17909708 0.0078
4 17915567 2
4 17932047 1.25484982639591
4 17947316 2
4 17968640 1.24728985701864
4 18008761 2
4 18024109 1.59978480750924
4 18050421 0.240907730169994
4 18055867 0.7329
4 18059877 0.7011
4 18067856 0.5894
4 18093230 0.5647
4 18120899 0.6153
4 18126657 2.53716840886901
4 18128100 0.5647
4 18155661 2
4 18158275 0.09
4 18162154 2
4 18180955 2
4 18194621 2
4 18195846 2
4 18200992 2
4 18204997 2
4 18206131 2
4 18206672 2
4 18218079 2
4 18218671 2
4 18222297 2
4 18222944 2
4 18228000 2
4 18237310 2
4 18249191 2
4 18254502 0.2595
4 18255726 1.1957
4 18259597 2
4 18273794 0.0833
4 18279852 2
4 18289764 2
4 18293646 2
4 18300998 2
4 18318072 0.52609071006304
4 18326933 2
4 18328769 0.322866071980757
4 18368872 0.388136582869678
4 18377583 2
4 18383890 2.1804
4 18396866 2
4 18400100 2
4 18403631 1.8043
4 18424557 1.01291337135905
4 18439753 2
4 18449935 2
4 18450669 1.8043
4 18451593 2.3652
4 18452547 0.267265916032817
4 18458444 1.8043
4 18471687 2
4 18480177 2
4 18489930 0.582727024988377
4 18491591 0.920923959170969
4 18494064 0.376575816316846
4 18502963 2
4 18512460 2
4 18513418 2
4 18526440 0.777223521336095
4 18529104 0.171279596974635
4 18529405 0.862831050065305
4 18530154 2
4 18537461 0.505832655595364
4 18538515 2
4 18546893 2
4 18588579 0
4 18611828 5e-04
4 18613574 2
4 18622488 2
4 18624502 0.0221
4 18639639 0.0221
4 18647213 2
4 18647369 2
4 18647400 2
4 18648679 2
4 18688297 0.1805
4 18695727 2
4 18696674 0.0601
4 18746714 0.5135
4 18759322 1.4672
4 18761979 0.7875
4 18764539 2
4 18772742 2
4 18776371 1.3463
4 18784778 2
4 18788150 2
4 18792663 0.68
4 18795880 0.4972
4 18801879 2
4 18810745 2
4 18813461 0.6413
4 18837171 0.497175785231048
4 18842717 1.58647835096659
4 18849325 0.433809684028163
4 18864314 0.540068112629884
4 18877204 1.7303
4 18877222 1.00790358572657
4 18895179 2.5981
4 18916099 0.630649797297121
4 18921261 1.2821020561357
4 18925464 0.700847265973695
4 18935182 2
4 18936217 0.504999734273321
4 18938277 0.996944108046817
4 18955622 0.00531728326664244
4 18998502 0.0628037742938772
4 19008155 0.489991513257802
4 19011863 0.566267891778026
4 19092557 0.2076
4 19121091 2
4 19124044 1.642
4 19130045 2
4 19134951 2
4 19139642 2
4 19141845 2
4 19142018 2
4 19163254 2
4 19166147 1.7786
4 19170512 1.7786
4 19171060 2
4 19198188 2
4 19201833 0.9851864229508
4 19204577 2
4 19207671 5e-04
4 19225497 2
4 19233367 2
4 19240462 2
4 19257385 2
4 19257684 2
4 19263060 2
4 19273421 2
4 19287985 2
4 19291899 1.6326
4 19296959 1.61517988186576
4 19297007 2
4 19302876 2
4 19320792 1e-04
4 19325689 2
4 19333287 1e-04
4 19335984 0.3453
4 19341750 2
4 19354238 2
4 19354556 1.1638
4 19379679 2
4 19387579 2
4 19389106 2
4 19395135 0.3453
4 19397225 0.0816
4 19398564 1.3011
4 19398911 5e-04
4 19408784 2
4 19417747 0.3453
4 19426654 1.2575
4 19482062 0.3453
4 19494773 0.5298
4 19501430 2
4 19505776 0.7033
4 19507337 0.3598
4 19509615 0.3598
4 19518935 0.3453
4 19522396 1.2469
4 19538526 1.2469
4 19550273 0.2695
4 19551126 0.280168183092815
4 19553238 0.2695
4 19556795 0.7153
4 19561535 0.315
4 19564091 3.35958709755123
4 19582327 1.89901796349518
4 19592138 0.9313
4 19593642 0.9222
4 19601188 0.5302
4 19604906 0.5302
4 19608316 0.5302
4 19613160 0.8499
4 19633394 0.9222
4 19643834 0.216668707848541
4 19681224 0.6914
4 19682995 2.1617351710696
4 19687182 0.7216
4 19689462 2
4 19691983 3.1176
4 19715881 0.6914
4 19729483 2
4 19758638 0.6914
4 19790703 2
4 19814570 2
4 19824767 0.464
4 19868740 0.5259
4 19881733 0.4294
4 19882094 2
4 19884858 2
4 19892770 0.439
4 19893011 1.5245
4 19893713 0.439
4 19896417 0.8802
4 19900556 0.4278
4 19900602 0.8802
4 19909430 1.4861
4 19912017 1.4861
4 19929405 0.9377
4 19931747 0.0077
4 19933978 0.0077
4 19937590 2.247
4 19939345 0.396712610454766
4 19940820 1.4861
4 19953551 1.1178
4 19955898 1.0081
4 19958270 1.4861
4 19964310 1.4861
4 19966143 1.0081
4 19967312 1.0081
4 19970842 1.0081
4 19972485 2
4 19976427 2
4 19980171 2
4 19980195 1.5286
4 20001679 2.2176
4 20002269 1.0956
4 20004926 2
4 20021706 2
4 20027601 2
4 20034327 1.68331574617757
4 20041893 2
4 20052892 2
4 20058229 2
4 20064700 2
4 20072708 1.9814
4 20081919 1.3227
4 20084113 1.3678
4 20085182 0.6837
4 20094347 0.921185429918714
4 20095917 0.1309
4 20096182 0.736794452084767
4 20103852 1.91076103915177
4 20111324 1.1669
4 20111401 1.82878612523467
4 20118633 1.22767284029231
4 20123173 2e-04
4 20125979 0
4 20130993 0.16538600640449
4 20134533 1.4031
4 20135573 0.138648716055026
4 20136577 1.41513034640069
4 20136582 0.412184828212286
4 20138803 0.7163
4 20139633 1.17890589093237
4 20142314 0.020245915609904
4 20142335 1.1439390679924
4 20146250 1.27144211290457
4 20146297 1.31142754137283
4 20168060 0.04829618335621
4 20179165 0.206615134082639
4 20179522 1.2105
4 20187768 1.2105
4 20202396 2.2458
4 20204560 2.26311561614507
4 20205211 0.0959077303719545
4 20208466 1.04820179550926
4 20230338 1.1566574595204
4 20231370 1.55284726724195
4 20284459 0.6159
4 20290616 2
4 20295957 0.5686
4 20296786 2
4 20308153 1.25980240306231
4 20323197 1.79200203227832
4 20344805 2.7185
4 20390088 0.443282003402955
4 20393585 0.0337
4 20410284 0.78674098773094
4 20422565 0.760217849044787
4 20453444 0.9812
4 20463487 5e-04
4 20476618 1.7658
4 20489087 2
4 20500822 1.43391339154191
4 20501973 2
4 20514366 2
4 20522727 2
4 20540064 0.0263
4 20542265 0.3447
4 20629861 2.11240282580376
4 20644843 0.849138023535598
4 20655653 1.00563456139142
4 20671271 0.418880098218707
4 20716491 3.91605603007575
4 20723443 0.156937416064217
4 20743172 0.872022961082278
4 20759021 0.308866124690057
4 20781718 0.251579468150975
4 20813764 0.354381395921279
4 20831200 2
4 20834951 2
4 20835478 0.2838
4 20836157 0.1418
4 20840358 2
4 20841583 2
4 20849138 0.6102
4 20849363 2
4 20851988 2
4 20855417 2
4 20860326 0.2027
4 20863997 2
4 20883117 2
4 20892470 0.0945
4 20913904 2
4 20925040 2
4 20925196 2
4 20925733 0.26173060512666
4 20946436 0.404633055585215
4 20950933 0.02
4 20958427 0.2971
4 20987696 5e-04
4 20997068 4.3083
4 21014468 0.434517090591196
4 21024837 0.740366396605574
4 21025699 1.08237009822386
4 21036983 0.193258962810164
4 21046788 1.7521
4 21047669 2
4 21051772 2
4 21070800 2
4 21071975 2
4 21086539 0.135179475700774
4 21086706 5e-04
4 21087379 2
4 21103691 0.8393
4 21105183 0.932
4 21107901 0.9598
4 21109694 0.470694423510957
4 21114426 1.72659306475514
4 21115156 2.1589
4 21124038 0.231555235290775
4 21127552 2
4 21137843 0.768503833268855
4 21139384 1.57120185173313
4 21140620 0.960788146919475
4 21143869 2
4 21143870 0.0015
4 21146392 1.2154
4 21146405 0.8440707177284
4 21170842 1.1209
4 21175125 0.934759729787619
4 21186608 0.6063
4 21191648 1.4283
4 21192928 0.0907
4 21211368 0.6975
4 21221648 0.7491
4 21237007 5e-04
4 21237334 1.4564
4 21237475 1.4636
4 21239241 1.65936835834629
4 21251371 1.3338
4 21252131 0.2928
4 21252777 0.7314
4 21268825 0.8251
4 21272592 0.8251
4 21278384 0.8251
4 21278748 0.0263
4 21282310 1.3338
4 21287227 1.3397
4 21299726 2
4 21321977 0.1396
4 21326704 2
4 21334447 2
4 21357175 1.2536
4 21378043 2
4 21390095 0.9055
4 21391354 2
4 21414239 0.0025718853032678
4 21416357 1.68676857673918
4 21418147 0.476648479420167
4 21425759 0.512970931854085
4 21451001 0.702519440691642
4 21452419 2
4 21454185 2
4 21456549 2
4 21464056 2.6721
4 21476203 2
4 21482139 2
4 21502988 1.83646457278528
4 21505228 2
4 21512797 2
4 21519594 0.229920295869336
4 21532349 0.266810709188507
4 21537616 2
4 21544770 0.123701923718845
4 21560749 0.0134
4 21567922 0.0428
4 21589196 2e-04
4 21612364 0.805582414887734
4 21613040 2
4 21623632 2
4 21630455 2.20038860718471
4 21639568 2
4 21644691 2
4 21646532 0.510389686345465
4 21670984 2
4 21694330 2
4 21694930 2
4 21700366 2
4 21700562 2
4 21716769 2
4 21725415 2
4 21726209 2
4 21730563 2
4 21766671 2
4 21770418 2
4 21771151 2
4 21773940 2
4 21778205 2
4 21778396 2
4 21780645 2
4 21780711 2
4 21782030 2
4 21783509 2
4 21799639 2
4 21814884 1.7043
4 21816098 2
4 21821476 2
4 21824174 2
4 21834159 2
4 21836509 2
4 21845359 2
4 21846459 2
4 21860069 1.2052
4 21862967 2
4 21870448 2
4 21913965 0.725014600959342
4 21930107 1.41387374840483
4 21978252 0.202389047944173
4 21985254 0.4739
4 21998385 2
4 22017300 2
4 22020487 2
4 22026456 0.650870622956282
4 22035751 2
4 22062644 2
4 22077578 0.886
4 22078739 2
4 22085619 0.862
4 22092557 0.7908
4 22199808 1.4856
4 22235358 2
4 22237635 2
4 22253444 1.4315
4 22253558 0.276486001261683
4 22285817 0.00377085472315732
4 22290221 2.9828
4 22299724 1.89777267210756
4 22300116 5e-04
4 22321926 0.3741
4 22330289 2
4 22332657 0.391887270546319
4 22335743 2
4 22338394 2
4 22358916 2
4 22363189 2
4 22380847 0.07
4 22381400 2
4 22405334 2
4 22412400 2
4 22417300 2
4 22481801 2
4 22498102 1.03558950543604
4 22499433 0.664164830015295
4 22506507 0.678065233758488
4 22533761 2
4 22533826 2
4 22539462 0.534569411268544
4 22539640 0.494795255798976
4 22560926 1.22477614956054
4 22572179 0.11477084821992
4 22601152 0.334274607660067
4 22602486 1.63124723978816
4 22603732 0.247882736764335
4 22619470 2
4 22631674 1.42421364223613
4 22635589 2
4 22641704 1.0794
4 22646540 0.386197096652253
4 22650646 2
4 22658997 0.29041601016825
4 22665049 2
4 22669576 0.429839959796396
4 22672547 0.473194753462193
4 22686364 2
4 22687077 2
4 22689064 2
4 22705719 2
4 22709866 2.40571981833192
4 22732811 0.356072404132692
4 22770503 0.789389152903599
4 22779462 2
4 22791905 1.84282483062775
4 22809378 2
4 22841835 1.79186058298751
4 22855267 1.85333144957846
4 22954971 0.487440203411156
4 23024273 1.25555688864198
4 23029397 0.106902098203774
4 23031662 0.982966510046484
4 23049604 2
4 23111486 1.67804074032969
4 23112538 0.513
4 23115925 1.72242449321155
4 23158864 0.1666
4 23173484 0.0817
4 23203995 3.32353670994748
4 23220675 0.510656530623913
4 23232500 0.832428956149632
4 23247049 1.01430261159374
4 23249645 0.733053727280729
4 23275220 0.964503094890368
4 23276862 5e-04
4 23287119 0.208215459801156
4 23287853 0.313817210927051
4 23291852 0.740480645316516
4 23292017 0.105485358131949
4 23292179 0.324313069039176
4 23300516 0.421
4 23303638 0.292913054393152
4 23329968 0.2092
4 23350447 1.3678
4 23360011 1.2154
4 23386627 0.169
4 23391783 5e-04
4 23394524 0.3631
4 23417239 0.3834
4 23438720 0.3226
4 23443225 0.1548
4 23459941 0.865367946343961
4 23461107 0.0721
4 23477323 0.1478
4 23502200 0.281231440776283
4 23545423 0.480750169099897
4 23574702 2
4 23582096 1.02673969187576
4 23582779 0.666552076431427
4 23589966 0.40173819995769
4 23590852 1.81933775749115
4 23592315 0.392527017684409
4 23594475 2.43124259741803
4 23601038 0.757133555482593
4 23602088 0.501200519168573
4 23605445 1.80636687560474
4 23610948 0.410601399203035
4 23623760 0.105433836286154
4 23625465 0.661759643892905
4 23628281 0.785675521225769
4 23631129 0.0866
4 23641746 1.5395603751025
4 23647419 0.0648384462700489
4 23653039 4e-04
4 23653072 5e-04
4 23659650 0.0866
4 23688602 0.355854852378002
4 23695048 0.618882988981451
4 23700935 0.58891427254418
4 23705868 0.162625065714406
4 23712317 0.0921667534563456
4 23714644 0.48008499660214
4 23723312 0.436788319429022
4 23745308 0.0659171080706947
4 23745654 1.25551785042175
4 23760096 0.488255588565867
4 23762517 0.283137256456567
4 23769070 2
4 23785084 5e-04
4 23785214 2
4 23805230 5e-04
4 23808566 2
4 23814301 0.1062
4 23817197 2
4 23822323 2
4 23825992 0.1128
4 23829299 1.7505
4 23830448 1.6672
4 23842707 2
4 23851621 1.28839370688647
4 23898094 0.567505300053437
4 23908517 2
4 23910316 0
4 23912132 2
4 23912945 2
4 23921056 0.515055111624746
4 23925836 0.970856098209971
4 23952242 1.71047306551206
4 23953747 0.2064
4 23960192 0.880489784155998
4 23974980 0.1256
4 23975203 0.0365626158397925
4 23983896 2
4 23984258 2
4 23987249 2
4 23989477 0.145016654591551
4 23990327 0.3596
4 23993601 2
4 23996346 0.1306
4 23996883 0.0396
4 23998857 2
4 24014850 2
4 24018465 2.3442
4 24022867 0.0396
4 24023317 2
4 24023534 2
4 24024065 2
4 24029828 0.9785555084276
4 24036716 2
4 24051372 2
4 24052718 0.1596
4 24053496 0.2554
4 24053802 0.2554
4 24060538 2
4 24078104 0.238788881940754
4 24079823 2
4 24089505 0.4983
4 24102955 2
4 24103554 2
4 24104634 2
4 24117265 2
4 24125447 0.454254853619183
4 24127851 2
4 24128120 2.6546
4 24129763 0.0014
4 24140708 1.34499003963697
4 24152379 0.544594986254815
4 24158969 2
4 24160448 0.3068
4 24162142 1.2325
4 24172160 0.0444
4 24177681 5e-04
4 24187484 0
4 24213455 1.3909
4 24228366 0.617086379031194
4 24239672 2.2541
4 24250268 0.186575483932175
4 24289597 2.27290213596268
4 24294985 2
4 24300923 0.676953054434588
4 24304953 0.369574621578758
4 24339235 2
4 24358932 2
4 24362194 2
4 24369206 0.485133502134095
4 24387782 0.361094272586821
4 24387916 4e-04
4 24443742 2
4 24454039 0.6435
4 24454572 2
4 24471346 0.897
4 24473886 0.00330527964453113
4 24479333 0.531918806648008
4 24482118 2.5378
4 24487818 0.0504768252492489
4 24505835 0.234210975249052
4 24515557 2
4 24521056 0
4 24524958 2
4 24611452 0.999484880943028
4 24621746 0.3592
4 24624564 1.73635855308046
4 24651761 0.427100144100706
4 24654121 2
4 24655724 2
4 24657888 2
4 24661567 0.2621
4 24686704 1.17056835064907
4 24687261 0.2721
4 24689840 0.869833099748951
4 24709481 2
4 24709728 0.470082789181055
4 24715211 0.459795176819069
4 24721314 0.478055695934487
4 24764177 0.0561
4 24766535 0.0561
4 24809365 0.646821296994983
4 24812616 0.313225449374304
4 24854981 2
4 24856159 2
4 24856883 2
4 24857025 2
4 24858712 2
4 24866823 2
4 24886504 2
4 24906187 0.0742
4 24940144 2
4 24944661 0.7857
4 24949258 2
4 24956031 2
4 24956922 2
4 24959664 1.5029
4 24965914 0.5986
4 24995076 2
4 24996002 2
4 25003401 1.1166
4 25007042 2
4 25017003 1.2060814710065
4 25017127 0.129859736768922
4 25021863 2
4 25027470 2
4 25047057 2
4 25056283 1.04679052230181
4 25058763 0.0901674073925696
4 25059136 0.859657410557032
4 25068048 0.8446
4 25071471 1.8325
4 25078246 2
4 25079496 0.8667
4 25083086 2
4 25090924 0.7411
4 25094637 2.4916
4 25096240 2
4 25098048 2.5866
4 25112245 2
4 25112979 2
4 25116373 0.5077
4 25137137 0.817
4 25140078 0.2085
4 25142697 0.2085
4 25149233 0.2085
4 25175349 0.206
4 25178498 0.1718
4 25178969 1.05
4 25197163 0.9762
4 25206520 0.972734326987369
4 25217812 5e-04
4 25223198 0.204
4 25231221 0.856951125585328
4 25235980 1.7626
4 25242258 0.877944512322408
4 25246789 0.9217
4 25246852 1.6005
4 25248350 0.7851
4 25248598 1.16998596808018
4 25253865 1.6005
4 25260772 0.809085035830644
4 25266238 5e-04
4 25269542 0.523945668941345
4 25271552 0.9217
4 25278723 1.9872
4 25279765 0.709364804503486
4 25287567 1.72805592218453
4 25288820 0.526082990266159
4 25297528 1.5925
4 25301068 0.4849
4 25301627 0.759442173162923
4 25316634 0.406562116674098
4 25317728 4e-04
4 25318076 1.65340168346289
4 25320239 0.671607761524585
4 25322666 1.5846
4 25323407 0.826579620851214
4 25325172 0.425991218835443
4 25325666 0.638921877448709
4 25351018 0.837582235971906
4 25373317 1.69582411457508
4 25386915 1.5692
4 25407702 0.327867274368321
4 25427761 1.04755896465236
4 25451479 5e-04
4 25455150 0.579733394413236
4 25455580 2
4 25464168 2
4 25466856 0.0348
4 25468632 2
4 25469752 1.2154
4 25470246 1.1072
4 25475259 0.1496
4 25481758 0.1079
4 25492980 2
4 25493996 2
4 25494971 2
4 25497587 2
4 25504028 1.1957
4 25512071 1.1957
4 25520411 5e-04
4 25522698 0.8744
4 25537945 0.3298
4 25540445 2
4 25552656 0.329727235653612
4 25557151 0.514201714852092
4 25558035 1.3250230719194
4 25559656 2
4 25566296 2
4 25569129 2
4 25583912 0.0077
4 25585653 0.6978
4 25591416 0.4876
4 25592207 0.4876
4 25593908 0.1009
4 25596222 0.1204
4 25629014 0.0078
4 25629360 2
4 25630474 0.564624101247349
4 25644925 2.33659355820716
4 25649350 0.1956
4 25666900 2
4 25691032 0.981184373840019
4 25701777 0.968692834402094
4 25701964 0.70971792616214
4 25707110 1.547934517367
4 25723215 2
4 25726966 2.12849339472042
4 25732553 2
4 25742544 1.37828731865832
4 25743252 0.0796305437327483
4 25752404 0.060459251821121
4 25755525 1.23612784540308
4 25757487 2.63483978689749
4 25760510 5e-04
4 25768349 0.365455625110599
4 25770351 1.46794577951619
4 25803799 2
4 25808474 0.656796396901144
4 25811497 0.904422106298579
4 25815867 0.995324238335424
4 25819180 1.37938248019189
4 25907297 2
4 25948380 0.6374
4 25950504 0.921854845530791
4 25951541 1.9814
4 25953848 2
4 25953925 2
4 25954868 2
4 25958516 2
4 25960447 2
4 25969558 2
4 25969855 2
4 25976660 1.58702018267421
4 25978666 2
4 26011237 0.210856367242145
4 26064242 2.17985523716146
4 26065241 2
4 26070821 1.454
4 26071045 0.395714153502616
4 26071318 2
4 26072367 2
4 26079389 2
4 26109491 2
4 26118856 2
4 26135151 2
4 26140586 2
4 26153738 2
4 26155641 2
4 26165576 1.05509260304071
4 26210471 1.32879812640169
4 26211966 2
4 26212560 2.6444
4 26214268 0.150990306763341
4 26214895 0.0078
4 26215105 2
4 26215205 2
4 26272652 2
4 26283944 2
4 26290770 1.2503
4 26307170 0.740472370498368
4 26311263 1.3104
4 26320420 1.3043
4 26321307 0.0866337225908543
4 26339419 2
4 26360595 0.2306
4 26363955 2
4 26422116 2
4 26429764 0.4676
4 26438698 2
4 26444174 2
4 26446670 2
4 26447138 2
4 26447710 2
4 26448916 2
4 26452344 2
4 26456232 2
4 26465480 2
4 26477165 2
4 26492423 0.98585433440678
4 26498027 2
4 26498074 2
4 26508869 0
4 26512095 2.056
4 26526655 0.266691053262272
4 26529176 0.118
4 26552766 1.55087873291877
4 26561334 3.0516
4 26571495 0
4 26614382 2.8015
4 26626639 1.49395892574955
4 26645889 0.0264621585447065
4 26649150 0.0053
4 26662401 0.357794757551304
4 26664724 3.1847
4 26694112 0.309071850986862
4 26697620 0.0839494598889028
4 26700904 1.6136
4 26752136 0.0692939546272633
4 26772351 0.378982815541766
4 26816248 2
4 26817281 2
4 26818002 0.607269230686538
4 26834330 2
4 26842587 0
4 26865989 5e-04
4 26888810 2
4 26896572 3.7652
4 26906966 0.585784710623732
4 26912917 2
4 26955142 0.0644
4 26967785 1.39115905506572
4 26989777 1.50187536875178
4 27003315 2
4 27054958 2.1276
4 27059255 1.43037510745248
4 27075660 2
4 27079230 1.02168221522602
4 27079504 5e-04
4 27105597 0.3226
4 27131415 0.950806473679063
4 27147136 1.6432
4 27177194 1.6538
4 27183570 5e-04
4 27199734 1.40648713746838
4 27200814 0.247132335595678
4 27202141 0.0771018247662776
4 27213567 0
4 27214724 0.3077
4 27221753 0.0600324923060645
4 27226393 1.614
4 27231153 2
4 27240997 1.28581516660464
4 27242637 1.98527966670181
4 27248671 0
4 27257890 0.752240520513821
4 27260910 2
4 27267900 2
4 27272462 1.34477133022642
4 27279146 0.633292542425035
4 27302138 1.1688
4 27316522 0.363401271036036
4 27317736 0.1346
4 27333816 0.0505
4 27334101 0.3206
4 27344943 0.466078492866358
4 27351246 1.21843894074676
4 27356897 0.150083439637058
4 27358241 0.3924
4 27361323 0.584163720534562
4 27363505 2
4 27370254 2
4 27371000 2
4 27371594 0.5078
4 27375228 2
4 27391620 2
4 27403648 0.386901889837231
4 27430334 0.67470127517053
4 27431727 1.96776060343943
4 27449730 1.9629
4 27450860 0.77230513520043
4 27468581 0.253878953274981
4 27471927 0.877537783990331
4 27481548 0.729767898881782
4 27488215 0.895849780535175
4 27491363 0.9616
4 27498229 0.1722
4 27501690 0.9954
4 27501919 0.1859
4 27503994 1.9966
4 27504792 0.086690676101525
4 27505838 0.1722
4 27523937 2
4 27532877 0.9954
4 27534351 0.9954
4 27534703 0.9954
4 27536028 0.8712
4 27541446 0.8997
4 27547283 2
4 27547828 1.0315
4 27558235 0.1722
4 27559202 0.59799920430432
4 27567318 0.1722
4 27583903 3.3988
4 27610672 2
4 27623339 0.2209
4 27625599 8e-04
4 27633357 0.872350394013456
4 27647416 0.8922
4 27660703 2
4 27662011 1.6366
4 27677978 0.4332
4 27677989 2
4 27702333 0.3953
4 27710159 2
4 27717146 0.2268
4 27721696 1.24456049709112
4 27729608 0.159813420487055
4 27731054 1.62864980215514
4 27732961 1.45633298297582
4 27741067 2
4 27743597 2
4 27770843 2
4 27772498 0.3354
4 27780435 2.20308397562578
4 27781819 2
4 27789313 2
4 27790738 2
4 27791449 2
4 27794123 3.6742
4 27799356 2
4 27803966 0.203501528184977
4 27828653 0.512595847452809
4 27838761 2
4 27845839 2
4 27848612 2
4 27850386 2
4 27877265 2
4 27887626 0.1073
4 27890163 2
4 27907955 0.2513
4 27912449 2
4 27914652 0.2513
4 27916595 2
4 27917262 2
4 27919086 0.248915578486036
4 27921463 0.95611738966856
4 27923344 0.2139
4 27924723 2
4 27938468 2
4 27956652 2
4 27959911 2
4 27976736 1.48596851810791
4 27983685 2
4 27993445 2
4 27993689 2.0436
4 28001949 2
4 28026351 0.748
4 28034647 2
4 28039251 2
4 28042773 2
4 28047326 2
4 28059322 2
4 28069787 2
4 28078951 2
4 28081393 2
4 28085443 2
4 28089230 2
4 28095073 2
4 28098677 0.3929
4 28102057 2
4 28102663 0.3929
4 28103868 0.3929
4 28111665 2
4 28118573 2
4 28123037 0.3137
4 28123895 2
4 28133727 0.3137
4 28134095 0.98455123839808
4 28138387 2
4 28139428 3.1148
4 28143400 2
4 28146883 2
4 28157748 2
4 28159523 2
4 28160631 5e-04
4 28178956 2
4 28185642 1.00228906514411
4 28186074 0.413497630608582
4 28194253 2
4 28195746 2
4 28199920 2
4 28228391 2
4 28229911 2
4 28230916 2
4 28231588 2
4 28233727 2
4 28242270 2
4 28244533 2
4 28245616 2
4 28248608 2
4 28253316 2
4 28255891 2.1257
4 28255961 2
4 28256668 2
4 28261342 2
4 28265359 2
4 28266440 2
4 28267789 2
4 28268113 2
4 28271201 1.0218
4 28273582 2
4 28281671 2
4 28283016 2
4 28284625 2
4 28295638 2.5047
4 28304615 0
4 28311429 2
4 28313645 2
4 28331862 0.9288
4 28347887 0.7269
4 28382227 0.0804
4 28390508 2
4 28393836 2
4 28398497 2
4 28403293 2
4 28408639 2
4 28409778 2
4 28409878 2
4 28411036 2
4 28412012 2
4 28414626 2
4 28418043 2
4 28421331 2
4 28443888 0.7512
4 28467185 5e-04
4 28467194 0.975072178342897
4 28467203 1.20444529799731
4 28473842 2
4 28474268 0.5325
4 28475191 0.4808
4 28481737 0.5325
4 28482587 2
4 28488759 2
4 28492914 0.5325
4 28512811 2.51219099801736
4 28529092 2
4 28535008 2
4 28536508 2
4 28553641 2.9402
4 28559024 2
4 28566342 2
4 28588041 2
4 28599255 0.6742
4 28603294 2
4 28609061 2
4 28623303 2
4 28632191 1.25300033876285
4 28632203 2
4 28634440 2
4 28650827 0.678571635349962
4 28654567 1.0209
4 28659234 0.293772313156084
4 28663327 0.5561
4 28663620 7e-04
4 28665254 1.39284007926784
4 28668670 2
4 28677256 0.5561
4 28681834 1.358921497491
4 28682582 1.0209
4 28689935 0.281266026380905
4 28693303 2
4 28713951 0.4896
4 28719293 0.261351514705488
4 28737440 0.764542397838081
4 28738334 0.862
4 28744470 0.0311
4 28748057 0.911
4 28760463 1.29172578562797
4 28767367 0.391325944568965
4 28768299 0.0059
4 28769051 2
4 28774231 1.1662
4 28777345 2.5047
4 28828977 0.504708653477301
4 28840542 2
4 28844646 2
4 28848543 2.7095
4 28858567 2
4 28860289 2
4 28861333 2
4 28862285 2
4 28867876 2
4 28870029 2
4 28877415 2
4 28880562 0.954501811400931
4 28889296 2
4 28904519 2
4 28918458 0.0816
4 28927417 1.7579
4 28930624 1.7243
4 28938085 2
4 28942464 0.2329
4 28945488 2
4 28950623 1.1116
4 28953912 1e-04
4 28954528 2
4 28961048 0.6665
4 28968032 0.276088989165866
4 28969186 2.8617
4 28974077 2.8543
4 28974188 2.519
4 28974958 2.519
4 28977727 2.519
4 28981104 0.6959
4 28981213 0.6959
4 28981220 0.3486
4 28982015 2
4 28990459 2.8119
4 29002513 2
4 29038883 1.27853621390374
4 29040588 2
4 29040824 0.1014636421636
4 29051538 1.40448355129681
4 29059948 3.1459
4 29065698 2
4 29066235 2
4 29067897 2
4 29073469 0.448158617607452
4 29081849 0.5483
4 29086637 2
4 29087169 2
4 29111799 2
4 29111926 2
4 29114260 0.283459074743881
4 29129861 0.009
4 29143624 0.0543
4 29144881 2
4 29162359 0.0345
4 29179653 2
4 29196372 0.7096
4 29196981 0.0345
4 29213973 2
4 29230326 2
4 29243451 0.2013
4 29245454 2
4 29250541 2
4 29266158 0.110645298130414
4 29282928 0.0258
4 29299903 2
4 29304842 2
4 29305284 2
4 29327699 0.4635
4 29328845 0.763987131884812
4 29347054 2
4 29348141 2.0355
4 29375969 2
4 29396542 2
4 29397246 2.8804
4 29416884 2
4 29429889 2
4 29433128 2
4 29438207 2
4 29438518 2
4 29487052 1.1564
4 29492153 1.1564
4 29504603 0.3087
4 29505367 0.3087
4 29523483 0.0905
4 29526177 0.0905
4 29531676 0.247
4 29569993 0.6713
4 29579192 1.52910925681677
4 29594994 0.562304832566572
4 29608591 0.768753733548303
4 29610199 2.01002570617606
4 29616713 0.102249868750213
4 29627151 0.543069996069449
4 29633231 0.602277147698069
4 29658921 1.1642428178458
4 29662314 0.254877545912111
4 29663111 2.05589993065845
4 29670054 0.849436064253627
4 29680641 0.127673805814498
4 29688507 0.698691928338036
4 29692896 0.284789781156335
4 29694014 1.49461936138323
4 29694639 0.43164750358839
4 29718532 0.179073897985215
4 29727502 0.0311667737744178
4 29727586 0.491733140327705
4 29734030 0.473281327253265
4 29734925 1.12813938664862
4 29735625 3.1148
4 29736122 8e-04
4 29737339 0.91298849422378
4 29742832 1.4063
4 29754575 1.3919
4 29762869 1.4443
4 29776137 1.9232
4 29827208 0.5617
4 29852172 0.5617
4 29853263 5e-04
4 29856163 0.5617
4 29888111 0.7343
4 29904202 1.38241522731583
4 29913345 1.53502413843307
4 29924323 0.26811853217827
4 29933085 1.33748744858825
4 29941697 2
4 29951644 2
4 29958702 2
4 29982779 0.632318477783149
4 30013470 0.514815746796246
4 30038141 8e-04
4 30039797 2.3728
4 30073962 1.5951
4 30122170 2.5251
4 30168059 0.783
4 30190021 2.878
4 30278036 2
4 30278518 0
4 30278604 5e-04
4 30297188 2
4 30339316 2
4 30342897 2
4 30372004 2.7095
4 30416435 2.0678
4 30416817 5e-04
4 30435474 2
4 30449418 1.30925662150114
4 30466544 1.29087832557951
4 30475924 1.29771097546294
4 30481254 2
4 30482533 0.5818
4 30500383 0.6107
4 30502629 0.0346
4 30513579 0.0989291337464489
4 30523504 0.275434315354309
4 30559459 0.6737
4 30563228 2
4 30570106 2
4 30579288 0.842
4 30584028 0.309784355115411
4 30584605 2
4 30585125 1.2613881291941
4 30585613 0.01299574169814
4 30594376 2
4 30594399 0.727297274850693
4 30597440 0.0406
4 30600246 0.597415994060539
4 30603106 1.03247582124324
4 30608426 0.6107
4 30610404 0.6107
4 30623341 0.771161769888436
4 30624805 1.53215789796468
4 30627481 0.460310325750648
4 30634358 1.2154
4 30639396 0.0403
4 30642285 0.4346
4 30647014 2
4 30671418 0.0294
4 30674174 2.2265
4 30680948 1.1498
4 30686261 2.2265
4 30696095 2
4 30713979 2
4 30727705 1.1662
4 30743003 2.1508
4 30753012 2
4 30760708 0.1436
4 30762510 0.0053
4 30777798 2
4 30780480 0.0742
4 30826183 2
4 30832453 0.91696032289436
4 30834919 1.0571
4 30841158 2
4 30842598 1.57640252634197
4 30860049 0.9944
4 30878035 0.668222698732303
4 30887078 0.631552643337089
4 30887959 1.0064
4 30888174 0.523793528727806
4 30898613 1.0003
4 30907731 2
4 30917740 2
4 30935612 2
4 30939390 2.978
4 30941879 1.0125
4 30949986 1.8559
4 30962769 2
4 30969999 2
4 30989741 1.9178
4 30997233 0.0534238794394725
4 31020366 0.9067
4 31025528 2
4 31040369 0.54729204611506
4 31074549 2
4 31078549 2
4 31087909 2.7911
4 31119130 1.8474
4 31151756 2
4 31177748 0.2392
4 31182862 2
4 31187487 0.3243
4 31188339 2
4 31194420 2
4 31195388 2
4 31207606 2
4 31215694 1.29197826134425
4 31236879 2
4 31289531 3.1148
4 31300389 1.507
4 31301938 1.5108
4 31306077 1.5255
4 31318058 2
4 31335297 0.441802079793398
4 31336439 1.31510438676658
4 31336527 0.0585899318040843
4 31351292 2
4 31351906 2
4 31357354 1.8305
4 31358642 0.71666177218959
4 31359076 1.32092592323109
4 31360547 0.0460429242642626
4 31370348 0.160407207129593
4 31378140 2
4 31399090 2
4 31421680 2
4 31426599 2
4 31440850 0.250282885466057
4 31441023 1.29435667286733
4 31446732 0.0185421417818024
4 31451011 0.150228945482665
4 31453218 0.936118786143878
4 31488699 0.1254
4 31489568 0.2361
4 31512393 0.2233
4 31520864 0.2233
4 31534179 0.268
4 31540271 0.2527
4 31542212 0.145253606517627
4 31549785 1.31629917749038
4 31562942 0.2527
4 31565303 0.17130680670293
4 31580718 2
4 31589460 0.32686306814528
4 31591131 1.74837968872189
4 31591371 0.855079850905355
4 31591600 2.03233062286539
4 31594892 0.229830031974452
4 31606118 2
4 31612138 2
4 31613495 0.6829219629026
4 31613806 0.93053431537323
4 31613931 2
4 31614451 2
4 31618735 2.1066
4 31631881 1.21660872483537
4 31632276 1.6144
4 31638695 2.0409
4 31665980 0.2527
4 31667081 0.2603
4 31667545 0.2603
4 31670046 0.794953340192467
4 31672900 0.2603
4 31695802 0.0907
4 31707438 1.0699
4 31714203 1.8785
4 31720295 5e-04
4 31732740 5e-04
4 31742430 0.5208
4 31778723 5e-04
4 31800527 0.222075239081076
4 31814576 2.21525521181887
4 31833443 0.592718699804387
4 31838584 1.2434
4 31844053 0.878888720223971
4 31853424 0.701604697086123
4 31856217 5e-04
4 31873642 1.88118383174023
4 31877952 2
4 31910176 0.734398354534223
4 31918824 0.9182
4 31920723 0.147196719817687
4 31944658 0.6643
4 31964018 2
4 31964939 2
4 31969497 1.16532896394862
4 31973383 2
4 31979087 2
4 31986185 2
4 31987379 1.1231
4 31996588 2
4 31997234 2
4 32013980 0.831179221058924
4 32015357 0.974444842789767
4 32035540 0.13994096820714
4 32046972 1.54418830571408
4 32056124 2
4 32063783 0.198663853437449
4 32081463 1.22153922132112
4 32083568 0.689189293490574
4 32084513 1.24650139084199
4 32100183 0.116473436238144
4 32108293 0.280150586512518
4 32127312 1.1583
4 32132504 0.9558
4 32133642 0.953356367631416
4 32140134 1.11274023954104
4 32153519 0
4 32176547 2
4 32180383 2
4 32187709 5e-04
4 32199256 2
4 32200779 2
4 32201803 2.4951
4 32202309 2
4 32204223 2
4 32211588 2
4 32218609 2
4 32220380 2
4 32222159 2
4 32225083 2
4 32238024 2
4 32240951 2
4 32244263 2
4 32244915 2
4 32245182 2
4 32245456 2
4 32248937 2
4 32254828 2
4 32255112 2
4 32256359 2
4 32256773 2
4 32257908 2
4 32270557 0.015572501132124
4 32272509 0.598261707566856
4 32274853 1.49603618173173
4 32276511 2.26932975736455
4 32280590 0.616393135795293
4 32293130 1.39908304875944
4 32294084 1.48146972394597
4 32295092 1.44040043071154
4 32295526 0.345901559498151
4 32295774 0.767507491837649
4 32297128 2.8336
4 32297745 0.622821545690387
4 32299165 1.15189847047038
4 32308994 1.4797
4 32316642 1.02308845393008
4 32357394 0.466817610630067
4 32365554 0.0078
4 32368398 0.6096
4 32371244 1.34042412244998
4 32371823 0.6096
4 32373042 2.9885
4 32375709 0.2858
4 32375804 0.443384099864732
4 32379004 0.3057
4 32383424 0.3057
4 32385819 0.2858
4 32386775 1.1049
4 32388032 0.575240781811769
4 32407654 1.777
4 32408526 0.0440156568902549
4 32410624 0.790556740740544
4 32411321 0.1364
4 32411568 0.451290800841403
4 32422014 0.231
4 32438821 0.947802702509421
4 32444354 2
4 32448986 2
4 32449104 2
4 32449895 2
4 32463714 2
4 32468591 2.2251
4 32490085 2
4 32513834 1.834
4 32522802 1.81
4 32531000 2
4 32554206 1.8846
4 32564622 1.9114
4 32572959 2
4 32578599 1.3452
4 32585228 2.8907
4 32585610 2.6777
4 32585823 1.4842
4 32588450 2.8015
4 32591140 2
4 32592229 0.0948
4 32594151 2
4 32598512 2
4 32599566 2
4 32605079 2
4 32617559 2
4 32619397 2
4 32620389 2
4 32621281 2
4 32622445 0.170503433396248
4 32633422 2
4 32640371 2
4 32641796 1.9074
4 32641809 2
4 32642542 2
4 32642916 2
4 32648222 2
4 32648972 2
4 32649344 2
4 32662940 2
4 32664946 2
4 32667752 0.2702
4 32670953 0.4135
4 32677669 2
4 32689249 2.3091
4 32696573 2
4 32698928 2
4 32710043 2.6129
4 32713308 0.393
4 32737968 2.4767
4 32751191 2.4767
4 32759301 2.4767
4 32762266 2
4 32771809 2.4767
4 32785027 2
4 32799018 2
4 32805457 2.6129
4 32813866 0.500345845772367
4 32824392 2
4 32830077 5e-04
4 32830953 2
4 32909309 0.0621
4 32918554 5e-04
4 32919993 2
4 32923782 5e-04
4 32929894 2
4 32931734 2
4 32939182 0.5823
4 32956918 2.4916
4 32959465 1.1504
4 32973203 2
4 32978361 8e-04
4 32987023 1.1504
4 32993994 1.1504
4 33007808 1.0265
4 33009858 1.0265
4 33014197 0.0053
4 33028348 0.9906
4 33028604 1.0265
4 33034835 0.9906
4 33095472 0.0078
4 33116452 1.5145
4 33220554 1.6147
4 33224316 0.0814
4 33267072 1.11875305272977
4 33283198 0.1286
4 33285625 0.1286
4 33285662 0.1138
4 33292035 0.1149
4 33292250 5e-04
4 33295608 0.1286
4 33301937 5e-04
4 33314910 0.0502
4 33315284 0.0502
4 33320778 0.0502
4 33326814 0.0502
4 33335416 0.0621
4 33338674 0.0502
4 33342400 0.0502
4 33345757 0.0502
4 33353705 0.0502
4 33356665 2.13
4 33444239 2
4 33448172 3.2033
4 33451608 0.112246542905357
4 33502048 1.8942
4 33505631 2.4178
4 33585539 2.3126
4 33650296 2.8547
4 33754788 0.0621
4 33996259 2
4 34030257 0.286075140848549
4 34072938 1.2154
4 34092420 2
4 34124835 1.2154
4 34128191 1.2154
4 34172419 2.8661
4 34529123 1.8879
4 34537692 0.9792
4 34549285 1.5545
4 34550272 1.0498
4 34555302 1.5637
4 34569717 1.3165
4 34574163 1.4006
4 34579900 1.4006
4 34580946 0.825725305872936
4 34614902 1.1453
4 34622691 1.1453
4 34641983 1.185
4 34645432 1.185
4 34648256 1.185
4 34649839 1.0087
4 34656211 1.3941
4 34660601 1.185
4 34679649 1.3941
4 34685827 1.3687
4 34688449 1.3749
4 34690544 1.3749
4 34691259 1.3749
4 34693118 1.3749
4 34698516 1.3749
4 34701898 1.3749
4 34708528 3.2214
4 34711426 1.3749
4 34714489 1.3749
4 34716485 1.9744
4 34716574 0
4 34718695 1.3749
4 34720207 1.3749
4 34744206 0.9367
4 34750349 1.082
4 34754605 1.082
4 34766569 2
4 34771434 2
4 34774983 2
4 34776515 1.3183
4 34797280 0
4 34798693 0.94976410659789
4 34804055 0.1224
4 34804238 0
4 34805966 0.2756
4 34813963 0.1389
4 34818600 0.1389
4 34829453 1.8618
4 34836191 2.1052
4 34864216 1.6354
4 34867098 1.6354
4 34879443 1.6658
4 34891754 1.1529
4 34897633 0.0389
4 34904800 2
4 34908029 1.1529
4 34910786 2.4476
4 34912511 1.1529
4 34920648 2
4 34922818 2
4 34927769 4e-04
4 34939512 2
4 34950772 2
4 34968626 2
4 34968875 2
4 34969296 2
4 34980550 2
4 34983482 2
4 34990204 2
4 35013796 0.0897
4 35021683 2
4 35031427 2.4916
4 35040919 2
4 35056663 2
4 35059076 2.3126
4 35059864 0.14750340879476
4 35061889 2
4 35067543 2
4 35094659 1.27456871058237
4 35094664 0.136436336117748
4 35106846 2
4 35111106 2
4 35127614 0.6384
4 35131085 2
4 35137952 2
4 35140838 2
4 35148038 2
4 35150883 3.0516
4 35162227 0.9917
4 35175509 0.3362
4 35187939 2.9936
4 35193165 2
4 35197215 0.6238
4 35213233 2
4 35216410 2.7708
4 35246709 1.6098
4 35254099 1.3459
4 35270369 0.7871
4 35271669 2
4 35330817 2
4 35330818 1.9629
4 35336670 2
4 35341561 2
4 35343008 2
4 35344788 2
4 35347626 2
4 35350180 2
4 35350901 2
4 35352145 2
4 35352298 2
4 35355171 2
4 35360412 2
4 35393389 1.02755004091193
4 35417455 0.4138
4 35417912 1.3254
4 35421563 0.4138
4 35424314 0.4314
4 35430215 1.2502
4 35435241 0.4138
4 35447363 1.5495
4 35447714 0
4 35450430 0.3968
4 35452331 0.3968
4 35460801 0.3968
4 35470089 0.3968
4 35485463 0.3968
4 35492523 0.3968
4 35499253 1.41462815698861
4 35499296 0.0824
4 35503998 0.0824
4 35504910 0.0824
4 35508610 0.0824
4 35511767 1.5148
4 35513086 0.396552241355702
4 35513316 1.5148
4 35515805 1.5148
4 35518890 1.4002
4 35519308 1.14115515675525
4 35519518 1.4161
4 35521194 2
4 35524014 2
4 35529866 2
4 35530413 1.3254
4 35536033 2.9924
4 35548988 2
4 35549406 2
4 35558581 2
4 35568152 2
4 35572690 2
4 35573199 2
4 35573794 2
4 35574457 2
4 35578928 2
4 35579228 2
4 35581311 2
4 35581873 2
4 35582415 2
4 35583418 2
4 35588918 2
4 35594784 0.3998
4 35601474 1.4026
4 35605025 2
4 35620211 2
4 35622038 2
4 35633450 0.3998
4 35641990 2
4 35643554 2
4 35644318 2
4 35652351 0.0531
4 35677892 2
4 35680483 2
4 35694359 0.7999
4 35694736 2
4 35695568 0.0217
4 35695777 0.5073
4 35704577 0.694920891498711
4 35708422 1.0133
4 35709045 1.4681
4 35723831 2.38896095906601
4 35730725 0.7534
4 35735020 0.0913
4 35738606 0.0198301039549158
4 35739671 0.7762
4 35748015 0.520293684247821
4 35751253 0.7762
4 35761072 1.4197
4 35769289 2
4 35775752 2
4 35775790 2
4 35795460 2.26317700099262
4 35816540 2.33994082395988
4 35820551 1.011
4 35827750 2
4 35829099 0.666860354499806
4 35838200 0.1137
4 35843676 0.0250805503470392
4 35849784 0.178568186285551
4 35854374 2
4 35858992 1.0252
4 35867105 1.8118
4 35869016 1.8118
4 35878184 1.2899
4 35884720 1.3534
4 35886455 5e-04
4 35895546 0.1867
4 35899068 1.6754
4 35904961 1.19285147986762
4 35911158 1.4868
4 35911867 2
4 35916779 0.33669496260328
4 35941292 1.37795679691119
4 35947503 0.546997673719779
4 35953888 0.0089
4 35965624 0.0089
4 35967126 1.1938
4 35972378 0.714028062187319
4 35983345 1.7097
4 36003170 0.24192299247654
4 36003186 0.557569726374732
4 36014119 0.100345460640387
4 36014226 1.6015
4 36016200 2
4 36024197 2
4 36027939 0.0621
4 36034248 0.1048
4 36040200 2
4 36049730 0.0631
4 36056475 0.3641
4 36059915 1.804
4 36070203 2
4 36072110 2
4 36072689 2
4 36093750 1.9275
4 36105175 0.0386
4 36107787 0.0329
4 36113053 2
4 36125074 2
4 36145585 2
4 36145766 0.1444
4 36149998 2
4 36151506 2
4 36153472 2
4 36161172 2
4 36169834 0.1208
4 36234176 2
4 36247772 2.5175
4 36257446 2.1063
4 36288214 2
4 36303599 2
4 36336102 1.9532
4 36336969 3.03
4 36340469 1.7987
4 36343755 2
4 36354851 0.1258
4 36357572 0.1258
4 36357965 0.1395
4 36359348 2
4 36360686 2
4 36400980 2
4 36415110 2
4 36422079 2
4 36423717 2
4 36431538 2
4 36435188 2
4 36436373 5e-04
4 36442097 2
4 36451788 1.05363630224214
4 36459066 2.1033
4 36464930 2
4 36472534 2
4 36488007 2
4 36489193 2
4 36490038 1.4032
4 36495107 2.1033
4 36500391 2
4 36507741 2.1276
4 36507812 2.0349
4 36508969 1.9926
4 36512544 2.0135
4 36512628 0.6107
4 36519906 2
4 36528965 1.3887
4 36529152 2
4 36534603 2.596
4 36535365 2.8051
4 36541459 0.9853
4 36544585 2
4 36555816 0.9853
4 36558109 2
4 36561483 2
4 36570633 2
4 36571726 1.0175
4 36572743 0.9853
4 36575662 2
4 36580946 2
4 36590662 0.8699
4 36592950 0.8699
4 36594643 2
4 36604879 2
4 36606961 0.139180718890367
4 36612795 0.8699
4 36614976 1.0569
4 36620645 2
4 36622271 2
4 36622534 2
4 36623061 0.714
4 36624099 2
4 36625362 2
4 36626605 1.0175
4 36626792 2
4 36629966 2
4 36631804 2
4 36639300 2
4 36643925 1.1738
4 36645595 0.714
4 36649749 2
4 36657676 0.8428
4 36669124 0.6853
4 36672526 0.7583
4 36674515 0.7977
4 36688184 2
4 36703185 2
4 36705626 2.98945269122054
4 36714162 2e-04
4 36714734 2
4 36716883 2
4 36720529 1.2304
4 36728959 0
4 36745916 2.1425
4 36782608 2
4 36794259 0.697515156554481
4 36805498 2
4 36807515 0.1181
4 36812511 0.0604487659165741
4 36817760 0.730028009361355
4 36836995 0.12899001105997
4 36838053 2.87509330394631
4 36842431 5e-04
4 36848752 0.2975531207006
4 36864316 0.054
4 36864472 0.743650711980975
4 36874332 1.36153745459173
4 36876791 2
4 36894543 0.0638
4 36916567 0.0187
4 36918892 0.917901130628601
4 36922116 0.377125780268948
4 36942201 0.404113662820107
4 36944475 1.1265
4 36945418 2
4 36946729 0.493261137860386
4 36960881 0.186868486331082
4 36962583 0.219933888112595
4 36965803 1.87584058392712
4 36971828 0.897320918269777
4 36974109 0.7086
4 36985325 2
4 36994137 1.02294028422939
4 36995140 0.0960859603979992
4 36995218 2
4 37004292 0.504945922150448
4 37004990 2
4 37008310 0.497105256582326
4 37020071 1.2523
4 37022417 0.411600661468717
4 37031747 1.60511213988858
4 37038654 1.8127
4 37043019 0.8341
4 37043881 0.392399064508497
4 37054896 0.488384734500657
4 37061086 0.785633100860981
4 37061447 0.517423494848786
4 37065617 2.08518756819393
4 37068566 2
4 37070129 1.88312120925869
4 37074155 0.8064
4 37078926 2
4 37082289 1.51070576753089
4 37083472 2
4 37083615 1.23421803541547
4 37085745 2
4 37091323 2
4 37100657 0.8064
4 37103171 2
4 37105506 2
4 37109997 0.462943838861898
4 37116566 1.0016
4 37139333 2
4 37144283 1.1046
4 37149911 2
4 37150700 2
4 37152190 1.5735
4 37153722 2
4 37158159 0.7003
4 37160867 2
4 37162397 2
4 37169238 0.7603
4 37175490 2
4 37180457 2
4 37182657 2
4 37190475 1.5735
4 37192306 0.7744
4 37193422 2
4 37197575 1.5735
4 37202774 1.5735
4 37202836 0.7603
4 37202850 2.7865
4 37210604 2
4 37226884 1.4785
4 37236246 0.2193
4 37241481 1.4154
4 37245915 1.4286
4 37264138 1.4766
4 37274700 5e-04
4 37276395 0.070618555375169
4 37289899 1.44682266835003
4 37290240 0.308939297184649
4 37323531 0.9399
4 37324063 4.6037
4 37328466 2
4 37355909 0.0925116426946191
4 37355937 2
4 37361218 2
4 37362891 0.502269524036159
4 37363424 1.32901040096258
4 37369296 3.2625
4 37383649 2
4 37386928 2
4 37389597 2
4 37394974 0.713633274764432
4 37397654 0.8906
4 37399153 0.555941210032874
4 37403400 2.1368
4 37409705 0.6114
4 37412651 2
4 37414126 2
4 37420988 0.372359099566775
4 37421376 1.0201
4 37422298 2.8712
4 37428892 0.523049839192694
4 37433438 4.0116
4 37438700 2.2967
4 37450188 5e-04
4 37451884 0.947
4 37468491 0.1309
4 37469547 0.0755
4 37471766 2.5175
4 37475388 1.0083
4 37478440 0.435842573879493
4 37509207 0.393251801290865
4 37511155 0.672242161100135
4 37511717 0.0272009789724563
4 37518306 2.2634
4 37519972 2.2634
4 37522497 2.2634
4 37525161 0.676187452937056
4 37525222 0.942094925628266
4 37526083 1.54693565417036
4 37526708 0.310498370125182
4 37527991 2
4 37541940 2
4 37548806 0.92515189658428
4 37550820 0.478450088626597
4 37560661 0.46
4 37562080 0.46
4 37563464 0.4483
4 37574112 0.263362469890122
4 37582336 1.12464322127336
4 37586465 0.0171
4 37593955 1.6035
4 37596390 0.272309554489778
4 37600285 0.4448
4 37604132 2
4 37604850 2
4 37605803 1.37237253390078
4 37608827 2
4 37636260 2
4 37636413 2
4 37658993 2
4 37660839 1.1899
4 37677268 0
4 37687115 1.3275
4 37692424 2.7865
4 37709803 0.237459137539108
4 37710114 0.5533
4 37712664 0.5533
4 37724130 1.3433
4 37728981 1.3369
4 37734621 2
4 37748947 2.9027
4 37762524 2
4 37774199 2
4 37785543 2
4 37788233 2
4 37788422 1.1824
4 37790168 2
4 37790180 0.61727843456355
4 37792044 2
4 37799254 2
4 37800810 2
4 37801997 2
4 37803976 0.20007798775197
4 37804193 0.0567145638379531
4 37804819 1.28275581926875
4 37806100 1.77340073377009
4 37806170 0.205580207138703
4 37806702 1.47215543692203
4 37840916 2
4 37841192 2
4 37842983 2
4 37844969 1.36482042597583
4 37848691 2
4 37850889 2.07341923967898
4 37860030 2
4 37874375 2
4 37875562 2
4 37901470 2.4795
4 37905775 1.29462006561332
4 37910251 1.583
4 37913546 2
4 37913639 5e-04
4 37922320 2
4 37928458 2
4 37935813 2
4 37950700 0.8798
4 37953111 0.8642
4 37956109 0.8958
4 37961359 3.7151
4 37997283 2
4 38001112 3.1148
4 38012517 2
4 38012942 1.9028
4 38023718 1.2556
4 38024164 2.6092
4 38063619 0.9372
4 38068300 5e-04
4 38077854 1.4511
4 38102238 2.065
4 38103540 2
4 38115346 1.3402
4 38137235 1.2722
4 38143752 1.2498
4 38145363 2.6679
4 38154812 2
4 38155028 2
4 38159090 2
4 38166364 2
4 38167431 2
4 38171324 2
4 38178727 0.351834170078594
4 38179177 2
4 38187107 0.0370919228871521
4 38197020 2
4 38197274 2
4 38201521 2
4 38201932 2
4 38202684 0.5931
4 38204614 0.5931
4 38205086 0.5931
4 38205968 0.5931
4 38207761 0.5931
4 38209502 1.9024
4 38212465 1.34470272902734
4 38212767 0.202834812186547
4 38222126 0.652399640892905
4 38222347 0.490221340118801
4 38223314 0.440685984421569
4 38234262 0.228720189665333
4 38235665 0.919788276051826
4 38249671 2
4 38256078 2
4 38264066 2
4 38275089 2
4 38282554 2.3324
4 38285153 0.7916
4 38285712 2
4 38291978 1.81
4 38296182 0.1114
4 38296607 2
4 38300133 2.0996
4 38309400 0.9663
4 38311769 0.9842
4 38326286 2
4 38331191 2
4 38332598 2
4 38342314 2
4 38356844 2
4 38365516 2.1864
4 38366289 2.0685
4 38369187 2
4 38374543 2
4 38381453 2
4 38383858 0.882903942927345
4 38385037 1.95501244959659
4 38391984 0.0284
4 38395118 0.0097
4 38418636 2
4 38431137 2
4 38440433 2
4 38446218 2
4 38452394 1.33391237102957
4 38453964 0.471774831553329
4 38461567 1.4447
4 38486952 1.31113137512473
4 38493358 1.29191374784597
4 38500268 0.418597034422059
4 38517310 0.696719729969039
4 38519869 0.382729989168347
4 38537074 2.49060894232945
4 38551665 0.6951
4 38557878 0.8304
4 38579902 2
4 38590516 0.1388
4 38595283 2
4 38595827 0.3812
4 38599329 2
4 38601651 2
4 38605627 0.1191
4 38611262 1.6346
4 38621801 2
4 38644485 1.4432
4 38646367 1.6457
4 38694642 2
4 38725145 1.04103807265587
4 38726885 1.02186328739392
4 38738365 0.8781
4 38742868 0.709704366728853
4 38742884 0.443195122064244
4 38744044 1.21963661418469
4 38744262 1.2966935324723
4 38745566 1.30248704683598
4 38748164 1.00836899284378
4 38753911 0
4 38753954 0
4 38754173 2
4 38763425 2
4 38770702 0.0403165691033834
4 38783169 0.0276437984739629
4 38784381 0.1775
4 38787511 0.1775
4 38788054 0.0816891358048119
4 38795105 1.3413
4 38803034 0.0263
4 38806290 1.8669821125766
4 38824455 0.174548810611453
4 38834081 2
4 38836843 0.952259971497016
4 38839275 0.00880419660860377
4 38848122 0.158584735053057
4 38850412 0.618787098962242
4 38851068 1.3327263346362
4 38854932 0.113128335739624
4 38856455 0.657736568669476
4 38866210 0.324102585496581
4 38873772 0.37688557771748
4 38876473 1.92033891307372
4 38877263 1.65456242373136
4 38879884 0.355330815741301
4 38882893 0.756521301794276
4 38903573 1.58677467629039
4 38909584 0.8922
4 38912330 1.62122169174184
4 38913866 2
4 38917499 0.7234
4 38935751 2
4 38937534 2
4 38947483 2
4 38975383 2.7009
4 38978444 2
4 38981131 1.1662
4 38998267 1.5836
4 39000763 0.381224767986227
4 39001128 0.490034720630476
4 39002597 2
4 39011644 2
4 39011646 2
4 39016223 2.3843
4 39038089 2
4 39038242 2
4 39040320 2
4 39048705 2
4 39049924 2
4 39052972 1.1743
4 39056210 0.8784
4 39072675 2
4 39074325 2
4 39076284 2
4 39080505 2
4 39085913 2
4 39093118 2
4 39099689 2
4 39103877 2
4 39104971 2
4 39112790 0.2068
4 39115483 0.2068
4 39116665 0.2068
4 39116717 0.2068
4 39150116 2
4 39150823 2
4 39150872 2
4 39151128 2
4 39171984 0.4727
4 39184735 0.4727
4 39185901 2
4 39214843 3.4046
4 39219013 2
4 39238568 0.5157
4 39257151 0.5157
4 39261140 0.1949
4 39266396 0.1949
4 39271471 0.5157
4 39275370 0.9917
4 39281215 5e-04
4 39281492 0.4271
4 39281786 0.4207
4 39295580 0.165
4 39300658 0.4097
4 39305353 0
4 39328180 0.276824509648589
4 39348427 5e-04
4 39360243 2
4 39361013 0
4 39368930 0.9987
4 39396172 0.8716
4 39396953 0.844
4 39402447 0.837414993453103
4 39409787 0.8878
4 39410419 0.844
4 39423575 2
4 39430407 0.6304
4 39431346 0.6304
4 39438099 0.805519884806286
4 39451134 2
4 39452673 2
4 39455533 0.108505489377577
4 39460630 2.8712
4 39477950 1.0711
4 39490359 2
4 39494652 2
4 39496873 2
4 39499466 0.65490414475291
4 39500027 2
4 39506414 2
4 39518077 2
4 39531267 0.752742033137143
4 39532455 0.178703498412629
4 39549413 0.353865865936514
4 39576275 2.4491
4 39588744 0.163358094139902
4 39589660 0.51901692651998
4 39593224 0.698675508584517
4 39597577 0.760640945680617
4 39606409 1.5332
4 39615158 0.247730123880616
4 39619871 6e-04
4 39624469 0.638676839996497
4 39629449 0.967762244451243
4 39636708 0.331089835883907
4 39663521 0.438640577332984
4 39670136 1.3666
4 39689886 0
4 39690579 2
4 39692776 0.210437430113701
4 39702257 1.59861865785496
4 39708087 2
4 39708327 2
4 39710257 0.431879287424938
4 39711354 2
4 39724078 0.912604664307287
4 39730342 1.1131
4 39734746 2.8714
4 39736013 0.0536807105289774
4 39739548 1.1131
4 39744094 0.160007448338711
4 39767640 2
4 39774613 1.2059699204297
4 39792646 0.4008
4 39797848 2
4 39803027 2
4 39805583 2
4 39811455 2
4 39814181 5e-04
4 39814235 0.121423425962558
4 39864611 0.431691064205201
4 39878108 0.300014982401752
4 39880248 2
4 39906922 2
4 39919931 0.3205
4 39968581 0.8637
4 39969960 2
4 39972379 0.7555
4 39983064 0.587712880121575
4 39983318 0.879960558164732
4 39985757 0.5394
4 39986364 0.151400794126636
4 40004394 1.4536
4 40007851 1.16677076196809
4 40008932 0.451574942901394
4 40009248 5e-04
4 40010283 0.4955
4 40012532 0.5626
4 40012563 1.4536
4 40021638 0.31787062951893
4 40023315 0.0634
4 40032800 0.560831638677187
4 40035614 1.3945
4 40037988 1.3945
4 40050156 0.338689473287195
4 40053198 0.2475
4 40053489 2
4 40055669 2
4 40073567 2
4 40084614 2.21736152619628
4 40098996 2
4 40107130 0.4537876361918
4 40109497 2
4 40113619 0.3994
4 40126538 0.3994
4 40134880 0.517
4 40135246 2
4 40138718 1.91375363700752
4 40141324 0.488133328335226
4 40142121 0.3994
4 40147568 0.3994
4 40166848 0.562274816491119
4 40188306 2.17677860001671
4 40188702 0.5364
4 40188843 0.5861
4 40201819 0.561832053154917
4 40210350 0.989950480161437
4 40219537 0.445768005663584
4 40223774 0.0263
4 40229503 1.8028
4 40232595 2
4 40233527 2
4 40245488 0.0373
4 40252000 2
4 40254807 0.021
4 40262463 0
4 40280509 2
4 40297671 1.03779063867775
4 40303048 0.776
4 40327531 0.3919
4 40331242 0.1844
4 40332733 0.6282
4 40335891 2
4 40338614 0.9313
4 40339819 0.9313
4 40340184 0.0332
4 40352308 0.1284
4 40355915 1.9277
4 40356444 0.6798
4 40361262 2.0202
4 40366982 0.1025
4 40367442 0.1251
4 40370311 0.1089
4 40371000 0.0248
4 40371285 0.1089
4 40375968 5e-04
4 40377673 0.133222209506231
4 40383568 0.2329
4 40384880 1.02136644056535
4 40399593 2.31
4 40402161 2
4 40426546 2.3318
4 40433999 5e-04
4 40437424 8e-04
4 40466200 2
4 40479010 2
4 40481179 0.5663
4 40481483 5e-04
4 40497809 1.3476
4 40513685 0.077127908616391
4 40523802 2
4 40525869 2
4 40532669 0.7336
4 40541248 1.3155
4 40544483 0.402954189095714
4 40563409 1.5499
4 40572895 1.238
4 40575464 1.2544
4 40576386 0.8284
4 40600823 2
4 40607288 2
4 40608358 2
4 40608695 0.0694421837615097
4 40611944 2
4 40644156 0.2844
4 40660610 1.68844425199384
4 40669964 2
4 40683012 0.901
4 40713839 1.6613
4 40715740 1.6613
4 40720808 2
4 40733477 1.07321664584728
4 40751505 2
4 40752137 0.4435
4 40754952 2
4 40760730 0.725516318878217
4 40773176 0.1478
4 40784816 1.6568
4 40795676 1.6636
4 40800102 2
4 40833367 0.65808019784985
4 40833566 0.986486134049995
4 40835405 2
4 40858536 0.1139
4 40860847 1.20936662429146
4 40882633 2
4 40931100 0.290302204641461
4 40964333 0.0396
4 40964892 1.50630951732202
4 40972095 2
4 40974505 2
4 40976748 2
4 40981834 0.867
4 40982215 1e-04
4 40982265 0.0078
4 40982269 5e-04
4 40983074 2
4 40983972 1.6672
4 40989526 5e-04
4 41009626 1.6784
4 41020880 0.310498957831983
4 41036438 0.81093756862609
4 41049490 5e-04
4 41056008 2
4 41058601 1.3442
4 41064903 1.4555
4 41104629 1.5077
4 41109299 0.68754761305503
4 41109750 0.429261759359789
4 41117436 1.5273
4 41118539 1.833
4 41121817 2
4 41130756 2
4 41139891 1.3416
4 41144977 1.6225
4 41147637 2.2099
4 41154121 1.6348
4 41159928 0.695482093894304
4 41213820 1.1685
4 41240826 2
4 41241555 2
4 41242220 2
4 41243225 0.9085
4 41252937 0.595903616436276
4 41262498 2
4 41267477 1.46520132979571
4 41269265 0.9217
4 41279741 0.9217
4 41288534 0.7178
4 41289263 1.578
4 41296625 0.327
4 41331412 1.1307
4 41332612 0.2382
4 41344898 0.2382
4 41348032 0.75243474396214
4 41354424 1.2462680051213
4 41398947 0.616526659844583
4 41414461 0.310126395428351
4 41414581 0.448068722363051
4 41416709 0.671967205238305
4 41419612 2
4 41436188 1.1083
4 41444218 0.0981733959810594
4 41455790 2.6568
4 41465990 1.75507168838438
4 41468377 2
4 41477753 0.5050527851343
4 41478317 0.286343147844681
4 41490778 1.8624
4 41491379 2
4 41516307 1.57636662338473
4 41519302 0.974892839953105
4 41521922 2
4 41525540 1.1675829866598
4 41531517 2
4 41533097 2.7154
4 41544270 2
4 41547777 2
4 41552347 2
4 41584247 2
4 41584347 2
4 41585891 2
4 41587828 2
4 41631155 2.4489
4 41638861 0.0435714891037533
4 41650398 2.2393
4 41661604 2
4 41709241 0.9313
4 41721140 1.4256
4 41744443 0.3455
4 41755862 0.8647
4 41760219 2.0603
4 41766384 0.8647
4 41773398 1.3957
4 41773802 0.8647
4 41787537 0.6533
4 41800648 2
4 41814226 1.9368
4 41815618 1.9368
4 41839026 2.3099
4 41839317 2.3099
4 41915700 2.1537
4 41976465 0.1342
4 41978636 0.155930184365387
4 41979725 0.1631
4 41980801 0.1342
4 41982101 0.1342
4 41988273 0.1342
4 42001818 0.1342
4 42002961 0.1342
4 42003775 0.1342
4 42008867 0.1631
4 42014516 0.1342
4 42015373 2
4 42040809 0.0078
4 42053865 0.1192
4 42064422 0.1192
4 42069388 0.1192
4 42071675 0.911886370231573
4 42072892 0.1192
4 42083675 0.1192
4 42084260 1.1363
4 42091998 0.1771
4 42095281 0.1771
4 42096991 0.2179
4 42108702 1.3151
4 42124907 0.9246
4 42138050 1.1363
4 42172343 1.1062
4 42178328 0.9717
4 42180175 1.0492
4 42181839 1.2751
4 42191850 2.3847
4 42195188 0.9601
4 42195361 1.6601
4 42203300 1.1993
4 42214022 2
4 42214908 2
4 42217853 2
4 42221759 1.6062
4 42223805 2
4 42223882 2
4 42223899 2
4 42226137 2
4 42227686 1.7528
4 42237439 0.303185852596096
4 42242705 0.0964818184456148
4 42243247 2
4 42257877 1.8782
4 42267275 0.2705
4 42293783 1.526
4 42296109 2
4 42317280 2
4 42326623 0.2425
4 42327572 0.1611
4 42329562 2
4 42332911 2
4 42336892 2
4 42345456 0.1467
4 42346087 2
4 42355878 0.799
4 42363449 0.757363173764895
4 42373312 0.5543
4 42387437 2
4 42393967 2
4 42398824 2.93247339521495
4 42415191 0.7821
4 42420533 0.588628608516891
4 42422137 0.660640471403126
4 42429263 2
4 42429381 2
4 42431818 0.298760741275042
4 42446171 0.916059126065136
4 42452300 2
4 42453820 1.25019170024098
4 42455861 0
4 42464624 0.998797209622359
4 42489939 2
4 42508796 2
4 42510332 2
4 42518841 0
4 42527276 2
4 42529507 2
4 42586284 0.7787
4 42594444 0.864436929941187
4 42595109 2
4 42596653 1.0206
4 42642295 0.29709114237388
4 42668392 2
4 42674347 2
4 42678862 1.3413
4 42680125 1.3413
4 42699226 2
4 42704522 1.3046
4 42711189 2
4 42717706 1.1062
4 42719516 1.1062
4 42723049 2
4 42730285 2
4 42734847 1.0671
4 42758924 1.0671
4 42771666 1.0671
4 42773885 1.0671
4 42773925 0.0898
4 42775833 2
4 42783812 1.28158541246329
4 42784940 3.1145
4 42788669 0.6939
4 42788822 1.1795
4 42791033 1.2236
4 42792151 1.1795
4 42794504 1.1795
4 42807073 1.1795
4 42817224 0.0913
4 42818735 0.932557836065097
4 42827080 1.17416296353657
4 42828800 0.590246323006889
4 42829099 0.542049160001014
4 42834381 0.0502
4 42836331 1.10535078817567
4 42840683 2.31413322777817
4 42845884 0.9993
4 42851348 1.2749
4 42851645 1.0101
4 42852583 2.9933
4 42857312 1.0101
4 42866443 1.3097
4 42869398 1.5911
4 42901709 2
4 42904336 1.545
4 42904636 1.7037
4 42909836 2
4 42916639 2
4 42917623 1.7037
4 42919983 2
4 42936003 2
4 42936603 1.7891
4 42937342 2.12807865541725
4 42940609 0.819
4 42979494 2
4 42992494 2
4 42993201 0.4609
4 42993686 2
4 43006031 1.605
4 43016867 1.605
4 43038934 1.605
4 43049791 2
4 43056244 2
4 43061943 2
4 43064087 2
4 43079209 2
4 43085073 2
4 43091377 0.515623274518864
4 43092307 2
4 43095983 2
4 43101098 1.605
4 43103811 2
4 43107754 2
4 43108878 0.502738298153154
4 43129168 2
4 43145660 8e-04
4 43147046 0.0808
4 43147334 0.0808
4 43147845 0.0808
4 43149647 0
4 43152727 0.0808
4 43152920 0.0808
4 43154266 0.0808
4 43158618 0.429817251671172
4 43159209 0.821999427305955
4 43160533 1.25976251979817
4 43164331 2
4 43165072 0.8402
4 43184139 1.2722
4 43189434 2
4 43195310 2
4 43203082 0.896766720270665
4 43212961 0.023304408554892
4 43223442 2
4 43241303 0.7543
4 43244225 0.7543
4 43244804 0.7543
4 43245664 2
4 43252541 2
4 43269116 0.7969
4 43305726 0.0263
4 43321899 2
4 43335430 5e-04
4 43336133 2
4 43362633 1.9532
4 43374131 1.9733
4 43375589 1.9733
4 43375901 1.9733
4 43377007 0.9198
4 43391065 1.9733
4 43402944 1.9733
4 43440737 2
4 43448744 2
4 43449933 2
4 43487221 2.0867
4 43495222 2
4 43497543 2
4 43497798 2.09
4 43498704 2.0685
4 43521427 2
4 43524791 2
4 43525474 2
4 43525696 2
4 43526378 2
4 43526778 2
4 43547115 2
4 43557423 2
4 43572460 2
4 43574118 3.153
4 43576881 2
4 43583934 2
4 43585654 2
4 43618773 2
4 43618923 2
4 43634442 2
4 43664106 2
4 43687272 2
4 43707225 2
4 43714781 2
4 43717366 1.5484
4 43717395 2
4 43734227 2
4 43735856 0.0107
4 43735865 2
4 43742692 2
4 43742988 2
4 43747643 2
4 43770839 2
4 43801009 2
4 43879917 2
4 43940329 2
4 43943374 2
4 43944763 2
4 43946376 0.0162
4 43955283 2
4 43961501 0.931787027140538
4 43962118 1.10059990741488
4 43968506 2
4 43978053 2
4 43982930 2
4 43995485 1.9376
4 44019699 2
4 44026548 1.6904
4 44027937 1.6904
4 44047658 2
4 44070115 1.3351
4 44077445 2
4 44079287 2
4 44085929 2.834
4 44106389 2
4 44130408 2
4 44131579 1.6392
4 44154323 0.622957715620475
4 44208059 2.42849716890228
4 44222483 0.714275680021813
4 44223121 0.332678130089018
4 44223722 0.14004042915828
4 44235526 1e-04
4 44235847 1.10304627861485
4 44240744 1.55750612803091
4 44272816 1.12373367429694
4 44278219 2
4 44293822 2.05255237191708
4 44306530 0.020268135226532
4 44313411 0.940035334820408
4 44328954 1.93991358343402
4 44334415 0.383617163202069
4 44353495 0.225881789198714
4 44392742 1.4497
4 44396454 0.101916965562164
4 44419768 2
4 44431475 0.859114652925269
4 44432606 0.089
4 44445099 1.49525807926432
4 44461387 0.0053
4 44478295 0.0512
4 44479793 0.515030443219616
4 44490779 2
4 44493371 0
4 44502022 2
4 44507299 1.28540827248833
4 44524527 2.03783237339209
4 44528219 0.8304
4 44532829 2
4 44547651 0.9373
4 44563965 2
4 44566865 2
4 44577528 0.9373
4 44579010 0.8654
4 44583277 0.725555414126746
4 44597124 0.9373
4 44616645 0.270169271936286
4 44628927 2
4 44637760 1.01023399409396
4 44644694 0.0209
4 44647793 0.0635
4 44655970 0.0635
4 44659054 0.0635
4 44660290 0.0635
4 44676630 0.0422
4 44702773 0.949771051754019
4 44728920 0.0635
4 44732880 2.9419
4 44740710 0.46904478557214
4 44748218 0.132316971042157
4 44749604 0.0761268569673879
4 44763884 0.114167789236407
4 44785350 2
4 44790147 0.329152159964675
4 44841197 1.4497
4 44844333 1.67879764811975
4 44846086 1.6300311622285
4 44856566 0.541627818948724
4 44864525 2
4 44876799 1.0779
4 44885038 5e-04
4 44886313 0.0276
4 44891371 0.666671556799563
4 44897660 0.3984
4 44898916 1.0583
4 44899117 1.0583
4 44901251 1.4594
4 44905842 2.34034250110679
4 44907224 0.8875
4 44915559 1.49107530936873
4 44921737 0.546677083236006
4 44926496 2
4 44927559 0.361479586994224
4 44936313 1.01203189839177
4 44937526 1.7905
4 44938346 0.0332
4 44946391 0.1006
4 44946870 0.54928952086792
4 44953708 0.1071
4 44955493 0.1071
4 44970070 0.0108
4 44972832 1.13056230672051
4 44978635 0.0332
4 44981541 0.533
4 44982963 0.627029630049803
4 44987107 1.06539092236301
4 44989232 0.489
4 44990708 0.545638297200332
4 44991090 0
4 44995815 0.204589250079978
4 44999487 0.393741138958355
4 45000386 0.127860888199382
4 45001942 0.1136
4 45003982 0.9918
4 45008074 0.9918
4 45008827 0.9918
4 45010030 1.052
4 45012574 0.986
4 45024218 0
4 45024832 1e-04
4 45025326 0.541828814243887
4 45026595 2
4 45026697 2
4 45026855 2
4 45042176 0.638373061997789
4 45066576 2
4 45069583 0.1048
4 45070264 2
4 45071281 2
4 45071413 2
4 45071927 2
4 45076991 2
4 45078019 2
4 45080219 0.1048
4 45083541 2
4 45093817 0.30945478053916
4 45100612 0.178
4 45104676 2
4 45117875 2
4 45129072 2.00154951501546
4 45138753 2
4 45142317 0.1903
4 45169746 1.48811661471196
4 45171180 2
4 45183215 0.63210521048764
4 45207386 2
4 45208242 2
4 45208901 2
4 45212238 2
4 45230037 1.0342225264235
4 45241453 0.7528
4 45242449 0.214
4 45242538 0.7528
4 45275743 0.1764
4 45283415 0.317048858555143
4 45306746 0.8833
4 45339883 2
4 45346453 2.4467
4 45362897 1.2206
4 45395779 2
4 45400120 1e-04
4 45417159 1.572
4 45418735 2
4 45433064 0.8875
4 45433233 3.1648
4 45442633 2
4 45459581 2
4 45487592 2
4 45496092 2
4 45518170 2
4 45520061 1.6542
4 45523868 0.261134052779823
4 45527879 2
4 45543271 2
4 45574942 2
4 45582094 2
4 45583667 2
4 45589870 1.9905
4 45603724 2
4 45632694 2
4 45663013 2
4 45663114 2
4 45673454 2
4 45685233 2
4 45685897 2
4 45714695 2.1636
4 45725861 0.998514329533187
4 45728048 2
4 45728718 1.59998226128187
4 45728835 2
4 45733274 0.8417
4 45736711 0.4379
4 45741202 1.2716
4 45781208 0.6342
4 45790211 0.54694735701445
4 45797547 0.162129934527018
4 45801345 0.618936769781757
4 45801721 0.152772746260772
4 45829275 0.263575068819033
4 45829882 0.174276321244617
4 45831065 1.2222
4 45846774 1.92719020521007
4 45848903 1.5205
4 45849719 1.55320816948446
4 45851741 1.5205
4 45865781 1.45542919702401
4 45873936 0.789199045323751
4 45874692 1e-04
4 45894139 2
4 45899021 0.9975
4 45899495 0.7681
4 45909760 0.116453309662739
4 45913772 1.33976865205368
4 45916328 1.8387
4 45937396 0.392114415857664
4 45940241 2.17275267575536
4 45940477 0.354347209998049
4 45962665 2.208
4 45978332 0.578555472236848
4 45993742 1.30683983556079
4 45998283 0.0263658441785061
4 46011688 2
4 46018983 2
4 46024106 2
4 46032051 2
4 46054998 5e-04
4 46061031 2
4 46088814 2
4 46091334 2
4 46098835 2
4 46117550 0.710220833870287
4 46119796 1.6672
4 46120840 2
4 46131473 2
4 46140128 2
4 46153119 2
4 46154204 2
4 46175308 2
4 46182372 1.3282
4 46182472 1.76746619145616
4 46185120 2
4 46188212 0.0774
4 46219799 2
4 46230679 2
4 46240998 2
4 46258570 2
4 46261847 2
4 46265426 2
4 46272573 2
4 46273445 2
4 46273759 2
4 46286526 2
4 46287182 2
4 46293701 2
4 46329680 0.72352357739256
4 46338746 2
4 46350491 2
4 46363327 1.5467
4 46374836 2
4 46377765 2
4 46378827 2
4 46400135 0.0202
4 46420312 2
4 46431243 0.1144
4 46437329 0.9781
4 46449413 0.582672685009677
4 46473413 2
4 46480436 2
4 46486477 2
4 46498820 2
4 46511010 0.3908
4 46565156 0.229799620754738
4 46567972 1.0432
4 46568048 1.0432
4 46568371 1.0432
4 46580649 0.349118443311612
4 46604200 0.899516072834759
4 46617015 5e-04
4 46630823 1e-04
4 46630837 0.192969931384745
4 46630874 0.0263
4 46706103 1.5781674807695
4 46708583 0.958915908046259
4 46716410 1.4335
4 46747530 0.463674608289396
4 46749801 0.9458
4 46751349 1.68989724459154
4 46752950 0.606056822192179
4 46753474 1.44604553225715
4 46753743 0.396841077352183
4 46775227 2
4 46820836 1.60992348134593
4 46826320 1.3509
4 46841588 0.82270458430891
4 46842208 3.589
4 46866343 0.792746296180745
4 46866486 1.95233119152568
4 46876202 1.0814
4 46877304 1.087
4 46883991 1.0814
4 46884286 1.087
4 46888219 5e-04
4 46892368 1.087
4 46901335 2
4 46908843 2
4 46909677 0.0263
4 46913027 1.087
4 46924588 0.737616104729993
4 46934805 2
4 46942152 1.087
4 46947645 2
4 46951791 2
4 46961444 0.965223332546943
4 46961528 2
4 46962631 2
4 46964638 1.8282
4 46966121 2
4 47001299 0.843382706374243
4 47004707 0.983662289623056
4 47012565 2
4 47018841 2
4 47020214 1.35790376877641
4 47031753 2
4 47034968 2
4 47039283 0.521577011424906
4 47049168 0.0403
4 47054352 2
4 47071078 1.2328
4 47073888 2
4 47083300 1.2328
4 47093748 2
4 47094797 0.374609410941961
4 47098428 2
4 47111186 0.5919
4 47112331 0.317040127217802
4 47114705 2
4 47114879 2.4162
4 47126692 2
4 47135760 0.539604542350522
4 47137983 2
4 47147297 0.0263
4 47153478 0.111
4 47159550 0.1241
4 47175085 1.51869570702305
4 47179778 0.1045
4 47183118 0.1045
4 47198546 0.1045
4 47198968 0.1655
4 47204499 0.1045
4 47215014 0.7508
4 47216909 0.336414511318718
4 47219663 1.20809807622925
4 47242987 0.7899
4 47246291 1.6326
4 47262605 0.675210533007726
4 47263573 2
4 47271972 1.35218857192691
4 47286938 0.5548
4 47298220 2
4 47304347 2
4 47306395 2
4 47306944 2
4 47308210 0.0056
4 47323469 0.0056
4 47335952 2
4 47335999 2
4 47337613 2
4 47347125 1.594
4 47347142 2
4 47348936 2
4 47364853 0.156089472028232
4 47365061 0.514022945635305
4 47365503 2.3324
4 47366610 0.252961049348458
4 47395641 0.153943646348448
4 47398314 1.3257
4 47400930 1.74970225055363
4 47413202 2
4 47414591 2
4 47440961 2
4 47441311 2
4 47457396 2
4 47462620 0.0634
4 47468219 0.0018
4 47471666 0.0634
4 47475160 2
4 47501410 1.0943
4 47509001 1.1364
4 47522165 2
4 47522681 1.1364
4 47522872 0.1204
4 47523806 0.0078
4 47531606 0.1204
4 47546414 2
4 47555112 2
4 47560785 2
4 47565104 2
4 47572579 0.9225
4 47596281 2
4 47601838 2
4 47618346 2
4 47621983 2
4 47622238 2
4 47622633 2
4 47624017 2
4 47624321 2
4 47627332 0.0263
4 47627623 2
4 47628606 2
4 47637296 2
4 47639154 2
4 47640520 2
4 47641033 2
4 47641069 2
4 47647575 1.5085
4 47659781 2
4 47667298 2
4 47679367 2
4 47685481 0.8635
4 47691799 1.5735
4 47765307 0.933807342308749
4 47768085 2
4 47820797 2
4 47831278 2
4 47833504 2
4 47836314 2
4 47865571 2
4 47879174 2
4 47886647 2
4 47896319 2.1804
4 47897352 0.1497
4 47899242 2
4 47904444 2
4 47908759 2
4 47917206 2.3324
4 47923864 0.1218
4 47927217 0.1218
4 47929892 1.6339
4 47941419 0.021
4 47969570 0.3805
4 47976302 5e-04
4 47983281 0.4186
4 47984650 0.608957909877725
4 47985760 7e-04
4 47988981 7e-04
4 47990399 1.0561
4 47991898 0.3805
4 47997702 0.4186
4 47998771 0.4186
4 48006291 0.4186
4 48017842 0.3888
4 48018826 3.7211
4 48022820 1.00892128587392
4 48030339 0.468281485228677
4 48087441 0.712299946318338
4 48103204 2
4 48127784 0.79823400534252
4 48131680 2
4 48146418 0.249339773232595
4 48168652 1.39875146248499
4 48173026 2
4 48197797 1.31841602905318
4 48208223 2
4 48212116 0.0072
4 48217599 1.91906442778497
4 48231525 0.9128
4 48233723 0.617710847075137
4 48239491 0.246352802933252
4 48254431 0.1211
4 48265520 8e-04
4 48267968 1.42628884825476
4 48291569 0.135586730408652
4 48292616 2
4 48292659 0
4 48302646 2
4 48313922 0.399864663132963
4 48316051 2
4 48325062 1.36807483573253
4 48325116 0.3908
4 48325683 0.667536600272706
4 48340665 2
4 48351880 2.0729
4 48354461 0.773170662402382
4 48366748 0.51237357607736
4 48370389 2.0729
4 48374396 2.052
4 48376989 0.0078
4 48390084 1.58892207069932
4 48403417 2.0729
4 48411624 0.0898649801966352
4 48418074 0.0222
4 48420751 0.401761829614315
4 48437445 1.28165302626945
4 48442526 1.05749902156835
4 48458205 1.45825312313924
4 48474023 1.48317744946536
4 48475996 2.052
4 48478702 0.6424
4 48487250 0.319164523753661
4 48496662 1.39777162592919
4 48504146 0.791503468338995
4 48526097 2
4 48571021 1.3933
4 48574891 2.23217532766804
4 48590043 0.0236
4 48592642 0.0780159052578843
4 48604544 0.0236
4 48610579 0.0673511713311091
4 48618586 5e-04
4 48636189 0.0236
4 48639116 0.659033851569874
4 48671868 0.0174
4 48684940 1.4975991242644
4 48691431 2.0123
4 48701375 0
4 48714035 0.0078
4 48716163 2
4 48743067 0
4 48750534 0
4 48757537 0.0053
4 48770088 0.349295283005938
4 48776135 0.518688291455879
4 48802625 0
4 48827528 2
4 48846502 0.0774
4 48861245 1.6077
4 48874150 2.9951
4 48882035 0.4577
4 48899093 1.6077
4 48905379 0.1119
4 48922622 0.656878915210339
4 48936141 1.04720103747224
4 48943818 1.04429431092903
4 48954250 1.12770418122679
4 48955650 0.167
4 48988868 0.1545
4 48993599 1.19734766644996
4 48994099 1.93140751598811
4 49001069 2.9996
4 49009645 0.654886297095065
4 49025989 1.37186252679008
4 49061462 1.28722625792217
4 49065306 0.563324892635817
4 49069536 0.129068917025907
4 49073717 0.273664105828568
4 49098168 2e-04
4 49104410 0.0725
4 49120877 5e-04
4 49128031 1.07110805994183
4 49128241 1.33630382992675
4 49130291 5e-04
4 49130905 1e-04
4 49143771 0.1981
4 49145143 8e-04
4 49145168 2.1003
4 49149323 0.0302
4 49150695 5e-04
4 49156142 0.1059
4 49178316 0.177752997085571
4 49222482 2.03677166104874
4 49290232 1.5367
4 49296543 0.659803937218601
4 49306827 0.373785506119899
4 49308164 0.783791643664493
4 49309067 0.0840961246207985
4 49309171 0.249568037415376
4 49312780 0.1263
4 49315289 0.551363302256246
4 49491518 2
4 49499111 2
4 49503841 2
4 49505672 0.061
4 49508336 0.0807
4 49516059 0.0713
4 49518183 1e-04
4 49530442 0
4 49551736 0.061
4 49553308 0
4 49553710 0
4 49556110 0
4 49603887 0.0807
4 49608324 0.0622
4 49610764 1.59621827084228
4 49610779 0.823296322455311
4 49630593 0.54811251054443
4 49633948 0.0072
4 49633962 4e-04
4 49635597 0.0449
4 49635614 5e-04
4 49635645 1e-04
4 49642586 0.0088
4 49642800 5e-04
4 49643271 1.58343011208459
4 49644734 0.0053
4 49646673 2
4 49647839 0.304241471531473
4 49648550 2e-04
4 49650922 6e-04
4 49653125 0.9738
4 49653179 1.33457537028563
4 49710812 5e-04
4 49723968 0.0072
4 49932006 8e-04
4 51107159 1e-04
4 51573650 1e-04
4 51821157 0.4727
4 51841240 0.553633327736643
4 51844747 0.5126
4 51844969 2.4263
4 51900435 2.2673
4 51902539 0.5126
4 51915593 0.8266
4 51933671 2.6144
4 51947876 0.5126
4 51949755 0.5126
4 51956522 0.4902
4 51960892 0.5126
4 51963689 1.5682
4 51979742 0.5126
4 51993990 0.4902
4 52008939 2.3673
4 52019359 2
4 52020004 0.545288670689054
4 52022333 0.589823290552738
4 52034249 0.0253
4 52047775 5e-04
4 52052196 5e-04
4 52058270 0.1331
4 52064507 0.685767124247239
4 52070419 0.2259
4 52077415 0.320371913130583
4 52092216 5e-04
4 52103215 0.1061
4 52138534 2.1063
4 52154682 5e-04
4 52176209 0.6687
4 52177422 0.6687
4 52195229 0.6835
4 52206995 0.5433
4 52213344 5e-04
4 52213613 2
4 52230972 0
4 52265725 0.768959124238348
4 52266526 2
4 52273318 2
4 52280231 2
4 52288404 2
4 52314738 0.6393
4 52323094 1.01590444447799
4 52325323 0.415150812573368
4 52339963 2
4 52342835 2
4 52346766 2.1087
4 52346926 2
4 52353752 2
4 52374686 0.6112
4 52380654 2
4 52381012 2
4 52382266 2
4 52390610 0.6112
4 52394117 2
4 52395194 2
4 52406424 2
4 52406587 2
4 52413560 2
4 52418879 2
4 52421410 2
4 52422110 2
4 52423755 2
4 52432352 2
4 52443055 2
4 52450050 2
4 52464261 2
4 52465564 8e-04
4 52508280 2.834
4 52524799 2
4 52525556 2
4 52528380 5e-04
4 52528485 0.0017
4 52538573 1.2508
4 52576277 1.011
4 52587614 1.0883
4 52591428 1.0883
4 52630736 0.0073
4 52672548 1.0883
4 52692383 1.0883
4 52711058 2
4 52718289 1.4428
4 52737464 1.1818
4 52741400 0.0066
4 52744105 1.1316
4 52746215 1.0883
4 52758190 1.1316
4 52787339 2
4 52787509 2.1355
4 52852929 3.4024
4 52853212 1.0483
4 52887213 2
4 52952017 1.9514
4 52955682 2
4 52957054 0.682362682996041
4 52975776 1.9947
4 52978108 1.7408
4 52982732 0.4836
4 52997036 0.6324
4 53024168 0.0263
4 53038701 1.4652
4 53056859 2
4 53062881 2
4 53065688 2
4 53069538 2
4 53079005 0.757527539809799
4 53113171 2
4 53121716 0.0387
4 53129218 1.1073646362771
4 53131866 1.5202
4 53134271 0.617099048588128
4 53154159 0.815232659382046
4 53158558 2.44003028077884
4 53176830 0.7936
4 53182350 0.3447
4 53182510 0.7936
4 53195822 0.3447
4 53203272 0.130263492220542
4 53214670 3.7211
4 53224404 2.9898
4 53252804 0.0122
4 53254933 1.4197
4 53256373 1.3912
4 53260253 0.379
4 53269517 1.8839
4 53340712 0.657170893870553
4 53341454 0.85296988693039
4 53356314 0.0868
4 53356805 0.479420300844171
4 53363119 0.0868
4 53374558 1.0814
4 53405488 1.915604213171
4 53411349 1.07009424193845
4 53429060 0.7846
4 53444466 0.0868
4 53465756 0.0868
4 53472886 0.654333843739107
4 53476491 0.7846
4 53477740 0.0868
4 53488630 1.6759
4 53495835 5e-04
4 53502313 2.9903
4 53512687 0
4 53527926 0.5823
4 53534420 2.43061950313927
4 53544487 2
4 53546902 1.15748988185441
4 53560017 2
4 53561031 0
4 53594689 1.538
4 53597657 1.62032105748762
4 53601101 0.0261
4 53605675 2
4 53607964 2
4 53609772 0.7539
4 53612656 0.522761832172183
4 53613346 2
4 53614449 2
4 53614542 2
4 53631935 1.73540557576545
4 53650463 2.028
4 53657425 1.0826
4 53680710 2.1214
4 53689034 2
4 53689920 2
4 53693447 1.02433080231396
4 53696118 0.4561
4 53703022 0.116540182306613
4 53707954 1.07293463591946
4 53707979 1.50432533517651
4 53708307 1.205
4 53722638 0.193003258557633
4 53728486 1.48038089805346
4 53728530 0.6331
4 53728583 1.0769
4 53728974 1.2285
4 53734578 1.2285
4 53776425 0.349692852971056
4 53777606 1.20763588704936
4 53784119 0.350464557891015
4 53792568 1.0816
4 53806313 2.4123
4 53807096 2
4 53812419 2
4 53817855 2.17166298354757
4 53819413 2.9933
4 53820030 2.052
4 53821003 2.5572
4 53826101 2.4123
4 53826610 2
4 53830322 0.2895
4 53838495 2
4 53841264 0.5387
4 53866929 0.5107
4 53876841 0.775043176518912
4 53880036 1.3979
4 53888338 0.906192212705273
4 53891828 1.3045
4 53893076 1.3045
4 53896681 1.3045
4 53901371 0.312918599645651
4 53903491 0.776928739967557
4 53917560 2
4 53922363 2
4 53926893 0.4476
4 53963414 0.2464
4 53969085 0.2464
4 53975096 1.1716
4 54017225 2.8216
4 54023453 1.01
4 54047177 0.9901
4 54072944 2.4925
4 54080162 2.2672
4 54089576 2.1187
4 54091724 2.1264
4 54092249 0
4 54093823 2.7095
4 54098161 2
4 54098233 2
4 54121837 2
4 54133584 2
4 54139806 2
4 54141959 2
4 54144122 0.824522144315208
4 54150623 2
4 54162162 2
4 54170126 2
4 54171108 2
4 54180704 0.166469401856934
4 54181581 2.4982
4 54183192 0
4 54197827 2
4 54203650 2
4 54207871 4e-04
4 54213884 2
4 54231518 2
4 54236258 2
4 54237902 2.5066
4 54238437 2
4 54264627 0.679994612102239
4 54265283 0.285940213217562
4 54269965 0.317922192001897
4 54292826 0
4 54293726 0
4 54298908 2
4 54301099 2
4 54317594 2
4 54329576 2
4 54342930 2
4 54348923 1.9071
4 54354326 2
4 54362674 5e-04
4 54388726 2.43373371203443
4 54394764 2
4 54406530 1.26154949850653
4 54412556 2
4 54413933 2
4 54423727 0
4 54426440 2
4 54429314 1.021
4 54440082 0
4 54447016 1.11482769413452
4 54460703 0.631305766109099
4 54461941 0
4 54476182 1.3223
4 54477060 1.72623180981463
4 54479095 0.847065811853876
4 54486411 2
4 54488108 0.8289
4 54488170 0.933034611067776
4 54495167 0.227140422224357
4 54510607 0.0273
4 54514352 1.2497
4 54518764 2
4 54538946 0.9314
4 54558488 2
4 54565992 2
4 54610762 1.1332
4 54610833 1.1332
4 54611409 0.883
4 54618189 2
4 54636336 0.382433560788808
4 54646871 1.5252
4 54655076 1.5172
4 54668786 2.1557
4 54672360 1.6268
4 54708988 1.0728
4 54751757 2
4 54762646 2
4 54767655 0
4 54774113 2
4 54807626 0.6559
4 54823969 2.0479
4 54840195 2
4 54848367 2
4 54849403 0.1319
4 54867256 2
4 54882264 0.0163
4 54882279 2
4 54882931 0.0163
4 54883333 0.0163
4 54886564 2
4 54920877 0.511545890534705
4 54926311 0.0407
4 54939240 2
4 54949618 2
4 54967728 0.284
4 54971411 1.94704916687322
4 54983993 0.295122221356105
4 54988452 1.36510167016068
4 55001622 0.284
4 55029497 0.643153964780799
4 55032226 2
4 55041180 0.512711012502858
4 55052031 0.482488321621495
4 55052548 0.850923624367403
4 55053190 0.0470229083978471
4 55063722 0.5652
4 55064103 0.9578
4 55072668 0.570126680663156
4 55098438 2
4 55110001 0.149967891100649
4 55129076 2
4 55130545 0.7534
4 55138287 0.8185
4 55149057 2
4 55150554 2
4 55151467 2
4 55157580 2
4 55163667 0.366605147664618
4 55172694 2
4 55177674 2
4 55195689 2
4 55202244 2
4 55205347 1.6324
4 55212756 2
4 55223227 2
4 55255882 5e-04
4 55262511 2
4 55271763 2
4 55272699 2
4 55284573 3.1287
4 55298641 2
4 55298769 2
4 55319381 0.796320100912495
4 55329459 1.1559
4 55329704 1.0744
4 55341544 0.3826
4 55393392 1.958
4 55396207 2
4 55397910 2
4 55415602 0.9174
4 55423611 0.3816
4 55427369 0.3818
4 55430740 2
4 55444176 2
4 55487876 2
4 55498587 0.634
4 55507729 2
4 55508785 2
4 55508982 2
4 55513792 2
4 55514317 2
4 55516744 2
4 55519812 0.1984
4 55525781 2
4 55531818 2
4 55534775 2
4 55542243 2
4 55544621 2
4 55546260 2
4 55549177 0.1984
4 55551877 2.4365
4 55553396 2
4 55562653 2
4 55566291 2
4 55571204 0.5984
4 55577336 1.0154
4 55595621 5e-04
4 55595642 2.35139163681612
4 55604125 1.0671
4 55608705 0.3908
4 55609384 2
4 55613870 2
4 55615880 0.0107
4 55618721 2
4 55629649 2
4 55631390 0.0841222961949614
4 55638514 5e-04
4 55639293 1.2312
4 55646973 2
4 55646975 2
4 55649656 2
4 55652810 0.1192
4 55654065 2
4 55664920 0.0263
4 55679689 2
4 55681245 0.7238
4 55698396 2
4 55704821 2
4 55707580 0.4439
4 55711304 2
4 55715279 0.2664
4 55723230 0.918307415457882
4 55729455 0.9446
4 55732886 0.9446
4 55739811 0.9796
4 55742074 0.9796
4 55742544 0.0126
4 55743185 1.17142745253458
4 55744792 2
4 55751127 0.6584
4 55757281 0.0309021213782434
4 55779549 0.917
4 55779893 0.917
4 55790514 0.332857140669477
4 55794220 0.296381927266756
4 55795311 2
4 55798745 2
4 55806974 2
4 55827678 2.3756
4 55828585 1.3
4 55842456 2
4 55849141 0.191
4 55851435 2
4 55867727 0.909530607729946
4 55872646 2
4 55877506 2
4 55894162 2
4 55895575 0.544525725184182
4 55898339 0.3229
4 55906915 2
4 55916247 2
4 55920423 2
4 55923917 2.1092
4 55926082 2
4 55930440 0.700495224048259
4 55976708 0.364
4 55986181 1.7012
4 55994718 2.1158
4 56007790 2
4 56023667 0.0263
4 56042350 2
4 56044110 2.0425933920984
4 56057820 1.24733700995393
4 56058010 1.1852
4 56059884 2
4 56069630 0.782140610696152
4 56070982 0.8578
4 56080012 1.47064953202053
4 56107153 1.1564
4 56111603 0.771734870667593
4 56112606 0.966696870245503
4 56114065 0.169083094489733
4 56116637 1.3056
4 56116971 0.508533354149338
4 56117250 1.3056
4 56129043 1.1947
4 56142221 2
4 56153977 0.15800771758795
4 56157571 0.511130739783501
4 56171329 2
4 56188713 2
4 56205331 2
4 56213095 2
4 56214392 1.934
4 56215319 2.1266
4 56217968 2
4 56222364 1.6709
4 56227623 1.26601729981536
4 56227911 2
4 56237061 0.00120539618661364
4 56247849 0.399098839129916
4 56251353 0.89379453659698
4 56262987 2
4 56268223 0.2546
4 56274075 2
4 56274461 2
4 56287277 2
4 56331514 2.1804
4 56335200 2
4 56336906 2
4 56338611 2
4 56365458 2
4 56383918 2
4 56388907 2
4 56389414 2
4 56391061 2
4 56391174 2
4 56391476 2
4 56394132 2
4 56395206 2
4 56403413 2
4 56408963 2
4 56410030 2
4 56417679 2
4 56430364 0.0206
4 56432997 1.5791
4 56434764 1.5951
4 56443497 2
4 56464400 2
4 56469888 2
4 56479029 2
4 56479610 0.0162
4 56485741 2
4 56490066 2
4 56501421 1.21786583015418
4 56530916 2
4 56540400 2
4 56554556 0.8263
4 56560977 2
4 56563657 2
4 56563839 2
4 56577456 5e-04
4 56581548 2
4 56592074 0.0299
4 56609742 2
4 56627608 0.280366406696622
4 56635355 1.0094
4 56640619 1.76398958968956
4 56656054 0.962236526951172
4 56659095 0.0986000206252264
4 56682433 1.09779439792814
4 56684086 1.75291297105693
4 56691644 1.06590459936129
4 56701262 1.2088
4 56706675 1.177
4 56711752 2
4 56712046 2
4 56712804 2
4 56713551 2
4 56713589 0.700168660191963
4 56714445 0.268172919023799
4 56715499 2
4 56721397 2
4 56727292 1.1802
4 56728758 2
4 56730881 0.302755453085503
4 56743629 1.14647687685606
4 56745664 1.3683
4 56746186 1.3385
4 56748597 0.455590451740512
4 56751959 1.8316
4 56752799 1.2182
4 56753094 1.8176
4 56756412 0.0517968898411186
4 56756885 2.01177308535669
4 56758215 1.76632136066842
4 56775319 1.0701
4 56781153 0.348007262962228
4 56781880 1.18227937172114
4 56796510 2.0859
4 56816604 2.0859
4 56832433 1.76120122320734
4 56834893 0.777762082395155
4 56834933 0.412600021583616
4 56839833 2.03227366415305
4 56841037 2
4 56844309 2
4 56846693 0.0638234159709911
4 56850331 1.6482
4 56851224 2
4 56853678 2
4 56859155 2
4 56861269 0.63095033132328
4 56865280 2
4 56874501 2
4 56877771 2
4 56883197 2
4 56884262 5e-04
4 56908950 2
4 56945871 2
4 56952471 1.9766
4 56958285 2
4 56958766 2
4 56972090 0.816284269816859
4 56992292 1.6264
4 57008288 2
4 57012718 0.00107997431620727
4 57019746 0.723220126387735
4 57026169 1.6318
4 57027604 1.6318
4 57041909 0.807330935393681
4 57048341 0.0876
4 57052175 0.0512
4 57056533 0.4275
4 57058090 0.4275
4 57063816 2
4 57072656 2
4 57073793 1.73599493396734
4 57084845 2
4 57087890 2
4 57105753 0.883376072813742
4 57113966 2.5066
4 57142123 1.38420072472476
4 57146566 0.438
4 57148624 0.771695890737346
4 57150278 0.832420363818491
4 57157072 1.5105
4 57158172 1.6642
4 57160915 2
4 57166925 1.4315
4 57190783 0.248520537483608
4 57191352 1.8474
4 57191490 2
4 57219058 0.1231
4 57223520 2
4 57245269 2
4 57257363 1.6307
4 57263367 2
4 57269904 2
4 57273231 2
4 57274602 2
4 57284736 2
4 57295535 2
4 57296328 1.5479
4 57308631 1.6697
4 57317248 2
4 57322308 2
4 57326266 2.3002
4 57326771 2
4 57328687 2
4 57340464 2.3002
4 57347241 2
4 57347255 2
4 57348010 2.3756
4 57357922 2
4 57359598 2.2731
4 57359631 0.0817
4 57374698 0.634
4 57375726 1.5945
4 57376502 1.00876257466322
4 57377535 2
4 57380768 2
4 57385802 0.634
4 57391271 1.09535136738006
4 57393371 2.2643
4 57428757 0.4149
4 57429205 5e-04
4 57429381 0.515974648599032
4 57430399 0.635644376413415
4 57435605 1.5087
4 57437610 2
4 57438282 0.117281207327963
4 57439476 0.8361
4 57440658 1.05525644240766
4 57454483 1.1999
4 57462865 2
4 57479066 0
4 57486392 2
4 57492982 2
4 57498983 0.582038807780273
4 57500508 0.381573902769243
4 57504126 0.1099085521107
4 57510745 3.589
4 57513937 0.473847597321808
4 57530892 1.16461967964799
4 57562046 0.3908
4 57575979 0.249957281703345
4 57599350 1.16649228281994
4 57604514 0.118492560008158
4 57608897 2
4 57614401 0.0941942676928759
4 57620943 1.5590871404502
4 57629117 1.25892596866709
4 57697178 0
4 57702701 2
4 57702705 2
4 57703946 2
4 57704375 2
4 57704605 2
4 57705687 2
4 57706997 2
4 57707173 0
4 57717486 0
4 57718102 2
4 57726534 0
4 57732418 1.6663
4 57787009 8e-04
4 57790388 8e-04
4 57801859 0.3495
4 57856046 0.1761
4 57857405 0.3402
4 57861072 0.349465099438217
4 57864267 2
4 57872806 2
4 57873408 2
4 57881562 2
4 57904910 2.7524
4 57906461 6e-04
4 57907191 5e-04
4 57907224 5e-04
4 57928700 0.8589
4 57936739 5e-04
4 57939529 2
4 57941435 2
4 57947792 0.0993968684093336
4 57948673 0.710810132694961
4 57960127 0.190035506331324
4 57961745 2
4 57969784 0.6885
4 57973465 0.6885
4 58007949 2
4 58020540 1.6697
4 58027558 2
4 58045146 0.662490063459291
4 58058347 0.0141640907663054
4 58059975 2
4 58066906 2
4 58068647 2.0921457619309
4 58069777 2
4 58076687 2
4 58086070 1.07555796724073
4 58091497 0
4 58099188 0.420092377768728
4 58102847 0.673547413277111
4 58106986 0.880031067287914
4 58107175 0.158225364419618
4 58108621 0.617280130014552
4 58109394 0.204935641780442
4 58109539 1.32967516918613
4 58111170 0.159288074395653
4 58111519 1.2754
4 58120384 0.262773957292332
4 58159497 2
4 58178985 0.1071
4 58179414 0.1137
4 58193395 0.1137
4 58194123 0.3747
4 58194198 5e-04
4 58210075 2.0832
4 58216292 0.600634087528967
4 58227943 2
4 58249530 2
4 58252441 2
4 58260976 2
4 58269917 2
4 58276240 2
4 58277446 0.47844234626823
4 58277502 0.6829
4 58277582 0.6966
4 58281359 2
4 58287062 0.6966
4 58289994 0.6966
4 58292191 0.6966
4 58300833 1.6561
4 58302597 2
4 58304338 0.6736
4 58306406 2
4 58306776 2
4 58333288 0.798093232289257
4 58334833 2
4 58335767 2
4 58345320 2
4 58347519 2
4 58352469 0.7095
4 58365548 2
4 58387737 2
4 58393869 0.6985
4 58395070 0.6985
4 58401166 2
4 58415053 0.90791719189353
4 58416230 0.376953932083937
4 58437094 1.988
4 58438966 2
4 58441990 0.320303709631635
4 58442773 2.11242769075865
4 58449908 2
4 58453694 5e-04
4 58461740 0.669125442559842
4 58463138 2.40015850866892
4 58467465 0.381450020082175
4 58473673 0.764218353546652
4 58474971 2.2261
4 58481055 0.796944704355711
4 58488927 0.0596424036381842
4 58493930 0.4078
4 58494275 2
4 58502257 1.02307408588864
4 58506083 0.8116
4 58507074 1.39461333033497
4 58509581 0.0728243301174708
4 58521683 1.06892778347021
4 58533425 0.526657576515971
4 58539153 1.2154
4 58540584 0.5681
4 58543849 0.0314203113445238
4 58568841 1.2154
4 58570556 1.2154
4 58571201 0.0078
4 58573018 1.2154
4 58587301 0.302931279499373
4 58605354 1.2694
4 58614902 1.02987152407942
4 58617333 1.2694
4 58646426 2
4 58653861 2
4 58679573 1.11453969872491
4 58691123 1.0444
4 58695622 1.0444
4 58706744 1.0108
4 58707921 2
4 58708263 1.0108
4 58708451 2
4 58718557 1.0108
4 58719558 1.0108
4 58720041 1.0108
4 58732911 0.979
4 58736315 0.979
4 58736554 0.979
4 58739358 0.979
4 58743335 0.979
4 58743657 0.979
4 58744660 0.979
4 58745767 0.979
4 58746799 0.979
4 58747614 0.979
4 58751554 0.142088100862129
4 58752336 2.6935
4 58753314 0.063
4 58755688 2
4 58756959 0.9947
4 58763313 2
4 58764940 2
4 58771287 2
4 58775026 2
4 58779334 2
4 58783907 2
4 58787341 1.4494110782109
4 58793571 1.062
4 58797763 2
4 58800860 2
4 58802412 0.0515411181628988
4 58826178 1.19744163425053
4 58834049 0.5191
4 58848116 0.5099
4 58852147 0.5099
4 58852457 0.5099
4 58875227 2e-04
4 58875591 0.672000262489314
4 58876850 1e-04
4 58877443 0.2996
4 58878147 2e-04
4 58921440 0
4 58922042 1e-04
4 58922756 5e-04
4 58925737 1.2274
4 58926117 1.99683351182853
4 58940984 0.280125979065746
4 58941048 0.5191
4 58943070 1.99346761588645
4 58944314 1.51931607255482
4 58955892 2
4 58960564 0.141
4 58968528 0.00713858595541805
4 58978318 0.3819
4 58991925 0.3717
4 59002151 0.5369
4 59009405 0.5369
4 59016845 2.3756
4 59032247 0.4595
4 59037493 1.79654971915731
4 59040619 2
4 59046300 1.80786570396799
4 59053908 0.6626
4 59060333 0.6626
4 59073897 1.4946
4 59084934 0.456768737633837
4 59086591 2
4 59091449 1.3976103459783
4 59113861 0.0162
4 59130719 2
4 59139875 2
4 59142163 2
4 59152809 2
4 59165436 2
4 59169933 2
4 59172735 2
4 59175691 2
4 59176838 2
4 59178080 2
4 59182817 2
4 59182856 2
4 59183387 2
4 59185151 2
4 59185411 2
4 59185503 2
4 59185817 2
4 59186428 1.84111352248547
4 59189217 2
4 59191340 2
4 59192079 2
4 59195831 2
4 59197695 2
4 59207962 2
4 59213176 2
4 59223020 0.672273239058039
4 59229846 0.6711
4 59233438 0.600427409888773
4 59238488 2
4 59242485 1.5519
4 59245509 1.27327414320004
4 59250156 0.553450277706972
4 59252914 2
4 59256096 1.15623583378269
4 59256755 0.145803699408651
4 59281805 2
4 59286706 2
4 59302588 0.0894
4 59307879 2
4 59310536 1.34
4 59312350 1.1214
4 59314992 2
4 59317476 2
4 59318616 1.34
4 59323996 0.481072512811207
4 59332108 1.34
4 59349762 2
4 59362075 2
4 59368617 0.853753352110291
4 59370060 1.98624848807044
4 59394139 0.515672936229013
4 59397080 0.2703
4 59423121 0.858239014218531
4 59426166 0.125363260619247
4 59429698 1.75541008054714
4 59440471 0.717632382341249
4 59441671 0.0103853798859323
4 59444501 1.21379101596907
4 59448610 0.566762257437534
4 59458350 2.0617
4 59459777 0.1326
4 59471248 0.0210569209627698
4 59471363 2
4 59482576 1.5529
4 59490143 0.239446036634554
4 59490655 2
4 59495416 2
4 59496240 2
4 59496575 1.5092
4 59513279 1.4691
4 59518976 0
4 59518987 1.38421336695058
4 59564370 0.0078
4 59589305 2
4 59591111 2
4 59607727 0.841376243713
4 59612888 0.359379734458389
4 59627752 1.22266324918673
4 59633786 1.79415577257916
4 59643708 2
4 59647920 1.6392
4 59649910 0.473962811968645
4 59658244 2
4 59720730 5e-04
4 59734682 2
4 59741286 2
4 59755799 1e-04
4 59777106 2
4 59802640 2
4 59824733 2
4 59827408 0.4605
4 59866401 0.4486
4 59872644 2.2107
4 59892145 2
4 59898609 2
4 59901204 0.978429322497953
4 59928112 2.4982
4 59928978 0.169856694828835
4 59946642 1.4002488231077
4 59950301 2
4 59966628 2
4 59985106 0
4 59985806 2
4 59986205 2
4 59986566 2
4 59987872 1.7634
4 59999662 0.1806
4 60002779 1.7505
4 60004212 5e-04
4 60005302 1.7505
4 60018412 0.99387536203518
4 60029192 1.8325
4 60035809 1.8325
4 60036441 2
4 60061952 2
4 60062127 2
4 60066018 0.0217
4 60067992 0.0217
4 60075606 0.0217
4 60080027 0.0217
4 60094920 0.0053
4 60095338 1.8325
4 60098049 1.8325
4 60106810 0.139837736052701
4 60121223 0.174972863000048
4 60122540 0.0268
4 60126986 0.589
4 60144684 1.5559
4 60146135 1.06292418543299
4 60155127 1.5559
4 60161549 1.68181719282878
4 60172156 0
4 60176154 0.0395686104196726
4 60182154 0
4 60201484 1.5559
4 60205784 1.6327195583133
4 60243657 1.03321999702165
4 60277367 0.322786271769137
4 60327911 1.7421
4 60345927 2
4 60351221 2
4 60369296 0
4 60387030 5e-04
4 60397436 2.24242263889892
4 60397613 1.1577
4 60399408 1.15664924242527
4 60400837 0.202164044844209
4 60402396 0.147470376284485
4 60402790 1.1577
4 60405321 2
4 60405892 0.550032054810843
4 60407351 0.517000477760332
4 60407750 0.534906621202118
4 60414729 0.542220057107448
4 60416860 1.60908847088603
4 60417754 1.7897708911235
4 60419670 0.733144424177959
4 60420521 0.522044803268565
4 60420756 0.495093160816454
4 60421879 1.18106503786395
4 60423542 1e-04
4 60440682 2
4 60440771 1.1577
4 60444074 2
4 60444965 0.1376
4 60454284 0.1045
4 60455303 0.393755050569003
4 60460989 0.585194796201301
4 60462583 0.423107244567082
4 60463261 0.1045
4 60471940 0
4 60478207 0.1045
4 60480318 0.1045
4 60482316 0.1045
4 60482679 0.1045
4 60482950 0.1045
4 60485064 1.1577
4 60489614 0.180852767689868
4 60500679 3.11230567283814
4 60500940 0.0681
4 60501775 1.9901
4 60504022 0.970852119141012
4 60504115 0.194383155710949
4 60505413 0.205798980029056
4 60537205 2
4 60541976 2
4 60543653 2
4 60546124 2
4 60546474 2
4 60547110 2
4 60554591 2
4 60555685 2
4 60565224 2
4 60568866 2
4 60572059 2
4 60626240 0.677
4 60640336 0.569
4 60641289 0.8024
4 60644970 2.691
4 60667888 0.1151
4 60690219 2
4 60691316 2
4 60692636 2
4 60692685 0.1151
4 60694193 2
4 60702260 2
4 60708795 2
4 60716328 2
4 60718791 0.1151
4 60718959 2
4 60721224 2
4 60725673 1.0565
4 60727551 5e-04
4 60730826 2
4 60734393 2
4 60750233 2
4 60762421 1.0933
4 60817185 1.7659
4 60836210 2
4 60838605 0.9582
4 60874242 2
4 60901465 0.0263
4 60913160 2
4 60923889 2
4 60941506 2
4 60945213 2
4 60947941 0.0454931565111533
4 60952072 2
4 60952655 2
4 60975880 2
4 60979372 0.0263
4 60984054 4e-04
4 61000250 2
4 61040628 0.633661770256259
4 61057351 2
4 61089681 0.6087
4 61091432 0.5652
4 61103099 2
4 61107599 2
4 61121092 1.21102295598277
4 61126145 2
4 61126531 2
4 61134673 0.8333
4 61151754 2
4 61156080 0.897370251373832
4 61160251 2
4 61169887 1.21506175822831
4 61170712 1.18950218344697
4 61171185 2
4 61172689 2
4 61174037 2.6497
4 61178043 2
4 61181810 2
4 61182380 0.581851953252579
4 61190153 2
4 61223436 0.9317
4 61245887 0.150216095142802
4 61246017 2
4 61249564 2
4 61251141 2
4 61251879 2
4 61261195 1.01480379774414
4 61266627 1.22086977120976
4 61269961 0.0610757727831738
4 61275867 0.145863688564525
4 61306610 1.1209
4 61322400 0.2618
4 61333855 0.084
4 61343039 0.2046
4 61361145 2
4 61372560 0.692157321951956
4 61419658 2
4 61424094 0.8098
4 61426446 1.62290036013829
4 61427769 2
4 61430730 2
4 61439903 2
4 61450854 2
4 61456368 0.8795
4 61461528 2.5352
4 61497515 2
4 61509984 0.730165730120928
4 61535104 2
4 61547596 2
4 61566378 1.50612054027461
4 61596610 0.945922631920996
4 61599625 2
4 61604387 0.0924243081173547
4 61617005 0.33237999241384
4 61623240 0.681123478298949
4 61625777 0.182118543083241
4 61645305 0.375875505729718
4 61645475 0.375263956635822
4 61673763 1.36557823828996
4 61688747 0.7349
4 61698344 0.306743924940822
4 61701460 3.1145
4 61701728 0.7806
4 61703302 0.1242
4 61706412 0.237618052380723
4 61726313 0.533747187178461
4 61738831 0.221998645181999
4 61742576 1.4893
4 61743398 0.395235967898928
4 61756386 0.642513232057088
4 61766767 0.54424205263818
4 61769867 1.97219044378594
4 61775907 2
4 61779314 0.0469448118163397
4 61803276 0.326421206974556
4 61804955 0.134781022372436
4 61828563 0.685131204797174
4 61832907 0.999291128888715
4 61847604 0.6409
4 61849373 0.5152456140596
4 61865266 0.122918583116451
4 61866841 0.298595124768611
4 61871114 1.42439761209262
4 61884183 1.15707090270086
4 61896928 0.4433
4 61904134 0.1834
4 61908517 0.0162
4 61910891 5e-04
4 61935010 0.1694
4 61987867 0.724140702137733
4 61997693 2
4 62006033 1e-04
4 62006520 0.235138913086324
4 62007439 1.621
4 62029662 1.4696
4 62043314 2
4 62048220 2
4 62053989 1.51430729177196
4 62067051 2.7838
4 62088555 1.21532666933548
4 62106917 1.58932728258157
4 62127185 0.194363159964982
4 62137623 0.100253084423538
4 62140651 0.2862
4 62155436 0.438380002500376
4 62169608 1.06372000058338
4 62185715 0.653173341306865
4 62189748 2
4 62190940 0.0078
4 62200290 1.02153563975401
4 62204776 2
4 62215531 2
4 62220858 2
4 62228610 2
4 62229138 2
4 62229864 2
4 62230977 2
4 62231138 2
4 62233581 2
4 62243708 2
4 62262541 2
4 62271492 1e-04
4 62285312 2
4 62296451 1.18537980669415
4 62318050 2
4 62366663 2
4 62382266 0.1801
4 62382420 1.58248248830177
4 62386902 5e-04
4 62388405 1.2476
4 62389993 0.0263
4 62401620 2.6999
4 62405437 2
4 62408598 0.2171
4 62417134 0.51936980330304
4 62428220 0.21
4 62431118 1.75011673537515
4 62432377 1.71928730357045
4 62438406 0.802028549252154
4 62440247 0.397409165323776
4 62450373 0.922966189703492
4 62460091 0.1526
4 62464382 0.73694802585253
4 62486254 0.302089785827859
4 62497236 2
4 62504230 2
4 62505524 1.4015
4 62506642 1.3937
4 62514743 2.09
4 62516938 2
4 62517922 1.4015
4 62532798 0.68860224426278
4 62532835 0.951097577523171
4 62534264 0.0847024845135767
4 62535122 2.23520294218254
4 62536304 0.2692
4 62543445 1.25062010967762
4 62556174 1.0196
4 62556530 1.19
4 62560207 0.2692
4 62560260 0.2692
4 62561602 0.2692
4 62561787 0.2692
4 62566363 1.1979
4 62566403 0.2692
4 62567572 0.2692
4 62571564 0.465088520340947
4 62574144 0.2692
4 62576191 0.2692
4 62577422 0.29070006923414
4 62577564 0.739784316166859
4 62580477 5e-04
4 62582210 0.2692
4 62583257 0.0647428826412967
4 62585037 0.492970189614644
4 62594508 0.3814141562474
4 62612720 0.0263
4 62613974 0.565242820005617
4 62615067 2
4 62632548 2
4 62640023 2
4 62641272 2
4 62649077 0.1445
4 62662700 2.7141
4 62665318 2
4 62671400 2
4 62676975 2
4 62720241 0.277908590582086
4 62756520 0.103934549159594
4 62767905 0.899531724842429
4 62768719 1.11210786264365
4 62778417 0.823613830673382
4 62795787 0.3908
4 62796850 1.69117584099827
4 62801183 1.13327112788617
4 62801695 0.16116243128727
4 62802553 1.40850362381781
4 62812952 2
4 62830056 1.19571960487504
4 62848978 0.942574417481204
4 62862690 0.568710615996307
4 62877472 0.212801661717201
4 62879847 2
4 62884914 2
4 62894040 2.9777
4 62902352 1.21428492987518
4 62904662 1.69457901900723
4 62905748 0.821757434952932
4 62905833 1.20308876804682
4 62919254 0.713083055824097
4 62921668 0.0916189102351764
4 62921824 0.690721021373931
4 62928217 2.26741985819087
4 62931075 0.258435216730519
4 62936661 1.05233093121179
4 62957985 0.995780349805682
4 62967747 1.9717732718657
4 63004397 2
4 63010404 1.97830694837362
4 63025264 0.767535455185039
4 63043929 2
4 63055434 2
4 63056055 1.99185170491748
4 63062291 0.7765
4 63067466 0
4 63070142 0.9455
4 63088515 0.0078
4 63089500 2
4 63092771 2
4 63098107 1.07171268534096
4 63098925 0.9133
4 63100470 1.46921336174581
4 63101256 2
4 63102950 2
4 63103136 0.7765
4 63104693 1.4649099341318
4 63106861 2.39839205347219
4 63126693 0.7765
4 63129912 0.9133
4 63134157 0.7683
4 63137935 0.31935461594403
4 63140962 2
4 63150383 1.84009535349656
4 63172335 1.0619
4 63172392 2
4 63177192 2
4 63182474 2
4 63184246 0.754771478615238
4 63187792 2.2734
4 63200817 2
4 63200942 0.228399398783352
4 63200943 0.346942070095165
4 63203872 5e-04
4 63204332 0.302747999737265
4 63218188 2
4 63222972 0.0589
4 63227450 0.0589
4 63231366 0.0589
4 63234923 0.610255714390397
4 63239845 0.0589
4 63241242 0.0589
4 63242489 0.0589
4 63245825 1.36373570281027
4 63249823 0.791270028029234
4 63251312 1.1053
4 63266719 1.3012
4 63267764 2
4 63273511 2
4 63284582 2
4 63285942 2
4 63291656 2
4 63298406 2
4 63304005 2
4 63311023 2
4 63328019 0.439305281777762
4 63343319 2
4 63350902 0.263630501828945
4 63366519 2
4 63366666 2
4 63368554 0
4 63372363 0
4 63377346 0.599254525629938
4 63380718 1.1478
4 63387380 0.8586
4 63389954 2.42540727590311
4 63390967 1.50412287252496
4 63395944 0.931909465100785
4 63401171 0.729762887791544
4 63411816 2
4 63413859 0.404675060500666
4 63425110 2
4 63431580 0.704148977795362
4 63435105 2
4 63441562 2
4 63453879 2
4 63457344 2
4 63460053 2
4 63463341 0.4206
4 63463344 0.4206
4 63464687 1.46985130350119
4 63488849 1.1095
4 63510254 1.1095
4 63514103 2
4 63518913 2
4 63554853 4e-04
4 63566183 2
4 63579117 1.0398
4 63582908 1.0398
4 63590565 2
4 63592742 0.0263
4 63592811 1.0398
4 63601934 2
4 63604445 0.0263
4 63608632 2
4 63615410 1.0398
4 63617705 0.0053
4 63618449 0.606661791626354
4 63648343 0.2567
4 63659821 0.0162
4 63672512 0.0162
4 63673164 2
4 63698809 2.0558
4 63717816 0.2742
4 63756672 0.2654
4 63761235 0
4 63765704 0.2482
4 63776476 1.9814
4 63797639 0.5925
4 63800768 2.42692035346111
4 63803839 0.357172634051601
4 63806092 0.30000374604401
4 63814221 0.745399552844675
4 63814478 0.793958133391314
4 63814493 0.5925
4 63827197 1.24610574390505
4 63828399 0.496327011821558
4 63833557 0.5999
4 63840391 0.1171
4 63855471 0.4896
4 63859786 0.5313
4 63861612 0.5313
4 63868889 3e-04
4 63905584 0.2644
4 63909678 0.2644
4 63914435 0.0078
4 63935915 0
4 63952035 1.82687666169699
4 63952563 2
4 63956450 0.349407891773859
4 63960576 0.225368030272811
4 63962722 1.04823214460024
4 63973133 1.33909313366572
4 63973447 0.471233058296415
4 63975878 0.62387216940878
4 63981618 0.645438191204285
4 63981644 1.46936276123163
4 63988761 0.582671211226789
4 63992773 1.12843598493289
4 63997026 0.2644
4 63997066 1.81508230417748
4 63998159 1.33876253554445
4 64007294 0.0411431437696323
4 64012973 1.31606414363061
4 64016216 2
4 64029584 2
4 64039380 0.476726728625814
4 64043373 1.03575524761909
4 64067023 0.96986044622559
4 64102636 1.2786
4 64125564 1.37591785743891
4 64131276 1.14103419493547
4 64155505 5e-04
4 64177359 2
4 64183099 0.114017787783637
4 64203526 0.4549
4 64207375 2.0617
4 64237986 0.316590184640125
4 64242796 2
4 64264779 0.779136198102906
4 64279754 5e-04
4 64295373 5e-04
4 64299680 0.0228466533198758
4 64318651 0.231979393284969
4 64324121 1.2718
4 64331714 1.50630952029202
4 64346911 1.32614954298634
4 64349242 0.15558271873066
4 64355763 0.291010846095975
4 64356887 0.1101
4 64356924 0.1101
4 64359589 0.027684620585418
4 64363756 0.1101
4 64364548 0.1101
4 64368358 0.1101
4 64368429 1.35015314778739
4 64369978 0.1101
4 64371180 0.289588532469846
4 64378943 0.0896
4 64380118 0.1101
4 64384252 0.1101
4 64397395 2.32490885227681
4 64398503 0.376195942047308
4 64402778 1.3583
4 64403551 1.3583
4 64405667 1.3677
4 64406855 0.072557066973743
4 64441327 1.8874
4 64445479 2
4 64458533 2
4 64490421 2
4 64491363 2
4 64495740 0.981
4 64503256 0.734900595406125
4 64536381 2
4 64550008 2
4 64557744 2
4 64557917 2
4 64562604 2
4 64567530 0.1811
4 64567914 2
4 64568351 0.0742
4 64568683 0.0742
4 64577510 0.0896
4 64581357 2
4 64583111 1.06619110974079
4 64585994 0.449788150036865
4 64587492 0.136561043784406
4 64592032 0.19584585292758
4 64595443 0.17766665458551
4 64617870 1.1562
4 64624630 2
4 64633666 2
4 64646901 2
4 64649764 2
4 64658966 2
4 64662390 2
4 64663133 2
4 64668963 2
4 64671030 2
4 64675941 2
4 64676755 2
4 64680489 2
4 64683327 2
4 64689219 2
4 64693952 2
4 64697269 2
4 64707900 1.3202
4 64711228 0.288580712301886
4 64733069 1.18438326846828
4 64741063 0.396
4 64747551 1.79496449806558
4 64755843 0.845560269844117
4 64757110 0.480660300610902
4 64777346 0.190422090539549
4 64794344 1.69615219463872
4 64810897 2
4 64834433 5e-04
4 64836740 0.4018
4 64853841 2.16523703503771
4 64859351 0.3015
4 64859530 1.01074551044595
4 64868542 0.0138
4 64868992 0.2587
4 64872422 0.720406587434226
4 64873247 2
4 64875340 0.543267674630261
4 64889508 2
4 64901674 2
4 64909035 1.0134
4 64918527 2
4 64946696 2
4 64953968 2
4 64962162 2
4 64980777 2
4 64981731 2.5066
4 64985448 2.2269
4 64987784 2
4 64988198 2
4 64990724 2
4 64991113 2
4 64995731 2
4 64998214 2
4 65000909 2.0205
4 65011886 2
4 65017842 2
4 65019935 2
4 65025579 2
4 65026139 2
4 65027950 2
4 65035136 1.2295
4 65070570 0.4298
4 65076891 1.6147
4 65082040 0.4169
4 65105388 0.4169
4 65107982 1.6642
4 65115630 2
4 65117389 0.4169
4 65119426 2.6935
4 65134651 0.420586167768047
4 65137819 2
4 65153173 0.0866
4 65158101 2
4 65158605 0.466463515894156
4 65159560 0.4425
4 65159702 0.0263
4 65172700 1.6853
4 65184025 1.6989
4 65184066 1.7209
4 65184331 0.4425
4 65188663 0.5167
4 65192197 0.4298
4 65199051 2
4 65202691 1.6961
4 65229823 1.6961
4 65230432 1.6961
4 65250592 1.7072
4 65254984 2
4 65262343 0.0994
4 65271534 0
4 65288093 1.6326
4 65288247 2
4 65288471 1.642
4 65294561 1.642
4 65295530 0.443855999501095
4 65295887 1.6326
4 65297247 1.642
4 65297617 1.6326
4 65302995 2.9996
4 65305253 1.6051
4 65305382 2
4 65305716 1.6141
4 65309413 2
4 65315341 2
4 65315509 2
4 65324714 1.6233
4 65324926 1.6141
4 65326997 2
4 65333156 2
4 65333993 1.6141
4 65335111 0.602923303416685
4 65353715 0.802602348108931
4 65355545 1.6517
4 65377408 0.0361153312491436
4 65408567 1.53592925859077
4 65410540 1.2252
4 65413295 1.1307
4 65423950 1.176
4 65424027 0.195315028133374
4 65429453 1.97830661674685
4 65430494 2
4 65432529 1.3355
4 65438364 2
4 65454290 0.804
4 65458218 2
4 65461423 2.7838
4 65461848 0.0444
4 65483089 0.2768
4 65485410 1.6268
4 65493859 2
4 65506335 0.0162
4 65510988 0.5992
4 65514002 1.59940762371567
4 65531054 1.9753
4 65546474 0.1617
4 65554970 0.343924703093303
4 65560226 2
4 65571474 1.3413
4 65574653 6e-04
4 65576100 5e-04
4 65590663 0.532919506658685
4 65591188 2
4 65617260 1.3632
4 65619394 1.3558
4 65625844 0.448665523164033
4 65640808 0.110934758438817
4 65646231 2
4 65656388 0.15872177740103
4 65706300 0.3647
4 65706783 2
4 65708659 0.0796997810922533
4 65709982 0.102081022116106
4 65711218 0.337570141139819
4 65719204 2
4 65725051 2
4 65732170 0.622205555595555
4 65735042 2
4 65751366 2
4 65763796 2
4 65766300 0.0637
4 65780331 2
4 65791824 0.0864838872026495
4 65793972 0.739911742901245
4 65807943 2
4 65808813 2
4 65826329 2
4 65828262 1.1662
4 65832116 2
4 65843383 0.0307549502406628
4 65849593 0.0697158913659185
4 65852446 0.7875
4 65852653 1.1329
4 65859565 0.7875
4 65864860 2
4 65865452 0.808
4 65866565 0.808
4 65868229 0.7486
4 65871749 1.1329
4 65871990 1.2909
4 65878450 1.311
4 65884584 1.2909
4 65889076 2
4 65892548 1.311
4 65896877 1.311
4 65897311 1.1329
4 65900218 1.311
4 65905540 2
4 65905962 1.634
4 65918106 2
4 65919899 1.1122
4 65921867 2
4 65922061 1.1122
4 65922554 2
4 65928918 2
4 65933516 2
4 65943015 2
4 65952094 2
4 65970474 0.172363656462821
4 65992847 2
4 65999623 2
4 66013338 0.7327
4 66026104 0.660118065983613
4 66029833 0.719671300691263
4 66030868 2
4 66043426 2
4 66043473 2
4 66075658 2
4 66118613 0.8756
4 66131996 2
4 66132595 2.5895
4 66140276 1.1821907810586
4 66147714 0.0702147887076186
4 66154833 2.9962332749118
4 66176492 0.0719
4 66194641 0.0617
4 66210888 0
4 66232716 0
4 66234328 1.5029
4 66236188 0.0396
4 66243985 0
4 66245075 0.0396
4 66246891 0.0339
4 66247782 0.0396
4 66288484 0.4206
4 66402515 1.82209978153966
4 66416984 1.01860868060453
4 66418077 1.52397305555136
4 66426607 0.320854478753529
4 66428037 0.519278459880239
4 66433403 2.4365
4 66440507 5e-04
4 66445741 2
4 66462799 2
4 66486989 2
4 66501385 0.0688269002954926
4 66529152 1.07537604534086
4 66546358 0.3333
4 66550126 0.5573
4 66551113 1e-04
4 66571001 0.6482
4 66572700 2
4 66582349 2
4 66587699 2
4 66600995 1.41285072768133
4 66601115 0.6804
4 66656870 0.7512
4 66659082 0.0329
4 66701386 0.196007443312363
4 66730243 1.7651
4 66737483 1.4958
4 66740660 2.5965
4 66750701 2
4 66757675 5e-04
4 66781201 2
4 66785338 2
4 66791593 1.0887
4 66806047 0.2499
4 66812311 2
4 66813800 2
4 66817370 2
4 66823728 2
4 66824847 2
4 66841172 2
4 66848527 2
4 66884101 2
4 66889057 2
4 66914674 2
4 66916457 2
4 66932769 2
4 66934071 2
4 66942117 2
4 66951698 2
4 66960982 2
4 66978739 2
4 66992040 2
4 66995837 0.181670995661129
4 66996074 2
4 67012193 2
4 67025923 2
4 67038383 0.0107
4 67064133 0.0273
4 67066085 2
4 67070912 2
4 67080792 0.9073
4 67123598 0.9073
4 67160674 2
4 67198094 2
4 67202637 2
4 67203304 2
4 67211758 0.395936833063796
4 67224979 2
4 67225031 2.7524
4 67227682 2
4 67232858 0.0066
4 67235583 1.2414
4 67240997 2
4 67250821 0.4944
4 67259429 0.4944
4 67266740 0
4 67282510 2.5965
4 67287455 2
4 67290133 0.0078
4 67319868 2
4 67327098 2.44507529414145
4 67348512 2
4 67355221 0.187250316701954
4 67361278 2
4 67361742 0.802
4 67367787 1.17148416462461
4 67372256 0.594768015410217
4 67379120 2
4 67384419 0.651520341555738
4 67385304 0.18752073745431
4 67385649 1e-04
4 67398113 2
4 67414845 0.570560790425693
4 67428269 0.3224
4 67434371 0.266
4 67437485 0.1369
4 67446809 0.2574
4 67448214 0.2574
4 67448722 0.2574
4 67465985 0.2574
4 67467407 0.2574
4 67469514 0.2574
4 67472291 0.2574
4 67477673 2
4 67483597 2
4 67489393 0.2574
4 67490861 2e-04
4 67504173 0.628866794318743
4 67505515 0.2574
4 67520364 0.2574
4 67532312 2
4 67556452 0.00430662254939446
4 67557585 1.14753455503799
4 67582459 1.65574636594754
4 67585881 2
4 67587155 2
4 67594036 1.5076
4 67612836 2
4 67627447 2
4 67632300 2
4 67638385 3.1272
4 67642513 2
4 67655050 2
4 67665160 2
4 67667566 2
4 67672773 2
4 67673910 2
4 67680257 2
4 67680815 0.501339793559723
4 67683793 2
4 67689769 2
4 67693121 0.888340638934846
4 67697663 2
4 67699752 2
4 67702605 2
4 67703055 0.981098373778291
4 67713975 2
4 67738039 2
4 67739220 2
4 67744865 2.3847
4 67755614 2
4 67798773 2.0603
4 67818738 2
4 67819417 1.49054341959686
4 67831580 0.249662365490656
4 67831668 0.847749271514364
4 67855010 0.5955
4 67856481 1.6039
4 67870748 2
4 67870837 2
4 67878399 1.16535217671849
4 67895980 2
4 67899339 0.1126
4 67906014 0.1126
4 67909815 0.1126
4 67910402 0.951126518504182
4 67913876 2
4 67914535 2
4 67920283 1.562
4 67922149 1.562
4 67940226 2
4 67940667 2.1379
4 67947419 1.26461002865639
4 67966739 2
4 67973247 2
4 67974338 2
4 67976407 0.136317975950975
4 67983037 0
4 67990722 0.650660536034339
4 67991867 0.4074
4 67993379 2
4 67993492 2
4 67999493 0.0229814102780399
4 68017025 1.58072678505249
4 68018236 2
4 68026653 2
4 68033376 2
4 68035389 0.846845528260345
4 68042221 2
4 68049549 2
4 68056484 2.3119
4 68057797 2
4 68066497 0.634609414533013
4 68069454 2
4 68073672 0.7215
4 68077707 2
4 68077781 0.7057
4 68080459 2
4 68081249 2
4 68084198 0.7057
4 68087605 0
4 68088058 2
4 68092052 0.7057
4 68094804 0.7057
4 68095679 0.990195646858606
4 68107639 2
4 68108806 2
4 68132435 1.21583609304635
4 68135035 0.7057
4 68140427 2
4 68154711 2
4 68155760 2
4 68163195 2
4 68178944 2
4 68179056 0
4 68188528 2
4 68191355 2
4 68191739 2
4 68193961 2
4 68197540 5e-04
4 68207866 2
4 68209223 2
4 68219844 2
4 68229479 2
4 68231992 2
4 68232288 2
4 68263279 2.3421
4 68281613 0.633576435261378
4 68283068 1.71423365999906
4 68303535 0.75909496887813
4 68327426 0.499967008140028
4 68340724 1.7738125003548
4 68348167 0.0675902971206801
4 68348664 2
4 68365762 0.264935746232827
4 68386392 1.93495327221853
4 68388191 0.4279
4 68388759 0.0400433044117348
4 68390234 1.1192
4 68395188 2
4 68399604 1.17486683529934
4 68399727 2e-04
4 68399763 1e-04
4 68407013 2
4 68410130 2
4 68411023 2
4 68413202 2
4 68415237 2
4 68417022 2
4 68417273 5e-04
4 68417848 2
4 68417943 1.81267245782806
4 68424247 2
4 68426304 2
4 68430945 0.0580972217423154
4 68431503 2
4 68434450 0.2341
4 68437411 2
4 68437603 1.16678310771444
4 68437621 2
4 68438750 0.954334054805735
4 68443312 2
4 68453703 0.305215612959091
4 68468092 0.0506
4 68468695 0.606750709990212
4 68479424 2
4 68479862 0.5526
4 68482437 2
4 68503131 0.677706077524665
4 68505185 2
4 68505306 2
4 68505336 2
4 68518033 2
4 68518644 0.9069
4 68530072 0.4864
4 68544622 0.926894763212705
4 68549097 0.0897
4 68549837 0.4438
4 68549889 0.4438
4 68583111 2.1665
4 68595048 0.0391
4 68598875 1.4613
4 68603381 2
4 68626601 0.487330085387516
4 68626701 1.60615233300239
4 68635437 0.0165
4 68638196 1.88472663038961
4 68640618 0.0165
4 68645756 0.9511
4 68646207 0.138020164342465
4 68677831 2
4 68681489 2
4 68687809 0.0932038006632215
4 68713877 2
4 68727119 2
4 68744612 0.3979
4 68746539 0.395306482212796
4 68748324 0.4237
4 68748564 0.4237
4 68755662 0.4237
4 68758594 0.4237
4 68762392 0.3979
4 68763707 0.3243
4 68775534 1.3006
4 68780890 1.2774
4 68781818 1.2831
4 68799921 0.9724
4 68802520 5e-04
4 68823915 5e-04
4 68824671 2
4 68846770 2
4 68851591 2
4 68913612 2
4 68931924 2
4 68937461 2
4 68948609 2
4 68957987 2
4 68965941 2
4 68968733 2
4 68971659 2.4794
4 68981295 2
4 68984076 2
4 68987743 2
4 68987868 2
4 68988719 2
4 68989869 2
4 68990430 2
4 68990431 2
4 68992247 2
4 68993984 2
4 68994399 2
4 68995375 2
4 68995857 2
4 68996576 2
4 68997200 2
4 68998813 2
4 68999221 2
4 68999425 2
4 69003705 2
4 69005667 2
4 69006306 2
4 69017335 0.770585292097459
4 69039933 0.537152805554683
4 69048802 2
4 69070316 1.2667922379021
4 69080625 2
4 69083393 0.0563
4 69083780 2
4 69098803 2
4 69102348 2
4 69106192 2
4 69114055 2
4 69120690 2
4 69127952 2
4 69138720 2
4 69139156 2
4 69151349 2
4 69152807 2
4 69159293 0.9847
4 69164555 2
4 69165877 0.773803836603757
4 69167321 0.244008915109879
4 69168303 2.13489569466719
4 69168426 2
4 69170665 5e-04
4 69170772 0.882115951927855
4 69171721 2
4 69182840 1.26731758839226
4 69189174 0.769080921770344
4 69191179 1.7344
4 69191266 1e-04
4 69191670 1.7344
4 69206159 0.177607748894731
4 69211659 2
4 69218720 2
4 69222761 2
4 69229551 0.178822977782943
4 69233047 0.0122224902128002
4 69233607 2
4 69236227 1.1895
4 69254604 0.522182134524213
4 69285065 2
4 69289915 2
4 69291741 2
4 69294591 2
4 69297564 2
4 69303782 2
4 69305497 2
4 69317748 2
4 69319760 0.0619680268740072
4 69323492 2
4 69333233 1.6546
4 69339149 1.31986280005043
4 69339886 2.4794
4 69345845 1.7344
4 69349777 2
4 69350584 1.52057855372581
4 69367251 2
4 69371340 2
4 69373754 2
4 69375316 2
4 69376116 2
4 69387552 2
4 69389105 2
4 69389130 2
4 69397721 2
4 69401282 0
4 69404037 2
4 69433587 2
4 69433747 0.0776181953635768
4 69434582 0
4 69441341 1.2795
4 69448071 2
4 69450728 2
4 69455575 2
4 69458381 2
4 69463820 2
4 69465714 1.35285102648056
4 69465902 2
4 69467247 2
4 69480846 2
4 69484129 2.4162
4 69489662 0.5217
4 69502089 5e-04
4 69502484 2
4 69505086 2
4 69521341 0.73332127257185
4 69521597 1.2785
4 69524120 2
4 69534806 2
4 69538046 2
4 69538271 2
4 69539686 2
4 69539827 2
4 69541239 2
4 69541321 2
4 69541336 2
4 69542044 2
4 69542698 2
4 69546693 1.44286021701254
4 69550437 2
4 69553702 2
4 69556481 2
4 69560617 5e-04
4 69562340 2
4 69563156 2
4 69563790 1.4952
4 69563891 5e-04
4 69565161 2
4 69566588 1.3058
4 69571747 1.3058
4 69572479 2
4 69576659 2
4 69577095 2
4 69600261 2
4 69601384 2
4 69601741 0.9663
4 69602216 1.4525
4 69603614 1.4525
4 69607122 0.6033
4 69611610 2
4 69612147 2
4 69612950 2
4 69617324 2
4 69625790 2
4 69627361 2
4 69629635 2
4 69633260 2
4 69636043 2
4 69637061 2
4 69643812 2
4 69644930 2
4 69651042 2
4 69662761 2
4 69666210 2
4 69670436 2
4 69678609 1.3356
4 69688081 1.3356
4 69688961 1.3356
4 69695348 2
4 69696399 2
4 69702890 1.3356
4 69707263 2
4 69714359 2
4 69718976 1.7006
4 69753320 2
4 69766208 2
4 69768723 2
4 69774332 1.9653
4 69797833 2
4 69805674 2
4 69806025 2
4 69807103 5e-04
4 69813556 2
4 69817324 1.3436197203952
4 69841722 2
4 69846443 2
4 69853815 2
4 69867323 0.611455691371544
4 69885994 2
4 69917630 1.5076
4 69942053 0.6034
4 69967223 1.03430091303141
4 69969159 0.606570443774946
4 70035936 0.562075674511054
4 70057944 0.252714310215065
4 70073031 0.713281830040572
4 70077673 0.973209687174866
4 70077854 0.775525207329174
4 70082078 1.8281
4 70086089 2
4 70086471 0.792995563873831
4 70089573 0.9029825953883
4 70090425 0.131815230117869
4 70100043 0.394417754996154
4 70114621 2
4 70121309 1.2699
4 70122265 1.2699
4 70133742 2
4 70143832 2
4 70144820 1.20581897491316
4 70157397 2.2653
4 70169294 0.0681
4 70179401 0.341048149703262
4 70180690 0.770348416060278
4 70190294 1.0629
4 70196709 1.0629
4 70207716 1.0629
4 70214917 1.0629
4 70224247 1.3981
4 70240796 1.3981
4 70241647 1.3981
4 70245265 1.3981
4 70246429 1.3981
4 70246598 1.3981
4 70248985 1.3981
4 70249659 1.3981
4 70250906 1.3981
4 70251485 0.388887216053441
4 70251960 1.3981
4 70254166 0.405744665458838
4 70259803 1.0791
4 70263145 0.259870459743392
4 70265348 0.820918085060607
4 70300776 2
4 70310710 2
4 70312848 2
4 70317911 2
4 70334294 1.11162758909228
4 70339760 2
4 70340615 2
4 70340665 0.0994276398417174
4 70340970 2
4 70341681 2
4 70343949 2
4 70343977 2
4 70345034 2
4 70346067 2
4 70346935 2
4 70347677 2.33078673703394
4 70347877 2
4 70348279 2
4 70349371 2
4 70349546 2
4 70350277 2
4 70363450 2
4 70366984 2
4 70376410 0.206777669773639
4 70383080 2
4 70384591 0.78379939962543
4 70384682 0.209275263854151
4 70385429 2
4 70385473 2
4 70386087 2
4 70387268 2
4 70395754 2
4 70397870 0.405910877857709
4 70423686 2
4 70433166 1.6541
4 70437210 2
4 70444924 2
4 70445549 1.1738
4 70453098 0.0753
4 70460953 2
4 70469486 0.4379
4 70474710 2
4 70475642 2
4 70483595 1.3144
4 70484518 0.154161348748148
4 70491394 0.17113101471274
4 70492498 1.3144
4 70494693 1.6485
4 70498582 1.0398597771895
4 70500410 0.375371998095769
4 70503833 2
4 70505027 2
4 70506005 0.285209319372863
4 70506114 2e-04
4 70513727 0.9295
4 70518771 0.110847996359749
4 70520352 0.0507496935688929
4 70528227 0.304356493997695
4 70531272 2.91945962765646
4 70539665 1.6771
4 70545776 1.6607752973271
4 70549106 2
4 70557781 0.671893739559647
4 70559490 1.6597
4 70559978 2
4 70560720 1.6597
4 70561153 2
4 70568855 2
4 70574198 0.323159993109271
4 70583562 0.6895
4 70588546 0.0230689672424923
4 70597397 1.0548
4 70600734 2
4 70621042 1e-04
4 70635454 2
4 70651159 2
4 70652629 1.08567510973578
4 70654913 1.0848
4 70657497 1.03276476512671
4 70809671 2
4 70830999 0.0291
4 70836967 0.0291
4 70842337 0
4 70843771 0.7027
4 70848773 5e-04
4 70883078 0.0181
4 70888607 0.3021
4 70893116 5e-04
4 70972007 0.167
4 70982367 0.657691349126174
4 70984171 0.0347
4 70989292 0.0236
4 71001694 0.0291
4 71013827 0.0291
4 71021066 1.17924355093103
4 71028759 0.1537
4 71028846 2
4 71028856 2
4 71056748 2
4 71058566 2
4 71076365 1.5299
4 71078933 0.826447533498804
4 71089885 0.654450211795614
4 71089946 1.83271437199016
4 71092377 0.39805661172507
4 71095768 0.635129246307913
4 71115393 0
4 71152978 2
4 71153053 2
4 71162828 2
4 71181131 0.7211
4 71208951 2.15278683483503
4 71239416 0.0053
4 71311609 0.711189454649069
4 71314698 0.743290133088311
4 71332302 1.2052727388389
4 71398411 2
4 71414394 2
4 71419483 2
4 71427559 1.066
4 71432516 0.0078
4 71440932 2
4 71467096 1.6268
4 71467643 0.1237
4 71496234 0.9218
4 71512683 2
4 71519326 0.0681
4 71527319 2
4 71528145 2
4 71531828 0.2046
4 71533603 0.9828
4 71543076 0.2693
4 71550090 0
4 71550868 0.8047
4 71559430 0.69884007614715
4 71560833 2
4 71561545 2
4 71583653 0.4205
4 71585291 0
4 71587263 2
4 71590547 2
4 71599005 2
4 71605620 2
4 71606369 0.1644
4 71606679 2
4 71607147 2
4 71612597 2
4 71621454 2
4 71629261 2
4 71633336 2
4 71685224 2.9843
4 71688442 2
4 71701255 0.823433678603422
4 71705110 0.2701
4 71709918 0.2701
4 71727121 2
4 71743681 0.649908263632823
4 71744491 2
4 71752617 2
4 71755287 0.297730331377873
4 71755957 2
4 71755962 2
4 71766925 0.813532229882107
4 71775032 0.0698571167142861
4 71775789 2
4 71788685 0
4 71796045 2
4 71800622 2
4 71804915 2
4 71811119 2
4 71814791 2
4 71828343 0.552780291274754
4 71831847 2
4 71834408 2
4 71845648 1.3961
4 71847155 0.6356
4 71847973 2
4 71848159 2
4 71855628 2
4 71861615 0.0603071629220254
4 71861675 2
4 71862586 1.05891069363729
4 71862954 0
4 71876149 1.32628195941832
4 71876152 0
4 71876455 1e-04
4 71883328 0.0162
4 71884123 2
4 71885320 0.93495732678242
4 71895088 1.60938845770097
4 71901337 0.6714
4 71903445 2
4 71907683 0.20235923597755
4 71958908 2
4 71960365 2
4 71969815 2
4 71986330 2
4 71994008 2
4 71997434 0
4 72000298 0.670773950291294
4 72010361 2
4 72011293 2
4 72018714 5e-04
4 72037403 5e-04
4 72039281 2
4 72039372 1.27806951806849
4 72074741 0.0107
4 72077751 0.0107
4 72093584 2
4 72096071 0
4 72098462 2
4 72134778 2
4 72142240 2
4 72163773 0.620872750922994
4 72189597 0.0388765859789866
4 72190609 2
4 72193660 2
4 72211169 2
4 72211381 2
4 72224258 2
4 72226217 2
4 72232959 2
4 72236664 2
4 72240381 2
4 72243348 0.2071
4 72276474 2
4 72291251 2
4 72384896 2
4 72389903 0.4577
4 72394270 0.0429
4 72412589 2
4 72413952 2
4 72416709 2
4 72440772 1.6996
4 72455988 1e-04
4 72457981 2
4 72459241 2
4 72467205 2
4 72475729 2
4 72488695 1.6996
4 72491836 0
4 72493286 0.021
4 72495727 0.0264
4 72496529 2
4 72508307 2
4 72508720 1.687
4 72510074 2
4 72510932 2
4 72512673 0.625640693425888
4 72514871 0.530338949029642
4 72517869 0.145553808944224
4 72527566 1.36848019702805
4 72528351 0.907672165466885
4 72537677 2
4 72548569 2
4 72549964 1e-04
4 72551950 2
4 72553493 0
4 72563921 2
4 72568399 2
4 72576107 2
4 72584200 2
4 72610944 5e-04
4 72629989 1.6347
4 72650958 2
4 72668310 1.5547
4 72677138 1.5547
4 72683383 1.545
4 72687150 2
4 72698088 2
4 72724969 2
4 72728411 2.3009
4 72743353 2
4 72751761 2
4 72760776 2
4 72763466 2
4 72765228 2
4 72765593 2
4 72766938 2
4 72768836 2
4 72769475 2
4 72772708 2
4 72775540 2
4 72775941 2
4 72776863 0.0051
4 72780105 2
4 72809524 0
4 72812534 1.13729204415515
4 72814161 2
4 72817527 1.41750781792347
4 72818000 0.834180313355132
4 72833308 0.898721050074771
4 72835474 0.00484808248990265
4 72842063 2
4 72846197 0.8888
4 72856913 0.30942313817267
4 72867186 2
4 72877380 1.46341807029578
4 72878003 1.6867
4 72879146 1.61926919489353
4 72879323 0.52038727336625
4 72884610 0.333706027964479
4 72891024 0.0706743023104439
4 72892933 0.7544
4 72894965 1.31286633737175
4 72897785 1.6151
4 72899736 0.8888
4 72899959 0.252573863737294
4 72906453 1.3236
4 72907082 2
4 72913180 2
4 72917984 1.1122
4 72920008 2
4 72928723 1.1122
4 72950050 1.2728
4 72955052 1.2397
4 72957114 1.2397
4 72961181 1.2397
4 72975965 1.4894
4 72987381 1.2234
4 72995203 0.0704
4 72999436 1.2177
4 73004245 2
4 73025333 0.7941
4 73040228 0.0765
4 73042376 2
4 73067916 0.9279
4 73086952 5e-04
4 73101523 2
4 73103582 1.1237
4 73116967 2
4 73172243 0.8018
4 73258121 1.2177
4 73270393 1.0433
4 73330834 1.9184
4 73348271 1.9184
4 73352825 2
4 73376761 1.8556
4 73389752 2
4 73414162 2
4 73418565 2
4 73426340 2
4 73435596 2
4 73456795 0.630864169252954
4 73461137 0
4 73483441 0.817670435877581
4 73512119 2
4 73543770 0
4 73562088 2
4 73565692 0
4 73581105 2
4 73588161 2
4 73607814 0
4 73608547 0.342106725588143
4 73614817 0
4 73616668 1.30977841043645
4 73621838 5e-04
4 73623399 0.782120729099801
4 73624840 2
4 73631958 2
4 73636611 2
4 73642809 0.514859213282022
4 73649923 2.25322838126154
4 73654407 2
4 73659639 0.588626126660037
4 73661155 0.0225190964954677
4 73669717 0.992162489699901
4 73694909 0.0329
4 73717374 1.0037
4 73729641 1.0176
4 73761908 0.5984
4 73762564 2
4 73808656 0.3819
4 73834824 5e-04
4 73840430 0.0053
4 73843523 0
4 73855190 1.4094
4 73861692 0
4 73901009 1.1383
4 73921168 0.0697
4 73940477 0.1137
4 73954231 0.1137
4 73959772 0.1137
4 73984853 0.0088
4 74013485 2
4 74019479 1e-04
4 74020100 2
4 74060197 2
4 74087882 2
4 74105479 2
4 74220704 0.2703
4 74361240 0
4 74372162 0.4766
4 74375485 0.899990216556466
4 74383648 0.4665
4 74405107 2
4 74439850 2
4 74450339 2
4 74470747 0.8939
4 74491557 2.1394
4 74497721 1.8886
4 74501196 2
4 74507665 0.3908
4 74509413 1.9913
4 74517265 0.8939
4 74521197 0.8939
4 74524955 0.2884
4 74530772 0.884
4 74534806 0.884
4 74544658 0.884
4 74556361 0.7138
4 74556439 1.7962
4 74562333 0
4 74563060 5e-04
4 74566103 0.92398075220845
4 74583971 1.7316552285329
4 74595729 2
4 74669028 1.28087569232722
4 74671575 0.9916
4 74693091 0.9916
4 74709788 2
4 74711346 2
4 74716249 0.0066
4 74732318 2
4 74736429 2
4 74795774 2
4 74806138 0.0508124589163632
4 74822115 0.0329
4 74840191 0.473914360163285
4 74840517 0.284856416437571
4 74843039 0.660341243267869
4 74854488 0.0304066534066146
4 74871955 0.121242479433491
4 74875204 0.864497289751778
4 74888705 2
4 74888952 0.2112
4 74927397 0.4641
4 74967643 2
4 74970062 2.6416
4 74981845 0.413279529463926
4 74995813 0.685350075311352
4 75013163 2
4 75041890 2
4 75083172 1.3371
4 75084506 1.0468
4 75084828 1.0468
4 75103295 0.872
4 75105926 0.8039
4 75107446 0.0409019023890893
4 75115602 2
4 75136991 1.83602633507987
4 75139588 2
4 75146379 1.11033872592016
4 75150811 2
4 75164988 1.2634033177804
4 75180798 0.1746
4 75187272 1.9474
4 75198681 5e-04
4 75212409 0.0223
4 75216808 0.1677
4 75218066 0.1677
4 75219204 0.0223
4 75219672 0.101609683967155
4 75223777 1.6373
4 75224589 0.0223
4 75226192 0.577136401853871
4 75226219 0.245877118219731
4 75233822 1.26584399215398
4 75234152 0.1677
4 75237443 1.82989210933368
4 75238116 0.1677
4 75240033 0.456331199510936
4 75245075 1.42412001423176
4 75246214 1.45277864583584
4 75258558 1.02843557492493
4 75260257 2
4 75261186 2
4 75263296 2
4 75264470 2
4 75269097 2
4 75269991 2
4 75271229 0.723657847791793
4 75276547 2
4 75279553 2
4 75284591 2
4 75289404 2
4 75296683 2
4 75297020 2
4 75303132 2
4 75307148 2
4 75309245 2
4 75337671 1.02899971521449
4 75346120 1.258
4 75347430 2.87969730116418
4 75351383 1.51493493376164
4 75357592 0.895311967762844
4 75373447 2
4 75375595 0.754629022720153
4 75376271 0.194263454414979
4 75376521 0.809141011677114
4 75376722 2
4 75377291 0.308215962872842
4 75378089 0.53121458824222
4 75379078 1.11750904399956
4 75379191 0.414339631477993
4 75382704 1.08777650820077
4 75383205 1.67695393920013
4 75384205 2
4 75386915 2.02961814584627
4 75387602 0.529280835742831
4 75388034 1.59854602453767
4 75388796 0.988461505522953
4 75391851 0.426302364981518
4 75394214 0.849597047208746
4 75394325 0.596398752514843
4 75397586 1.8488
4 75404302 0.569162451001112
4 75405891 1.12588664667615
4 75412788 0.686587636252599
4 75431611 2
4 75434079 2
4 75448108 2
4 75448508 2
4 75453734 2
4 75468407 2
4 75482009 2
4 75483867 2
4 75487275 2
4 75487617 0
4 75506366 2
4 75507741 0.19763832725477
4 75510562 2
4 75535802 1.30539655906821
4 75549844 2
4 75552084 2
4 75555161 0.776
4 75564135 2
4 75571625 2
4 75571708 5e-04
4 75573132 2
4 75584762 2
4 75601477 2
4 75605179 2
4 75606216 2
4 75606351 2
4 75612091 0.66
4 75617511 0.510796788040533
4 75641018 2
4 75642159 1.97703345096239
4 75643294 6e-04
4 75651860 0.6419
4 75658453 1.13576259159815
4 75662373 0.480446398982389
4 75678667 2
4 75681848 2
4 75683610 2
4 75721170 1.99027183564872
4 75721494 0.8689
4 75730822 0.8826
4 75743390 0.8826
4 75744996 2
4 75751763 3.2979
4 75760429 0.8826
4 75765653 1.06600177481876
4 75766139 2
4 75774149 2
4 75783707 0.8826
4 75788547 2
4 75791800 2
4 75856894 6e-04
4 75876797 0.3892
4 75898332 2
4 75905542 2
4 75909789 0.379867534306711
4 75914358 1.16953685449693
4 75916734 5e-04
4 75920595 2
4 75927801 2
4 75942985 2
4 75953069 0.4846
4 75964270 0.4846
4 75970004 2
4 75978816 2
4 76026151 0.0754439780444614
4 76027235 0.128838399545361
4 76027511 0.74605442693076
4 76034761 0.240083967740618
4 76043803 1.07600050963169
4 76044309 0.497195378899499
4 76044651 1.37978197420482
4 76049752 0.381247333536445
4 76050287 2.16697294357193
4 76050954 0.0289858784200854
4 76056986 0.895544941573722
4 76064887 0.198088435972229
4 76069246 2
4 76071566 2
4 76074647 2
4 76076047 2
4 76078661 2
4 76103381 2
4 76107421 1.279
4 76108676 2
4 76108828 2
4 76117292 0.9208
4 76119677 0.9208
4 76125359 1.279
4 76125677 5e-04
4 76133021 0.9208
4 76142388 0.9208
4 76146236 1.279
4 76149128 1.1234
4 76174965 2
4 76185209 1.1282
4 76188080 1.8706
4 76189879 2
4 76191698 0.6046
4 76194939 2
4 76198065 1.1738
4 76203043 2
4 76225004 2
4 76233608 1.166
4 76234040 0.083
4 76234333 2
4 76234550 2
4 76238559 2
4 76246346 2
4 76259787 2
4 76269580 2
4 76276692 2
4 76279646 2
4 76279913 0.1287
4 76281729 2
4 76281999 2
4 76286954 2
4 76299875 2
4 76304506 2
4 76307571 2
4 76337115 2
4 76337604 2
4 76356368 2
4 76365553 2
4 76382745 0.1621
4 76402625 2
4 76404982 2
4 76409529 2
4 76417812 0.621303786447068
4 76451749 2
4 76457698 2
4 76477217 2
4 76490348 2
4 76490843 0.831804780484497
4 76491844 2
4 76497815 2
4 76499254 2
4 76521351 1.0134
4 76534477 2
4 76535414 2
4 76544544 2
4 76551024 2
4 76551307 1.3043
4 76552037 2
4 76552676 2
4 76576603 0.3307
4 76581967 0.175381405147201
4 76606011 0.0015
4 76611320 2
4 76624114 1.82474032419742
4 76635131 2
4 76686244 2
4 76724438 0.5801
4 76770319 1.15128251659442
4 76799933 0.256322139359083
4 76800701 0
4 76803456 0.15650010249038
4 76804786 3.73285452082248
4 76806572 2.1379
4 76823166 2
4 76830049 2
4 76835731 0.1921
4 76839522 0.1017
4 76839632 0.1017
4 76840037 2
4 76844104 0.1017
4 76844827 1.35415407500173
4 76853858 0.475524595515932
4 76868976 2
4 76871862 2
4 76881940 2
4 76887724 2
4 76894564 2
4 76898994 2
4 76900592 2
4 76902067 2
4 76907249 2
4 76926242 0.0305
4 76947249 1.8355
4 76972521 2
4 76983959 0.0991496840299168
4 76985886 0.839007359217115
4 76988934 2
4 76994781 0.473233198846564
4 76998643 0.500669943271549
4 77005960 2.978
4 77039648 0.8686
4 77088239 0.151497038600965
4 77116735 1.6593
4 77124532 2
4 77125149 1.06152998758458
4 77179095 1.6304
4 77179966 0.6349
4 77191408 0.351
4 77215366 0.753176670402723
4 77231155 0.100993561646373
4 77257429 2
4 77259472 2
4 77259483 2
4 77266384 2
4 77267233 2
4 77269126 2
4 77269898 2
4 77270171 2
4 77271433 0.413527589324069
4 77271921 2
4 77280780 2
4 77282141 2
4 77282245 2
4 77285908 2
4 77286663 2
4 77286785 2
4 77286910 2
4 77287623 2
4 77288378 2
4 77291616 2
4 77294507 2
4 77295039 2
4 77297226 2
4 77298505 2
4 77298968 2
4 77306156 2
4 77309438 2
4 77309895 2
4 77311076 2
4 77313707 2
4 77313879 2
4 77315137 1.9498
4 77317731 2
4 77320156 2
4 77324423 2
4 77328981 2
4 77329460 2
4 77329567 2
4 77330649 2
4 77338303 2
4 77339949 2
4 77341076 2
4 77341229 2
4 77341994 2
4 77364148 0.0881807236591893
4 77372434 0.500531383980334
4 77380661 2
4 77382251 2
4 77382491 0.3908
4 77385331 1.33146745508519
4 77393712 2
4 77394001 2
4 77395163 2
4 77395568 2
4 77397074 2
4 77397533 0.407475605109902
4 77406525 2
4 77406604 2
4 77406917 2
4 77407974 2
4 77415089 2
4 77420540 2
4 77443127 2
4 77452079 2
4 77475390 2
4 77494881 2
4 77509715 2
4 77528510 1.16012294157608
4 77535348 2.41303578459885
4 77559739 2
4 77563010 2
4 77595098 0.1028
4 77604819 1.5532
4 77628405 0.308235547226181
4 77647314 1.65171018137028
4 77664420 0.168850144311838
4 77670006 2
4 77674322 2
4 77813775 2
4 77827888 0.0826
4 77883187 1.2177
4 77885261 2.0069
4 77887515 1.082
4 77891759 2
4 77892385 2
4 77944847 2.6416
4 77952981 2
4 77960750 2
4 77984564 0.0826
4 77993151 0.0524
4 78011313 0.0524
4 78014504 1.18457689649391
4 78014920 0.352175358061208
4 78029872 0.0826
4 78045131 2
4 78045138 0.0473
4 78045960 2
4 78065360 0.8506
4 78088446 0.561598954618968
4 78089485 1.46890441035951
4 78166894 0.5992
4 78174289 2
4 78177625 0.4682
4 78195662 2
4 78230560 2
4 78244265 2
4 78257032 2
4 78260379 0.9055
4 78267896 0.5004
4 78269052 2
4 78276511 0.5004
4 78290461 3.0283
4 78291756 0.5244
4 78297506 0.5244
4 78302788 2
4 78308281 0.616
4 78313433 2
4 78319042 2
4 78332714 2
4 78345409 1.432
4 78357277 2.2356
4 78360182 0.5776
4 78362557 2
4 78381403 2
4 78388281 2.0728
4 78397930 2
4 78407575 2
4 78411117 2
4 78440046 2
4 78443359 1.164620918764
4 78454246 2
4 78455324 2
4 78461956 0.811758678044386
4 78466951 2.11489850164366
4 78467146 2
4 78467777 2
4 78468892 2
4 78469087 2
4 78479714 2
4 78483799 0.2423
4 78488456 1.26533501288674
4 78492190 0
4 78493046 0.0906110915873862
4 78493613 0.320861098313648
4 78498462 0.549021765542704
4 78498517 2
4 78499462 2
4 78504634 2
4 78506251 2
4 78509371 0.487979562171149
4 78510332 2
4 78512784 0.779983624695912
4 78514785 0.0363472075258466
4 78517768 0.0220403155406367
4 78519728 0.110524818497175
4 78523320 2
4 78535250 2
4 78537748 0.439773140038148
4 78537933 0.527277794814364
4 78559264 2
4 78560424 2
4 78562227 2
4 78563506 2
4 78584730 0.5526
4 78592217 0.5526
4 78593263 2
4 78604811 5e-04
4 78623041 2
4 78627560 2
4 78634910 2
4 78672785 2
4 78702876 2
4 78705183 0.718261356207546
4 78715023 2
4 78717251 2
4 78724780 2
4 78793865 1.27763127951373
4 78917657 2
4 78930880 2
4 78941437 0.0624
4 78986108 0.3466
4 79000791 0.0342
4 79009592 0
4 79010510 0.0342
4 79012231 0.0342
4 79014692 0.0342
4 79044712 2
4 79055834 0.4464
4 79060441 0.4464
4 79064462 0.4464
4 79089394 2
4 79097821 0.161458080283839
4 79131813 0.490493610631845
4 79133720 0.721300587551774
4 79137073 2
4 79229673 2
4 79230891 2
4 79232356 2
4 79248561 2
4 79282406 1.1703
4 79283799 1.103
4 79288234 1.0906
4 79306834 1.6561
4 79311040 0.71023491807142
4 79343789 2
4 79353158 0.6039
4 79392510 2
4 79436620 2
4 79455324 2
4 79456342 1.1624
4 79461106 2
4 79477923 0.379
4 79502861 0.379
4 79503116 0.379
4 79512792 1e-04
4 79539891 0.392
4 79550097 0.379
4 79551314 0.379
4 79551905 0.392
4 79555932 1.43842302512923
4 79557712 0.37681478513122
4 79560662 1.88213439949163
4 79568208 2
4 79575097 0.392
4 79588876 0.0126
4 79595389 1.74584058506845
4 79602561 0.392
4 79603194 0.392
4 79623320 0.289972358496602
4 79640877 2
4 79650782 2
4 79656611 0
4 79659048 0.1131
4 79660895 0.20603711863811
4 79663125 0.73262388307911
4 79670009 2
4 79670468 0.287754467381885
4 79678235 2
4 79681473 2
4 79684426 2
4 79686474 2
4 79695210 2
4 79696871 2
4 79704256 2
4 79718120 1.2123
4 79719950 2
4 79721913 0.3136
4 79729927 2
4 79734870 0.3136
4 79747168 2
4 79760343 2
4 79775105 2
4 79779335 2
4 79781708 2
4 79788313 0.185238243283789
4 79800901 2
4 79811724 2
4 79823363 0.200555920238124
4 79833285 1.0888
4 79838254 1.0888
4 79851084 0.907051658603523
4 79864276 2
4 79873527 2
4 79883117 2
4 79886608 0.0794694441590621
4 79886782 0.343872693372705
4 79888202 2
4 79919862 0.429908298447088
4 79921385 2
4 79923146 2
4 79926954 2
4 79928220 0.7606
4 79935918 1.6039
4 79964866 2
4 79988484 2
4 79989088 2
4 79994586 2
4 79998245 2
4 79999847 2
4 80001012 2
4 80003053 2
4 80004634 2
4 80014489 1.6039
4 80023662 2
4 80047485 2.1046
4 80049493 2.4996
4 80051188 2.1481
4 80053238 2.1291
4 80072642 2.30734355219719
4 80080786 1.5893
4 80176854 2
4 80187204 0.490353380820617
4 80212748 0.315159472371758
4 80217451 0.0078
4 80228192 1.99810336147529
4 80228671 1.4244
4 80230539 0.421569730692413
4 80233078 1.7535
4 80248822 0.9762
4 80252640 2
4 80253083 0.8725
4 80262313 0.629968249899043
4 80262746 1.2141
4 80262988 1.2141
4 80277568 2.5572
4 80293201 2
4 80301132 0.5065
4 80302762 0.5789
4 80305888 0.5134
4 80316658 0.5065
4 80317039 0.5065
4 80318772 0.5065
4 80343714 0.5789
4 80343720 0.5134
4 80389231 0.4193
4 80415501 0.4205
4 80427503 2.784
4 80479473 2
4 80581461 2
4 80605416 0.1771
4 80608226 0.1698
4 80629885 0.1698
4 80645381 0.1152
4 80647696 0.0263
4 80705258 0.1152
4 80714478 0.0899
4 80800933 2.4954
4 80803924 2.6463
4 80966990 0.642554148581773
4 81057207 5e-04
4 81064296 8e-04
4 81101266 0.157259195712735
4 81181009 1.4711
4 81188701 0.0073
4 81188946 0.0073
4 81219843 0.0244
4 81256308 0.9537
4 81320833 0.0073
4 81349909 0.9537
4 81370783 0.9819
4 81386839 0.5833
4 81388403 0.5833
4 81402611 2
4 81418566 0.123756762977087
4 81458494 0.7923
4 81469629 0.663
4 81493207 1.0142
4 81506352 0.683683960713634
4 81509098 0.972886671579882
4 81515973 0.275973448762018
4 81525441 2
4 81546954 1.26913391189345
4 81560232 2
4 81583947 1.15588094919199
4 81603403 0.022
4 81606637 0.022
4 81622101 0.022
4 81627279 0.022
4 81633045 0.0276
4 81633742 0.0276
4 81635791 0.0165
4 81635882 0.011
4 81659425 1.2577
4 81704566 0.167628956791209
4 81708970 0.1134
4 81713656 1.0755
4 81718954 0.7469
4 81753348 2
4 81788202 2.8244
4 81796732 0.1619
4 81800551 0.1619
4 81802721 0.1477
4 81806454 0.1477
4 81806728 0.1477
4 81807223 0.1477
4 81808378 1.562
4 81813184 0.1477
4 81818861 0.7546
4 81823078 0.7178
4 81838752 1.4777
4 81840312 0.7178
4 81846290 2
4 81858739 2
4 81860870 2
4 81862058 1.46766865332677
4 81889960 1.562
4 81903437 0.453046117643149
4 81911496 2
4 81923109 2
4 81926749 2
4 81929432 0.6618
4 81929590 2
4 81930917 2
4 81931715 2
4 81931901 2
4 81935446 0.7258
4 81935492 2
4 81935994 0.7258
4 81939853 0.271742079227371
4 81961607 0.6043
4 81968273 0.5776
4 81974754 2
4 81980792 2
4 81984225 2
4 81984476 2
4 81999565 2
4 82006639 0.238
4 82016305 2
4 82019699 2
4 82021996 2
4 82024646 2
4 82066199 2
4 82073012 5e-04
4 82087601 0
4 82103734 2
4 82126058 0.6823
4 82132713 0.7352
4 82136997 0.0453
4 82145373 0.111547837790793
4 82161168 0.497286672082483
4 82172785 0.447
4 82187047 0.53236100030114
4 82190801 0.447
4 82192170 0.7173
4 82201436 0.790297534273818
4 82204062 0.0755076136298833
4 82205304 0.4262
4 82208133 0.0595
4 82210293 0.573384511300985
4 82214770 1.8705
4 82233223 1.78783411658168
4 82252469 1.1023
4 82256620 1.1023
4 82259954 2.01719598603465
4 82273009 1.1023
4 82288878 2.3071
4 82291445 0.661451280589635
4 82302444 2.3071
4 82319852 1.47944522766265
4 82322243 1.1496
4 82331115 2
4 82332114 1.73877367896478
4 82346795 1.1023
4 82363269 1.44440343652335
4 82394613 2
4 82398458 0.867785369336103
4 82399146 0.236984931696697
4 82400655 0.278487213251815
4 82411089 0.981178182207372
4 82414400 0.291281802204784
4 82443544 0.150016990916983
4 82443570 0.705116157882411
4 82446190 0.238512660181392
4 82446677 0.3081
4 82446969 0.855036189361011
4 82448715 1.06846626690549
4 82455556 0.7204
4 82457719 0.7614
4 82473348 0.8055
4 82486555 1.0458
4 82510637 2
4 82513034 0.196581459163322
4 82515637 2
4 82533953 1.31448940085118
4 82553943 1.25692369507646
4 82562874 2
4 82577929 0.030698562601596
4 82582197 0.1486
4 82582491 0.757417125180396
4 82583071 0.0162199663399602
4 82587890 0.1738
4 82593842 0.9322
4 82607729 0.6103
4 82619543 0.7764
4 82626709 0.8499
4 82632187 5e-04
4 82634373 0.8499
4 82635553 0.8499
4 82635847 0.0609
4 82648538 0.0263
4 82649181 0
4 82652067 0.3524
4 82654064 0.7998
4 82657574 0.0609
4 82660460 0.5305
4 82664997 2
4 82668119 0.5709
4 82674461 1.1601
4 82678525 0.1691
4 82679283 0.0881
4 82687199 0.0263
4 82689312 1.1157
4 82691384 0.1691
4 82691544 0.1691
4 82692659 0.4056
4 82701599 0.0731
4 82714804 0.8545
4 82715672 2.95448385750194
4 82716215 1.21776172927137
4 82717394 0.829274439712547
4 82720278 1.77890197399092
4 82721100 0.0321367891832745
4 82722716 0.405132106245084
4 82722869 1.62000828660434
4 82724347 0.353122423096353
4 82724382 1.19371454390466
4 82730266 0.5739
4 82731847 2
4 82732057 1.0431
4 82738371 2.2132
4 82746164 2
4 82747085 2
4 82754464 0.755419721114908
4 82773161 2
4 82777569 2
4 82789248 2
4 82811748 1e-04
4 82849752 0.209795006322292
4 82861889 1.20093729377595
4 82861999 0.417523045264018
4 82889546 0.0536
4 82894275 0.6002
4 82895194 2.9344
4 82896540 0.1212
4 82896663 1.97259670889501
4 82901806 0.461203017933521
4 82915572 0.7769
4 82924284 1.9726220800666
4 82939374 0.851594237589942
4 82942667 0.50146801161951
4 82959125 0.36186285704718
4 82965269 0.600435073837117
4 82968008 1.18901370114055
4 82969803 0.657111977608107
4 82972853 0.134389246715849
4 82973118 1.0987932945949
4 82987311 0.506184020799164
4 82987613 0.1618
4 82995884 0.1618
4 82998011 0.348318041754539
4 83001395 0.251127144102266
4 83001899 6e-04
4 83001915 6e-04
4 83002350 1.80689872569172
4 83013849 0.32698987352982
4 83014607 1.15822963313952
4 83038628 5e-04
4 83040398 0
4 83050510 1.62973836387432
4 83073563 0.0159936222678018
4 83097119 0.0826
4 83107210 2
4 83119789 0.0113
4 83164251 0.451305559132114
4 83168597 1.67081838337661
4 83182610 5e-04
4 83191536 0
4 83204510 0.0716
4 83205410 0.0716
4 83225331 5e-04
4 83229860 0
4 83249793 0.0211471878656902
4 83262755 0.614160235241261
4 83295788 1.24782787476346
4 83300266 0.315736911144318
4 83313076 0.381759416654066
4 83316730 1.8534
4 83318286 0.421494845852324
4 83318641 0.316282203278389
4 83326941 0.1723
4 83340045 0.8102
4 83356698 0.171573387494733
4 83367460 0.957264149592012
4 83367494 0.4496
4 83368783 0
4 83392421 0.820601535292173
4 83403648 1.28208268782999
4 83448938 1.1632962711213
4 83451845 2
4 83461399 0.412124619822543
4 83462657 0.796932545912796
4 83496395 0.0906367776366484
4 83508060 0.470805416002012
4 83514180 0.799525106498443
4 83517043 1.33012414001383
4 83517316 1.01553284507557
4 83520747 8e-04
4 83521510 0.577169599505582
4 83527163 1.01464120218666
4 83531797 0.781733432865509
4 83532155 1.15643227644356
4 83532547 0.360422751869496
4 83574603 1.1955
4 83579034 5e-04
4 83579057 8e-04
4 83603439 1.14798477207672
4 83605614 0.709973335917224
4 83607273 0.80801488626136
4 83607568 0.773719725946752
4 83611041 1.1463983925785
4 83613834 1.78923192149284
4 83616004 1.20921677776306
4 83616417 0.911529902903018
4 83637072 0.265743891891843
4 83637079 0.13277056580737
4 83649494 5e-04
4 83658746 1.30126274275826
4 83659135 1.41722742898455
4 83660036 0.0172518549126098
4 83663828 0.2223
4 83666026 0.2223
4 83668205 1.37797574138078
4 83686501 2
4 83693876 2
4 83712560 1.8795
4 83723708 2
4 83735163 1.83669554973946
4 83761543 1e-04
4 83769025 0.6649
4 83771541 0.0263
4 83794060 0.9106
4 83798930 0.369282617404427
4 83834952 1.26182121352797
4 83838544 0.383315317190824
4 83839692 1.24335105546968
4 83840352 0.773000626096486
4 83844399 0.2715
4 83846051 1.58941299032045
4 83866004 0.824167666306898
4 83867870 0.430390699333205
4 83870323 0.877971467407896
4 83872661 1.0296
4 83885302 0.0412495203799719
4 83887472 0.56915894836543
4 83888203 0.170199236016944
4 83894925 0.570710558777678
4 83896459 0.339002544580575
4 83897972 0.159065460727435
4 83899021 2.5184
4 83902049 0.1191
4 83907043 1.60855533329151
4 83910536 0.383699992568363
4 83974949 0.0332
4 83979437 2
4 83981986 2
4 84004418 5e-04
4 84024220 1.05118967049688
4 84024356 1.55269515565152
4 84025783 1.75400437442579
4 84040548 0.0637
4 84047830 0.547387986879449
4 84066333 2
4 84079969 0.642293293263227
4 84083590 0.053
4 84086929 0.0525
4 84089033 0.4382197523296
4 84090717 0.053
4 84102070 0.0990540987051031
4 84106014 0.0336
4 84108393 0.0342
4 84112224 1.07380690899628
4 84114040 0.043
4 84114099 0.667094383046481
4 84136192 1.41864834636173
4 84138293 1.01266465463821
4 84142878 1.25924966549691
4 84146628 0.043
4 84148325 2.2467
4 84149016 2.50027692439624
4 84150909 0.760433864222594
4 84159164 0.2059
4 84193447 1.8366
4 84217096 2
4 84226382 2
4 84236598 0.224305054637926
4 84251756 2
4 84252665 2
4 84259509 2
4 84261851 2
4 84269256 2
4 84273510 2
4 84277111 2
4 84283672 1.2008
4 84313951 2
4 84329430 2
4 84360188 0.492096417445216
4 84439171 0.4859
4 84472150 0.0053
4 84484635 0.0053
4 84515716 0.5911
4 84525498 3.2997
4 84530328 5e-04
4 84539116 0.8569
4 84541452 0.8569
4 84546571 0.8569
4 84547411 0.8569
4 84551099 2
4 84552443 2
4 84556046 2
4 84578084 5e-04
4 84579048 2
4 84607741 0.867
4 84624202 2
4 84691584 2
4 84701042 1.5461
4 84714726 2
4 84754946 2
4 84861079 2
4 84901836 2
4 85032526 2
4 85081828 5e-04
4 85089967 0.0273
4 85095275 0.5838
4 85099365 1.92330498108116
4 85105664 0.0329
4 85106335 0.0217
4 85106545 0.0273
4 85170802 0.6122
4 85172574 2.1864
4 85220367 0.4232
4 85245859 0.4442
4 85245891 0.6122
4 85297063 5e-04
4 85321783 0.241310758212263
4 85327688 0.3155
4 85327979 0.3155
4 85348227 0.2792
4 85349717 0.4041
4 85352069 0.3852
4 85360940 0.3852
4 85362362 0.3852
4 85366029 0.4041
4 85373580 2
4 85383308 0.225145683156124
4 85389761 2
4 85395991 1.12197287409106
4 85415997 1.16368355663207
4 85417858 0.385301506016213
4 85422172 1.0154957595076
4 85487899 2
4 85505729 0.1925
4 85518847 0.344834273670673
4 85551414 0.0053
4 85553675 1.66839728231345
4 85555870 5e-04
4 85558047 0.190043724523768
4 85579304 2.7864
4 85580194 2
4 85589454 0.0502
4 85596582 2
4 85600832 2
4 85602044 0.0502
4 85612459 0.0502
4 85635162 0.0502
4 85651493 2
4 85652690 2
4 85654584 2
4 85655532 2
4 85663350 1e-04
4 85667766 2
4 85669028 2
4 85677165 0.0444
4 85678444 0.0444
4 85685582 1.474
4 85687845 0.8514
4 85688756 1.002
4 85691235 0.9397
4 85699920 0.1242
4 85733324 0.941643054509011
4 85733636 1.37566535246861
4 85743946 0.1451
4 85754572 0.575142956777164
4 85758850 0
4 85777945 0
4 85785540 0.0162
4 85787650 1.29077105949685
4 85799685 1.04841125025959
4 85809879 0.0624200843271344
4 85814224 0.3896
4 85820440 0.288
4 85823685 2
4 85830231 2
4 85831244 2.39578619431438
4 85838852 0.706694048400129
4 85853212 1.2192
4 85854135 1.86121890743819
4 85855547 1.3825
4 85882250 0.3628
4 85886271 0.063
4 85898008 0.532563728605323
4 85905090 1.29
4 85925247 1.29
4 85925265 0.299058419765034
4 85948099 1.3326
4 85950683 1.23373577948805
4 85976407 0.5396
4 85978771 2
4 85991697 0.5396
4 85997326 0.384075173125673
4 86001034 0.5396
4 86002946 0.5396
4 86009863 2
4 86015019 3.1148
4 86031770 2
4 86069911 1.04696560248084
4 86071432 0.0358569320345555
4 86076164 1.0417
4 86081831 2.978
4 86083501 0.471640256397807
4 86094213 0.704331774431482
4 86256742 5e-04
4 86256830 5e-04
4 86256980 1.0789
4 86295254 0.3801
4 86296560 2
4 86300444 2
4 86300475 0.31069861060086
4 86301086 2
4 86306035 1.93658515025501
4 86314328 0.585322705716922
4 86314627 2
4 86334831 0.733779559855381
4 86335103 0.816717372036414
4 86336504 0.0870427210362523
4 86339765 0.820113565703168
4 86346926 2.4476
4 86352167 0.183871909699326
4 86398226 2
4 86398856 2
4 86409401 2
4 86416013 0.6274
4 86417300 0.6274
4 86462570 2.3609
4 86470162 2
4 86471273 0.292470319871959
4 86479951 0.298762525133385
4 86552623 0.271753870853748
4 86642448 0.219714853159431
4 86646563 5e-04
4 86682776 0.0752325715086872
4 86708784 0.246751527025217
4 86716408 0.852730278235904
4 86724152 1.62600705230018
4 86731585 1.0564142245118
4 86738185 0.196188275941173
4 86745442 0.0185401452465614
4 86747774 1.42720380979618
4 86749642 0.0120071526936415
4 86752599 1.179314836922
4 86761265 0.000968956733510665
4 86774718 0.941534862840991
4 86778722 1.07268700768347
4 86803154 0.0341385640089608
4 86803467 0.536996153739902
4 86806403 0.157470796499908
4 86808265 0.849179328241935
4 86821321 1.84379392487513
4 86826538 0.349211082382697
4 86873167 1.76351982897839
4 86876795 0.539772943584901
4 86879052 0.608612845393941
4 86883998 1.11058137741199
4 86885698 1.0134
4 86887867 0.6518
4 86892668 1.56179411699018
4 86898216 0.9512
4 86901458 0.583309016672164
4 86911018 0.621405155244954
4 86920926 0.979559591962736
4 86926461 3.35144608391356
4 86949557 0.0078
4 86955236 0.8397
4 86958197 0
4 86963166 0.332382151548719
4 86967298 0.741
4 86985244 2.4162
4 86987901 1.9181
4 87014578 0.3357
4 87035921 0.9512
4 87037670 0.9512
4 87038987 0.9512
4 87058878 0.9512
4 87063179 0.785125043746518
4 87065802 0.273407535698598
4 87068313 1.2184
4 87074967 0.0237064082304071
4 87089449 0.250720190622681
4 87093601 0.446921448539094
4 87136329 0.394710757421642
4 87156116 0.8717
4 87161129 0.634534615991348
4 87168756 1.0239
4 87189908 0.0787586355085974
4 87202806 1.1817
4 87204979 0.717106270922467
4 87205277 0.8717
4 87219740 1.594
4 87222666 0.327833022799394
4 87226632 0.875147809546548
4 87227660 0.850803708991907
4 87241942 0.588452861433394
4 87242301 1.31753464666688
4 87246272 5e-04
4 87270449 0.7554
4 87275782 0.7187
4 87277983 0.991813493023944
4 87282763 2
4 87289751 0.0737482498598741
4 87309234 1.10912634530134
4 87309846 0.285807446530563
4 87310170 0.636463140572369
4 87320623 0.6843
4 87339190 0.0448759177917198
4 87364296 0.3654
4 87367447 0.775349311484808
4 87375436 0.0699
4 87381968 1.13795183198473
4 87393034 2.24054568428499
4 87402802 0.256609008016974
4 87412237 2
4 87413524 0.569891071191963
4 87425836 3.75024195769272
4 87427183 0.265934839377612
4 87432987 0.541397962747806
4 87434394 1.05708151843688
4 87439077 0.7545
4 87440281 0.7545
4 87450378 0.160606169134581
4 87457456 1.45289758457241
4 87463873 1.1269
4 87467431 0.854302849755009
4 87471994 1.19452304177643
4 87484149 0.868523669547785
4 87502132 0.190613565857681
4 87505413 0.855110128386161
4 87519065 1.26911760024027
4 87519518 1.77138721613892
4 87526151 1.29490207784773
4 87528202 0.615262822713986
4 87530377 0.0222979763779135
4 87541577 2.29750616342578
4 87544565 0.0932779664872062
4 87553019 0.330844093831307
4 87561330 0.0143141224850811
4 87581458 0.312695216136425
4 87601326 0.5910010362505
4 87616079 2.9457
4 87626798 1.37451635872292
4 87631632 0.439109463392312
4 87632066 1.02831482165396
4 87636992 0.9187
4 87640413 1.38007797574371
4 87641882 0.8755
4 87642306 0.9187
4 87649320 0.238907579078811
4 87653144 0.8967
4 87657920 1.72406086544137
4 87670224 0.340642498140483
4 87675012 0.9187
4 87680353 1.39853154509513
4 87696331 0.99
4 87701039 0.99
4 87704284 0.99
4 87705185 0.99
4 87713102 0.141921050801275
4 87716399 0.132522457126703
4 87718378 0.6651702792109
4 87724646 0.770038897897358
4 87731352 0.175095078300549
4 87749224 1.98283414522898
4 87752971 0.707642449026239
4 87755462 0.753789412201632
4 87782489 2.17872120904418
4 87801411 0.286195133254737
4 87811379 0.741410942606506
4 87833529 0.624919215231236
4 87834072 0.552197859883203
4 87855364 0.346692461493
4 87856395 1.61962879879762
4 87857258 0.113362753720523
4 87857868 0.871038970138021
4 87864102 2
4 87866287 0.0264
4 87873155 0.3908
4 87882128 0.0264
4 87889528 0.642822374523291
4 87890427 0.674046406533031
4 87896660 0.722985013082998
4 87899629 1.25944711739406
4 87902258 0.180125688493766
4 87903936 0.093944982395103
4 87905343 0.245142957415855
4 87905820 0.5876
4 87909054 1.22726703225841
4 87909565 1.04744740015927
4 87911974 1.67475283012625
4 87919234 0.00764038260810169
4 87923587 1.77630825651883
4 87925647 0.60325536178679
4 87926864 0.502623396559418
4 87927873 1.22302644412322
4 87932519 1.0622
4 87936609 1.5779
4 87938167 0.9295
4 87959678 0.18107380740269
4 87975954 1.2421275059574
4 87978433 0.653102503259136
4 87983190 1.32744340484842
4 88019871 1.5547
4 88030924 0.3961
4 88036410 0.9285
4 88038770 0.357989801097962
4 88038846 0.2766
4 88054586 0.557529279514209
4 88066124 0.912
4 88076931 0.9285
4 88115264 5e-04
4 88123160 0.167059186218508
4 88127903 0
4 88147105 0.228256111265633
4 88162514 0.875421688123394
4 88164090 1.0759
4 88175428 0.8716
4 88175692 0.8716
4 88189022 2.38714729075829
4 88204159 0.5157
4 88218507 0.0447344318403808
4 88230310 1.22510021538127
4 88232399 0.228762654317165
4 88244040 0.466214705517763
4 88297814 1.6482
4 88305596 2.2412
4 88312245 0.767255208121588
4 88323605 0.0742
4 88329793 1.4568
4 88336803 1.2261
4 88337011 1.2261
4 88358817 1.14860247857883
4 88376523 1.6654
4 88393158 1.4723
4 88395713 1.1615
4 88399641 2.4029
4 88421824 0.0482101977465196
4 88426545 2.0941
4 88475940 0.683564601814083
4 88482047 0.848369938088736
4 88512711 0.432441198795116
4 88536900 1.3558
4 88543844 1.3949
4 88549320 1.6318
4 88562363 1.1894
4 88562550 1.7201
4 88568338 1.285
4 88599493 2.9996
4 88637672 1.3193
4 88655430 1.3193
4 88666683 1.9181
4 88676676 1.945
4 88689252 1.0086
4 88691432 1.2527
4 88698973 1.4923
4 88714190 1.4598
4 88715643 1.958
4 88725386 1.362
4 88725919 1.1477
4 88726647 0.3086
4 88750020 1.0086
4 88752753 5e-04
4 88770563 0
4 88770566 0.3086
4 88791970 0.5526
4 88803812 0.5526
4 88810128 0.6256
4 88825216 0.9786
4 88832074 0.4582
4 88838726 4.178
4 88879555 0.6921
4 88887533 2.06443682672954
4 88896513 0.0701310895657567
4 88898156 1.2005
4 88902169 0.3542
4 88902340 0.4242
4 88904721 0.864473028542428
4 88909728 1.7201
4 88918689 1.2005
4 88927203 0.5867
4 88933987 1.1936
4 88942662 0.5847
4 88970967 0.3692
4 88973295 1.90087239558092
4 88990689 0.0888100873091383
4 88995339 0.3692
4 88997536 0.3787
4 88997752 0.0461930984024822
4 89007692 1.07513329061375
4 89008103 1.3543
4 89009283 0.3787
4 89016200 1.06999428306383
4 89024308 0.0703
4 89039134 1.53441574410769
4 89052663 1.683
4 89055731 0.612
4 89062358 1.21008811182522
4 89073035 1.52375854259741
4 89079419 1.60208250584738
4 89082903 1.8351
4 89083835 1.1323
4 89087305 1.1323
4 89088616 0.587980287376768
4 89096023 1.32783864027289
4 89102597 1.0586
4 89107261 0.2235
4 89108438 0.2235
4 89116175 4.4957
4 89119536 1.3012
4 89121634 0.6329
4 89122760 2.9933
4 89126629 0.3937
4 89138983 0.54920884368701
4 89150416 0.7727
4 89157496 0.679210889980223
4 89160190 1.13893877066847
4 89172059 0.872
4 89173999 0.7252
4 89185479 0.748510264975232
4 89186856 0.3746
4 89190377 0.7475
4 89200311 0.173998839999854
4 89205180 0.946
4 89212461 0.280009012590805
4 89214588 0.472124777558406
4 89218116 0.0078
4 89218133 0.901
4 89243813 0.562461793969427
4 89244801 1.36528141209907
4 89245008 2.14238126346799
4 89247189 0.870194193475218
4 89248774 0.2088
4 89252300 0.1954
4 89292615 0.1088
4 89302194 0.266
4 89303899 0.0088
4 89320332 0.497485495825093
4 89332951 1.4394
4 89341758 2
4 89343761 2
4 89368798 2
4 89372380 2.1665
4 89374961 2.1665
4 89377236 2
4 89448192 0.213610648394837
4 89454363 0.593094284089945
4 89455551 0.971342626709434
4 89477107 0.0078
4 89480680 1.365
4 89487571 1.643
4 89487985 0.1043
4 89491128 1.4492
4 89500493 1.6737
4 89504793 2
4 89505156 0.0717
4 89509417 2
4 89520293 2
4 89525276 1.4417
4 89535255 1.2925
4 89544559 2
4 89560439 0.2917
4 89574158 0.0078
4 89627082 1.9106
4 89685975 2
4 89722356 2
4 89742391 2
4 89749918 2
4 89771707 2.6692
4 89772325 1.7227
4 89776828 2
4 89788948 2
4 89796284 0.6098
4 89802715 2
4 89823654 2.5866
4 89828874 0.1034
4 89832093 2
4 89836243 0.1221
4 89839903 2.4036
4 89843037 0.1221
4 89844072 0.1114
4 89849104 0.1114
4 89854061 0.3032
4 89854340 0.1114
4 89855014 0.1114
4 89897875 0.3587
4 89912221 2
4 89922358 2
4 89949189 0.679
4 89958462 2
4 89966387 2
4 90003327 2
4 90020200 2
4 90023219 2
4 90023655 2
4 90029079 2
4 90036504 0.3963
4 90036900 0.744719698847784
4 90081209 2
4 90092232 2
4 90103374 0.6697
4 90111147 2.978
4 90111346 2
4 90141720 2
4 90147524 2
4 90168045 2
4 90181553 0.6742
4 90194852 0.894669136840855
4 90216290 1.45249816873744
4 90221164 0.0053
4 90230013 0.972699700626862
4 90231009 0.773477206424965
4 90262070 0.490007279453532
4 90290511 1.8556
4 90317041 1.1964
4 90326152 2
4 90328955 2
4 90330124 2
4 90334434 2
4 90334823 2
4 90344588 2
4 90350214 1.8264
4 90351602 0.0291
4 90370120 0.800478676972603
4 90371546 1.23460519619958
4 90373267 1.1377
4 90390579 0.0703474081651105
4 90392516 0.284243121428929
4 90393793 0.849630278743745
4 90394285 0.0829878099629235
4 90394742 2.5572
4 90396277 2.5572
4 90397740 2.5572
4 90401434 0.519567962450296
4 90403521 1.16115271079389
4 90405241 2.5572
4 90417587 2.5572
4 90421027 1.9938
4 90424965 2.5572
4 90434027 2
4 90445641 2.5572
4 90463545 2.5572
4 90495707 5e-04
4 90505682 2.5572
4 90529953 2.0491
4 90536024 2.4116
4 90543011 1.59603224703028
4 90545600 1.4696
4 90551710 0.195351285207565
4 90568814 0.420501714564143
4 90579025 1.10939653605285
4 90579559 2
4 90586085 2.6444
4 90587857 0.363641339153477
4 90589810 0.0975437944773707
4 90609486 1.16062982298149
4 90616758 0.416649346522294
4 90627762 1.17095550195701
4 90633945 5e-04
4 90642305 0.136454037617348
4 90644182 0.964565502899603
4 90651579 1.10396311184143
4 90664957 0.899560892869026
4 90670801 2
4 90675704 3.0437
4 90681900 2
4 90691228 2.5634165565186
4 90691522 0.786315460505933
4 90700357 1.3205
4 90715863 0.2608
4 90716078 0.587139504980392
4 90720805 1.1279
4 90723004 1.1279
4 90744992 5e-04
4 90745043 2
4 90745591 2
4 90746940 2
4 90750053 2
4 90762238 2
4 90780569 2
4 90783069 2
4 90784791 2
4 90785764 2
4 90786865 0.311781027557531
4 90793946 0.8551
4 90799255 0.309274283950903
4 90800172 0.778860303796768
4 90800922 0.412390468192652
4 90803679 0.644629648713506
4 90805485 0.126612404725516
4 90809736 0.76076864651613
4 90811970 6e-04
4 90820923 1.18289372059351
4 90852775 0.738865575277371
4 90867576 1.43243954860491
4 90904102 1.6996
4 90907854 0.748995777729147
4 90909601 0.102606591567081
4 90915281 0.0132326863548136
4 90921163 1.05315975333876
4 90923086 0.75729943044578
4 90928008 0.392721944260485
4 90938925 0.8824
4 90951487 2.4514
4 90955340 0.054
4 90957248 5e-04
4 90971662 1.73737427382248
4 90971824 0.0731
4 90977999 1.2174
4 90994214 1.02826904014477
4 91009183 0.0680396934428218
4 91013993 0.561
4 91020523 0.439078661432156
4 91022376 2.9933
4 91025857 2.3766057549523
4 91034541 2e-04
4 91042485 0.113515785772392
4 91051683 3.1148
4 91067629 0.0822063754171542
4 91073129 0.8719
4 91074678 1.25641614620106
4 91082301 0.471915672079228
4 91093282 0.411489660901039
4 91094092 0.122790033643238
4 91102601 1.1147
4 91104148 1.4956
4 91105411 0.584156554334285
4 91109645 1.64811588896601
4 91120146 2.01605474290187
4 91132796 1.18996944151943
4 91140943 0.0369
4 91149758 0.441779057699544
4 91150756 0.493924676557887
4 91167904 0.769286082834588
4 91174645 1.27494683634844
4 91177876 0.151
4 91202738 0.773719150726916
4 91218133 2.0005
4 91225174 0.5855
4 91229595 2.0005
4 91238746 0.1881
4 91257523 1.0142
4 91262216 0.4787
4 91286678 0.57961693799762
4 91308605 0.369287056897294
4 91308949 0.1346
4 91309352 0.1554
4 91314681 0.1414
4 91319127 2.35835463604421
4 91319166 0.587997621832597
4 91328844 1.21890497521742
4 91340479 2.5965
4 91344263 0.612119354174044
4 91353528 0.707955835052888
4 91355954 0.1622
4 91358919 0.250541598045346
4 91359402 0.742
4 91360268 0.0547563336152235
4 91363926 1.45052433568908
4 91388077 1.58430481017274
4 91427923 1.26141155423776
4 91438722 0.172346418023962
4 91444165 0.367759574184767
4 91446675 2
4 91467484 2.93362271071585
4 91470887 1.2708
4 91496657 6e-04
4 91496733 2
4 91498458 1.57849362034526
4 91513521 0.0866544663465966
4 91524837 0.228458694554039
4 91532703 0.3015
4 91553635 0.042810690298863
4 91588003 1.166
4 91592186 1.1191
4 91592589 5e-04
4 91626574 1.47114827740697
4 91626969 1.1191
4 91635843 0.712742227445489
4 91645624 0.503752166024314
4 91646908 0.150598550919611
4 91649147 0.107128520998014
4 91654775 1.2998
4 91657256 0.0319480345641421
4 91658187 0.280570660977663
4 91665224 1.67918875959396
4 91670286 1.166
4 91670991 0.327768375607378
4 91679798 1.49446968286816
4 91692348 0.727165493983792
4 91702468 0.9006
4 91705270 0.748404230823372
4 91710405 2
4 91719170 1.3814
4 91721140 1.4241
4 91725179 1.4023
4 91732902 1.3952
4 91741749 1.3952
4 91742197 1.1794
4 91746720 2.71372907854234
4 91747072 0.1759
4 91753322 1.3745
4 91762099 1.07050551587445
4 91764170 1.2189050204748
4 91764316 1.12393695113832
4 91765494 1.89194149198269
4 91806523 5e-04
4 91844999 0.414124000617591
4 91849807 1.945
4 91853234 1.945
4 91856916 0.45074609832111
4 91868809 1.8202
4 91884901 1.4055
4 91904111 1.2261
4 91913579 1.2261
4 91917195 1.2261
4 91944258 0.0078
4 91953646 1.4417
4 91960265 0.4506
4 91962706 1.2261
4 91973821 0.0078
4 92053248 0.4649
4 92090142 5e-04
4 92117220 0.910908649142387
4 92142953 1.5751
4 92144389 2.4029
4 92167891 2.4029
4 92169714 2.4029
4 92191627 5e-04
4 92198875 5e-04
4 92204132 2.859
4 92241330 2.4476
4 92346579 1.4478
4 92385574 1.0903
4 92405206 0.205896733496652
4 92408783 0.1753148658406
4 92411651 2
4 92429381 0.901112008117135
4 92440936 0.0403920415377479
4 92440988 2
4 92457723 2.41159277179252
4 92464266 1.8531
4 92492902 1.62593714130533
4 92493352 1.7255
4 92500388 2.566
4 92501578 0.476059665512522
4 92508271 0.938936662166568
4 92533577 2
4 92542375 2
4 92546131 1.0924
4 92555536 1.0924
4 92558124 1.6626554474188
4 92564889 2
4 92574626 2
4 92580617 2
4 92582851 2
4 92584045 2
4 92587459 2
4 92638420 2
4 92650486 1.7683
4 92688837 2
4 92693537 2
4 92699086 1.4315
4 92720974 2
4 92750371 0.852438791997592
4 92771980 2
4 92774660 2
4 92779994 2
4 92785893 2
4 92815581 2
4 92825761 3.1148
4 92837767 2.2363
4 92882412 2
4 92900366 2.88457019334345
4 92931109 2
4 92961875 1.79042462759468
4 92977644 5e-04
4 93017560 0.477814944080246
4 93084125 2
4 93101539 2
4 93117148 5e-04
4 93126980 2
4 93133959 2
4 93142357 2
4 93145471 0.0804
4 93199223 2
4 93208817 2
4 93229161 2
4 93241409 1.3014
4 93253093 0.0596
4 93265061 0.6303
4 93273475 0.6387
4 93285480 1.3014
4 93312193 0.525844663130449
4 93314741 1.23630816137883
4 93317823 1.5265
4 93325924 2
4 93327138 2.02564458649227
4 93331672 0.948356064476227
4 93335929 2
4 93341323 1.7195
4 93341417 2
4 93395181 2
4 93401432 1.9127
4 93436752 0.955511560870109
4 93438297 0.704184103372579
4 93444358 2
4 93447758 1.16813370529903
4 93448635 1.0122
4 93460779 0.141095383362938
4 93468970 0.9961
4 93472659 0.9961
4 93473168 0.9961
4 93476815 0.380341299102633
4 93490034 1.87319130563653
4 93490402 2.0678
4 93490455 1.52204288843829
4 93492530 1.84791015507365
4 93498233 0.893
4 93499682 2.0678
4 93544743 0.7771
4 93557827 0.7586
4 93595139 0.8791
4 93604764 0.8791
4 93608687 0.0054
4 93614189 0.324359507085468
4 93615253 0.8152
4 93617699 2
4 93651365 1.168
4 93664094 2
4 93664743 0.459950687516854
4 93695646 0.483182453525666
4 93695663 2
4 93699131 2
4 93722246 2
4 93733429 2
4 93765431 0.0404
4 93785535 5e-04
4 93787094 1.1209
4 93799554 2
4 93802628 2
4 93806954 2.3299
4 93812265 1.40700753553082
4 93845741 2
4 93851286 0.3062
4 93877506 0.390951043505271
4 93878669 0.514530192553463
4 93886916 1.66029118517467
4 93887037 1.54183625272669
4 93888558 2
4 93902970 0.723007729689044
4 93906015 0.346873886534149
4 93910060 0.0946360852290944
4 93912580 5e-04
4 93912584 5e-04
4 93914605 0.217634294627329
4 93918332 0.744525909362909
4 93920855 1.7256
4 93921167 0.379973824781828
4 93924425 2.0942
4 93927643 0.879781402342678
4 93929538 0.193445088751213
4 93937193 2.0663
4 93960816 1.69436539555559
4 93961190 1.18272709550679
4 93962222 1.26553985773726
4 93965880 0.986053201624432
4 93968811 0.0840248512264288
4 93969827 0.0053
4 93973856 1.10165406944512
4 94016289 0.6433
4 94026795 2.1379
4 94032480 1.16725591130637
4 94040694 0.6647
4 94043571 0.5225
4 94049869 0.6647
4 94058658 0.6647
4 94058693 0.6953
4 94059617 0.68
4 94078722 0.3605
4 94084860 1.0774
4 94085126 1.0774
4 94085341 1.0774
4 94096639 1.0774
4 94101582 2.0393
4 94102467 0.3616
4 94104957 0.3234
4 94106868 0.351
4 94110838 1.0774
4 94124416 0.3605
4 94130743 0.3703
4 94134670 1.0418
4 94156064 1.0085
4 94158261 2.3847
4 94160524 1.3859
4 94185743 0.6733
4 94187476 0.977
4 94188026 0.3605
4 94226402 0.1027
4 94231262 1.0085
4 94236362 0.561911352178226
4 94237498 1.2668
4 94243330 0.427
4 94247401 1.1826
4 94248531 1.1826
4 94256723 0.974
4 94259786 1.0085
4 94291775 2.1558
4 94295550 1.1826
4 94296952 1.1826
4 94301475 0.9891
4 94307159 1.2239
4 94309700 1.2239
4 94313195 1.0085
4 94334061 1.4409
4 94336602 1.2964
4 94337250 1.2668
4 94346920 1.3115
4 94348064 1.3115
4 94349727 1.4198
4 94356842 0.985201990908119
4 94357519 1.03215762875077
4 94359436 2
4 94375929 2
4 94383193 1.3425
4 94392739 1.3425
4 94403496 0.1028
4 94405453 0.444412911367681
4 94461524 0.304986591985876
4 94478722 0.446195799661191
4 94481672 0.559416963130585
4 94497990 0.37462675591755
4 94498727 2
4 94520011 2
4 94529146 0.634263716545744
4 94529619 2
4 94531749 1.31078729037395
4 94534821 2
4 94560226 0.424583698741406
4 94577466 0.311915152238597
4 94580015 0.5076541196493
4 94580016 0.569211562527936
4 94585691 2
4 94589487 0.99775556159873
4 94620064 1.16426320582521
4 94658944 0.804418382067075
4 94659492 3.1253
4 94667123 0.383211059640691
4 94667414 0.8028
4 94670993 0.359288560590999
4 94685219 2
4 94700981 1.2419
4 94710920 0.845451053496086
4 94728507 0.2814
4 94730974 0.2666
4 94751521 0.736
4 94751916 0.2244
4 94762877 0.2946
4 94771164 1.58208003523432
4 94784300 0.6559
4 94790537 1.53372271645176
4 94806548 2
4 94832545 0.8095
4 94835910 1.376
4 94839899 0.8095
4 94841980 2.10981521702528
4 94844670 0.275585333156812
4 94845503 0.759202954935995
4 94845988 0.8095
4 94846916 1.3769
4 94848767 0.299195310971442
4 94850604 0.785565494890502
4 94850852 0.256322490296248
4 94860074 1.3769
4 94908233 1.279
4 94924760 1.52210864933805
4 94925741 1.03093708645055
4 94943794 0.947479650250332
4 94959629 1.37809945625352
4 94961876 0.2276
4 94962764 0.15243923873589
4 94995764 0.4791
4 94999519 1.1535
4 95006651 1.39794535930006
4 95015416 0.907618301116245
4 95022864 2.44937594241034
4 95031563 1.1535
4 95034449 1.4325
4 95037203 1.4695
4 95055173 0.9717
4 95061712 0.9717
4 95063228 0.830134390096979
4 95065142 0.199291742968554
4 95067116 0.516814773538
4 95089758 0.192992444584489
4 95096730 0
4 95109834 2.0661
4 95112999 0.0445
4 95129048 1.5546840218977
4 95144861 0.20558285578807
4 95146874 2.3877
4 95157928 0.714105911512816
4 95160537 0.345444609722568
4 95175842 0.730292027585653
4 95181039 0.0369687565581603
4 95194267 1.10677185442872
4 95196564 0.431223341224896
4 95198058 2.859
4 95205055 0.65460555766062
4 95205336 1.73899826190736
4 95208994 1.8886
4 95215327 2.075
4 95234775 1.7747
4 95236227 0.141335049482225
4 95236613 0.286888497274137
4 95238036 0.823445558528696
4 95248582 0.117920394548136
4 95250530 1.7747
4 95261955 0.886731784683688
4 95262816 0.537174472450065
4 95278578 0.667801085355121
4 95279953 1.3611
4 95281898 1.94694767448816
4 95282227 0.810550409860872
4 95286496 0.570959081719034
4 95286846 1.42213706709998
4 95289174 0.937531720058803
4 95290700 0.865214641360053
4 95304361 0.221608446432756
4 95309029 2
4 95310596 2
4 95332966 1.82263086337493
4 95336424 1.14766727642774
4 95338392 2
4 95340773 1.2596
4 95343575 0.882025239524624
4 95347569 0.0125053037359571
4 95363433 0.590992370319356
4 95367165 2.3074
4 95376184 2.3074
4 95377942 2.3074
4 95382982 2
4 95396614 2.4857
4 95396630 2.4857
4 95421086 0.723125589907478
4 95436209 1.9959
4 95437052 0.806720599626218
4 95448200 0
4 95448225 0.552741488435943
4 95460234 2
4 95480708 0.9866
4 95481886 0.5295
4 95490366 0.323522669541179
4 95502349 0.9323
4 95511003 1.0021
4 95521220 0.0347009485377356
4 95536061 2e-04
4 95536079 0.881535829057758
4 95539691 2
4 95563209 1.02527484735462
4 95568849 2
4 95575147 2
4 95578742 2
4 95582152 1.5201
4 95596307 0.9569
4 95604666 0.0117
4 95624665 0.518767574807232
4 95626703 2
4 95630431 0.09
4 95632582 0.0322332624636014
4 95633949 2
4 95638609 1.63056010828797
4 95643291 1.33619652019029
4 95661058 0.158442073862116
4 95663931 0.189703014045434
4 95665462 0.702727600931884
4 95665737 1.04899959581573
4 95666298 1.5387
4 95668711 2.15037132232232
4 95668910 1.5092
4 95671803 1.8834729921033
4 95672578 0.0681834484305101
4 95675403 0.621533535753802
4 95676126 0.645740576116381
4 95677092 1.44705977622274
4 95683611 1.48584287143321
4 95684348 0.40348022853236
4 95691376 0.376319200073687
4 95693558 0.0105625374473743
4 95701775 0.712544046977549
4 95705968 1.62364059006278
4 95706469 1.2641002049954
4 95706737 0.36849372114984
4 95709594 0.230411170158459
4 95711930 0.306010291044497
4 95715741 0.401610102354287
4 95724969 0.53325728760586
4 95742479 0.640487238072879
4 95762738 2
4 95777520 2
4 95780884 1.7987
4 95799437 2
4 95805199 0.334893245247373
4 95805557 2
4 95805770 1.00318438283015
4 95806146 2
4 95811816 2.20050816338537
4 95811933 2
4 95814126 2
4 95818600 0.1352
4 95821170 0.1267
4 95821661 1.1662
4 95827405 0.1273
4 95827627 0.1273
4 95828642 0.1273
4 95829462 2
4 95832075 0.1273
4 95835651 0.1138
4 95836671 0.1352
4 95842826 0.0392
4 95852164 0.0391
4 95860109 2
4 95863385 1.8325
4 95869878 1e-04
4 95877945 2
4 95878332 2
4 95878575 2
4 95902966 0.0349544155240715
4 95914925 0.081
4 95948740 2
4 95965944 1.02578114140326
4 95979383 2
4 95987276 0.3457
4 95988715 0.266878334236931
4 95995607 2
4 96025111 2
4 96080663 2
4 96081465 2
4 96091808 2
4 96141374 2
4 96157091 0.234947509795967
4 96176288 0.4662
4 96190515 0.7206
4 96203532 0.489
4 96291554 0.1943
4 96353542 0.489
4 96427869 2
4 96450439 2
4 96473530 2
4 96474415 0.5014
4 96479473 0.7206
4 96496440 0.5802
4 96513253 0.3834
4 96590415 0.0386543931704887
4 96592504 1.32744651700499
4 96596598 2
4 96620863 1.8707
4 96629540 0.5121
4 96630024 2
4 96647449 0.0078
4 96651270 3.1218
4 96660667 1.45149861250562
4 96666358 1.16526152847909
4 96674995 0.205816739663847
4 96675798 0.651774830554635
4 96712106 1.05473990970574
4 96740712 0.3107
4 96747312 2
4 96749406 0.658309991931782
4 96754465 2
4 96767157 1.46675229771367
4 96776580 0.4899
4 96778950 0.786299415614803
4 96794866 0.3107
4 96804193 1.7908
4 96819992 2
4 96822674 1.44510713386689
4 96861422 0.620738067888777
4 96869004 0.273202305081391
4 96874478 0.9474
4 96886333 0.2021
4 96900787 0.1942
4 96934172 0.3908
4 96937972 2.8733
4 96953531 1.1384
4 96961849 0.256
4 96966083 2.030396860502
4 96966156 0.460513465730053
4 96967177 0.528433212205634
4 96972452 1.4308808941911
4 96988800 0.534978993663077
4 96995348 1.08000083123127
4 96995427 1.06379308275125
4 97000556 0.369964152373497
4 97000673 0.677980304756836
4 97004857 0.148068128657239
4 97005387 0.378658599888373
4 97042537 1.1037
4 97045269 1.1037
4 97054297 0.399010162639362
4 97056036 0.920286663892708
4 97058093 1.1037
4 97067448 1.1037
4 97080745 0.00419355834295696
4 97082604 1.6750198827452
4 97082998 0.838320645699888
4 97083123 1.10488340460107
4 97111071 0.086563083175026
4 97122521 0.00890464564883372
4 97123840 0.568840356073015
4 97130303 0.317439099066049
4 97134120 1.0479
4 97135708 1.43823581183892
4 97140409 0.306281325460491
4 97148828 0.170063520936533
4 97159407 0.5594
4 97163341 0.5594
4 97164138 0.9971
4 97256068 1.2839
4 97258003 0.499232115639232
4 97277871 0.164726188075836
4 97295125 0.948173857053603
4 97297905 0.6121
4 97303728 2.0873
4 97320039 0.6121
4 97330985 0.6214
4 97332107 0.6214
4 97343673 1.296
4 97381952 0.1623
4 97386777 0.2069
4 97396144 0.0217
4 97495710 0.0078
4 97504431 0.4153
4 97506903 5e-04
4 97521463 1.47835745148465
4 97534545 1.2414
4 97536046 0.76685243128843
4 97543094 3.1272
4 97577886 0.8659
4 97607950 2
4 97614799 2
4 97619524 0.111758295806278
4 97622061 2
4 97627069 2
4 97632456 2.0277
4 97654224 1.73562773545631
4 97672397 1.4644
4 97690425 0.897439626742305
4 97705364 0.699043267389668
4 97707156 1.50593186820575
4 97709504 0.3456
4 97710120 0.765679923170192
4 97711431 0.111047365214921
4 97715853 2.03682672127251
4 97730328 0.89337540229904
4 97732916 5e-04
4 97737666 2.41833189032491
4 97739831 0.452484967711045
4 97740071 0.00403967483146271
4 97743219 0.724005774634986
4 97751932 0.0150397402903476
4 97753001 0.84928471838415
4 97802603 0.19078648410459
4 97839879 1.5068
4 97868663 1.40429733811202
4 97882115 0.960626337068317
4 97899179 0.956388908420947
4 97908063 0.97966759966082
4 97937919 1.28411988719166
4 97946970 0.258547407422817
4 97964960 0.469292142729079
4 97973871 0.211740865442483
4 97975283 1.18860293901783
4 97978143 1.80330597056624
4 97985057 0.995574170626868
4 97986758 0.141881947942255
4 98000470 0.316754741662562
4 98006354 0.2946
4 98017613 0.833987864087495
4 98017983 0.0019997612507925
4 98018543 0.904167358825692
4 98019492 0.600724468822381
4 98022116 0.228717225834921
4 98032474 1.32921911952955
4 98033689 0.269574295397355
4 98034392 0.187777376729741
4 98036545 1.41667678003071
4 98038411 1.34664275015716
4 98039653 0.812397951509002
4 98041159 0.295171896837256
4 98042220 0.111487817454357
4 98046967 0.302921727571571
4 98047346 1.09568343909793
4 98047981 0.818718385028518
4 98050999 1.30889318345709
4 98051344 1.63866471045048
4 98053533 0.605841103346664
4 98056112 0.0681
4 98057026 0.31756782960511
4 98059160 0.0160302281389165
4 98066446 0.880178810755966
4 98069934 0.562172664382329
4 98075163 0.670443814309562
4 98083613 1.73865130681989
4 98087620 0.190105636651999
4 98091792 0.529636246836808
4 98094100 1.95372025827313
4 98099549 0.298483704172335
4 98101922 1.50689870190077
4 98107345 1.4866053079731
4 98107534 0.188570306927568
4 98119329 0.449766737012713
4 98129168 0.201663935339517
4 98130826 2
4 98136111 0.663596979640607
4 98156135 0.42904487116912
4 98172653 0.110856948872752
4 98199026 1.34888152706078
4 98201277 0.9259
4 98215953 1.20758137270417
4 98225285 0.30485119676777
4 98258372 1.3401
4 98268791 2.4162
4 98522434 0.00599143625395086
4 98534637 0.139998027629986
4 98537823 1.4705
4 98546695 1.05578532555422
4 98550040 1.4435
4 98555407 0.2004
4 98571451 0.732956548107256
4 98572134 3.51514563115205
4 98575521 0.324034739812186
4 98602739 1.4775
4 98618261 0.258799267900111
4 98620054 0.246379743931702
4 98627031 0.457168113412837
4 98666645 0.767988795552266
4 98678741 0.3871
4 98696116 0.470177444692043
4 98704951 1.3145
4 98709158 1.3208
4 98718071 1.3145
4 98719072 0.8584
4 98733616 1.3082
4 98734899 0.514701771134459
4 98736463 0.28350730426096
4 98745706 0.836042794141727
4 98755482 0.2069
4 98763799 2.9161
4 98766817 0.2069
4 98769429 0.2069
4 98770483 0.2069
4 98779475 0.1313
4 98786463 1.1396
4 98818000 0.0291
4 98828580 7e-04
4 98828595 7e-04
4 98859240 0.0405
4 98867423 0.0078
4 98867835 0.771
4 98881244 1.0693860035342
4 98904831 1.748
4 98917137 1e-04
4 98932850 0.755356367297103
4 98951989 0.7554
4 98953805 0.7267
4 98988399 0.268320118352214
4 99097741 0.715935941313871
4 99101331 0.752144841761073
4 99105181 1.52205007207941
4 99110564 1.9067202250316
4 99111459 5e-04
4 99114944 0.477375869656819
4 99117049 0.166584277473556
4 99119502 0.0411376522945217
4 99119979 0.850787770606313
4 99127848 0.3787
4 99129936 0.3787
4 99133041 1.1272
4 99137511 0.3787
4 99143175 0.3787
4 99144583 0.0341
4 99150530 0.107
4 99167070 0.612098416322535
4 99178531 0.131
4 99181630 0.0273
4 99213000 0.518003406156966
4 99231272 2
4 99240224 2
4 99249212 2
4 99251534 2
4 99255675 2
4 99288034 2
4 99294363 2
4 99296626 2
4 99300394 2
4 99304302 0.3632
4 99307309 0.3632
4 99323064 0.378849577712904
4 99336275 2
4 99337224 0.362
4 99339632 0.3692
4 99340795 0.3692
4 99344079 0.3692
4 99364720 0.3796
4 99366090 1.5911
4 99367790 0.3796
4 99369463 1.5911
4 99373366 0.8583
4 99375129 0.8583
4 99375319 0.8583
4 99381481 0.8583
4 99386221 0.593583411283815
4 99392905 0.8583
4 99412820 2
4 99414945 2
4 99444954 0.00970862904483735
4 99459341 2
4 99460542 0.0258229086222313
4 99464421 2
4 99485865 0.31937538756156
4 99520729 0.968178238365385
4 99521386 0.134546133299025
4 99532304 2
4 99536684 0.696294859075347
4 99538538 0.317512986883204
4 99542864 2
4 99579984 1.7996
4 99588760 0.0073
4 99592186 0.6885
4 99603522 0.524012226733899
4 99618739 1.24787387477353
4 99642234 2
4 99667953 0.0115
4 99716459 2
4 99745309 2
4 99763644 0.101936491475811
4 99772431 0.129985513444368
4 99784115 0.0106365547559292
4 99799915 0.344566092578107
4 99819552 2
4 99821490 2
4 99859509 1.3165
4 99868711 0.566320536740615
4 99934926 3.1151
4 99949995 0.5585
4 100048707 0.835335189619745
4 100086032 0.229242977183891
4 100089272 0.985195707867666
4 100118962 0.979429283469478
4 100135540 0.183971016485005
4 100160920 2
4 100178818 5e-04
4 100186011 2
4 100192029 0.828583777399882
4 100194622 0.497178856796795
4 100197360 2.43668069807948
4 100210841 0.298083441101017
4 100212352 0.750901191208368
4 100214832 0.4713
4 100216244 2
4 100216724 0.4491
4 100229177 1.3958
4 100233667 0.0162
4 100235247 0.4491
4 100243990 0.4491
4 100244818 0.4491
4 100249074 0.4491
4 100253841 0.4491
4 100254566 0.4491
4 100258487 0.4491
4 100269270 0.4491
4 100285933 0.765141626123343
4 100300161 1.6953
4 100300583 1.6953
4 100305875 2
4 100312658 0.9762
4 100362122 0.3905
4 100377779 0.828664833019833
4 100391877 1.7545
4 100399680 0.1472
4 100403543 0.323
4 100408617 0.0636
4 100411456 0.0636
4 100414952 0.323
4 100420928 0.5136
4 100421901 0.5136
4 100434660 0.981605565281848
4 100442814 0.745777123739542
4 100455540 0.0577
4 100463810 0.275475228219881
4 100473386 0.0263
4 100475676 2
4 100477793 0.882678034836382
4 100478127 0.433623715155905
4 100494272 0.387759357188661
4 100506414 1.7667
4 100506468 1.153597482433
4 100556880 0.3926
4 100561146 0.2284
4 100572270 0.0734
4 100576870 1.93014557650683
4 100577459 1.25281064982928
4 100583973 0.833455756684537
4 100586797 0.2284
4 100587564 0.2847
4 100601039 0.0336214893118487
4 100602499 0.189123647464495
4 100604498 0.6843
4 100608045 1.2852
4 100611205 0.714082303710065
4 100612380 0.64198462204799
4 100616982 0.0964
4 100619286 0.6843
4 100620445 0.1206
4 100631391 1.0333
4 100633163 0.612261086386707
4 100633392 0.0901
4 100635610 1.3634532647769
4 100639295 0.0263
4 100645166 0.6843
4 100645485 1.07567002030431
4 100647413 0.6843
4 100651205 0.8233
4 100666821 0.8233
4 100667552 0.1206
4 100672644 0.8233
4 100690489 1.7929
4 100706710 1.0678
4 100722792 0.157498125492079
4 100750335 0.2137
4 100750717 0.2137
4 100753697 0.296358928377663
4 100758240 0.2137
4 100759376 0.2137
4 100762343 0.561116588995329
4 100768175 0.2137
4 100776888 0.6764
4 100782000 0.2137
4 100797529 2
4 100798304 2
4 100805089 1.55025729985684
4 100812553 2
4 100822823 2
4 100823816 2
4 100828959 2
4 100830462 2
4 100833489 2
4 100834815 2
4 100836633 2
4 100838011 2
4 100841480 2
4 100862537 2
4 100862867 2
4 100863994 2
4 100869189 0.839713764015915
4 100869654 2
4 100879981 2
4 100947942 1.1724
4 100950637 1.18817811556969
4 100987526 0.4319
4 101025892 0.49261278372444
4 101039683 0.6353
4 101043873 2.18303063204612
4 101068582 1.1516
4 101153162 2
4 101201598 0.5153
4 101222018 0.4134
4 101237293 0.4134
4 101248511 0.0561
4 101250434 0.0561
4 101250449 0.0561
4 101250779 0.4547
4 101266259 0.4547
4 101269381 0.3015
4 101290268 2.13
4 101360655 2.45274072557669
4 101376639 1.31581082433732
4 101384768 1.13287990777804
4 101392033 0.435965529560511
4 101402425 0.283269714233731
4 101403465 0.0190888922865289
4 101417750 0.835888264358501
4 101419152 0.761595355322444
4 101422718 0.251015148416215
4 101422729 0.0951803739326612
4 101454111 1.12415880033809
4 101470537 5e-04
4 101475135 0.981830479746815
4 101483008 2
4 101483320 2
4 101495282 1.02635636234111
4 101507729 0.625281437125481
4 101510296 1.71141567735518
4 101517153 0.753632018961793
4 101522212 2
4 101534576 1.11020766364711
4 101536850 0.0255658748445006
4 101556347 0.7481
4 101575772 0.224875630380361
4 101587865 0.678684160977871
4 101588705 0.697128596896855
4 101592886 0.765959120980874
4 101597186 0.866812677061888
4 101637423 0.430093640762612
4 101637989 0.0878150594307803
4 101660047 1.10670691206479
4 101681978 0.0700021841069888
4 101682543 0.599905173725251
4 101682592 0.34217859220293
4 101687131 0.4267
4 101689979 0.341
4 101696143 0.4155
4 101720108 0.818390211431356
4 101722240 1.51686663028734
4 101725835 0.283861240118261
4 101741735 1.10041981140119
4 101745338 0.0698196079365459
4 101753385 1.75084799889655
4 101756679 1.84488337457754
4 101759756 0.849364464952803
4 101771318 1.4723
4 101788671 0.0386
4 101794841 0.0745
4 101797129 0.0679891059557127
4 101804317 0.517975211127787
4 101808913 1.45035046241492
4 101818379 0.84144365415669
4 101834642 0.5186
4 101835574 1.18342352038369
4 101852822 2.1546
4 101862194 1.2583036085874
4 101865528 0.771218095089193
4 101877035 1.8879540103207
4 101880317 1.69068234353085
4 101888598 0.978905022099033
4 101901758 1.33136113121567
4 101920792 1.29227384270832
4 101977459 0.0447
4 101980757 0.1588226777845
4 101988837 0.413530309372341
4 101991002 1.77145530907496
4 102000269 0.747215229924349
4 102002558 1.96133220411825
4 102046288 0.6482
4 102046474 1.57087254660875
4 102057386 0.28384258275027
4 102066081 0.134624562424664
4 102073237 0.143051365863543
4 102115908 2
4 102126862 0.44921515618374
4 102145376 0.876690232093659
4 102174788 0.6854
4 102176609 0.6854
4 102180007 0.6854
4 102182507 0.448504709943038
4 102185839 0.6854
4 102186106 0.400605209271942
4 102200727 2
4 102210791 1.3227
4 102214784 1.3289
4 102216420 1.3289
4 102217054 2.2762
4 102230603 2
4 102235694 2
4 102235833 2
4 102237613 2
4 102241071 2
4 102242126 2
4 102243862 0.807
4 102248499 2
4 102248966 2
4 102258631 0.8323
4 102282696 2
4 102284511 1.1865
4 102292085 1.1072
4 102293554 2.5175
4 102320366 1e-04
4 102326389 0.172798468962288
4 102328727 2
4 102338404 1.6575
4 102345323 2.3299
4 102359740 2
4 102360733 0.459250691618855
4 102362221 2
4 102362831 1.17012240933781
4 102365448 0.725182700751429
4 102367098 0.479504941806537
4 102369101 2
4 102369672 2
4 102371333 2
4 102371978 1.0124
4 102374219 2
4 102379395 0.0132656020500994
4 102381689 2.50408269138504
4 102400400 2
4 102408923 0.2638
4 102408942 1e-04
4 102413235 2.4664
4 102455848 0.320652256582892
4 102463838 0.897089496385766
4 102464273 0.399060621074183
4 102466787 1.67704327913064
4 102518908 0.3457
4 102523317 0.3457
4 102537720 0.892222052815512
4 102572313 1.5741
4 102586546 0.138
4 102604774 0.343
4 102605271 0.343
4 102624096 0.237
4 102624691 0.237
4 102627059 0.2138
4 102629091 2
4 102630602 2
4 102635210 2
4 102648148 0
4 102654123 0.1688
4 102657221 1.11517051650349
4 102657480 2
4 102664352 1.03969828500846
4 102756787 2.9996
4 102774488 1.1765
4 102779721 0.4813
4 102806853 0.4813
4 102811336 3.5952
4 102815265 0.4813
4 102837144 0.7958
4 102839637 1.1765
4 102856235 0.4813
4 102868653 0.4813
4 102873379 0.4813
4 102873770 0.4813
4 102876177 0.4813
4 102905975 0.4813
4 102920096 0.4813
4 102923884 0.4813
4 102925267 0.4813
4 102937924 0.4813
4 102948193 0.4813
4 102948903 0.4813
4 102965261 0.4813
4 102970317 0.1019
4 102978797 0.9315
4 102984498 2.0836
4 103002507 0.4813
4 103055996 1.8942
4 103059890 0.0329
4 103083205 1.0653
4 103138837 0.7285
4 103140688 2.62798401926314
4 103206315 0.8852
4 103240667 0.124062164895436
4 103249735 0.6616
4 103250340 0.6776
4 103252051 1.12683656648705
4 103267852 0.0107
4 103271585 0.6616
4 103297653 1.1828
4 103352023 1.0537
4 103367881 0.0285
4 103446967 1.1385
4 103458286 1.3008
4 103462098 2
4 103464338 0.9227
4 103479796 2.7864
4 103480967 6e-04
4 103495195 2
4 103498594 2
4 103501144 2
4 103517874 0.1255
4 103523690 0.1255
4 103527206 2e-04
4 103528399 0.1255
4 103528900 0.0863
4 103530773 0.2332
4 103534294 0.1255
4 103535243 0.1255
4 103538023 0.1255
4 103540253 0.1255
4 103541262 0.1255
4 103541448 0.1255
4 103541883 2e-04
4 103541982 0.1255
4 103549511 0.1255
4 103553440 0.1187
4 103563846 0.1255
4 103564360 0.1255
4 103567007 0.1255
4 103572033 2
4 103573613 0.0863
4 103577366 1e-04
4 103584617 0.1942
4 103640428 0.610557135062387
4 103645575 0.129223135454733
4 103654112 2
4 103654494 0.961791753164596
4 103660107 0.975549139993798
4 103675888 1.30157089156315
4 103680602 0.0621088538870077
4 103689566 0.413976054320848
4 103696031 0.722660521889016
4 103772632 0.2863
4 103773967 1.19208653410614
4 103776608 1.10742980995073
4 103777935 0.700175162765519
4 103784151 1.3953
4 103784421 0.774249982426545
4 103795056 1.6453
4 103795309 1.5919
4 103823451 1.48616299180553
4 103825257 0.0426590289856974
4 103832004 0.643147595444317
4 103836036 0.194052465707327
4 103857448 1.10498835013453
4 103872520 1.6233
4 103893184 0.3274
4 103898277 0.577633707791432
4 103901482 0.355
4 103904867 1.45550052399156
4 103929884 0.286499929343012
4 103948622 2
4 103949662 0.521275411339711
4 103963814 0.649142017287866
4 103971545 1.06580627214529
4 103977759 0.597102301437798
4 103984975 0.899086343292834
4 103994046 0.0177733333913333
4 104019855 0.753418878714356
4 104049315 0.776037417488389
4 104076119 0.703033138671205
4 104081956 0.172164290333236
4 104092823 1.01984333935848
4 104121839 0.445
4 104138644 0.1793
4 104151157 0.0126
4 104164733 0.231333751468647
4 104165400 2.4244
4 104177499 0.554073225223586
4 104194102 0.3957
4 104200458 1.17868801144853
4 104230403 1.51589645042963
4 104233721 1.14040132864891
4 104246460 2.1063
4 104250165 1.25381873851906
4 104250853 0.529624162380813
4 104266791 0.94586028916115
4 104269796 0.448711288132805
4 104302417 0.0053
4 104309490 0.1143
4 104319977 1.0397702100094
4 104360692 0.4497
4 104363375 0.4497
4 104404116 0.2303
4 104405223 0.2303
4 104420245 0.2303
4 104467934 2
4 104522323 0.431770071887736
4 104527043 2
4 104536840 2
4 104552424 1.19968141657805
4 104569181 1.48137905427283
4 104572334 0.549186090526389
4 104576990 0.610415126485857
4 104578007 0.665563754760439
4 104588017 0.6424
4 104589000 0.5288
4 104593530 0.6971
4 104594266 1.14107384043845
4 104604129 0.5345
4 104611268 2.11881167265551
4 104614017 0.5345
4 104614490 0.0610006398637942
4 104617842 2
4 104621442 0.184463715787441
4 104626037 1.4311801868957
4 104626870 0.5345
4 104637274 0.365606860407308
4 104649446 0.15109129769636
4 104650478 2
4 104662258 0.111054173966933
4 104669139 2
4 104719134 0.7591
4 104739081 0.868688230667067
4 104771490 0.915445860787134
4 104771643 0.7591
4 104817480 2
4 104818455 2
4 104836202 2
4 104926477 1.6125
4 104956898 1.6125
4 104957250 1e-04
4 105002488 2
4 105028189 1.3145
4 105046530 1.268
4 105048576 2
4 105059770 0.144067182353463
4 105066758 2
4 105073040 2
4 105075826 2
4 105089276 1.2006
4 105103932 0.62889967118013
4 105104429 0.709585188991805
4 105123311 0.248834856484454
4 105152352 2
4 105155791 1.1425
4 105166665 2
4 105188474 1.1148
4 105225320 1.1883
4 105263072 0.8979
4 105263440 0.8979
4 105280399 2
4 105284039 0.435949245913979
4 105335139 0.0106858318506502
4 105340167 5e-04
4 105344503 1.2342
4 105361008 0.3338
4 105373186 1.2683
4 105377739 0.29527444061981
4 105379466 1.2821
4 105383497 1.88609142788513
4 105392162 0.842627961563028
4 105403199 1.03927781482538
4 105419215 0.782692135042264
4 105438423 2
4 105445485 1.68579772051153
4 105473223 1.53760059582367
4 105475407 0.1743
4 105487789 1.03782476671815
4 105488005 0.3012
4 105505561 1.6728
4 105521451 1.62703982170065
4 105536338 2
4 105537018 1.3215
4 105538360 0.0621
4 105543216 0.483316673048168
4 105561730 0.6261
4 105564238 0.138
4 105578902 0.1261
4 105581324 2
4 105581356 0.1261
4 105600357 0.7903
4 105663729 0.0078
4 105679681 1.7135
4 105740961 1.395
4 105763821 0.672945948005388
4 105803363 0.960077043600548
4 105821801 0.461500870153154
4 105840680 0.1499
4 105883293 0.0559
4 105886757 0.0402
4 105946683 0.0447
4 105951704 0.822
4 105953248 0.0447
4 105979553 2
4 105979886 5e-04
4 105982808 2
4 105983383 2
4 105985434 2
4 105985596 2
4 105988757 2
4 105991665 1.3991
4 105992845 2
4 105993575 2
4 105994144 1.4196
4 105994440 0.0073
4 106001803 2
4 106014989 0.0837
4 106023903 2
4 106040447 2
4 106090803 2
4 106116939 2
4 106147670 2
4 106176975 1.4853
4 106183009 1.4853
4 106187007 2
4 106188751 2
4 106189362 2
4 106191655 2
4 106199334 2
4 106217169 2
4 106219213 2
4 106219232 2e-04
4 106230772 2
4 106246167 2.9027
4 106254461 2
4 106271544 2
4 106278820 2
4 106283619 2
4 106286370 2
4 106325033 1.7466
4 106339846 2
4 106375463 2
4 106387196 2
4 106413204 2
4 106427196 0.863588173268179
4 106455825 1.42589936089091
4 106520877 0.4064
4 106522308 1.2938
4 106535910 0.5525
4 106538100 0.303499324871963
4 106541148 1.48189824534013
4 106563962 0.4775
4 106567854 0.6649
4 106568436 0.0244
4 106590106 0.303940996521908
4 106595737 0.932314985002481
4 106612545 1.30406963634329
4 106616233 0.656178240091031
4 106622408 5e-04
4 106623989 0.277975011132199
4 106627442 2
4 106633349 2
4 106641442 1.50788773870505
4 106648249 2
4 106666001 1.01986690352277
4 106666595 0.685265569064019
4 106668371 0.436225584385985
4 106680361 0.446530575048141
4 106683404 1.51884482150034
4 106702967 1.0404956407738
4 106724388 2
4 106769651 0.049
4 106771822 0.325377068227917
4 106784254 0.0704054821098393
4 106793570 0.320861589777505
4 106831973 1.31061238856387
4 106867321 2
4 106881409 0.718748412882124
4 106885483 0.430642381485679
4 106889411 0.2985
4 106909104 2
4 106919037 2.59
4 106964964 1.7074
4 106994483 0.107984437272066
4 107039663 2.07504294104975
4 107039670 0.453434187044074
4 107040174 0.803717357603135
4 107040558 0.612375769764052
4 107052856 0.614335779905418
4 107055893 0.2063
4 107057335 1.488292658199
4 107067246 0.36880283310652
4 107084548 3.0007
4 107093552 1.27710711551089
4 107094576 0.150893321798943
4 107101455 2
4 107113943 2
4 107114640 1.69360726459773
4 107123933 0.514121426526256
4 107131250 0.339272164996255
4 107138132 0.64648577584074
4 107141993 4e-04
4 107161569 0.806480985011449
4 107186616 0.373849111836798
4 107200509 0.65586845504061
4 107204000 0.703691534534802
4 107235149 2
4 107238785 1.0682
4 107253234 1.20455920399788
4 107271497 0.45005994180446
4 107288335 2
4 107296196 2
4 107316525 2
4 107331043 2
4 107341071 2
4 107355095 0.5807
4 107361620 2
4 107363504 0.844
4 107369349 2
4 107407663 0.1957
4 107409081 0.1395
4 107410689 0.6784
4 107418685 0.1728
4 107421822 2
4 107434259 2
4 107435332 0.1501
4 107444437 2
4 107444717 2
4 107456678 2
4 107458519 2
4 107463772 2
4 107464610 0.0162
4 107465233 2
4 107468937 2
4 107470227 2
4 107470599 2
4 107470833 2
4 107475822 2
4 107477541 2
4 107477577 2
4 107481380 2
4 107484777 2
4 107484866 0.1501
4 107498327 2
4 107502945 0.1501
4 107522086 0.1501
4 107531116 2
4 107541333 2
4 107550791 2
4 107553429 2
4 107567718 2
4 107569433 2
4 107575459 2
4 107583477 0.3045
4 107610113 0.669752919416343
4 107611100 0.2381
4 107615197 0.742665381261744
4 107616610 0.2381
4 107625201 1.69387535471704
4 107626595 0.83056694468116
4 107629730 0.428268821418603
4 107630973 0.0483059642936855
4 107632511 0.124793873659142
4 107646628 0.190814760928305
4 107649705 1.01531400160616
4 107654833 0.427387144819781
4 107658931 0.531777596938389
4 107663645 1.54606091922178
4 107669123 0.0519
4 107675959 0.487900594508798
4 107681131 0.0461
4 107682389 1.73408292128375
4 107694963 2
4 107713773 0.0461
4 107869805 0.212618773136442
4 107880667 1.1947
4 107880864 0.652750455247499
4 107882123 1.1947
4 107884500 1.23163893854688
4 107886207 0.0359
4 107891099 2
4 107903499 0.993
4 107924300 0.7418
4 107932953 2
4 107937401 2
4 107940493 0.8351
4 107944132 2
4 107957396 0.8351
4 107966377 2
4 107969336 2
4 107993969 2
4 107998940 2
4 108016305 2
4 108038126 2
4 108077676 5e-04
4 108077696 2
4 108081830 2
4 108091811 0.0401
4 108099540 5e-04
4 108101296 0.0715
4 108106757 0.352
4 108112823 0.00247522725027476
4 108119997 2e-04
4 108126558 2
4 108126755 2
4 108141529 2.5742
4 108149328 1.1975
4 108157168 0.9196
4 108174396 0.2672
4 108180703 3.002
4 108197934 0.164151174612851
4 108202875 0.0263
4 108258532 0.182236925257362
4 108264450 0.0427172526443352
4 108275838 0.194107127543174
4 108281102 0.6368
4 108295351 0.7358
4 108311336 1.0759145612051
4 108318124 1.1481
4 108320252 0.7358
4 108340904 2.35394444619934
4 108343404 0.972348420151102
4 108345644 0.905107853751004
4 108384009 0.862
4 108385802 1.7436
4 108390776 0.702189375723052
4 108396847 2
4 108437594 2
4 108462410 2
4 108487511 2.0475
4 108499388 2e-04
4 108502918 2
4 108503175 2
4 108526096 2
4 108526717 2
4 108534736 2
4 108546074 2
4 108554096 1.2984
4 108575553 0.2862
4 108589925 2
4 108590042 2
4 108591994 2
4 108600924 2
4 108603255 2
4 108625861 2
4 108641209 0.890718236049945
4 108664529 0.757258168261846
4 108682525 0
4 108690656 0.932496398618857
4 108698434 0.9356
4 108700728 2
4 108704405 0.43699155872793
4 108710994 0.714662352646079
4 108711515 1.61366941821479
4 108711775 0.0299
4 108741305 6e-04
4 108743511 2
4 108747143 2e-04
4 108752960 2
4 108753304 2
4 108756596 2
4 108768174 2
4 108786573 2
4 108794831 2
4 108800635 2
4 108800692 2
4 108808913 0.1013
4 108831715 2
4 108855211 0.84030002632581
4 108855378 0.983110502305993
4 108884540 0.816687069797273
4 108893770 2
4 108902233 2
4 108905850 2
4 108911430 2
4 108911456 2
4 108935920 1.12166404005946
4 108948565 2
4 108957294 2
4 108959514 0.6382
4 108962694 0.6382
4 108969893 2.32150948429215
4 108982118 0.3001
4 108984464 0.0814
4 108986588 0.081
4 108992705 0.081
4 108994311 0.4335
4 108994726 0.0814
4 108995038 0.0814
4 108995726 0.0814
4 108997723 0.0814
4 108998156 0.0814
4 109000276 0.0814
4 109001208 0.081
4 109001807 0.0162
4 109001893 0.0814
4 109002439 0.4577
4 109003559 0.0814
4 109003787 0.0814
4 109005872 0.3088
4 109009167 2
4 109012364 1.211
4 109012515 2
4 109019430 2
4 109023544 2
4 109027221 2
4 109032045 2
4 109039789 2
4 109040093 2
4 109048300 2
4 109048549 2
4 109050258 2
4 109050418 2
4 109060411 2
4 109069439 5e-04
4 109090262 1.6904
4 109098282 2
4 109099354 2
4 109109830 2
4 109110372 2
4 109126152 2
4 109133651 2
4 109135916 0.249692889511974
4 109139920 2.16124853059703
4 109148167 2
4 109153377 0.0263
4 109156702 0.877662725677815
4 109158980 2
4 109166809 2
4 109219998 0.689603809741526
4 109222244 1.25607999025873
4 109223743 0.188483248608192
4 109225766 1.00632861502903
4 109260081 0.7895
4 109269262 0.8574
4 109277104 0.8014
4 109278443 0.932
4 109293009 0.9248
4 109305556 1.01641427223004
4 109309554 0.777001255963704
4 109339020 0.292717045883843
4 109342776 0.29698878496318
4 109350231 2.7864
4 109354002 0.308105491593249
4 109360796 1.88613664377692
4 109368439 0.165762853223015
4 109370817 1.45889673665957
4 109379685 2
4 109388870 0.725979950076497
4 109444359 0.237040806750654
4 109475663 1.48452398380198
4 109476564 0.586413982363039
4 109482977 5e-04
4 109520992 0.385465720557697
4 109524062 1.94160114592543
4 109550686 0.0844706840811047
4 109552972 0.104057388216422
4 109567389 2
4 109573361 0.441867779527642
4 109577766 3.3688
4 109597955 0.532110776196765
4 109608217 2
4 109609041 1.28971842840827
4 109612263 2
4 109614432 0.231271411491467
4 109636097 1.77887560991569
4 109656207 0.80150235028112
4 109658928 0.2064
4 109659829 2
4 109665678 2
4 109701754 0.0574
4 109703765 0.253117485102936
4 109705350 0.4098
4 109707317 2.48466318388878
4 109717333 5e-04
4 109734801 0.2236
4 109751277 2
4 109762394 2
4 109770556 0.1027
4 109779778 0.3408
4 109781049 0.3925
4 109797574 0.558
4 109804676 0.549625037667393
4 109807192 0.362346264655064
4 109830219 1.17267704369379
4 109844205 0
4 109850353 5e-04
4 109850423 1e-04
4 109851911 0.104142024835277
4 109856049 0.475182670023488
4 109869469 0.668259519447113
4 109875977 2
4 109882919 1.23189257282199
4 109889343 0.696025559524855
4 109924730 2
4 109950355 2
4 109959510 2
4 109965648 2
4 110071608 0.548820640615025
4 110079036 0.36944927353905
4 110079542 2
4 110080455 0.625701439494633
4 110080954 0.893885770483494
4 110081700 0.2977
4 110084138 1e-04
4 110097034 2
4 110111333 2
4 110112024 0.0182815699400212
4 110130330 2
4 110145903 1.0789
4 110158181 2
4 110161154 2
4 110192017 2
4 110210552 0.00281443131826808
4 110212911 0.8374
4 110213920 0.0897
4 110223191 2
4 110230117 2
4 110237217 0.88
4 110245313 0.111261579892025
4 110247136 2
4 110247498 0.1661
4 110254301 2
4 110255866 2
4 110256094 2
4 110256635 1.84931404442453
4 110256884 2
4 110260193 2
4 110261296 2
4 110261805 2
4 110263403 2
4 110264476 2
4 110265696 0.0263
4 110265854 2
4 110273369 2
4 110278754 0.7258
4 110278901 2
4 110293369 2
4 110295173 2
4 110310680 2
4 110316138 2
4 110316880 2
4 110325564 1.0944
4 110340334 1.0223
4 110348120 2
4 110354666 0.254665190291648
4 110360047 2
4 110364876 0.068537315946713
4 110367314 0.7394
4 110368086 2
4 110368489 2
4 110373191 0.7394
4 110376532 2
4 110408596 0.679475558375331
4 110410755 2
4 110423670 1.12593224144061
4 110458430 0.401395353214288
4 110464546 0.847163975867787
4 110466650 0.433327805375939
4 110466905 1.42628695675234
4 110472282 2
4 110474922 0.530142853791418
4 110496665 2
4 110498143 0.7691
4 110498353 2
4 110503042 2
4 110503442 2
4 110511761 2
4 110529167 2
4 110555346 1.1708
4 110555545 1.1852
4 110584769 2
4 110627440 1.1372
4 110637255 2
4 110659693 2
4 110662178 2
4 110692451 0.942170816330715
4 110697283 0.628841068421127
4 110703384 0.521219920677111
4 110707472 1.53725100924477
4 110729169 1.6603
4 110739070 0.632305224122266
4 110760383 0.852033554491002
4 110763487 0.808498626108948
4 110768624 0.143546643932422
4 110778170 1.67165790149854
4 110787131 0.0299869003546513
4 110788485 2.34716483779001
4 110793733 0.376094214029854
4 110799841 0.126788869910581
4 110806007 1.19354167372765
4 110810053 0.0561
4 110843825 1.6964431570527
4 110876617 2
4 110876933 2
4 110878098 2
4 110883725 5e-04
4 110914531 0
4 110945835 0.971041163099327
4 111019893 1.1559
4 111034834 0.765385491459882
4 111093568 2
4 111095362 0.1052
4 111098939 2.5734
4 111118555 0.3137
4 111130668 2
4 111138134 0.9473
4 111139889 0.0447
4 111140573 0.1442
4 111140602 0.1442
4 111153048 0.1584
4 111163943 0.9473
4 111166910 0.9473
4 111170761 0.9473
4 111176991 0.0447
4 111177196 0.633279663499163
4 111184444 0.563127885652978
4 111195314 0.207307153737977
4 111211979 0.361195135472042
4 111216199 0.270526399636744
4 111216878 2
4 111222145 0.9473
4 111225807 2
4 111253969 1.9198
4 111255753 0.4058
4 111258803 0.191646031810324
4 111261027 0.658414500583624
4 111263534 0.4058
4 111273460 1.0854
4 111276223 0.0248
4 111283098 0.330570178367404
4 111296788 2
4 111307838 0.655
4 111309868 2
4 111310804 2
4 111313357 2
4 111315197 2
4 111315831 2
4 111323634 2
4 111343334 1.0894
4 111343840 1.0505
4 111348340 1.0894
4 111354142 2
4 111364585 2
4 111369799 2
4 111380099 2
4 111446337 2.01834533729688
4 111481402 2
4 111489975 1.4226
4 111574825 6e-04
4 111574826 6e-04
4 111603449 2
4 111605480 2
4 111635087 0.3933
4 111670874 2
4 111731295 0.0807139970791096
4 111737740 2
4 111764750 0.514626108373852
4 111770620 0.20355918741604
4 111788999 1.4326
4 111798822 0.965483427751497
4 111827237 1.2176221602504
4 111827733 0.0710282942976989
4 111829636 1.14836784257275
4 111830020 0.464654962905743
4 111836668 1.79389869475323
4 111841000 2.04130652557364
4 111850279 2
4 111859245 2
4 111864198 2
4 111864663 2
4 111871443 2
4 111872373 2
4 111886278 2
4 111887922 2
4 111903826 2
4 111907417 2
4 111912205 2
4 111915626 2
4 111916956 0.3404
4 111941663 2
4 111973901 2
4 111985105 2
4 111985759 0.0241
4 111991306 2
4 111992577 2
4 111996733 2
4 112006744 2
4 112010345 2
4 112014522 2
4 112025018 2
4 112029045 1.24123944495608
4 112042327 2
4 112057343 2
4 112065477 2
4 112074684 2
4 112082387 2
4 112098011 2
4 112106570 2
4 112107845 2
4 112119831 2
4 112120211 2
4 112121104 2
4 112122263 2
4 112124506 2
4 112128482 2
4 112138361 2
4 112190611 2
4 112194663 2
4 112231652 2
4 112249359 2
4 112255437 2
4 112256037 2
4 112265875 2
4 112266190 2
4 112276931 2
4 112279863 2
4 112314611 2
4 112327647 0.4917
4 112335202 2
4 112338763 0.4917
4 112338961 0.4841
4 112351484 1.188
4 112369242 0.518824630809696
4 112381201 0.291247466735486
4 112388491 0.650086992267376
4 112388638 0.258657838596385
4 112392692 0.351083567163068
4 112405816 0.597078534411063
4 112423529 0.166152587456971
4 112428779 1.22714779531346
4 112432994 2
4 112445419 0.656399739975993
4 112458963 0.0384236798566471
4 112475843 0.743974367035545
4 112489105 0.37990766565958
4 112492944 1.23962855031032
4 112495282 0.102885464731875
4 112500030 2
4 112512901 2
4 112519747 0.1874
4 112529950 0.902513688407239
4 112544610 2
4 112598130 1.42211406013316
4 112603011 0.142502043129941
4 112605213 0
4 112620910 2
4 112636383 2
4 112638197 2
4 112699060 0.730517024572358
4 112709393 0.0956
4 112730597 0.167694352840829
4 112742949 1.26268205362765
4 112743538 2.8733
4 112760620 0.632711094693112
4 112770562 0.00365316826468512
4 112774327 1.1419
4 112777801 1.71934580285834
4 112791025 0.805997751945826
4 112792046 0.98596904826151
4 112793651 0.0162
4 112799189 0.124410343076042
4 112806047 2
4 112815012 0.8213
4 112819195 0.900119911814942
4 112822744 0.919404828348175
4 112831524 1.99727571763901
4 112831805 0.0821835428123907
4 112846094 0.182681361855393
4 112853621 1.2328
4 112859115 1.46722715404466
4 112915765 0.7804
4 112969460 5e-04
4 112995954 0.605028233837255
4 113000904 1.61422738998368
4 113030261 1.31504762706797
4 113047831 2
4 113064557 0.77285914767652
4 113069787 0.221902293905619
4 113072984 5e-04
4 113074213 0.436728057863475
4 113078382 0.527132164534448
4 113079899 0.5198
4 113085855 2
4 113089553 2
4 113092542 2
4 113093103 2
4 113093110 0.59072192715313
4 113098445 2
4 113102693 0.950134576505646
4 113105363 2
4 113106543 2
4 113108835 2
4 113113196 0.2835
4 113117135 0.852071407007337
4 113120100 1.54064962465958
4 113126250 1.22342641255291
4 113128911 1.58779658849669
4 113133463 1.0963
4 113137291 0.275648662399863
4 113143751 0.430782754206723
4 113147771 0.0236777647333523
4 113150992 2
4 113154873 0.486296267480145
4 113156407 1.3092
4 113159261 1.0822776315681
4 113164962 0.683188438449157
4 113179493 0.955251025706294
4 113197494 0.6403
4 113202788 0.386719601437593
4 113216228 1.945
4 113219512 1.9814
4 113221403 1.945
4 113226246 0.1873
4 113228876 1.66626688978112
4 113231304 1.3247
4 113241514 0.365614068961832
4 113244259 0.0263
4 113246623 2
4 113247689 0.2698
4 113276350 1.4457
4 113276874 1.2987
4 113288807 0.2782
4 113310256 1.7255
4 113315705 1.614
4 113340120 0.3907
4 113371430 0.9852
4 113391454 0.539594011664191
4 113392569 0.440153501986794
4 113409191 1.40988775257897
4 113419293 0.8963
4 113420475 0.773729370933282
4 113422023 0.663656055436626
4 113447474 2.03489925280103
4 113458223 0.661068363044462
4 113470248 1.1581
4 113471237 0.607730109030719
4 113486838 1.8861109446207
4 113495146 0.0753987675822974
4 113516300 1.09191308302268
4 113518675 2
4 113555021 0.21301169252715
4 113557326 2
4 113577540 2
4 113578745 2
4 113583005 1.0106
4 113588061 2
4 113590471 2
4 113602385 2
4 113646092 0.600400481117048
4 113667211 0.247880989462493
4 113688242 1.74732612143793
4 113715390 0.422102874034476
4 113720543 0.5399
4 113743806 1.10043753802751
4 113766689 2.0054
4 113773529 0.623
4 113774788 2.7487
4 113798876 0.178065653480178
4 113799825 0.60960861340558
4 113818840 0.515386064249391
4 113820599 1.05717233564668
4 113831038 2
4 113848871 2
4 113850974 2
4 113851399 2
4 113852698 2
4 113870550 4e-04
4 113870810 0.8817
4 113885052 0.4627
4 113908586 0.26440436405232
4 113915045 1.65620000420052
4 113917209 1.35893654998352
4 113918544 0.554950683826358
4 113919499 0.786498597720848
4 113926791 1.02229036858529
4 113934455 0.903931137028835
4 113935019 1.1344
4 113940938 0.854055942938831
4 113944291 1.18262728654449
4 113947574 0.367052150082235
4 113955825 0.274
4 113962483 0.277269812341195
4 113977535 1.5362546275737
4 113979765 0.631466660064297
4 113988183 0.603457857255117
4 114021178 0.935518850298624
4 114025712 0.241965624358792
4 114051487 0.873377602732998
4 114094371 0.493
4 114110095 0.457
4 114117652 0.493
4 114150391 0.0073
4 114162659 0.493
4 114168306 1.17223215770354
4 114168819 0.0662994576117093
4 114192841 0.118060529158713
4 114200466 0.475
4 114207313 5e-04
4 114220483 0.457
4 114221722 0.3328
4 114230265 0.5428
4 114240286 1.16307622796329
4 114255364 0.70332641901977
4 114257535 0.695072913437337
4 114258161 1.30677622379038
4 114286955 0.863563994304239
4 114289376 0.4644
4 114290500 1.11785491586061
4 114290983 1.42207608359898
4 114295398 0.4159
4 114309388 2.1129
4 114310599 1.1321
4 114314120 1.1321
4 114324151 0.590930139109879
4 114326884 0.18214197986562
4 114340840 0.3745
4 114363122 1.945
4 114370959 1.2116
4 114407577 0.42793759914937
4 114408534 1.09367643393302
4 114408837 1.49815911157143
4 114408885 0.175296007517298
4 114409441 0.202192954512738
4 114414523 1.405
4 114420122 1.18502323941184
4 114431868 1.104
4 114447660 0.470096346152352
4 114448714 0.661482570876335
4 114454856 0.967316460378047
4 114455712 0.165131699161048
4 114456801 1.7742
4 114458086 0.1118
4 114461151 0.1118
4 114461623 0.1118
4 114462913 0.1118
4 114464384 0.1118
4 114465301 0.1118
4 114466751 0.1118
4 114476903 0.2017
4 114477532 0.850232659088958
4 114489234 1.2694
4 114491902 0.1973
4 114493059 0.1973
4 114495098 0.1973
4 114495156 5e-04
4 114496527 0.6641
4 114508383 0.3646
4 114518062 1.60832668072492
4 114520611 2e-04
4 114520690 0
4 114520750 1.05462326961257
4 114520764 5e-04
4 114520894 0.4138
4 114521037 0.9546
4 114521132 5e-04
4 114524043 0.3646
4 114528134 0.1973
4 114532160 0
4 114538112 1.0402
4 114546112 0.507349015228064
4 114550195 0.932056678180676
4 114557814 0.671275191328062
4 114560598 1.50632688430637
4 114572686 0.203951280711687
4 114576580 0.966206611412006
4 114598669 0.625307064158582
4 114635869 2.0685
4 114656225 1.60523185652484
4 114667805 1.10774758158769
4 114689065 0.0236
4 114691920 0.495919636864011
4 114705724 1.52171937343652
4 114717099 2.0685
4 114741447 0.1088
4 114741457 0.1088
4 114750506 2
4 114751810 2
4 114756191 2
4 114758696 2
4 114760442 2
4 114963731 0.478710336012182
4 114970753 2.1864
4 114993219 0.636220469408817
4 115000029 1.67864929261653
4 115003663 1.1540031147528
4 115003956 1.63286675865567
4 115008525 0.1124
4 115017445 0.0621
4 115022389 0.731258881399677
4 115027646 0.0757
4 115036103 0.905037696923443
4 115054664 2.637
4 115060393 1.1209
4 115073717 1.0888
4 115074284 0.0490174792690338
4 115075517 1.06226556040425
4 115075832 1.0888
4 115090529 1.38440901326076
4 115103577 0.891796597810189
4 115147258 0.686321088155516
4 115159528 1.21931467420843
4 115159692 0.921006752512616
4 115163333 1.22311968753669
4 115166007 0.0437549987426838
4 115169187 0.779595930041006
4 115178634 0.279884883456069
4 115238924 2.03548151091448
4 115242590 0.9693
4 115244948 0.684126800660277
4 115247002 0.189292317493923
4 115251658 0.468562003264557
4 115252588 0.363438203937779
4 115255532 0.432007111385084
4 115280564 0.205462910631549
4 115284971 2
4 115287976 0.0053
4 115309407 1.1328
4 115313102 0.0989381031320423
4 115318841 1.1118
4 115320275 0.305696853194994
4 115322196 0.0110692817093806
4 115322224 0.528163221398538
4 115324159 1.54739933611024
4 115336796 0.983479613366255
4 115345917 1.1118
4 115348825 0
4 115350869 0.779621732944847
4 115365343 1.1118
4 115378424 1.3922387439802
4 115390608 0.639746262429319
4 115408075 1.1118
4 115410754 2.04908699357761
4 115415696 0.207750051164321
4 115419037 0.617731887824623
4 115427327 1.13319095575256
4 115446722 1.1118
4 115448973 1.1328
4 115454001 1.0065
4 115457472 0.801052991386111
4 115458263 1.0065
4 115460548 1.1111
4 115466725 1.0672
4 115469375 0.648608694768166
4 115469830 0
4 115470815 0.735645207652162
4 115472517 1.41378201259983
4 115473332 0.545259463067747
4 115474736 0.0269778586001119
4 115481897 0.429084504678222
4 115489742 1.1111
4 115491655 1.1111
4 115494029 2
4 115498392 2
4 115499928 2
4 115502895 2
4 115503952 1.28574904027494
4 115518006 2
4 115519178 1.1328
4 115521054 2
4 115525788 2
4 115528595 1.1328
4 115528627 2
4 115532420 1.1328
4 115533397 1.1328
4 115553504 1.1328
4 115559554 1.1328
4 115562136 0
4 115575616 0.458444869151879
4 115584799 2
4 115588950 2
4 115598886 1.1118
4 115621426 0.0053
4 115632164 2
4 115639534 2
4 115643342 2
4 115645710 2
4 115652878 2
4 115664906 2
4 115673889 2
4 115690507 2
4 115756272 2
4 115769456 2
4 115775616 2
4 115798955 0.821727494599494
4 115808136 1.50268872497793
4 115808397 2
4 115810281 0.6533
4 115813006 0.718569929883459
4 115814574 1.0145
4 115820127 0.105363378347699
4 115832275 0.9032
4 115838852 1.55853853968896
4 115850678 0.189147614753516
4 115853934 0.0335892817337523
4 115862458 1.28825783014501
4 115862940 0.794084903127
4 115864735 0.0513261716401573
4 115868903 1.17534785567268
4 115872483 0.0592147612176751
4 115878634 0.853336551142105
4 115886862 0.781157405453189
4 115890323 0.329372463084714
4 115896807 2.74679437241949
4 115920168 2
4 115929063 2
4 115935830 2
4 115938967 0.116028951657684
4 115947649 0.1772
4 115951103 0.9693
4 115960847 0.5996
4 115968584 0.171028435787499
4 115974794 0.0942
4 115979546 0.53096379866923
4 115981379 0.664382327114887
4 115984478 2.6205
4 115988175 0.48003384717705
4 115988352 0.287929111503584
4 115993586 0.555342042077807
4 115995584 1.00383319913903
4 116011678 1.0795743846522
4 116016672 2.0718
4 116041136 1.79148864495379
4 116049769 0.3695
4 116053492 1.0516
4 116066483 0.3695
4 116087284 0.5732
4 116092678 1.7846
4 116107420 0.646
4 116160566 5e-04
4 116175521 1.1832
4 116178407 2
4 116181669 1.318
4 116216508 1.1832
4 116241715 0.327536644997357
4 116245926 1.9181
4 116256306 2.0683
4 116268208 0.809632173897534
4 116277696 1.25623579312222
4 116284359 0.681912061383369
4 116287256 1.40197091474846
4 116324859 2.0271
4 116334003 0.405874578361884
4 116338583 0.664534901305613
4 116340165 0.854475140646464
4 116341536 0.139342614744078
4 116377018 2
4 116379443 0.2686
4 116393976 5e-04
4 116398816 2.335
4 116401964 1.2154
4 116402004 1.2154
4 116404932 1.2154
4 116415382 1.2154
4 116420404 1.2154
4 116427074 1.2154
4 116437208 1.2154
4 116462738 1.2154
4 116485072 2
4 116494589 2.2708
4 116500967 2
4 116501728 2
4 116522604 2
4 116565145 0.784130374369876
4 116565274 0.431461632572253
4 116574252 0.58765093750508
4 116574936 0.191609482348044
4 116582212 0.761833735720513
4 116586543 0.2857915010719
4 116587652 0.592094865630481
4 116604206 2.2131
4 116614165 0.12526075386049
4 116615302 1.46174961969773
4 116615440 0.784707676957323
4 116621948 1.18706704040634
4 116632141 2
4 116633247 0.894419532405376
4 116633861 1.1494504346194
4 116639823 2
4 116643407 0.0053
4 116646433 1.3545
4 116651500 2
4 116651582 0.1559
4 116672303 0.1559
4 116675587 0.52867184503068
4 116677002 2
4 116681010 0.0053
4 116681579 0.312466050085865
4 116701075 2
4 116702983 0.725352866853964
4 116752955 0.342265019980807
4 116767875 2
4 116778940 0.614386707292792
4 116792544 2.2412
4 116803946 0.225947991778103
4 116806134 1.7721
4 116822213 1.7721
4 116832762 1.8124
4 116838674 1.8124
4 116842892 2.01543421076211
4 116853747 1.42803012308121
4 116856292 2.29236149748143
4 116874043 0.0078
4 116875709 2
4 116878238 1.7987
4 116885137 2
4 116909658 0.265671528424292
4 116914558 2
4 116916267 2
4 116936735 1.64423262656259
4 116938119 0.273563546267144
4 116940020 2
4 116945457 2
4 116947726 0.0117895768093194
4 116951134 2
4 116952536 2
4 116960618 2
4 116960935 1.37123042545939
4 116965227 0.572298524744612
4 116969827 2
4 116973929 2
4 116974292 2
4 116982956 2
4 116983581 0.436255643350459
4 117000594 2
4 117015623 0.0528413219740413
4 117019252 0.208706548414684
4 117019397 1.8413
4 117019444 0.60661328441508
4 117020239 1.1865184724107
4 117029787 0.0467706561372642
4 117033243 1.61364709244506
4 117042482 0.524589196611577
4 117052222 2
4 117069660 0.0252896331534606
4 117099162 0.395930797406214
4 117100804 0.23021765510755
4 117107158 1.7209
4 117128952 2.04296430489341
4 117142787 0.6512
4 117166355 2
4 117211355 2
4 117230285 2
4 117238995 2
4 117240110 2
4 117240608 2
4 117248935 2
4 117261565 0.7917
4 117264018 1.1735
4 117348840 2
4 117361078 5e-04
4 117375040 2.784
4 117376775 2
4 117378973 2
4 117380514 2
4 117397029 2
4 117407365 2
4 117412680 1.873
4 117417913 2.3534
4 117423045 0.6843
4 117428153 2
4 117439375 0.375915899996449
4 117454301 2.2376
4 117457905 2.3805
4 117459831 0.433013517096411
4 117465619 2.3805
4 117475731 2
4 117478775 2
4 117490292 2.3014
4 117497147 0.0659
4 117508246 2
4 117508720 2
4 117529538 2
4 117534962 2
4 117537085 0.0151
4 117537430 0.166989603077979
4 117537830 2.9979
4 117540581 0.0659
4 117555122 2
4 117558083 2
4 117568792 0.9434
4 117575615 2
4 117584545 2
4 117586394 0.2884
4 117591749 2
4 117592799 2
4 117596622 2
4 117597195 2
4 117602507 1.3761
4 117606620 1.2139
4 117611173 2
4 117622203 2
4 117627138 0.8944
4 117627788 0.912805687266752
4 117629973 1.25693266540728
4 117637987 0.197494119481275
4 117639572 1.75290460755917
4 117643906 2
4 117645876 2
4 117645966 2
4 117646616 2.5383
4 117649168 0.43870318937756
4 117651630 1.77738850144424
4 117666115 0.432312248712357
4 117667391 0.110706103991548
4 117681713 0.8757
4 117683900 0.307184298920305
4 117695046 2
4 117706084 0.6294
4 117709820 1.73436957095029
4 117715954 0.464442680280978
4 117716405 0.749569977269374
4 117727370 2
4 117728731 2
4 117730118 0.6294
4 117731958 2
4 117734403 0.6294
4 117739730 2
4 117739916 1e-04
4 117739917 2e-04
4 117744362 2
4 117745668 2
4 117749344 2
4 117756698 2.37751020617065
4 117786005 2
4 117787415 2
4 117801520 1.2126
4 117801660 0.0263
4 117815679 2
4 117830918 2
4 117831480 2
4 117838073 2
4 117843528 0.715856977487309
4 117844834 1.2126
4 117852204 2
4 117854039 2
4 117863593 2
4 117875419 2
4 117894096 2
4 117904500 2
4 117925612 2
4 117929247 2
4 117939430 2
4 117951665 2
4 117971276 2
4 118020110 1.19491667602548
4 118022896 0.423277365835155
4 118024323 1.39367035161011
4 118028905 0.479585042712985
4 118046922 1.59076457436142
4 118049140 0.0978537735241994
4 118049480 2
4 118069143 2
4 118069813 1.32123410218711
4 118077643 2
4 118081066 0.809289390661454
4 118081624 1.45942314249089
4 118082378 2
4 118090288 2.36314722882228
4 118091999 0.64923494642007
4 118093711 1.43201158769827
4 118098415 0.472198717537649
4 118105491 0.346503114988077
4 118105703 0.218624883455684
4 118126537 1e-04
4 118129178 2
4 118139397 2
4 118180151 2
4 118182851 1.1820196430357
4 118187028 2
4 118200318 0.146435884573094
4 118208529 0.168
4 118210259 0.0425
4 118221226 1.24692838120323
4 118228026 0.427
4 118232692 2
4 118234835 2
4 118238526 2
4 118238689 0.204505476477584
4 118251287 1.9696
4 118254664 1.3563
4 118259682 0.499043593318668
4 118262251 2
4 118273246 0.427
4 118274848 1.1831
4 118276849 1.3563
4 118279119 2
4 118280376 2
4 118293776 0.80926148062652
4 118306104 1.3563
4 118316839 0.284389369802654
4 118319463 0.4564
4 118351048 2
4 118366984 2e-04
4 118378461 0.173418726374002
4 118392900 1.0196
4 118393502 2
4 118401369 0.3468
4 118405372 0.5705
4 118409442 0.5705
4 118414825 0.5705
4 118415811 0.5705
4 118417079 0.5705
4 118417674 0.5705
4 118421535 0.5705
4 118491922 0.379205049020922
4 118493101 0.54835219978826
4 118500958 0.0582433854679776
4 118517503 0.0854266865418042
4 118523183 2.15425395635899
4 118524729 0.283668636510665
4 118560925 1.16003874553316
4 118562482 0.982721153756598
4 118563323 1.6224
4 118563324 1.2774
4 118568103 2
4 118571596 0.525
4 118571997 2
4 118576415 0.5269
4 118636473 2
4 118643860 0.525
4 118670973 2
4 118677648 2
4 118692520 2
4 118694388 0.5465
4 118699796 0.5465
4 118700138 0.5465
4 118709172 0.5465
4 118713120 2
4 118742576 0.436288310466365
4 118763399 2
4 118777163 1.5926
4 118792108 0.5465
4 118817783 2
4 118820203 2
4 118822527 2
4 118831014 2
4 118845180 2
4 118857581 2
4 118858196 0.0961
4 118860183 0.1351
4 118867951 0.0961
4 118868151 0.0961
4 118875782 1.1265
4 118885469 2.9898
4 118930565 0.244790555393439
4 118942618 1.5306
4 118943514 1.5306
4 118946187 0.7191
4 118972826 0.4904
4 118973026 0.5171
4 118988190 0.0742
4 118993556 2
4 118997287 2
4 119005820 2
4 119012842 2
4 119020244 2
4 119020482 2
4 119037654 2
4 119051184 0.583423756252605
4 119073399 2
4 119073686 2
4 119077780 2
4 119078573 2
4 119079449 2
4 119089265 0.629550374469373
4 119093977 0.690048067478899
4 119094122 2
4 119096909 1.0002
4 119097265 0.3963
4 119100726 0.757677341424375
4 119135955 2.7847
4 119138735 0.104273630515616
4 119139575 0.03
4 119142003 1.047
4 119148308 0.991814462381768
4 119151120 1.28258629656737
4 119151998 1.15839471046219
4 119152670 0.0107
4 119154891 1.42077790545022
4 119163788 0.324603755516627
4 119169091 2
4 119183814 0.0891604752811169
4 119187448 2
4 119194224 0.436727838151015
4 119203150 2
4 119211192 2
4 119233980 2
4 119250906 0.0561
4 119256553 2
4 119273357 2.57100244572558
4 119280205 1.5073655513747
4 119308604 0.377615348718733
4 119320504 2
4 119321638 2
4 119322181 2
4 119322874 2
4 119324599 2
4 119325574 2
4 119331206 2
4 119343497 0.7195
4 119349550 1.26057985015009
4 119349640 0.222888972514789
4 119350206 0.167034257910117
4 119350475 0.589672281931098
4 119359657 2
4 119362618 2
4 119366358 2
4 119368241 2
4 119371078 0.511525207564708
4 119373875 2
4 119376268 2
4 119377322 2
4 119385724 2
4 119389718 2
4 119396520 2
4 119400481 2
4 119403460 2
4 119411440 2
4 119411626 2
4 119421103 0.117453124329688
4 119433502 0.00491010514150706
4 119441814 2
4 119444042 2
4 119450987 0.906664390775154
4 119453978 0.1956
4 119454675 2
4 119455601 2
4 119458191 2
4 119461603 2
4 119465598 2
4 119467100 2
4 119467800 2
4 119468997 2
4 119470473 0.0161420616651122
4 119474580 2
4 119478751 2
4 119484211 2
4 119491999 2
4 119498145 2
4 119506846 1.9017
4 119517405 2
4 119538519 2
4 119556461 2
4 119568433 2
4 119574640 0.6289
4 119578884 2
4 119582282 2
4 119583524 2
4 119587227 1.17490374251653
4 119603465 2
4 119612824 2
4 119614273 0.380315339933135
4 119628986 2
4 119633559 0.106817620708098
4 119643463 2
4 119653719 0.155876862555968
4 119654213 2.20993946097548
4 119654711 2
4 119659702 5e-04
4 119686604 2
4 119691863 0.0606113400116945
4 119693438 2
4 119698501 2
4 119700597 2
4 119700759 2
4 119701258 2
4 119702998 2
4 119705448 2
4 119708318 0.369118834092467
4 119711318 1.6537
4 119714402 2
4 119737203 2
4 119741792 2
4 119746459 1.7134
4 119747162 1.7656
4 119749400 1.64665765650003
4 119759034 2
4 119767157 2
4 119774084 2
4 119796398 0.91842712244937
4 119803918 0.3165
4 119826419 0.0970680858554117
4 119828489 2
4 119862223 2
4 119869689 2
4 119875943 0.0314297759445309
4 119878256 2.38456039302971
4 119884984 0.1771
4 119905848 1.9617558065143
4 119909761 1.08268193091513
4 119918492 0.842027684791952
4 119921173 0.883620824046808
4 119934673 0.613978581453372
4 119936698 0.402741346949864
4 119937180 2.51164667007238
4 119942784 0.675808901027351
4 119945301 0.319264866933111
4 119946150 0.0528106511491369
4 119955130 0.380648575374625
4 119986344 0.0917387371610175
4 119990899 2
4 119998271 0.0601157099871059
4 120003619 1.21785494703369
4 120006988 0.596202943085904
4 120018530 0.122933575373202
4 120020608 0.286109023506651
4 120039478 1.09317500832849
4 120047934 0.334618951456679
4 120063721 1.77286765705587
4 120156161 1.8238487178687
4 120182766 2.5918
4 120207705 2.5918
4 120216582 2
4 120218989 2
4 120245720 2.5918
4 120254438 0.213812112806939
4 120280059 2
4 120280832 2
4 120286076 2
4 120295142 2
4 120303464 2
4 120307562 2
4 120311587 2
4 120319160 2
4 120327888 0.8767
4 120345199 2
4 120346523 2
4 120358487 2
4 120368139 0.375556322237025
4 120379729 0.53777615395146
4 120383436 1.04925073599127
4 120402763 0.126729093589423
4 120416349 1.172
4 120436084 1e-04
4 120440506 2
4 120459422 2
4 120468033 2
4 120476247 0.3239
4 120477617 0.3239
4 120482704 2
4 120485574 0.630954983030454
4 120485810 0.3239
4 120490409 0.130366017779319
4 120500350 0.0605332297246987
4 120509894 0.3416
4 120510425 0.718614471169163
4 120517019 0.745008970303508
4 120519380 2.0783071775748
4 120519841 0.393452727450745
4 120521426 0.8545
4 120537166 1.80067847491238
4 120544190 1.16912350756767
4 120546567 0.612798295441925
4 120560548 0.3143
4 120571581 2
4 120576408 2
4 120586287 2
4 120591758 2
4 120592041 0
4 120592060 2
4 120597466 2
4 120600084 0
4 120615784 2
4 120632738 1.2006
4 120641666 1.2006
4 120645525 1.0617
4 120649118 0.9738
4 120649655 1.0617
4 120650960 1.1776
4 120651866 1.0617
4 120651961 2
4 120656541 1.0617
4 120662991 1.0617
4 120674944 0.0632
4 120684349 1.0617
4 120690672 0.4029
4 120691966 1.0617
4 120693933 1.0617
4 120702069 2.01117995724962
4 120707921 1.1792
4 120709177 0.9704
4 120716168 1.7953
4 120718607 0.7914
4 120720540 1.8548
4 120767650 0.0429631544773639
4 120771461 0.1832
4 120776385 0.0967
4 120778099 0.8949
4 120779518 0.1184
4 120790701 0.8949
4 120794119 0.8949
4 120796506 0.8949
4 120797958 0.0881
4 120827131 0.4277
4 120827721 0.4277
4 120834144 1.02
4 120852893 2
4 120863227 0.9046
4 120863266 2
4 120871671 2
4 120872177 0.432537504952102
4 120872357 2
4 120893294 2
4 120910020 2
4 120921462 0.0389
4 120923563 2
4 120929814 1.142
4 120937374 2
4 120944185 2
4 120945667 2
4 120946114 2
4 120949367 2
4 120952277 2
4 120958508 2
4 120959590 2
4 120962890 0.0866
4 120971281 0.1129
4 120972161 0.1129
4 120986804 1.31996585673374
4 120991683 1.0399
4 120998110 1.20927753078477
4 121002534 0.993908353761788
4 121004363 0.762072655525225
4 121004673 0
4 121005262 0.832942433541152
4 121008005 0
4 121011681 0.21306805804823
4 121030238 2
4 121036936 1.51151159437829
4 121037542 1.67886361817995
4 121039165 5e-04
4 121039800 2
4 121041671 2
4 121048769 1.668
4 121062675 0.234278745660006
4 121090929 0.427304888563333
4 121092753 1.04541999678297
4 121097069 2
4 121224369 0
4 121243929 2
4 121249757 1.2900343804314
4 121255162 0.453068036595861
4 121257800 0.498610676507742
4 121258872 0.0263
4 121267703 1.3917
4 121273335 1.35184172945851
4 121278143 1.3849
4 121282309 2
4 121293134 2
4 121293604 2
4 121300740 1.14777049221399
4 121318311 0.367
4 121319713 2.0902
4 121323772 2.0902
4 121324235 2.0902
4 121328956 2.0902
4 121330002 2
4 121334036 0.367
4 121336795 0.571409140569025
4 121337476 0.948286070818056
4 121346384 0.701390623651635
4 121354489 1.21311384524566
4 121359657 0.252595462975636
4 121362462 0.9056
4 121365558 0
4 121389556 0.489526169908735
4 121389621 2
4 121397819 1.8634
4 121401127 2
4 121405669 1.05175138569982
4 121407135 0.925257846706325
4 121407973 2
4 121417043 0.0078
4 121420818 2.0538
4 121424558 2
4 121425317 2
4 121429275 0.0223633835964575
4 121430797 2
4 121441445 2
4 121441839 1.89078194676319
4 121446248 0.0053
4 121446980 0.666767748337956
4 121448819 2.00379420396894
4 121450011 0.728830892587668
4 121461605 0.177210850635378
4 121462608 0.374500246387794
4 121465275 2.0766
4 121466695 0.466855352037579
4 121485447 1.30320797680597
4 121490736 0.420080653749312
4 121493472 0.724273308249598
4 121498971 2.978
4 121504660 1.51589985367095
4 121511718 0.730153916888687
4 121511907 0.3423196810678
4 121518659 0.215183306456304
4 121522184 0.0972438881184717
4 121522774 1.0561
4 121538151 1.2694
4 121540737 2
4 121544075 2
4 121546967 1.34540269481595
4 121559647 2
4 121560539 2
4 121564098 2
4 121565336 0
4 121573813 0.0561
4 121577743 1.3654
4 121588309 1.1955
4 121590279 0.770646760437682
4 121611837 1.1479
4 121617443 0.364984735865928
4 121619422 1.0482
4 121622184 2
4 121623601 2
4 121626449 0
4 121634398 2
4 121644543 1.0083
4 121645989 1.3778
4 121652229 2
4 121653471 0.352187538033493
4 121656865 2
4 121674479 2
4 121678829 2
4 121678918 2
4 121685097 0.4142
4 121690269 2
4 121692187 2
4 121695708 1.7012
4 121697011 2
4 121701445 2
4 121718683 2
4 121721478 2
4 121731144 0.0799907316823219
4 121731507 1.191
4 121735559 2
4 121740805 1.02033489254148
4 121740845 0.823109399835144
4 121742275 2
4 121742780 2
4 121752092 0.532653959451976
4 121752119 2
4 121754560 0.099
4 121756808 1.20643267827695
4 121768090 2
4 121778475 2
4 121778675 0.17842917320694
4 121807810 2
4 121808530 0.912342949213652
4 121809666 0.33606408380758
4 121814898 2
4 121820220 5e-04
4 121827841 2
4 121829185 0.934882575170885
4 121842248 0.883603441561408
4 121843570 1.16508911220533
4 121849253 2
4 121849583 1.09220492443947
4 121855704 1.30064028678323
4 121858819 2
4 121887109 0.577942091996871
4 121893120 0.241500064914023
4 121912224 2
4 121920541 2
4 121928558 1.16919206192055
4 121957381 2
4 121962327 0.542162980896439
4 121964707 0.133267160188871
4 121985522 0.806950807061567
4 121990086 1.89806197980383
4 122010937 1.7255
4 122020759 1.7379
4 122029704 1.40127564197938
4 122033400 1.25977881935758
4 122035116 0.1138
4 122037885 0.1138
4 122040609 0.1138
4 122053452 2
4 122058700 1.27802207898039
4 122061159 1.2914
4 122078297 1.76640107872662
4 122079394 1.7833
4 122084792 1.7833
4 122102208 1.4761602420293
4 122142179 2
4 122181811 2
4 122189501 2
4 122201285 2
4 122202609 2
4 122222203 1.3401
4 122266239 0
4 122281926 2
4 122287678 5e-04
4 122294949 5e-04
4 122313026 2
4 122329229 1.3745
4 122333302 0.303953644626164
4 122350440 1.3745
4 122404613 2
4 122412022 0.0733954437624173
4 122441470 2.18
4 122442880 1.69670569764633
4 122444039 0.1857
4 122450821 2
4 122459250 2
4 122471349 0.882233211117629
4 122529837 2
4 122554105 2
4 122554692 0
4 122556020 0.4758
4 122581837 2.4029
4 122586759 2.07875468182898
4 122603178 0.7451
4 122604180 0.7451
4 122606675 2.0074
4 122615808 0.915393704042578
4 122618699 0.727882371978863
4 122634749 0.7451
4 122646772 2
4 122678166 2
4 122687542 2
4 122698268 2
4 122698343 2
4 122699043 2
4 122702738 2
4 122716618 0.0078
4 122716644 8e-04
4 122725285 0.66
4 122726755 0.66
4 122757134 0.6244
4 122812411 0.0263
4 122864959 2
4 122867340 2
4 122876768 2
4 122888804 2
4 122899110 0.0332
4 122916390 2
4 122916793 0.0276
4 122944709 0.0505
4 122952379 2
4 122979853 0.0276
4 122982944 0.0505
4 122984812 2
4 122985062 0.0505
4 122985166 0.0505
4 123006599 0.0505
4 123015186 0.4137
4 123016128 2e-04
4 123017626 0.0505
4 123037396 0.0505
4 123041553 2
4 123051346 0.0505
4 123069541 2
4 123081711 0.0505
4 123084078 2
4 123091852 2
4 123096066 2
4 123096501 2
4 123096898 2
4 123100336 2
4 123108124 2
4 123114341 2
4 123120248 2
4 123131654 2
4 123176062 0.0053
4 123176129 2
4 123176477 2
4 123195412 2
4 123196407 2
4 123198679 0.0681
4 123203555 2
4 123205442 2
4 123206426 2
4 123213268 2
4 123231020 2
4 123232509 2
4 123237609 2
4 123243059 2
4 123253651 2
4 123254257 2
4 123290389 0.0994
4 123297495 0.0994
4 123320770 0.111
4 123321929 0.111
4 123323044 0.1175
4 123324233 0.111
4 123335680 0.0503
4 123357985 0.198812777713583
4 123366274 2
4 123381232 2.0475
4 123405380 1.50053720161835
4 123416367 2
4 123426915 0.9217
4 123437891 2
4 123438454 0.0551
4 123455600 2
4 123458281 1.3545
4 123458404 0.7886
4 123476477 0.1007
4 123488443 0.2023
4 123489825 0.2023
4 123490150 0.2023
4 123507922 0.331343804066917
4 123508513 0.0144756131517265
4 123521428 0.0894
4 123523468 3.5984
4 123540164 2
4 123549516 2
4 123556162 2
4 123557686 2
4 123561042 0.1121
4 123561902 2
4 123562941 2
4 123564113 2
4 123631006 0.567953230466132
4 123635279 1.6004
4 123639686 0.576090247070044
4 123642294 1.94389130268297
4 123648881 1.1542
4 123662012 1.1542
4 123682958 1.8782
4 123685494 0.4631
4 123687466 0.4631
4 123698256 0.0403
4 123699300 1.4578284637632
4 123703231 0.4631
4 123707506 2
4 123708981 0.889723413099386
4 123713062 2
4 123717778 2
4 123723965 0.0698
4 123727470 2.0685
4 123733108 2
4 123736629 2
4 123738623 2
4 123761446 2
4 123766476 0.0072
4 123780472 2
4 123786317 0.00984655120694579
4 123803127 2
4 123809947 0.400910150363392
4 123814880 0.607133388683821
4 123837618 1.1738
4 123842310 0.2472
4 123852047 1.1738
4 123863615 0.985918459525911
4 123894411 0.79489779813507
4 123903815 1.6546
4 123918056 2
4 123953211 2
4 123963205 0
4 123970153 2
4 123971725 1.6546
4 123984594 2
4 123989706 2
4 124005838 2
4 124007483 2
4 124012218 2
4 124015313 2
4 124016219 2
4 124017659 2
4 124026382 0
4 124030406 2
4 124049084 1.6337
4 124054028 2
4 124054321 2
4 124059112 1.0961
4 124118741 0.157203491367405
4 124129211 0.497261778834657
4 124150867 1.0961
4 124195043 0.306109735588339
4 124209285 1.11194440593549
4 124225892 0.845744557354227
4 124246934 1.4231
4 124252972 1.9021
4 124275521 1.9021
4 124281926 0.368240858999795
4 124284525 2
4 124290385 1.9021
4 124295631 1.8408
4 124296261 0
4 124296916 1.8408
4 124299339 0.620869232608113
4 124299553 1.2477
4 124306287 1.8408
4 124311466 1.0961
4 124327334 2
4 124327423 1.2304
4 124335516 1.75681130381454
4 124340126 1.8862
4 124358258 1.8862
4 124359030 1.9345
4 124363396 1.8862
4 124368877 1.9345
4 124376378 0.0107
4 124388648 1.0861
4 124390847 2.6381
4 124412903 0.0107
4 124417059 0.0011
4 124433403 1.0173
4 124448723 0.869679367638769
4 124451041 0.8826
4 124459134 0.5386
4 124477414 1.1606
4 124494767 0.7332
4 124497381 2.71686129059366
4 124511199 2.18284422461456
4 124511686 3.5954
4 124516832 0.0638
4 124522167 1.28
4 124524796 0.0158
4 124525625 0.082
4 124536507 0.3617
4 124565417 1.184
4 124582254 0.5783
4 124587905 0.7442
4 124618107 0.0208596482714401
4 124622420 1.2094
4 124647696 0.7296
4 124726890 1.7421
4 124730290 1.16806055988342
4 124737340 0.7506
4 124773680 0.329494737136661
4 124777414 0.959426582286128
4 124782984 0.24048318246023
4 124784823 0.413282046564639
4 124793207 1.87364616863789
4 124804199 2
4 124821676 5e-04
4 124825065 0.375127652470405
4 124840345 2
4 124850385 2
4 124857107 0.783293096973853
4 124870798 4e-04
4 124870809 0
4 124882088 2
4 124883182 0.169325938847804
4 124896184 2
4 124906169 2
4 124913017 2
4 124915763 2
4 124921187 2
4 124927282 0.301110860735137
4 124938272 2
4 124939391 2
4 124943941 0.086312473167363
4 124950883 2
4 124952539 2
4 124955272 2
4 124971686 0.510564662100803
4 124976458 2.3349
4 124987103 0.0078
4 125008072 0.774
4 125012572 2
4 125023914 2.4074
4 125054947 2
4 125060696 0.0162
4 125060848 2
4 125062267 2
4 125062271 1.2471
4 125065385 2
4 125126410 0.0331792343385997
4 125134552 0.1511
4 125158002 2
4 125184268 0.659698264750743
4 125184351 0.791698369264455
4 125186677 0.635709930829135
4 125189836 0.5023
4 125202264 0.1686
4 125202295 0.1686
4 125208784 0.5817
4 125213516 0.317943337464874
4 125219932 0.920171964532247
4 125239006 0.5129
4 125241947 0.2792
4 125247788 2
4 125256344 2
4 125259411 2
4 125261652 2
4 125264184 2
4 125266516 1.6796
4 125269989 2
4 125276703 1.004
4 125282072 2
4 125282480 2
4 125293492 0.55785085891814
4 125294013 1.40017501532697
4 125309853 3.09601446721938
4 125310436 0.66144904483693
4 125312899 0.807333460802904
4 125320716 0.624448143152299
4 125328063 2
4 125329670 2
4 125358148 2
4 125396373 0
4 125400838 0
4 125415835 0
4 125438210 0.834769077605647
4 125454787 0.3594
4 125467892 1.24378649580749
4 125472717 0.302519872012611
4 125477669 1.43594221032816
4 125482653 2
4 125487825 0.5791
4 125488070 2.43394732565506
4 125489155 0.268640035644083
4 125496479 0.2209
4 125537913 2
4 125553620 2
4 125567538 2
4 125571854 2
4 125573782 2
4 125600847 0.0146222715349112
4 125612407 2
4 125622585 2
4 125624434 2.06085467444725
4 125626550 1.5377
4 125640176 2
4 125656786 2.7977
4 125669574 2
4 125715770 0.304541775989659
4 125722954 0.492740697771782
4 125786101 0.225892718215331
4 125788002 3.1259
4 125792965 0.0283455177453055
4 125810498 1.0134
4 125810770 0.995720011568953
4 125813156 2
4 125816550 1.09711209621042
4 125820803 2.02113241081459
4 125821771 2
4 125835260 1e-04
4 125843127 2
4 125849544 0.0826290854291729
4 125854271 1.4072
4 125855068 1.7024053175938
4 125861781 0.3802
4 125864671 0
4 125866072 1.4072
4 125867770 0.794665478896231
4 125867898 0
4 125879474 0.3802
4 125887530 2
4 125915601 1.4312
4 125916168 0.9239
4 125938393 2
4 125974560 0.5854
4 125978638 2
4 125978908 2.23141736295998
4 125978971 1.3389
4 125982674 2
4 125987346 1.5467
4 125993650 0.3553
4 125994093 0.95481940196396
4 125995294 3.3016
4 125998188 0.3553
4 126003613 1.2776096421332
4 126011846 1.1729
4 126012945 2
4 126021330 2
4 126031023 2
4 126049129 1.1313
4 126060652 0.2061
4 126061692 0.2061
4 126068477 2
4 126083392 2e-04
4 126093688 1.0924
4 126100953 5e-04
4 126101122 5e-04
4 126101133 1.4029
4 126101193 0
4 126101416 1e-04
4 126127976 0.7381
4 126132783 2
4 126134227 0.94
4 126139572 0.7632
4 126141546 0.7632
4 126143515 0.9061
4 126150242 1.22014423419525
4 126154587 0
4 126159703 2.784
4 126164158 0.6989
4 126168828 0.4383
4 126231357 0.0078
4 126234187 0.0751865511109941
4 126238596 0.5059
4 126244022 0.379324989824212
4 126248501 2.1127
4 126254491 1.21572429329991
4 126254787 0.449603097227597
4 126288847 1.3208
4 126293931 2
4 126303332 1.01252579094335
4 126316395 2
4 126327280 2
4 126339129 2
4 126339858 2
4 126343467 0.8628
4 126344756 0.728274217098461
4 126346627 1.46555830376366
4 126374298 1.2233
4 126376847 0.567169357130774
4 126378169 0.8245
4 126387014 1.57238490592162
4 126410108 0.40823214720668
4 126424806 0.5522
4 126425061 1.1282
4 126426389 0.6859
4 126430496 5e-04
4 126432918 0.1063
4 126434229 3e-04
4 126437484 0.2301
4 126452984 0.344028908842484
4 126453236 1.3966
4 126458018 1.26173086901686
4 126461434 0.116244273323153
4 126463714 1.29949853848439
4 126469221 1.28036355544021
4 126471694 0.298652851809175
4 126476881 0.0494232929371023
4 126485290 0.75456863694741
4 126485756 0.226214352076787
4 126489797 0.7292
4 126490580 0.7319
4 126493097 0.0441
4 126499399 0.0263
4 126524598 0.0712
4 126542947 2
4 126545118 2
4 126556705 2
4 126557506 2
4 126570941 1.5514
4 126572185 2
4 126608600 1.5424
4 126618003 2
4 126628039 2
4 126630361 2
4 126634950 2
4 126636367 2
4 126639434 5e-04
4 126646651 2
4 126653513 0.9893
4 126656551 1.0559
4 126658974 2
4 126661729 0.8492
4 126669839 2
4 126673479 2
4 126736287 2
4 126740697 2
4 126756945 0.8256
4 126770676 2
4 126789187 0.1126
4 126824286 0.684979564847729
4 126827212 2
4 126836182 2
4 126841043 2.85316437487367
4 126841563 2
4 126848420 2
4 126851657 1.11796851172025
4 126852704 0.126
4 126857692 2
4 126862197 0.495661829066114
4 126865139 2
4 126866416 2.59711372627201
4 126869662 0.7384
4 126870381 1.39138654478618
4 126886300 0.63996413704658
4 126888038 0.7062
4 126892063 0.537264746514693
4 126893715 0.7062
4 126897448 0.12480080336233
4 126909892 5e-04
4 126910140 2
4 126910687 2
4 126926538 2
4 126927791 2
4 126936576 2
4 126940319 0.7384
4 126961251 0.139915892099528
4 126970707 2
4 126971255 0.848151009195555
4 126975232 0.253157816900294
4 126988711 2
4 126988873 1.34528600393133
4 127005819 2
4 127014061 1.2081890049415
4 127019164 0.356912429564734
4 127021060 1.77222698096857
4 127022231 1.76755818016484
4 127022288 0.63378423376052
4 127027471 1.80433055228153
4 127053326 0.85247481219426
4 127057759 1.42562653397776
4 127058034 2.2805
4 127058633 1.16397438964499
4 127062635 2e-04
4 127062667 1.45462991402663
4 127071202 1.59232352596923
4 127074321 2
4 127102214 2
4 127123733 0.0501
4 127133223 0.388731292012681
4 127156728 2
4 127159932 2
4 127168937 2
4 127192269 2
4 127197996 0.3542
4 127202001 0.3542
4 127207711 2
4 127222405 2
4 127223931 0.3542
4 127249068 2
4 127287429 0.3542
4 127352456 2
4 127363808 2
4 127433535 0.212005327581632
4 127457408 1.6109
4 127470436 1.2341634347419
4 127470469 1.3215
4 127477975 0.455675539355725
4 127553894 2
4 127560047 0.446546650799518
4 127605755 1.18760525126259
4 127610880 1.23735153742473
4 127622587 0.707534403690948
4 127636305 0.273353484897715
4 127648749 0.765246087645022
4 127669847 2.73548380000762
4 127731072 0.0577916293002754
4 127735896 5e-04
4 127741523 0.783286060993949
4 127751321 0.228361625915365
4 127776364 0.0626204319157864
4 127789050 1.17554602462172
4 127912442 1.60218646324892
4 127983412 1.9181
4 128034065 2
4 128073617 0.291
4 128081808 0.225668608976551
4 128083507 1.5397
4 128083827 0.103508920781142
4 128094617 0.206559868610318
4 128104695 1.0921484819391
4 128105071 0.0383677739466719
4 128113032 0.435126782688781
4 128113309 0.851695745261425
4 128113896 0.0958146674583769
4 128125699 1.5757
4 128128687 0.0745271537409972
4 128139878 1.22491132003786
4 128149425 1.45190394659576
4 128186945 0.592534969945895
4 128211774 0.635263470632549
4 128243599 2.31942430558221
4 128251968 1.81474331864125
4 128256468 2.20230723227287
4 128258303 0.626512518554718
4 128267512 0.396957071075402
4 128268187 0.252305731411428
4 128294685 0.629894823773355
4 128326240 2
4 128326385 2
4 128356381 2
4 128396183 2.0836
4 128431174 2
4 128449363 2
4 128470379 0.9127
4 128507110 1.6715
4 128515314 2
4 128547045 2
4 128560258 2
4 128563680 0.338142788667616
4 128585847 0.3052
4 128586757 0.0576
4 128589290 2.5127
4 128589304 0.641119424875692
4 128604619 2
4 128612072 2
4 128621504 2.5742
4 128624955 0
4 128626125 2.4244
4 128640879 0.333144300622428
4 128644012 1.49407638679962
4 128644687 0.811090559162152
4 128645451 0.868
4 128648083 0
4 128656417 0.37545579878575
4 128691574 0.184950322255093
4 128726886 2
4 128740501 2
4 128742709 2
4 128744907 2
4 128753869 0.824405582538105
4 128754516 2
4 128761571 0.539848106846899
4 128763314 0.9329
4 128767247 2
4 128772582 2
4 128774291 0.1017
4 128781536 2
4 128783802 0
4 128788364 2
4 128817299 2
4 128822550 0.0263
4 128824270 0.182327532655939
4 128854947 2.3299
4 128876449 0.7248
4 128892782 0.626856244183831
4 128896204 2
4 128900098 2
4 128901412 2
4 128903076 2
4 128905809 2
4 128914137 2
4 128917297 2
4 128917302 2
4 128928827 2
4 128981101 0.300861489084462
4 129023785 2
4 129035847 0.885743011230165
4 129047756 1.4777
4 129051034 1.54006085920437
4 129055323 2
4 129071182 2
4 129089867 0.729991397223301
4 129095038 0.626235608951532
4 129095066 0.103032296087073
4 129096764 2
4 129106958 1.20065051299845
4 129109497 2
4 129115829 5e-04
4 129120546 2
4 129123042 1.56825170201858
4 129127676 0.0263
4 129128002 0.783514629989814
4 129131521 0.0788202587382098
4 129136652 0.537486806229737
4 129141623 1.68234171225647
4 129155949 1.41470214798616
4 129167285 0.1191
4 129172123 1.03
4 129187123 0.4189
4 129221942 5e-04
4 129234731 0.341387803502578
4 129240057 2
4 129252347 1.24996347265425
4 129257413 0.311514994657961
4 129265178 0.6016
4 129274834 5e-04
4 129275866 0.802221466233663
4 129278974 0.165486085230508
4 129281053 0.0611
4 129285356 1.75841395353828
4 129288025 1.32265977726346
4 129289718 2.4916
4 129293461 0.994056940832775
4 129304360 0.212084746306138
4 129314011 0.1017
4 129320779 0.254668597566764
4 129320986 0.4764
4 129327025 0.5676
4 129327285 2
4 129331922 2
4 129335774 2
4 129338590 1.41011870714386
4 129372303 2
4 129382064 2
4 129393402 2
4 129396127 2
4 129407556 1.4043
4 129426865 2
4 129437597 2
4 129441048 5e-04
4 129453732 0.289108432134206
4 129464381 5e-04
4 129478653 0.535983000838764
4 129482594 0.884832081836966
4 129493501 0.3394
4 129494837 0.3394
4 129497800 1.1589
4 129513976 0.9806
4 129517339 1.1589
4 129532002 0.0736
4 129541317 0.05
4 129558675 0.720442769694813
4 129574938 1e-04
4 129576633 0.1996
4 129594017 1.04023973046833
4 129617904 0.784785474417517
4 129647116 3.7252
4 129647522 2
4 129654122 0.484380268925465
4 129666076 2
4 129670730 0.3308
4 129680641 2
4 129685372 2
4 129695027 0.03350777588737
4 129696901 0.137129474409746
4 129713586 0.0078
4 129718110 2
4 129724126 0.1174
4 129724802 2
4 129737829 1.03243882885892
4 129744888 0.00997105197915716
4 129748493 2
4 129760937 0.6971
4 129778974 1.39413321212579
4 129779429 2
4 129782644 0.2148
4 129792830 0.0681
4 129819249 2
4 129846404 1.61120082640397
4 129858751 2
4 129867534 2
4 129873375 2
4 129875770 0.360109559419123
4 129893232 2.1127
4 129896614 2
4 129901451 2
4 129911692 2
4 129928376 2
4 129934562 2
4 129946623 2
4 129958544 2
4 129959620 2
4 130001004 2
4 130001682 2
4 130011119 2e-04
4 130012014 0.0078
4 130020868 1.42576273724072
4 130037776 0.197059515681548
4 130039190 1.8307751541968
4 130062980 1.36477163525023
4 130082531 0.991681488801659
4 130091779 1.39404130591783
4 130099929 0.627538067128431
4 130106002 0.107333329999689
4 130125756 0.183504823183086
4 130133241 0.148553389423911
4 130133569 0.523009995450538
4 130137486 2.23243337983043
4 130192298 0.5559
4 130193244 1.4379
4 130193302 2
4 130200098 1.4162
4 130202375 2
4 130202499 0.825012370288518
4 130206852 2
4 130207029 0
4 130207613 2
4 130210261 0.787676887092118
4 130218185 2
4 130222910 0.4755
4 130237742 0.4533
4 130241901 2
4 130250167 0.4986
4 130250920 0.4533
4 130261495 1.6758
4 130288732 0.5227
4 130320916 2
4 130327248 2
4 130331972 2.5383
4 130341164 0.0742
4 130348615 2
4 130373221 1.435
4 130378947 0.736440060428798
4 130383046 0.419261765935683
4 130384070 0.576853830435564
4 130389756 0.555226401642744
4 130393791 1.0797
4 130395188 0.749757874829335
4 130397223 1.01164626310636
4 130399088 1.33689434847845
4 130399782 1.0797
4 130402855 0.342261899984638
4 130404057 0.600440694627844
4 130406696 1.53360494757777
4 130406840 0.77664463687756
4 130410300 0.60081121881981
4 130410317 0.107693978523158
4 130414483 0.133437564699522
4 130417008 0.437230737130617
4 130418753 1.19141265866277
4 130420645 0.487561497818721
4 130422201 1.33934931559726
4 130423934 0.705312433563911
4 130463051 0.198416161454363
4 130479211 0.280395218878726
4 130484695 1e-04
4 130484726 1e-04
4 130495304 1.4151
4 130519987 1.3772
4 130529281 0.453728809357088
4 130540100 0.0178489295013715
4 130540817 0.0255
4 130541665 0.13412607718801
4 130552376 0.175832155880513
4 130554894 2.1363
4 130567404 1.17166489123748
4 130571135 0.0619539143615283
4 130574803 1.28157234905476
4 130583050 0.305513217394374
4 130583251 0.8233
4 130584586 0.322098686334518
4 130605741 1.5406757687993
4 130610205 1.34537877618444
4 130610353 0.388496854402663
4 130611965 2.27580917193998
4 130612426 0.817632494982488
4 130618268 0.4252
4 130629139 1.29892143196572
4 130645698 0.374471263262001
4 130663767 2
4 130669329 0.212319708757974
4 130671890 1.0921
4 130673769 1.131
4 130674859 1.131
4 130677436 2
4 130677516 1.131
4 130678025 1.131
4 130681234 0.784825330053743
4 130692100 1.5227
4 130699328 0.0676454228837476
4 130703612 0.1772
4 130709311 0.1772
4 130724419 0.1976
4 130728354 0.8326
4 130742058 2
4 130764664 0.4045
4 130771351 1.50399792643159
4 130776040 0.142854082117292
4 130793853 0.42230919696709
4 130794585 0.387366096595539
4 130801330 0.7551
4 130802471 0.65118063719908
4 130802636 0.7551
4 130805506 0.1537
4 130833719 1.0627
4 130861046 0.0444
4 130868938 0.0078
4 130873204 2
4 130880469 2
4 130883948 2
4 130891333 2.50893040093022
4 130904325 0.8304
4 130908849 0.8304
4 130923978 1.61300870963735
4 130924566 2
4 130926839 2
4 130927811 2
4 130928913 2
4 130928936 2
4 130937210 2
4 130948095 2
4 130968877 0.7453
4 130984419 1.69793372945631
4 131012668 2
4 131042435 1.247
4 131065096 0.321609255238849
4 131068312 0.453351583235888
4 131074105 0.275335721197888
4 131076935 0.111271255305009
4 131087323 2
4 131097112 1.247
4 131108972 2
4 131111355 2
4 131115289 0.420280195099877
4 131121522 2
4 131121996 0.842635201822912
4 131127549 1.299
4 131128510 1.299
4 131131242 0.730534801605298
4 131133073 0.61468299307557
4 131146302 2
4 131153356 2
4 131156653 1.1117
4 131157120 2
4 131166356 2
4 131169897 2.6932110842278
4 131172794 2
4 131174124 2
4 131174822 2
4 131181258 2
4 131185305 2
4 131191974 0
4 131197076 0.0263
4 131225688 2
4 131240716 0.875583207271167
4 131250511 1.0414
4 131267826 2
4 131270704 1.9096
4 131273352 2
4 131288939 1.9096
4 131306235 1.8589
4 131316478 1.8589
4 131317782 5e-04
4 131324914 1.8589
4 131334033 2
4 131340471 2
4 131345059 2
4 131345515 1.8589
4 131352601 0.464303663985164
4 131352878 0.3807
4 131353104 2
4 131354961 0.28439009437509
4 131355747 0.912496207795444
4 131357464 1.843
4 131358304 2
4 131359777 1.8589
4 131377979 0.232343708544178
4 131378528 1.8589
4 131387520 1.8589
4 131389159 0.866
4 131392446 0.3303
4 131394192 0.03
4 131396169 1.8753
4 131398512 1.8753
4 131453581 0.3529
4 131458494 0.4054
4 131470485 0.2735
4 131505375 0.84168548592917
4 131509864 1.5246
4 131513944 2
4 131514178 0.2509591593824
4 131519103 0.895844975127279
4 131535183 0.0319598895760686
4 131540760 0.325474575713766
4 131547917 0.212579559936198
4 131575510 2
4 131592002 1.9087
4 131594237 2
4 131605778 2
4 131606556 2
4 131607041 0.118
4 131607172 2
4 131622636 0.118
4 131625686 2
4 131639799 0.118
4 131639958 2
4 131649615 1.4737
4 131652727 0.6498
4 131653897 2
4 131668405 0.324011805508815
4 131671523 2
4 131674794 2
4 131702567 0.72107089668386
4 131708649 0.353325708020258
4 131713805 2
4 131716432 0
4 131719758 2
4 131722256 2
4 131729089 0.288227820328386
4 131779486 1.96486623984835
4 131779629 0.903506237752742
4 131786620 2
4 131805462 0.325037016762528
4 131818570 0.48162159883702
4 131838329 0.109791946036469
4 131843447 0.0722026269148233
4 131851260 0.181619125374844
4 131881547 1.05647857432881
4 131883950 2
4 131885265 0.325150959180368
4 131916318 0.329238906541251
4 131929539 5e-04
4 131966239 0.8573
4 131995176 2
4 131996886 2
4 132005291 1.0879
4 132014183 2
4 132030101 2.4733
4 132046965 0.967995087580214
4 132053794 1.5612411232579
4 132073481 1.02398279150546
4 132082702 0.833046319490685
4 132108854 0.335337302522779
4 132163118 0.2823
4 132176744 0.516245471213078
4 132192613 0.2517
4 132193725 0.2517
4 132193898 0.2517
4 132199723 1.33048087243625
4 132205497 1.06754753428657
4 132205543 0.699283380805466
4 132227346 0.422944223732609
4 132241826 0.2517
4 132255195 0.0748611882028592
4 132260032 2
4 132261641 0.0373
4 132263188 0.0225148811868106
4 132263506 1.03365286343647
4 132265836 0.2517
4 132278487 2
4 132287053 0.0383
4 132293669 2
4 132299122 0.0383
4 132299682 0.57
4 132331833 0.0326
4 132342412 2
4 132347206 2
4 132357758 2
4 132363504 2
4 132371502 2
4 132379498 2
4 132393378 0.0273
4 132415439 2.5127
4 132433338 0.0326
4 132433532 0.0326
4 132447206 0.0326
4 132462294 1.7423
4 132477963 2
4 132480055 2
4 132485874 2
4 132492393 2
4 132525692 2
4 132528418 2
4 132531874 2
4 132537462 2
4 132538422 2
4 132543714 1.37094142102148
4 132546195 3.33508244069693
4 132553653 0.449236249886197
4 132567295 2.2739
4 132571093 0.738088013112965
4 132571162 0.827778046839432
4 132608057 0.995661706527837
4 132616027 0.1789
4 132619769 0.0681945837128456
4 132621271 2.43424050376033
4 132625521 0.306849183606709
4 132626469 0.192
4 132627008 0.868851171053772
4 132628269 0.5224
4 132637139 0.5363
4 132646326 2
4 132682315 0.266521221266108
4 132700507 0.815335215220864
4 132703149 0.628301716472082
4 132706466 0.396271917535404
4 132718189 1.0253
4 132729082 0.4825
4 132746409 2.2356
4 132749423 0.5398
4 132751524 0.4695
4 132776773 1.3966
4 132793764 1.6672
4 132829546 1.591
4 132829826 1.2664
4 132833905 2
4 132842686 0.3795
4 132844011 0.4905
4 132845000 1.2664
4 132849231 2
4 132858481 0.1018
4 132865148 0.3692
4 132865852 0.3692
4 132870646 0.0187914888477867
4 132872140 0.670694380931207
4 132873225 0.658009306646532
4 132873343 0.64518383079242
4 132875118 0.471427010506796
4 132875854 1.15855026748082
4 132884877 0.0881993309081435
4 132886533 0.175676194225327
4 132889575 1.35424753026533
4 132892532 0.908369350235786
4 132894588 0.453587041500653
4 132906508 0.949486866200984
4 132907740 2.0682
4 132908024 5e-04
4 132911603 2.0274
4 132912215 1.95426760986275
4 132915506 1.04549664137695
4 132926527 0.0713386053238584
4 132926737 1.54163428427747
4 132926796 0.321026574169486
4 132929612 1.70248962134847
4 132931691 0.0988804980262101
4 132932258 0.801874248184952
4 132936129 2
4 132950478 0.8079
4 132975997 1.9333
4 132979743 2
4 132981046 2
4 133005817 5e-04
4 133017254 0.258353979424685
4 133029115 0.361941985706229
4 133032278 0.550609617580745
4 133085792 3.1148
4 133091032 1.46658853424446
4 133094584 2.0682
4 133119472 0.1706
4 133131203 0.1382
4 133165301 0.829336037976572
4 133183206 1.1042
4 133191447 2
4 133199761 2.7123
4 133201829 2
4 133202934 2
4 133208417 0.0273
4 133219461 0.0273
4 133222634 5e-04
4 133223286 0.0273
4 133228372 2
4 133231046 0.0273
4 133235355 2.0682
4 133276313 2
4 133278307 2
4 133282580 2
4 133310250 2
4 133318942 2
4 133335426 2
4 133344190 2
4 133344818 1.9017
4 133367212 2
4 133370732 2
4 133399037 0.823
4 133400827 2
4 133407534 2
4 133456055 2
4 133459149 2
4 133461563 2
4 133465018 2
4 133468330 2
4 133489640 0.6176
4 133496279 5e-04
4 133521134 0.838828079372851
4 133526168 2
4 133532003 2
4 133542038 0.026200830961288
4 133544235 0.1785
4 133544669 1.20769369954604
4 133545087 0.1785
4 133547346 0.1785
4 133552163 0.00118203246315581
4 133563992 2.31439686823324
4 133564280 0.508445228845211
4 133566777 0.8727
4 133574039 0.1785
4 133598540 0.5525
4 133605265 0.537
4 133605803 0.5521
4 133608773 0.5521
4 133610007 0.575721736551781
4 133612481 0.5521
4 133613023 0.5521
4 133613175 0.7802
4 133613751 0.5521
4 133614016 0.5679
4 133618150 0.5679
4 133624728 1.29892078093764
4 133645776 0.986889866093892
4 133651129 0.5366
4 133657863 0.4921
4 133658140 0.4921
4 133673709 2
4 133679836 0.5065
4 133683468 0.5065
4 133686142 0.4921
4 133698429 0.2089
4 133700380 2
4 133703295 1.5078
4 133719665 2
4 133725671 0.603360429204043
4 133733022 2
4 133740784 2
4 133744734 2
4 133748925 0.846633729882892
4 133774662 2
4 133782831 0.0056111711536252
4 133784951 0.7904
4 133785805 0.402442289412367
4 133785928 2
4 133809684 0.7105
4 133812953 0.7314
4 133831140 2
4 133846659 2
4 133856531 2
4 133861762 2
4 133872585 2
4 133873290 2
4 133875851 2
4 133876968 2
4 133906087 1.37509805816417
4 133913227 2
4 133921403 0.7532
4 133928548 2.23737761520552
4 133938882 0.7997
4 133948379 2
4 133964975 1.32466181014528
4 133980145 1.89850364553288
4 133985765 0.8245
4 134011730 2
4 134023398 0.7997
4 134027258 2
4 134031055 0.9402
4 134041714 2
4 134073497 2
4 134099607 0.7314
4 134111722 0.7314
4 134126633 1.1663490564824
4 134144252 0.32376206372303
4 134155811 0.7314
4 134198537 1.11379552551671
4 134199509 0.480608624370504
4 134199622 0.5952
4 134205157 0.7105
4 134211664 0.433799271442058
4 134213768 5e-04
4 134216022 1.23624868420692
4 134220292 0.0120262778037656
4 134220733 0.6167
4 134224544 0.151869848298751
4 134230856 0.6167
4 134238104 0.3726
4 134245328 1.22434081778909
4 134247407 1.45261720255079
4 134252175 2.0617
4 134254971 1.639
4 134257685 2
4 134303884 0.9067
4 134304947 0.3836
4 134313339 0.4205
4 134314265 0.910796961010204
4 134350407 2
4 134362027 0.0263
4 134366802 2
4 134378096 2
4 134379598 2
4 134385953 2
4 134412041 1.97764670515157
4 134412541 0.441976583549538
4 134429414 0.215838823879724
4 134432286 2.637
4 134446642 0.7248
4 134456474 0.635922744647946
4 134466473 0.8779
4 134469050 1.04849594766504
4 134493798 0.245886015101469
4 134506574 2
4 134510425 2
4 134524503 2.35880000640704
4 134528697 0.191593061545245
4 134533820 2
4 134561404 2
4 134565510 2
4 134570419 2
4 134576034 2
4 134576172 2
4 134603152 2
4 134625184 0.0329
4 134626670 0.0911350114064503
4 134642646 1.5746
4 134645004 1.54210139837236
4 134645052 0.945
4 134645173 0.936754613063833
4 134646755 0
4 134658598 2
4 134666819 2
4 134682582 0.875495658117096
4 134745894 0.437649968657085
4 134745960 1.74526179835954
4 134749063 1.0406529714856
4 134749626 0.9446
4 134751168 0.761594656904403
4 134752016 1.84897643911917
4 134752398 0.00968879207487701
4 134754084 0.700562441588026
4 134761149 0.577326205030814
4 134804869 0.0377667507060865
4 134817860 2
4 134842473 0.0449034517824911
4 134855111 0.000359215926040827
4 134856582 1.11189663328361
4 134857989 0.649977825169398
4 134867593 0.946145877834583
4 134886350 1.7874
4 134888632 0.0535016516148988
4 134911582 2
4 134912040 1.5545
4 134913282 2
4 134916232 2
4 134929236 2
4 134940443 2
4 134940756 1.6394
4 134945804 2
4 134953593 2
4 134954651 5e-04
4 134954771 1.6394
4 134959596 2
4 134960641 1.5545
4 134966311 2
4 134967174 2
4 134968305 2
4 134979607 2
4 134989913 2
4 134999890 0.349243242320963
4 135002090 2
4 135004681 2.76196877901321
4 135005325 0.0158
4 135018052 1.8823
4 135018723 0
4 135022779 0.1216
4 135025963 0.0627125732938536
4 135045888 2.7884
4 135053363 0.7123
4 135055636 0.0263
4 135055832 2
4 135065386 0.556731325071208
4 135076240 0.999633390087048
4 135083524 2
4 135085454 1.46269616778093
4 135089609 2
4 135091278 2
4 135092757 2
4 135093017 1.06429098120207
4 135094518 0.475017800271995
4 135105756 0.28751275122759
4 135136794 2
4 135137591 0.7519
4 135147541 0.2495
4 135169051 0.2396
4 135172596 2
4 135181858 0.2396
4 135184561 2
4 135194928 1.05416106407876
4 135206641 0.921485209766955
4 135216529 1.34357719820967
4 135220553 2
4 135229379 1.88107775002856
4 135234339 2
4 135240121 0.850859608494173
4 135246522 0.2786
4 135266209 2
4 135269225 2.6392
4 135279476 2
4 135287798 0.705061840113115
4 135292972 2
4 135325718 2
4 135364919 0.2516
4 135365196 2
4 135366311 1.214
4 135367613 2
4 135392071 2
4 135424801 0.8583
4 135471040 0.8583
4 135501050 2
4 135561750 1.35896458713613
4 135564921 0.354920964494001
4 135581466 0.8323
4 135582274 0.8323
4 135587549 0.8323
4 135593750 0.8323
4 135599951 0.8323
4 135606294 0
4 135611580 2
4 135611593 0.881721218134592
4 135625421 0
4 135627113 1.2649
4 135633508 2
4 135637107 0.3286
4 135652583 2
4 135663593 2
4 135670343 2
4 135674349 0.418071697456896
4 135679238 2
4 135679354 2
4 135695991 1.9331
4 135698474 2
4 135704368 2
4 135705608 2
4 135715201 0.415350804640411
4 135721005 2
4 135723091 2
4 135727956 1.67718891763277
4 135729220 2
4 135739202 2
4 135750879 2
4 135755075 0.154021870230119
4 135755135 0.837807729369146
4 135755414 1.22656885109321
4 135756601 0.211279571647831
4 135759966 0.230986602216835
4 135772694 2.00328514434266
4 135776545 0.600817158842128
4 135780975 2
4 135801803 0.0873955142587089
4 135810152 0.068388065191562
4 135815624 0
4 135833212 0.85930936002499
4 135835696 5e-04
4 135848068 5e-04
4 135861053 2
4 135870672 2
4 135919392 0.004
4 135921654 1.19178137079912
4 135923894 1.20985486031593
4 135936325 2
4 135966469 0.1571
4 135973038 0.549627010321217
4 135978397 0.004
4 135997137 2
4 136004016 2
4 136005088 2
4 136011079 0.0053
4 136011964 2
4 136014834 2
4 136043534 2
4 136048111 2
4 136049987 1.09395040682704
4 136062362 0.44536623956471
4 136064028 0.109332578113409
4 136076830 0.087362668301079
4 136089312 0
4 136089621 0.294268585742123
4 136089893 2
4 136114338 1.35937096786459
4 136136438 0.151538742830674
4 136169569 1.88196712198495
4 136225420 0.701318732512814
4 136238941 1.52448327852409
4 136248119 2.4244
4 136264454 1e-04
4 136265587 0.033
4 136268673 1.4205218640015
4 136275251 0.723533174271298
4 136282560 2
4 136287653 1.7505
4 136319371 0.0276
4 136326436 0.0276
4 136333940 5e-04
4 136362188 0.139769101937335
4 136365551 2
4 136377207 1.2751
4 136377535 2
4 136386960 2.3739
4 136395281 2
4 136423668 2
4 136423765 0.5621
4 136430391 2
4 136432237 0.1913
4 136432509 2
4 136438762 0.216642192997819
4 136440151 2
4 136446717 1.7556
4 136462967 2
4 136467991 1.7556
4 136474695 0.1702
4 136479233 1.8589
4 136485948 0.5884
4 136488388 0.6173
4 136492544 2.1804
4 136493776 0.6173
4 136501003 0.11281416566301
4 136502856 0.535
4 136516722 0.0505
4 136524015 0.0505
4 136527803 0.0505
4 136528632 0.0505
4 136569573 0.747388156478149
4 136610636 2
4 136613747 1.0563455426332
4 136632385 2
4 136649220 2
4 136661617 2
4 136662194 2
4 136664185 2
4 136666028 2
4 136666893 2
4 136667982 0.554439835981858
4 136668797 0.316
4 136676334 2
4 136687871 0.316
4 136688041 0.316
4 136696023 2
4 136708802 2
4 136713092 0.6316
4 136713655 0.6316
4 136725070 1.102
4 136732051 2
4 136732146 2
4 136744283 2
4 136745368 1.4003
4 136769258 1.7987
4 136771961 1.2637
4 136773274 1.2969
4 136776592 0.810032297419392
4 136780662 1.2969
4 136785108 0.8069
4 136790093 2
4 136796247 1.5967
4 136806804 0.3266
4 136808176 2
4 136808798 0.527036609461507
4 136816494 2
4 136817857 2
4 136824429 2
4 136829001 0.4385
4 136846612 0.0801
4 136847312 0.757233955301197
4 136847568 0.0801
4 136861064 2
4 136864092 2
4 136868675 2
4 136869712 0.3017
4 136882979 2
4 136906180 2
4 136914873 2
4 136927178 2
4 136965897 1.363
4 136969113 1.455
4 136982126 2.2412
4 136983830 0.3323
4 136984904 0.840224444270156
4 137018440 2
4 137019073 0.4073
4 137019129 0.4073
4 137030752 0.032
4 137032412 0.032
4 137036483 1.2257160519692
4 137041462 0.032
4 137042446 2
4 137042825 0.032
4 137049499 0.24922989492161
4 137064822 2
4 137079374 2
4 137094093 2
4 137095042 1.0055
4 137099667 3.0378
4 137116904 2
4 137143477 2
4 137158223 0.5866
4 137164742 1.0964
4 137164784 0
4 137168914 5e-04
4 137169094 0.4011
4 137204852 0.4354
4 137208390 0.0244
4 137222518 0.4305
4 137223025 0.0993625489261021
4 137223971 0.530764144663226
4 137225715 6e-04
4 137230329 1.42475796382897
4 137233410 0.4305
4 137233771 0.4305
4 137243030 0.6354
4 137243704 0.6354
4 137251049 2
4 137252903 2
4 137258812 2
4 137265492 1.9843
4 137268116 2
4 137270150 0.3959
4 137273622 0.3803
4 137285806 0.3803
4 137287730 0.3803
4 137288375 0.3803
4 137293757 2
4 137317597 0.4934
4 137329130 2
4 137330021 0.5833
4 137333895 0.7032
4 137355660 2
4 137355755 1.4699
4 137375169 0.1263
4 137385920 0.8776
4 137394179 0.8776
4 137406923 0.7929
4 137416595 0.6223
4 137419246 0.5704
4 137421863 1.27583130686374
4 137422019 0.6223
4 137426652 2
4 137439858 0.8066
4 137458884 0.318547705742355
4 137469114 2.0433
4 137470571 1.6394
4 137473497 1.56461696001618
4 137476030 1.628
4 137479437 1.628
4 137490328 2
4 137494385 0.1161
4 137499518 2
4 137506073 2
4 137508629 2
4 137544695 2
4 137555878 0.432606428748125
4 137556296 2
4 137572599 1.9208902945729
4 137575100 0.133149933933639
4 137575639 1.22933920193335
4 137580411 0.3802
4 137586585 0.371746934193931
4 137590248 1.4151
4 137595358 0.0541501222288526
4 137600162 0.756748134827286
4 137607607 1.4151
4 137623949 2
4 137625392 2
4 137634413 0.157547911267955
4 137636005 0.959401661501321
4 137637411 0.969150595197037
4 137642694 2
4 137642729 2
4 137674632 0.973606164554515
4 137702214 2.50947593834903
4 137713889 2
4 137714386 0.4345
4 137715956 2
4 137717636 2
4 137727314 2
4 137739500 2
4 137756870 0.4443
4 137757054 2
4 137769183 0.0844970791629821
4 137769969 2
4 137773520 2
4 137786474 0.787814184786518
4 137788710 0.995780370252363
4 137792544 0.515232509818252
4 137805450 1.41022156097829
4 137810488 2
4 137817206 0.1078
4 137817460 1.9305961241631
4 137819524 2
4 137825440 0.0681
4 137855641 1.7786
4 137862145 1.76630360355308
4 137866855 2
4 137872867 2
4 137881996 0.922918211679423
4 137886081 1.7496
4 137886525 1.7496
4 137887583 1.26892320661533
4 137890081 2
4 137890826 2
4 137895522 0
4 137896358 0.136141383142452
4 137897291 5e-04
4 137931440 0.4142
4 137942640 1.63228209635529
4 137966086 1.8199
4 137993213 2
4 137998050 1.8639
4 138022095 0.3806
4 138027759 2
4 138057254 2
4 138064796 1.6896
4 138069183 0.0444
4 138069187 2
4 138069513 0.0386
4 138072546 0.0386
4 138096136 1.945
4 138097430 1.945
4 138105194 2
4 138107908 2.4075
4 138122150 2
4 138155091 2
4 138169650 0.404817807397276
4 138184809 1.8942
4 138199290 0.292976557686538
4 138206184 1.8942
4 138207973 0.038247831958039
4 138214645 1.3431169031816
4 138219706 1.9791
4 138228415 1.3434
4 138235603 0.0107
4 138252654 0.1446
4 138322211 2
4 138331418 2
4 138331547 2
4 138347353 0.4554
4 138373449 2
4 138388559 0.3907
4 138388648 0.3907
4 138395863 0.9303
4 138405117 2
4 138409710 2
4 138416989 2
4 138417309 2
4 138431451 2
4 138448675 2
4 138450284 0.9951
4 138450349 2
4 138456305 2
4 138470728 0.005
4 138471709 1.0468
4 138473976 2
4 138475025 2
4 138478892 2
4 138491106 0.701530799506288
4 138502601 2
4 138506304 2
4 138515729 2
4 138518213 2
4 138519431 1.26428160680894
4 138528694 2
4 138532408 0.0053
4 138533386 0.878821983141196
4 138537051 0.578321346357109
4 138543347 2
4 138543576 0.2103
4 138553345 0.6785
4 138558596 2
4 138558718 2
4 138560088 2
4 138566181 1.2622
4 138567024 2
4 138567048 2
4 138569992 0.5686
4 138573567 0.3046
4 138591718 2.79248337160749
4 138595931 2
4 138597430 0.750262892062171
4 138603210 2
4 138605827 0.5646
4 138619683 2
4 138641953 1.5818
4 138648457 0.2729
4 138651826 2
4 138653301 0.2729
4 138690839 1.216
4 138705350 2
4 138720213 0.1491
4 138746171 2.2674
4 138752553 2
4 138770383 0.027194047006989
4 138802106 0.21615701887925
4 138805827 0.96274313804479
4 138818302 0.3151
4 138820749 0.550085331815453
4 138828920 2
4 138829479 1.5652
4 138846880 2
4 138853237 2
4 138869472 2
4 138871187 2.7751
4 138876026 2
4 138881094 2
4 138885018 2
4 138899380 1.56393889933008
4 138911023 2
4 138917331 1.0772
4 138927003 0.743453547882548
4 138928753 1.32681501288486
4 138929001 0.369049184902951
4 138929844 0.387547601153536
4 138930467 0.7929
4 138935574 0.0792
4 138940660 0.0792
4 138941142 1.0538
4 138971675 5e-04
4 139003223 0.4264
4 139018499 2
4 139034586 2
4 139081906 0.7314
4 139102898 1.26573599596275
4 139113854 2
4 139129063 0.6909
4 139134584 2
4 139135229 1.21823583261618
4 139178614 0.0481515361282187
4 139181066 2
4 139183907 0.178351256171597
4 139184254 1.5718
4 139188887 2
4 139192737 2
4 139196605 0.8693
4 139196843 2
4 139206956 0.8693
4 139208837 0.347690651227266
4 139228510 0.432935840092291
4 139247705 0.4427
4 139248938 2
4 139249518 0.4678
4 139249771 0.4454
4 139250667 0.4427
4 139253610 0.4427
4 139254200 0.4427
4 139254922 0.3689
4 139269860 1.6022
4 139277578 0.7158
4 139284774 0.7371
4 139287831 1.5919
4 139297187 0.7371
4 139300880 0.7371
4 139311650 2.309
4 139315075 5e-04
4 139318847 5e-04
4 139330613 0.7371
4 139335782 0.8584
4 139349076 1.1265
4 139359105 0.0897
4 139405317 0.7371
4 139406516 0.7158
4 139415902 0.897
4 139420033 2
4 139425385 0.7158
4 139433523 0.7158
4 139439243 2.5742
4 139439502 1.6453
4 139459902 0.3252
4 139463709 0.7158
4 139509427 0
4 139522311 1.56733586602238
4 139525983 2
4 139526407 0.4391
4 139540660 0.588
4 139552487 2
4 139590853 2
4 139596544 5e-04
4 139599495 0.1258
4 139604726 1.1667
4 139620541 0.5225
4 139621178 1.0158
4 139622439 0.8318
4 139623843 1.0944
4 139633676 0.5352
4 139663317 1.4453
4 139668996 0.360526906433132
4 139681229 1.2098
4 139681818 1.2098
4 139695308 1.7308
4 139695417 2.8716
4 139705180 1.0246
4 139721910 1.71857808048425
4 139732427 0.0148660339537436
4 139739238 0.673
4 139742149 0.0748788948267468
4 139745300 0.1354
4 139747298 1.5767
4 139756948 1.8458
4 139772195 1.9966
4 139808637 0.985777837014762
4 139822151 2.9807
4 139853530 2
4 139858751 2
4 139864926 2e-04
4 139867233 0.906437468206497
4 139869284 2
4 139880512 2
4 139888161 0.4262
4 139900070 5e-04
4 139902265 0.687180881562776
4 139915889 0.6118
4 139918015 2
4 139933786 5e-04
4 139971207 2
4 139975399 2
4 139987601 2
4 139988866 1.38549679329349
4 139995855 2
4 140004249 2
4 140011128 0.6629
4 140016528 0.486356967011518
4 140018861 0.278531060196314
4 140033057 2
4 140047826 1.12905560195976
4 140054516 2
4 140067865 2
4 140104114 2.26204807157427
4 140111393 0.194206648304645
4 140117433 0
4 140125884 2
4 140143412 2
4 140154741 1.6915
4 140161527 1.163
4 140162332 0.8196
4 140180730 0.650644059267593
4 140202634 0.674549057028742
4 140216636 0.23038105997142
4 140217972 1.4806029868994
4 140219693 0.534541619634305
4 140221114 0.322602332883734
4 140234788 0.317000622658809
4 140242735 5e-04
4 140320065 2
4 140343002 2
4 140364667 0.604871383914864
4 140366352 0.203770828678532
4 140393809 1.05534257901899
4 140455643 0.29084576352841
4 140463053 2
4 140463621 0.0141628654265409
4 140471121 2.0317
4 140480702 2
4 140482894 2
4 140492643 0.0078
4 140508570 2
4 140525356 2
4 140539597 2.0317
4 140541738 1.4117878726113
4 140549860 2
4 140573428 1.5817
4 140576746 2
4 140578251 2
4 140586720 2
4 140593681 2
4 140601103 2
4 140618380 0.6089
4 140639634 0.1895
4 140662738 2
4 140674693 5e-04
4 140683044 2
4 140689135 2
4 140696616 2
4 140702636 2
4 140714450 0.6948
4 140731668 2
4 140743038 2
4 140759295 0.6254
4 140763898 2
4 140772361 2
4 140783603 0.7525
4 140792927 2
4 140810874 5e-04
4 140823711 0.0658767707108179
4 140848908 2.0738
4 140852641 0.498367922956633
4 140866815 0.2212
4 140891484 2
4 140896430 1.09983647410623
4 140896712 2
4 140896727 2
4 140901314 0.0273
4 140910454 1.38298761285191
4 140914278 0.1423
4 140916246 0.211190137818939
4 140918634 1.03097965020612
4 140930278 0.523537134660355
4 140935725 1.32343538501584
4 140951551 0.276478707141153
4 140954220 0.2452
4 140957652 0.784727439730576
4 140959691 0.386447798559751
4 140999977 1.82637841306809
4 141005338 2
4 141014463 2
4 141023420 0.0263
4 141063400 2
4 141072243 2
4 141078850 2
4 141084435 0.955
4 141090207 0.9438
4 141091233 1.0944
4 141095273 2
4 141110719 3.1148
4 141124192 2
4 141129582 2
4 141148154 2
4 141155154 2
4 141155928 2
4 141172528 3.3016
4 141177481 1.02202403261984
4 141198186 1.8215
4 141214476 2
4 141214702 2
4 141219629 0.9167
4 141225464 0.685690407063194
4 141225489 1.4829
4 141259635 2
4 141270243 2.302
4 141278226 2
4 141287983 2
4 141307138 0.4516
4 141317140 2
4 141320294 2
4 141412132 2
4 141426392 2
4 141426447 2
4 141517654 2
4 141522098 2
4 141525154 2
4 141530642 2
4 141533239 2
4 141550570 2
4 141555181 2
4 141558175 2
4 141560397 2
4 141569348 2
4 141584409 2
4 141585541 2
4 141603455 1.4917
4 141617384 0.5313
4 141617401 1.4917
4 141637602 0.4443
4 141693073 0.784
4 141715160 2.35384058420577
4 141729748 0.784
4 141730006 0.0751738832226598
4 141737497 0.724484788844714
4 141740436 1.83812951013407
4 141744369 1.0613
4 141746980 0.595207669300757
4 141749627 0.306825397733333
4 141750016 2
4 141751167 1.53886270770944
4 141751179 2
4 141758909 2
4 141765344 2
4 141765720 1.0525
4 141773455 1.4514
4 141775545 2
4 141778718 1.4587
4 141781752 2
4 141800325 2
4 141811537 2
4 141812784 0.2779
4 141824495 2
4 141831025 0.8501
4 141844675 0.5948
4 141847451 2
4 141848307 0.9758
4 141859739 2
4 141867193 0.3878
4 141883074 2
4 141884907 2
4 141898205 2.2011
4 141899924 0.1691
4 141900664 0.1691
4 141923084 2.1665
4 141924879 0.0295611714222141
4 141942038 2e-04
4 141965713 2
4 141971778 2
4 141972081 2
4 141995906 0.0218
4 142004338 0.0162
4 142005482 0.0218
4 142022332 1.8551
4 142035150 2.5866
4 142036140 1.9017
4 142042377 0.0218
4 142042562 0.0785
4 142042625 0.0389
4 142042650 0.081
4 142046147 0.0447
4 142053271 0.0447
4 142054255 0.0447
4 142055238 0.0447
4 142055527 0.0447
4 142057201 0.0447
4 142061865 5e-04
4 142070828 0.0937
4 142089768 2
4 142091983 2
4 142092361 2
4 142097421 1.3888
4 142098701 1.8702
4 142099185 2
4 142110340 1.3897
4 142117566 1.2947
4 142118325 1.3006
4 142118627 1.3006
4 142155697 2
4 142165525 1.2238
4 142169430 0
4 142182564 0
4 142190211 0.0329
4 142209066 0.1834
4 142211498 1.2779
4 142219474 0.1066
4 142226627 1.2238
4 142235222 1.2238
4 142237117 1.2238
4 142251126 0.4742
4 142254034 0.4875
4 142257819 0.0937
4 142258556 1.2238
4 142269300 0.0937
4 142278190 0.0937
4 142283311 1.2238
4 142296960 0.0748
4 142298347 1.3336
4 142299133 1.1861
4 142308780 0.653
4 142311549 0.5463
4 142311729 0.5463
4 142315005 0.7851
4 142331038 1.1832
4 142335815 2
4 142336123 0.2526
4 142337277 1.1832
4 142338007 0.0078
4 142338152 2
4 142348592 2
4 142355862 2
4 142362274 2
4 142376208 2
4 142382637 1.0895
4 142402941 2
4 142437304 2
4 142448953 2
4 142460781 2
4 142478648 1.741
4 142494771 2
4 142498095 2
4 142535673 0.326077862182722
4 142564131 0.192118803284649
4 142593108 2
4 142610540 2
4 142627677 0.1288
4 142627761 2
4 142628454 0.0078
4 142660855 0.1221
4 142665493 2
4 142666657 5e-04
4 142705476 2
4 142706776 0.1221
4 142722234 0.2256
4 142735942 5e-04
4 142764064 2
4 142807218 2
4 142837569 2
4 142841045 2
4 142863154 2.9545
4 142890871 2
4 142898332 2
4 142905019 1.21438929651995
4 142906569 2
4 142914619 2
4 142914993 2
4 142954773 2
4 142980970 2
4 142981042 2
4 143014780 2
4 143028588 2
4 143033494 5e-04
4 143043992 0.534935415858403
4 143053661 2
4 143099683 2
4 143106439 2
4 143117986 2
4 143129226 2
4 143131307 2
4 143139670 2
4 143142827 2
4 143156365 2
4 143169564 2
4 143205349 2
4 143207408 1.9165
4 143209444 2
4 143211519 2
4 143235665 1.9165
4 143245103 1.9165
4 143255344 2
4 143257749 2
4 143260839 2
4 143262592 2
4 143266227 2
4 143280506 2
4 143303957 2
4 143316394 2
4 143327358 0.607009221758735
4 143328413 2
4 143335998 0.831679503008104
4 143338867 2
4 143339279 0.191780738166858
4 143353195 2
4 143378410 2
4 143389506 2
4 143473048 2.147
4 143489016 3.205
4 143490382 2
4 143494692 2
4 143511424 2
4 143534051 2
4 143540718 2
4 143573287 2
4 143626999 0.200127172665859
4 143639795 2
4 143662258 0.968563325635984
4 143700846 2
4 143704345 0.97331778919666
4 143707773 2
4 143708338 2
4 143730222 2
4 143733166 2
4 143733990 2
4 143734253 2
4 143735710 2
4 143736900 2
4 143737850 2
4 143739206 2.40549065778144
4 143740097 2
4 143740901 2
4 143742492 2
4 143742953 2
4 143746048 2
4 143746349 2
4 143748485 2
4 143751713 2
4 143759414 2
4 143790947 2
4 143793157 2
4 143796496 2
4 143797053 2
4 143799814 2
4 143799840 2
4 143803381 2
4 143845440 1.50357795926247
4 143872372 0.249231092005045
4 143875201 0.975616622977067
4 143908061 2
4 143940659 0
4 143956283 1.16554013630846
4 143960687 2
4 143962730 2
4 143964672 2
4 143971249 2
4 143973957 2
4 143974182 2
4 143975741 2
4 143975848 2
4 143980134 2
4 143980942 2
4 143982210 2
4 143991434 2
4 143993354 2
4 143995648 2
4 143996636 2
4 143996999 2
4 143997368 2
4 144006010 0
4 144006014 0
4 144030141 1.10006251121454
4 144033570 0.174337070028187
4 144040928 0
4 144058333 5e-04
4 144084402 2
4 144093196 2
4 144096711 2
4 144104897 2
4 144107891 0.5268
4 144108734 2
4 144130953 2
4 144132608 0.5271
4 144145488 2
4 144156311 2
4 144158382 2
4 144202300 2
4 144202456 2
4 144209317 0.4119
4 144212895 0.4119
4 144213064 2
4 144216170 3.1164
4 144225084 2
4 144227162 2
4 144237365 2
4 144241597 0.622
4 144250799 0.0678
4 144254090 0.3596
4 144254098 0.644931200322499
4 144259775 0.0926
4 144272495 2
4 144283215 2
4 144285616 2
4 144297455 0.795529167652682
4 144298411 1.38049592283163
4 144310445 2
4 144311842 2.1804
4 144313837 2.239
4 144332050 0.946473566524095
4 144370054 2
4 144379282 2
4 144386027 2
4 144394633 2
4 144399368 2
4 144403163 0.308
4 144437980 0.1187
4 144451982 2
4 144466156 0.2059
4 144488959 2
4 144515929 2
4 144526904 2
4 144533812 2
4 144567946 2
4 144570851 2
4 144596426 2
4 144643016 1.99020183158585
4 144678382 2
4 144690784 2
4 144705860 2
4 144728869 2
4 144737134 2
4 144737912 2
4 144756698 0
4 144764487 1.60506870483746
4 144768194 5e-04
4 144771906 1.0245
4 144785556 1.18296912591586
4 144802086 5e-04
4 144808975 1.2126
4 144817008 0.9177
4 144837985 1.09584997884406
4 144871450 0.9177
4 144874264 0.9177
4 144987986 1.0861291345126
4 145007321 1.0879
4 145064464 1.85746975505595
4 145102493 0.630453067003093
4 145196113 0.2882
4 145213259 0
4 145230134 0.2411
4 145255269 2
4 145256386 2
4 145258883 0.913949101799685
4 145261048 0.622017843215942
4 145268786 0.1829
4 145294275 0.5223
4 145297376 0.8489
4 145313453 1.2274
4 145320684 1.2464
4 145354786 0.698025700433095
4 145359447 1.2657
4 145361841 1.2657
4 145365884 1.2657
4 145368559 1.2657
4 145382678 1.2774
4 145388095 1.2774
4 145396222 2
4 145412242 0.791
4 145422701 0.33823573241084
4 145426715 2
4 145427367 2.9828
4 145432530 0.592708620996304
4 145472229 2
4 145477926 2
4 145481775 2
4 145482037 3.205
4 145485741 0.146103299178079
4 145545557 2
4 145553079 2
4 145557627 0.891800459004822
4 145559296 2
4 145561466 2
4 145572282 2
4 145576664 2
4 145587300 2
4 145606281 2
4 145607701 2
4 145608545 1.8634
4 145608962 5e-04
4 145661037 2
4 145663216 2
4 145673388 2
4 145673994 0.6354
4 145677125 2
4 145678629 2
4 145678787 2
4 145692934 2
4 145694074 0.3491
4 145694438 2
4 145699466 0.5507
4 145702868 1.78079692271712
4 145721880 0.5507
4 145730369 3.00665928423376
4 145730702 0.4966
4 145734198 0.5129
4 145738444 0.485009356518609
4 145738849 0.940913963430253
4 145740325 0.436549626394144
4 145769735 0.442
4 145794593 0.5129
4 145820247 5e-04
4 145838331 2
4 145847922 0.996
4 145855585 2
4 145860595 0.996
4 145871948 2
4 145897063 2
4 145919049 0.747458756233017
4 145956880 0.941319266503
4 145957269 0.468305885751529
4 145964396 0.637971259464288
4 145973312 1.3557
4 145978519 2.29365655638351
4 145999066 0.1165
4 146002779 0.5509
4 146008394 0.79439901806563
4 146010104 1.4194
4 146026929 1.24222132201365
4 146027339 1.06913757370916
4 146027651 0.69075824274447
4 146028406 0.0961422606031011
4 146032937 0.608700736493485
4 146043479 0.284600722804813
4 146049744 5e-04
4 146060421 2
4 146063538 2
4 146064570 0.594338710612158
4 146077395 1.59387783055253
4 146077538 0.559576050751032
4 146079262 0.524096691944787
4 146082662 0.0681378093297407
4 146091187 0.2706
4 146103743 2
4 146213312 0.2041
4 146230779 0.7448
4 146247733 0.2468
4 146252189 0.274725594069517
4 146252710 0.99384740236455
4 146254945 2.60554291145617
4 146256316 0.303254414907101
4 146273805 2
4 146276117 1.28522482510115
4 146311551 0.475838736200795
4 146375415 0.1759
4 146387501 0.883664647461922
4 146401283 0.643038896480972
4 146404773 0.572370995408806
4 146415975 2.2832
4 146473413 0.1759
4 146479270 0.0635592081359395
4 146490352 0.1759
4 146491251 0.1759
4 146502577 8e-04
4 146508264 0.1759
4 146520207 2
4 146524234 2
4 146527859 2
4 146539636 8e-04
4 146542553 0.0933
4 146568971 2.0935833734665
4 146570579 1.18707789495966
4 146574297 2
4 146613112 0.11789447901274
4 146651395 2
4 146659944 2
4 146663106 0
4 146663922 6e-04
4 146711982 1.29697453998368
4 146727387 3.5046
4 146741506 0.7404
4 146760754 0.6993
4 146781511 1.7528
4 146799065 1.0124
4 146802776 1.0171
4 146818633 5e-04
4 146834823 0.8087
4 146849584 0.46801734417591
4 146854005 1.40294902037527
4 146864426 0.202299316000324
4 146866593 0.381011746733389
4 146868418 1.19424774984539
4 146873131 0.6611
4 146879423 0.514561450389798
4 146904767 0.5605
4 146927037 0.6611
4 146941068 0.5605
4 146951010 0.9883
4 146974989 0.4559
4 146981329 0.9995
4 146996478 0.9074
4 147000737 0.9995
4 147025914 1.7226
4 147034365 1.7143
4 147038260 0.4237
4 147047827 0.7086
4 147048299 0.5548
4 147068520 0.0678565921423744
4 147077419 1.8687955468087
4 147091324 2
4 147102058 2
4 147106718 2
4 147108517 2
4 147110002 2
4 147123776 0.1194
4 147223240 2
4 147261792 0.0859
4 147273134 0.0502
4 147275259 0.0502
4 147326201 2
4 147327038 2
4 147370090 2
4 147375900 2
4 147380664 3.205
4 147397483 2
4 147419285 1.55413419184306
4 147430207 0.101417632717427
4 147432730 0.3755
4 147434464 1.11026769363952
4 147436377 1.83582958622722
4 147436952 0.0705988553932232
4 147437115 0.294714955313627
4 147438366 0.164356755861555
4 147441305 1.05697659207644
4 147445815 2
4 147449565 2
4 147455671 2
4 147458302 2
4 147467865 2
4 147474751 2
4 147505022 2
4 147528361 2
4 147536306 2
4 147537612 2
4 147539885 2
4 147589573 2
4 147591896 2
4 147592410 2
4 147592518 2
4 147594517 2
4 147595222 0.5048
4 147595225 2
4 147603701 2
4 147632310 2
4 147652732 5e-04
4 147686425 2.7095
4 147722530 2
4 147738022 2.6444
4 147741804 1.46628902776714
4 147759154 2
4 147783811 5e-04
4 147786198 0.0053
4 147809302 2
4 147818454 0.0383
4 147854408 0.0053
4 147858823 1.1983
4 147893877 1.4103
4 147903364 0.0053
4 147972989 0.0172192672336774
4 147977237 0.273813979994089
4 147990119 1.5058
4 147991682 1.4972
4 147992444 1.6307
4 147992705 1.6307
4 147993952 2
4 148018942 2.2392
4 148039519 1.5746
4 148067248 0.2622
4 148076251 0.5888
4 148091580 0.5742
4 148101132 3.3586
4 148101755 2
4 148106353 2
4 148117579 1.2208
4 148129627 1.2208
4 148134565 0.4387
4 148145719 0.5711
4 148189787 0.490161818200835
4 148205458 2
4 148205964 1.00941583509994
4 148232217 0.7984
4 148243765 2
4 148261415 1.962
4 148270650 1.146623837175
4 148275839 0.8948
4 148277062 2
4 148279818 1.68102033478811
4 148293091 0.6456
4 148318031 1.3411
4 148318320 0.227002971070333
4 148332923 2
4 148339366 0.4426
4 148344014 2
4 148362928 2
4 148366344 0.6117
4 148366435 0.0897
4 148366621 0.6117
4 148373480 0.299883479546409
4 148384067 1.27988071283315
4 148391563 0.6311
4 148398602 1.2228
4 148406369 0.469130652955844
4 148457382 2
4 148458273 2
4 148461722 2
4 148471373 2
4 148474539 2
4 148477626 0.405603929731468
4 148477902 2
4 148483278 2
4 148483702 2
4 148491863 2
4 148495480 2
4 148522566 2
4 148527531 2
4 148539185 2
4 148561330 2
4 148583938 2
4 148584759 2
4 148597910 2
4 148599921 2
4 148607706 2
4 148623133 5e-04
4 148644248 1.3757
4 148649782 2
4 148651869 0
4 148653636 0.6207
4 148654846 1.6022
4 148672262 1.461
4 148698223 1.4237
4 148712269 0.8702
4 148718370 0.8702
4 148731947 0.8702
4 148735342 0.8702
4 148742963 2
4 148744514 0.6785
4 148744675 0.8748
4 148765031 2
4 148775964 0.0265579316719186
4 148780683 0.199957798025934
4 148818910 1.4562945189489
4 148821828 1.15494479327339
4 148829375 2
4 148833054 2
4 148857201 1.09745397003058
4 148861123 0.546313760676028
4 148863241 8e-04
4 148864331 1.34076029215489
4 148865426 0.201843770150028
4 148884608 0.897241112466631
4 148900357 2.878
4 148905998 1.14989313016146
4 148906732 0.1469
4 148906806 0.154
4 148909163 2
4 148911002 1.48650841892075
4 148938714 0.1612
4 148940303 0.688310483835366
4 148966828 2
4 148975258 2
4 148976414 2
4 148983264 2
4 149004148 0.734103758129152
4 149015716 0.1533
4 149024131 0.834190104179198
4 149035027 0.316752607201438
4 149037734 0.828709133354986
4 149044133 0.101363982845727
4 149066780 0.1392
4 149092032 1.79691494638098
4 149119432 1.3909
4 149123076 2
4 149146571 0.0856855607492892
4 149171026 0.496070856876945
4 149183646 0.38817010736573
4 149191027 0.195213236220305
4 149199980 1.62453147431511
4 149202139 0.9376
4 149205332 0.9376
4 149231966 0.2541
4 149233969 0.9072
4 149237776 0.9072
4 149244649 0.408591557164214
4 149246003 0.520992605576169
4 149247040 0.183192418144947
4 149250990 0.30462894066059
4 149281875 0.942552256007795
4 149286804 2.0201
4 149290658 0.609802887495455
4 149298229 2
4 149302029 2
4 149307238 2
4 149308712 2
4 149311289 2
4 149312640 2
4 149316207 2
4 149321121 2
4 149325676 2
4 149329518 2
4 149334344 2
4 149349645 0.483040301612777
4 149356560 2
4 149357036 2
4 149359120 2
4 149368771 5e-04
4 149368807 1.01460011799412
4 149395706 2.3974
4 149450907 0
4 149455196 2
4 149466349 2
4 149468851 2
4 149469876 2
4 149494234 2
4 149502153 0.4257
4 149505407 2
4 149511170 0.7693
4 149533502 2
4 149538473 0.8122
4 149570071 2
4 149592933 2
4 149603658 0.7448
4 149610056 0.0339290935108619
4 149624584 0.7349
4 149625823 2
4 149649960 2
4 149664006 1.59071346953229
4 149673272 3.1176
4 149692445 2
4 149734500 1.90253533494723
4 149739123 0.966280663257552
4 149740348 2.0616
4 149781252 1.2172
4 149788448 3.3586
4 149802479 0.509867337582536
4 149810156 0.051
4 149820184 1.48236979463662
4 149821186 2
4 149831223 2
4 149851110 0.0796769418681358
4 149868202 0.1015
4 149868453 1.1902
4 149916327 2
4 149929456 0.0742
4 149931630 0.6756
4 149939100 2
4 149945509 2
4 150007065 0.2142
4 150011106 0.0162
4 150013028 0.0162
4 150021650 0.0162
4 150023796 0.236722141862159
4 150029486 0.619580581142362
4 150031227 1.5681
4 150031494 2
4 150053173 0.888518569086814
4 150067778 0.488876439744372
4 150077960 1.0927
4 150095798 1.31461702047692
4 150103105 2.9959
4 150106194 0.3725
4 150113487 0.3725
4 150127059 1.0708
4 150142872 0.299881699664485
4 150144442 1.9843
4 150154282 0.157579515716711
4 150155372 2.3224
4 150166756 0.377870219219719
4 150172761 0.0752
4 150175096 5e-04
4 150178529 0.545953258440981
4 150181625 1.1757
4 150188649 0.257474332866918
4 150189843 3.1148
4 150197924 1.0542
4 150223989 2
4 150237107 1.54842059554535
4 150240338 0.0053
4 150243572 0.201961035843862
4 150247848 2
4 150257397 2.5864
4 150262182 2.23089585399994
4 150266516 0.813926723937423
4 150288470 2
4 150300747 1.81928528170641
4 150312109 1.44528193685288
4 150321160 0.238770623745133
4 150331768 0.174738466588108
4 150423181 1.3506514528889
4 150423895 0.0273
4 150443875 0.2545
4 150445708 0.0273
4 150487600 0.221981221813582
4 150488925 0.7
4 150499152 1.21788094100687
4 150529750 0.629
4 150535561 0.629
4 150556729 1.2058987773178
4 150588687 0.0444
4 150594814 0.0444
4 150608996 0.0329
4 150614969 0.0444
4 150631224 0.0273
4 150632234 5e-04
4 150643301 0.0273
4 150696844 0.1466
4 150709807 1.94957971196929
4 150710956 0.0329
4 150716298 0.0329
4 150732445 0.0329
4 150753658 0.0444
4 150782922 5e-04
4 150788761 2.43476119220592
4 150844091 0.0444
4 150850177 0.0329
4 150930314 0.0444
4 150956952 2
4 150962138 0.0386
4 151008990 0.3001
4 151008994 0.4253
4 151009022 5e-04
4 151025316 0.0386
4 151038040 2.4476
4 151047506 2
4 151077871 0.0444
4 151079784 0.0561
4 151080275 5e-04
4 151094552 0.0621
4 151121259 3.168
4 151121435 5e-04
4 151123498 2.1976
4 151140049 0.0621
4 151141869 0.0444
4 151150256 0.0621
4 151153608 0.1121
4 151153952 0.0444
4 151174104 0.0444
4 151189471 0.0444
4 151192299 0.0444
4 151192512 2
4 151206872 0.0444
4 151213687 0.0053
4 151232052 2
4 151240941 0.0444
4 151245647 2
4 151250303 2
4 151251189 2
4 151258586 2
4 151266427 2
4 151292193 2
4 151296134 1.85492285501184
4 151310613 3.1148
4 151322002 2.2356
4 151322973 2
4 151371477 0.0227756034972635
4 151372295 2
4 151408913 2
4 151409545 2
4 151414597 2
4 151421038 2
4 151430348 2
4 151431071 2
4 151449485 2
4 151453702 1.2527
4 151473939 1.2527
4 151494890 1.2527
4 151510400 2
4 151512910 2
4 151516786 2
4 151528974 2
4 151530066 1.2527
4 151545704 2
4 151551638 2
4 151551856 2
4 151592280 2
4 151596235 2
4 151604167 2
4 151606530 1.2
4 151607361 2
4 151637697 2
4 151637826 2
4 151678437 2
4 151678883 2
4 151685421 2
4 151685890 2
4 151697979 2
4 151703820 1.2
4 151707519 1.2
4 151764019 2
4 151776829 1.2527
4 151794984 2
4 151806700 2
4 151835757 2
4 151840213 2
4 151845414 2
4 151847009 2
4 151853312 2
4 151865010 2
4 151873548 2.29443624825678
4 151880346 2.1644
4 151885019 0.384813172326277
4 151896607 2
4 151897518 2
4 151897552 2
4 151903938 2
4 151905635 2
4 151914168 2
4 151931501 2
4 151933692 2
4 151956998 2
4 151991381 2
4 151994109 2
4 151996156 2
4 151998761 2
4 152004438 2
4 152035786 2
4 152039254 1.05935581096902
4 152048348 0
4 152054658 1.4958
4 152067448 3.1176
4 152070429 0.7846
4 152073594 1.3797
4 152075014 1.3797
4 152083171 0.350133637267972
4 152091833 0.228294007955629
4 152091834 0.217655603892747
4 152101748 0.1284
4 152108311 2
4 152108962 2
4 152111900 0.2996
4 152158116 2
4 152171770 2
4 152174573 0.67975228703968
4 152181175 1.9822
4 152258749 1.2742
4 152291058 0.916962036152913
4 152346266 2.784
4 152389475 0.5841
4 152534268 2.878
4 152549514 0.9117
4 152564372 0.8443
4 152580779 0.9117
4 152597095 0.8973
4 152599323 0.9149
4 152613098 2.1051
4 152632695 2
4 152676032 1.455
4 152680837 0.74095993331423
4 152708639 0.0455
4 152709013 0.0054
4 152720672 2.2001
4 152727207 1.73991590367812
4 152732032 3.2948
4 152774627 0.277572593631332
4 152777155 3.59451073453138
4 152789317 0.651253218572927
4 152804194 5e-04
4 152810915 0.231133064970669
4 152811898 5e-04
4 152812068 2.0004
4 152866826 1.0676
4 152872376 1.0676
4 152889492 1.1948
4 152892319 1.0676
4 152902542 1.21302228461481
4 152904199 2
4 152925010 2
4 152936309 2
4 152938109 2
4 152958726 2
4 152965767 2
4 152968490 5e-04
4 152974393 1.92228099178553
4 152978558 0.000737632141460161
4 152986831 0.0039
4 153007344 0.5449
4 153009772 3.3586
4 153012459 2
4 153018452 2
4 153025017 2
4 153036145 2
4 153036625 2
4 153039387 0.3067
4 153048710 1.1391
4 153049142 1.1881
4 153058246 1e-04
4 153065357 0.0509
4 153090065 1.5317
4 153097751 0.4036
4 153110511 2
4 153112175 2
4 153116737 2
4 153124978 2
4 153129778 1e-04
4 153129797 1e-04
4 153130208 0.4875
4 153137849 2
4 153143662 2
4 153158200 0.0134
4 153172462 2
4 153173921 2
4 153194903 0.0919972045412482
4 153197954 1.1723
4 153200797 0.232027453669747
4 153207119 0.659591991883454
4 153211096 0.5219
4 153214436 0.4332
4 153218431 0.4601
4 153222005 0.779811439284734
4 153232655 0.35846062661885
4 153238733 1.44824972860288
4 153243819 4.1974
4 153248983 1.095
4 153254923 0.5179
4 153256278 0.7516
4 153256838 2
4 153260746 2
4 153263696 2
4 153267434 2
4 153275029 2
4 153276082 0.614397294681525
4 153278674 0.4791
4 153320726 1.1113
4 153322268 2
4 153323040 1.1113
4 153336347 2
4 153341399 2
4 153341737 2
4 153357433 2
4 153358093 2
4 153389485 1.6477
4 153395917 0.9061
4 153397954 0.9061
4 153405541 2
4 153405996 2
4 153420580 0.9061
4 153420822 1.3057
4 153420894 2
4 153422315 1.0337
4 153438116 0.392424262717456
4 153445437 0.400036174501998
4 153452044 0.5197
4 153458153 0.3779
4 153484152 1.3426
4 153498717 5e-04
4 153506960 0.0584882586855846
4 153544842 2
4 153550681 2
4 153558420 0.22018322348662
4 153568188 0.00190685361043612
4 153582901 1.04346461372492
4 153624299 2
4 153641579 2
4 153648112 1.21718010385121
4 153652511 0.0504880273422728
4 153653153 2
4 153668572 2
4 153670099 2
4 153687301 2
4 153706503 2
4 153749292 0.8311
4 153753048 2
4 153792278 0.563989819387587
4 153797631 1.40889505802889
4 153803967 0.668572326992289
4 153807198 1.0479996899986
4 153812483 0.896753472879892
4 153827417 0.922284105376444
4 153835603 0.1682
4 153837024 1.18858000320236
4 153837896 0.868030136715125
4 153840825 1.16433766598072
4 153840908 0.701571126382339
4 153841685 0.545233080377731
4 153844042 1.10694770381501
4 153848781 2.01987776731015
4 153850412 2
4 153858862 2
4 153889162 2
4 153890669 2
4 153891927 2
4 153909633 2
4 153921933 2
4 153925829 2
4 153931451 2
4 153931489 2
4 153932184 2
4 153942859 2
4 153959777 2.46060241427639
4 153965643 2.1051
4 153979880 0.5359
4 153980687 2
4 154002004 6e-04
4 154002533 1.8368
4 154007671 2
4 154009342 0.167962856687602
4 154010244 2
4 154020168 2
4 154027914 0.0897
4 154028117 0.9217
4 154041306 0
4 154041406 2
4 154057131 2
4 154062109 0.450622439777992
4 154087344 1.5631
4 154095341 1.7916
4 154098082 0.295078066006047
4 154103072 2
4 154104485 0.97271815918652
4 154112365 1.5919
4 154114546 2
4 154140917 0.212599469985153
4 154144180 0.165393789098055
4 154144852 0.0107
4 154172695 0.0561
4 154177066 2
4 154205402 0
4 154266189 0.362233028640192
4 154280302 0.1907
4 154297789 1.202
4 154298397 1.202
4 154300327 0.235828565910205
4 154300932 1.202
4 154314563 0.332759001016945
4 154317190 1.39133314842441
4 154323310 1.202
4 154340662 2
4 154341925 5e-04
4 154349156 1.75157879775387
4 154363448 1.1415
4 154365277 1.59170994582437
4 154367498 0
4 154370066 1.2181
4 154378519 0.0011
4 154390720 0.273328634969248
4 154394836 1.1039
4 154409730 0.568999504097227
4 154426241 2
4 154438742 2
4 154440122 2
4 154441569 2
4 154442970 2
4 154449409 2
4 154469217 0
4 154476205 2
4 154489670 2
4 154496362 2
4 154514985 2
4 154517187 2
4 154526113 2
4 154526589 2
4 154549246 0.433101537703594
4 154573993 1.4822
4 154627008 1.02226275637773
4 154632256 2
4 154657798 2
4 154680751 2.5468
4 154687837 2
4 154689699 2
4 154699345 2
4 154714357 2
4 154720784 2
4 154747376 2
4 154757193 0.7999
4 154786131 1.8382
4 154804067 1.8539
4 154834416 1.8701
4 154841817 1.3017
4 154843371 2
4 154844863 2
4 154848487 2
4 154849125 2
4 154857330 2
4 154865609 2
4 154866292 2
4 154871615 2
4 154882687 2.6975
4 154886613 2
4 154886831 2
4 154897181 2
4 154898096 2
4 154903614 0.232537047134389
4 154905262 2
4 154917370 1.0196
4 154923207 2
4 154947284 2
4 154949849 2
4 154977472 2.7003
4 154978258 2
4 155011782 0.1759
4 155022713 2
4 155032487 0.0759061773323919
4 155058150 0.6165
4 155062429 0.4837981467282
4 155075275 1.33626632671175
4 155089375 1.32691331216733
4 155095532 0.759959000971582
4 155095883 1.80398059915711
4 155097584 1.09034815571689
4 155100831 0.284550168354764
4 155124461 0.0309451144826391
4 155125458 0.477530501703725
4 155126939 0.47613296977788
4 155127503 0.225355062814101
4 155154974 1.43501089448598
4 155156672 1.48217615640918
4 155166941 0.510150235006638
4 155179269 1.3459364584463
4 155180952 0.0422791434826112
4 155181024 0.854767639521674
4 155181101 0.159377302607037
4 155182170 1.13545045439559
4 155183040 0.36750903239664
4 155183379 2.03741858131437
4 155185822 1.21248163061401
4 155187781 0.565659782514394
4 155189043 0.756499682758584
4 155189213 0.827295056740915
4 155190365 0.239747146200889
4 155206006 0.5203
4 155242752 1.2632
4 155247222 0.155419653621032
4 155247565 0.398364492004384
4 155258508 1.46344571288563
4 155277663 0.116996404084392
4 155284426 1.6668
4 155291567 1.5747
4 155297067 1.60159570722184
4 155301685 1.6668
4 155309650 0.330409739474615
4 155320615 0.61879674111212
4 155335354 0.594251511816149
4 155355689 1.78522264999987
4 155367594 2
4 155383381 0.8218
4 155395547 0.838229850433179
4 155401744 0.800783453956488
4 155472045 2
4 155481502 2
4 155510733 2
4 155515355 0.0617
4 155537846 1.59012715710333
4 155539802 2
4 155542087 2
4 155548511 0.0078
4 155552856 1.762
4 155555355 2
4 155561722 2
4 155564194 2.8162
4 155585525 2
4 155590307 2
4 155604054 1.5842
4 155606537 0.783
4 155619561 2.2832
4 155625930 0.0078
4 155631299 0.624
4 155631984 0.7537
4 155644131 2
4 155646576 2
4 155648049 2
4 155650058 1.2223
4 155650549 2
4 155650772 1e-04
4 155654488 1.2223
4 155658237 2
4 155659914 2
4 155667461 1.3408
4 155669124 0
4 155672979 2
4 155676856 2
4 155677753 1.3408
4 155687186 2
4 155722863 0.2432
4 155730383 0.135215415167407
4 155740457 0.6994
4 155756921 1.24291789342702
4 155772244 2
4 155798839 2
4 155837572 2.0617
4 155842717 2
4 155883636 0.0807
4 155887136 2
4 155889374 0.0807
4 155893224 0.0107
4 155895422 0.0107
4 155910486 2.9787
4 155916321 0.0273
4 155916989 2
4 155922948 2
4 155929363 0.0162
4 155940952 0.2527
4 155964582 2
4 155969443 2
4 155983235 0.6081
4 155984082 2
4 155990159 0.7156
4 155991467 2.9178
4 155997863 2
4 156002234 2
4 156003450 2
4 156014047 0.557356528044847
4 156014062 2
4 156014074 2
4 156036331 0.5992
4 156042540 1.4545
4 156055133 2.3127
4 156065540 0.0994
4 156074038 0.0078
4 156077447 0.1482
4 156103238 1.4179
4 156121128 0.9777
4 156121758 3.8993
4 156130200 0.0107
4 156140457 0.844473090744693
4 156160697 2
4 156161398 1.25846712921713
4 156161732 0.549975705240696
4 156167433 2
4 156167656 2
4 156168639 2
4 156177357 0.378027468939033
4 156194256 1.2564
4 156205819 2
4 156232566 0.7508
4 156235062 0.765619329678347
4 156237184 0.0626063484920426
4 156245913 2
4 156247266 1.3227
4 156249903 0.0447
4 156272387 0.0804
4 156288995 0.588
4 156320062 0.0994
4 156325283 5e-04
4 156326996 2
4 156328071 5e-04
4 156330264 2
4 156342916 0.093
4 156354453 2
4 156360473 2
4 156362323 2
4 156385014 2
4 156386781 2
4 156386889 0.5371
4 156394266 3.1215
4 156405182 0.9282
4 156405582 0.234090438151175
4 156406108 0.8086
4 156423631 2
4 156423870 2
4 156428924 2
4 156429517 2
4 156430090 2
4 156430444 2
4 156433350 2
4 156440265 1.1412
4 156446312 2
4 156452589 2
4 156454957 2
4 156467392 1.1921
4 156474777 2
4 156475711 2
4 156480075 2
4 156481806 0.588
4 156486457 1.2834
4 156490836 0.9326
4 156494079 0.9326
4 156501154 0.1873
4 156506798 1.3472
4 156516258 1.3597
4 156517981 5e-04
4 156521532 0.9908
4 156533083 1.1957
4 156542466 1.0657
4 156547350 2
4 156548794 2
4 156560494 2
4 156561096 2
4 156565383 0.0678
4 156579577 1.259
4 156585435 1.4216
4 156589260 0.8973
4 156590761 1.2457
4 156602505 1.259
4 156603424 0.588
4 156615467 0.5286
4 156623327 0.0078
4 156625655 1.1726
4 156628215 0.272902595636317
4 156644797 1.2457
4 156664135 1.0408
4 156689467 1.61
4 156692251 0.0169
4 156692501 0.0969
4 156696134 0.0193942003386873
4 156698821 0.0169
4 156704215 1.2830741110979
4 156706768 0.569080685328617
4 156713484 1.24645144175855
4 156714356 1.4871609321568
4 156721528 0.0762
4 156734342 0.427116217874141
4 156743079 0.1172
4 156747939 2
4 156769808 2
4 156794273 2
4 156801496 2
4 156827924 0.589801341559361
4 156831094 2.0165
4 156885963 1.4537
4 156891600 1.3352
4 156892122 2
4 156979917 2
4 156980520 0.168858038045941
4 156984607 0
4 156985394 2
4 156994633 0
4 156995359 2
4 157003802 0.843
4 157008117 1.23364283715384
4 157031902 0.217838829525699
4 157056447 2.06557574525783
4 157061938 0.662172173022932
4 157065332 0.678250280401866
4 157067979 2.16271005112838
4 157091164 0.448661804736973
4 157108642 2
4 157114937 1.0285
4 157118075 0.803385557359212
4 157133071 2.43260470744731
4 157136450 2
4 157147406 1.0285
4 157149921 2.3652
4 157194696 0.633886790767314
4 157206154 0.723281665660924
4 157233322 0.616850403682481
4 157283231 0.264458187033343
4 157301753 1.10473995096031
4 157325486 2
4 157327881 2
4 157354077 1.1682
4 157367828 2.0004
4 157387149 0.344971246049887
4 157404881 1.0879660320487
4 157407775 0.273510709051644
4 157425917 0.599649572589599
4 157428457 0.160100590384504
4 157440931 0.478157532594161
4 157447710 0.6053
4 157449092 1.98795237892355
4 157451381 0
4 157460978 0.266999409416691
4 157468692 0.160512377592832
4 157485761 0.535234787283244
4 157490712 0.707427365851035
4 157494205 0.453688575056885
4 157508663 0.36394584473203
4 157509395 0.965568361519329
4 157509930 0.00227988343408717
4 157511305 1.8626
4 157513243 1.64572083317767
4 157514558 0.711302764800616
4 157515987 1.0814
4 157519477 0.420283459050731
4 157522268 1.88364590666119
4 157523748 0.828729282267664
4 157523937 0.691753016979368
4 157524274 1.53629782503718
4 157524473 1.14602424661508
4 157528174 1.94733931517206
4 157529510 0.917071730668925
4 157530062 0.225801586968023
4 157536236 1.2945
4 157583377 1.4545
4 157590936 2
4 157596021 2
4 157603077 2
4 157606941 2
4 157620555 2
4 157632943 2
4 157635158 2
4 157635836 2
4 157645598 2
4 157660895 2
4 157661614 2
4 157676339 0.375609598064798
4 157682772 0.0828056633781377
4 157689133 2
4 157702606 2.85436132044132
4 157705477 2
4 157719727 0.0165
4 157725427 0.595676585818185
4 157726108 1.1301063051523
4 157726471 0.0165
4 157787304 0.0561
4 157799173 2
4 157824479 1.1105
4 157830365 3e-04
4 157830523 0.593304819672513
4 157835563 2.0406
4 157839274 0.6058
4 157840644 1.0981
4 157843207 1.0981
4 157865258 0.6058
4 157871812 3.6021
4 157879396 1.1226
4 157886328 0.169432683671815
4 157896290 0.9575
4 157899364 1.1859
4 157923367 2
4 157928998 2
4 157936748 2
4 157939633 2.5457
4 157955992 5e-04
4 157955996 5e-04
4 157956470 1.8325
4 157984180 2
4 157988855 2
4 157995826 2
4 157995928 2
4 157996772 2
4 157998266 2
4 158021186 5e-04
4 158034457 2.5208
4 158039217 2
4 158075041 2
4 158121225 2
4 158127868 2
4 158128619 0.0863
4 158229723 0.0644
4 158245260 2
4 158256962 5e-04
4 158257133 0.31678658266821
4 158323255 1.4516
4 158390602 1.9607
4 158403407 0.2777
4 158413640 2
4 158428922 0.6123
4 158429430 0.6211
4 158433281 0.6166
4 158436307 1.3196
4 158437389 1.3297
4 158442699 0.6123
4 158443929 0.6123
4 158460931 0.6123
4 158465640 0.6166
4 158476181 0.6123
4 158493310 1.3297
4 158494485 1.3297
4 158506893 0.5881
4 158508142 0.5645
4 158508217 0.5881
4 158508665 0.5645
4 158512722 0.5674
4 158623218 3.6021
4 158661231 0.0742
4 158678653 0.2142
4 158700033 1.2113
4 158758058 2.8333
4 158794526 2.69132422976439
4 158804413 0.0023
4 158865039 2
4 158871478 0.60837975742733
4 158881221 0.759396661344192
4 158906071 0
4 158920532 1.33720001044074
4 158930231 0.306085889760502
4 158931689 2.3801
4 158941761 1.01799601001562
4 158960078 0.248327225854884
4 158963601 1.86971575000213
4 158980589 0
4 158984399 0.421573733883872
4 158985410 0.247346927777088
4 158993034 0.846240712260651
4 159001335 0.0078
4 159010021 2
4 159010171 0.257057882564258
4 159021067 0.306152747009387
4 159033885 0.888676763801748
4 159040144 0.1282
4 159046077 1.41565638969084
4 159052963 1.86219576983688
4 159069581 2
4 159069979 1.64412449344904
4 159115525 0.86404048679434
4 159128944 2
4 159131101 0
4 159133732 1.76809604233474
4 159150773 0.159224808224047
4 159157731 0.568213430959077
4 159170503 2
4 159171684 2
4 159172911 2
4 159180147 2
4 159212455 2
4 159213374 2
4 159219424 0.7959
4 159221051 1.0146
4 159223710 0.743
4 159225045 1.081
4 159226643 1.081
4 159249509 1.0146
4 159276846 0.6399
4 159277365 0.607
4 159292882 0.3356
4 159367288 0.7249
4 159374852 0.7249
4 159377045 2.0296
4 159379287 0.7705
4 159400363 0.704
4 159423543 0.910889404231289
4 159424593 1.07567998289147
4 159424796 0.286170744810503
4 159442344 0.0217
4 159445251 2
4 159451917 2
4 159456908 2
4 159458183 2
4 159459356 2
4 159471725 2
4 159473205 2
4 159473249 2
4 159507258 2.4681
4 159510970 2.4681
4 159513337 0.0217
4 159515106 0.0217
4 159516366 1.2135
4 159518278 2.4612
4 159518330 2.4612
4 159528708 0.0217
4 159531881 2
4 159537354 0.0217
4 159546365 0.848166916056457
4 159555076 1.3243940558187
4 159559614 0.768426456431249
4 159597880 2.4825
4 159599402 2.5128
4 159609332 2
4 159610940 2
4 159612257 2
4 159630505 2
4 159632567 2
4 159634624 2
4 159636526 2
4 159637300 2
4 159642666 2
4 159644086 2.247
4 159664801 2
4 159664960 2
4 159678805 2
4 159686187 2
4 159693447 0.0484629047239224
4 159694326 2
4 159694631 2
4 159701293 2
4 159702553 2
4 159710596 0.128471604505304
4 159713747 2
4 159714322 2
4 159715187 2
4 159717671 2
4 159723249 0.0107
4 159733020 2.1054
4 159742239 1.2393
4 159745019 1.2393
4 159746950 8e-04
4 159748874 1.225
4 159759081 0.699503448731003
4 159783343 0
4 159800508 2.369
4 159801484 0.881513262127826
4 159809082 0.541229321230482
4 159810379 2.3127
4 159813328 1.2425
4 159816770 2.3224
4 159843201 2.3224
4 159869375 1.2288
4 159874701 0
4 159881234 0
4 159881760 2.2551
4 159882784 1.2288
4 159901913 1.97501449208899
4 159904098 0.323889793781282
4 159907205 1.94298650640452
4 159913679 0.902
4 159959066 2
4 159978183 3.1176
4 159987859 1.3366
4 159997816 0.0527327947632438
4 160003126 0.29631704242424
4 160025901 5e-04
4 160026317 2.3237449230413
4 160033147 3.92461317489906
4 160041265 0.744612325765355
4 160047339 0.124876892796647
4 160050404 2
4 160058694 0.462433367671076
4 160062402 1.08433003070929
4 160078359 0.0153279628522979
4 160081000 0.71132049936493
4 160086414 0.581898118376453
4 160087506 0.507186344479047
4 160099079 0.728289064051489
4 160103006 2
4 160114679 2
4 160120305 0.0166729819307034
4 160129366 1.9229
4 160147355 2
4 160152625 2
4 160156808 0.0107
4 160171491 2
4 160172070 2
4 160172119 2
4 160173898 2
4 160176191 2
4 160187335 2
4 160227538 0.263305857129964
4 160242283 2
4 160245051 1.33321530428081
4 160251568 0.5776
4 160263380 2
4 160279215 0.297079272668918
4 160284698 2
4 160290475 0.8965
4 160304235 0.634479843319361
4 160316020 0.243718542526039
4 160319171 0.661695197067027
4 160319172 0.2089
4 160343941 2
4 160350257 1.004
4 160359277 2
4 160364943 0.3313
4 160366042 2
4 160366805 0.3264
4 160367917 2
4 160384487 0.3391
4 160389095 2.9959
4 160390726 0.884519014284179
4 160395256 2
4 160407394 1.73935648765665
4 160407942 1.01656279888038
4 160418211 0.107723075247495
4 160420391 0.4155
4 160436278 0.4673
4 160437751 0.976362185293617
4 160442411 0.0278426894261186
4 160444489 0.157632097827477
4 160450858 0.3317
4 160469501 0.36445636844586
4 160476492 5e-04
4 160486425 1.4683164456666
4 160488425 1.97127129625526
4 160494618 1.31345051396453
4 160496203 0.815968117666709
4 160503789 0
4 160503912 1.23702558591097
4 160504472 1.92218692841342
4 160510141 2e-04
4 160530736 0.3201
4 160537102 1.63193512713792
4 160539257 0.5071
4 160548681 0.242475151357204
4 160549322 0.3246
4 160550201 0.0078
4 160550315 0.8816
4 160550426 0.91102311453995
4 160551806 2.3298
4 160555075 0.932
4 160556649 0.997187373999188
4 160557249 2.3298
4 160567698 0.714056418740828
4 160578124 1.38496884878824
4 160585258 0.932
4 160586424 0.159881199352282
4 160586916 0.134704137747915
4 160597310 0.2063
4 160598790 0.0732
4 160616561 0.0624985854613949
4 160618088 0.2063
4 160621368 0.2063
4 160639449 0.932
4 160646603 0.932
4 160647436 0.0732
4 160647653 0.0735
4 160653343 0.917294295058147
4 160654534 0.932
4 160657292 0.0754867740342072
4 160658387 0.876504511965838
4 160668406 0.9116
4 160677465 2
4 160684591 2
4 160687804 0.1571
4 160688032 0.1571
4 160696042 2.2265
4 160706207 0.1571
4 160722467 2
4 160728971 2
4 160739223 2
4 160749418 0.612068869248977
4 160763408 2
4 160763451 2
4 160776991 0.420812120472961
4 160782419 0.321661879855508
4 160790134 1.32554190745325
4 160791869 2
4 160793459 2.3224
4 160802238 2
4 160803029 2
4 160813482 2
4 160818729 2.1665
4 160824507 2.3033
4 160824547 2.3033
4 160826401 0.8685
4 160845205 2.4344
4 160849759 1.2721
4 160850462 1.289
4 160857052 2.1346
4 160870474 2.3033
4 160871452 2.3033
4 160871724 2.3033
4 160873095 2
4 160875746 1.09344152404896
4 160875895 2
4 160908097 2.2593
4 160910191 0.6737
4 160917488 2
4 160926987 1.22421144154891
4 160931453 2
4 160937129 2
4 160953497 2
4 160958084 2
4 160961831 1.4241
4 160990014 2.2356
4 160994194 3.1148
4 161006923 0.464086663031551
4 161017073 2
4 161018401 1.2549
4 161019769 0.6036
4 161021466 2
4 161022554 2
4 161022667 0
4 161025999 1.2549
4 161028331 2
4 161029474 1.6255
4 161034483 1.2549
4 161034502 1.2549
4 161034613 2
4 161034838 2
4 161035803 1.2549
4 161035874 1.2549
4 161036945 2e-04
4 161037019 1.2549
4 161046927 2
4 161047297 1.1274
4 161073750 0.796564722471459
4 161075257 1.12448302383318
4 161083531 1.2775
4 161084801 0.6733
4 161085672 0.6733
4 161088662 2
4 161093961 1.0148370373643
4 161094958 1.08898603002942
4 161095231 0.366334517023487
4 161095240 1.33517067899651
4 161097052 0.357085219091535
4 161099011 0.141206354841051
4 161101900 0.468064655045598
4 161102131 0.00183399077428949
4 161103012 0.97214922036419
4 161109275 0.479
4 161114371 1.09394192234192
4 161118386 0.479
4 161125428 1.69163666715201
4 161133180 1.1763
4 161138385 2.13587320793451
4 161146251 0.680880664066253
4 161146572 0.613111046830717
4 161164386 0.3816
4 161166518 0.3816
4 161168794 0.9658589935264
4 161172236 0.00204663883652286
4 161193139 0.275180805198047
4 161237564 1.46361099654566
4 161237826 1.96355637755081
4 161238209 1.14664235531793
4 161238307 0.866925073774642
4 161241469 0.579612680842511
4 161246900 0.39861049071845
4 161252075 0.512753758393963
4 161259407 1.50116804446778
4 161262157 0.47161904873806
4 161276350 0.109391604107963
4 161284536 1.15172166552365
4 161288620 0.876441247830409
4 161291075 0.317980113440576
4 161294271 2
4 161295991 2
4 161296278 2
4 161298569 0
4 161299438 1.3611
4 161302347 1.0781
4 161303188 1.0781
4 161305209 1.3208
4 161306389 0.8473
4 161307412 0.066410690017273
4 161309025 0.8473
4 161318125 2.3332
4 161319934 2
4 161329386 2
4 161336517 1.4182
4 161338462 1.8451
4 161338657 1.3114
4 161339065 0.9584
4 161345414 2.5237
4 161365330 1.66520808761088
4 161375215 1.0676
4 161379650 1.50228606713807
4 161390834 0.522
4 161391004 2.0272
4 161415752 1.1931
4 161444736 1.028
4 161448996 3.1176
4 161451209 1.67721971068882
4 161452641 1.2135
4 161459061 0.1397
4 161461296 0.735430741410098
4 161471901 0.2535
4 161493517 1.280179050078
4 161503208 1.4024
4 161504505 0.370489010352814
4 161504997 0.475919481935077
4 161514972 2.7918
4 161516682 3.205
4 161526447 0.296773205240222
4 161533008 2.26877365969982
4 161534426 0.2686
4 161540805 1.3613
4 161542058 3.0318
4 161542390 1.9232
4 161551859 1.3613
4 161556028 1.3613
4 161557293 1.3613
4 161559896 0
4 161569799 1.63570311398638
4 161597573 0.9347
4 161607345 0.4447
4 161649112 0.4447
4 161649357 1.9938
4 161661405 2.022
4 161663444 1.26483735082477
4 161670872 2
4 161678048 2
4 161680731 0.511083375323061
4 161682799 0.482241041021167
4 161739832 2
4 161741916 0.14986565996175
4 161747295 0.0273
4 161755330 1.1173
4 161777865 2
4 161779773 0
4 161780892 2
4 161783202 2
4 161783731 0.34130949369733
4 161784755 2
4 161784901 2
4 161789716 2
4 161794878 2
4 161802037 2
4 161808626 2
4 161811061 2
4 161813683 2
4 161824860 2
4 161827466 2
4 161842346 2
4 161855575 2
4 161871424 1.3807
4 161884691 0.0621
4 161897575 0.250915559940079
4 161899519 2
4 161899724 2
4 161920915 2
4 161923729 1.53
4 161924040 0.8106
4 161927753 1.336
4 161930665 2
4 161934616 1.4225
4 161941559 1.4225
4 161949342 2
4 161950984 1.4225
4 161951549 2.4476
4 161959935 2
4 161969615 1.4225
4 161992921 1e-04
4 162034087 0
4 162041266 2
4 162045613 2
4 162081896 1.2761
4 162082489 1.2761
4 162085528 1.4593
4 162089957 1.1966
4 162090061 2
4 162095181 0.00125069139731345
4 162096173 0.20269173409619
4 162121105 0.2438
4 162124103 2.2652
4 162125346 0.0078
4 162127000 0.2881
4 162127378 0.6609
4 162143747 0
4 162145618 0.2666
4 162151719 0.2666
4 162153690 6e-04
4 162153746 0.5504
4 162161184 0.6102
4 162162004 2.2652
4 162163459 0.5048
4 162163467 0.426
4 162186378 0.2881
4 162221936 0.2881
4 162228946 0.6856
4 162231976 0.4472
4 162237464 0.4472
4 162245351 0.4697
4 162257911 2
4 162261944 2.2354
4 162276245 1.2751
4 162276305 1.2751
4 162276544 1.2751
4 162284698 0.141947145299467
4 162286834 1.2751
4 162288286 2
4 162292292 2
4 162293087 5e-04
4 162293295 2
4 162294975 2
4 162296138 0.858239469789775
4 162298963 2
4 162305900 2
4 162305992 2
4 162309163 0.604731070408152
4 162313004 2
4 162324423 0.2238
4 162326970 1.1498
4 162338759 0.1998
4 162340669 0.1998
4 162341176 0.1998
4 162342972 0.2022
4 162344730 0.2022
4 162347266 0.2022
4 162348328 0.2022
4 162349533 0.2022
4 162351934 0.2228
4 162351963 0.392466723112799
4 162353294 0.2022
4 162354489 0.2022
4 162358105 2.6038
4 162360196 2
4 162362313 2
4 162365619 2
4 162368596 2
4 162368899 2.8698
4 162376607 0.819217925883099
4 162380827 2
4 162380979 2
4 162384533 2.4093
4 162387348 2
4 162390013 2
4 162394141 2
4 162412375 2.0665
4 162413954 2.0536
4 162415174 2
4 162417426 2
4 162441375 2
4 162447700 1.9544
4 162451919 0.371301989506498
4 162453799 2
4 162457533 0.143547109473039
4 162462789 0.0067
4 162466817 2
4 162476215 2
4 162489215 0.155062645259332
4 162494777 0.6223
4 162495941 0.8529
4 162501520 0.964984010759486
4 162502698 0.275734566579694
4 162537773 1.6483
4 162544157 0.3979
4 162551957 2
4 162553483 2
4 162561239 2
4 162564829 0.0217
4 162565709 0.0078
4 162567137 1.88392383986512
4 162571940 0.0162
4 162574487 1.46129889454113
4 162577566 0.0162
4 162579797 0.0162
4 162585653 1.02365410799311
4 162588389 2
4 162593480 2.8716
4 162596324 0.733659222552204
4 162606568 1.96925798486885
4 162615333 5e-04
4 162628809 2.1056
4 162642349 2
4 162649117 0.0310286121920324
4 162650708 2
4 162654312 2.21753389784076
4 162657307 0.1755
4 162657462 0
4 162658617 2
4 162663563 2
4 162672193 2
4 162678862 2
4 162684879 2
4 162696374 1e-04
4 162726360 2
4 162756775 2
4 162791562 2
4 162799003 2
4 162814265 0.775729864875354
4 162829569 1.2539
4 162842794 1.2894
4 162847869 1.2894
4 162878224 0.3266
4 162879920 1.91671645331467
4 162882254 0.147889314399643
4 162882947 2.365
4 162883959 0.349463341553407
4 162884651 0.0468871066810452
4 162887290 0.445633478503062
4 162888634 2.46444484961288
4 162888966 0.27697263471877
4 162889449 0.458805929590274
4 162954109 1.63643735841724
4 162961618 0.151620705951538
4 162981243 2.46493663221769
4 163018198 0.396695869736826
4 163023319 0.883904157283093
4 163028524 0.439243581695001
4 163046663 1.8593
4 163090304 2
4 163099940 0.5496
4 163103706 2.2679
4 163104376 2.2679
4 163112646 2.2679
4 163143038 1.44842310842978
4 163146076 0.5496
4 163148245 2.2722
4 163152701 0.5401
4 163153981 0.5496
4 163182938 0.8975
4 163189906 2.2722
4 163209484 2
4 163210455 2
4 163218736 8e-04
4 163221519 3.4254
4 163232922 2.2637
4 163259652 0.1055
4 163307712 1.35648485253221
4 163310181 0.360638341288539
4 163318689 2
4 163322608 0.796471701850171
4 163331528 0.574346201401776
4 163341399 1.36421246676724
4 163343018 0.3511
4 163355412 0.146563303403335
4 163366934 2.084
4 163380858 0.1395
4 163401827 1.56755740683765
4 163412692 1.0789
4 163412790 1.21827968855352
4 163421293 0.0853295779813978
4 163423643 0.0107
4 163462088 0.938093452391689
4 163463703 0.7154
4 163471965 0.9102
4 163476400 2.10829572645901
4 163509228 2
4 163538325 2
4 163544710 2
4 163550071 2
4 163555088 2
4 163556941 2
4 163558509 0.0386
4 163568547 2
4 163576225 2
4 163584802 2
4 163590959 2
4 163595142 2
4 163598228 2
4 163610373 0.0502
4 163611236 0.0502
4 163612090 0.0502
4 163612164 0.0502
4 163615482 0.0444
4 163617071 0.105981951374408
4 163634262 2
4 163639598 2.5345
4 163656235 1.54576749917743
4 163669601 0.196503576540782
4 163674805 2.4029
4 163687866 2.0406
4 163694248 1.4158
4 163695254 2
4 163695351 2
4 163696214 2.0406
4 163700501 3.6021
4 163722225 1.84445833807309
4 163738473 1.4304
4 163741046 2
4 163753879 2
4 163758442 2
4 163790160 0.0742
4 163794726 2
4 163795475 2
4 163799099 0.0804
4 163824000 1.8325
4 163828349 0.0804
4 163831601 1.8474
4 163832313 0.0804
4 163861137 0.604613182410773
4 163862871 1.0397
4 163870927 0.7027
4 163880702 1.71544143052007
4 163889260 1.3613
4 163889919 0.369848497331119
4 163899887 0.5503
4 163907330 0.6189
4 163914111 0.6189
4 163914277 0.8397
4 163919943 1.2228
4 163931062 1.3227
4 163963846 0.6189
4 163964892 2.0046
4 163968386 0.6336
4 163968735 0.6134
4 163994500 2
4 164007656 2.13699176002635
4 164026581 0.809694302496729
4 164033077 0.727532011947219
4 164055553 2
4 164055997 2
4 164059842 2
4 164063288 2
4 164085918 1.8344
4 164101272 2
4 164113384 1.6587
4 164127964 2
4 164142301 2
4 164143648 2
4 164143805 2
4 164147757 1.4241
4 164150826 1.779
4 164151256 3.1305
4 164155334 1.41274802310219
4 164177349 0.000149174011384643
4 164177808 0
4 164187272 2
4 164197854 1.779
4 164206782 2
4 164211329 0.3064
4 164232498 0.0332
4 164236743 0.0553046613881962
4 164242848 0.0994
4 164243357 0.0447
4 164243359 0.0389
4 164256792 2
4 164267929 0.0332
4 164273370 0.634301287123194
4 164285529 0.505865920306633
4 164308580 1.36337487945487
4 164316055 0.967719348498153
4 164322761 0.2699076790541
4 164333862 0.1138
4 164343632 2
4 164346598 5e-04
4 164348472 0.1138
4 164351516 2
4 164354207 2
4 164356510 0.1138
4 164368046 2
4 164369448 0.1138
4 164390799 2
4 164392655 0.9724
4 164392656 2
4 164395341 2
4 164400260 2
4 164404530 2.0515
4 164414325 0.862341325667683
4 164439727 0.0448517070000152
4 164441903 2.1665
4 164443105 1.8115602048177
4 164443535 1.71855637296338
4 164443782 1.13657715681692
4 164470131 1.35609834919835
4 164482290 1.30089669910268
4 164507185 1.2771
4 164511476 2.0284
4 164531901 0.254184892268145
4 164532745 2
4 164535458 0.363859552891303
4 164547005 2
4 164550090 2
4 164550426 2
4 164553761 2
4 164566124 2
4 164567819 1.31484931023444
4 164575044 0.0681
4 164596169 0.0162
4 164622600 2
4 164643559 2
4 164651310 2
4 164658981 2
4 164688041 0.623178000357405
4 164688827 0.268988643593071
4 164689982 1.1564
4 164689985 0.590209772408299
4 164692139 0.460913902584531
4 164694277 0.0642
4 164706522 0.5251
4 164706565 0.6998
4 164708797 1.19969418391863
4 164710908 0.990508465528993
4 164734852 0.0331
4 164736397 0.0858
4 164740948 0.0331
4 164741540 0.0858
4 164762635 0.105651759373011
4 164772779 0.114856748395677
4 164777056 2
4 164782952 2
4 164783061 2
4 164786576 1.3655
4 164789501 2.1062
4 164792209 0.719084244537477
4 164793639 0.297630602578907
4 164801081 0.199250038091645
4 164809893 2
4 164817363 2
4 164826654 0.609706664375163
4 164827090 2
4 164829207 0.278
4 164852434 0.4046
4 164852828 0.1646
4 164864379 0.5751
4 164872787 0.2336
4 164904346 0.1834
4 164918394 1.48162137359117
4 164926063 2
4 164931952 2
4 164932887 2
4 164939867 0.185825481231559
4 164939937 0.5942
4 164941566 0.773583084905298
4 164944559 1.1993706442499
4 164944977 2
4 164973367 2
4 164980509 1.4293
4 164982951 1.6781537287058
4 164987954 0.582962982992275
4 164999894 0.7763
4 165003635 1.1988
4 165028740 0.305368354496085
4 165049745 0.4508
4 165061623 0.84
4 165062772 2.73327605230629
4 165064473 2.1976
4 165066374 0.5644
4 165067006 2.2941
4 165069010 2.2941
4 165075295 2
4 165143023 0.483988857679561
4 165145863 2
4 165147155 2
4 165150342 2
4 165151151 2
4 165155464 2
4 165158629 2
4 165158920 2
4 165166094 2
4 165235481 0.807342581410108
4 165242374 1.02128541497253
4 165258524 0.734943189638204
4 165264706 0.5544
4 165264767 0.663497694913333
4 165271047 0.684553197275195
4 165277487 0.19429230947679
4 165282731 0.186656178822497
4 165287534 1.87549757736833
4 165298273 0.717924801334946
4 165304027 0.957873567113605
4 165308090 0.116515208825586
4 165319904 1.12009121777855
4 165332773 2
4 165334405 2
4 165335660 2
4 165337089 2
4 165343180 1e-04
4 165356336 2
4 165357098 0.0386
4 165361552 1.216
4 165370841 1.13132187668313
4 165372928 1.216
4 165374455 2
4 165375227 2
4 165398318 2.0367
4 165401390 2
4 165403329 2
4 165406336 0.209355186425729
4 165412164 2
4 165414398 2
4 165415983 2
4 165417139 1.8512
4 165417557 2
4 165422837 2
4 165423581 1.9627
4 165423755 0.0867673587755141
4 165425744 1.9627
4 165426375 1.9627
4 165428435 0.794126244582606
4 165428538 1.9627
4 165429207 1.9627
4 165429478 1.9627
4 165429529 1.9627
4 165429675 1.9867
4 165429776 1.9627
4 165435095 2
4 165437741 1.4765
4 165449004 2
4 165450360 2
4 165459100 0.140069902415007
4 165466563 2
4 165478313 2.4033
4 165490660 2.4217
4 165505729 2
4 165530178 0.681990903646921
4 165532753 0.361552752890119
4 165535224 2.0272
4 165546134 2
4 165559433 2
4 165563063 2
4 165565802 2
4 165567054 2
4 165580244 0.0624
4 165587042 1.02193529651046
4 165594177 1.4622
4 165616566 1.07240639400122
4 165634385 0.0782339641655455
4 165644697 0.0933
4 165664675 1.43430465599516
4 165685146 0.4773
4 165686650 0.497047025012331
4 165697754 0.5974
4 165706844 2
4 165708117 0.5974
4 165728221 0.0273
4 165729292 2
4 165729864 2
4 165736150 0.543
4 165736866 0.543
4 165741432 0.0624
4 165743335 2
4 165750282 1.12564709847263
4 165762150 0.0994851798228721
4 165768444 0.0038
4 165777549 2
4 165797765 0.113260281332434
4 165822815 0.9623
4 165851267 1.6044
4 165851703 0.704049436719148
4 165870967 1.2172
4 165879824 0.169774977515953
4 165895829 1.2709
4 165903920 0.111437715066093
4 165906312 0.392174673160088
4 165906599 1.18971497600943
4 165907642 0.207360835624747
4 165953699 2.7094
4 165954881 2.7094
4 165973730 2
4 166011667 0.754388322005815
4 166024714 2
4 166034968 2
4 166050674 2
4 166059657 2
4 166061390 2
4 166063692 2
4 166063934 2
4 166095413 0.7326
4 166095840 0
4 166098160 1.18742670054898
4 166106730 0.8722
4 166109899 2
4 166120083 1.37536863931831
4 166120099 2
4 166127995 1.24473778980339
4 166128977 2.4281
4 166136457 0.955927594970599
4 166142887 2
4 166148427 2
4 166148646 1.0268
4 166158762 2
4 166163457 2
4 166164162 2
4 166165352 2
4 166169753 2
4 166171242 2
4 166174493 2
4 166177735 0.104233510818608
4 166186469 2
4 166187756 2
4 166192370 2
4 166196520 2
4 166242150 0.0924
4 166265019 1.42136137647969
4 166265703 1.29590837992892
4 166267705 5e-04
4 166268289 0.206477160842009
4 166270700 0.381364788351647
4 166271493 1.1397
4 166278039 1.41011458286722
4 166278444 0.242455192843857
4 166281606 0.469364458783083
4 166282233 0.0595109033764119
4 166285605 1.11244041976157
4 166290931 1.5945
4 166294965 0.215098054882431
4 166296256 1.08755202181753
4 166298090 0.407485462668173
4 166301858 0.725827099154314
4 166303885 1.01647475430072
4 166303920 0.431462165944526
4 166304116 0.685759547530386
4 166304660 0.384753036348707
4 166309870 1.28990521155486
4 166315307 1.08968055881059
4 166337970 0.5543
4 166387234 1.055897900782
4 166401269 0.986298780043681
4 166402885 0.0621
4 166414584 0.0621
4 166416191 0.0621
4 166430900 0.0502
4 166436820 2
4 166440331 2
4 166445857 0.0502
4 166451480 2
4 166453014 0.0502
4 166463366 0.0866
4 166463612 0.0866
4 166467808 2
4 166474384 0.0502
4 166487379 0.239663144716015
4 166487632 1.3392088656186
4 166488501 1.81784487492008
4 166490517 0.712452918060212
4 166497251 0.819673088331999
4 166499467 0.102362306729541
4 166509361 1.05696621159898
4 166510687 0.248143077558286
4 166521561 1.42031206355298
4 166580920 2
4 166594454 2.1485
4 166598867 2.1485
4 166599602 0.479555786405673
4 166603768 0.935821138162128
4 166610570 2.1485
4 166618627 1.8626
4 166660628 0
4 166691292 0.5286
4 166694920 2.06890405393337
4 166701622 0.5286
4 166702814 1.4447
4 166708055 1.6788
4 166714381 0.457
4 166718785 0.5037
4 166724020 0.934599835706247
4 166730246 0.3017
4 166730811 0.379989257390369
4 166734922 0.60990788446054
4 166736721 0.3017
4 166744402 2
4 166745916 2
4 166746598 1.1677
4 166747137 0.6746
4 166747182 2
4 166747235 2
4 166750458 2
4 166751033 0.681
4 166752571 0
4 166754244 2
4 166754484 0.2852
4 166755247 0.2852
4 166755695 0.5888
4 166755809 0.472864911615784
4 166763841 2
4 166764062 2
4 166764459 2
4 166764706 0.2852
4 166766743 0.646252897662765
4 166769334 2
4 166770021 2
4 166772879 2
4 166788183 0.8727
4 166804005 1.92745290306426
4 166807561 1.22549622696373
4 166814501 1.72108196779649
4 166871913 1.1662
4 166875452 1.73892838475323
4 166877760 0.569000545605632
4 166881571 1.1557
4 166886979 0.8286
4 166905317 1.1662
4 166925381 0.26323025012647
4 166930488 1.48682779736141
4 166942409 0.103326447636763
4 166951434 1.22910523741524
4 166954084 0.269504122735718
4 166954963 0.807968871274173
4 166964608 1.3464
4 166977166 1.70430220130717
4 166980731 0.528699226536425
4 166987095 0.347707880826481
4 166995249 2.13726310241307
4 167001399 0
4 167031995 0.437638478694865
4 167037255 1.0055
4 167052991 0.483741592259391
4 167057279 2
4 167068298 0
4 167080863 1.6284
4 167091299 1.6284
4 167116492 5e-04
4 167131597 1.05030565309439
4 167134326 2
4 167154386 2
4 167200956 0.510377325072866
4 167218624 2
4 167246864 0.432327003276634
4 167269516 2
4 167289901 1.0495
4 167291193 2
4 167291710 2
4 167303153 1.5383
4 167321211 0.514409392365272
4 167340686 2
4 167349183 1.4192
4 167354830 2
4 167356393 1.4013
4 167359328 2
4 167359968 2
4 167361594 2
4 167369074 2
4 167370275 1.4192
4 167371572 2
4 167378806 2
4 167384748 1.4953
4 167406985 0.0712
4 167412877 2
4 167429979 2
4 167434948 2
4 167436110 2
4 167473093 2
4 167479729 2
4 167484097 1.4637
4 167490248 1.69115737349207
4 167511776 2
4 167515024 2.04212023384219
4 167521189 0
4 167552330 1.01385365216862
4 167559377 0.4353
4 167589128 0.5309
4 167603991 2
4 167611533 2
4 167615527 2
4 167616233 2
4 167616518 2
4 167616771 2
4 167616873 2
4 167617003 2
4 167617869 2
4 167618297 2
4 167628443 2
4 167630547 2
4 167639427 2
4 167650731 2
4 167651652 2
4 167656646 2
4 167659398 2
4 167659549 2
4 167660381 0.31526523841331
4 167667896 2
4 167668429 2
4 167671096 2
4 167699465 0.951574923116339
4 167723773 1.8205
4 167724140 0.948991726670835
4 167749876 2
4 167753360 2
4 167772479 2
4 167778184 2
4 167780552 0.853
4 167788021 2
4 167788027 2e-04
4 167858328 2
4 167870626 0.588
4 167879972 1.35416046011816
4 167880343 2.00814862118953
4 167890975 0.801393912910611
4 167911566 2
4 167914350 2
4 167914492 2
4 167917613 2
4 167947014 0.7347
4 167976426 2
4 167992330 0.0078
4 168083114 1.6351
4 168101794 0.4076
4 168105532 0.3722
4 168114817 0.3834
4 168126119 0.4058
4 168146387 0.3689
4 168148445 2
4 168155460 0.5996
4 168155512 0
4 168157412 0.4338
4 168158184 0.3993
4 168176008 2
4 168183497 1.8653
4 168183828 2
4 168186601 2
4 168188564 0
4 168190439 2
4 168297068 2
4 168301657 2
4 168302884 2
4 168307697 0.6278
4 168332025 2
4 168338602 2
4 168350837 5e-04
4 168358019 0.115
4 168362094 0.115
4 168367184 0.115
4 168372708 0
4 168386761 0.1191
4 168395931 0.8716
4 168398019 1.22970942378959
4 168413897 2
4 168429649 0.7672
4 168437207 0.161972061282915
4 168439897 2
4 168448669 0.582169227237966
4 168471652 1.11119102321083
4 168478672 0.2964
4 168484028 5e-04
4 168487133 2
4 168498497 0.549016491842806
4 168509464 2
4 168518210 1.27435452163271
4 168531360 0.378579558516344
4 168535306 2
4 168549411 2
4 168554366 0.764684780793419
4 168577675 2
4 168586214 2
4 168587025 1.2016
4 168609131 2
4 168615685 0.0197
4 168617292 0.2965
4 168626887 0.478801817129573
4 168660593 2
4 168661068 1.5029
4 168665978 2
4 168669220 2
4 168669889 2
4 168679109 0.7572
4 168694377 0.3757
4 168715329 0.994803958552574
4 168731657 1.59590814675508
4 168752678 2
4 168759228 2e-04
4 168769669 2
4 168781081 2
4 168781216 2
4 168785887 2
4 168803858 0.218280647214485
4 168810643 2
4 168810669 2
4 168830351 2
4 168835221 0.455976628972963
4 168844939 0.896026822881673
4 168845444 0.7024
4 168882231 2
4 168898979 1.6457
4 168919816 2
4 168945483 2.8716
4 168971434 2
4 168976442 0.727301943472352
4 168983963 0.643963171193475
4 168994725 0.940728554755938
4 169001496 0.0561
4 169016920 5e-04
4 169026319 1.1935576069062
4 169026849 0.0681
4 169033860 0.438763920308486
4 169040452 0.047113840607717
4 169043659 0.360107129620151
4 169046573 0.284141848880694
4 169055153 2.08090493329573
4 169057159 0.142700358843151
4 169069055 0.0942
4 169078896 5e-04
4 169080616 2.365
4 169094826 2
4 169097215 0.9006
4 169103651 0.9313
4 169106008 2
4 169126981 2
4 169134836 0.596486646140671
4 169141801 2
4 169142938 0.240077709973704
4 169145770 5e-04
4 169153046 0.899153037591971
4 169153874 0.45075405951507
4 169175041 0.2637
4 169187012 0.597
4 169194020 0.4132
4 169197614 0.4961
4 169198443 7e-04
4 169219384 5e-04
4 169223612 0.4132
4 169233096 0.4244
4 169236946 1.1126
4 169276511 2
4 169299776 2
4 169331434 2
4 169331753 2
4 169332712 0.347289341411934
4 169371841 2
4 169383821 2
4 169391480 2
4 169399403 2
4 169407170 1.6701
4 169407903 2
4 169417221 2
4 169433325 2
4 169480857 2
4 169484192 2
4 169497631 2
4 169536705 2
4 169568952 2
4 169571807 2
4 169573658 2
4 169573849 2
4 169595816 2
4 169617831 2
4 169626144 2
4 169631481 2
4 169648330 2
4 169679070 2
4 169684877 2
4 169705240 2
4 169712300 2
4 169726257 0.0053
4 169728918 0.0107
4 169749441 0.966083971355462
4 169764783 2
4 169771292 3.115
4 169812961 2
4 169819474 2
4 169845511 2
4 169861898 1.84993879830292
4 169868867 0.418560597092566
4 169872532 0.083368766209798
4 169881268 0.774314985174884
4 169883159 2
4 169883200 0.964216673596092
4 169883284 0.0645679930094123
4 169888498 0.332685372978563
4 169895767 0.1325
4 169900454 0.1325
4 169901952 0.1325
4 169916127 2
4 169922634 0.0273
4 169929976 2
4 169950660 2
4 169956782 2
4 169964063 2
4 169972218 2
4 169990154 2
4 169996144 0.803983250808817
4 170014703 0.150294707848326
4 170024340 2
4 170030587 2
4 170047511 0.713786197258492
4 170053735 2
4 170068878 2
4 170072301 2
4 170078709 1.08561525390213
4 170100348 2
4 170107365 2
4 170123700 0.176743048930074
4 170160978 2
4 170164443 0.851502249251981
4 170166519 5e-04
4 170170981 0.6892
4 170171436 0.622
4 170172420 0.622
4 170212240 0.6384
4 170236447 0.214
4 170238474 5e-04
4 170242418 0.1991
4 170251680 2
4 170262880 2
4 170276269 2
4 170286808 2
4 170296094 1.26628682213776
4 170316092 0.142
4 170318119 0.142
4 170330261 2
4 170336357 0.228538077769844
4 170347563 0.164226301906548
4 170350496 1.01394076538882
4 170368078 0.912190084813103
4 170398072 0.1006
4 170403223 2
4 170464146 1e-04
4 170467849 0.524419648680249
4 170479499 0.168781804240258
4 170482609 0.553373702373326
4 170499792 1.50843594597506
4 170506697 0
4 170507257 0.684273364066048
4 170516625 5e-04
4 170518578 0.2469
4 170528147 0.2304
4 170555454 0.2908
4 170589783 2
4 170600368 0.0162
4 170602704 0.0162
4 170622535 2
4 170636986 2
4 170639671 2
4 170657177 0.6954
4 170659224 0.6761
4 170659898 0.6954
4 170662842 0.0078
4 170673551 0.6959
4 170678651 0.9727
4 170699380 0.7154
4 170702773 0.9404
4 170706824 0.8545
4 170741050 0.860939790492788
4 170863650 1.3944452387074
4 170864219 0.380164199145673
4 170865733 0.317833188497112
4 170870582 0.0227952074534802
4 170879943 1.0692095009747
4 170921403 2
4 170954030 0.566
4 170966746 2
4 170969954 0.3692
4 170972878 2.2286
4 170977739 2
4 170977961 0.3464
4 170983333 0.3464
4 170992671 2
4 171004065 0.3518
4 171004243 2
4 171012600 0.3692
4 171015193 0.3518
4 171021271 2
4 171021337 2
4 171022640 2
4 171033372 0.819344275806361
4 171034146 0.566
4 171035849 2
4 171082288 0.5906
4 171085268 2.63824135969168
4 171182587 2
4 171184677 2
4 171185201 1.13957443797707
4 171188624 0.876708550265839
4 171193581 2
4 171205668 0.775997322615087
4 171209970 2
4 171212614 0.168745922428584
4 171214156 0.805912368862779
4 171215191 1.32457665696288
4 171215570 1.20842826829452
4 171215591 0.0758681505074421
4 171220415 1e-04
4 171221407 0.441078630239018
4 171228912 0.636612185074405
4 171229403 1.5859
4 171229483 0.897069697991189
4 171230506 0.300402800186306
4 171231367 0.842290786871381
4 171233706 0.648658866192765
4 171237738 0.0698690470237252
4 171255377 0.646757751440268
4 171259502 2
4 171269836 2
4 171282713 2
4 171297380 2.8716
4 171302908 2
4 171310972 0
4 171315665 0.754812267328971
4 171322939 0.699520484820364
4 171329635 1.49700990617562
4 171330442 0
4 171340764 1.793
4 171342203 2
4 171348801 0.652830921648985
4 171359945 2
4 171365395 0.11419268550115
4 171419050 2.54681007623346
4 171419153 0.236274220447618
4 171421971 2.0814501140695
4 171428746 1.97170097159563
4 171432080 0.683513249506456
4 171433531 0.724143564417613
4 171443580 0.401139506478097
4 171448261 0.248608166124853
4 171452524 0.103359778394259
4 171453430 0.4172
4 171463538 0.079844094998035
4 171467577 2
4 171468440 2
4 171475158 2
4 171476474 2
4 171495459 2
4 171502048 2
4 171557497 2
4 171566468 2
4 171578651 2
4 171613484 2
4 171614394 2.2627
4 171657070 5e-04
4 171661648 1.6928
4 171686590 0.6474
4 171686828 0.762799670104851
4 171691932 0.323396746093775
4 171732058 2
4 171755530 1.29138736550135
4 171804780 0.0499
4 171806461 0.0499
4 171819583 0.0664502837122936
4 171821907 0.5246
4 171826649 0.5681
4 171836333 1.0064
4 171837632 0.212830570730742
4 171850140 0.242457961505402
4 171854987 2.35757342947939
4 171865590 2
4 171955552 0.4599
4 171956009 0.647
4 171956133 0.4599
4 171956307 0.4599
4 171956440 0.4599
4 171957054 0.4693
4 171957223 0.4693
4 171958328 0.4693
4 171959084 0.3782
4 171966397 0.4148
4 171966715 0.6369
4 171990010 0.0162
4 172001704 2
4 172002301 2
4 172013912 0.2127
4 172016733 0.7046
4 172022706 2
4 172029136 0.129486753209894
4 172036277 2
4 172036582 0.161762934515436
4 172080968 0.4452
4 172081876 0.4101
4 172084310 2
4 172087443 0.2028
4 172108666 2
4 172130104 2
4 172150391 2
4 172183370 0.2566
4 172206818 7e-04
4 172209184 0.210592203346014
4 172219119 0.688029355454411
4 172230944 2.2542879129932
4 172234963 2
4 172235157 5e-04
4 172273357 0.794252601322176
4 172278308 1.21778340389377
4 172288781 1.0516
4 172293370 2
4 172293799 2
4 172295722 0.0053
4 172296811 0.492787333298194
4 172311654 0.762685275503141
4 172312003 2
4 172318930 2.0485428772284
4 172321794 2
4 172329518 0
4 172377650 2
4 172378221 2
4 172386150 2
4 172406945 0.296555883808412
4 172413728 2
4 172415420 0.946263087262432
4 172423504 1.25545489231051
4 172425106 1.66867336178093
4 172439830 1.0516
4 172444126 2
4 172473846 2
4 172478835 2
4 172480299 0.8263
4 172482115 2
4 172483296 1.5752
4 172490512 2
4 172519797 1.50064290627889
4 172540954 2.62268715141739
4 172547397 2
4 172552858 2
4 172555579 1.9275
4 172581310 1.19224930577555
4 172596460 2
4 172599171 0.328708370783935
4 172599461 2
4 172600088 0.958716909838415
4 172624772 2
4 172628958 2
4 172631751 0.583837256142959
4 172678221 2.08519862353302
4 172688921 0.9231
4 172692207 2
4 172694213 0
4 172709648 2
4 172719784 0.6805
4 172723787 2
4 172725148 0.6805
4 172740560 0.6636
4 172741148 0.6636
4 172744055 0.6636
4 172751508 0.6805
4 172751913 2
4 172759627 2
4 172761134 0.6471
4 172763722 2
4 172768660 2
4 172769483 2
4 172773978 2
4 172777022 2
4 172778607 2
4 172801940 0.0512
4 172833126 2
4 172856648 0.1681
4 172875555 0.1681
4 172880466 0.1681
4 172974087 0.6775
4 172990893 2.5282
4 173005534 0.6835
4 173007315 0.6835
4 173063850 1.0426
4 173095490 0.257368980128646
4 173108649 0.9724
4 173127124 0.938106766359388
4 173138332 1.03635464959246
4 173139744 0.0162
4 173144999 0.8545
4 173149808 1.24823381844564
4 173151141 1.51722308117395
4 173153106 0.8286
4 173155893 0.927292634549496
4 173156622 0.792794435217034
4 173158225 0.20924938438359
4 173162269 1.18419603036198
4 173169969 0.758392270780391
4 173188471 1.73624177296093
4 173202156 0.1146
4 173207619 1.60837238195784
4 173215848 0.0972
4 173217716 0.0972
4 173226210 0.9724
4 173226357 0.0972
4 173259171 0.294754594791242
4 173288282 2
4 173340951 1.98837680453362
4 173353437 0.0107
4 173380608 0.0273
4 173394617 0.729699767387613
4 173418394 0
4 173434459 2
4 173435312 2
4 173438788 0.7097
4 173445583 0.0053
4 173447086 2
4 173453136 2.1804
4 173462360 2
4 173465642 2
4 173472522 0.3129
4 173474196 0.6457
4 173480357 2
4 173485192 0.3129
4 173486076 2
4 173488138 2
4 173492497 2
4 173497423 1.04764766925308
4 173526211 1.35624856906582
4 173542564 0.3012
4 173553373 0.396934761077785
4 173583265 0.1062
4 173603030 2
4 173614757 2
4 173619009 2
4 173620925 2
4 173629792 0.7409
4 173630290 2
4 173640932 2
4 173659612 0.7729
4 173660916 2
4 173670528 2
4 173695331 2
4 173712004 2
4 173716728 0.4375
4 173717293 2
4 173718353 0.568759968296305
4 173725672 2
4 173739697 2.27844544975098
4 173742269 0.659759014362272
4 173764850 0.768049508663997
4 173769913 0.1138
4 173771344 2
4 173785891 2.0648
4 173787688 0.440742541925898
4 173795989 1.0035
4 173799137 5e-04
4 173799201 0.0104000589331138
4 173834743 2
4 173848824 2
4 173855310 1.35132793776375
4 173862038 0.885687656441184
4 173863470 0.398153821019712
4 173868290 0
4 173868840 0.0421805833524146
4 173876923 0.0469473588231384
4 173887797 2
4 173888636 2
4 173891286 0.379853697046123
4 173927840 1.1859
4 173955659 1.38003733701269
4 173957189 1.6627
4 173961235 1.2766962420108
4 173962498 0.206
4 173969448 0.22014507892273
4 173973194 0.206
4 173974757 0.206
4 173988774 0.206
4 173991523 1.32072542635138
4 173996051 0.634
4 173997080 0.112809598952824
4 174011593 0.0078
4 174022514 1.14662882506531
4 174027888 0.207073954910208
4 174060417 0.772819070549631
4 174073614 0.617160857108636
4 174080714 0.468186700837483
4 174081225 0.161998563832392
4 174082918 2
4 174093883 5e-04
4 174098397 2
4 174102098 1.1529
4 174106020 2
4 174106041 2
4 174106070 2
4 174133390 0.7804
4 174138117 0.56419408635389
4 174138244 2
4 174186910 2
4 174214345 2
4 174221493 2
4 174254227 2
4 174291785 0.0077
4 174296326 0.5187
4 174318127 0.5097
4 174333310 0.0660999461356341
4 174338152 2
4 174346704 0.1363
4 174354761 2
4 174355229 2
4 174379759 2
4 174393702 2
4 174394273 2
4 174397431 2
4 174399791 2
4 174422187 0.0269
4 174431613 0.281303621785241
4 174437496 1.07749506345116
4 174441375 2.09758665050646
4 174446481 1.47432474929449
4 174448818 0.7221
4 174455520 0.152755210237383
4 174460900 0.6954
4 174463776 0.3003
4 174501045 0.0756516073247056
4 174512558 1.4268
4 174516302 0.5332
4 174517577 1.4268
4 174528784 1.52210313271793
4 174532420 0.433
4 174549166 1.1742
4 174549589 1.0626
4 174552583 2
4 174563595 0.7096
4 174563981 1.1363
4 174571459 2
4 174584064 1e-04
4 174596448 1.2104
4 174596636 1.2104
4 174632741 0.384816591343316
4 174634556 0.6883
4 174634673 0.7026
4 174643069 1.9802
4 174644514 5e-04
4 174646660 2
4 174649986 2
4 174660831 2
4 174661268 2
4 174661634 2
4 174662496 2
4 174691821 0.3991
4 174696163 0.2897
4 174707889 0.972381291348236
4 174708811 1.0211
4 174709036 1.7011
4 174711446 0.2672
4 174713493 1.7011
4 174717213 2
4 174726132 0.312023451787713
4 174731925 2
4 174732359 1.64096674788052
4 174732779 0.698239691281711
4 174733136 0.0638
4 174758411 0.825075026058406
4 174761699 0.5956
4 174770607 1.44990920487703
4 174771821 0.98253630390248
4 174773965 0.313025271886257
4 174776056 0.0875124085363518
4 174784220 0.174253169201924
4 174820900 2
4 174823251 0.1255
4 174838784 0.2535
4 174852868 0.1255
4 174853900 0.821001599703786
4 174856720 0.1255
4 174858523 0.1255
4 174860223 2
4 174864548 0.1255
4 174869291 0.344410363585424
4 174870610 0.1255
4 174877849 1.28805324594227
4 174887860 0.0280591114050643
4 174888580 1.00704052274226
4 174891335 0.1323
4 174893961 0.547749479302423
4 174894954 0.229185817148758
4 174895190 2
4 174895471 0.173481121720449
4 174904333 0.1094
4 174906305 2
4 174908052 0.1094
4 174913500 0.5345
4 174925970 4e-04
4 174926285 0.0378016637021664
4 174940020 2
4 174947289 2
4 174949299 0.0157710463132717
4 174953333 0.833418169117707
4 174954863 0.286432312211017
4 174956494 0.302795551319092
4 174971738 2
4 174982492 2
4 174984483 0.7239
4 174988148 2
4 174999426 0.4444
4 175011594 0.9907
4 175019680 2
4 175020752 2
4 175025819 2
4 175027362 2
4 175028796 2
4 175047540 2
4 175048834 2
4 175074868 2
4 175104054 2
4 175106713 0.0078
4 175115939 1.79202024765534
4 175125720 2
4 175129381 2
4 175132814 0.501430776270926
4 175145184 0.844225090419073
4 175163209 2
4 175181554 2
4 175185155 2
4 175226031 0.7448
4 175228240 1.42232862591132
4 175235186 0.7663
4 175247517 1.23556653542634
4 175254845 1.413
4 175257509 1.4279
4 175279582 0
4 175280461 0.822328157574294
4 175313191 1.24174996549922
4 175320534 2
4 175383280 0.0383
4 175391748 0.0383
4 175426550 1.058
4 175463259 0.0162
4 175479077 5e-04
4 175563862 2
4 175591889 2
4 175599148 2
4 175599730 2
4 175600997 0.0499
4 175622858 0.396964314165629
4 175623444 0.32102859861936
4 175623452 0.784037388438294
4 175627073 0.0862
4 175628765 0.291825302480021
4 175644581 2
4 175655808 1.3413
4 175656089 1.3485
4 175666540 2
4 175674268 0.5294
4 175706583 0.2789
4 175724535 1.82202167971559
4 175726566 0.191271490985684
4 175726605 0.876488862497024
4 175749255 0.6107
4 175756619 0.4539
4 175760124 0.4611
4 175783294 1.13424332109581
4 175802147 0.222911704102477
4 175818603 0.0386
4 175829016 0
4 175858510 0.3675
4 175879205 2
4 175879263 2
4 175902619 2
4 175911013 0.500895074734446
4 175915228 0
4 175921246 1.1662
4 175930440 2
4 175931707 1.2539
4 175947980 1.1981
4 175953471 2
4 175966010 1.1981
4 175974732 2
4 175982763 2
4 175986729 2
4 175993085 2
4 176024112 0.947462131501356
4 176026455 1.235758486522
4 176028201 0.0063
4 176032526 0.415003488047113
4 176037941 1.1494
4 176042005 2
4 176046591 1.17655981903426
4 176054359 0.151879400437809
4 176055467 0.877252521272874
4 176056864 2.09029337456619
4 176060965 1.19252228124775
4 176061261 0.307086135110165
4 176062454 0.923792652513102
4 176068085 6e-04
4 176075576 0.0283
4 176075751 0.0283
4 176075917 0.0283
4 176096775 0.0078
4 176111961 0.5874
4 176120488 1.37097846329192
4 176120587 2
4 176130762 0.3003
4 176130824 1.64512654714581
4 176130913 2.98230575303627
4 176140716 0.955540373080524
4 176141817 1.34382881898425
4 176157619 0.2146
4 176183235 2
4 176190020 2
4 176204350 2
4 176210117 0.0484
4 176219533 2e-04
4 176222944 2
4 176224739 0.6747
4 176231013 0.6747
4 176234139 0.8319
4 176265776 0.4723
4 176267330 2
4 176272962 0.219528381918244
4 176291558 1.8085
4 176306520 0.00475960543897416
4 176306587 1.85280310954304
4 176309331 0.272827246914329
4 176311621 2
4 176312052 1.49904057674434
4 176312328 0.0876518871264155
4 176322645 4e-04
4 176324805 1.3134
4 176325470 0.642702132823024
4 176332863 3.1147
4 176337099 1.2935
4 176345726 2.2073
4 176360514 1.03597382616566
4 176375703 0.844167187091102
4 176376117 0.0383
4 176391366 0.353184411293829
4 176394814 0.0505
4 176395891 0.895928510815157
4 176422734 1.1231
4 176425663 0.8627
4 176430355 0
4 176435797 2
4 176437128 2
4 176449529 2
4 176460843 1.3178
4 176461964 0.259962175397064
4 176466466 0.401871365241602
4 176468768 1.2998
4 176474989 2
4 176475614 1.1682
4 176476270 2
4 176478200 1.0583
4 176479106 1.1682
4 176480898 0.4399
4 176482105 2
4 176485875 0.5898
4 176492288 0.5898
4 176496608 1.0162
4 176503427 1.3057
4 176503428 2
4 176505945 1.3057
4 176506620 1.0162
4 176507391 1.0162
4 176508969 2
4 176512798 0.197
4 176513382 0.5895
4 176516530 0.4035
4 176520375 0.4035
4 176521752 0.3659
4 176539476 0.5585
4 176544047 0.099
4 176545366 0.2942
4 176549062 2.2965
4 176557989 2
4 176559491 2
4 176560889 2
4 176571581 2
4 176574263 2
4 176577041 0.613888904770229
4 176578853 0.459884016762225
4 176584860 2
4 176589458 2
4 176594024 0.498302006185796
4 176594620 0.368
4 176641189 0
4 176643168 2
4 176652698 0.5998
4 176670434 2
4 176681324 2
4 176687721 0
4 176688950 2
4 176692117 2
4 176692266 2
4 176692415 2
4 176692577 2
4 176696210 0.38742952976022
4 176704741 2
4 176722488 2
4 176723257 2
4 176724395 2
4 176750607 2
4 176757603 2
4 176759738 2
4 176764741 2
4 176784593 2
4 176793081 2
4 176799205 2
4 176801175 2
4 176808011 0.634493561699196
4 176852461 0.515000786171485
4 176867037 0.0157880746023925
4 176870309 1.5680361101362
4 176872199 1.72124506868379
4 176878628 0.322752881595042
4 176890004 0.842072390742699
4 176892266 0.00741567692692211
4 176892540 0.512978866046335
4 176892744 0.00594509719979266
4 176926286 0.267123080543772
4 176950206 2
4 176957308 2
4 176977389 1.8956
4 176995720 2
4 177008490 0
4 177009034 0.7804
4 177020716 0.1552
4 177031234 0.1552
4 177033080 0.1552
4 177042994 2
4 177046813 0.1326
4 177058292 0.790991699211316
4 177061793 2
4 177068446 2
4 177070483 2
4 177075185 2
4 177084665 0.458012747021092
4 177084934 2
4 177097837 0
4 177098427 2
4 177110385 0.369317630011825
4 177134876 2
4 177164313 2.61866243417779
4 177169874 5e-04
4 177170478 2
4 177198876 0.0746
4 177221547 0.2396
4 177222491 0.1129
4 177224511 0.1129
4 177226042 0.1129
4 177227044 0.1129
4 177231722 2
4 177237194 1.0473
4 177245920 0.0735
4 177272163 2
4 177287856 0.0386
4 177296964 0.5791
4 177307845 2
4 177308771 2
4 177308956 0.180718810919653
4 177314232 0.189083366741529
4 177321853 2
4 177325332 0.486155634432792
4 177325781 2
4 177328461 2.17924154170645
4 177339114 0.588949469103055
4 177343066 2.0007
4 177346960 2
4 177354252 0.4191
4 177358988 2
4 177370038 0.8307
4 177380877 0.187812889126611
4 177381578 1.47986902766398
4 177395312 2
4 177405068 0.151937212632921
4 177423807 1.9875740566892
4 177448612 0.0661435289393223
4 177450866 2
4 177456515 1.28735822484605
4 177458950 2
4 177464642 2
4 177475993 2
4 177484275 2
4 177493525 1.3278
4 177497021 2
4 177497171 2.6908
4 177497751 2
4 177501555 2
4 177514848 0.367430027343624
4 177531116 0.9871
4 177533825 2
4 177537890 2
4 177539647 0.9871
4 177544647 2
4 177547245 1.2211
4 177547285 1.2211
4 177551557 5e-04
4 177565829 2
4 177568401 0.240615695582187
4 177577373 2
4 177586171 0.8282
4 177590874 0.3643
4 177622298 0.295
4 177622859 0.295
4 177623071 0.772
4 177640312 0.295
4 177643702 0.0247
4 177647009 0.2763
4 177672068 0.000100029085857997
4 177682216 0.579385609043631
4 177692083 0
4 177698799 0.1654
4 177711875 1.26357860050701
4 177711989 0.1621
4 177721221 2
4 177723538 2
4 177735222 0.0178
4 177735380 0
4 177736696 0.561115716128598
4 177736741 0
4 177738000 2
4 177754562 0.7704
4 177757147 2
4 177778370 2
4 177780129 2.24502243689261
4 177784348 0.8044
4 177793594 0.0682
4 177797263 2
4 177809301 2
4 177812768 0.0682
4 177812924 0.0868
4 177816977 2
4 177819494 0.0682
4 177823813 0.0743
4 177835531 0.0682
4 177836637 5e-04
4 177863268 0.383291802762553
4 177867070 2
4 177867955 0.423316946213285
4 177870697 0.195850469606576
4 177874140 1.05520894493278
4 177874915 0.120249995119037
4 177876760 0.411788736825309
4 177878977 0.7817
4 177880128 2
4 177880758 2
4 177885174 0.381901875493978
4 177885278 0.0933
4 177890855 0.2936
4 177909223 0.7817
4 177933657 1.17165121547177
4 177956395 0.6822
4 177962362 0.354078204681869
4 177963674 0.0538
4 177963706 0.209707266646655
4 177967505 2
4 178014353 0.579295033605893
4 178016028 2
4 178020823 1.1876
4 178030409 2
4 178038623 2
4 178040584 2
4 178041277 2
4 178046081 2
4 178047520 2
4 178050211 1.3104
4 178056986 2
4 178061348 2
4 178063186 2
4 178081027 2
4 178090134 2
4 178092096 1.2694
4 178100511 0.7997
4 178104523 3.1241
4 178107104 0.2313
4 178111696 0.2313
4 178112881 0.0107
4 178117205 0.2313
4 178120070 0.2313
4 178120866 3.116
4 178125997 0.2313
4 178128410 0.3011
4 178136630 1.0303
4 178142083 1.0303
4 178142234 0.2313
4 178144194 0.2313
4 178147855 0.2564
4 178148402 1.0503
4 178150119 0.5457
4 178154430 1.0503
4 178154719 0.2564
4 178183368 0.2982
4 178193238 0.146103631009296
4 178232039 0.96022825457411
4 178241646 0.323145953155028
4 178250837 2
4 178253411 0.563127389058459
4 178264154 0.428544602125751
4 178272587 2
4 178273437 2.34872660926622
4 178283485 0.649863331967249
4 178284353 0
4 178296164 2
4 178296221 0.8945
4 178310938 2.70590735047773
4 178313322 0.564723726403768
4 178320288 2
4 178326142 2
4 178338884 0.62552409411194
4 178349673 0.653091533222514
4 178362694 2
4 178366483 0.22741701646914
4 178369604 2
4 178369996 2
4 178372388 2
4 178374560 0.397825812431486
4 178375615 2
4 178387502 2
4 178389066 2
4 178391019 2
4 178395352 0.0011
4 178396073 2
4 178397854 2
4 178402121 2
4 178413657 0.1215
4 178423755 0.0571
4 178432978 2
4 178438077 0.308149348956412
4 178448031 0.0781
4 178494170 2
4 178497058 2
4 178506602 2
4 178514387 0.928194070027822
4 178514630 1.17042879302548
4 178518853 0.327769188331366
4 178522729 0.0396214956028608
4 178525083 1.50943817785998
4 178535025 0.660529689191096
4 178541023 0.124672703962958
4 178544880 0.883440561398042
4 178546604 1.3613
4 178548993 0.2378
4 178557437 1.3613
4 178558509 2e-04
4 178561056 0.2968
4 178564952 0.425
4 178577008 0.63770981472705
4 178583963 2
4 178587486 0.703571822685551
4 178592241 1.38927261302589
4 178594044 0.839449376795555
4 178596168 2
4 178596855 0.654199021360983
4 178598702 2
4 178599473 2
4 178614613 1.4089
4 178617504 2
4 178619854 0.2676
4 178619882 1.0613
4 178622248 2
4 178622302 2
4 178622362 2
4 178634227 0.570896425038853
4 178638721 0.252429190308879
4 178673203 2
4 178673609 2.1545
4 178678997 2
4 178679899 2
4 178680297 0.772765183050824
4 178687308 2
4 178687380 2
4 178691553 0.637209412920586
4 178696156 0.289595474453965
4 178701018 1.20684153367066
4 178701647 2
4 178711904 2
4 178723259 7e-04
4 178733930 0.0804
4 178737660 0.0804
4 178746494 2
4 178767126 2
4 178774921 2
4 178784154 2
4 178789687 2
4 178791026 0
4 178855435 2
4 178864450 1.9116
4 178888574 0
4 178934688 2
4 178950434 0.0078
4 178951164 2
4 178952067 2
4 178952286 2
4 178957993 2
4 178962190 2
4 178978689 2
4 178989770 2
4 178990402 2
4 178995022 2
4 179001234 0.117269965534712
4 179001510 2
4 179002639 2
4 179004933 2
4 179007441 3.28325508949034
4 179013323 0.5429
4 179017723 2
4 179021085 2
4 179033869 2
4 179034451 2
4 179035391 2
4 179055094 1.7777
4 179055224 1.287
4 179056601 0.0414
4 179066598 0.0537
4 179067210 2
4 179070269 1.2806
4 179079422 2
4 179080508 2
4 179081067 2
4 179081189 2
4 179086469 2
4 179089926 1.2806
4 179090221 1.2806
4 179096040 2
4 179125944 0.3389
4 179126254 1.2806
4 179130761 5e-04
4 179141260 1.1209
4 179144015 0.6737
4 179145684 1.1566
4 179147887 0.3212
4 179149114 0.3212
4 179149226 0.407
4 179163898 0.3762
4 179166580 0.3762
4 179169907 0.3572
4 179171973 0.7348
4 179173755 0.318447247729493
4 179195301 0.7348
4 179197818 1.1566
4 179217250 1.2211
4 179217317 0.6172
4 179219336 2.3665
4 179223271 1.83468211569474
4 179229225 5e-04
4 179234906 2.2407
4 179236412 1.5108
4 179239753 0.347656265181431
4 179242687 0.260021593757238
4 179256322 1.90509058262589
4 179258005 0.9946
4 179260338 1.62718488011095
4 179266967 1.78632520636968
4 179272656 1.27520397591515
4 179315563 1.8654
4 179317550 2.2982
4 179319879 1.8654
4 179331231 1.98492856948384
4 179337100 0.511384089992269
4 179339612 0.329964837050972
4 179340079 0.843788655575658
4 179344209 1.07447216605193
4 179353950 1.7742
4 179367204 0.995168881507623
4 179370485 0.0561
4 179371637 0.848765528233297
4 179377475 0.49377822686383
4 179381804 0.553861236698445
4 179383708 1.67785601833748
4 179401366 0.6165
4 179413029 2
4 179423845 0.4996
4 179424844 0.179322682829491
4 179435844 0.0652201854507389
4 179438918 2
4 179440312 2
4 179440390 0
4 179446953 2
4 179451702 0
4 179471288 2
4 179476302 1.26813791726328
4 179478630 0.468738830705746
4 179482330 2
4 179482811 0.0444
4 179490355 2
4 179499891 2
4 179505894 2
4 179516450 1.50811291013072
4 179520863 0.9507
4 179526428 1.591052541226
4 179528794 0.310756318024619
4 179534972 0.135251623809524
4 179540747 1.9013
4 179544356 2
4 179564778 0.0078
4 179566630 0.1212
4 179569843 0.1405
4 179572059 2
4 179578216 1.176
4 179583642 0.4367
4 179585814 1.426
4 179586165 1.4558
4 179588032 1.6755
4 179601021 0.6517
4 179603904 0.5766
4 179617351 2.28755620463907
4 179626914 2
4 179639582 0.3512
4 179656301 2
4 179672226 1.24177074020802
4 179675389 2
4 179676266 0.452630455517207
4 179677327 0.664390847714442
4 179679830 0.817056256285021
4 179681216 0.241220421949338
4 179685616 5e-04
4 179706836 1.4457
4 179709744 1.4457
4 179730299 0.5877
4 179734324 2
4 179736069 0.869037357514554
4 179738630 2.09279028077122
4 179740154 2.6908
4 179743949 0.765695674289303
4 179787791 1.0612
4 179794463 1.4894
4 179802748 0.8053
4 179808331 1.2134
4 179810248 1.1644
4 179816827 1.2134
4 179817598 1.2134
4 179825645 0.7137
4 179841906 0
4 179846003 0.0264
4 179847978 2
4 179861094 0.6257
4 179864915 5e-04
4 179865276 1.04079421573539
4 179865339 2
4 179867228 2
4 179870083 2
4 179871152 2
4 179872043 2
4 179878427 0.702579918861619
4 179880207 2
4 179880877 1.6768
4 179883263 0.0264
4 179886313 0.342496009355558
4 179888819 0.0318775576625064
4 179890353 2.0987
4 179894800 1.9865
4 179899686 0.0434
4 179899845 2
4 179903027 2.6608
4 179903825 0.3762
4 179907108 2.1197
4 179907475 2
4 179913477 0.0233203024505886
4 179915690 0.0714
4 179918534 2
4 179928171 2
4 179933886 2
4 179944027 0.3215
4 179949916 2.1197
4 179956464 2
4 179960424 0.288
4 179964616 2
4 179966664 2.1197
4 179972679 0.0554
4 179976698 1.6973
4 179984498 2.2659
4 179994101 2
4 180000140 0.0462
4 180013400 2
4 180027834 0.0472104046000837
4 180030370 2
4 180037046 0.44853215720759
4 180038549 2
4 180040694 2
4 180056089 0
4 180079781 0.5378
4 180083049 0.5378
4 180091508 2
4 180106525 2
4 180108020 2
4 180130010 2
4 180130572 0.0117
4 180134463 0.0453
4 180140015 3.1241
4 180145269 2
4 180164549 0.0339
4 180166420 0.0339
4 180170430 2
4 180174484 2
4 180175307 2
4 180183508 1.60494690307396
4 180201923 2
4 180214101 0.093
4 180217172 1.01740093887531
4 180235003 0.34715970923086
4 180249198 0.319668547423273
4 180254308 1.1209
4 180269741 1.6784
4 180272830 0
4 180302156 0.0425
4 180302408 0.0541015626086661
4 180309244 0.399398114400625
4 180318720 2
4 180332202 2
4 180335910 2
4 180348095 2
4 180353994 2
4 180367947 0.7011
4 180371959 0.0826132690915294
4 180373480 0.0723260514042965
4 180374235 2
4 180384294 0.78477678899376
4 180390254 0.2619
4 180394155 2
4 180397203 2
4 180400973 2
4 180406767 0.0927
4 180409645 2
4 180410693 2
4 180413025 2
4 180421821 0
4 180427533 2
4 180438524 0.9826
4 180439091 0.8854
4 180440027 0.617
4 180442233 1.21358768686872
4 180444838 0.8813
4 180452144 0.439403007098092
4 180467351 2
4 180504859 0
4 180515098 2
4 180516471 0.655585752349706
4 180517811 1.1964
4 180517817 1.1964
4 180519932 1.36651727364804
4 180536604 1.0281
4 180544099 1.32093055268155
4 180548465 2
4 180549422 1.29476965222194
4 180549675 0.308252832693647
4 180550760 0.734931055923424
4 180554324 2.71521823202227
4 180556895 1.47719730408984
4 180563256 1.1801
4 180566240 0.4116
4 180567916 0.4116
4 180568438 1.0414
4 180572455 1.1231
4 180575551 2
4 180585282 0.538155682526069
4 180602553 0.5765
4 180603564 2.3419
4 180605256 2
4 180607994 2.21076191528443
4 180608941 0.679855011526215
4 180618431 2
4 180627891 1.81144068989327
4 180630270 0.349217568604518
4 180631267 0.602951606459354
4 180633964 0.174357439300165
4 180634412 0.865671550598815
4 180634822 1.38472676106454
4 180640660 0.1989
4 180640969 0.1989
4 180642396 2
4 180649186 2
4 180650028 0.0078
4 180652223 1.03084201603741
4 180667974 1.7595900347994
4 180673282 2
4 180677529 0.980228940890857
4 180687072 1.44103547357625
4 180717771 0.0519
4 180719079 2
4 180752139 2
4 180756263 0.9189
4 180757659 1.98118987247653
4 180766439 2
4 180769112 0.0078
4 180775093 0.9485
4 180783028 2
4 180788375 0.9485
4 180794873 2
4 180796738 0.697914833369499
4 180806746 2
4 180823505 2e-04
4 180823517 6e-04
4 180823780 5e-04
4 180824591 0.0053
4 180830588 2
4 180860845 2
4 180861421 0.276172087607919
4 180867060 2
4 180875582 1.26712469019287
4 180879916 2
4 180886826 2
4 180888876 2
4 180902281 0.0547224156884411
4 180904421 2
4 180905557 2
4 180949674 4e-04
4 180952983 0.0329
4 180958202 0
4 180975697 0.795790842581625
4 180985230 2
4 180985973 2
4 180990579 0.0506
4 180994543 0.595489725887466
4 181005365 0.716181052044297
4 181010189 2
4 181016300 0.9861
4 181016423 2
4 181035423 2
4 181035931 2
4 181036013 2
4 181044587 0.8078
4 181055745 1.2556
4 181079805 0.1444
4 181079978 0.9495
4 181086922 0.197196694703973
4 181089245 5e-04
4 181108010 2
4 181122383 0
4 181127150 2
4 181133807 0.1444
4 181136371 0.5925
4 181140843 2
4 181140879 2
4 181142258 0.148331842559591
4 181144012 0.323441455852057
4 181155350 1.261
4 181156916 2
4 181157857 0.031761589858405
4 181159912 2
4 181162180 3.57931103045595
4 181163736 0.65128916539475
4 181168256 2
4 181185421 1.1124
4 181192067 0.0537415922879606
4 181198334 4e-04
4 181203095 1.1161
4 181205383 2
4 181206451 5e-04
4 181206847 0.7665
4 181219512 0.9613
4 181219580 2
4 181236938 2
4 181238327 2.5895
4 181261141 0.0067
4 181274365 0.6024
4 181288408 2
4 181300740 2
4 181307281 1.0198
4 181309410 0.4961
4 181309484 1e-04
4 181310732 0.152122832180678
4 181319033 0.270980483353189
4 181327260 2
4 181328348 2
4 181339746 0.531065879573437
4 181341500 0.219982721369404
4 181347029 5e-04
4 181347171 1.3524
4 181348047 0.0263
4 181348116 1.4472
4 181352007 0.550459193700862
4 181355752 0.430293397448159
4 181356903 1.40081483890482
4 181356958 2.33287020743222
4 181359507 0.382234642851795
4 181359710 0.714846546754187
4 181364269 0.8677
4 181374648 2
4 181389971 0.1874
4 181390775 0.1874
4 181396622 1.2384
4 181403581 2
4 181407753 0.247638323116232
4 181419775 1.34409208107567
4 181424726 2
4 181429094 0.344853836089923
4 181429433 0.0503544270616239
4 181432923 0.2876
4 181437440 2
4 181441462 0.2876
4 181453328 0.4663
4 181468253 2
4 181471904 2
4 181472161 2
4 181478542 0.3836
4 181480108 0.4069
4 181485540 0.3806
4 181493060 1.3587
4 181501210 0.8905
4 181515352 2
4 181515915 2
4 181526083 2.511686788445
4 181533570 2
4 181535938 1.50198928459837
4 181538283 0.0536379474244878
4 181553339 1.00359276494677
4 181570805 1.5282
4 181572184 2
4 181572646 0.873373453642385
4 181572714 2
4 181574392 1.2059
4 181593921 0.414724512640163
4 181599349 0.5173
4 181612704 0.2569
4 181617603 0.473144000314381
4 181620228 2
4 181620870 0.526880562469375
4 181622965 2
4 181627509 0.1732
4 181641867 2
4 181644540 2
4 181650949 0.0013
4 181653652 2
4 181655496 2
4 181661789 1.42184472518976
4 181668646 1.51830624043275
4 181670711 0.924371148339686
4 181679390 2
4 181679436 0.1182
4 181684197 0.1196
4 181695992 0.273982246858661
4 181700405 2
4 181714150 2
4 181743004 1.3576
4 181750725 0.0426
4 181754091 2
4 181764253 0.065652864308078
4 181765338 1.0879
4 181766981 0.825358509957282
4 181767109 0.222189860597068
4 181771172 2
4 181771863 2
4 181778552 0.888204552032107
4 181779032 2
4 181780512 1.7987
4 181780675 0
4 181782086 0.135761975368908
4 181789602 0.834375310373453
4 181798340 2.1547
4 181799188 2.1547
4 181822953 2
4 181824172 2
4 181833452 1.22903617183123
4 181836253 2
4 181839302 2
4 181851509 2
4 181852602 0.257035638472278
4 181865593 0.0104617995047337
4 181874786 0.6073
4 181881867 2.0617
4 181902468 1.8325
4 181904751 1.1458
4 181909625 2
4 181927759 0.7217
4 181941718 0.1483
4 181944666 0.5972
4 181955015 0.7217
4 181973925 2
4 181992866 2
4 182000839 2
4 182010057 2
4 182020728 1.5288
4 182021261 2
4 182027571 5e-04
4 182030099 0.453125651605725
4 182043259 0.0704963936539736
4 182049770 0.265714210099065
4 182068391 2
4 182078968 0.8764
4 182079099 2
4 182096594 2
4 182101412 2
4 182109002 0.399897661544553
4 182134079 0.903841024671464
4 182140875 0.129546682505154
4 182144107 1.5698
4 182158639 0.9141
4 182161793 5e-04
4 182161837 1e-04
4 182161873 0.3952
4 182165486 2
4 182170050 1.06509141721324
4 182172581 1.13965889803954
4 182172966 0.2616
4 182175138 1.69867623687976
4 182207917 0.8875
4 182213214 0.8875
4 182227848 0.789
4 182256070 0.3981
4 182265438 2
4 182267239 0.917
4 182290782 0.784
4 182295255 1.01992872721394
4 182297687 0.7502
4 182316738 0.7574
4 182326448 0.224580610463169
4 182335311 1.44844146728187
4 182364486 2
4 182372385 2
4 182388547 1.503
4 182393206 0.7759
4 182396949 0.701609005593311
4 182417122 1.9753
4 182433944 0.4831
4 182451993 0.687839719729814
4 182456716 2.0145
4 182457058 2
4 182475549 2
4 182477708 2
4 182490552 0.0151
4 182496536 0.0151
4 182497606 2
4 182501447 2
4 182501664 0.0662
4 182510617 2
4 182522035 2
4 182522329 0.3622
4 182539326 2
4 182540627 0.1012
4 182549026 0.1012
4 182556050 2
4 182559694 2
4 182560162 2
4 182571035 0.9825
4 182581938 0.199245771353374
4 182600868 2
4 182609678 2
4 182612900 2
4 182614297 2
4 182621624 0.362439011196343
4 182621628 5e-04
4 182621669 0.00530568595426077
4 182624436 0.0349
4 182630775 2
4 182632668 2
4 182647974 0.5581
4 182652934 0.7422
4 182653219 0.4457
4 182680440 2
4 182696318 2
4 182699230 1.24769586537605
4 182701411 2
4 182702787 0.647271137045302
4 182703488 2
4 182740260 1.08918200989402
4 182742022 0.591396966195409
4 182750390 1.3219
4 182753792 0.9693
4 182760737 0.5625
4 182765002 0.8526
4 182767451 2.7145
4 182771427 2
4 182771649 2
4 182801347 2
4 182825411 1.68122189477322
4 182827357 0.547243128119498
4 182830641 0.601945652377857
4 182833255 0
4 182837897 2
4 182838360 2
4 182845230 2
4 182845593 0.1727
4 182847545 0.1727
4 182848563 0.0263
4 182853941 2
4 182861840 0.191520582807388
4 182869538 2
4 182876626 0.9668
4 182878588 1.22521894292315
4 182881564 0.980541037315645
4 182890517 0.8071
4 182891148 0.8071
4 182892304 2
4 182894408 2
4 182901439 2
4 182903448 1.11785787405253
4 182960449 0.0078
4 182985018 0.0994
4 182992778 0.4488
4 182996833 0.3293
4 183004038 0.4488
4 183013372 3e-04
4 183031809 0.314528766144559
4 183033587 0.131056120296215
4 183034343 1.89759777476267
4 183037530 1.25517175545128
4 183057654 0.389081106118154
4 183078354 0.749332264208309
4 183085023 5e-04
4 183175552 1.299
4 183182508 2
4 183183718 0
4 183186228 0
4 183200867 0.0148064629035587
4 183206162 0
4 183241218 2
4 183252145 0.4512
4 183270653 2
4 183278871 0.2863
4 183286245 1.5354
4 183292956 2
4 183295235 2
4 183296889 0.728977729100849
4 183299310 0.2705
4 183306507 2
4 183339150 5e-04
4 183340731 0.9186
4 183345658 2
4 183359514 5e-04
4 183360425 0.093
4 183372512 0.950022085621032
4 183372557 0.313223930716457
4 183376087 0.0482
4 183376094 0.0482
4 183378335 0.254477890229171
4 183378388 1.4066568855799
4 183378600 2
4 183379445 2
4 183383554 2
4 183385301 2
4 183385360 2
4 183403619 1.4047
4 183406743 2.43202276520922
4 183407456 2
4 183409113 2
4 183413486 0.9499
4 183413578 2
4 183414758 0.296312144476225
4 183414760 0.4185
4 183418867 0.530161723689701
4 183424561 0.3695
4 183437848 0.1701
4 183438457 0.1774
4 183440984 0.1997
4 183457583 1.12107523796101
4 183457959 0.320136409950288
4 183460911 0.101405293260372
4 183463494 0.757241442285557
4 183463998 1.04761231921192
4 183464194 1.8541506537828
4 183465204 1.03960503303073
4 183470100 0.552919073308239
4 183477506 0.0329
4 183501782 1.2265
4 183528906 2
4 183533518 0
4 183536375 2
4 183539771 2
4 183540406 6e-04
4 183546437 2
4 183548153 0.962786814115476
4 183552897 0.153571072519987
4 183553624 2
4 183554331 2
4 183567859 1.51586887205816
4 183570315 0
4 183582300 0.0273493183586134
4 183583989 0.5841
4 183586598 1.1668
4 183586877 1.1567
4 183592957 2
4 183593339 0.784
4 183600985 0.784
4 183615627 2
4 183618092 1.3575
4 183619399 2.30133857464738
4 183621362 2.01873826925683
4 183623488 1.02854407115909
4 183625587 2
4 183627687 0.634
4 183628085 2
4 183637717 2
4 183656552 0.375812701064591
4 183657033 1.86694595695123
4 183660818 0.3997
4 183665345 1.2694
4 183676193 1.0035
4 183690646 1.0035
4 183700993 1.3814
4 183707650 2
4 183717020 2
4 183720822 2
4 183726642 0.4422
4 183729660 0.7971
4 183732280 1.8039
4 183734710 0.0456
4 183736133 0.282804123532366
4 183738609 1.0511
4 183739133 2
4 183742923 2
4 183743333 2
4 183743505 2
4 183744303 2
4 183744856 1.0511
4 183753080 0.589
4 183768787 1.8181
4 183796379 0.416800899162984
4 183819330 1.2145
4 183851122 1.29475309663632
4 183858309 0.4315
4 183870763 0.2627
4 183884303 3.0016
4 183887370 2
4 183890110 0
4 183891667 0.7073
4 183909529 2
4 183915848 2
4 183919435 2
4 183931656 2
4 183944442 0.2666
4 183946397 0.0369
4 183946627 0.0078
4 183948820 0.0806
4 183952965 0.416775388666602
4 183955260 0.4947
4 183977638 2
4 183989743 2
4 183990785 0.2675
4 184003020 0.0053
4 184004587 2
4 184005001 2
4 184010935 1.6974
4 184016464 1.13178113335476
4 184019637 1.07164617275748
4 184021953 0.792610435530422
4 184053814 2
4 184062894 2
4 184071545 0.842358428916691
4 184071816 0.944178387116342
4 184075329 0.455682196524543
4 184094683 2
4 184102363 2
4 184102673 2
4 184105224 2
4 184107864 0
4 184111449 2
4 184118063 2
4 184122393 2
4 184125357 2
4 184130566 2
4 184131828 2
4 184132028 2
4 184132591 2
4 184140110 2
4 184155093 2
4 184180041 0.0719
4 184206318 0.3144
4 184206320 0.3686
4 184217268 2
4 184219670 2
4 184220096 1e-04
4 184228446 2
4 184242458 1.3719
4 184250111 1.3067
4 184251231 2
4 184253761 1.5407
4 184254075 1.3067
4 184257067 2
4 184257484 2
4 184259267 2
4 184262977 0.0263
4 184281971 2
4 184286399 2.3652
4 184307903 5e-04
4 184315229 2
4 184316285 1.2629
4 184321620 1.9629
4 184321736 1.9629
4 184348339 1.1555
4 184365781 0.27
4 184366781 0.731237185989525
4 184369009 0.27
4 184371829 0.27
4 184373072 1e-04
4 184376795 0.59955346188109
4 184389609 2.0296
4 184395492 1.3406
4 184397139 1.0147
4 184401366 1.3406
4 184415698 1.03345162439216
4 184416223 2
4 184416978 2
4 184417724 0.0347026821445722
4 184418363 0.670993902209992
4 184423452 0.364837540943615
4 184433200 0.545541844591588
4 184442485 2
4 184445497 0.197664759965492
4 184447932 0.402623706681073
4 184452738 0
4 184469301 0.473206389948567
4 184479594 2
4 184486702 2
4 184492384 2
4 184502668 0.3162
4 184504420 0.3482
4 184507942 0
4 184508203 0.823949280953801
4 184508457 2
4 184527891 2
4 184536436 0.4066
4 184537939 0.119616847846554
4 184546988 1.3939
4 184547355 1.3939
4 184548226 1.4615
4 184550293 2
4 184558697 2
4 184560795 0.6355
4 184570684 0.0868984483218353
4 184585522 2
4 184604248 2
4 184636105 0.8253
4 184640023 0.8683
4 184650491 0.0766
4 184652945 6e-04
4 184652973 5e-04
4 184653593 0
4 184740453 2
4 184741895 2
4 184752197 2
4 184761413 2
4 184764453 2
4 184797429 0.659611457473044
4 184797622 1.1282
4 184827040 0.6932
4 184827490 0.6932
4 184831200 2
4 184852157 2
4 184852259 2
4 184855205 2
4 184855305 2
4 184855696 2
4 184867332 1.1617
4 184867745 0.526948909644979
4 184870928 5e-04
4 184883814 2
4 184887633 0.8252
4 184889261 2
4 184896423 1.60138447052498
4 184906002 2
4 184918821 1.39964940961952
4 184933782 0.406
4 184939644 0.6764
4 184942994 1.09097382898385
4 184950768 2
4 184961300 0.0814
4 184966833 5e-04
4 184986956 2
4 184989304 2
4 184989484 2
4 184989664 2
4 184989866 2
4 184990089 2
4 184991686 2
4 185004357 2
4 185004768 2
4 185022259 0.512
4 185024976 0.201502789356896
4 185046268 0.694259433494068
4 185075281 2
4 185083386 0.3315
4 185085140 0.4398
4 185088009 1.78378592549356
4 185091310 0.658935183841841
4 185098962 1.37369084242818
4 185104463 0.209679949231492
4 185105144 1.37895743734032
4 185106835 2.5345
4 185109576 2
4 185115416 2
4 185115475 0.0130768305146805
4 185118136 2
4 185124987 2
4 185127312 1.79162144172653
4 185129527 2
4 185129585 2
4 185142187 2
4 185159118 2
4 185159380 2
4 185176130 2
4 185180627 2
4 185186700 2
4 185188445 2
4 185199832 2
4 185201585 2.2734
4 185202554 0.7846
4 185202577 2
4 185211901 2
4 185221842 2
4 185223309 2
4 185225282 2
4 185226569 2
4 185231124 2
4 185234828 0.8268
4 185238412 2
4 185239263 0.177578772197593
4 185250722 0.387813039941724
4 185253451 1.28835696086256
4 185266278 0.904301379975
4 185266411 2.4916
4 185267306 0.985378493962062
4 185281843 0.393857349360296
4 185297089 1.28661221369342
4 185303581 0.2676
4 185321222 0.0263
4 185369354 0.7348
4 185402439 0.0729
4 185403988 0.0636
4 185425919 2.34331385452839
4 185433533 1.12931566164449
4 185438741 0.0789
4 185443985 0.0789
4 185445228 0.0273
4 185449210 0.231646912464712
4 185467413 1.17761749954979
4 185480142 0.0654
4 185487268 0.194049618520037
4 185487598 1.69232930691459
4 185506687 0.342141870637555
4 185527215 0.138
4 185537457 2
4 185551245 2
4 185561554 8e-04
4 185563008 5e-04
4 185563883 2
4 185564139 2
4 185566145 2
4 185572247 2
4 185580128 0.5309
4 185583287 0.5265
4 185583470 0.5222
4 185618254 0.311195140423015
4 185640848 1.4622799219732
4 185641921 0.64444608944676
4 185647791 2
4 185648819 0.934198482939029
4 185652020 0.9767
4 185654974 2
4 185655334 0.173642170618958
4 185659570 1.41345391555512
4 185659801 0.829814947510437
4 185663333 0.6538
4 185665614 2
4 185668725 0
4 185668805 2
4 185691344 0.909679675062437
4 185694300 0.0646
4 185699715 1.79216070195771
4 185700292 0.4565
4 185707540 1.04268015975074
4 185708661 0.4429
4 185711025 0.1317
4 185716178 0.1945
4 185770393 2
4 185770760 0.221095556479613
4 185780260 0.1152
4 185784793 0.567382759669602
4 185785672 0.1218
4 185790992 0.284070009615038
4 185798430 0.2741
4 185803729 2
4 185808376 0.146110397728839
4 185816824 2
4 185824890 2
4 185828059 2
4 185836817 0.6205
4 185839011 2
4 185861306 1.8933
4 185862776 2
4 185878065 1.30493480977589
4 185879168 0.8552
4 185880346 0.281737370040938
4 185889767 2
4 185924734 0.3426
4 185925649 0.2235
4 185926552 0.389380813961926
4 185930377 0.6236
4 185932242 0.6236
4 185932735 0.00905717924518563
4 185941529 0.490959898788449
4 185942601 0.8848
4 185943367 0.8578
4 185948896 0.8848
4 185954408 2
4 185961217 2
4 185971191 1.2162
4 185973354 0.0392551068552046
4 185985307 2
4 185994481 2
4 186008018 0.294
4 186011286 0.3526
4 186013133 0.1477
4 186015988 2
4 186015993 2
4 186033591 1.8993
4 186047031 0.244425674071064
4 186051130 2
4 186052299 2
4 186056709 6e-04
4 186056712 5e-04
4 186062188 2
4 186067069 2
4 186079167 2
4 186079213 0.8344
4 186082920 2
4 186091372 2.52143754911745
4 186092472 1.19442544381841
4 186092623 0.0263
4 186093264 2
4 186093612 0.285
4 186093876 0.0273
4 186096594 1.1659
4 186108996 0.362995839157507
4 186128069 0.2521
4 186151846 0.0697
4 186158029 2
4 186182852 2
4 186185105 2
4 186186290 2
4 186199471 0.5098
4 186199599 2
4 186202035 0.5098
4 186209044 0.4676
4 186210125 0.331378228859254
4 186211005 1.85127398945889
4 186244372 1.021
4 186244546 1
4 186247628 1.021212027049
4 186250201 0.168167282359093
4 186257031 2.3652
4 186296219 0.2742
4 186301117 0.0379568874884347
4 186311954 0.6271
4 186315940 0.5052
4 186319586 0.00152845912165942
4 186352207 3.0004
4 186356010 0.7032
4 186369788 0.0078
4 186370516 0.7181
4 186372112 0.7027
4 186372113 0.254951930957097
4 186381156 0.321079706500515
4 186394775 0.0801405920617182
4 186402208 3.002
4 186410441 0.190206059336217
4 186428643 0.7584
4 186428942 0.3138
4 186436171 0.94446905967631
4 186436261 0.0878775259506612
4 186437343 1.7274
4 186438176 0.3447
4 186450868 0.472449711510948
4 186450997 0.20554686844597
4 186455023 1.6432
4 186455595 2
4 186455597 2
4 186455696 2
4 186455995 0.0161629182834014
4 186456488 2
4 186456853 2
4 186462155 2
4 186472159 1.08283325974123
4 186473947 0.252321754634895
4 186480527 0.120784954311956
4 186483128 0.848057777720991
4 186485822 0.8307
4 186485927 0.0745
4 186490401 0.7348
4 186532948 0.054
4 186539088 2
4 186543713 0.0598
4 186547296 0.544
4 186557166 2
4 186560470 2
4 186568325 0.6531
4 186573260 2
4 186576428 2
4 186613209 2
4 186622500 2
4 186631779 2
4 186638499 2
4 186641595 1.4701
4 186643337 2
4 186643608 2.0712
4 186645743 2
4 186650457 2
4 186662876 3.1146
4 186667614 2
4 186671027 2
4 186671816 0.917
4 186706024 2
4 186708742 1.664
4 186709835 2
4 186715316 2
4 186723910 0.680723692976123
4 186725982 1.2694
4 186748662 0.0154
4 186774410 1.2569
4 186799699 0.501307571547804
4 186805798 2
4 186809477 2
4 186809847 2
4 186811057 2
4 186814804 0.0227
4 186817455 2
4 186821744 2
4 186838240 2
4 186853334 2
4 186854473 2
4 186864246 2
4 186864598 0.0698
4 186867157 2
4 186877518 2
4 186890950 0.0462
4 186891479 1.4963
4 186897312 2
4 186905363 2
4 186925958 0.776
4 186935463 0.5144
4 186950484 0.7167
4 186951007 1.23184123927884
4 186959323 1.9778
4 186969977 1.75163273663541
4 186970342 8e-04
4 186970708 3.589
4 186971522 0.395716544777157
4 186972583 0.0897
4 186973247 0.3901
4 186975101 0.461589438251737
4 187001452 2
4 187002111 2
4 187007254 2
4 187011562 2
4 187018463 2
4 187022408 2
4 187023061 2
4 187024406 2
4 187035346 2
4 187037448 2
4 187051018 0.4438
4 187059269 0.3669
4 187063980 2
4 187076533 1.47522794843842
4 187090517 2
4 187093669 0.200323522055296
4 187108241 0
4 187118866 0.977374000890058
4 187119372 0.258415025729454
4 187126466 0.0389
4 187129215 2.41918864599071
4 187136373 0.23203012207296
4 187178932 1.37264948864694
4 187183842 2
4 187217991 1.3834
4 187224576 2
4 187225902 0
4 187226724 5e-04
4 187237308 2
4 187240117 2
4 187267110 0.0015
4 187280461 0.5479
4 187289071 2
4 187292017 2
4 187292187 2
4 187292920 2
4 187295148 0.0107
4 187300344 0.0107
4 187300930 2
4 187309626 0.3081
4 187316808 1.00536158457105
4 187316824 2.69383123780605
4 187347088 0
4 187354626 0.634163323499052
4 187364583 0.8055
4 187383125 0.656336524482122
4 187390079 2.41631207277907
4 187396831 0.34009199937296
4 187404622 0.96118667189273
4 187412474 2
4 187413425 0.602352673218873
4 187437781 0.571606210128902
4 187441197 2.1002054752594
4 187448173 1.8112
4 187465625 0.0110974937012067
4 187468315 0.00344361350753173
4 187480596 0.933760507828865
4 187481350 0.875335135462283
4 187484766 1.97480475260234
4 187490220 0.9006
4 187502420 0.985086621731694
4 187505497 0.242277505111057
4 187506302 0.238182124080233
4 187517286 0.0088
4 187520936 0.63426766804026
4 187529620 0.110186815279661
4 187534261 0.0868
4 187542715 5e-04
4 187546393 0.0868
4 187573837 2
4 187592958 2
4 187627525 2
4 187629071 2
4 187632185 0.949668938745525
4 187632694 0.3297
4 187640403 2
4 187663511 2
4 187665699 2
4 187668765 2
4 187676776 2
4 187677142 2
4 187680472 2
4 187689692 2
4 187691565 1.16544082673384
4 187692195 2
4 187699615 0.636824518048841
4 187721993 2
4 187748937 0.733456256634382
4 187779114 0.0453
4 187820280 2
4 187828806 2
4 187838421 2
4 187849308 2
4 187850451 2
4 187859416 2
4 187859913 2
4 187880379 0.1286
4 187893952 0.8826
4 187921055 1.3016
4 187927770 1.3239
4 187932919 2
4 187946867 0.6519
4 187947827 0.6519
4 187957357 0.6519
4 187957406 0.49
4 187960141 0.5146
4 187961337 0.5146
4 187962557 0.5146
4 187975237 2
4 187990247 1.7421
4 187990346 0.232616350199816
4 188012984 2
4 188014508 2
4 188022736 2
4 188023603 2
4 188023748 0.0265
4 188025014 1.9533
4 188029377 0.1395
4 188029541 0.116265785781484
4 188037935 2
4 188039921 2
4 188041105 2
4 188044267 1.1578
4 188048844 0.147
4 188057907 0.52884256540813
4 188058559 1e-04
4 188059918 2
4 188062888 1.53664289005205
4 188064346 1.09231997186812
4 188070985 2
4 188072588 2
4 188075284 2
4 188083671 2
4 188084297 2
4 188095066 2
4 188098742 2
4 188106984 2
4 188110908 0.7186
4 188112378 0.507123191447516
4 188122549 0.378877004200603
4 188124560 2
4 188128628 2
4 188148027 1.05011178338453
4 188148526 0.380672201522612
4 188149253 0.674371450073906
4 188155684 1.6708
4 188161202 2
4 188164551 0.926
4 188165578 1.0002
4 188181331 0.6607
4 188188450 1.1055
4 188194294 1.38176677578269
4 188194944 0.2083
4 188197190 6e-04
4 188197595 0.450580780990424
4 188203382 1.6673
4 188203420 0.1677
4 188204246 0.5096
4 188211300 0.716816787143242
4 188215593 0.2273
4 188216195 5e-04
4 188216740 5e-04
4 188219149 0.597104554982294
4 188224209 1.77054636328745
4 188224737 0.171375472834725
4 188224921 0.4542
4 188229128 2.50588330229175
4 188230461 2
4 188231738 2
4 188248382 2.08741802514921
4 188253756 0.510634952711799
4 188255228 2
4 188259805 1.81841037170073
4 188259916 2
4 188263727 1.20412571285462
4 188267085 1.09937516344857
4 188270946 2
4 188273325 2
4 188285563 0.0226
4 188297337 2.0836
4 188301351 1.27640973707417
4 188301558 0.6891
4 188307738 1.0027
4 188310331 0.6891
4 188314404 1.0027
4 188318103 1.0027
4 188318632 0.212292550520036
4 188320014 0.923811102704479
4 188322812 0.6768
4 188323395 0.821555772046667
4 188325701 0.946459693248176
4 188325733 0.7549
4 188326784 0.139810929698277
4 188329039 1.5639
4 188332257 1.5711
4 188343163 0.6771
4 188359354 0.912410697014024
4 188359980 2
4 188362653 0.111206938529213
4 188364450 0.438281879525297
4 188380684 0.054
4 188388515 0.599770306836343
4 188388789 0.806692938104289
4 188392968 1.26383236064508
4 188393148 1.834
4 188397011 5e-04
4 188401390 0.241605337959326
4 188403867 1.35535723454179
4 188414993 1e-04
4 188418187 2
4 188418727 2
4 188426254 2
4 188427077 0
4 188436024 0.1826
4 188437633 2.2533
4 188440210 2
4 188441693 2
4 188442621 2
4 188443135 0.703095363666965
4 188453208 2
4 188454522 0.508762769764635
4 188456033 2
4 188457274 2
4 188460438 1.0759
4 188462039 1.6063
4 188462274 2
4 188469561 1.1331
4 188469609 1.4701
4 188472902 0.562
4 188483221 2.55730915702897
4 188498170 1.0612
4 188515675 0.9408
4 188515932 0.9109
4 188516986 1.8849
4 188525826 0.6854
4 188529529 0.756583490121887
4 188538673 0.270834071527992
4 188551949 1.21239755809741
4 188554170 0.316524267309329
4 188556208 0.24544953319675
4 188559904 0.162435708309955
4 188562023 0.885792989584004
4 188562215 0.0406722072328894
4 188567115 0.301696024661536
4 188571055 1.6087
4 188574487 2
4 188574601 0.6139
4 188581706 0.0942
4 188585560 0.256226648709976
4 188585604 0.563667656909463
4 188595895 1.46840458275712
4 188609558 0.334216074547718
4 188615027 2
4 188621325 0.538240056028616
4 188623226 2
4 188625835 0.2527
4 188626106 1.05839356371366
4 188659394 1.20786625805568
4 188663828 0.0933
4 188664943 1.41169421833858
4 188665453 0.462691349569984
4 188665819 1.85583180045327
4 188668336 0.825454907888179
4 188670913 0.251078609048822
4 188673324 0.419402654705895
4 188674050 0.113695121489809
4 188675839 1.3094
4 188677099 1.12820362610041
4 188680989 0.533668827257341
4 188681449 2.2967
4 188683952 2
4 188685984 2
4 188689558 2
4 188692107 2
4 188695460 2
4 188699799 2
4 188707454 2
4 188712019 2
4 188719173 2.2431
4 188729785 1.3562
4 188730176 2
4 188736681 2
4 188738623 0.8838
4 188752654 2
4 188753345 1.5252
4 188760852 0.9384
4 188765246 2
4 188767014 0.0263
4 188770272 1.1865
4 188777534 1.2791
4 188778597 2
4 188780692 1.2791
4 188796715 5e-04
4 188805409 1.3225
4 188810462 0.0598
4 188811526 1.79558601410085
4 188816066 1.2791
4 188816470 1.2791
4 188823693 0.237759580424095
4 188840334 2
4 188842082 0.5242
4 188846720 0.5257
4 188849416 0.5257
4 188860860 0.5257
4 188865564 0.5257
4 188866121 0.5257
4 188867306 0.5257
4 188871147 0.679063331450067
4 188873609 0.404375051663015
4 188882308 2
4 188882589 2
4 188884609 2
4 188885260 0.0711289488304565
4 188886168 2
4 188893701 0.876286141916834
4 188895468 2
4 188895475 0.0959
4 188903328 1.50076683036017
4 188904940 2
4 188905246 1e-04
4 188907747 0.9344
4 188910563 1.2476
4 188914944 0.953166637573428
4 188916851 0.77429502861592
4 188919779 2
4 188919867 2
4 188920229 2
4 188923897 2
4 188925477 2
4 188925844 2
4 188928988 2
4 188933447 2
4 188942251 2
4 188944934 2
4 188945060 2
4 188946972 2
4 188954385 2
4 188961768 2
4 188963211 0.1248
4 188964211 2
4 188966709 2
4 188972481 0.334299552644265
4 188973624 0.7331
4 188974431 1.17171620521413
4 188975256 0.301083864930297
4 188975295 2
4 188990990 0
4 189004048 0.3652
4 189006759 0.443
4 189035370 0.0387
4 189036112 1e-04
4 189041156 1.19380819673112
4 189052278 3.7254
4 189052382 2.9975
4 189052706 1.3039
4 189054341 0.486
4 189054561 1.37275578620465
4 189064043 0.9551
4 189081137 0.4837
4 189091267 0.986720956594088
4 189102786 1.0027
4 189102838 1.56811955480702
4 189119175 2
4 189122155 2
4 189122910 2
4 189128754 0.306816107969493
4 189132461 0.1051
4 189133543 2
4 189136364 0.8053
4 189143091 0
4 189149493 2
4 189150831 2
4 189155761 1e-04
4 189158510 0.307165216925981
4 189160231 2
4 189164577 0.6886
4 189166534 2
4 189167013 2
4 189177128 0.1146
4 189185132 2e-04
4 189186788 0.0386
4 189188017 2
4 189188273 2
4 189188784 0.0386
4 189189098 2
4 189191185 1.172
4 189197753 0.0386
4 189203700 0.1608
4 189205935 2e-04
4 189205946 5e-04
4 189217124 0.0617
4 189222088 2
4 189237726 2
4 189258472 2
4 189268149 2
4 189276848 0
4 189283905 0
4 189291191 2
4 189296367 2
4 189303013 2
4 189307413 2
4 189307455 2
4 189329022 0.0959
4 189334909 2.3652
4 189343664 0.0291
4 189352532 2
4 189354020 0.0266
4 189358112 0.0078
4 189364224 0.1618
4 189372912 2
4 189374853 1.4181
4 189379880 2
4 189381200 0.0078
4 189387029 2
4 189388971 2
4 189403595 0.0078
4 189415483 2
4 189417173 2
4 189418874 0.9173
4 189419801 0.540372250550234
4 189431309 0.20070140851867
4 189465527 0.449362418324014
4 189466046 0.0078
4 189466449 4e-04
4 189466645 0.7031
4 189472830 0.8612
4 189478801 2
4 189482161 0.556304259361188
4 189482223 0.8612
4 189482503 2
4 189484820 0.415225648733081
4 189485127 1.29012586452524
4 189490593 0.0078
4 189490623 2
4 189490626 2
4 189490857 2
4 189494786 2
4 189495463 2
4 189496129 6e-04
4 189496566 2
4 189496634 2
4 189496749 0.8886
4 189497611 0.762888638009865
4 189505539 2
4 189506520 0.808117989339631
4 189513255 0.476433645945831
4 189514395 2.51964998294689
4 189518470 0.167706878283029
4 189560763 2.02049276491295
4 189563982 0.0066
4 189566804 1.20746400684101
4 189572616 2.5777
4 189587741 0.0263
4 189592435 0.264308351927765
4 189600750 1.43669493372945
4 189602158 1.0395
4 189616793 0.932
4 189617163 1.41331067578176
4 189623104 0.2511
4 189623946 0
4 189632090 0.7656
4 189632837 0.0929103433829221
4 189634211 0.511610104912598
4 189645463 5e-04
4 189654320 0.7257
4 189656901 0.787
4 189660261 0.7656
4 189664729 0.101925164453423
4 189704690 0.0214
4 189730209 1e-04
4 189737846 2
4 189744542 2
4 189747984 2
4 189759673 0
4 189769791 0.4078
4 189777882 0.831
4 189787374 0.4151
4 189797420 0.576552411063107
4 189797689 1.82223681694914
4 189799412 0.0958
4 189803569 2
4 189803759 1.2154
4 189806144 2
4 189806445 1.2154
4 189807373 2
4 189808764 1.121
4 189810522 2
4 189816451 0.0162
4 189817152 2
4 189817720 2
4 189818469 0.0162
4 189819501 5e-04
4 189834584 2
4 189842995 2
4 189843372 2
4 189854489 2
4 189860830 2
4 189860887 5e-04
4 189862816 0
4 189870720 0.3715
4 189872692 1.61000507610003
4 189875613 4e-04
4 189885359 0.0472322254342607
4 189890344 0.981078338598578
4 189898017 0.593973702880151
4 189956555 0.4255
4 189957317 0.4445
4 189957653 0.4255
4 189964497 0.4641
4 189967209 0.4255
4 189971625 1.3108
4 189980883 0
4 189988303 0.1089
4 189991253 0.1089
4 190004281 0.231278712920069
4 190015573 2
4 190020148 2
4 190020364 2
4 190034481 2
4 190053163 3.42958767291022
4 190121785 6e-04
4 190122003 0.987361260639505
4 190122683 0
4 190175588 5e-04
