chr pos logPval
14 16123660 5e-04
14 18440208 0.13839260327142
14 18463762 0
14 18525130 0.377566839683255
14 18677255 0.0473344989542621
14 18678109 0.888437903103772
14 19097816 2
14 19666821 2
14 19737852 0.187614246937916
14 19845422 0.716093777319561
14 19846566 0.609558120547674
14 19847877 0.840579796483529
14 19850448 0.295680919064797
14 19856490 1.74973539450597
14 19857393 0.378781935539416
14 19902908 1.50072613111705
14 19907254 2
14 19914838 2
14 19915387 1.34297164229577
14 19917091 5e-04
14 19917167 0.756468570356077
14 19930210 0.784
14 19951710 0.513112123141747
14 19953821 0.162783737226291
14 19955315 0.432276095010754
14 19964084 0.745279552375936
14 19964885 0.22
14 19971729 1.4128
14 19976282 0.335101067807658
14 19990611 0.0267586261504409
14 19990655 1.5093
14 19990695 1.19406491499821
14 19992765 0.562173416770032
14 19999291 1.5093
14 20007575 1.3665
14 20008204 5e-04
14 20022950 2
14 20024333 0.671820654368312
14 20029472 1.4743
14 20030334 0.345935135577535
14 20030451 1.35041528201137
14 20033209 2
14 20038357 0.770279106357074
14 20041347 0.752902795856829
14 20041720 2.19476886335937
14 20046480 0.272715355985703
14 20048257 1.17911851198409
14 20054381 2
14 20061290 2
14 20068838 2
14 20069810 2
14 20087791 0.743550842385568
14 20088053 1.74948632586328
14 20101482 2
14 20104525 0.906635967260424
14 20131995 2
14 20138937 2
14 20167067 1.56783944951642
14 20169649 1.07249927421322
14 20173548 2
14 20178431 2
14 20184315 0.6737
14 20184396 0.6737
14 20187365 1.3337
14 20188427 1.3337
14 20190914 2
14 20193048 0.6413
14 20194919 2
14 20212657 2
14 20212939 5e-04
14 20213020 2
14 20217068 2
14 20220469 2
14 20221120 2
14 20225920 2
14 20226928 2
14 20227700 2
14 20229430 2
14 20229441 0.1897
14 20233115 2
14 20236043 2
14 20236202 0.299522694089735
14 20238450 1e-04
14 20241226 3.0378
14 20242747 2
14 20248682 2
14 20282222 0.726218989643122
14 20296964 0.188233174604525
14 20312639 1.3785
14 20332399 0.186242807523778
14 20334548 0.585319864085292
14 20338500 1.09345535870495
14 20341332 0.0014849466080129
14 20344308 1.14475235430927
14 20361807 0.973473029157234
14 20400592 0.2516
14 20410731 2
14 20423029 0.784411917423698
14 20426052 2
14 20426960 2
14 20427487 2
14 20431490 2
14 20437060 0.109517569371594
14 20437120 1.73653604648806
14 20438756 0.6139
14 20439279 2
14 20440187 1.12092431213261
14 20442073 0.213277942934635
14 20451392 2
14 20454990 2
14 20471035 0.1801
14 20492784 2
14 20498455 0.372741425007648
14 20501331 2
14 20504681 0.9815
14 20535878 0.0933
14 20538998 2.04072369285764
14 20539489 2
14 20544474 2
14 20551845 2
14 20566841 0.1537
14 20566943 0.0373
14 20569605 0.0602
14 20570540 0.0373
14 20582250 2.17482330018174
14 20589165 2
14 20589484 2
14 20590266 2
14 20594383 2
14 20601090 2
14 20603555 1.2705
14 20605312 2
14 20609187 2
14 20613601 2
14 20621751 0.0524787628331845
14 20624444 1.1363
14 20626435 1.78691757421719
14 20626908 0.2727
14 20636027 0.9693
14 20636212 0.400157366623934
14 20637320 1.27531989453766
14 20644501 2
14 20644729 2
14 20664500 1.8942
14 20673634 0.927466651871737
14 20673719 2
14 20683990 1.17156853612651
14 20688313 1.67895718896862
14 20690144 2
14 20702257 0.0354
14 20706010 2
14 20708191 2
14 20712599 2
14 20713197 2
14 20715294 2
14 20733510 2
14 20737214 2
14 20759433 2.1038088355384
14 20760393 2
14 20762371 2
14 20766609 0.64086710836031
14 20773437 2
14 20775446 2
14 20777412 2
14 20778014 0.0217
14 20779235 2
14 20783265 2
14 20787768 1.0417
14 20788017 0.563236870897437
14 20791876 2
14 20795007 2
14 20805742 2
14 20806217 0.1877
14 20809191 2
14 20837464 0.0337
14 20844723 0.1994
14 20846522 2
14 20846841 2
14 20847142 2
14 20851788 1.1662
14 20852865 0.104
14 20853056 1.1662
14 20857076 0.8938
14 20858454 0.104
14 20868152 0.0323
14 20868211 0.0326
14 20872408 0.9592
14 20879073 0.561112984328083
14 20892464 0.508668934194941
14 20916278 0.257794722071153
14 20918270 0.718198422511199
14 20919835 0.603696529559349
14 20951917 4e-04
14 20951925 0.448856459806018
14 20967591 2
14 20970690 0.894638556224406
14 20971813 2
14 20980863 0.243374348533214
14 20981176 2
14 20982199 2
14 20984627 0.273760318764607
14 20985470 2
14 20986610 0.203838301943025
14 20993753 2
14 21011296 2
14 21031725 2
14 21036708 2
14 21056111 0.287813817653738
14 21067282 2
14 21102455 0.25186764533867
14 21119110 0.915896963628855
14 21120362 2
14 21132118 0.68850130096941
14 21145959 0.974632094746852
14 21155330 0.550735812381567
14 21157839 1.0979591997206
14 21158665 0.214309104929275
14 21158950 2.21929466840476
14 21161739 0.899498907006377
14 21176901 0.428391314268541
14 21183102 1.12049682909662
14 21190779 2
14 21197343 2
14 21245503 0.6875
14 21295665 2
14 21302522 0.4461
14 21308892 0.8569
14 21316299 0.8569
14 21363260 2
14 21370687 0.0587
14 21381608 5e-04
14 21396242 2.1545
14 21410998 2.1062
14 21415321 2.1298
14 21439035 2.1545
14 21460239 0.0634907105795206
14 21461559 2.50672422884635
14 21464410 1.36746562216754
14 21466865 0.11318501541537
14 21477470 0.461620766976824
14 21479132 3.57751703993178
14 21481241 0.7748
14 21483512 0.7748
14 21492810 0.0278010465237084
14 21513124 0.8503
14 21518849 0.150865072308454
14 21544922 2
14 21552783 0.218976609183205
14 21561589 1.5273
14 21562678 2
14 21562944 2
14 21563061 2
14 21568705 0.0073
14 21569745 0.513158835463766
14 21579243 2
14 21581898 2
14 21588519 2
14 21592612 0.746
14 21593587 2
14 21594734 2
14 21594817 2
14 21596585 0.746
14 21597556 2
14 21598547 0.022
14 21599233 2
14 21599718 0.0078
14 21603945 2
14 21605322 1.5128
14 21609035 5e-04
14 21613495 2
14 21630944 2
14 21631436 0.0263
14 21631825 1.5204
14 21637818 0.7781
14 21642258 0.7101
14 21642396 0.7101
14 21663407 0.0263
14 21666670 0.35
14 21676599 2
14 21679240 0.266783486972905
14 21683170 1.3282
14 21683868 2
14 21684787 0.75
14 21697352 1.3282
14 21701178 0.0263
14 21713852 0.0263
14 21715380 1.01500654598733
14 21718803 1.11703900165919
14 21719588 1.396470834484
14 21733607 0.67618405590217
14 21741194 1.03104814734652
14 21745990 2
14 21747365 0.469916211399716
14 21749072 2
14 21755182 0.452083388224363
14 21758051 0.262237068473685
14 21760737 0.168301284205325
14 21761817 0.952602662096383
14 21767419 0.78380334847461
14 21803081 2
14 21804248 0.457854493049342
14 21821679 0.0492850746464906
14 21836914 2
14 21839470 0.526228588759624
14 21839656 1.67518153934046
14 21841003 5e-04
14 21844665 0.0203345149789465
14 21847030 0.997095779490503
14 21853868 2
14 21855682 2
14 21856326 2
14 21874260 0.166260355146258
14 21879579 0.563913382995201
14 21881211 2
14 21881982 2
14 21890884 2
14 21904249 2
14 21905433 1.8683
14 21907915 1.91052384384784
14 21916544 1.9106
14 21922009 2
14 21923966 0.0741072008406244
14 21924450 1.03440356373189
14 21927074 1.17393280680044
14 21931913 2
14 21940853 0.125343022287394
14 21952804 0.8311
14 21957045 0.8311
14 21957087 2
14 21959707 2
14 21960215 2
14 21965237 2
14 21970377 0.604421008681482
14 21975107 2
14 21975183 2
14 21975342 2
14 21982634 2
14 21984255 2
14 21984796 2
14 21989226 0.8311
14 22000964 0.8664
14 22028961 2
14 22045842 1.2325
14 22049666 2
14 22050165 2
14 22052433 2
14 22055274 1.1438
14 22060322 1.1438
14 22081624 2
14 22084726 2
14 22095440 1.8039
14 22117093 1.0815
14 22120065 2
14 22124026 1.3814
14 22124030 1.18771589682652
14 22126002 0.293915622951799
14 22129721 1.20024932598818
14 22130704 0.246455536273024
14 22130984 0.432838729004761
14 22132901 2.9163
14 22139859 2.9163
14 22140318 2.9163
14 22140881 2
14 22141413 2
14 22142172 2
14 22143506 2
14 22143826 2
14 22143836 2
14 22144099 2
14 22150916 0.7997
14 22155699 0.7107
14 22156046 0.0078
14 22159914 0.0078
14 22167297 0.0078
14 22169147 0.0078
14 22173112 0.0078
14 22178352 2
14 22182419 2
14 22183761 2
14 22193858 1.19173508097132
14 22194538 3.0378
14 22196629 0.394980061286653
14 22207775 1.9814
14 22216048 0.0078
14 22216373 1.14347791587356
14 22218476 1.61277229153009
14 22228779 0.655355657101258
14 22236894 0.428524808737758
14 22237077 2
14 22237750 2
14 22238869 2
14 22239287 2
14 22240079 2
14 22242856 2
14 22244692 2
14 22262765 0.536719076094386
14 22269832 1.71175474679965
14 22270701 2
14 22286242 0.7737897610398
14 22302201 0.724815946559567
14 22303871 2
14 22305120 2
14 22311141 2
14 22311424 2
14 22323783 0.159400125849105
14 22349781 1.4555
14 22350998 2.1669
14 22368113 1.12111564476123
14 22372436 0.400501690509647
14 22375032 2.60908586153358
14 22376567 0.264766321531679
14 22397503 2
14 22402305 1.29466248417808
14 22405044 2
14 22411569 1.42592695011626
14 22412041 0.916920165740259
14 22415662 0
14 22418469 2
14 22430323 0.42988837674669
14 22435500 2
14 22441291 1.5455
14 22474882 1.2724
14 22475515 1.2724
14 22485789 2
14 22488500 2
14 22490766 0.3753
14 22495012 5e-04
14 22495772 2.8012
14 22504381 2
14 22506715 0.0050647201941634
14 22506770 1.31735778379212
14 22508221 8e-04
14 22508264 1.3603
14 22511778 0.3178
14 22527773 3.2928
14 22528694 0.151545346350896
14 22530607 3.2928
14 22530666 0.676615135962616
14 22539793 2.914
14 22546932 1.63967068403903
14 22548647 0.97766311229302
14 22548744 1.25919331437903
14 22550265 0.442214611763132
14 22558406 2
14 22560962 1.4058
14 22563608 0.0244
14 22596746 0.436390301720209
14 22604646 2
14 22609904 1.481
14 22619901 2
14 22623202 2
14 22627381 5e-04
14 22628181 0.1120620451327
14 22632947 0.5482
14 22633977 0.5482
14 22634064 0.696548043035753
14 22634135 0.6684
14 22640232 8e-04
14 22648713 1.3038
14 22650323 1.3038
14 22651090 1.3227
14 22659843 2
14 22669845 5e-04
14 22672785 2.7548
14 22673905 2.4263
14 22694845 5e-04
14 22704277 0.255500510795994
14 22705829 0.998000516657288
14 22709098 0.895815266848598
14 22710298 0.646968708628014
14 22711519 1.15021653158307
14 22721214 0.107176776910909
14 22724887 1.83556132650884
14 22726538 0.517569043964969
14 22740945 0.693112884535675
14 22741131 0.236469243411176
14 22741810 2.9979
14 22766911 2.339
14 22773868 0.245040556300947
14 22776092 2
14 22780083 0.535742265392084
14 22792725 2.3847
14 22797317 0.633525093867271
14 22810838 2
14 22817768 0.117753674263802
14 22818576 0.593060464305225
14 22825431 2
14 22827353 2.9933
14 22832170 2
14 22832618 2
14 22834842 2
14 22859797 5e-04
14 22859853 2
14 22865302 0.286042217353009
14 22872457 0.552201446629743
14 22913413 0.121166539647743
14 22914204 0
14 22918376 1.93466811953793
14 22929786 2
14 22940700 0.252570938978036
14 22947043 0.10087742608123
14 22949827 3.09816978154425
14 22961150 0.475248885650112
14 22969771 0.536341486300157
14 22971533 1.0077
14 22975867 1.57736556959739
14 22988575 0.9737
14 22989248 0.117752050403153
14 23003925 5e-04
14 23012182 1.0875
14 23025068 0.0787
14 23025778 0.227465337448304
14 23038158 0.447333768984082
14 23040155 0.9987
14 23045878 2
14 23047226 2
14 23059966 1.3673
14 23063368 1.2984
14 23084559 5e-04
14 23086543 1.1197
14 23087032 2
14 23088933 2
14 23090965 1.1197
14 23092109 2
14 23108725 0.165807713322916
14 23160893 2
14 23161489 2
14 23162048 0
14 23181341 2
14 23195022 2
14 23200984 0.529353763497593
14 23220909 2
14 23233255 0.3441
14 23236375 2
14 23237775 0
14 23246556 1.9474
14 23248378 0.3169
14 23251248 2
14 23257417 0.3169
14 23260541 2
14 23263091 2
14 23267744 0.3169
14 23306294 2
14 23332323 2
14 23332328 1.1402
14 23335450 2
14 23335955 2
14 23342055 2
14 23374730 1.92873315389883
14 23386360 0.543684525455174
14 23387687 2
14 23392602 1.17216122045429
14 23417055 1.0787
14 23429818 1.0787
14 23448446 0.1614
14 23454859 0.1614
14 23455811 1.47744313671482
14 23455842 0.1614
14 23462444 2.0203465422726
14 23463952 0.0701
14 23478728 0
14 23489565 1.9144036457332
14 23504246 0.0292
14 23530418 2
14 23587878 2
14 23594552 2
14 23603515 0.659235765975823
14 23665742 2
14 23665873 0.0628672973628486
14 23668143 0.159378962950401
14 23678399 0.5212
14 23686158 0.472171374211775
14 23689525 1.01499723059665
14 23693096 2
14 23693972 0.3249
14 23699781 0.617250541407867
14 23702845 1.142
14 23712376 0.479140986414165
14 23718814 0.273444225928329
14 23724307 1.25675049722011
14 23726427 0.2841
14 23726896 2
14 23728075 0.1326
14 23728507 0.3538
14 23730681 0.9668
14 23735846 0.3538
14 23735984 0.5464
14 23736661 1.6774
14 23738746 2.5345
14 23742232 2
14 23747229 2
14 23747968 0.3538
14 23748329 0.3538
14 23756586 2.9933
14 23759910 0.105833833800814
14 23761083 0.4863
14 23762198 0.461814843432192
14 23766602 0.943702286936441
14 23769442 1.7239
14 23800002 1.1739
14 23818366 1.1739
14 23819827 1.1739
14 23829805 0
14 23845495 1.0759
14 23849141 1.0759
14 23857307 1.0933
14 23862133 2
14 23862582 1.0759
14 23867476 0.0729
14 23872975 0.34298225025239
14 23877220 0.06
14 23887486 0.150502937694139
14 23893209 0.529292389862911
14 23894941 0.87725988099155
14 23895418 1.22911649766484
14 23898385 0.745937140446435
14 23902529 0.995292607556005
14 23933803 0.0655475895642184
14 23939745 1.2273
14 23949092 1.19305820000448
14 23950995 1.2328
14 23984249 0.668648822451679
14 23984515 1.40065196406957
14 23987519 0.7082
14 24008026 0.3935
14 24060611 0.9275
14 24066014 2
14 24070121 2
14 24108056 1.4701
14 24139938 2
14 24154982 1.6133751396441
14 24219608 0.469803273115446
14 24225483 0.953308021893115
14 24232398 0
14 24245058 2
14 24245530 0.136532390071127
14 24270274 1.4467
14 24278907 2
14 24289228 0.0107
14 24290113 2
14 24301931 0.0162
14 24306812 1.2562
14 24317770 2.0815921179082
14 24321259 0.162791328308796
14 24324394 0
14 24325108 0.5903
14 24338962 2
14 24355802 2
14 24369009 2
14 24384635 2
14 24388515 2
14 24393531 2
14 24398849 2
14 24400545 2
14 24403003 2
14 24413852 2
14 24422156 2
14 24445723 0.0639
14 24451507 0.0386
14 24453399 1.9751
14 24453630 0.0386
14 24454433 2
14 24458107 1.9401
14 24458202 0.0639
14 24459535 0.0639
14 24464324 2
14 24468118 2
14 24472115 2
14 24472622 2
14 24472730 1.8768
14 24477666 2
14 24478622 2
14 24496701 2
14 24519182 0
14 24519311 0
14 24545370 1.5184
14 24557291 2
14 24580397 2
14 24582651 2
14 24592621 0.571896317313712
14 24599857 1.1894
14 24602603 1.9291
14 24605599 1.30990423039952
14 24632264 0.762173656253021
14 24637114 2
14 24640967 2
14 24641907 2
14 24645954 0.769446746699634
14 24660913 2
14 24715364 2
14 24719664 0.0917
14 24736613 2
14 24740248 0.0504
14 24745368 1.20386200894437
14 24753972 2
14 24777347 0.1345
14 24782780 2
14 24790849 0.1146
14 24805365 2
14 24850174 0.6588
14 24850660 0.355404926824822
14 24855558 1.2905
14 24859869 2
14 24882020 1.1792065263604
14 24894705 2
14 24897958 2
14 24909576 2
14 24927145 2
14 24931538 2
14 24931674 2
14 24933075 2
14 24933279 2
14 24958523 2
14 24962585 1.5101
14 24962594 1.8705
14 24968214 2
14 24968225 1.8851
14 24982647 2
14 24990276 2
14 24992783 2
14 24996649 2
14 25006901 1.65659875533725
14 25021075 0.055419928156796
14 25029811 2
14 25038151 2
14 25044504 2
14 25064898 1.71497602796907
14 25072303 1.13817218177743
14 25076909 2.07034164581236
14 25078641 2
14 25085734 0.39218103993702
14 25090270 2
14 25104721 0.157938729163306
14 25112408 0.737846805571361
14 25112679 2
14 25114713 2
14 25140067 2
14 25142945 2
14 25143253 2
14 25149414 2
14 25156368 2
14 25162706 2
14 25162793 2
14 25165563 0.7958
14 25172821 0.7958
14 25174679 0.7958
14 25176289 0.915303772991779
14 25191451 2
14 25193961 0.0066
14 25200768 2
14 25222850 0.1713
14 25239972 0.9135
14 25244544 0.8202
14 25248454 0.7989
14 25253162 2
14 25253846 2
14 25257755 0.7989
14 25258690 0.7989
14 25261450 0.7989
14 25263156 0.897
14 25263242 0.7989
14 25264638 2
14 25276466 2
14 25289958 2
14 25290474 2
14 25293725 0.609134830947328
14 25296771 1.9922
14 25302997 2
14 25308749 0.279180498178983
14 25309132 2
14 25309649 0.563578148023221
14 25311360 2
14 25313069 1.31885030105978
14 25316625 1.42929704441645
14 25317208 0.611623489060215
14 25320246 2
14 25320799 0.975712561097467
14 25333796 2
14 25333901 2
14 25350279 2
14 25354444 2
14 25358100 2
14 25360769 2
14 25379112 2
14 25388363 2
14 25391752 2
14 25401267 2
14 25416197 2
14 25416354 2
14 25417844 2
14 25419471 2
14 25419982 2
14 25428724 2
14 25434691 0.117780117446991
14 25434832 1.32073380538058
14 25448209 1.62579623655638
14 25470726 2
14 25474776 2
14 25474846 5e-04
14 25493314 2
14 25500389 0.587509552987471
14 25527519 0.733325859155318
14 25542818 1.3836
14 25548807 1.15075299408916
14 25549218 1.70617728657378
14 25550316 0.41712313222218
14 25563876 0.460773692579773
14 25563948 0
14 25574315 0.698214922034094
14 25591395 0.0034
14 25608445 0.1787
14 25616750 0.830199952655634
14 25628703 0.574820292397442
14 25631732 0.12316120635091
14 25635174 0.153615933961663
14 25638088 1.35400787382443
14 25639909 1.37415569520683
14 25648830 0.248729229398766
14 25652540 0
14 25665591 2
14 25667473 0.6203
14 25669325 0.6409
14 25685674 2
14 25702895 0.1245
14 25704505 0.9924
14 25709952 0.0555
14 25731073 0.1638
14 25732259 0.0078
14 25733570 0.677986680912883
14 25735004 1.4194
14 25738813 0.732246656256578
14 25745664 0.1554
14 25746109 8e-04
14 25747406 0.820101105847145
14 25752414 1.586
14 25755981 0.4768
14 25784452 5e-04
14 25787754 0.7121
14 25864808 1.8768
14 25871062 1.7442
14 25895657 1.6424
14 25922053 2
14 25946570 0.7551
14 25951161 0.7208
14 25990938 0.7551
14 26000076 0.6796
14 26006522 2
14 26013109 2
14 26013605 2
14 26014369 2
14 26018482 2
14 26024995 1.46190700400492
14 26027494 2
14 26028944 1.09985171686501
14 26038359 0.285082592561655
14 26062503 2
14 26062511 2
14 26062536 2
14 26065112 1.05284479828627
14 26074259 0.528012532024375
14 26091979 0.6099
14 26101180 0.1484
14 26101728 0.1484
14 26105832 2
14 26106549 2
14 26106836 2
14 26107333 1.01872656909954
14 26107559 2
14 26109538 0.756334975900988
14 26111019 2
14 26113773 2
14 26117638 2
14 26136449 0.5793
14 26148699 0.7439
14 26173549 0.168920123957584
14 26180081 0.775239383813191
14 26200124 2.81529573606936
14 26204430 2e-04
14 26237280 0.6953
14 26240554 2
14 26256722 0.8248
14 26287262 0.00550688263964097
14 26292110 5e-04
14 26300729 1.15827914221476
14 26303574 0.93638800809179
14 26308376 0.353705611868426
14 26308909 0.1666
14 26308937 1.24841177692229
14 26310597 0.926600648663137
14 26314084 1.43371372030572
14 26318495 0
14 26321629 1.14038220282067
14 26340652 0.0605791237605945
14 26345941 0.497297628203045
14 26346072 0.474388545432944
14 26349028 1.03581762782354
14 26368593 2
14 26368926 1.6509
14 26369499 2
14 26373201 0.0236
14 26397759 0.0487778711296618
14 26405166 1.7862
14 26409378 2e-04
14 26409382 1e-04
14 26409386 1e-04
14 26422703 1.02063195200175
14 26423427 6e-04
14 26423673 2.9933
14 26453925 0.485803328712943
14 26478507 0.8539
14 26484083 0
14 26497633 0.877069797459564
14 26507591 0.0233670102377251
14 26527304 2.8796898700809
14 26530139 0.117818066599803
14 26547538 1.61441788603354
14 26564707 7e-04
14 26565906 0.423939751918514
14 26594861 1.10850348514835
14 26613372 1.675637271226
14 26647271 2
14 26671814 0.680436762159829
14 26686976 0.0791
14 26687431 0.60832662787026
14 26692092 0.9052
14 26693460 0.320721650949364
14 26707526 0.1089
14 26708964 0.156008489115272
14 26723218 0.0881
14 26732594 0.468349442027648
14 26733009 0.368912150731281
14 26769063 5e-04
14 26791572 0.0140991818281343
14 26799455 1.24455056285896
14 26818773 1.77047196869886
14 26843696 8e-04
14 26865282 1.79444070179534
14 26874123 0
14 26876559 0.754697839638174
14 26879745 0.0684
14 26895304 1.7727
14 26900441 0.0332
14 26901223 1.14626021065154
14 26907308 0.185702537385363
14 26907693 1.10616878304585
14 26917523 5e-04
14 26926794 0.145229294414722
14 26933425 0.224995281093804
14 26953607 2.22053891293778
14 26965634 0.0332
14 26970285 0.997757967742894
14 26977054 0.0332
14 26977485 1.23495313408575
14 26993291 0.0332
14 27023434 0.660770574971025
14 27024730 2
14 27026244 0.801444386481081
14 27031767 0.5754
14 27045333 1.46710595222726
14 27066899 0.627082597795388
14 27076676 0.243333817549561
14 27085606 2
14 27087933 2
14 27100805 1.22590966217327
14 27105021 0.088
14 27105332 0.536882457355103
14 27106809 1.86185317598953
14 27115883 1.61862595724605
14 27130323 0.37
14 27136092 2
14 27137316 3e-04
14 27143921 2
14 27144415 0.3316
14 27152625 2
14 27159941 0.0606
14 27164128 0.9318
14 27167052 2
14 27169024 5e-04
14 27174241 0.0606
14 27185101 2
14 27192444 1.53510959282032
14 27199641 0.63727834079166
14 27251555 0.7577
14 27256380 0.885600010237345
14 27256836 0.68456123006844
14 27265223 0.5078
14 27275806 2
14 27294888 0.2006
14 27296726 0.2006
14 27299216 2
14 27300707 0.2006
14 27301149 1.2756
14 27301440 1.0623
14 27342014 0.0684
14 27349693 2
14 27352950 2
14 27354004 2
14 27356702 2
14 27357316 2
14 27368377 2
14 27370397 2
14 27373313 2
14 27375587 0.0078
14 27381681 2
14 27389710 2
14 27395575 0.9855
14 27403861 2
14 27407113 1.6627
14 27421540 2
14 27459456 2
14 27516755 0
14 27520044 2
14 27523717 2
14 27544025 2
14 27553730 2
14 27584527 2
14 27593399 2
14 27609232 2
14 27621656 2
14 27647361 2
14 27654382 2
14 27666528 2
14 27670855 2
14 27671437 2
14 27674517 1.42170255625093
14 27683202 2
14 27683592 1.4106
14 27685348 2
14 27730714 2
14 27732116 1.9632
14 27762800 2
14 27765249 0.1832
14 27775256 1.3442
14 27819649 2
14 27822244 2
14 27826730 0.1659
14 27826956 0.0252
14 27829671 0.1655
14 27831533 0.1655
14 27834317 2
14 27839837 2
14 27842883 0
14 27844548 2
14 27848020 0.1655
14 27848249 0.1727
14 27849306 2
14 27862403 2
14 27864490 2
14 27864778 2
14 27865610 2
14 27878848 0.6137
14 27894851 2
14 27903019 2
14 27908254 2
14 27908813 2
14 27910251 1.4007
14 27913259 2
14 27950449 2
14 27992522 0.2365
14 28003863 0
14 28031373 2
14 28031484 0.641014160537844
14 28037280 2
14 28038117 2
14 28043599 2
14 28043874 2
14 28048425 2
14 28061281 2
14 28068406 0.8414
14 28071242 2
14 28078204 2
14 28106361 0.1723
14 28109761 2
14 28110879 2
14 28111861 2
14 28115282 2
14 28116012 2
14 28120251 2
14 28132835 1.17863992750911
14 28136709 2
14 28137513 2
14 28140819 2
14 28142841 2
14 28157853 0.626325878974984
14 28161258 2
14 28194314 2.1664
14 28216300 2
14 28222459 2
14 28223676 2
14 28226130 2
14 28254245 0.3996
14 28273108 2.0271
14 28285059 0.312006512500915
14 28319520 0
14 28332845 2.45150646454121
14 28339141 1.945
14 28341720 1.2757
14 28358702 2
14 28366145 0.0217
14 28368565 2
14 28376187 2
14 28383440 0.4684
14 28396772 2
14 28399005 0.4684
14 28399182 0.4684
14 28405831 0.1335
14 28414042 2
14 28420709 2
14 28433493 2
14 28457511 2
14 28461752 0.587768113649653
14 28464124 1.18752878979469
14 28475845 2
14 28476463 2
14 28521344 2
14 28522625 2.3299
14 28540194 1.52012465436251
14 28548537 0.0927116998892766
14 28548805 0.0053989481784743
14 28552109 0.674475679997812
14 28552171 1.1245094579504
14 28562693 2
14 28567391 0.823081228239889
14 28577616 2.26498187714753
14 28591226 0.7109
14 28595387 1.91664503479939
14 28596408 0.289282548902888
14 28601709 1.0466
14 28608349 0.2299
14 28609736 0.0078
14 28632239 0.0815397080459176
14 28649487 1.40644279275023
14 28653111 1.06200626213278
14 28692673 0.8787
14 28696691 0.3813
14 28702161 0.3813
14 28703951 0.1911
14 28708237 0.3813
14 28713457 0.3813
14 28718989 0.9347
14 28725719 0.4026
14 28729185 0.214016194353915
14 28735180 0.353909364582895
14 28746172 1.09586507819787
14 28761016 2
14 28764929 0.564340608349619
14 28774036 1.22028940295614
14 28774816 1.65454597473967
14 28799370 2
14 28869943 2
14 28875847 0.0578728695185522
14 28908317 0.9097
14 28914581 0.5221
14 28919942 0.9097
14 29001554 0.9097
14 29006961 2
14 29009255 0.831
14 29018447 0.238165056784864
14 29020374 1.0661
14 29021395 0.831
14 29025997 0.831
14 29041146 0.548560530388327
14 29056957 0.87890481311589
14 29086351 0.759986850586032
14 29087079 0.252913498837754
14 29096423 0.831009168530411
14 29105324 0.0955132092219229
14 29110201 0.638717889294467
14 29127137 0.913691216232975
14 29212088 0.1796
14 29216122 0.1796
14 29226419 0.0223
14 29227197 2
14 29249690 2
14 29253612 2
14 29267632 2
14 29267690 0.0403
14 29277408 2
14 29281038 2
14 29284509 2
14 29332171 2
14 29333705 2
14 29337851 2
14 29338553 0.9841
14 29362879 2
14 29363405 2.5901
14 29399538 2
14 29410829 2
14 29413006 2
14 29456777 0.2159
14 29458009 0.2159
14 29463969 2
14 29466081 0.239146511079061
14 29472118 2
14 29474033 2
14 29488166 2
14 29505951 0.5373
14 29511025 1.2967395510369
14 29514080 0.5373
14 29515225 0.0261
14 29535635 0.7034
14 29544734 0.6684
14 29586613 0.6934
14 29598312 0.0222
14 29598988 0.5376
14 29612753 2
14 29613092 0.0107
14 29613261 2
14 29623679 0.0107
14 29626345 1.9511
14 29634235 0.0107
14 29675977 1.1724
14 29677386 0.4969
14 29695762 2
14 29700781 0.4841
14 29744640 0.0311
14 29750293 0.242
14 29828885 3.0916277355677
14 29835512 0.5004
14 29844953 0.522763496758618
14 29879665 1.1531
14 29889595 1.089
14 29900941 0.2911
14 29901929 0.2911
14 29902214 0.2911
14 29915471 0.588239094595571
14 29938410 1.5574
14 29946986 1.46731487883156
14 29947001 1.09497626393155
14 29951799 0.5509
14 29960723 0.8181
14 29976029 0.1326
14 29983762 0.1326
14 29985686 0.2984
14 29985887 0.5822
14 29990500 7e-04
14 29990657 5e-04
14 29990743 5e-04
14 29993846 0.0863
14 29994527 0.0863
14 30000882 0.8888
14 30020417 0.9932
14 30048148 1.97861747083662
14 30068491 0.9469
14 30070080 2.1108
14 30071221 1.7658
14 30081715 2
14 30089319 2
14 30102382 2
14 30111819 0.981046893221451
14 30116610 0.250078415598443
14 30118184 2
14 30118568 1.3683211178431
14 30123575 0.198520286394525
14 30124660 1.17493657121442
14 30132296 2
14 30142177 1.2694
14 30145079 2
14 30158273 1.31002333461057
14 30193945 2
14 30197285 2
14 30199808 2
14 30236889 0.258228449333752
14 30258433 0.112754128320248
14 30288963 0.2691
14 30361129 1.2214
14 30362713 0.501600738634425
14 30369403 5e-04
14 30374010 0.91396089297987
14 30394748 0.826912704049755
14 30396786 1.1738
14 30416685 0.588914560047231
14 30416960 5e-04
14 30431565 2.4982
14 30519950 1.7658
14 30522353 0.828
14 30529893 1.142
14 30545129 1.9922
14 30552125 1.7171
14 30577061 1.7917
14 30600628 1.741
14 30627730 1.741
14 30653869 0.2678
14 30661799 0.2678
14 30666933 1.741
14 30678292 0.2995
14 30757278 0.137020370985997
14 30769048 0.0994
14 30796461 1.44580018934816
14 30797916 0.706841113392671
14 30798465 1.60919685099752
14 30798601 0.7834
14 30800706 2.0796
14 30816367 0.0713
14 30820514 0.0713
14 30837918 0.0115
14 30847041 0.9295
14 30858839 2
14 30859948 0.1244
14 30863093 1.28149191927267
14 30867226 1.1662
14 30870999 1.07715592514933
14 30879731 1.48996895702885
14 30881802 0.348985753045167
14 30889171 1.2866
14 30898719 0.740193908596189
14 30898855 0.3534
14 30922015 1.5092
14 30927620 0.430719550280042
14 30930693 1.00302486278265
14 30944880 1.21382976946025
14 30957302 0.900343891560946
14 30966203 1.5529
14 30968370 2
14 30969988 2
14 30971374 0.812934122204278
14 30972431 1.5529
14 30974880 2
14 30977167 0.259103416160266
14 30977851 2
14 30984136 5e-04
14 30989923 2
14 31003818 1.65932125414179
14 31011923 2
14 31021205 0.67391725712401
14 31022616 2
14 31034277 1.95129902553703
14 31037376 1.12518434646678
14 31043146 0.56179238869279
14 31054738 1.03335686098311
14 31062963 0.142355817411986
14 31063580 1.9128
14 31066550 0.140752088270133
14 31066790 0.000926182605022366
14 31073273 1.2604
14 31073286 0.373494738163666
14 31122638 5e-04
14 31139289 0.082122873938928
14 31141733 0.602778852218287
14 31148674 0.374991174566403
14 31148808 0.0078
14 31152427 1.1606029163131
14 31163087 0.1064
14 31170627 0.60463518901335
14 31182294 1.81672411606678
14 31185310 0.0446065816486356
14 31192323 1.06181243936053
14 31199048 0.102650141320997
14 31220338 2
14 31221964 2
14 31245537 1.069
14 31255326 2
14 31271426 1.069
14 31278054 2e-04
14 31298264 2
14 31299047 0
14 31328257 0.0273
14 31341229 0.0274
14 31353735 0.033
14 31354534 0.0274
14 31354678 2
14 31391267 2
14 31411653 1.1734
14 31423438 1.136
14 31426768 1.2138
14 31433856 0.573011742788689
14 31439175 2
14 31449489 0
14 31466065 2
14 31473229 0.936269980948219
14 31500087 0.162600044114025
14 31502891 0.0985417557721667
14 31508950 0.833916280746944
14 31509525 0.990609761942547
14 31513425 1.48111566023947
14 31514658 0.8006
14 31520011 0.5074
14 31544556 0.634201477440122
14 31571834 2
14 31624709 2
14 31626101 1.4791
14 31637598 2
14 31650293 2
14 31654558 2
14 31666667 2
14 31679819 2
14 31684740 1.487
14 31689083 2
14 31692997 0.0502
14 31699713 2
14 31706569 2
14 31711134 2
14 31711574 2
14 31711730 2
14 31714642 2
14 31715804 2
14 31722786 2
14 31732540 2
14 31741044 2
14 31752613 2
14 31757618 1.4791
14 31790453 2
14 31801060 1.3215
14 31803465 2
14 31812983 0.467595426604575
14 31818105 2
14 31848874 0.874
14 31850027 0.7865
14 31852178 0.7865
14 31856115 2
14 31864456 0.496164010389686
14 31868156 2
14 31875542 2
14 31878147 0.874
14 31886595 0.511
14 31902569 2
14 31903125 2
14 31914345 1.67240422549
14 31914616 0.0278
14 31919350 1.25646555984036
14 31921908 0.614653946447455
14 31928248 0.8883
14 31928315 0.741792042824687
14 31929044 0.8883
14 31930057 0.760053745884391
14 31931599 5e-04
14 31931713 0.7314
14 31934179 1.16240031913249
14 31934657 1.38421924236156
14 31945906 0
14 31945970 0.322655415894493
14 31947263 0.262602243521383
14 31949039 0.789955638105768
14 31949826 0.300520233192705
14 31958940 1.5531
14 31967782 0.5041
14 31983067 0.7243
14 31986114 1.25126224524284
14 31993432 0.0078
14 31999167 0.6902
14 32002157 0.6902
14 32003933 0.6902
14 32006002 0.306821683781517
14 32008976 0.578704558141608
14 32025073 0.1509
14 32034160 0.726819598125223
14 32036849 2.4029
14 32039810 0.85978908784282
14 32052469 0.537328157767984
14 32104683 3.1163
14 32168038 1.0297
14 32169578 0.8165
14 32171086 0.1696
14 32173193 1.5585
14 32203274 1.445
14 32203278 0.963837749857479
14 32203346 2.17699444361624
14 32214340 4.6124
14 32223163 1.7646
14 32227314 0.650345964547267
14 32230492 0.578012942351656
14 32239187 1.6373
14 32286669 0.882681447874309
14 32303769 0.837416041804927
14 32320268 0.994259137537503
14 32335839 1.74866423955703
14 32336965 0.251056884107607
14 32337316 0.356981745121921
14 32351013 0.390993898634419
14 32351773 0.0269883108796087
14 32354774 0.291964220802558
14 32355598 0.298050655451447
14 32357841 0.742471065451046
14 32425075 0.484412382349648
14 32437231 1.09014285464141
14 32438986 0.713128898284014
14 32443161 2.2967
14 32443398 1.20610049550116
14 32452661 0.447621517054186
14 32454720 1e-04
14 32454769 0
14 32455060 0.9823
14 32455299 0.8631
14 32464961 0.8906
14 32466397 2.2967
14 32474001 2.3299
14 32481985 5e-04
14 32486931 0.997918031161112
14 32486955 0.626221773949678
14 32489331 0.678275160627954
14 32490114 0.345414368655321
14 32494462 0.755566268488069
14 32498758 0.604608361763931
14 32499140 0.442181975378164
14 32504181 0.797593050359262
14 32504675 0.876781059204833
14 32518425 0.719220558434784
14 32525526 0.4603
14 32528082 1.16321306435936
14 32540072 0.835089952084657
14 32549721 1.40047731246473
14 32559610 0.146210009684364
14 32572615 0.276
14 32573797 2.15207516230257
14 32582508 1.019
14 32590164 0.572444712619291
14 32598153 0.752606046663663
14 32600921 0.2164
14 32612210 0.309972541247307
14 32632345 0.423406951159877
14 32636526 1.41395017682872
14 32637820 0.437916125469507
14 32638359 0.304581640524941
14 32641332 2.67415077605927
14 32642051 0.412096165656666
14 32647860 0.243720508039547
14 32659020 1.29625514916362
14 32676384 0.075075416166497
14 32687671 1.45601439566569
14 32694382 0.462281520335082
14 32695845 0.103687440178381
14 32695878 0.0278563044163303
14 32713461 2.35110750714474
14 32716399 0.8862
14 32724119 0.661544399117551
14 32749586 0.1833
14 32757339 2.5952
14 32757902 5e-04
14 32760029 1.3952
14 32763208 0.0492
14 32776396 0.0291
14 32788611 0.0595
14 32799898 1.3052
14 32802282 1.02995190385765
14 32802775 0.354428671445438
14 32823916 0.0323
14 32833676 0.0493
14 32836917 0.0019
14 32840151 0.564529582286018
14 32847854 1.31548908703336
14 32851717 5e-04
14 32851723 5e-04
14 32857185 1.43455110788986
14 32896373 1.3352
14 32900086 0.848092085280396
14 32902935 1.0616
14 32903553 0.9784
14 32906509 0.794471232563947
14 32912972 0.83007205926959
14 32921823 0.46318725814069
14 32921920 0.84791998482739
14 32927531 0.4531
14 32928421 0.72780034725169
14 32946522 1.04766026743866
14 32952541 0.7154
14 32958997 0.0078
14 32961365 0.7154
14 32988687 1.2808
14 32989667 5e-04
14 32991395 0.6521
14 33007060 1.7634
14 33012085 0.0866
14 33020512 1.324093706237
14 33028765 0.223208953307399
14 33034487 0.973830903704236
14 33062810 0.8786
14 33074352 1.6748
14 33076261 1.9913
14 33079822 0.0546261741044466
14 33089613 0.475343331875316
14 33095666 0.187068662114264
14 33107263 1.62379946821809
14 33110785 1.2211
14 33111781 0.6108
14 33111842 1.5843
14 33138432 0.0916392071664253
14 33138534 0.114448962180295
14 33141599 0.0053
14 33142827 2.9996
14 33152447 1.54077401484986
14 33157516 2.0799
14 33158198 0.2946
14 33187148 0.396
14 33196812 0.788709103873361
14 33202030 0.214788550735141
14 33204009 0.513505509566043
14 33204506 0.9182
14 33214096 1.5094
14 33226824 0.7097
14 33244513 3.1252
14 33258778 1.348
14 33273205 0.7264719560015
14 33283031 1.33560786490756
14 33288047 0.4306
14 33294275 0.0904850778436379
14 33295362 0.9084
14 33297838 1.14210260702471
14 33299458 0.3268
14 33308510 0.3892
14 33326219 2.9996
14 33334698 0.876802941030836
14 33337800 1.1014
14 33346295 0.272
14 33352547 0.21257928747712
14 33368095 1.10986817613896
14 33368302 1.0359
14 33378915 1.5718
14 33392600 0.6101
14 33417036 0.9644
14 33426578 0.4002
14 33448832 0.2137
14 33451068 0.1686
14 33451176 1.8115
14 33453677 0.0992
14 33456403 1.9195
14 33461858 0.0386
14 33464123 0.0444
14 33521470 0.755208989712008
14 33533817 0.533676917071693
14 33534787 0.658105838093612
14 33543636 1.23037926822066
14 33547565 0.467233906638764
14 33548534 0.838844103227037
14 33572936 2.16853371278529
14 33577805 0.3743
14 33603351 0.6814
14 33604084 0.89
14 33610831 0.444646105282902
14 33611882 1.04354601764125
14 33665566 0.185816567532813
14 33677642 0.5725
14 33680186 0.3782716814471
14 33693454 0.774
14 33697782 0.59613632618006
14 33701859 1.03638405525678
14 33721776 0.872
14 33725130 0.385396130350194
14 33735356 1.9412
14 33746888 0.736195079513866
14 33759515 1.6713189199716
14 33783370 1.19409905880553
14 33784752 5e-04
14 33798719 0.2581
14 33800569 1.0396
14 33807278 0.211856767041718
14 33826664 0.977144506239643
14 33832919 1.0102
14 33860363 2.6692
14 33924537 1.3224660579715
14 33931877 0.0107
14 33934300 0.1951
14 33936221 0.0047
14 33941560 0.908
14 33954747 1.37727512523306
14 33963704 0.2982
14 33969744 0.864027782939591
14 33971405 0.142074431458412
14 33973257 0.170289870852458
14 33975428 1.4636
14 33977316 1.42543588794418
14 33993536 0.877593947443245
14 33999691 0.184261975580964
14 34008149 1.60647348687967
14 34012713 1.33053646371816
14 34027096 3.1164
14 34027568 5e-04
14 34036092 1.24185586999569
14 34038147 0.0037
14 34048678 0.850611156111643
14 34059827 1.98
14 34060107 0.61814088207699
14 34079791 0.163374843444348
14 34093687 1.03095005595537
14 34095025 1.27733976140875
14 34107561 1.386028993139
14 34108935 1.62347508191874
14 34123120 1.2126
14 34197017 1e-04
14 34200184 0.3956
14 34207614 0.0078
14 34216477 0.915700547898042
14 34220530 0
14 34232405 0.0273
14 34241109 0.598292232327679
14 34241186 0.0125569138207693
14 34246237 1.31373283545593
14 34248632 0.0107
14 34250289 0.45215765659052
14 34255700 1.0738
14 34258166 1.286
14 34259354 0.8053
14 34260876 0.358284480675292
14 34267766 0.1796
14 34277399 0.1796
14 34283921 1.2922
14 34296043 1.3304
14 34297878 0.0429
14 34302723 0.158707650344652
14 34312787 1.25314407499977
14 34321703 0.9762
14 34331532 0.046
14 34331707 0.795016238840468
14 34341623 0.6043
14 34343967 1.0444
14 34358645 0.179056386267199
14 34359030 0.239483510834825
14 34377946 0.946449916928121
14 34380270 0.7559
14 34381748 0.7747
14 34399313 0.1291
14 34399342 0.1291
14 34401077 0.1291
14 34435751 0.1554
14 34452235 0.0078
14 34452259 1.50345721621346
14 34459725 0.0683995382645043
14 34468237 0.3235
14 34477382 0.2707
14 34479264 0.2707
14 34479479 0.2707
14 34483926 2.52110383218941
14 34487776 0.5199
14 34500024 1.59057396300337
14 34518861 1.1004
14 34519633 1.6486
14 34523836 0.251639618981307
14 34524362 2.05902659664579
14 34527433 0.5545205934722
14 34549511 0.599619532571572
14 34549675 1.6822
14 34586807 0.369612110642978
14 34593840 0.264837053355474
14 34594110 1.3759
14 34611690 0.0078
14 34632388 0.914495319737407
14 34632789 1.01223420697986
14 34633040 0.945743416347322
14 34636566 0.303171586261941
14 34637471 0.529367658890661
14 34653011 1.13489316191403
14 34660352 2.118
14 34665980 0.00113145736116879
14 34668942 2.01007858787446
14 34669161 0.634
14 34673136 0.0668986203873888
14 34676508 0.603367866162157
14 34677948 1.6721
14 34679974 1.3562
14 34680011 0.0078
14 34689832 0.1414
14 34691265 0.0146712893498745
14 34693098 0.1414
14 34701887 0.1414
14 34702186 0.0066
14 34706485 0.2752
14 34709836 0.1414
14 34715040 0.1211
14 34715117 0.5191
14 34716383 0.745
14 34718117 0.5645
14 34719507 1.0166
14 34725661 0.362893677524853
14 34735245 0.0078
14 34736732 0.991
14 34749625 0.5832
14 34751399 1.1215
14 34756001 0.0595
14 34757752 0.6288
14 34761171 0.332562401276549
14 34768668 1.1215
14 34815632 1.1215
14 34851933 1.19628484236134
14 34853576 0.120745561130102
14 34861254 0.0341968693239586
14 34861687 0.2665
14 34863454 1.06144735562313
14 34879420 0.4413
14 34883462 0.4345
14 34890577 0.5832
14 34892933 0.821738738721549
14 34923334 1.78831139255542
14 34926256 0.615715839054624
14 34936038 0.6514
14 34939342 0.349891215383047
14 34942749 1.0728
14 34962405 0.9417
14 34962436 0.0477
14 34962444 1.36228391000256
14 34962483 0.785781563032667
14 34976208 1.1379
14 34987286 3.3015
14 34987542 0.840211151081907
14 35007616 2
14 35010346 1.2225
14 35033571 1.1544
14 35039097 2
14 35046714 1.2225
14 35052267 0.0984335244923367
14 35065065 3.4281
14 35066652 1.3839
14 35077246 1.3839
14 35077544 0.4687
14 35087274 0.3403
14 35100452 1.2226
14 35111070 0.7828
14 35119126 2.26070373410685
14 35129800 1.4298
14 35138507 1.1076
14 35161077 3.3019
14 35161978 0.5546
14 35162614 1.40108250762504
14 35165686 0.602872490962601
14 35177486 1.17420997749505
14 35180069 0.0485
14 35182002 1.07314964931632
14 35182502 0.400653928879913
14 35184522 0.0485
14 35184647 0.5546
14 35186345 3.3019
14 35201974 0.893203748246128
14 35213695 0.774550971180863
14 35218539 0.2023
14 35243341 1.48195977982218
14 35248108 0.612993416788119
14 35248705 0.303183184657406
14 35254820 1.12686009245471
14 35260179 0.625820621519713
14 35266346 0.744794571013798
14 35274315 0.0485681783176598
14 35278611 0.872
14 35292367 0.223064835638081
14 35297052 0.833817759328874
14 35306578 1.31387814410057
14 35337794 3.1148
14 35339183 1.31611349426156
14 35344296 0.861737081286156
14 35349123 0.7794
14 35350461 0.0533776337473806
14 35357164 0.8635
14 35360503 0.707699373762934
14 35360908 0.7939
14 35363460 0.4729
14 35363872 1.1181
14 35373310 0.3015
14 35373462 1.0922
14 35376019 0.7224
14 35377387 0.42729456703872
14 35379134 0.00429680109045764
14 35379342 0.8956
14 35379530 1.0949
14 35380471 0.4371
14 35381757 0.4651
14 35381760 5e-04
14 35383268 0.5041
14 35400661 0.918810759981569
14 35406819 1.0458088982562
14 35409952 1.53983211758078
14 35410345 0.103935143900073
14 35411485 0.945115105872179
14 35425279 2.8418
14 35425749 0.0829
14 35432376 0.7811
14 35436469 0.6205
14 35444375 0.7096
14 35448989 1.1596
14 35449471 0.251110546625532
14 35455920 0.762988588988884
14 35458123 1.02874246149953
14 35467580 0.4971
14 35472362 1.4822
14 35497139 0.9127
14 35542218 0.164492559428197
14 35604098 0.865407472047706
14 35761171 0.0078
14 35812157 0.262404994067277
14 35815176 1.6347
14 35837201 1.0399
14 35853289 2.1158
14 35863337 0.9067
14 35869284 0.9067
14 35924706 0.1769
14 35942878 5e-04
14 35976823 0.3088
14 35977548 2
14 35978546 0.0425979839156897
14 35978958 0.539024472387141
14 35982461 0.954955509061389
14 35982718 0.189620029132302
14 35983918 5e-04
14 36012940 0.251397253697484
14 36019547 0.250807245723895
14 36034280 1.80578567235587
14 36034736 1.40560263523693
14 36049775 0.0078
14 36050062 0.677311756463811
14 36051569 0.0142545803204844
14 36056952 0.0848403852340337
14 36072456 0.359444618742697
14 36073016 0.166895646130715
14 36077246 1.16471306156433
14 36077706 1.7015
14 36078725 2.36724691382768
14 36096786 0.733242082737855
14 36101158 0.300578875221434
14 36104812 1.37122498631996
14 36111976 1.18904053628008
14 36116017 0.827138595393744
14 36120842 1.3265692893506
14 36122153 1.17598071508083
14 36124167 0.949217845336128
14 36126374 0.208222572182593
14 36128417 1.11746914509657
14 36128692 0.0903873373683946
14 36134016 0.324066116501258
14 36144225 0.0750892487368402
14 36151474 1.98445577709287e-05
14 36154067 0.648668254420006
14 36164209 0.615177652977284
14 36182715 1.18803890920404
14 36192085 0.3083
14 36195622 0.4239
14 36198515 0.251634592924484
14 36202776 0.5233
14 36211443 0.4137
14 36224785 0.6797
14 36253566 0.3434
14 36259615 0.307411599117838
14 36265602 0.0436
14 36297805 0.038
14 36313682 0.1462
14 36327697 0.038
14 36336753 0.1462
14 36338976 0.1828
14 36339614 0.1596
14 36353699 1.55828059585997
14 36360822 0.1828
14 36361959 0.1462
14 36395193 0.1755
14 36406868 0.5715
14 36413997 0.9067
14 36417640 0.631715602579418
14 36465717 0.0941792905055444
14 36523791 1.9373
14 36527150 0.3821
14 36536510 1.9373
14 36538944 0.3927
14 36541834 0.14396194797474
14 36547163 0.1378
14 36548585 0.39614875053352
14 36554478 1.5407
14 36572191 0.1378
14 36575893 0.515221182919364
14 36576633 0.5809
14 36590771 0.8331
14 36602797 1.6216
14 36608250 1.82330677087271
14 36610323 0.41790372235458
14 36611534 0.343032926483559
14 36618442 0.4449
14 36630924 0.6122
14 36632870 0.6122
14 36633017 0.3271
14 36633265 0.6122
14 36642010 0.6215
14 36643542 1.0611
14 36656058 2.24119720444384
14 36679967 0.9777
14 36704253 0.033
14 36717459 0.8291
14 36739712 0.26664214964773
14 36741469 0.0532
14 36749173 1.54509438074619
14 36762698 0.940373776067457
14 36764078 0.477216696412852
14 36775590 1.25071387663477
14 36789792 5e-04
14 36789816 5e-04
14 36810511 0.0682712813970946
14 36813420 0.66276136167379
14 36819188 1.25105555813861
14 36821874 2.9933
14 36839591 0.0638433201839903
14 36841148 1.60656202288792
14 36854049 1.7766
14 36858307 2.10652249657234
14 36867509 0.692759465844893
14 36867511 0.661226232763669
14 36869104 0.947414045513365
14 36880263 0.347677583769849
14 36886001 0.0765
14 36892487 0.528399740728573
14 36935689 1.27403192881826
14 36952823 0.865279515939054
14 36957847 1.79958352787504
14 36962982 0.558011479740208
14 36963879 1.4477354573353
14 36991439 1.3952
14 37001009 0.1293
14 37005432 0.1293
14 37013228 1.8887
14 37017850 0.382
14 37021893 1.509
14 37036574 1.9922
14 37040244 5e-04
14 37041631 0.9799
14 37043743 0.9799
14 37054929 1.8782
14 37057622 2.0275
14 37069389 0.5485
14 37073653 0.9799
14 37089589 0.2739
14 37090771 0.1376
14 37102736 0.0318807658219052
14 37122405 2.24057981724508
14 37124422 1.00864323347056
14 37125046 0.727178892447151
14 37128675 0.1376
14 37147970 0
14 37153347 0
14 37155747 1.3463
14 37158679 0.613475052062964
14 37161012 0.683
14 37170931 0.0107
14 37186814 1.9629
14 37188917 2.2273
14 37190997 0.8264
14 37198054 2.2273
14 37232562 0.396794976971369
14 37238574 2.1063
14 37238711 1.3463
14 37242728 1.3463
14 37270641 0.1028
14 37288802 1.15905836059329
14 37290302 1.3463
14 37309542 1.0005
14 37330596 0.2225
14 37333492 0.1839
14 37356251 0.0053
14 37362214 0.0053
14 37362737 0.0053
14 37373495 0.2086
14 37378864 0.7746
14 37388475 2.5345
14 37475085 0.1916
14 37498917 0.1951
14 37507684 0.1907
14 37517471 0.1839
14 37519905 0.2074
14 37522190 2.2653
14 37551514 0.1807
14 37556292 0.5105
14 37556430 5e-04
14 37571116 0.8735
14 37586312 1.0906
14 37591441 1.0975
14 37619267 1.7969
14 37624299 0.7101
14 37626869 0.642367779556378
14 37638441 1.8448
14 37658518 0.701268889523105
14 37660463 1.0844
14 37662546 0.7101
14 37663148 1.0642
14 37669628 1.0577
14 37670301 1.0577
14 37689616 0.1779
14 37705771 5e-04
14 37724902 1.0577
14 37726881 1.0642
14 37729155 0.6626
14 37729266 0.7767
14 37735262 0.312618308941604
14 37743320 1.91908051065301
14 37754070 1.2485
14 37776555 0.545027363002217
14 37782373 0.1851
14 37792552 0.1347
14 37822045 0.4257
14 37835842 0.4196
14 37853724 0.4196
14 37886062 0.5018
14 37894498 2.0528
14 37911024 0.4136
14 37912115 0.4136
14 37919317 0.5407
14 37931429 0.5683
14 37932464 1.5544
14 37937629 2.0202
14 37963945 0.3396
14 37965217 0.3396
14 37971601 5e-04
14 38003189 1.7466
14 38011169 1.7466
14 38024372 0.0206882198939108
14 38042449 1.047
14 38059624 0.0078
14 38063097 1.047
14 38073579 1.16999205186753
14 38080979 2.0661
14 38082755 0.0078
14 38084693 0.0580957258642619
14 38085868 0.368841632356085
14 38110915 0.3435
14 38132841 0.635313067415097
14 38159306 0.0994184004746358
14 38179141 0.541411487986571
14 38192889 1.03028661424618
14 38195290 0.515135545297832
14 38251440 0.284559020487613
14 38258664 0.284998393035393
14 38275251 0.0863
14 38287230 0.1266
14 38294368 0.9973
14 38301895 0.1287
14 38306328 0.1406
14 38307353 0.108519891482496
14 38348090 0.1505
14 38351120 0.1505
14 38352986 0.999
14 38353147 0.310551374315266
14 38354871 0.1505
14 38360490 0.999
14 38360849 1.00289750197965
14 38364512 0.0541
14 38367997 0.1505
14 38369082 1.27375609144332
14 38370378 0.1505
14 38436636 0.720996963293338
14 38442103 2.13138219291721
14 38479158 5e-04
14 38487702 0.0866
14 38496626 0.0205083200507999
14 38511159 0.644689480044211
14 38560550 0.110365653245571
14 38578060 0.2611
14 38599544 0.8019
14 38622742 0.521136458538869
14 38625004 1.09181067404566
14 38628907 0.329097214730247
14 38636240 0.0702889227805799
14 38639326 0.630371016648009
14 38644533 1.22752103778984
14 38656912 0.9851
14 38664623 1.05447009427272
14 38684560 1.73063708101086
14 38685285 0.6595
14 38716406 0.222586634646563
14 38759427 0.361485256677997
14 38792188 0.663082240689268
14 38797304 0.640861542680763
14 38809597 5e-04
14 38825362 1.52944973475089
14 38826578 0.732320350621219
14 38827450 1.03977213941267
14 38858277 0.4761
14 38873719 1.5746
14 38898799 1.03413197249998
14 38907056 1.35024330666085
14 38920518 1.63892503296744
14 38937341 1.4782
14 38938103 1.1216
14 38939741 1.1216
14 38956767 1.4701
14 38997594 1.6771
14 39014707 0.0457
14 39018690 1.4299
14 39038863 0.143868964518108
14 39050200 1.4782
14 39065705 0.0457
14 39066490 0.0681124154017017
14 39071779 0.771195018856385
14 39087388 0.769002487273703
14 39088019 1.4782
14 39090186 1.5079
14 39094225 0.5033
14 39094541 1.61972156073658
14 39108930 0.04
14 39113491 0.215480119836404
14 39118234 0.0814
14 39123710 5e-04
14 39142390 0.53133935058372
14 39143895 0.141088800790497
14 39146544 1.19526883188497
14 39151732 0.04
14 39158491 0.438765916367271
14 39163981 1.4782
14 39169424 0.460407603523485
14 39194909 1.4782
14 39195589 2.0025
14 39213203 0.9067
14 39218686 0.7076
14 39221552 0.6603
14 39270200 0.192704171652302
14 39293165 0.7819
14 39298413 1e-04
14 39298441 0
14 39298467 0.046
14 39308472 0.2381
14 39314838 0.1329
14 39314840 1.1991
14 39334669 1.2487
14 39334714 1.75004785714955
14 39337748 0.2381
14 39342475 1.2487
14 39355983 0.678705002550959
14 39369852 2.06166919364919
14 39378127 0.494860655672835
14 39382691 0.693230604852257
14 39382907 5e-04
14 39401092 0.923341961321557
14 39417064 1.11425483043989
14 39428593 0.6903
14 39438204 0.6903
14 39446104 1.1878982804498
14 39455525 0.296394736103292
14 39483491 0.345954212202234
14 39511202 1.5519
14 39512623 1.1296
14 39518055 0.578607769296308
14 39518404 0
14 39538379 0.409611778598252
14 39539102 1.20136955415364
14 39557694 0.378197924438603
14 39558766 1.83162882622569
14 39561595 2.22650442447119
14 39583315 2.10702975809113
14 39589976 1.1512
14 39599335 1.1512
14 39600379 1.1512
14 39600846 1.1512
14 39613304 0.6354
14 39630938 0.443388985430944
14 39633348 0.6199
14 39636653 0.440075317435347
14 39637212 1.83477940585303
14 39640300 0.397523616336866
14 39644606 0.6199
14 39689073 0.0502
14 39692251 0.2651
14 39693706 0.2651
14 39697567 0.1827
14 39702698 0.1827
14 39703787 0.107882435776996
14 39704236 0.1827
14 39712516 0.2829
14 39712569 0.2829
14 39725861 0.7579
14 39748619 1.2469
14 39754153 2.2356
14 39778075 1.38318267861511
14 39798606 1.75324590874509
14 39799973 1.3439
14 39802933 0.2915
14 39804514 0.5514
14 39812886 0.0218
14 39822937 0.5439
14 39834604 1.19232468121061
14 39848697 0.975347583133785
14 39858472 0.192542272898802
14 39860520 1.3358
14 39873373 0.2047
14 39880493 1.48160966873395
14 39883337 0.8499
14 39910700 0.9694
14 39921964 0.689968231074765
14 39922160 0.9694
14 39998545 1.27208814028446
14 40003168 2.6476
14 40011620 0.141643813814937
14 40036006 1.5187
14 40060064 1.19110527948139
14 40069316 1.1115
14 40081963 1.50152407368837
14 40084958 1.6496
14 40085002 0.613844776166656
14 40094563 0.878891622815382
14 40104053 0.965347199316613
14 40104981 1.678
14 40110447 1.4892
14 40121005 0.0672924894117434
14 40150311 0.63688515866229
14 40154689 0.819597822006952
14 40159056 1.61468901844109
14 40160535 1.5322
14 40168429 0.651724442295623
14 40185988 0.3957
14 40211927 1.65281406206775
14 40268603 0.1309
14 40298899 0.0078
14 40300757 0.555716481609443
14 40301165 0.4665
14 40302539 0.4665
14 40311889 0.4246
14 40319382 0.4452
14 40326367 1.27769316219184
14 40330895 0.3908
14 40342687 0.4246
14 40348989 2
14 40349136 0.4616
14 40353954 0.0905
14 40358209 0.4246
14 40365877 0.0444
14 40371370 0.1228
14 40388979 0.053264730121049
14 40389742 1.4338
14 40392335 1.42436219623113
14 40393215 0.6046
14 40393734 0.0836
14 40407635 0.572191287135707
14 40420575 0.898335620240702
14 40420933 0.532113335602732
14 40434819 1.1364
14 40435803 1.63474035486277
14 40437639 1.1364
14 40444761 0.0233
14 40451966 1.1364
14 40453058 0.152235383301426
14 40463736 0.977297698270844
14 40477791 1.1818
14 40496077 1.158
14 40497156 0.15799657051899
14 40501844 0.748271043361936
14 40506825 1.1364
14 40511331 1.23887358792584
14 40524762 0.385709011549147
14 40525236 0.00828136186452457
14 40530268 0.865968764992603
14 40530475 0.61625703755608
14 40534759 0.92008802119226
14 40534883 0.0448613677424167
14 40536657 2.42704085076214
14 40536987 0.335630912062108
14 40544963 1.40424064840022
14 40546511 0.151058211076642
14 40562637 1.38223667875198
14 40564847 0.2248
14 40566011 0.289923977883158
14 40566117 0.1872
14 40567960 0.175895209641971
14 40568706 0.636488031390054
14 40573806 0.413881717422861
14 40579395 1.01065001737259
14 40579991 0.457126297027709
14 40581814 2.2744
14 40583971 1.75767325202038
14 40589474 0.962139594609042
14 40589600 0.0258209678062954
14 40590718 0.526215635002723
14 40591677 1.39019483112802
14 40598954 0.434920911112999
14 40607881 1.80924405393221
14 40621175 0.303637153784744
14 40631465 1.95758116437269
14 40632825 1.0552
14 40646016 0.9518
14 40660247 0.142736888339961
14 40663771 2.68044044846585
14 40669549 0.887657424712744
14 40682419 1.23299884994724
14 40713026 0.1314
14 40731487 5e-04
14 40742488 0.725178286595143
14 40744089 0.0118217606353022
14 40744807 0.873192108035503
14 40748286 1.0399
14 40750837 1.0399
14 40756495 0.19474305452681
14 40768654 0.559830347588536
14 40782805 0.786580332687621
14 40789770 0.282881061555826
14 40819577 0.0273
14 40825301 1.35258570570695
14 40835241 0.194509758141927
14 40837657 0.274718899457872
14 40838669 0.129156606590893
14 40844313 5e-04
14 40844324 1e-04
14 40845490 0.210462187176105
14 40847693 1.11701410172466
14 40864710 0.677404748191472
14 40865099 0.703247366239165
14 40869965 0.4882
14 40873539 0.586509307359914
14 40880514 0.370512525030238
14 40881396 0.2417
14 40888631 0.2417
14 40892446 0.3963
14 40919104 0.236638518203971
14 40933955 1.4538
14 40935352 0.3963
14 40995923 0
14 41001411 0.445060822603326
14 41004446 0.4726
14 41014062 1.03943709620749
14 41019014 0.596616885678218
14 41019046 1.26511786961631
14 41021890 2.82418930916727
14 41030079 0.4726
14 41032688 0.5147
14 41033939 0.727
14 41035503 2.122336861152
14 41040633 1.03485553332913
14 41042172 0.399180430203874
14 41046130 0.586781103390599
14 41051891 5e-04
14 41052141 1.49901067430985
14 41059210 0.8981
14 41065482 1.95978533399541
14 41066253 0.8981
14 41078278 0.8981
14 41084068 0.913
14 41088396 0.782496248653862
14 41099122 0.7522
14 41101057 0.789852693373088
14 41105004 0.816956046461011
14 41109194 0.815749806497113
14 41109735 0.919212366164407
14 41111571 0.204193323827561
14 41113411 0.709577872713335
14 41114009 1.4713
14 41116967 0.225080868000338
14 41120901 2.10793909511325
14 41124707 0.316542420083082
14 41130648 0.114043520082154
14 41132282 0.492395450243269
14 41134929 0.754081216457231
14 41135699 0.718183882943998
14 41139871 0.0078
14 41142675 2.04204688248272
14 41143174 1.96273342224908
14 41159155 0.2142
14 41170979 0.968351971388813
14 41201856 0.161291124346545
14 41214212 0.547982367169905
14 41227938 0.1686
14 41231375 0.1686
14 41239066 0.1686
14 41245110 0.1686
14 41246301 0.1686
14 41246919 0.1686
14 41247500 0.0075
14 41250394 0.976470050065649
14 41252805 0.1686
14 41258002 0.844
14 41272510 0.1833
14 41273312 0.1686
14 41291234 0.1686
14 41300173 0.365606706116886
14 41318874 0.3934
14 41335962 0.288044824387577
14 41340839 1.04033414272316
14 41359019 0.860106620854017
14 41362537 1.52514159314338
14 41362952 0.537786916078032
14 41365848 0.433260052853677
14 41372279 2.01922702984001
14 41386135 0.682883890028771
14 41412423 1.79627990323828
14 41417207 1.28172230401675
14 41427447 1.65877409056857
14 41433684 0.440512531801519
14 41436702 1.5007985220225
14 41447044 0.0682674172710814
14 41486465 0.155256259511784
14 41506786 0.152960011486099
14 41508722 1.4863
14 41514530 0.645381907862744
14 41517027 0.233561937861477
14 41517037 0.0066
14 41518653 0.832813350585324
14 41519122 0.419873137782287
14 41606749 1.35773534299297
14 41660824 0.269852103655741
14 41662784 1.0399
14 41670230 0.438984429764106
14 41670306 1e-04
14 41694799 2.089
14 41697740 1.2061
14 41714010 0.573529583883138
14 41753197 0.0399841030931764
14 41754272 0.262949780207321
14 41768604 1.2541
14 41774008 0.528441826930054
14 41779819 1.2296
14 41780125 0.298056441562958
14 41790785 2.15037743386309
14 41793149 0.3908
14 41805660 1.8474
14 41828175 0.0745406736880202
14 41850822 1.3981
14 41853086 0.181021262783818
14 41853907 1.4326
14 41856472 1.1662
14 41857369 0.4696
14 41857478 1.1662
14 41870258 0.1258
14 41885936 2.2269
14 41911427 0.1912
14 41932981 1.71994694711474
14 41943968 0.1989
14 41953329 0.5935
14 41953441 0.2066
14 41954251 2.208
14 41959271 2.2269
14 41977750 2.13038314570626
14 41978746 1.0399
14 41998821 0.288210697779569
14 42030718 1.2793
14 42051609 3e-04
14 42057475 1.0433
14 42080685 0.8951
14 42081219 0.601515060451556
14 42082106 2.01494997396438
14 42087660 1.3065
14 42116208 1.3065
14 42138310 1.3065
14 42139096 0.242183322582726
14 42141633 1.29021231357746
14 42152770 0.380984134417675
14 42153979 0.503968117735903
14 42155359 0.248601399293747
14 42157379 2.53735836384834
14 42159449 5e-04
14 42160835 0.606018064657195
14 42174777 1.3065
14 42198088 1.3065
14 42202480 0.651250586462935
14 42226283 1.2793
14 42232562 0.8705
14 42243650 0.3574
14 42243970 2.3813511170628
14 42246555 0.8705
14 42257662 0.199823743932394
14 42284308 0.0557663203910168
14 42286641 0.722184800896949
14 42287223 0.50064322309513
14 42291909 6e-04
14 42293262 1.22005724795167
14 42299873 0.482962336403161
14 42310308 1.1363
14 42330204 0
14 42336287 1.1363
14 42337279 0.0330083396829327
14 42339612 0.250293743757576
14 42344640 0.251401181290963
14 42353871 0.367447569762202
14 42353965 0.8026
14 42359307 0.913128827782165
14 42365761 0.7618
14 42370180 1.39538805465731
14 42370289 0.285325988323053
14 42386883 1.0233
14 42389904 1.02568027556559
14 42393130 2
14 42411927 0.777578212963461
14 42415775 0.2961
14 42435647 0.500090894072811
14 42441481 0.252
14 42445139 0.252
14 42448038 0.9978
14 42454929 0.546333453195724
14 42459990 0.9978
14 42463395 0.987491937855117
14 42480066 1.59780727842091
14 42492872 1.0331
14 42495850 0.0260080523931656
14 42496434 0.8883
14 42496917 1.0331
14 42511808 3.48768226079458
14 42514194 0.265930613188676
14 42519616 0.3085
14 42521189 0.0263
14 42528463 0.361979137349625
14 42545167 0.261579669127355
14 42547948 0.4423
14 42570583 1.46180150214462
14 42570885 0.5808
14 42599922 1.4333
14 42605686 0.315168927517223
14 42607450 3.1691
14 42630219 0.5391
14 42665792 0.6818
14 42666298 1.0478
14 42703075 0.1503
14 42709567 2e-04
14 42726970 0.7476
14 42729921 0.7476
14 42754071 1.18130085857696
14 42763752 0.137859245570925
14 42767840 0.0514869890839613
14 42774322 0
14 42788375 0.0759
14 42809302 1.27926991070063
14 42853901 0.606503238848632
14 42854892 0.396556899988853
14 42859927 0.606402328902497
14 42866381 0.0683894167847346
14 42869527 1.2699
14 42875757 1.0816
14 42876150 1.5544
14 42880672 1.3527
14 42898917 1.741
14 42901169 0.3015
14 42901170 6e-04
14 42927520 1.1196
14 42938825 5e-04
14 42953592 1.9316
14 42953880 1.4558
14 42954196 0.8855
14 42967203 1.9171
14 42972787 0.1852
14 42985546 2.1687
14 42995073 0.538244272913143
14 43005771 0.550212575244039
14 43020144 1.7399
14 43020518 0.6556
14 43026896 0.9989
14 43037023 1.683
14 43039396 1.54168108519596
14 43053323 0.4564
14 43084767 0.0214
14 43089759 0.3904
14 43093103 0.4564
14 43097709 0.0214
14 43109410 1.6771
14 43119603 0.4379
14 43125105 0.3904
14 43127222 0.4824
14 43127895 1.5096
14 43131228 0.4564
14 43136494 1.683
14 43137188 0.4564
14 43139223 1.3656
14 43143894 1.3656
14 43172811 0.9114
14 43189841 0.127892192111014
14 43261334 1.3981
14 43263285 1.3981
14 43291326 0.5305
14 43291746 0.0274
14 43293845 1.7535
14 43309199 2.6692
14 43320626 1.7466
14 43326614 1.7399
14 43334347 1.7399
14 43352281 0.170735447675458
14 43358503 1.7399
14 43392604 0.846786303964069
14 43401178 0.5449
14 43413135 0.0409920770612294
14 43420900 1.0601
14 43439149 1.0887
14 43441062 1.5126
14 43458757 1.0887
14 43459200 1.0887
14 43472245 1.1032
14 43480582 0.3908
14 43481448 1.20981276804423
14 43484138 1.58739964254491
14 43492176 2.48447552962036
14 43508885 5e-04
14 43517757 1.7074
14 43518959 1.2058
14 43537006 0.4902
14 43539144 1.28007301112575
14 43550665 0.2229
14 43553075 3e-04
14 43561319 0.3066
14 43563513 0.136119196036651
14 43575466 1.4696
14 43589439 0.9987
14 43598320 0.0877
14 43599126 3.3028
14 43599754 0.0896
14 43605996 0.1111
14 43608834 0.6041
14 43608961 0.1111
14 43627136 0.0877
14 43633132 0.0877
14 43637046 0.0896
14 43638858 0.3908
14 43662193 0.1013
14 43662449 2.0873
14 43662967 0.0078
14 43663666 0.1078
14 43668990 1.42409226194751
14 43671501 1.0041
14 43674282 1.0198
14 43679542 0.941318164648174
14 43682118 2
14 43690258 0.041
14 43702229 0.260023235391042
14 43714516 0.632195962498982
14 43726653 1.1662
14 43728723 0.3943
14 43731563 0.3943
14 43737636 0.293371665766438
14 43746447 0.190762154626134
14 43756839 0.3359
14 43761594 0.0821807422068992
14 43779772 0.545617408373432
14 43784677 0.365788794854624
14 43785230 0.457523676942258
14 43786608 0.65863074067787
14 43790086 1.8913759595415
14 43793841 1.0532
14 43801655 1.53290130906054
14 43804611 0.208390645111589
14 43807748 0.281185237261078
14 43808915 0.7532
14 43809877 0.696082568273258
14 43813042 1.52188344811831
14 43817933 0.8716
14 43824838 1.33977098296761
14 43827785 1.22406884660461
14 43827866 0.31577415778359
14 43865437 1.0789
14 43865695 0.795873451689914
14 43900329 0.016638374654397
14 43901585 0.2231
14 43908626 5e-04
14 43929203 1.00355570841115
14 43932474 1.09791227691754
14 43957805 2.77956507258551
14 43968211 0.9762
14 43968328 0.8189
14 43976131 0.9762
14 43976707 0.5223
14 43978880 0.9762
14 43992740 1.1713933516637
14 43995867 0.3348
14 43998700 0.6598
14 43998769 0.6598
14 44006248 1.0103
14 44008341 0.656
14 44010098 0.163404357854086
14 44013180 1.44346724696933
14 44035670 0.122444485245804
14 44036303 0.0499927283266887
14 44037109 0.288893333454298
14 44049566 1.14777370272253
14 44066000 1.3678
14 44076524 1.4338
14 44092462 5e-04
14 44100647 1.4338
14 44101654 1.4338
14 44105620 1.4338
14 44115650 2.8204
14 44134286 0.5079647095974
14 44134893 1.0238
14 44171880 1e-04
14 44173741 0.6413
14 44175011 2.40190488275531
14 44188698 2.1087
14 44189037 1.2154
14 44191592 2.10583943010463
14 44201198 1.2154
14 44213606 1.26997328177879
14 44213628 0.967
14 44277929 1.1376801893995
14 44278759 0.554634863589582
14 44320858 1.8782
14 44321550 1.8325
14 44323866 0.520118507663537
14 44345080 0.308326989126185
14 44345710 1.8942
14 44351616 0.134649172152464
14 44399718 0.2396
14 44399999 0.5293
14 44408832 0.0129838586642528
14 44424370 1.3068
14 44445496 1.4796
14 44450315 0.895744406737914
14 44451748 0.2016
14 44457278 1.4325
14 44464253 0.28938185094314
14 44474181 0.6288
14 44474417 0.9651
14 44480139 0.86640530378084
14 44484299 1.8325
14 44488811 0.9435
14 44493002 0.975856258536846
14 44496886 0.629475053240904
14 44500811 1.05509658049703
14 44501160 0.774105673627712
14 44510260 0.760780214088357
14 44516946 0.540190934344777
14 44523919 0.092105898479016
14 44530104 1.4325
14 44534503 0.7832
14 44536156 0.520935065758761
14 44551461 0.101284993386596
14 44551946 1.50965650261162
14 44552757 1.40391674148471
14 44553847 2.25283582125506
14 44555441 0.763808755648383
14 44556249 0.486180106765826
14 44560026 0.7555
14 44564537 0.150863184358788
14 44564729 0.7282
14 44566080 1.00767924074011
14 44567840 1.96824388856592
14 44570389 1.4325
14 44575401 0.0711641403245307
14 44579385 0.403961156205865
14 44596357 1.3886
14 44597864 1.29529963268737
14 44598446 0.144
14 44604442 1.9761
14 44607869 1.4796
14 44611923 1.2366
14 44619630 1.19333166012699
14 44622460 1.0381
14 44622561 1.4325
14 44655281 0.9067
14 44663433 1.4556
14 44667996 0.776
14 44677453 1.38599032444014
14 44682964 0.776
14 44684969 0.9818
14 44688255 0.7532
14 44693630 0.0913463484923639
14 44694272 1.5307
14 44694401 0.7282
14 44694907 0.776
14 44696661 0.776
14 44697484 0.9067
14 44697489 0.776
14 44699053 0.9943
14 44723170 0.8506
14 44726642 0.8506
14 44734273 0.6842
14 44753141 2.56254022113094
14 44806963 5e-04
14 44857106 0.3908
14 44998142 0.497434730353659
14 45152315 0.563011024322123
14 45186343 0.153160417395346
14 45212815 1.52304236543171
14 45255377 5e-04
14 45263570 1.37519554850557
14 45289922 0.0495
14 45318006 5e-04
14 45334235 0.0383
14 45360026 0.918
14 45375323 0.0574859990610923
14 45417198 0.191505792305757
14 45445427 0.784459066263066
14 45475379 1.65436198267537
14 45571527 0.999241830673194
14 45583961 0.184785562415791
14 45608251 0.0126067468410233
14 45608494 0.0358442816638697
14 45626687 0.606876646443257
14 45627260 0.626534654719384
14 45652845 0.743878887411525
14 45687921 0.1482
14 45696578 0.199
14 45698114 0.199
14 45702336 0.0189146175254211
14 45760638 0.385644096103093
14 45762157 1.8548
14 45764198 0.330740158977781
14 45769009 0.199707009309207
14 45772586 0.407
14 45773338 0.85644818753138
14 45775408 1.35875864756388
14 45776625 0.4024
14 45781772 0.0840043445969059
14 45783350 0.5992
14 45784495 2.02413094998272
14 45825657 2
14 45831617 0.694662493761384
14 45832620 0.4043
14 45841996 0.0078
14 45847561 1.99837995307341
14 45848009 0.22911634769466
14 45849648 1.04706983876357
14 45864997 1.61514566383204
14 45867321 0.1904
14 45867846 0.680943340140828
14 45868601 0.1904
14 45873497 0
14 45875744 0.1904
14 45875932 0.1904
14 45882869 0.1904
14 45885695 5e-04
14 45888484 0.1904
14 45890672 0.1904
14 45890883 0.183
14 45891297 0.183
14 45892490 0.1904
14 45900466 0.00908545982574472
14 45925643 1.34150794995089
14 45948937 0.0149081002030244
14 45962542 0.3541
14 45965711 0.804
14 45981234 0.519757341385283
14 45987589 0.813587021253336
14 45992504 2.06733606474071
14 46004309 0.943159994502162
14 46004488 0.4801
14 46011071 1e-04
14 46011299 0.1483
14 46019620 1.31248846994459
14 46020819 0.209732341576739
14 46021872 1.06667300437469
14 46029455 0.162676584483877
14 46056631 0.804
14 46084879 0.472465807405588
14 46089495 1.4106
14 46089728 0.456882572314655
14 46091220 0.0329
14 46096051 0.983859639452934
14 46145150 0.8271
14 46146486 1.47677210732671
14 46147021 0.249742243447325
14 46158443 0.483852600856595
14 46158575 0.804
14 46164653 0.2418
14 46170358 0.804
14 46173061 0.5061
14 46178005 0.804
14 46182125 0.8271
14 46182275 0.8271
14 46186172 0.0329
14 46192096 0.89118478673222
14 46192375 0.2337
14 46196722 0.8271
14 46218340 0.0386
14 46227686 0.8271
14 46259390 0.6822
14 46267969 0.8271
14 46275522 0.8271
14 46281062 0.9225
14 46286886 0.9531
14 46304247 0.9225
14 46313059 1.3652
14 46316888 1.3587
14 46342274 0.7302
14 46348661 0.8197
14 46351830 1.6670377427151
14 46356678 0.8197
14 46361138 0.8197
14 46365945 0.8197
14 46367123 0.8197
14 46368433 0
14 46375539 0.8197
14 46399861 0.7093
14 46402774 0.8197
14 46411334 0.86702738985523
14 46437417 1.30408685614416
14 46453580 1.6007274869551
14 46457164 0.153868985171326
14 46458106 1.4612427301812
14 46461236 0.136609179649958
14 46465013 0.157143834814815
14 46491349 0.324191097551732
14 46491438 0.744041356666257
14 46494077 1.76445321946664
14 46508182 0.0984
14 46514405 0.921736619799339
14 46518141 0.3573
14 46524385 1.77383871208953
14 46531493 1.46249437725379
14 46531981 1.1469617296675
14 46535293 1.08417691554815
14 46548379 2.96585987770286
14 46548622 1.0287
14 46548992 0
14 46571969 1.07063793708244
14 46589274 0.239493707820736
14 46590988 0.315359571133428
14 46593462 0.586152787285459
14 46599121 0.829247127015719
14 46605619 2.2255
14 46608065 0.347520315219179
14 46609101 0
14 46622497 0.3088
14 46639754 0.0053
14 46647230 0.377695290230228
14 46662473 2.7548
14 46676998 1.02265467452856
14 46682143 0.223459141317916
14 46682347 2.2255
14 46692341 0.820645066829661
14 46700231 0.5847
14 46706379 0.327543697296597
14 46747746 1.32515203263518
14 46769736 1.683
14 46803220 0.7196
14 46805484 0.7196
14 46806073 0.7196
14 46854801 0
14 46884707 2.5510379002173
14 46893342 0.127921685869876
14 46897072 0.5233
14 46897645 0.3088
14 46918282 1.0318
14 46946101 0.1378365204449
14 46949471 2.23022108714669
14 46950877 0.85789521517222
14 46956345 1.09489418675042
14 46959390 2
14 46960769 0.438755758999936
14 46960876 0.375336090931916
14 46963906 0.0779188440930726
14 46968123 0.5727
14 46970443 0.306790942835209
14 46975181 0.0078
14 46978869 1.2541
14 46985698 1.88499097187812
14 46986895 0.653358316117292
14 47013752 1.1406
14 47031231 1.03468291673525
14 47038887 1.8807
14 47039637 1.1353
14 47040341 1.3819
14 47049037 1.37889888029228
14 47050626 2.2967
14 47054132 1.30085753423602
14 47058673 1.1353
14 47065103 0.14804860647625
14 47066206 1.22094066647674
14 47067000 0.308089509894924
14 47079699 1.49223010336863
14 47080760 0.458692730824732
14 47087602 0.0392579156076033
14 47092910 0.51733219580268
14 47097272 0.13456432441842
14 47098916 0.386986800921566
14 47105248 0.283330722701159
14 47105719 1.08209811936309
14 47106948 0.369274811414455
14 47113376 1.51532066923255
14 47115166 0.0628942085319132
14 47115461 0.222051400913451
14 47131098 1.01131587575003
14 47137156 2.3299
14 47137526 0.179539376010995
14 47144478 0.632926157760677
14 47166184 1.2499
14 47200454 1.4989
14 47207084 0.325017848052438
14 47220147 0.5219
14 47233147 0.448936123531011
14 47237724 1.02747361577027
14 47244480 0.367889346152453
14 47245249 0.403209206607096
14 47246914 1.1577220758847
14 47249011 0.395714864074716
14 47249365 0.319442554576399
14 47251454 0.838281528737246
14 47253904 2.57649914306751
14 47261963 1.06779779190645
14 47276618 1.6281
14 47277083 0.7174
14 47300827 0.5648
14 47309200 1.2794
14 47312901 1.1581
14 47313644 1.6281
14 47319800 1.2536
14 47331419 0.553378339139656
14 47342280 0.028203827315114
14 47346996 0.579893499819892
14 47347066 0.4484
14 47360593 0.295430458566518
14 47361406 1.11090680645708
14 47364422 0.615986789365187
14 47365757 0.1045
14 47366806 0.0608955254553083
14 47370391 0.149
14 47372318 0.149
14 47380933 1.26666315870795
14 47385888 0.3952
14 47386261 0.3952
14 47391306 0.149
14 47400074 0.564955583032151
14 47414517 0.279704519605995
14 47414543 0.813399179671692
14 47417173 0.3757
14 47426698 0.136432623072491
14 47436136 1.24002776633309
14 47437279 1.27200471156233
14 47442029 1.31884309791702
14 47452616 1.80743753549273
14 47453834 1.52435655923962
14 47458722 1.50780873688121
14 47460254 1.45501453925006
14 47469095 1.018
14 47497598 0.208648496184132
14 47511146 1.0604859578029
14 47532606 1.38565877968915
14 47544152 0.0725376689877109
14 47544196 1.5184
14 47545971 0.0347
14 47560374 0.402658732410928
14 47562526 1.35547554859901
14 47591421 0.0131347965234425
14 47592582 0.124363608846833
14 47595551 0.0566
14 47614238 0.548265866665979
14 47619426 0.163924210815514
14 47626788 0.496579436607046
14 47627744 0.8054
14 47660430 1.94083387174924
14 47693507 1.0399
14 47697997 0.2645
14 47700883 0.3299
14 47704758 2.44860050205026
14 47709087 1.2499
14 47716526 1.50701797175722
14 47770410 1.63148354979737
14 47771532 1.42453976563627
14 47776881 0.13677260115718
14 47786815 0.351751250726289
14 47791746 0.1765
14 47796647 1.12713563813626
14 47797992 2.14940615811392
14 47800397 1.62302832841415
14 47801141 1.69925821761173
14 47816126 1.29500655963872
14 47816194 0.768068289732694
14 47817009 0.619571976432343
14 47824029 1.3022
14 47830391 0.0526771642033844
14 47831786 1.5335
14 47834156 1.00755396291286
14 47836573 1.17534715747166
14 47840313 0.520060565289071
14 47840630 0.884175766875023
14 47850992 0.095
14 47855279 1.2844
14 47856603 0.620970228596017
14 47862877 0.832161189294199
14 47869958 0.698106451995014
14 47876136 1.02937338288177
14 47882950 0.981053672253395
14 47894646 0.1149
14 47894770 0.377581681694653
14 47897884 0.176419885634634
14 47914385 0.429796088495469
14 47920109 0.1171
14 47928692 0.141279663787679
14 47932830 0.3036
14 47934858 1.48754132610467
14 47939332 0.533765510558321
14 47943588 0.3583
14 47946479 0.026
14 47952275 1.279
14 47955675 0.2601388140676
14 47961118 0.120853196457802
14 47964062 0.696178523171395
14 47965830 0.5152
14 47967370 0.4006
14 47972434 0.1171
14 48003271 0.226936737979019
14 48021549 1.1916
14 48034931 0.411720877209694
14 48038901 0.844845100466744
14 48040755 0.863504992701423
14 48042148 0.530232000074829
14 48054081 0.364559362675308
14 48076536 0.709918557879548
14 48089397 0.7728
14 48095319 0.5799
14 48104335 0.924936636720427
14 48110579 1.3511
14 48120156 0.0162
14 48120601 1.3511
14 48120757 1.4693
14 48124312 1.4693
14 48125274 1.4693
14 48132795 0.1376
14 48138468 1.3349
14 48138665 1.3349
14 48141759 5e-04
14 48142150 0.4165332167642
14 48144662 1.3349
14 48145324 1.3349
14 48147072 1.3062
14 48164419 1.3062
14 48172602 1.3349
14 48177042 1.3349
14 48184351 1.3349
14 48203771 1.3349
14 48222026 1.19603368869473
14 48243336 1.7713
14 48274809 1.7096
14 48288460 1.0888
14 48293314 1.1307
14 48294096 1.1307
14 48303198 1.1307
14 48314167 0.28671226488538
14 48319044 1.2252
14 48332500 0.724037535741833
14 48369275 0.0347
14 48372418 1.698
14 48375027 0.203354116005332
14 48410267 0.1337
14 48416366 0.1269
14 48422241 0.0444
14 48433112 1.17851711321326
14 48438731 0.6731
14 48449276 0
14 48453069 0.0365225801013517
14 48453219 1.6265
14 48453401 0.1152
14 48461875 0.281
14 48466339 0.5025
14 48467630 0.5371
14 48478524 0.362225154646721
14 48482865 0.1152
14 48486712 1.6319
14 48509253 0.1771
14 48543166 1.063
14 48543490 1.063
14 48557203 1.3287
14 48557268 1.3287
14 48561782 0.153460414180163
14 48567492 1.3287
14 48588217 0.6377
14 48598183 0.4453
14 48626141 0.7198
14 48626347 0.2646
14 48626464 0.0727
14 48648871 1.3304
14 48653622 0.1755
14 48654732 0.249086168183768
14 48671680 0.40655509168847
14 48672017 0.363623860049254
14 48673938 0.0727
14 48674424 0.30303670597272
14 48684916 0.497112198508604
14 48689095 0.513689950902044
14 48696731 0.6521
14 48701867 0.355087320225356
14 48706360 1.2718
14 48708745 2.9009
14 48710796 0.9361
14 48724098 0.895367279836394
14 48728900 0.130890809730351
14 48731867 2.3652
14 48742391 1.4322
14 48766121 0.916099054668106
14 48775721 1.4322
14 48781327 2.39796955559392
14 48784313 0
14 48785264 2.55629986892557
14 48796286 1.4693
14 48806293 0.630956575348541
14 48828997 1.1823
14 48829062 0.105563752677237
14 48840478 0.575843814323638
14 48843450 1.20139916286978
14 48856539 1.02920019360885
14 48861434 2
14 48875630 2.3116
14 48878836 0.687060537822063
14 48883587 2.0368
14 48884177 2.0368
14 48887506 0.4052
14 48903376 0.3482
14 48904294 0.3482
14 48906375 0.473970557215885
14 48914859 0.3614
14 48915386 0.329
14 48915424 0.2864
14 48921120 0.490867605637184
14 48936537 2.4029035109181
14 48938504 1e-04
14 48965585 1.5463
14 48967943 1.5463
14 48995204 1.02078495910338
14 49005830 1.02311565386064
14 49006282 0.137395979282284
14 49019644 0.48824678965196
14 49023793 0.319224742242507
14 49024268 1.7799
14 49030219 1.22929772004064
14 49030805 0.427624409075423
14 49032143 0.924765024969982
14 49065417 0.331388001288021
14 49097045 0.7229
14 49115683 0.7093
14 49116403 0.6814
14 49118002 0.0888284084628655
14 49127007 0.4509
14 49142338 0.4509
14 49161841 0.4509
14 49174808 0.4346
14 49249700 0.345399115599493
14 49250471 0.58050331684386
14 49302008 0.859570500747704
14 49307412 1.0097
14 49315913 1.13
14 49318869 6e-04
14 49329433 0.693998061116698
14 49338049 0.8091
14 49350121 0.629755447927563
14 49359841 1.38588876883367
14 49369115 0.0702876118266867
14 49372161 0.9851
14 49376652 1.67278298219694
14 49432260 0.208783849474833
14 49443728 1.36956470589998
14 49448430 1.26163833570307
14 49451703 0.48340046745293
14 49457198 1.5532
14 49463719 1.5096
14 49470024 0.1408
14 49474600 1.5096
14 49479703 1.5532
14 49529284 0.622303010254815
14 49531842 0.391527836611233
14 49552673 0.1617
14 49575483 0.9206
14 49579393 2.2889
14 49603530 2
14 49614153 0.1361
14 49624107 0.123
14 49642787 0.8509
14 49643918 0.8509
14 49649740 0.8509
14 49651070 0.8509
14 49693737 0.093
14 49746000 0.9104
14 49754327 0.9104
14 49756447 2.6444
14 49766444 0
14 49796550 1.2874
14 49817485 0
14 49867628 0.3907
14 49872829 0
14 49880945 0.1027
14 49890698 0.0851
14 49905924 0.0053
14 49916646 1.0537
14 49921303 1.1383
14 49922520 1.1383
14 49924375 1.0944
14 49933544 0.8398
14 49940310 0.3939
14 49992955 0.2703
14 49995808 0.2703
14 50006779 1.06247513822137
14 50007889 0.787678636472958
14 50010135 2.31990947119833
14 50015982 1.7052
14 50061976 2.16489461622618
14 50076376 0.9785
14 50077922 1.8508
14 50079912 0.9785
14 50090737 1.26102960361181
14 50094569 1.0968
14 50100411 0.103178900912297
14 50103507 0.408806700152519
14 50105770 0.625274849801529
14 50110359 1.05296849260006
14 50110592 0.608314446279392
14 50111723 1.11444588909869
14 50118530 1.0645
14 50121528 1.60620806423259
14 50130144 0.112762185941852
14 50135093 5e-04
14 50137618 1.71465698561621
14 50147064 0.455149871227255
14 50161295 5e-04
14 50168567 1.76730263210687
14 50169513 0.606182648759356
14 50173366 0.904014927357547
14 50173406 0.136846694876881
14 50178705 1.0587753161001
14 50193419 0.156790124539859
14 50211526 0.9527
14 50214113 1.48390172098074
14 50217887 0.9527
14 50257242 0.569245040232034
14 50266229 0.7837
14 50267560 0.8383
14 50267564 0.838207423299774
14 50273887 0.7653
14 50279378 0.896431904468003
14 50333900 0.9684
14 50337871 0.866579786854548
14 50343177 0.444300221486071
14 50348731 1.3987
14 50394931 1.80469877147422
14 50396275 0.0834
14 50407077 2
14 50421894 0.0897
14 50427738 0.6919
14 50474180 2.64546569754335
14 50476317 5e-04
14 50479919 0.677649594830376
14 50480754 1.37688602192335
14 50505923 0.0073
14 50508433 1.7917
14 50525237 0.17221099672917
14 50525776 0.8932
14 50537544 0.473432377279254
14 50548954 1.2267
14 50569268 0
14 50585795 0.863375052167629
14 50608135 0.423897488384656
14 50615256 0.2272
14 50615553 0.367169597639116
14 50629892 0.3851
14 50639370 0.2354
14 50643075 0.877014602822458
14 50647985 0.6803
14 50655551 0.457885728066036
14 50656021 1.63520988253874
14 50665815 0.29250804554312
14 50691800 0.0244
14 50707523 2.3299
14 50715318 0.776580316160026
14 50736192 1.1206
14 50740538 0.6917
14 50742550 1.6917
14 50759006 1.06956432917295
14 50762874 0
14 50766147 0
14 50767613 0.8584
14 50774771 0.978400522604415
14 50810617 0.5779
14 50816205 1.79636511526263
14 50825817 0.247259795187822
14 50831893 2.5952
14 50844913 0.426809075242407
14 50849880 0.339591483921679
14 50851492 0.513695142558469
14 50851905 0.000106512490806983
14 50853761 2.7419
14 50867164 0.704493220889066
14 50869025 0.654701677016099
14 50893532 2
14 50904066 1.1078003578121
14 50923414 0.380998381047437
14 50947172 2
14 50950066 2
14 50951717 2
14 50965831 2
14 50966496 2
14 50979498 2
14 50995211 2
14 50995268 0.4771
14 51014655 0.204662742866613
14 51024738 2
14 51052207 2
14 51059076 2
14 51063252 2
14 51070550 1.75010062388434
14 51077367 2.1467458250416
14 51084141 2
14 51085911 2
14 51112525 1.0527683720654
14 51125377 0.353508878204545
14 51128922 2.1974
14 51147775 0.0646711327738199
14 51152294 0.2986
14 51161629 0.0494068737880953
14 51169875 0.163579496921691
14 51178774 0.522811611365889
14 51180217 0.80457557908574
14 51182037 0.815353082766205
14 51202984 0.0425
14 51203930 0.0425
14 51227698 0.394170090064995
14 51234067 0.306088963749188
14 51237515 8e-04
14 51237648 0.381577704443489
14 51248303 0.786851426631207
14 51262223 1.12119321977143
14 51262251 0.0720367476612042
14 51268476 0.8935
14 51272677 0.476818869399832
14 51310073 2
14 51312225 0.623010908276348
14 51313302 0.954941771163075
14 51314751 0.0161654548030398
14 51315147 0.0078
14 51336193 2
14 51351461 1.3793
14 51374044 0.7919
14 51374057 1.70757860585801
14 51380374 2
14 51385906 1.2296
14 51386003 0.501208595989585
14 51390314 0.700298079799455
14 51400623 2
14 51425164 2
14 51441588 2
14 51445230 2
14 51462472 0.1332
14 51475891 0.165441506853892
14 51486383 0.9428
14 51487932 0.1905
14 51491594 2
14 51497833 2
14 51512197 0.102399555831225
14 51512675 0.594309244645945
14 51514374 0.102170129755705
14 51516637 0.573317337395676
14 51521896 0.795940020119878
14 51525055 0.0671134566249471
14 51530733 0.0936537786483765
14 51537185 0.117050962915823
14 51546270 2
14 51546407 2
14 51567681 2
14 51569823 2
14 51573026 0.582722928412968
14 51590930 0.178646547966882
14 51607498 2
14 51608052 2
14 51609478 0.733116786244456
14 51614849 1.08798392274821
14 51615143 1.07342949555914
14 51619877 1.04562349079886
14 51624055 0.807826103565721
14 51628797 5e-04
14 51634940 0.9064
14 51642277 1.8483
14 51654303 5e-04
14 51689423 1.06896439246861
14 51698408 0.1984
14 51706521 0.29209913418115
14 51709134 0.138749363933326
14 51717721 0.895206869596176
14 51735479 0.0753
14 51742920 1.4986481093236
14 51746085 0.849934406581697
14 51759483 0.331308675166847
14 51772242 0.260531691611815
14 51774663 2.0777
14 51827541 2
14 51839188 0.0818992154344666
14 51840432 0.667089790408657
14 51840602 0.0655839629311886
14 51855998 1.00957460379875
14 51858413 0.227237124995901
14 51886232 2
14 51908573 0.878628110393913
14 51935085 2
14 51945780 0.49134692102777
14 51957775 1.00885221804136
14 51996809 0.4014
14 51997952 2
14 51998742 0.3739
14 52003798 2
14 52013524 0.326
14 52032408 0.821420372776429
14 52034111 1.32142427333507
14 52034693 0.300080885086504
14 52035016 0.5226
14 52042765 2
14 52043070 2
14 52045118 2
14 52060380 2
14 52063145 1.28246420264995
14 52069064 2
14 52076100 0.505447500308689
14 52082125 2
14 52086973 2
14 52094056 0.580058384832994
14 52094734 2
14 52096614 2
14 52105741 2
14 52107798 2
14 52111037 2
14 52112446 2
14 52123251 0.1327
14 52127237 2
14 52127481 2
14 52130627 0.536569505796065
14 52134712 0.0464190041426712
14 52139027 2
14 52140699 1.05017861841574
14 52149396 0.193589571033754
14 52153224 0.7541
14 52155853 1.75381570375741
14 52157429 0.535494252882663
14 52162270 0.394930746523978
14 52164028 2.6945
14 52166941 0.555922456948808
14 52167174 2
14 52168998 0.408628170233674
14 52170155 0.0920857879564229
14 52172211 2
14 52173846 0.390889370662718
14 52174629 0.411888912567614
14 52174867 1.10609946401106
14 52175461 1.13978802635871
14 52180439 0.651277188756266
14 52182099 0.645527384013068
14 52188456 0.889901731637844
14 52191719 1.6838273133975
14 52193575 0.488947791208012
14 52201945 0.283329959559255
14 52203373 1.80797688175489
14 52204154 1.10261617767464
14 52204656 1.67123185803682
14 52213700 0.174199725778793
14 52214108 0.846868977339641
14 52218542 2
14 52220799 2
14 52229553 2
14 52247293 2
14 52249706 0.314006310617974
14 52269435 0.52004585631128
14 52276948 0.603587305596666
14 52313541 0.4348
14 52313735 0.4348
14 52325266 0.3275
14 52326413 1.5205
14 52326558 0.4369
14 52341213 0.0291
14 52344832 1.4764
14 52367522 1.38518891440548
14 52381916 0.654218338526353
14 52408762 0.7416
14 52414581 0.228327414632526
14 52430279 1.311405425648
14 52436924 0.725081363203302
14 52439461 0.108682299463129
14 52440635 1.53917093067336
14 52471290 0.617081349642305
14 52474499 0.0175605286191554
14 52493937 2.05490114582324
14 52497936 0.805335118074038
14 52513664 1.11993136321284
14 52525742 0.333855334048635
14 52527894 0.0078
14 52532163 0.0078
14 52537481 0.289827628803201
14 52540498 0.000292101247757288
14 52545705 0.695233287250464
14 52546271 0.236096983543784
14 52561190 0.470312828886359
14 52571145 2
14 52593745 2
14 52596903 1.0428
14 52599464 1.331
14 52599465 2
14 52605184 0.0389
14 52650326 0.0078
14 52660884 2.7151
14 52662199 0.736699174108221
14 52666788 1.0439
14 52682669 0.605950205289487
14 52685803 0.737758080591938
14 52687165 1.00074829407422
14 52705255 8e-04
14 52728358 2
14 52741210 5e-04
14 52774399 2
14 52775644 0.717767164921432
14 52783575 2
14 52794209 0.843855203067579
14 52833553 0.802973526081671
14 52838153 0.00372032639362238
14 52845601 0.881401200083205
14 52847028 0
14 52866898 0.771413932173085
14 52870317 0.50724703334416
14 52897553 0.277726088932301
14 52924969 2
14 52925025 2
14 52927726 2
14 52961855 0.9067
14 52962975 0.335553100061669
14 52986694 2
14 52988695 2
14 52989885 0.544518248937937
14 52994877 2
14 53006889 2
14 53010403 0.4975
14 53016138 1.20951499179491
14 53036950 1.0669
14 53037075 0.0981
14 53038565 0.2526
14 53038917 0.825
14 53051170 2
14 53059448 0.9072
14 53072753 0.1045
14 53077669 0.042
14 53084128 1.0469254609424
14 53085702 1.69976143236208
14 53087226 0.633159536954285
14 53109333 0.457107757907349
14 53125407 1.50548661649416
14 53127904 0.246754960376774
14 53130882 1.24785560492539
14 53136677 0.00269083223900137
14 53150582 0.0897432983705075
14 53151279 0.112692401545213
14 53156848 0.61766381398484
14 53162732 0.0967674457916036
14 53168421 0.035538061984888
14 53179107 0.751312853998074
14 53190240 0.571276874781325
14 53227031 2
14 53236777 0.513066246779239
14 53240348 0.988689112300062
14 53255015 0.0149066399949183
14 53260360 0.0215
14 53280942 0.422606183884622
14 53287207 2
14 53303868 0.774178743332269
14 53306034 1.52264953449784
14 53315974 0.00649050662610858
14 53316613 2
14 53316973 0.361486367907121
14 53319370 0.51101294742579
14 53320384 0.230942123162096
14 53322714 1.61642193419644
14 53324593 1.15372023962675
14 53330773 2
14 53334418 1.13959442976451
14 53334471 0.239646100538844
14 53336334 1.14360283376379
14 53342475 0.731906916048756
14 53345302 0.775313944043636
14 53347954 0
14 53347999 3.7112
14 53348515 1.2686135970059
14 53348704 1.18992564435591
14 53354451 0.0159960016714432
14 53360369 0.451299465882182
14 53360504 0.128167692085285
14 53367208 2
14 53367525 0.1296
14 53401876 0.763008284220501
14 53403475 0.300429823595443
14 53406459 0.486926368918647
14 53412952 2
14 53416974 2
14 53418710 0.291324918124227
14 53418975 0.861254703849298
14 53420060 0.0992
14 53422563 0.093
14 53429747 0.440732435288236
14 53438686 2
14 53474149 2
14 53475747 2
14 53485922 1.9106
14 53488678 2
14 53511693 2
14 53517014 2
14 53533128 2
14 53537115 2
14 53540018 0.0855
14 53551953 2
14 53570826 2
14 53649407 0.229693418909983
14 53652054 0.0755
14 53676412 0.727488667971663
14 53679337 0.247037562139724
14 53680288 2
14 53716020 2.19542378007397
14 53720222 2
14 53746944 2
14 53748283 0.1396
14 53748520 2
14 53752753 2
14 53757065 0.359368962591973
14 53828931 0.0757
14 53835797 2.0946
14 53846937 0
14 53863833 2
14 53864513 0.642263301533046
14 53877081 1.5101
14 53881992 1.34768917263848
14 53888018 0.654180952373755
14 53888032 0.115497941203882
14 53891506 0.155702319567405
14 53892321 2.0836
14 53892834 0.0658406230413049
14 53902581 0.562
14 53904031 0.562
14 53918564 0.8672
14 53927294 0.0268159200698276
14 53929252 0.942119076022646
14 53933705 0.4191
14 53939670 0.3431
14 53946283 0.351761959909784
14 53947414 0.312502297685667
14 53958429 0.439007098428256
14 53974601 0.3631
14 53979225 1.9474
14 54020688 0.985701722219823
14 54020692 0.976378977478237
14 54058817 0.0217
14 54082047 0.1965
14 54090523 0.934977487291538
14 54103467 1.95105634380497
14 54113054 0.0961
14 54113069 1.20526293931062
14 54117272 5e-04
14 54121169 0.533792732407539
14 54197770 1.00601068704896
14 54203779 0.77461422338843
14 54204132 0.652609773026749
14 54204158 0.33013923310714
14 54212260 1.23239914595022
14 54219531 0.0076
14 54228762 1.10327954906418
14 54239780 0.829905292285926
14 54248150 0.1954
14 54248629 0.0744569738388223
14 54249127 0.478584963922671
14 54263971 0.900069677769324
14 54264127 0.284824824754781
14 54269300 2.5345
14 54301136 1.54303694554974
14 54317819 0.156132292414008
14 54317962 0.126533886257318
14 54323092 3.1148
14 54326138 0.86780588124204
14 54327496 1.20312396075407
14 54328445 1.67690272392437
14 54338242 0.1378
14 54340823 0.1446
14 54346050 6e-04
14 54349009 5e-04
14 54365480 1.17479547169802
14 54372683 1.11278200267054
14 54385765 2
14 54389826 2
14 54398245 0.568139668656123
14 54406851 2
14 54459959 2
14 54494485 0.610774433730058
14 54502103 1.18500530252429
14 54503542 1.8176
14 54521819 1.33975930596182
14 54536911 0.00235119417234206
14 54539003 1.75853125206795
14 54591989 0.3083
14 54602306 1.1209
14 54608011 0.2099
14 54637236 2
14 54640200 0.413634405758288
14 54659985 1.11734035903287
14 54660085 0.797599880996141
14 54697459 0.3161
14 54719049 2
14 54725041 2
14 54737708 2
14 54763729 2
14 54773710 2
14 54779678 2
14 54798961 0.680509906042977
14 54800614 1.70774530475101
14 54800683 0.580216702340548
14 54814642 1.22724709760391
14 54816950 0.00473905210447246
14 54824330 2
14 54829222 2
14 54831475 0.629
14 54834776 0.6695
14 54838247 0.386373579257564
14 54840875 2.1425
14 54869642 2
14 54870411 2
14 54879555 2
14 54908695 2
14 54972600 2
14 54980651 2
14 55027372 0.374160379681369
14 55034360 0.1673
14 55035411 0.6205
14 55040802 0.5444
14 55079608 0.4284
14 55092111 0.120720542769277
14 55128580 0.489978331511129
14 55129121 0.5615
14 55165778 0.9393
14 55213766 2.3299
14 55275395 0.4759
14 55295711 0.4759
14 55305818 0.6094
14 55310038 0.4759
14 55323216 2.16755781865976
14 55336824 0.6094
14 55355425 1.4175
14 55365434 0.6094
14 55368509 0.4759
14 55380807 1.3901
14 55384255 0.6094
14 55393209 0.5198
14 55421162 0.607296378558622
14 55421860 0.418674968192127
14 55432530 2.56687740897415
14 55437139 2
14 55439062 2
14 55442388 2
14 55444606 2
14 55445624 1e-04
14 55445626 1e-04
14 55445790 2
14 55447058 2
14 55469060 2
14 55472033 2
14 55474015 2
14 55474100 2
14 55490707 0.497527773094539
14 55509852 0.802392366230021
14 55510675 2
14 55526752 2
14 55528286 2
14 55528604 2
14 55548126 0.16212225526416
14 55559457 2
14 55570988 1.5824
14 55600251 1.5369
14 55606710 0.0078
14 55615474 1.5369
14 55632597 2
14 55638033 2
14 55638832 2
14 55646450 1.87274860814831
14 55659480 2
14 55667954 1.5547
14 55681387 2
14 55688363 2
14 55693506 2
14 55706872 1.5028
14 55710370 0.096
14 55711775 1.351
14 55725859 1.3323
14 55747743 2.74070983239298
14 55776498 0.007455760432923
14 55783563 1.10519447087435
14 55791248 0.347928347936645
14 55796061 0.0757
14 55803060 0.0757
14 55810460 0.233288962412785
14 55811009 0.0757
14 55813628 0.0212199677029768
14 55819521 0.30898666263401
14 55819892 0.235908102795281
14 55819990 0.862209159446531
14 55824854 0.109
14 55835917 0.1918
14 55836166 1.00580106908708
14 55838390 2.38956975178982
14 55840367 0.0757
14 55840506 0.75557608703722
14 55846689 0.585716514618202
14 55855273 0.110854230307915
14 55858060 0.5992
14 55868599 2.0946
14 55874971 0.5943
14 55881788 2
14 55892980 2
14 55895956 2
14 55897018 2
14 55903257 2
14 55903949 2
14 55905171 2
14 55907062 2
14 55915227 2
14 55915874 2
14 55924890 2
14 55927576 0.7632
14 55928475 0.7632
14 55934859 0.460536801038793
14 55935897 0.0078
14 55941763 0.236280288598604
14 55946417 0.287800987660867
14 55950647 0.524600783414585
14 55985313 2
14 55987244 2
14 55988381 0.419463437348069
14 56001829 2
14 56004014 2
14 56004354 2
14 56004704 2
14 56006317 2
14 56014357 1.81324324866349
14 56034415 2
14 56039654 2
14 56054040 2
14 56065193 0.2241
14 56073213 2.2967
14 56084992 2
14 56088000 2
14 56107515 2
14 56125389 0.0386
14 56133714 2
14 56154737 2
14 56157705 2
14 56163541 2
14 56169581 0.329594954188798
14 56192596 0.644239667186435
14 56193389 2
14 56201766 2
14 56202997 2
14 56217955 2
14 56220014 2
14 56229124 2
14 56229754 2
14 56230851 2
14 56232103 2
14 56232777 2
14 56235971 2
14 56239128 2
14 56246651 2
14 56247477 2
14 56251646 2
14 56274797 2
14 56275066 5e-04
14 56284617 0.726858967276278
14 56291845 0.473542675767992
14 56304489 2
14 56309918 1.3104
14 56310837 1.5377
14 56313652 2
14 56335692 1.09603772918628
14 56343017 0.0263
14 56354013 2
14 56378741 2
14 56382018 2
14 56385205 2
14 56385551 0.136246025901012
14 56392932 2
14 56394894 2
14 56400824 2
14 56421651 1.7774
14 56427406 1.11309221986578
14 56437647 2
14 56441953 0.0116386353527182
14 56442028 0.0078
14 56447345 2
14 56455657 0.324827712692564
14 56455940 0.4241
14 56458105 1.2208926270616
14 56462223 0.258452070466627
14 56466470 0.447252412237138
14 56467993 0.285031690501221
14 56472089 0.823718904806962
14 56474939 1.1682
14 56478235 2
14 56482041 2
14 56485923 2
14 56487680 2
14 56497213 2
14 56517528 1.3112
14 56521161 2
14 56525274 1.5048
14 56537415 1.3112
14 56537666 0.0076
14 56543163 1.3231
14 56569112 0.1443
14 56574279 0.487684061884934
14 56575068 0.760624716945315
14 56575374 0.539729697048596
14 56602746 2
14 56626435 0.27250260642138
14 56631361 0.6345
14 56634534 2
14 56634964 2
14 56642944 0.761693566140649
14 56645481 0.0244
14 56649421 2
14 56653227 0.706648651736628
14 56653531 2
14 56666819 0.396542222647798
14 56676227 1.18631791669628
14 56680834 0.141402773093687
14 56686807 1.11425646504799
14 56694786 0.158514521130126
14 56697361 2
14 56712113 0.0078
14 56724917 1.11279225666166
14 56741078 0.349574067191076
14 56752662 0.520056076515944
14 56753673 0.1243
14 56778095 0.535774954279189
14 56779003 0.0695
14 56780613 0.704195353017468
14 56782095 2
14 56787586 0.5553
14 56798051 1.54837659879503
14 56813328 1.1367
14 56835942 1.37750482880056
14 56839959 0.926984190630692
14 56840192 2
14 56848382 2
14 56858445 2
14 56867265 2
14 56900605 2
14 56903373 2
14 56927276 0.601515599782491
14 56934715 0.0969540082052467
14 56941105 2
14 56950269 2
14 56951847 2
14 56959037 0.0268
14 56983631 2
14 56988010 0.0107
14 56993910 0.2627
14 56994419 1.2258
14 56995769 2
14 57017068 2
14 57031563 0.550939016974592
14 57032958 0.0317
14 57045443 0.2107
14 57057357 0.3162
14 57058684 0.3804
14 57066746 2
14 57079405 0
14 57081645 1.0066
14 57083900 0.3089
14 57084837 1.8783
14 57095827 0.3047
14 57101916 2
14 57103385 2
14 57104855 0.4641
14 57104997 0.4641
14 57110706 2.2915
14 57112391 0.3088
14 57118246 2
14 57120322 0.0865
14 57124745 3.1166
14 57129461 1.1066
14 57129861 2
14 57198054 0.9279
14 57199838 0.9279
14 57200591 2.4474
14 57262564 1.0408
14 57311732 0.2718
14 57366890 0.2142
14 57367960 1.9759
14 57399154 0.190570313523326
14 57453727 0.2008
14 57454796 0.2039
14 57462587 0.811
14 57463991 0.811
14 57480328 0.811
14 57487102 0.5818
14 57499630 0.267797169646303
14 57501799 0.516283681530433
14 57502851 2.0836
14 57513484 0.6413
14 57513880 0.0179
14 57539808 0.6413
14 57544519 0.9374
14 57545677 0.9374
14 57545787 0.493066416928443
14 57546588 0.0274
14 57552820 0.026
14 57560617 2
14 57562918 0.8339
14 57567307 1.87945124099902
14 57579850 2
14 57582780 1.20066849255806
14 57586894 0.0534078313865079
14 57587924 0.493300793354326
14 57589084 2
14 57605109 2
14 57609147 2
14 57610579 0.0996
14 57618153 2
14 57619543 2
14 57624860 2
14 57639972 0.438399554374419
14 57642541 0.938059304500085
14 57643700 0.109022491418571
14 57645121 0
14 57667140 1.285
14 57671009 2
14 57672310 2
14 57674038 0.661420008669859
14 57690411 0.191367309501633
14 57691010 0.202394570316983
14 57696255 1.285
14 57709789 0
14 57727717 0
14 57739303 2
14 57741662 2
14 57750732 0.0116545737511138
14 57755259 0.859102350607579
14 57787467 0.400513056852165
14 57789505 1.52119892812009
14 57808113 2.14878485567628
14 57836658 2
14 57849389 0.7798
14 57850258 0.0078
14 57858712 1.3201837068401
14 57865113 0.827200690605488
14 57869641 0.759
14 57870861 0.759
14 57877373 0.96867925448448
14 57877532 1.5156
14 57878061 0.232186267660044
14 57883702 0.0551044495028483
14 57886377 0.759
14 57889853 2
14 57890018 2
14 57902456 0.525798692137043
14 57926735 2
14 57945253 2
14 57958152 2
14 57981096 0.901851948609237
14 57987226 2
14 57995674 0.4235
14 57995852 2
14 58006123 0.6191
14 58023900 0.0053349252187456
14 58057625 2
14 58060184 2
14 58091394 2
14 58093757 2
14 58098679 2
14 58126518 1.3399
14 58151627 0.0988
14 58159740 1.4876
14 58180987 0.4756
14 58221302 1.3785
14 58222764 2
14 58226684 0.488416093198092
14 58230836 2
14 58235276 2
14 58246841 1.2745055926312
14 58256991 0.576501707262274
14 58288762 1.03706804427038
14 58332643 0.636278560954882
14 58369614 2
14 58382581 0.5894
14 58419669 2
14 58428738 1.54959718163886
14 58444913 0.10470393728361
14 58498376 0.785508821920885
14 58511375 1.3038
14 58581249 0.10040767754506
14 58606246 2
14 58629808 2
14 58630754 1.25052505662302
14 58652896 0.383587118050032
14 58657414 0.771599742007147
14 58681296 0.601707258478365
14 58697105 0.6936
14 58701721 0.545718244110586
14 58707634 1.18896688549298
14 58718158 0.961380888039211
14 58723714 2
14 58739266 0.524427287764651
14 58747971 2
14 58748017 0.407322529994863
14 58750142 2
14 58750298 0.487482799773093
14 58765973 2
14 58778555 2.6472
14 58780604 2
14 58788425 0.6713
14 58803865 2
14 58804839 2
14 58809025 0.344493454058417
14 58810052 2
14 58825824 0.421834260916259
14 58828978 2
14 58842306 2
14 58843376 1.103
14 58849212 0.160213645155776
14 58849960 2
14 58850377 0.264028873241193
14 58851293 2
14 58857809 2
14 58867648 1.68697560452955
14 58872928 0.643982646435992
14 58873210 2.50146330335033
14 58889037 1.0352
14 58890327 0.941920741391146
14 58897422 2
14 58899646 2.38165395555659
14 58899683 2.07974251358179
14 58915732 1.0352
14 58929823 1.0352
14 58934842 1.0352
14 58940427 2
14 58941156 0.813674992221946
14 58942036 0.779604770826217
14 58948507 0.582880503283022
14 58951902 2
14 58953035 2
14 58963192 2
14 58967192 1.0156
14 58968936 6e-04
14 58969724 1.0156
14 58973642 2
14 58975459 2
14 58982999 2
14 59002944 2e-04
14 59021221 1.0573
14 59025111 1.64526317746566
14 59036697 1.37921804842765
14 59042487 1.16510242727609
14 59042522 2
14 59050810 2
14 59051116 2
14 59057871 0.975258395967507
14 59058220 2
14 59058880 2
14 59064166 0.1958
14 59065080 2
14 59072950 2
14 59073953 0.8285
14 59074095 0.222380555365082
14 59075078 2
14 59078153 0.2107
14 59080838 2
14 59082829 2
14 59084329 2
14 59085330 2
14 59085955 1.2811
14 59094291 0.2254
14 59111638 1.05817337045115
14 59131680 2
14 59141611 1e-04
14 59144418 0.777402538184842
14 59168065 1e-04
14 59177276 0.539344020738987
14 59190371 2.05636974528592
14 59199095 0.281116020313408
14 59238580 0.0979
14 59244957 1.16278422536922
14 59269715 2
14 59287252 2
14 59291095 2.1864
14 59298427 2
14 59308975 2.5935
14 59314926 2
14 59323009 2
14 59331158 0.550056389271882
14 59369627 0.348452619193519
14 59372049 2
14 59372411 0.126511187421687
14 59377865 0.205212232232606
14 59377893 0.49622988430514
14 59382388 2
14 59386622 0.683870727873831
14 59397174 0.137
14 59399844 2
14 59405407 1.33763612023079
14 59406459 2
14 59409511 2
14 59412994 1.59260375685042
14 59415371 0.54848636982612
14 59415548 2
14 59415805 2
14 59417715 2
14 59418489 0.564658875306928
14 59436386 1.82132524012418
14 59437873 1.06349126605264
14 59504450 0
14 59515432 0.3532
14 59521606 0.8647
14 59535917 0.2358
14 59536135 0.2358
14 59537557 0.2046
14 59538126 0.2046
14 59551866 0.4324
14 59568636 0.753
14 59571611 2
14 59574097 2
14 59577065 2
14 59577345 1.1479
14 59578675 0.9433
14 59580360 0.753
14 59584835 0.7924
14 59588815 2
14 59597426 0.451
14 59602873 0.8885
14 59613706 0
14 59614853 0.1655
14 59619534 0.1954
14 59658203 0.1512
14 59669814 2
14 59695594 0.485586862851905
14 59715747 1.61680851269956
14 59749170 0.224280627701874
14 59749993 0.032
14 59750111 0
14 59750635 1e-04
14 59756063 1.06142574565914
14 59757829 0.313358642536562
14 59800575 1.2154
14 59827227 2.0588
14 59841479 0.606691408116987
14 59841881 0.261101991561186
14 59848949 0.9002
14 59853950 0.2691
14 59865545 0.195278962767945
14 59890392 0.632242655042754
14 59892641 1.50648030560855
14 59893992 0.641011187741321
14 59895226 0.519658421549131
14 59909642 0.219866982355983
14 59913476 0.383567585860273
14 59916279 1.2694
14 59925043 0.7371502132141
14 59929338 1.2694
14 59946380 0.0107
14 59968716 2.8716
14 60013677 0.180522878631085
14 60068837 0.0681
14 60084580 0.0681
14 60091946 2.7095
14 60091966 0.0681
14 60092354 0.0681
14 60104511 0.0681
14 60113568 0.0681
14 60115145 0.0561
14 60119615 1.1662
14 60123928 1.1662
14 60129240 5e-04
14 60136107 5e-04
14 60139070 0.8263
14 60145401 0.7448
14 60146245 0.7448
14 60150922 0.7448
14 60153541 0.7448
14 60154443 0.3311
14 60156958 0.7448
14 60157023 0.7448
14 60185995 0.821677081345161
14 60189570 0.0334778721692995
14 60189607 0.189282275219622
14 60230279 2
14 60246469 1.1265
14 60247424 0.4359
14 60261313 2
14 60274896 0.3446
14 60324927 2
14 60334268 2
14 60353753 2
14 60383197 2
14 60385402 2
14 60415475 2
14 60434851 0.6533
14 60437039 2
14 60449519 2
14 60474386 5e-04
14 60485818 0.0386
14 60492603 0.7027
14 60522886 0.0444
14 60524011 0.0444
14 60612144 0
14 60693012 0.346231999823465
14 60694722 0.934897549110222
14 60746949 1e-04
14 60799701 0.0162
14 60842902 0.392921929516544
14 60869042 5e-04
14 60872672 5e-04
14 60873635 2
14 60889004 0.1466
14 60889857 0.0715681274846648
14 60899072 0.100649505087074
14 60905092 0.0107
14 60939621 2
14 60947669 2
14 60961694 2
14 61009672 2
14 61012786 2
14 61017413 0
14 61029990 0.554640008573535
14 61039336 2
14 61047986 0
14 61088542 6e-04
14 61088578 1e-04
14 61093384 1.48680716676109
14 61103124 0.240845978850734
14 61113412 2
14 61115598 2
14 61123167 1.03092534318964
14 61123549 1.90910830697402
14 61125268 0.140559309935295
14 61125579 2.3651
14 61137561 0.283640666224964
14 61144607 1.10132878184619
14 61157183 0.762582470322947
14 61165720 0.1701
14 61166337 0.1701
14 61167200 0.777311467181513
14 61167470 0.293014558044694
14 61187157 2
14 61189623 2
14 61191653 2
14 61198072 0.0992536163923302
14 61204800 2
14 61211238 2
14 61215995 2
14 61229763 2
14 61233390 2
14 61243066 2
14 61289496 2
14 61320136 0.0389
14 61340190 2
14 61354194 2
14 61391036 2
14 61396957 0.19345232458259
14 61402787 0.575478438235659
14 61407049 0.233452224853139
14 61416013 2
14 61466818 0.022
14 61503824 0.3811
14 61541347 2
14 61547176 2
14 61570579 0.0104
14 61575830 0.0104
14 61593239 0.4069
14 61607147 0.3063
14 61612149 0.0348
14 61623356 2
14 61639660 2
14 61644488 2
14 61654803 2
14 61658589 2
14 61663717 1.43
14 61667727 1.2495
14 61680120 0.1796
14 61700828 0.0053
14 61742714 0.5012
14 61748718 2.5935
14 61753682 0.0053
14 61816783 2
14 61888587 0.6903
14 61897070 0.7532
14 61905235 0.776
14 61912390 0.0952305515879399
14 61936833 0.425665756634938
14 61955518 0.498033095077927
14 61971894 2
14 61996048 2
14 62000581 2
14 62016522 2
14 62017117 2
14 62026291 2
14 62030583 0.8155
14 62034915 0.794082706915169
14 62037192 1.32889469012695
14 62055641 1.1712
14 62061176 2
14 62067483 2
14 62130899 2
14 62132239 2
14 62140352 2
14 62143264 2
14 62147484 2.3714
14 62156430 2
14 62156712 0.0497455237076705
14 62160625 2
14 62175099 2.7888
14 62178352 2
14 62182107 0.1235
14 62184695 2
14 62186578 2
14 62189150 2
14 62190672 2
14 62197633 2
14 62200284 0.362805061544427
14 62206474 2
14 62206625 2
14 62242083 0.107816470283229
14 62263450 2
14 62263677 2
14 62265347 2
14 62279662 2.8712
14 62284640 1.4864
14 62286540 1.4807
14 62288372 2
14 62301154 1.09605291852339
14 62305927 0.897773403530461
14 62308451 1.27722632877568
14 62312481 0.439417930641835
14 62322827 2
14 62328749 2
14 62329206 2
14 62337097 2
14 62341617 2
14 62344630 2
14 62351760 2
14 62377444 1.73029835345665
14 62379876 0.0129266328799607
14 62408884 0.684573494361066
14 62413383 0.57880946289132
14 62416836 1.33798353403605
14 62422388 0.133
14 62426287 2
14 62427449 2
14 62427676 2
14 62444194 0.9698
14 62444856 0.2478
14 62445275 0.9698
14 62448543 0.2478
14 62450955 0.2478
14 62454665 1.945
14 62467213 2
14 62473207 2
14 62474974 0.8506
14 62483978 2
14 62486405 0.5225
14 62486759 2
14 62496675 0.00762616850022394
14 62505720 2
14 62532783 2
14 62546012 1.07856514524025
14 62555578 2
14 62581132 0.825289965126928
14 62588910 1.6439
14 62603519 1.0612
14 62617871 1.4266
14 62621879 2
14 62633329 1.0819
14 62634449 1.0819
14 62642705 0.6537
14 62654188 2.18938857526786
14 62656219 1.01796881369715
14 62665654 0.240686986024609
14 62669239 1.13502421581956
14 62671751 0.46631381338567
14 62674051 1.6917
14 62675271 0.277623419910135
14 62676103 2
14 62692464 1.9376
14 62694967 2.55672772761442
14 62709305 0.0126
14 62714924 0.693868636246407
14 62718735 3.1166
14 62721621 0.0053
14 62740028 0.197651390369758
14 62741301 2.2702
14 62752474 2.7
14 62757906 1.19740595989774
14 62769091 2
14 62776065 0.0380588866039774
14 62790127 2
14 62792250 0.047004143052817
14 62799836 1.50691446772166
14 62804844 0.807172064839277
14 62813240 0.0152
14 62816011 0.209921009547981
14 62836523 0.541673646848382
14 62838982 0.247684833382788
14 62846273 2
14 62846857 2
14 62855629 1.33068894347613
14 62859113 0.10599054437072
14 62870459 2
14 62871845 2
14 62881038 2
14 62888606 2
14 62889907 2
14 62893899 0.0846415765197876
14 62902226 1.0142
14 62902747 0.707001768934163
14 62920877 2
14 62927432 1.0395194448526
14 62931043 1.02481189344918
14 62965932 2
14 62987055 1.0779
14 62992541 1.2727
14 63003612 0.3015
14 63008126 1.1017
14 63033798 2
14 63053788 2
14 63058062 2
14 63062732 2
14 63064420 2
14 63066267 2
14 63066450 2
14 63071379 2
14 63088514 5e-04
14 63089664 0.788
14 63100063 2
14 63104140 0.9726
14 63123977 1.4557
14 63137685 0.383316940315268
14 63143234 5e-04
14 63144263 0.446074740012597
14 63155180 2
14 63155853 0.1983
14 63158674 0.779435426669404
14 63159838 0.196939458197871
14 63164842 0.346270795128411
14 63166007 8e-04
14 63166086 1.7426
14 63171516 0.89985796683343
14 63181092 1.7430152089293
14 63194520 1.1216
14 63198220 3.27962658279638
14 63198522 1.06688585670489
14 63205584 1.09352353648795
14 63207363 2
14 63207414 0.936444917288482
14 63219644 0.481462168028948
14 63248592 1.5854
14 63258163 7e-04
14 63258745 0.513738331220289
14 63285965 2.40477691969218
14 63286611 0.58379434905613
14 63299038 0.747992849567694
14 63315257 2
14 63321424 2
14 63334625 1.9723
14 63335863 2.2969
14 63357817 2
14 63374665 8e-04
14 63389042 1.2216
14 63392911 2.5965
14 63395612 5e-04
14 63402413 1.425
14 63416073 2
14 63425231 0
14 63430369 2
14 63450245 1.2703
14 63477210 1.2387
14 63477496 1.2703
14 63482602 1.3068
14 63483245 1.2381
14 63487906 1.341
14 63495113 1.004
14 63505339 2.1665
14 63513290 1.2227
14 63515286 1.2282
14 63528852 1.2282
14 63535626 0.7332
14 63538628 0.9739
14 63545821 7e-04
14 63558039 0.8989
14 63565023 1.06345194338958
14 63566384 0.9404
14 63569110 2
14 63586107 2
14 63588685 2
14 63594413 1.7962
14 63609038 1.7669
14 63751237 2.9777
14 63778715 1.2714
14 63814918 0.210599854744974
14 63815051 2.7839
14 63815243 1.7963
14 63823743 0.260689082682423
14 63827639 2
14 63835829 0.211499505087993
14 63838714 0.28641089394156
14 63846574 0.0530437039618822
14 63863869 0.641302909550403
14 63864577 1.43855211477467
14 63871159 0.397985338231094
14 63905372 0.227674920695336
14 63909267 3.61699462708373
14 63934758 1.3122
14 63942297 0.672558047219035
14 63945071 0.7371
14 63948796 5e-04
14 63955955 1.98299551024239
14 63959422 0.840460420671853
14 63976287 2
14 63990211 2
14 64013549 0.786612203701926
14 64018583 0.0587
14 64045582 0.826888143567535
14 64048776 0.0785
14 64072503 0.357020035562419
14 64084001 1.22491024362345
14 64084837 0.826527548529561
14 64088236 0.0785
14 64089027 2.0227
14 64106369 1.9839
14 64123963 1.28599475192429
14 64127942 0.218883335883897
14 64133409 0.660749892764417
14 64172934 1.305
14 64197858 2.2148
14 64235499 0.187061454686009
14 64267564 0.2241
14 64271676 0.1977
14 64287643 0.1266
14 64300837 1.0689
14 64313541 2.3384
14 64344576 2
14 64350955 0.5369
14 64355502 2
14 64359020 0.5369
14 64384469 0.9094
14 64385129 0.5109
14 64390354 2
14 64394752 2
14 64395726 2
14 64402436 0.0273
14 64410417 2
14 64416250 1.43776035660165
14 64444844 1.76817217449909
14 64461249 0.663131965048232
14 64478371 1.19892144179619
14 64489299 0.8797
14 64498624 2
14 64498819 0.798350227676175
14 64557596 2
14 64557605 0.139690855490173
14 64565508 2
14 64565560 0.173859932602961
14 64579976 2.07601490290877
14 64585254 2
14 64616063 2
14 64629900 2
14 64647050 0.6521
14 64648315 0.871515809937699
14 64654465 0.080187283664077
14 64664509 2
14 64666669 2
14 64671326 0.85190161641158
14 64671657 2
14 64675357 0.0078
14 64682509 2
14 64686468 2
14 64690209 2
14 64712539 2.37760032144656
14 64737649 0.0714333440048289
14 64741308 1.0200750411787
14 64757226 0.387991857076837
14 64762646 1.40148180254186
14 64774510 2
14 64779463 0.8957
14 64782966 1.3611
14 64783097 1.8443
14 64804932 0.3848
14 64808541 0.3356
14 64829396 0.458017423322403
14 64851510 1.88237051548904
14 64854383 2.4514
14 64859020 0.105553556486047
14 64862469 0.758979990162222
14 64866571 3.1151
14 64879095 2
14 64885874 2
14 64888533 0.0347
14 64893166 2
14 64900916 0.24914942549432
14 64902273 2
14 64902953 0.0312
14 64915680 1.5955
14 64920204 2
14 64921923 0.348935319131481
14 64927350 2
14 64936807 0.943830318878163
14 64975711 3.1147
14 65004113 2
14 65019981 1.2252
14 65020976 2
14 65032732 2
14 65035553 2
14 65043307 1.1307
14 65071386 2
14 65099977 2
14 65126026 2.1063
14 65135465 2
14 65144345 2
14 65147170 1.096
14 65153584 2
14 65153596 2
14 65168624 1.1604
14 65169263 0.274725641301154
14 65170301 0.257941027557766
14 65179818 2
14 65184236 2
14 65187483 2
14 65193582 0.8247
14 65196657 0.8247
14 65203380 2.859
14 65244038 2
14 65244669 2
14 65254502 1.7014
14 65259086 0
14 65267422 2
14 65269606 2
14 65273187 0.7559
14 65274248 2
14 65278929 2
14 65283254 2
14 65296308 0.7556
14 65307895 0.297297968154173
14 65321772 2.0408
14 65368274 0.3028
14 65380106 2.187
14 65389044 1.2857
14 65389297 2.2181
14 65393266 0.4453
14 65394684 0.611
14 65397066 0.611
14 65403876 0.2558
14 65417684 2.2768
14 65424523 0.8009
14 65428602 2.2857
14 65450251 1.1261
14 65508106 0.0075
14 65513491 0.3018
14 65521316 0.2558
14 65546236 2.2426
14 65556413 0.611
14 65566216 0.6819
14 65583646 2
14 65588892 2.2857
14 65598948 0.8009
14 65612822 2.2261
14 65622187 2.2261
14 65631641 0.3085
14 65641753 0.0075
14 65643045 1.7335
14 65646609 0.8009
14 65654750 2.2181
14 65657386 0.8009
14 65748132 1.7279
14 65752799 0.787
14 65766240 1.0599
14 65782346 1.1898
14 65783556 1.7064
14 65791314 0.982
14 65791640 0
14 65813715 0.5828
14 65821656 0.4244
14 65822632 2
14 65832124 2
14 65832315 0.1098
14 65847837 1.4323
14 65861831 0.485410238446897
14 65866549 2
14 65880224 2
14 65884194 0.8548
14 65910019 2
14 65919612 0.0078
14 65936430 2
14 65939197 2
14 65953034 2
14 65962603 2
14 65969111 2
14 66013050 0.910955281926874
14 66053561 5e-04
14 66064410 5e-04
14 66080907 2
14 66111771 0.4791
14 66121877 2
14 66150072 2.3299
14 66155046 2
14 66163648 0.9758
14 66169528 5e-04
14 66172286 2.1617
14 66187290 2.1086
14 66190769 1.2299
14 66212461 1.584
14 66224196 0.8668
14 66226408 0.8668
14 66229897 1.8209
14 66280181 0.476536746731833
14 66292459 1.1274
14 66300468 1.0165
14 66302749 1.1274
14 66303214 1.1274
14 66333103 0.8236
14 66343630 1.7334
14 66348032 0.8236
14 66392862 0.7774
14 66433961 0.386630377958651
14 66436529 0.8236
14 66446019 2.0709
14 66452260 1.1624
14 66464920 1.1624
14 66471603 2
14 66478020 0.7851
14 66479745 0.7851
14 66480477 0.7851
14 66499447 0.7851
14 66517778 1.37006261686756
14 66545581 2
14 66545717 1.59526152560402
14 66565640 2
14 66570032 0.7491
14 66570474 0.8236
14 66571285 0.8236
14 66579842 0.8236
14 66587466 0.625343694160466
14 66591187 5e-04
14 66595292 0.8236
14 66595546 2
14 66617407 0.8236
14 66627999 0.8236
14 66633260 1.07441439359888
14 66637763 1.1342
14 66640565 0.8236
14 66670271 2
14 66673360 1.1342
14 66679040 0.8236
14 66681768 0.8236
14 66708000 0.8236
14 66719511 0.6832
14 66723132 0.8236
14 66736402 0.733878937966512
14 66747611 1.32870306401004
14 66752895 0.519521687840781
14 66760081 0.55260044450022
14 66761820 1.1342
14 66763117 0.7491
14 66769571 0.9096
14 66801290 2
14 66810500 5e-04
14 66835520 1.04362651355618
14 66873831 0.958
14 66887490 2
14 66895059 0.865
14 66904266 2.0729
14 66907339 1.84
14 66932455 0.0897
14 66952155 0.865
14 67008987 1.1921
14 67009780 0.865
14 67010930 0.865
14 67014413 1.3386
14 67038892 0.865
14 67039490 0.865
14 67046070 0.865
14 67064249 1.1921
14 67065375 2.0113
14 67091184 2.2407
14 67092829 1.3386
14 67092900 1.3485
14 67092932 2
14 67122710 1.1921
14 67127119 5e-04
14 67140051 0.865
14 67142231 2
14 67146771 1.1921
14 67148977 1.3386
14 67157139 2
14 67159822 1.3386
14 67169398 1.1921
14 67173670 1.1921
14 67174101 2
14 67179540 1.3386
14 67193339 1e-04
14 67196282 1.7571
14 67200685 0.865
14 67201189 0.865
14 67225964 0.0263
14 67262704 2.0503
14 67266247 1.0491
14 67289519 0.865
14 67294093 2
14 67298885 2.0503
14 67302872 2
14 67311106 5e-04
14 67345147 2.9805
14 67360799 0.865
14 67382607 2.0503
14 67423605 2
14 67443809 2
14 67457553 1.1854
14 67468281 1.4538
14 67473951 1.4823
14 67477162 2
14 67498145 2.1379
14 67502833 0.1073
14 67503044 0.1073
14 67504419 0.1073
14 67516823 2
14 67526325 0.775473241799178
14 67538393 0.0609
14 67542085 0.0185097555534093
14 67550452 0.498512610920793
14 67559402 1.5476
14 67566157 0.1903
14 67586542 0.144009564140521
14 67589167 1.9892
14 67590314 1.9895
14 67595765 0.650702853444567
14 67595870 0.262
14 67595913 0
14 67601745 0.5207
14 67604911 3.7211
14 67620690 2
14 67621103 2
14 67623106 2
14 67624551 0.7409
14 67625476 0.182447272103154
14 67633366 2.006
14 67634170 2
14 67635859 0.7409
14 67662852 1.5747
14 67663315 3.589
14 67677342 5e-04
14 67687593 1.5235645197359
14 67711184 1.36023709610192
14 67722206 1.651
14 67734926 0.830355766309402
14 67751620 2
14 67761180 2
14 67799991 2
14 67803531 2.3419
14 67829410 2
14 67834688 2
14 67835546 2
14 67839245 2
14 67840347 2
14 67851478 2
14 67909047 2
14 67921416 2
14 67926576 5e-04
14 67959688 2
14 67968109 2
14 68007530 2
14 68042601 2
14 68049239 2
14 68069578 2
14 68070792 2
14 68086119 2
14 68117112 2
14 68132775 2
14 68143008 1.9411
14 68159056 2.4769
14 68166072 2.4769
14 68168042 2.4769
14 68177637 2.4769
14 68183059 2
14 68195414 2
14 68209701 2
14 68222534 2
14 68257578 2.2286
14 68260789 2
14 68281151 2
14 68298190 2
14 68309491 2
14 68314897 2
14 68320276 2
14 68326837 2
14 68329458 2
14 68335313 2.33109430916767
14 68344676 0.220422742386893
14 68350696 2
14 68357304 1.8433
14 68362805 2
14 68365193 1.8433
14 68365373 2
14 68394748 2
14 68411865 2
14 68417164 2.085
14 68422294 2
14 68435387 2
14 68504735 1.2232
14 68523291 0.957
14 68540038 1.187
14 68555317 1.81000959103638
14 68557282 0.3024
14 68559153 0.123950293573897
14 68591353 2
14 68602517 0.716520625340725
14 68604294 2
14 68611801 0.620915539439601
14 68613733 2
14 68616316 0
14 68630699 0.7805
14 68638026 0.0804
14 68638789 2.4916
14 68646758 0.7805
14 68646800 0.376343556592644
14 68648050 0
14 68648091 2.25039874091215
14 68648168 2
14 68673883 2
14 68674071 0.9135
14 68682563 1.8199
14 68684957 0.0704589753101817
14 68716559 2
14 68719335 2
14 68720684 2.0836
14 68744369 1.2699
14 68747207 0.5949
14 68752937 0.6382
14 68761685 2.4754
14 68765006 0.6382
14 68765147 0.2383
14 68768218 0.6382
14 68771546 0.6382
14 68773362 2
14 68775313 0.6382
14 68782958 2.4161
14 68818547 0.6985
14 68827750 0.3881
14 68844707 1.3173
14 68851545 2
14 68854806 2
14 68854844 0.3797
14 68857927 2
14 68862209 0
14 68863184 2
14 68864011 2
14 68864979 1.8781
14 68868145 2
14 68869694 2
14 68888154 2
14 68888730 2
14 68897894 2
14 68898977 2
14 68906033 2
14 68910093 2
14 68929462 0.0364
14 68945163 0.480338061138318
14 68946954 0.23876453161633
14 68947605 2
14 68948752 2
14 68949282 0.923405913922244
14 68960563 2.2050520996972
14 68970799 2
14 69012036 1.3112
14 69017311 1.6581
14 69020490 0.853100073313623
14 69023219 0.9217
14 69029780 2
14 69079944 1.8781
14 69088144 2
14 69110423 2
14 69120263 2
14 69125492 2
14 69150722 0.804
14 69193128 2
14 69195388 2
14 69198300 3.4864
14 69201844 0.3015
14 69229455 2
14 69257464 0.5032
14 69285703 2
14 69288884 2
14 69295715 2
14 69311138 2
14 69321871 2
14 69328482 2.34657401303798
14 69330590 0.5631
14 69336871 1.846
14 69339338 0.7988
14 69342529 0.3077
14 69345012 1.1234
14 69346653 0.624728542726967
14 69352384 0.6113
14 69360394 2
14 69372443 0.6113
14 69398263 2
14 69400772 2
14 69402428 2
14 69403179 2
14 69413079 2
14 69419596 0.2868
14 69419792 2
14 69424638 0.6113
14 69431926 1.6898
14 69439008 2
14 69461696 1.92201904064354
14 69462716 2
14 69464537 2
14 69465026 0.6113
14 69472841 2
14 69474049 0.601930342917398
14 69476505 0.4951
14 69487017 1.6898
14 69489251 1.6784
14 69494212 2
14 69496780 2
14 69498895 2
14 69504035 0.765118351323837
14 69506956 1.44937177713852
14 69508576 0.727261612038913
14 69518034 0
14 69523195 1.1364
14 69524622 1.1364
14 69533682 0.538585474107889
14 69544158 1.01668562731798
14 69546611 1.0943
14 69579147 0.244917604283455
14 69599809 2.3417
14 69603767 0.4226
14 69632416 2.6452
14 69635489 2
14 69670281 3.589
14 69673999 2
14 69691981 2
14 69713695 2
14 69723884 2
14 69726853 0.0821
14 69735634 2
14 69738754 1.1364
14 69743961 2
14 69754202 2
14 69772772 2
14 69780053 2
14 69780501 2
14 69782808 2
14 69787610 2
14 69823655 2
14 69824227 2
14 69862836 2
14 69863382 0.0693
14 69870333 2
14 69875425 1.1155328438441
14 69876257 0.0693
14 69878694 0.291942633657634
14 69893825 1.671
14 69899720 1.6095
14 69899886 1.6095
14 69904485 0.4285
14 69905757 0.4285
14 69909822 0.0633
14 69925111 2e-04
14 69925224 2
14 69932070 1.3202
14 69938500 2
14 69940306 1.5016
14 69953149 2
14 69955688 2
14 69962369 2
14 69962673 2
14 69965207 2
14 69980909 2
14 69985744 5e-04
14 69988806 0.0023
14 70002538 0.1831
14 70006648 0.8666
14 70018374 2
14 70019256 0.8666
14 70039446 0.817280455509442
14 70040478 2
14 70054071 2
14 70062234 2
14 70064231 2
14 70081121 2
14 70109675 1.9892
14 70113413 0
14 70116595 2
14 70119921 1.4082
14 70127060 2
14 70128340 2
14 70130634 2
14 70136529 1.8453
14 70143451 2
14 70144010 2
14 70153263 2
14 70158570 2
14 70160549 2
14 70163632 2
14 70184973 2
14 70186061 1.00083004808452
14 70206272 2
14 70206787 2
14 70212909 2
14 70229493 2
14 70254646 2
14 70266809 2
14 70267706 1.2852
14 70267915 2.8429
14 70271833 2.421
14 70275259 2
14 70287094 0.978713612656211
14 70295952 0.919823109162711
14 70315437 1.07723126966675
14 70318830 2.0292
14 70337895 2.8715
14 70356766 1.3320835494681
14 70357137 2
14 70373729 0.180317335307839
14 70376930 1.19936203493276
14 70378313 2
14 70383541 0.223212871832288
14 70386286 1.2804
14 70404675 0.00449827795255522
14 70405854 2
14 70409226 2.1445
14 70417768 5e-04
14 70425281 0.121997231704348
14 70429402 2
14 70447079 2
14 70451038 1.40031739804398
14 70459101 2
14 70465914 1.6404
14 70476672 2
14 70504017 1.6942
14 70507734 2.9875
14 70532116 2.0288
14 70563474 1.7511
14 70587667 1.9627
14 70594120 2.103
14 70595626 1.7741
14 70600078 2.103
14 70601920 2.103
14 70620829 1.7601
14 70626952 2.3136
14 70629059 2
14 70641225 2
14 70682332 1.05275367954961
14 70688762 0.8875
14 70689439 2
14 70695750 0.8294
14 70702236 0.638418260718462
14 70703501 1e-04
14 70748809 1.7255
14 70754806 1.03445545928336
14 70765430 1.7379
14 70780190 0.188119425371111
14 70782754 0.576370936136836
14 70784247 1.9862
14 70798536 0.562951326567532
14 70802899 2
14 70808439 0.3161
14 70820034 2.0371007076395
14 70821576 2.0378
14 70825464 3.7238
14 70825538 0.202287653892702
14 70835038 0.260535124929285
14 70865086 1.1192
14 70869423 1.46608992676857
14 70892187 2.7875
14 70905830 2.7875
14 70925914 2.7875
14 70935573 0.5801
14 70937040 0.906
14 70954340 0.5801
14 70957845 0.229
14 70959336 2.7875
14 70966605 0.5801
14 70969564 1.22667849508404
14 70971511 0.5801
14 70974668 1.0334
14 70976434 1.0334
14 70984548 0.8948
14 70990437 1.0334
14 71007781 2.7875
14 71010510 1.0334
14 71024850 0.7275
14 71028571 0.9254
14 71036386 1.7795
14 71052594 1.0334
14 71065522 2
14 71069220 2.7875
14 71075259 2.7875
14 71096405 2.7875
14 71115527 0.7275
14 71117756 0.6254
14 71118179 2
14 71138551 0.5714
14 71144654 0.8907
14 71148544 2
14 71149544 2
14 71150551 2
14 71150949 2
14 71154897 2
14 71157449 2
14 71160244 2
14 71160774 2
14 71162383 2
14 71167502 2
14 71171626 2
14 71171712 2
14 71172644 2
14 71178589 2
14 71181273 2
14 71184676 0.5507
14 71184962 0.5507
14 71185229 2
14 71185410 0.5507
14 71190049 0.481
14 71193572 2
14 71205678 0.4582
14 71209668 0.290871251244114
14 71216303 0.99441991570978
14 71229241 0.454986420193719
14 71232422 0.855970860732355
14 71235387 0.281525618890245
14 71238189 1.38080687691845
14 71259634 0.498893264979011
14 71263247 0.0303230232231642
14 71268275 1.17805853830347
14 71326472 0.55280471721053
14 71341866 0.748445742974831
14 71350821 1.83370655850443
14 71354110 2.217
14 71360070 0.278654794138612
14 71378933 2.245
14 71393141 0.0465625835631703
14 71419583 0.0162236754100304
14 71421097 0.0861931654732221
14 71421913 2
14 71480209 1.7842
14 71489424 0.980523925157731
14 71500438 1.734
14 71517078 1.5003099059804
14 71543976 0.0882799987667425
14 71552391 0.170548550359432
14 71554347 1.18926000570273
14 71556033 0.258740228442106
14 71556655 0.271535860398113
14 71590638 1.87374022631369
14 71595001 0.22274115830183
14 71599207 2
14 71646559 0.021
14 71707237 0.6409
14 71716141 2
14 71743458 2
14 71759598 2
14 71776320 2.2356
14 71780552 2
14 71793026 2.978
14 71794225 2
14 71800788 2
14 71807375 2
14 71823738 2
14 71824734 2
14 71831386 2
14 71834527 2
14 71842066 2
14 71849288 2
14 71852383 0.0315
14 71879399 2
14 71888874 2
14 71888958 1.41177916964652
14 71889243 1.274
14 71889863 2
14 71891895 2
14 71896563 2
14 71902385 1.3808307937609
14 71925485 1.2449
14 71930753 0.7371
14 71941485 1.6941
14 71948300 1.33690935876431
14 71950609 0.7177
14 71973898 1.6311
14 71990190 0.0542
14 72002874 0.2222
14 72009072 0.191
14 72022713 0.0078
14 72024298 0.178834843760925
14 72034484 0.8912
14 72034490 0.8912
14 72034738 2
14 72035091 0.8912
14 72035372 0.0078
14 72035879 0.8912
14 72038801 0.0406
14 72046805 1.14921436623325
14 72052031 0.751443337459676
14 72054823 0.602644736915831
14 72069894 0.560675488977559
14 72086212 1.18104645408351
14 72092871 0.0517
14 72095282 2
14 72101127 2
14 72117085 1.42132638693402
14 72122334 0.153788198131057
14 72128712 0.884816216742744
14 72134235 1.48263279261199
14 72161135 2
14 72176614 1.95456797374372
14 72180501 2
14 72184112 2
14 72209946 2.2458
14 72210622 0.0181
14 72212492 0.0181
14 72219749 1.42300991814189
14 72220744 0.876684990884691
14 72221046 0.590659279397203
14 72224765 1.4011
14 72231500 1.2626
14 72234432 2
14 72238109 2
14 72240163 1.3719
14 72243408 1.7044
14 72244361 0.0488
14 72264140 2
14 72265940 0
14 72276203 2
14 72276482 0.469610610408855
14 72277883 2
14 72281199 2
14 72281915 1.4237
14 72289992 1.4237
14 72290864 0.62861096915341
14 72321396 1.4641
14 72322344 1.4641
14 72325801 1.4725
14 72330653 2
14 72334352 0.229495055096823
14 72335609 0.243033565801288
14 72339556 0.571721909450704
14 72341191 0.340643734522694
14 72341375 0.906323141253531
14 72341984 1.2297578684826
14 72356250 1.20113193407503
14 72356332 1.63476224577746
14 72359838 0.255435492440933
14 72361206 1.65091156026986
14 72361412 2
14 72377102 2
14 72379246 2
14 72391485 1.4864
14 72395815 2.117
14 72408653 2
14 72409784 2
14 72423834 0.408860837339576
14 72445754 2
14 72459378 1.6311
14 72463009 2
14 72474284 1.6311
14 72492001 2
14 72494151 1.35338010871469
14 72501283 2
14 72508609 1.281
14 72529655 2
14 72550134 0.9332
14 72568093 1.5425
14 72586323 0.1345
14 72597350 2
14 72601921 0.0502
14 72613732 2
14 72616118 2
14 72618053 2
14 72645709 0.8935
14 72645766 0.5432
14 72661511 2.2372
14 72666751 1.7857
14 72675246 2.2372
14 72699644 0.1699
14 72704273 2
14 72723493 0.2582
14 72725148 2
14 72729327 0.0405
14 72731628 2
14 72756863 0.00635831853678438
14 72792679 1.7479
14 72795721 1.3055
14 72796257 0.3274
14 72800380 0
14 72810269 0.021
14 72828318 2.1575
14 72843103 0.021
14 72846718 0.021
14 72849190 0.6223
14 72853049 0.6223
14 72853220 0.346055235940804
14 72862128 0.1004
14 72893021 2.08614515533897
14 72895231 2
14 72895670 0.831923711064039
14 72898625 0.824
14 72899568 2.394
14 72900486 1.9934
14 72903066 0.591322762398535
14 72906608 0.181362887766769
14 72910251 1.11891824872247
14 72918671 0.6477
14 72923468 0.4098
14 72935344 2
14 72938087 0.6477
14 72945531 2
14 72953812 0.632599833769632
14 72965392 0.9007
14 72967371 0.19178949160088
14 72980534 1e-04
14 72983413 1.4023
14 72984217 1.0067
14 72985897 0.968064500706864
14 72991426 0.9238
14 72991911 1.4516
14 72995513 2
14 73006481 2
14 73010909 2.14246465897694
14 73015160 2
14 73034018 0.9238
14 73045525 2
14 73061481 0.4296
14 73077904 0.7592
14 73092188 2
14 73097201 5e-04
14 73112413 2
14 73134536 2
14 73140063 1.8225
14 73158345 1.8225
14 73161798 1.8225
14 73166049 2
14 73172430 0.872
14 73183292 0.115392894419189
14 73185015 0.0078
14 73195761 2
14 73256481 2
14 73294124 2
14 73294945 5e-04
14 73303047 2
14 73304271 0.4843
14 73312557 2
14 73336194 0.4843
14 73345480 2
14 73351453 0.4771
14 73365865 2
14 73367691 0.4771
14 73372343 1.08407377562454
14 73381554 1.37807499393473
14 73388138 0.8863
14 73420799 0.9427
14 73421886 0.8863
14 73461751 0.4771
14 73466260 0.3045
14 73470560 2
14 73476486 2
14 73485900 2
14 73495137 0.4844
14 73504339 1.2182
14 73507549 1.8039
14 73523456 0.4298
14 73537891 2
14 73551259 2
14 73554590 2
14 73569970 2
14 73576937 2.9976
14 73577556 0.0589
14 73577681 0.7371
14 73602186 0.193
14 73606620 1.478
14 73616157 0.171
14 73619003 0.0589
14 73627819 0.0222
14 73640745 0.965701601381717
14 73641646 0.0158409144452912
14 73648417 0.0078
14 73657720 1.0695956687704
14 73678322 2
14 73697788 1.1209
14 73709371 2
14 73716187 1.5219
14 73737933 2
14 73740795 1.365
14 73743293 0.855408637214429
14 73752265 0.6976
14 73760543 0.53046047994631
14 73763114 1.04807074924549
14 73767591 1.0336
14 73779571 0.70672898590116
14 73798988 2
14 73817701 0.340331183564223
14 73830039 0.1991
14 73839311 2
14 73839824 1.439
14 73847670 2.35313149601674
14 73848709 2
14 73852083 0.242722548816333
14 73853348 2
14 73856413 2
14 73857620 2
14 73875051 1.127
14 73879592 1.4544
14 73888582 1.4544
14 73889350 1.4544
14 73892000 2
14 73893095 2
14 73897828 1.127
14 73901944 2
14 73903252 2
14 73908832 2
14 73932719 2
14 73934918 2
14 73949124 2
14 73949962 1.4241
14 73954839 2
14 73962148 1.127
14 73962430 2
14 73973738 1.7823
14 74000746 1.4167
14 74001136 1.4167
14 74007365 1.1721
14 74010633 0.2555
14 74011779 1.3814
14 74018679 1.3952
14 74019078 1.3814
14 74033827 2
14 74035856 0.0078
14 74047685 1.127
14 74049018 1.5646
14 74055170 2
14 74056034 0.119596324325501
14 74059485 2
14 74063723 2
14 74070273 2.45
14 74071021 2
14 74085267 2
14 74085739 2
14 74102890 1.127
14 74111408 1.127
14 74112766 2
14 74124684 2
14 74134693 2
14 74145313 2
14 74148327 2
14 74149790 2
14 74151264 2
14 74157460 5e-04
14 74163984 2
14 74173265 2
14 74174871 2
14 74180432 5e-04
14 74181128 2
14 74182426 2
14 74185823 2
14 74205682 2
14 74207049 0.0263
14 74214679 0.5753
14 74215524 2
14 74223257 0.0503
14 74227100 2
14 74231671 0.2928
14 74236056 2
14 74244919 0.0075
14 74245993 0.093
14 74256954 2
14 74261881 0.7371
14 74263571 1.4731
14 74268054 2
14 74329003 2.1804
14 74344197 2
14 74346874 2.6864
14 74363582 0.9531
14 74383892 2
14 74388602 2
14 74389706 2
14 74390320 2
14 74391251 2
14 74405484 2.48137396758588
14 74415367 1.8433
14 74417642 2
14 74426948 1.7672
14 74445195 2
14 74448842 2
14 74460089 1.6284
14 74481400 2
14 74482940 1.1853
14 74484261 1.1853
14 74492183 1.1853
14 74492284 1.1853
14 74512162 2
14 74520588 2
14 74524043 2
14 74525680 0.818665123082508
14 74530582 2
14 74536425 2
14 74540810 0
14 74559894 2
14 74567126 2
14 74590191 2
14 74615764 2
14 74631816 2
14 74646979 2
14 74658837 2
14 74683079 2.9805
14 74689839 2
14 74697155 5e-04
14 74733994 2
14 74737812 2
14 74752745 2.9786
14 74756056 2
14 74759299 2
14 74761783 2
14 74765603 2
14 74768668 2
14 74771067 2
14 74801238 2
14 74803030 2
14 74805305 2
14 74809376 2
14 74842835 2
14 74858017 5e-04
14 74863603 2.4769
14 74870263 2
14 74910305 2
14 74910649 0.0824091377034898
14 74911644 2
14 74912450 2
14 74922371 1.47165155706847
14 74930469 1.5114
14 74931445 2
14 74934603 2
14 74942979 2
14 74957320 2.43945819948023
14 75029996 2
14 75034629 2.7884
14 75044033 2
14 75061002 2
14 75067222 2
14 75082053 2
14 75096197 2
14 75105562 0.429446933316959
14 75105716 2
14 75132396 0.782174718104173
14 75137246 2
14 75137708 2
14 75158975 2
14 75185077 1.4394
14 75188215 1.5424
14 75190648 2
14 75220940 1.2074
14 75235857 2
14 75240946 1.4755
14 75243896 1.9985
14 75271265 2
14 75278848 2
14 75283091 1.08790473500556
14 75283497 1.16570334773026
14 75284752 0.0478
14 75288227 0.1212
14 75289216 0.1212
14 75313933 1.4217
14 75316200 2
14 75317853 2
14 75320279 0.0292
14 75335370 2
14 75339030 2
14 75346935 2
14 75350975 2
14 75364780 2
14 75365417 2
14 75372057 2
14 75393276 2
14 75397794 2
14 75403721 2
14 75428378 0.0828287514746121
14 75443194 0.866223801683708
14 75443923 0.339419225920625
14 75460414 2
14 75479225 2.1904
14 75481687 1.5656
14 75494332 0.784
14 75495819 0.537319303455683
14 75501272 0.784
14 75515513 0.62980512456377
14 75520291 1.97930623042922
14 75534516 2
14 75550998 0.902802226697787
14 75552767 1.3072
14 75559440 0.6505
14 75596748 2
14 75597291 2
14 75602684 2
14 75606075 2
14 75628306 2
14 75631338 0.944977423905978
14 75658037 2
14 75683487 1.1377
14 75685354 2
14 75686227 0.3766
14 75691743 0.3766
14 75695950 2
14 75700294 2
14 75706061 0.4571
14 75709251 2
14 75718938 2
14 75720290 0.961651983851077
14 75728778 2
14 75737711 0.4157
14 75751132 2
14 75769166 2
14 75774889 0.4571
14 75779829 2
14 75830750 2
14 75830833 0.291233758657587
14 75840016 2
14 75847973 2
14 75858161 0.4571
14 75878228 0.978822003905999
14 75895901 0.4571
14 75933025 2
14 75933332 2
14 75937199 2
14 75940746 2
14 75941921 2
14 75963212 2
14 75965793 2
14 75975125 2
14 75977886 1.5531
14 75999802 2
14 76022741 0.0321
14 76034755 0.1032
14 76053385 2
14 76055267 0.0779
14 76064295 2
14 76064920 0.726672769418456
14 76091354 0.656926697779047
14 76093642 0.655787422750461
14 76098716 2
14 76099433 0.962085607816432
14 76115549 0.246590470251512
14 76126984 0.331298861219574
14 76136349 0.3389
14 76136505 2
14 76138415 0.833735359045156
14 76150086 2
14 76150534 1.91226733585929
14 76161322 2
14 76167343 1.01721349256328
14 76167467 0.190192284007681
14 76167614 0.927939083579827
14 76178550 0.512236225614935
14 76188834 1.30279053233621
14 76197008 2.21348622399516
14 76215753 2e-04
14 76228150 2
14 76231188 2.34724508474165
14 76233247 0.858765843304548
14 76235161 0.3118
14 76250510 0.106889264619498
14 76297667 2
14 76298372 2
14 76299507 5e-04
14 76299550 1e-04
14 76316248 0.4004
14 76317162 2
14 76320962 2
14 76323928 2
14 76324307 2
14 76324801 2
14 76355060 0.393375509326594
14 76361312 0.113318055077948
14 76374943 2
14 76376028 2.0728
14 76393586 2
14 76401053 0.77102836596654
14 76404475 0.4953
14 76423074 1.54131782062665
14 76425429 0.598633947553087
14 76435357 0.680606187127581
14 76444868 2
14 76459577 1.599
14 76472758 1.98429946770801
14 76473142 0.0724
14 76478362 1.09307035307531
14 76495081 2
14 76517893 0.0942
14 76524452 0.182406716015703
14 76524615 2.82903629121123
14 76537472 1.3104
14 76538903 1e-04
14 76540672 1.53560929569826
14 76541394 2
14 76549559 0
14 76567470 0.0078
14 76568729 1.3461
14 76571006 0.9855
14 76571982 0.0053
14 76588284 3.0276
14 76595495 0.0162
14 76604690 0.0503
14 76607958 0
14 76609727 0
14 76647097 0
14 76662873 0.9715
14 76672947 1.41268953411603
14 76674947 0.443675451269345
14 76694922 1.7795
14 76694962 0.6923
14 76695425 0.163030027703569
14 76700391 0
14 76701277 0.70990817254715
14 76702267 0.332830669650232
14 76704981 3.0024
14 76705784 0.895696394659147
14 76737932 2
14 76738930 2
14 76749881 2
14 76750521 2
14 76752706 2
14 76775758 2
14 76785356 2
14 76786082 1.31462635174506
14 76789492 2
14 76798185 2
14 76815761 2
14 76818895 2
14 76821879 5e-04
14 76835443 2
14 76845314 2
14 76867184 5e-04
14 76873594 0.1663
14 76882847 0.12
14 76902121 1.7887
14 76905891 1.13137173014077
14 76907645 0.9726
14 76908310 0.9726
14 76926520 2
14 76927723 2
14 76934775 2
14 76945823 2.4263
14 76946456 1.08447891889908
14 76955216 2
14 76973795 2
14 76987155 0.4553
14 77006471 0.437191712294205
14 77019995 1.5821
14 77027445 1.20390684285065
14 77029543 0.800214124583622
14 77033557 2
14 77047548 0.2286
14 77051814 0.1571
14 77053531 0.3803
14 77071152 0.575899451455541
14 77077687 0.374797334692161
14 77082228 1.58271795726014
14 77087626 0.0053
14 77094135 0.096
14 77096129 1.0846
14 77098825 3.4277
14 77099406 0.5719
14 77108651 0.426330368018861
14 77121593 0.3547
14 77123160 0.313764888959423
14 77134867 0.7109
14 77152843 1.2757
14 77154981 1.26115730656271
14 77156242 0.60160825178915
14 77164191 0.5795
14 77173676 0.2819
14 77175317 2
14 77175459 2
14 77182193 2
14 77183541 2
14 77189173 0.2526
14 77192041 2
14 77197988 2
14 77205963 2
14 77207015 1.5114
14 77213733 2
14 77220924 1.88876769423133
14 77224008 0.1357
14 77224898 2
14 77226817 0.1288
14 77227174 2
14 77229020 2.1967
14 77230551 1.5203
14 77232671 1.5026
14 77234857 1.5026
14 77235424 5e-04
14 77235445 5e-04
14 77235459 5e-04
14 77235503 5e-04
14 77236089 1e-04
14 77236859 1.5026
14 77240953 5e-04
14 77242777 0.0383
14 77244090 2
14 77246693 1.0816
14 77255031 1.02572023273356
14 77273840 1.7814
14 77276239 0.682635340208918
14 77276318 0.588189159084127
14 77287627 1.50765521252076
14 77301922 0.8781
14 77312491 0.8781
14 77319658 2.1953
14 77324186 2.0571
14 77330298 0.1659
14 77333027 1.1730349002526
14 77339033 2
14 77342976 2
14 77351436 5e-04
14 77354943 0.804955890724312
14 77356346 0.62855491569338
14 77359403 2
14 77359899 2.05127485498664
14 77372924 2e-04
14 77372950 2e-04
14 77378778 2
14 77387463 2
14 77388257 2
14 77423846 2
14 77439218 2
14 77442245 2
14 77445644 1.24790843810903
14 77446519 2
14 77462133 2
14 77463327 2
14 77464064 2
14 77466480 2
14 77467643 2
14 77468802 2
14 77471207 2
14 77482924 2
14 77492472 2
14 77496660 0.958908898486811
14 77515645 2
14 77523440 2.20615242218188
14 77523959 0.226434930432566
14 77525248 2
14 77525590 2
14 77529772 2
14 77533935 2
14 77535349 2.49864081043904
14 77541828 0.309539891207804
14 77546611 0.260234291277038
14 77549928 0.520222191636684
14 77554654 2
14 77556512 0.694634996381047
14 77562035 1.24376640769781
14 77569821 5e-04
14 77570315 0.928688959257835
14 77572033 0.334463361934651
14 77572119 0.441476857065268
14 77584928 0.707169478668689
14 77588890 1.3783
14 77593688 0.3512
14 77595549 1.3038
14 77597978 0.628142962067821
14 77598311 0.531341024674802
14 77603129 2
14 77604539 2
14 77610915 1.2026
14 77611863 1.21127045536201
14 77614502 0.8643666977356
14 77620443 0.217685153591243
14 77624211 3.271576725897
14 77625160 0.102904982088853
14 77626756 0.378849370674448
14 77627935 0.518815467201389
14 77629610 0.166442476221477
14 77630426 1.3096
14 77630569 1.44346783596354
14 77634157 0.298138388591807
14 77639965 0.132810731343579
14 77642271 1.21968298045302
14 77650884 0.048992165216175
14 77654409 0.2105
14 77661483 2
14 77665829 1.1739
14 77667565 1.6069
14 77670351 0.409691711114585
14 77675400 1.02047332109355
14 77676278 2
14 77677570 2
14 77684551 0.52967365187418
14 77685436 0.783286236002521
14 77691448 0.752514554655352
14 77693275 1.1739
14 77696247 1.3933
14 77698583 0.740311527956045
14 77699911 1.19821783468931
14 77703316 0.25778407106055
14 77715027 1.3933
14 77715918 2.1872
14 77719085 0.452460850400206
14 77723614 0.406632747698448
14 77747947 1.22154176317421
14 77758027 0.1871
14 77759226 1.06719910998042
14 77759821 2
14 77761491 1.33226257934708
14 77769491 2
14 77778093 0.1871
14 77779319 1.3933
14 77781753 6e-04
14 77783094 0.186095748608198
14 77783538 2
14 77789195 2
14 77789795 0.1871
14 77794560 2.21216977580046
14 77797490 0.1871
14 77799767 2
14 77814001 1.3645
14 77830466 2
14 77832389 1.73914545522076
14 77833635 0.521897672985242
14 77842441 1.32980957033462
14 77844244 2
14 77844906 0.094160311100049
14 77852731 0.525601285758919
14 77859619 1.6696
14 77862973 1.9738820476191
14 77865150 0.695671046077657
14 77881950 0.105683678700319
14 77884636 1.068
14 77892842 1.45549609121659
14 77899269 0.466722079766739
14 77900624 1.92469771042072
14 77917683 1.46963760089249
14 77926608 0.2962
14 77931847 0.2962
14 77943632 2.4769
14 77961858 1.43755797386148
14 77969140 8e-04
14 77973424 0.5371
14 77986968 0.00173426572711159
14 78026963 0.31466402645239
14 78057832 0.901
14 78069744 0.9093
14 78080461 0.700896648456951
14 78081552 0.887051050988378
14 78082321 2
14 78082984 5e-04
14 78084043 2
14 78090860 2
14 78094321 2
14 78096051 0.299973025968551
14 78100253 1.1544
14 78116847 0.974301625951728
14 78127623 3.2998
14 78127694 0.7823
14 78128302 0.3781
14 78133300 1.2482
14 78133821 1.2482
14 78138267 1.2482
14 78168812 0.4444
14 78169598 2
14 78169849 0.4444
14 78179822 0.138582065499746
14 78182852 0.69105309907781
14 78202911 2
14 78202986 2
14 78220777 0.3946
14 78244338 2
14 78273458 0.1733
14 78294576 0.1938
14 78302057 0.1795
14 78305998 2.743
14 78306680 0.3391
14 78320855 2
14 78332829 2
14 78340190 0.423985114398755
14 78343596 0.1401997492844
14 78357958 0.4264
14 78369769 0.4264
14 78375108 2.9786
14 78375932 0
14 78387253 0.8953
14 78395919 0.6309
14 78430525 1.2388
14 78431700 1.5184
14 78463485 0.257993014176909
14 78475265 1.9629
14 78488045 0.9109
14 78497376 0.8801
14 78510574 0.8953
14 78512139 0.8801
14 78517363 2
14 78523583 2
14 78527252 0.9109
14 78534576 2
14 78537130 2
14 78549822 0.8953
14 78582608 2
14 78601966 2.5879
14 78619777 2
14 78633095 0.8677
14 78682677 1.6489
14 78716436 0.0053
14 78718007 0.3206
14 78731607 2
14 78733111 2
14 78736350 2
14 78770331 1.8383
14 78774866 0.7165
14 78777766 0.7199
14 78790159 7e-04
14 78820425 0.1059
14 78872252 0.97362462018629
14 78910579 0.708810222445187
14 78926738 0
14 78964682 1.0826
14 78971902 0.1974
14 78984842 1.1247
14 79014053 2
14 79020221 0
14 79029784 0.0053
14 79033501 2.01797217889619
14 79033722 5e-04
14 79039961 2
14 79040004 2
14 79061929 2
14 79068449 2
14 79075050 0.0053
14 79078037 2
14 79078137 2
14 79096608 5e-04
14 79097593 2
14 79109294 2
14 79120593 2
14 79127067 2
14 79174979 5e-04
14 79192134 1.10167357466251
14 79196596 2
14 79215107 0.062
14 79218579 2
14 79226087 0.689600419889061
14 79226142 0.0053
14 79228356 0.0053
14 79257499 5e-04
14 79296461 1.0789
14 79303889 0.112056318117241
14 79379024 2
14 79386840 2
14 79391614 2
14 79395517 0.0078
14 79414618 2
14 79421026 2
14 79426197 2
14 79437063 2
14 79486430 0.9568
14 79489805 0.4956
14 79490198 0.4956
14 79500368 0.5218
14 79513209 0.7628
14 79532684 2
14 79536576 0.1496
14 79537862 2
14 79554468 2
14 79560687 2.0296
14 79566743 1.4806
14 79574952 1.1214
14 79581765 2
14 79584339 1.5462
14 79593013 2
14 79593517 2
14 79594690 0.12203080384548
14 79598292 1.1391
14 79604017 2
14 79604113 2
14 79609503 2
14 79610381 2
14 79614332 0.7628
14 79619614 0.7628
14 79626911 1.4806
14 79627287 1.1064
14 79632526 0.3077
14 79636983 0.7857
14 79637277 2
14 79637921 1.1314
14 79638233 1.532
14 79643571 2
14 79651774 0.7628
14 79656181 1.1064
14 79670642 2.1072
14 79682602 1.2353
14 79683208 1.3717
14 79683367 1.2299
14 79690779 0.9419
14 79696096 1.3171
14 79701116 1.4194
14 79706202 0.4761
14 79715014 2
14 79719299 0.0078
14 79750127 2
14 79750320 2
14 79754587 2
14 79765845 2
14 79786333 1.0398
14 79791537 0.0063
14 79795399 0.548
14 79803725 0.784275021241272
14 79803981 1.1776
14 79820051 1.02279278356305
14 79822774 1.17119277595551
14 79824947 1.08609866299475
14 79836516 1.19500882456375
14 79837178 1.428
14 79837299 5e-04
14 79844749 1.74782981775803
14 79853943 1.0055
14 79854468 0.2341
14 79857513 1.464
14 79863789 0.0989835815870684
14 79901411 0
14 79931580 0.554443161696865
14 79944550 0.976461015303896
14 79946630 0.94043646124256
14 79950778 0.5935
14 79972507 0.047
14 79975750 0.4781
14 79985686 1.0451
14 80026116 0.1015
14 80026194 0
14 80037674 1.4582
14 80087709 5e-04
14 80095117 2
14 80097672 1.3992
14 80105178 1.3998
14 80105707 0.184149004771261
14 80111383 0.7165
14 80111475 0.681382853704946
14 80111648 0.736801627916648
14 80113202 5e-04
14 80121279 0.419154278350549
14 80124752 0.6739
14 80128818 1.3998
14 80129065 0.7165
14 80133217 0.5777
14 80136375 0.1028
14 80155511 0.8456235317325
14 80177941 2.6501
14 80187576 5e-04
14 80189603 0.0123440537755822
14 80191639 0.619758257402616
14 80191918 0.636571807021249
14 80218361 1.3903134278265
14 80251962 1.3998
14 80291231 2
14 80299882 1.311
14 80313867 3.1151
14 80324679 0.2073
14 80328603 0.7859
14 80368421 2
14 80387196 0.5196
14 80408244 2
14 80411963 2
14 80413885 2
14 80414383 2
14 80415970 2
14 80416100 2
14 80417852 1e-04
14 80435028 1.06925850442793
14 80461064 2
14 80463442 0.242848869526615
14 80463956 1.55909964725084
14 80490263 1.64366608566074
14 80491006 0.127766505074223
14 80552262 2
14 80558024 2
14 80584091 0.6571
14 80587047 2
14 80618351 2
14 80619707 2.0506609911282
14 80626751 1.2396
14 80627358 1.2233
14 80637457 2
14 80640452 0.0831008077012381
14 80647015 2
14 80662582 0.293180432148856
14 80672307 0.944669396496119
14 80674114 0.342237338666953
14 80684551 1.71069455579644
14 80686855 0.7086
14 80690007 1.8456
14 80709552 0.580408961216047
14 80709676 0.169
14 80723021 0.2364
14 80727583 2.2468
14 80737564 0.379407559251526
14 80741563 0.2246
14 80764505 0.0265
14 80765335 2.1665
14 80768955 0.1028
14 80786379 1.4124
14 80795620 0.2292
14 80828719 0.62510216047254
14 80848553 2.2756
14 80859950 0.984879901116908
14 80870541 1.3931
14 80875099 2.83062982927429
14 80876697 0.1188
14 80880904 0.143125938666134
14 80893653 0.797800053352703
14 80903945 0.1188
14 80928280 0.863694729690383
14 80933242 0.654533784321568
14 80934404 2.2756
14 80934715 1.17594095272027
14 80948007 0.07
14 80949582 0.0602
14 80952919 0.7765
14 80954430 0.182910043464752
14 80955079 0.07
14 80962759 0.185604410315981
14 80968855 0.33
14 80974949 0.68872662203144
14 80980564 0.0338470345218722
14 80989363 1.02059030621963
14 80993784 1.7192780589286
14 80997935 1.99142190871986
14 81004311 0.1882
14 81005442 0.0930560545516902
14 81006463 1.75950319486264
14 81018086 2.3061
14 81021718 2.743
14 81025819 0.2772
14 81033802 2
14 81034053 2
14 81035613 2
14 81038850 2.5878
14 81098650 0.363285974658701
14 81120590 0.3858
14 81122651 0.3858
14 81124574 0.3858
14 81129015 2
14 81129327 2
14 81140889 1.5282689607096
14 81145505 0.1059
14 81149390 0.1737
14 81153130 2
14 81184020 1.877
14 81193387 0.223635479293917
14 81193901 2.334
14 81196941 1.8599
14 81220264 3.042
14 81227184 1.8599
14 81229366 0
14 81231314 1.877
14 81239858 0.503248956341332
14 81252037 0.4349
14 81307972 1.66465759524323
14 81309100 0.0261057013573278
14 81327107 2
14 81340633 2
14 81353465 2
14 81356987 2
14 81361252 2
14 81362400 2
14 81366595 2
14 81366650 2
14 81388138 2
14 81413668 1.2773569177515
14 81418933 2.0527
14 81433399 1.7663
14 81440166 0.697616178262959
14 81453782 2
14 81454892 1.2019288211723
14 81456641 2
14 81456671 1.90347412530201
14 81457537 1.2157
14 81459037 0.942393995515555
14 81518150 0.3289
14 81530425 1.9713
14 81559381 2
14 81622792 1.34470557021696
14 81624107 1.04087812532916
14 81636282 0.0505
14 81668095 1.66320759494309
14 81683820 0.0053
14 81699875 2
14 81701637 2
14 81702576 1.1866
14 81704528 1.528
14 81706177 2
14 81722341 0.785551867075279
14 81730884 2
14 81732552 1.10865453315783
14 81753236 0.601489775526652
14 81758753 0.8746
14 81759810 1.565
14 81761793 1.1942
14 81773905 1.565
14 81781340 1.48352286864565
14 81781692 0.8746
14 81794814 0.552678161779844
14 81795495 2
14 81799679 0.736229654898275
14 81800382 2
14 81800986 0.920604769869882
14 81809181 0.202347878481784
14 81819806 0.869496051462419
14 81822066 1.5714
14 81822537 1.5714
14 81825536 1.92418923565908
14 81829525 2
14 81865864 2
14 81876258 2.4933
14 81887576 5e-04
14 81920092 1.6483
14 81932947 2
14 81945262 0.8816
14 81963540 0.0877899197843881
14 81964644 2
14 81972701 0.614796004943871
14 81983488 2.32621949431454
14 81986634 0.6474
14 81987341 0.6474
14 81987363 1.4834
14 82028679 0.0821
14 82037915 0.0821
14 82040197 0.0821
14 82040878 1.3072
14 82069417 5e-04
14 82141897 0.4503
14 82144607 1.428
14 82169669 0.898786964857871
14 82173105 1.67043395355118
14 82181492 0.4503
14 82195045 0.141737305272244
14 82214967 0
14 82215174 1.9579
14 82217017 0.0232984975606046
14 82218833 1.40610873311587
14 82221497 0.707453470363662
14 82223971 1.13180544867409
14 82235105 0.203847085092944
14 82236736 2
14 82240534 2
14 82244774 2
14 82249916 2
14 82280347 0.23389380758266
14 82288950 0.709534624604133
14 82296467 2
14 82317459 1.72866532399687
14 82324191 2
14 82329327 0.796388425556207
14 82355872 1.92061363848218
14 82375109 2
14 82397866 2
14 82407667 2
14 82443720 2
14 82443859 2
14 82463756 2
14 82481468 2
14 82487275 2
14 82500319 1.1234
14 82500759 1.6044
14 82505378 1.6936
14 82506353 2
14 82508104 1.6162
14 82515816 1.6799
14 82516804 1.6535
14 82524646 2
14 82525550 2
14 82535464 1.6666
14 82536706 2
14 82550601 2
14 82572525 2
14 82581772 0.621105012773556
14 82584806 2
14 82593761 2
14 82597760 1.24683204216369
14 82598434 2
14 82600604 1.2778
14 82606122 2
14 82609307 2
14 82614113 0.285548927779282
14 82622680 2
14 82626074 2
14 82648545 2
14 82648634 0.0058
14 82652299 2
14 82673193 0.975465054301128
14 82683677 0.97889104503135
14 82751083 0.6818
14 82759805 0.7195
14 82779434 2
14 82795001 2
14 82802227 0.106193965864161
14 82805753 0.441013615946401
14 82807649 0.644624573973997
14 82809827 0.749609459667108
14 82810787 5e-04
14 82810836 0
14 82810887 1e-04
14 82829173 1.7233
14 82835656 2.23890965864109
14 82838134 1.75097810482281
14 82839685 2
14 82840729 0.499848265464469
14 82860202 2
14 82864313 0.725862205867256
14 82885938 1.382
14 82887159 1.5121
14 82912804 1.4127
14 82914541 1.4198
14 82915867 2
14 82916071 2
14 82920843 1.4342
14 82924278 2.9786
14 82927798 2
14 82928605 1.1496
14 82928645 2
14 82929539 0.3117
14 82934846 2
14 82938296 2
14 82938679 2
14 82942454 1.47431977516356
14 82947665 1.0234
14 82947723 2
14 82949026 0.463179299469434
14 82954170 2
14 82958374 1.27571841332735
14 82963861 1.2644
14 82968033 2
14 82972542 0.3442
14 82980991 2.0588
14 82981015 2
14 82991009 2
14 82993773 0.630208067384828
14 82994758 2
14 83003189 1.6818
14 83033942 0.8935
14 83036287 2
14 83036515 2
14 83041280 1.9933
14 83042095 2.6955
14 83046712 1.293
14 83050821 0.286320493479979
14 83052796 0.9493
14 83053551 0.9493
14 83054670 0.9493
14 83056518 0.9493
14 83056921 0.9493
14 83058357 1.05502285192922
14 83060588 0.183932637750272
14 83062812 0.273651592680206
14 83068193 0.0243364157686689
14 83068765 2.2593410196474
14 83069157 1.30151599416404
14 83071199 1.1018
14 83073632 0.613412775602255
14 83123631 2
14 83133966 2
14 83168353 0.642534199649335
14 83174792 2
14 83177108 2
14 83178715 2
14 83188745 2
14 83195464 1.11124517256395
14 83213584 2
14 83220994 5e-04
14 83235729 0.27251508937825
14 83239398 2
14 83244482 2.8716
14 83263006 0.136954318940976
14 83281746 1.0613
14 83290751 0.0217
14 83294686 2
14 83297324 0.0217
14 83302788 0.0162
14 83412532 0
14 83422099 1.0487
14 83425983 1.0116
14 83436341 0.6727567277344
14 83436521 1.0424
14 83436549 1.0424
14 83443576 1.0424
14 83454025 0.421582114590918
14 83457683 1.0424
14 83472416 0.4645
14 83472611 0.576865522083068
14 83485437 0
14 83489492 2
14 83490648 0.327
14 83497001 2
14 83500407 2
14 83517287 2
14 83519398 2
14 83521334 2
14 83531966 2
14 83539802 1.0487
14 83592453 0.2286
14 83616310 1e-04
14 83637715 2.00158914034972
14 83639218 0.625259736863767
14 83642547 0.188936200793945
14 83652707 1.92875763872788
14 83656078 1.5234697829484
14 83692392 2
14 83692990 2
14 83697516 0.2245
14 83707744 0.2245
14 83711435 1.1342
14 83713653 0.2375
14 83719280 0.2375
14 83722016 0.2375
14 83722787 2
14 83724436 2
14 83733654 2
14 83734147 2
14 83741130 0.2245
14 83745950 2
14 83751170 2
14 83757040 0.2504
14 83766300 0.2504
14 83770719 2
14 83777540 0.239
14 83778431 2
14 83796067 0.3799
14 83796573 0.171
14 83798884 2
14 83798901 0.799033780018596
14 83805595 1.5245
14 83810951 0.1184
14 83812876 0.1296
14 83818044 1.1192
14 83818064 1.1192
14 83820527 1.3105
14 83827288 1.6002
14 83832555 1.1192
14 83852771 2
14 83858094 2
14 83862249 2
14 83862886 2
14 83887567 2
14 83889610 2
14 83889723 2
14 83893638 0.1028
14 83907058 2
14 83907429 2
14 83908839 2
14 83909703 2
14 83910759 1.6459
14 83910884 2
14 83912769 2
14 83923009 2
14 83927327 2
14 83927980 2
14 83936313 3e-04
14 83964762 0.314556619830585
14 83972319 0.393374099592863
14 83975604 2
14 83997880 2
14 84002406 2
14 84004092 2
14 84004922 2
14 84007483 2
14 84011140 2
14 84011706 2
14 84015018 2
14 84018170 2
14 84043652 2
14 84056447 2
14 84065562 2.412
14 84077957 2
14 84082462 0.4863
14 84087872 0.6897
14 84097044 0.4863
14 84114153 0.0162
14 84116731 0.0162
14 84117046 0.6897
14 84124661 0.0162
14 84135678 2
14 84136365 2
14 84136778 2
14 84143465 2
14 84146038 2
14 84148732 2
14 84154913 2
14 84159449 2
14 84159864 2
14 84168267 2
14 84171765 0.2142
14 84177037 2
14 84209066 2
14 84215601 2
14 84226106 2
14 84228145 2
14 84258782 2
14 84268997 0.7928
14 84274281 5e-04
14 84287919 0.1498
14 84289717 2
14 84301247 0.1498
14 84301961 0.1498
14 84313204 2.0836
14 84330255 2.0617
14 84332111 2.0406
14 84332955 2.0406
14 84333402 2
14 84341718 1.6791
14 84348808 2
14 84354220 1.7896
14 84356348 2
14 84358242 2
14 84373044 2
14 84381119 2
14 84385694 0.0078
14 84390372 2
14 84410495 2
14 84414709 2
14 84425332 1.6791
14 84427983 1.6791
14 84429320 0.0263
14 84430803 1.6684
14 84441803 2
14 84443345 2
14 84443855 2.9455
14 84445056 2
14 84460241 2
14 84463059 2.631
14 84488736 0.3015
14 84502288 2
14 84505168 2
14 84508802 2
14 84510074 2
14 84511378 2
14 84513692 1.0878
14 84514590 2
14 84529973 2
14 84531858 0.8109
14 84537788 0.8109
14 84539319 2
14 84567678 0.0181
14 84573996 0.3072
14 84577942 0.655183243402019
14 84584515 0.4945
14 84587576 0.532
14 84612759 0.4475
14 84625451 0.0872143480650904
14 84630164 2.04824826704534
14 84633078 0.892235649096855
14 84651013 0.697906279950048
14 84662235 0.4466
14 84682297 2
14 84686339 1.53185479832482
14 84706883 0.120154995521327
14 84722923 2
14 84725957 2
14 84734776 0.852521397679559
14 84740943 0.1357
14 84785621 0.9375
14 84786357 2
14 84787479 0.0241
14 84790105 2
14 84795638 1.1047
14 84827594 0.1238
14 84853843 0.6508
14 84870515 0.7253
14 84875073 0.7244
14 84881222 0.6992
14 84888286 0.247857715789964
14 84903048 1.2045
14 84915392 0.2572
14 84918864 1.2045
14 84925557 0.7244
14 84938106 0.541237608610645
14 85001281 0.817905811027662
14 85003046 0.547775335464493
14 85034029 0.1773
14 85035584 2
14 85050085 1.37271447844357
14 85054961 0.10568667863484
14 85060148 1.06153519782225
14 85066782 1.5611
14 85098039 0.7085
14 85099793 0.0447
14 85102442 2.12019532322041
14 85108883 0.507653294074517
14 85118550 2
14 85121406 0.73051911304778
14 85128983 0.0214721367740299
14 85138476 1.10139048092956
14 85140411 0.5832
14 85152809 1.32228036600595
14 85152888 0.342952610155109
14 85159099 1.38696555746477
14 85174824 0.621094880891474
14 85180035 1.05098723444184
14 85182802 1.60230501311015
14 85202188 0.190200113026131
14 85204980 1.7681
14 85218347 0.199903031096751
14 85223531 0.0757202362742087
14 85240564 2
14 85257935 1.08075403737821
14 85263530 1.1408960221086
14 85266518 2
14 85271247 0.26986413800835
14 85275115 2
14 85275671 2
14 85277543 0.18585460590931
14 85285638 2
14 85318546 2
14 85340430 0.9687
14 85405732 0.7307
14 85411839 0.36479184828328
14 85413505 0.337
14 85417962 0.7693
14 85430461 0.7693
14 85447082 0.446929714277875
14 85449580 0.629
14 85501411 2
14 85511242 0
14 85514780 2
14 85514951 2
14 85517928 0.656771153088171
14 85519368 0.33875056571817
14 85520066 0.806880127492437
14 85535892 1.9279572918782
14 85538627 0.0276
14 85544998 3.99592814818504
14 85549992 2
14 85550349 0.0276
14 85553181 2
14 85570317 2
14 85575265 2
14 85577590 1.39929424371167
14 85583087 2
14 85590215 0.0330845327706543
14 85590327 2
14 85592724 2
14 85599956 2
14 85605630 1.52581531732933
14 85606802 0.451767324965307
14 85607548 0.119842804352899
14 85611242 1.69289732698884
14 85619135 1.945
14 85649108 2
14 85673833 1.68717990592806
14 85675481 0.335952107875354
14 85677071 2.185
14 85689377 1.19443544822141
14 85693365 2
14 85696941 0.278511719652059
14 85698768 1.03032306128733
14 85700832 2
14 85717402 0.665662076637623
14 85717483 2.13
14 85719150 1.19448996142091
14 85721518 2
14 85723276 2
14 85725154 2
14 85725770 2
14 85726701 5e-04
14 85726714 1e-04
14 85726804 5e-04
14 85761184 2
14 85761453 2
14 85763178 2
14 85775706 1e-04
14 85788720 0
14 85789697 0.768773590221827
14 85792674 0.63369502219045
14 85809389 2
14 85831962 2
14 85840058 2
14 85848087 2e-04
14 85848252 5e-04
14 85853524 2
14 85860343 2
14 85868019 2
14 85875274 2
14 85937732 0.1062
14 85965777 0.0198296623306674
14 85973822 0.968872137560313
14 85974821 0.951644149523024
14 85978374 0.152660882383763
14 85980981 1.03726103102991
14 86007877 1.4466
14 86010556 0.1309
14 86014444 1.80020061296947
14 86014852 0
14 86015875 0.1309
14 86038572 0.2394
14 86041060 0.411900620548613
14 86042593 1.2823270873011
14 86059212 0.553045057466891
14 86062283 0.134912084042841
14 86070238 1.2625
14 86090678 1.1712
14 86111161 0.206944340535534
14 86115052 0.8969
14 86118959 0.138837767501228
14 86123639 0.683665898889141
14 86164137 0.997437756165566
14 86176093 1.1192
14 86191538 2
14 86197144 2
14 86207860 2
14 86212384 1.36660876750293
14 86224327 0.101628872971541
14 86231014 0.680526405889186
14 86237137 2
14 86258717 1.82
14 86259483 2
14 86259998 2
14 86267756 2
14 86267916 2
14 86272022 0.6505
14 86278163 2
14 86278964 2
14 86281777 0.8034
14 86287154 0.5965
14 86288824 1.60358739255179
14 86289679 1.9052
14 86289693 2.08109344409771
14 86295678 0.0804316563269569
14 86302020 1.68706637764596
14 86302410 0.337316068600323
14 86305959 1.57824860377078
14 86306042 2
14 86310049 1.60968050663913
14 86331714 0.3089
14 86341039 1.48875441170971
14 86349820 0
14 86351614 2
14 86354919 0.470789612015057
14 86375014 0.3662
14 86376104 2
14 86390023 2
14 86390694 2
14 86398086 1.18924794487249
14 86398270 2
14 86398329 0.25020633529532
14 86401508 2
14 86413141 1.48417392078047
14 86421148 0.0332
14 86429608 0.0276
14 86434197 0.238212609163805
14 86440294 8e-04
14 86444894 0.766760732825277
14 86447345 0.0332
14 86449081 0.0332
14 86449546 0.0332
14 86450081 2
14 86451757 1e-04
14 86470371 2
14 86470463 2
14 86471582 2
14 86476783 2
14 86477583 2
14 86497984 2
14 86500107 2
14 86512145 0.728248771222687
14 86513832 2
14 86517203 2
14 86524434 2
14 86537437 2
14 86570591 0.718566484377596
14 86590429 5e-04
14 86597610 0.5032
14 86608393 0.3198
14 86615877 1.3532
14 86621959 0.2174
14 86632437 2.008
14 86633745 0.1028
14 86648700 0.734494066977426
14 86661993 0.7889
14 86688696 0.456105563457488
14 86689559 1.2899
14 86693286 1.25048944770834
14 86694231 1.2899
14 86694311 2
14 86702273 2
14 86702875 2
14 86716987 2
14 86723620 2
14 86735459 2
14 86743047 2
14 86746584 0.6575
14 86763139 0.6761
14 86774220 0.6053
14 86775232 0.643974844492882
14 86852918 1.0396
14 86857068 0.35359712010979
14 86867842 2
14 86869539 0.897005981094607
14 86873234 2
14 86888679 0.4275632512557
14 86889399 2
14 86900967 2
14 86939397 2
14 86959822 2
14 86972384 2
14 86980472 1.4377
14 86981142 0.877330104835895
14 86984594 1.4377
14 87007696 2
14 87017643 2
14 87022213 2
14 87036754 2
14 87047030 2
14 87053597 0.0029
14 87068613 2.5419
14 87070470 2
14 87089827 2
14 87135506 2.05362662259262
14 87138128 2.4611
14 87138985 2
14 87159845 2
14 87170873 0.8323
14 87174144 0.016
14 87176797 2
14 87179352 1.9318
14 87185780 2
14 87188435 1.5756
14 87206583 1.9318
14 87215151 2
14 87226964 2
14 87228451 2.1425
14 87235428 2
14 87235587 2
14 87244810 5e-04
14 87246031 2
14 87247696 2
14 87250935 2
14 87253679 2
14 87264711 2
14 87272149 0.4479
14 87282625 2
14 87286263 1.945
14 87290134 0.035506551323901
14 87305963 2
14 87335556 1.43758708836988
14 87341274 1.72726710967822
14 87351791 2
14 87358850 2
14 87358951 2
14 87371703 2
14 87372837 2
14 87374137 2
14 87382179 1.06427896607091
14 87402733 2
14 87405038 0.2479
14 87412202 2
14 87412347 2
14 87416136 2
14 87418970 2
14 87422919 2
14 87423449 2
14 87424785 2
14 87426128 2
14 87426389 2
14 87438146 2
14 87452509 2
14 87453578 2
14 87463726 2
14 87471184 2
14 87481594 2
14 87484109 2
14 87490635 2
14 87492086 2
14 87495991 2
14 87496393 2
14 87514567 0
14 87530668 0.0129
14 87574909 2
14 87655958 0.6418
14 87659429 2
14 87693906 0.960472120852915
14 87700324 2
14 87724645 1.6872
14 87727624 2
14 87733824 2
14 87739886 2
14 87741263 2
14 87742831 2
14 87760420 0.126545389219189
14 87766071 2
14 87782238 2
14 87813465 0.8226
14 87815026 0.8226
14 87816314 2
14 87821869 0.480090660828603
14 87822316 0.235985108506076
14 87825921 0.191493281397794
14 87827673 2
14 87840075 0.492007604988349
14 87879019 1.7622
14 87887645 1.2627182163036
14 87889253 0.185234641195011
14 87922053 2
14 87926149 0.1254
14 87927179 0.1254
14 87927363 1.6061
14 87928587 0.1254
14 87931022 0.1032
14 87938928 1.0519
14 87941934 1.0519
14 87941976 0.245249586952278
14 87943304 0.1254
14 87943904 0.1254
14 87947957 1.5994
14 87953014 1.5297
14 87967180 1.0519
14 87971850 1.0519
14 87973441 0.0244
14 87974292 1.0519
14 87978356 1.0519
14 87978475 1.0519
14 87979128 1.0519
14 87984584 1.0519
14 87984961 1.0519
14 87990555 1.0519
14 87993123 1.0519
14 88011069 2
14 88031107 1.5417
14 88040470 1.5861
14 88048518 1.2255269868747
14 88057144 1.7996
14 88062684 1.92513552007846
14 88068888 1.5994
14 88078230 1.0205
14 88078857 1.5994
14 88085743 2
14 88089330 0.111683263822296
14 88093303 2
14 88105821 0.9966
14 88111184 1.2337
14 88116814 0
14 88118780 1.2337
14 88118863 2
14 88127935 2
14 88139602 0.916349262373047
14 88144172 2
14 88154762 2.14628431345707
14 88159899 2
14 88183410 0.4863
14 88187626 2.9551
14 88190401 0.468627423388635
14 88190410 0.333821584384248
14 88205654 0.0521259142236187
14 88228192 2
14 88228322 2
14 88232299 2
14 88277213 2
14 88278118 2
14 88311336 2
14 88314594 2
14 88316570 2
14 88328475 1.1818
14 88332571 1.3024
14 88338846 1.6672
14 88339759 0.6175
14 88340721 2
14 88341731 1.6561
14 88347586 2
14 88348032 2
14 88385822 0.909565040194132
14 88442926 0.0053
14 88484335 0.2465
14 88516350 0.0073
14 88518388 6e-04
14 88548091 0.2518
14 88557580 1.8049
14 88565992 0.8431
14 88575836 0.461134588895556
14 88581596 1.6753
14 88586689 2.1546
14 88590454 2
14 88593209 0.0402
14 88607700 1.08310219918455
14 88622013 0.8431
14 88630008 1.024
14 88709158 0.0244895642420101
14 88721568 0.232306496263753
14 88726038 2
14 88727367 0.221299290875361
14 88728211 2
14 88744463 0.0842358373014224
14 88800601 2
14 88808572 0.253673184420215
14 88830464 2
14 88832396 2
14 88844002 2
14 88876229 2
14 88898012 2
14 88901743 0.473879130665037
14 88907148 0.1198
14 88908298 0.1198
14 88916004 2
14 88923964 0.105832496962147
14 88951582 1.1138
14 88964369 1.67258604075573
14 88964669 0.7783
14 88965979 0.294287693937544
14 88966638 2
14 88970026 1.5034
14 88974902 2
14 88977305 2
14 89003605 2
14 89008585 2
14 89013071 2
14 89028050 1e-04
14 89068183 0.4863
14 89071182 0.933566848312879
14 89072765 0.714463421744516
14 89074349 1.54385649852653
14 89074608 2.23677004457795
14 89075081 0.22358796534956
14 89077495 0.795605880837655
14 89098215 0.0817278558188599
14 89100262 2.24947756708006
14 89101091 0.736131170966299
14 89123860 2
14 89135478 2
14 89206908 1.09911258197797
14 89227005 5e-04
14 89255884 2
14 89257286 1.84941717385442
14 89258898 2.9805
14 89285537 2
14 89287867 0.0444
14 89292267 2
14 89304761 2
14 89314436 2
14 89332012 0.3444
14 89362647 0.3005
14 89366962 0.8103
14 89399158 1.0218
14 89425066 0.0078
14 89436623 0.005
14 89442239 0.005
14 89445798 0.0263
14 89445906 0.678665542898794
14 89498939 0.383200506068022
14 89505327 1.91070032334895
14 89511185 0.515734783346422
14 89518971 0.737302439852495
14 89524293 1.3466
14 89524416 0.8574
14 89536508 0.5302
14 89542287 0.1485
14 89561069 0.191
14 89564763 0.2217
14 89568943 0.8103
14 89579726 0.5825
14 89584191 0.138053428254106
14 89590744 0.950909747068552
14 89608369 0.3117
14 89628130 2
14 89630556 2
14 89645143 2
14 89645320 2
14 89649767 2
14 89651964 2
14 89660783 0.420065203263402
14 89666138 2
14 89666607 2
14 89668999 2
14 89676929 0.107342614086358
14 89688346 2
14 89694494 1.1055
14 89703217 0.4697
14 89716156 0.845736946939225
14 89762705 0.460280087660518
14 89764435 0.399355813720576
14 89768204 1.08903990450322
14 89774989 0.307979206749941
14 89787171 1.594
14 89792741 2.6444
14 89801676 2.81498683361459
14 89809801 0.4796809849544
14 89831047 2
14 89832730 1.49406534197784
14 89837710 2.2073
14 89837739 0.809206571951052
14 89848849 0.891135584318409
14 89852186 2
14 89855420 0.0242460656790977
14 89895398 2
14 89923642 1.7301
14 89962041 2.0081
14 90065448 2
14 90081370 2
14 90083465 2
14 90087148 0.0078
14 90094433 0.2026
14 90095501 2
14 90106185 2
14 90122461 2
14 90138386 0.649390842230563
14 90149286 0.206498147879867
14 90152258 0.118516379183326
14 90152605 5e-04
14 90181822 2
14 90181921 2
14 90185013 2
14 90198754 2
14 90201940 0
14 90204650 2
14 90204794 2
14 90213566 2
14 90221524 2
14 90225429 2
14 90229974 2
14 90245113 2
14 90250813 5e-04
14 90254487 2
14 90263921 2
14 90297940 5e-04
14 90310566 2
14 90319367 1.5165
14 90326449 0.8533
14 90333975 0.31942542652516
14 90339825 2
14 90343558 5e-04
14 90343607 6e-04
14 90344885 2
14 90351068 2
14 90351388 0.5747
14 90354633 2
14 90355457 2
14 90356086 2
14 90369222 2
14 90375199 0.9562
14 90382760 0.0621
14 90383503 0.0681
14 90386785 0.628996744228467
14 90387503 0.0621
14 90392904 0.0621
14 90403569 0.463049881043178
14 90417914 0.8027
14 90425091 0.8316
14 90435766 2
14 90444774 0.480788706958318
14 90456169 0.7816
14 90462963 0.7816
14 90467233 2
14 90469570 2
14 90481267 1.2151
14 90483878 1.0258
14 90490045 0.81963716933698
14 90492218 1.70132410757273
14 90497178 0.1055
14 90507336 2
14 90515366 0.653
14 90522666 2
14 90524970 0.352878337452645
14 90529141 1.62769767193515
14 90535577 1.35080244655108
14 90546502 3.1163
14 90556042 1.60361025934118
14 90564048 1.08287718376199
14 90612293 0.621424451531101
14 90660243 2
14 90699262 0.3019
14 90725728 0.842
14 90727278 2
14 90755889 0.477064848873021
14 90791140 0.0678
14 90795909 1.64585294599045
14 90797183 0.955565443984133
14 90799977 0.373506805094348
14 90800790 2
14 90816126 0.837047795946627
14 90819474 0.623548193560705
14 90824946 0.305957188366093
14 90826989 0.375084503914915
14 90828377 2
14 90829527 1e-04
14 90832576 1.863
14 90837525 1.4856
14 90840535 0.6418
14 90847479 2
14 90853650 2.1191
14 90863282 3.1145
14 90866125 0.239926404801305
14 90876337 1.91118732754859
14 90882996 0.468633504851287
14 90912837 1.46815622329456
14 90948000 0.176119275589879
14 90948501 0.154060801937557
14 90949830 0.548263947901652
14 90961251 1.21197910162973
14 90966878 1.30146874046212
14 90969671 0.84184326833538
14 90973945 1.31225149761701
14 90976542 2
14 91002008 1.44949593554981
14 91013088 2
14 91020800 0.557986901538336
14 91034280 0.95211100880222
14 91035793 2
14 91062570 1e-04
14 91080792 0.657765438764654
14 91091567 2
14 91120497 0.1321
14 91122889 2
14 91123484 0.1321
14 91126904 0.664486639618727
14 91195864 1.4472
14 91196271 1.0333
14 91196542 1.3262
14 91208940 0.8216
14 91220184 1.734
14 91226541 0.5346
14 91271052 6e-04
14 91279000 2
14 91302797 0.2133
14 91320992 0.0181
14 91322904 1.86066103194097
14 91336773 2.4496323634491
14 91345930 0.0263
14 91355049 0.5075
14 91376389 2
14 91382501 1.29091748491452
14 91389921 2
14 91391694 2
14 91398528 0.4458
14 91409832 2
14 91415443 1.9247
14 91419523 1.9247
14 91430881 0.255661887183675
14 91437236 2
14 91447875 2
14 91448289 1.7535346548654
14 91453691 0.0211274516608567
14 91470799 2
14 91476063 1.22914338319934
14 91476117 0.903
14 91498771 0.486316729438991
14 91504602 2
14 91505775 2
14 91514928 0.987178432658232
14 91538474 0.374250550797415
14 91541157 2
14 91541589 0.777566314943475
14 91553453 2
14 91555908 2
14 91556540 0.45629101962259
14 91559547 2
14 91563692 0.3782
14 91566595 0.163538515870185
14 91569542 2
14 91570904 2
14 91572120 2
14 91576075 2
14 91578282 2
14 91582905 2
14 91592101 2
14 91594488 2
14 91595056 2
14 91595653 2
14 91598517 2
14 91598852 2
14 91603138 2
14 91606253 0.4138
14 91612664 2
14 91614191 2
14 91620806 2
14 91623642 2
14 91624350 0.4486
14 91626973 2
14 91635457 0.0263
14 91638460 0.8004
14 91646727 1.04437211599806
14 91646989 0.760638045248162
14 91652560 0.109519247343155
14 91659271 1.5434
14 91663243 0.8461
14 91671398 0.3346
14 91672022 3.1223
14 91690281 0.4106
14 91741572 1.1493
14 91754196 1e-04
14 91777634 2
14 91840561 0.5122
14 91844496 2.5236
14 91850836 0.0162
14 91853380 0.856521668060103
14 91858850 2
14 91864069 2
14 91879855 1.11287384487431
14 91893483 0.0201664818188701
14 91943755 2
14 91950020 2
14 91956579 2
14 91963597 2
14 91964487 2
14 91969243 2
14 91978545 1.1467
14 91981392 0.873280456660476
14 91986073 0.2884
14 91999405 2
14 92029286 5e-04
14 92031646 0.8712
14 92061055 0.8712
14 92066466 0.0241
14 92070423 0.8712
14 92070595 0.8712
14 92078900 0.8712
14 92084157 0.8712
14 92084800 0.8712
14 92089170 0.8712
14 92089323 0.8712
14 92092107 0.0241
14 92093334 0.551
14 92097018 2
14 92100639 0.5926
14 92114170 2
14 92115828 0.7224
14 92116657 2
14 92117871 2
14 92120957 2
14 92138897 1.4266
14 92140281 5e-04
14 92160794 2
14 92182547 0.130243703305864
14 92191034 2
14 92205727 2
14 92205981 2
14 92207503 0.7744
14 92208614 2
14 92220177 1.0522
14 92243195 0.0265
14 92245795 0.1695
14 92250996 0.0688
14 92253066 0.9097
14 92263413 0.6953
14 92271724 2
14 92277777 0.7037
14 92292652 0.985
14 92298235 0.869528556796983
14 92301336 0.0347001440538726
14 92351906 2
14 92357720 1.2276
14 92359664 1.1483
14 92362219 0
14 92363929 0.498462455340695
14 92366389 0.729277563675842
14 92367440 1.18317631157464
14 92372583 0.0444
14 92377484 0.887388550905051
14 92389176 1.75435588296139
14 92403556 0.148562853526835
14 92409634 2.9808
14 92414360 0.0263
14 92418882 1.1729
14 92422087 0.354482053937763
14 92426733 1.3142
14 92427804 1.3031
14 92428004 0.9945
14 92428430 0.9945
14 92433023 0.856591269617406
14 92442965 0.347376554620341
14 92445007 1.04952789302813
14 92461247 2
14 92465195 1.988
14 92465639 2
14 92466099 2
14 92470898 2
14 92472038 1.86718942677864
14 92485592 2
14 92506746 0.921373893861361
14 92508095 1.41805273590872
14 92535228 0.556133914766305
14 92536759 1.2529
14 92547277 0
14 92547351 6e-04
14 92549049 0.274218234875278
14 92549973 0.40665467719897
14 92570105 0.180738507928915
14 92574581 1.4937
14 92580298 1.3427667386303
14 92583801 2
14 92603145 2
14 92643040 2
14 92643066 1.2739
14 92647202 2
14 92678627 2
14 92682946 0.5314
14 92683721 1.6415
14 92690029 0.500851047357191
14 92696498 2
14 92701247 0.5837
14 92723079 0.0597
14 92723523 2
14 92735098 0.2724
14 92735877 2.9778
14 92750244 0.7857
14 92767689 3.7286
14 92794893 0.8375
14 92796721 0.8375
14 92814380 0.9549
14 92832698 0.775
14 92836758 0.9549
14 92841181 0.9549
14 92858586 1.3629
14 92867779 1.339
14 92898662 1.1559
14 92912541 0.0263
14 92912586 3.4963
14 92922732 0.5713
14 92923854 1.9494199118924
14 92928372 2.8359
14 92939060 2.5464
14 92940956 2
14 92942733 0.587311815795195
14 92965852 1.1662
14 92972065 0.6843
14 92980647 0.6843
14 92989057 2.0887
14 93000714 2.0672
14 93000829 0.358
14 93004771 0.4684
14 93016140 2.0672
14 93019562 2.0672
14 93021549 3.07006030703274
14 93065669 0.724459674113459
14 93074561 0.4891
14 93082728 0.7854
14 93083664 0.0274221310246819
14 93092460 2.0265
14 93108289 0.130861669473462
14 93116372 0.0987284674751388
14 93119567 2.0265
14 93122908 2.0265
14 93123620 2
14 93125473 2.0265
14 93126757 2
14 93145536 2
14 93146424 2.31455214608507
14 93146700 0
14 93147054 2
14 93152360 2
14 93155053 1.4399874504957
14 93158765 5e-04
14 93163058 2
14 93163814 2
14 93164142 1.41336793184149
14 93165519 1.42736653099913
14 93170770 0.951428998467507
14 93172289 2.39448767708557
14 93173488 1.6964
14 93174214 5e-04
14 93178277 2
14 93190238 0.38556145841409
14 93193975 1.00637743681319
14 93196656 2
14 93198416 2
14 93212534 1.37088769149051
14 93244372 1.3735
14 93273004 0.6724
14 93278778 2
14 93317946 0.336203095546723
14 93356440 2.542
14 93357946 0.061
14 93360326 2
14 93364579 0.0897
14 93384248 2
14 93397897 2
14 93410382 2
14 93415230 2
14 93419150 2
14 93460124 0.27863315473904
14 93479657 0.301715065389972
14 93493895 1e-04
14 93494670 2
14 93498145 0.4602
14 93501398 0.373282942579526
14 93504892 2
14 93526389 2
14 93528524 1.09299831374028
14 93542987 2
14 93544435 2
14 93581596 0.631239152183576
14 93629015 2
14 93669688 5e-04
14 93700181 2
14 93717743 2
14 93729117 1.79345932891847
14 93736503 2
14 93738092 2
14 93739303 2
14 93755191 2
14 93756578 2
14 93770908 0.0217
14 93771269 0.0217
14 93772660 1.48053854180643
14 93778472 0.728877571581181
14 93780641 2
14 93782006 1.2286
14 93782136 1.2286
14 93782387 1.2286
14 93782448 1.2286
14 93782456 1.2495
14 93795437 2
14 93798596 1.16088240921042
14 93818099 2
14 93821577 0.0356163371790968
14 93849681 0.0102441681807968
14 93852304 1.24809388717583
14 93854557 1.47465515487616
14 93859881 0.2109
14 93862029 0.489
14 93869707 2
14 93870262 2
14 93870924 2
14 93887887 2
14 93888458 2
14 93892159 0.0793
14 93894444 2
14 93895984 2
14 93899962 2
14 93901090 2
14 93904005 0.778448841563846
14 93904746 1.4536
14 93904967 2
14 93907660 2
14 93916616 1.3745
14 93923255 0.474593182080164
14 93938185 0.402072078614456
14 93984767 2.3317
14 93988474 0
14 93993499 0.7731
14 93998119 2
14 93999735 0.8003
14 94010174 0.7664
14 94036727 0.6941488287274
14 94042302 0.310699730672873
14 94042838 1.27859749261242
14 94063129 2
14 94063894 0.814278479567377
14 94089943 0.8433
14 94091515 1.97353065375524
14 94092279 0.8433
14 94093097 0.8433
14 94108752 2
14 94119515 1.6939
14 94133599 0.527294102433613
14 94146159 0.260851085334426
14 94148885 0.545941669504158
14 94159227 0.170537837526566
14 94170005 0.498767898441073
14 94182370 0.1795
14 94198406 0.383537931625388
14 94201979 2
14 94206268 0.0789
14 94214250 2
14 94285507 2.7039
14 94309589 2.0053
14 94323655 1.8569
14 94323791 0.369599779062078
14 94325264 2
14 94333039 2
14 94338400 1.34960596116839
14 94343423 0.1258
14 94348125 0.32163556134993
14 94348607 0.319076480391022
14 94357480 2
14 94362187 0.0917597187225278
14 94362908 2
14 94365679 2
14 94369623 2
14 94369857 1.7317
14 94381936 2
14 94391609 2
14 94424234 1.4897
14 94430263 0
14 94435386 2
14 94436968 0.1728
14 94450059 0.1176
14 94453731 0.1176
14 94454468 0.1176
14 94456095 2
14 94464768 0.1176
14 94467303 2
14 94471691 1.0845
14 94501664 2e-04
14 94517192 2
14 94519298 0.849
14 94541124 0.1555
14 94551659 2
14 94570742 0.9549
14 94575998 2
14 94577593 3.1157
14 94579437 1.0459
14 94583172 2
14 94585324 2
14 94589217 1.3568
14 94595855 0.6898
14 94600112 1.2224
14 94632301 0.8378
14 94648044 1.076
14 94650926 0.695698218451015
14 94652148 0.3556
14 94655441 2
14 94658230 0.545235803127743
14 94664378 0.0708
14 94665668 1.01075050039625
14 94667988 0.268477023087024
14 94669737 0.871292722849768
14 94669977 0.958751989041471
14 94670948 1.04361952530961
14 94671549 2
14 94672092 2
14 94675136 2
14 94676132 0.0708
14 94676171 0.5311
14 94678409 2
14 94687279 2
14 94690821 0.422234284086157
14 94691009 0.4503
14 94701398 5e-04
14 94711508 0.9228
14 94713908 0.9228
14 94751275 0.0514
14 94754182 0.970867165001593
14 94759871 2
14 94802456 1.00159151602627
14 94803395 0.7657
14 94804691 0.7657
14 94810544 0.6413
14 94821833 1.305
14 94825760 1.305
14 94829315 0.0435153538159795
14 94829600 1.10484985208
14 94837902 2.4951
14 94849480 0.0571653210679874
14 94851831 2
14 94856060 1.581
14 94863014 0.3558
14 94870366 2
14 94872925 2.08714649653677
14 94875968 1.1098710681238
14 94883201 0.9105
14 94892902 1.07080568679115
14 94893802 1.21253179377639
14 94893933 2
14 94896178 2
14 94899727 0.607941561994296
14 94899926 0.245654385931535
14 94900602 2
14 94900775 2
14 94909338 2.3307
14 94912915 0.0264
14 94914794 2.2372
14 94915362 2.2372
14 94919329 2
14 94919446 2
14 94924617 2.2666
14 94932955 2
14 94935810 0.3396
14 94940094 0.321407436916904
14 94945834 1.36645737547055
14 94954303 1.10991506687689
14 94955053 0.771741340487811
14 94955058 0.38244184389028
14 94982793 0.067
14 95024751 2
14 95033767 2
14 95034341 1.3094
14 95059277 2.02454671563854
14 95059303 0.128333813692195
14 95059616 1.31437198802343
14 95069116 0.30409858930422
14 95131203 1.1689
14 95137460 1.7905
14 95138734 1.6495
14 95143987 0.761289054608027
14 95244570 0.6255
14 95257244 1.2256
14 95283517 0.144178592154598
14 95299412 2
14 95329729 0.6245
14 95343527 2
14 95357312 0.3814
14 95357533 0.4524
14 95359220 0.4524
14 95361778 0
14 95374678 0.0170641898768334
14 95380345 0.9411
14 95387213 1.0769
14 95397956 0.513144714898648
14 95405526 0.19843158914535
14 95419983 1.953
14 95421783 2
14 95423552 6e-04
14 95423586 7e-04
14 95424612 0.4263
14 95425142 0.4263
14 95430295 2
14 95430935 2
14 95436690 0.378699747960549
14 95439358 1.56741734269957
14 95440104 0.106
14 95442805 2
14 95444800 2
14 95450675 2
14 95461744 2
14 95463738 2
14 95463863 2
14 95464498 2
14 95477307 1.8996
14 95478938 2
14 95480491 2
14 95483825 2
14 95488069 0.0078
14 95495506 0.816156653241909
14 95497454 0.528804924017531
14 95511903 1.4064
14 95512751 0.425058427142289
14 95516410 0.7584
14 95541111 0.554711511119823
14 95542529 0.623
14 95544252 1.27619956883555
14 95545038 0.3604
14 95545170 0.3895
14 95550012 1.03718646563865
14 95550628 2
14 95558910 1.20427950788424
14 95560685 2
14 95560751 0.0329
14 95561747 2
14 95568810 2
14 95571076 0.0712
14 95573021 2
14 95576710 0.0444
14 95582308 2
14 95593561 2
14 95593764 2
14 95594432 2
14 95601947 2
14 95603312 2
14 95604250 2
14 95617005 2
14 95617085 2
14 95619628 0.0444
14 95624348 0.0502
14 95639372 2
14 95642736 2
14 95643546 0.9829
14 95652754 1.2692
14 95654397 1.2692
14 95664721 1.3289
14 95665870 1.3427
14 95672996 0.0315
14 95673670 1.09312868857869
14 95676883 2
14 95677243 0.00466597772021613
14 95678603 1.2866
14 95679234 0.0621
14 95694013 0
14 95706285 0.653760916770317
14 95709019 2.3317
14 95709936 2.2384
14 95712351 2.1343
14 95731508 2.0265
14 95732351 0.460293541776578
14 95739321 1.8878
14 95739733 1.4274240211256
14 95746910 1.67922729877964
14 95751204 0.217814639402511
14 95772314 2
14 95777496 2
14 95778085 2
14 95804187 1.0084
14 95806090 0.0263
14 95811004 1.1559
14 95856944 0.0841327581509724
14 95865777 1.1559
14 95877328 1.7395
14 95909361 0.282351302835483
14 95928603 0.689975709529859
14 95946388 0.99408432169282
14 95962864 0.0875309501904312
14 95968739 0.0244
14 95980404 0.108056906870989
14 95990161 0.3661
14 95998058 0.3661
14 96061192 1.19421233250967
14 96063384 0.834213261563778
14 96065974 0.152789973166359
14 96072793 1.45966203566436
14 96076694 0.591399403928997
14 96091898 2
14 96096770 1.70998107898204
14 96122785 0.540972926794905
14 96131321 0.6099
14 96136446 0.1579
14 96137666 0.592
14 96138610 0.841162988440789
14 96175793 0.4601
14 96178237 5e-04
14 96204324 0.0997
14 96216446 2
14 96220896 2.0069
14 96225219 0.3439
14 96243022 0.859098685362682
14 96260546 1.08097349156746
14 96266900 0.592573395166201
14 96268988 1.58846003333466
14 96270812 0.892845122207803
14 96277081 2
14 96299517 0.200865747026171
14 96307098 2
14 96374084 1.69766382519684
14 96391871 2
14 96397832 1.5265
14 96403103 1.37148700471935
14 96422784 0.366027885895844
14 96450572 0.1677
14 96463806 2
14 96559579 0.858583102421996
14 96566085 2
14 96608477 0.75809959834993
14 96611814 2
14 96623368 0.669
14 96630619 2
14 96633289 1.70019648918747
14 96636145 2
14 96663136 2
14 96663711 0.752958181625173
14 96664305 0.158986198786276
14 96672563 0.319889867555437
14 96679033 0.24208883181831
14 96680933 2
14 96683058 2
14 96690449 2
14 96708899 1e-04
14 96709049 5e-04
14 96709429 1.45761611688701
14 96710386 0.3005
14 96711416 2
14 96719662 2
14 96725691 2
14 96732021 1.1106
14 96742950 2
14 96747794 2
14 96751835 2
14 96762214 2
14 96772879 0.926230388710804
14 96793055 0.5939
14 96803740 2
14 96809668 2
14 96825905 2
14 96833053 2.859
14 96838916 2
14 96839376 2
14 96864061 2
14 96870198 0.340378560709834
14 96887172 2
14 96892544 2
14 96894992 1.1444
14 96913145 2
14 96937417 1.1209
14 96969051 1.1662
14 96971267 1.1662
14 96972570 1.1662
14 96996625 0.837
14 96999841 2
14 97001162 2
14 97007402 2
14 97011948 2
14 97014070 2
14 97015882 1.38211411345249
14 97032850 0
14 97049976 0.52990044983351
14 97059362 0.904928495143166
14 97068347 3e-04
14 97068416 5e-04
14 97088260 2
14 97093675 1.1721
14 97094333 1.1721
14 97095869 0.724527126263469
14 97096335 0.997752381643341
14 97097435 0.510958986075228
14 97133154 0.0793171599703544
14 97147489 2
14 97149261 0.636146054893887
14 97151124 0.9506
14 97151535 0.854981889447375
14 97152155 2
14 97153103 0.25930280396628
14 97163317 1.0064
14 97191472 2
14 97196620 2
14 97253463 2
14 97253883 2
14 97284373 0.7191
14 97296745 0.1574
14 97297504 2
14 97297976 2
14 97327739 2
14 97335329 1.20075179530635
14 97362598 2.12365049259252
14 97365128 1.6197
14 97390625 0.0732458518499402
14 97433200 0.1177
14 97440931 1.17995793709906
14 97460066 2
14 97464635 2
14 97467246 2
14 97467334 2
14 97475309 2
14 97492738 2.3421
14 97540232 2
14 97551237 2
14 97600804 2
14 97604875 2
14 97637575 2
14 97641053 0.0263911995316494
14 97641746 0.0151313780612556
14 97645182 2
14 97648209 0.6521
14 97688175 0.0834
14 97700666 0.0714
14 97707201 0.115
14 97713020 0.4291
14 97713756 0.4291
14 97724046 0.3627
14 97745653 0.4661
14 97761064 2
14 97764767 2
14 97772163 2
14 97775496 2
14 97776649 0.4582
14 97779341 2
14 97788349 0.2593
14 97790275 0.4582
14 97797204 1.63740211189834
14 97805581 2
14 97815189 0.1762
14 97816661 0.1762
14 97819998 1.1965
14 97824479 0.1762
14 97830219 0.1762
14 97839237 2
14 97858651 2
14 97866560 2
14 97869321 2
14 97870281 2
14 97871507 2
14 97872020 2
14 97890910 2
14 97890999 2.3421
14 97898624 1.1073
14 97905406 2
14 97915079 2
14 97918681 0.477375368376478
14 97942710 0.856
14 97955661 1.1495
14 97996820 2
14 98011007 1.6268
14 98028938 1.1152
14 98030223 2
14 98074751 0.7039
14 98085829 0.7641
14 98090865 0.7641
14 98092397 0.7692
14 98098220 0.7692
14 98101568 0.7692
14 98115972 0.7641
14 98116239 0.7641
14 98122408 0.7641
14 98122580 0.7641
14 98124292 0.7641
14 98128024 0.7641
14 98155147 0.874875838607238
14 98155175 0.476
14 98155773 1.1189
14 98156257 0.7771
14 98162606 0.7641
14 98196204 0.0897
14 98205940 2.4476
14 98217041 2
14 98222723 1.29343694634893
14 98236806 2
14 98239831 0.475450543994043
14 98247005 0
14 98249669 1.5994
14 98250116 0.049
14 98252384 2.2136
14 98259646 0.9373
14 98279220 2
14 98279438 1.2757
14 98286138 0
14 98287815 2
14 98294578 0.212635235966746
14 98297330 1.6581
14 98315600 2
14 98316864 2
14 98338059 2
14 98340815 2
14 98345361 2
14 98349579 0.9318
14 98349872 0.9318
14 98351666 0.439064725390728
14 98352272 1.00918109913947
14 98356616 2
14 98367457 2
14 98370061 1.0439
14 98381536 0.653685201429372
14 98383694 0.242080535950335
14 98385489 2
14 98391004 0.828830559567547
14 98400788 2.334
14 98415517 0
14 98418099 2
14 98422261 2
14 98424231 2
14 98426289 1.5214
14 98440443 0.5101
14 98455347 0.438528436398469
14 98456018 0.945826700139032
14 98465774 0.1158
14 98543419 0.6045
14 98548683 2
14 98554980 0.06202808558162
14 98558636 2
14 98565693 0.872
14 98571852 2
14 98575945 0.872
14 98586969 2
14 98587730 2
14 98588210 1e-04
14 98592436 0.1121
14 98594601 0.1055
14 98594639 0.1121
14 98596043 0.1191
14 98597269 0.1326
14 98603880 0.1055
14 98604151 0.596748377509016
14 98610936 2
14 98616762 0.254875976118712
14 98617642 0.999842941370063
14 98617673 0.00297123246139347
14 98619117 0.9694
14 98619828 0.577580757832325
14 98638196 2
14 98642381 2
14 98653145 0.540078207188219
14 98659906 0.00606748645687311
14 98661409 2
14 98665307 2
14 98667690 2
14 98669265 2
14 98678088 0.0183816646645763
14 98690128 2
14 98693906 2
14 98710636 2.7862
14 98711806 2
14 98714234 2
14 98719569 2
14 98730042 0.293148539755179
14 98730937 0.315669064707748
14 98742379 2
14 98751053 0.5978
14 98757986 2e-04
14 98764089 2
14 98777616 2.11140534638281
14 98793470 0.1164
14 98799972 0.74379651918654
14 98805420 0.7081
14 98815572 2
14 98819532 0.2858
14 98825947 0.8263
14 98829629 2
14 98841388 0.2091
14 98841424 0.1202
14 98886624 0.47786347433108
14 98901523 0.155091605235588
14 98902364 1.75289390232314
14 98931659 2
14 98942910 2
14 98959117 0.3012
14 98963261 2
14 98967769 0.39652847675451
14 98973311 2
14 98974537 0.3224
14 98976947 2.04531393718428
14 98977189 0.864511150515451
14 98979762 0.216408980488996
14 98987725 0.7952
14 98995285 2
14 98995595 1.0579
14 99002911 0.67447902832811
14 99004985 1.25680900989762
14 99005148 0.419592256598485
14 99008096 1.2968454964099
14 99009037 2
14 99019484 0.260957564178116
14 99019734 0.32954260304503
14 99021664 0.1985
14 99022883 0.1909
14 99030084 2.02463304614453
14 99033329 0.1035
14 99046848 0.639233942284734
14 99055055 0.2412
14 99056403 0.6131
14 99065174 1.39081306264797
14 99075900 0.781937892084185
14 99090306 2
14 99090526 5e-04
14 99099146 2
14 99104355 2
14 99107349 0.4807
14 99113615 2
14 99117512 2
14 99130508 5e-04
14 99168501 0.429724827129943
14 99198647 1.35911627004118
14 99203913 1.4237
14 99212335 2
14 99221436 0.4871
14 99240283 2
14 99263212 1.5465
14 99281654 2
14 99283077 2
14 99295158 2e-04
14 99304184 2
14 99305709 2
14 99315822 2
14 99319904 2
14 99329112 2
14 99345690 0.360321848399057
14 99376353 1.269
14 99378224 1.37820472394717
14 99382101 2.87519357956039
14 99387462 0.0287384730514525
14 99414786 0.011
14 99438283 2
14 99451237 0.15
14 99453661 0
14 99469984 2
14 99499150 2
14 99504957 0.0015
14 99529644 0.310736256728891
14 99549975 1.96698218187137
14 99552931 2.03159522876073
14 99552971 0.620729204786713
14 99553229 0.000592272823852785
14 99555896 1.27044527704423
14 99557059 0.57768776549322
14 99559215 1.79182478875868
14 99560073 0.860578161580053
14 99564216 0.0880273042726757
14 99565935 0.960287695513846
14 99570436 2
14 99570870 2
14 99576024 2
14 99586839 2
14 99603405 0.0723
14 99605977 2
14 99606662 2
14 99609343 0.747173137930873
14 99621027 0.4496
14 99637168 0.0078
14 99639426 0.7612
14 99640669 2
14 99652901 0.9069
14 99665187 0
14 99690762 2
14 99691310 0.470795624433625
14 99716388 2
14 99719761 0.0897
14 99726131 2.2421
14 99753198 5e-04
14 99764781 1.06725883092047
14 99764838 0.414464975457263
14 99775374 0.215721677485579
14 99796103 0.557457603980413
14 99796114 0.235923073643638
14 99805039 0.165732036066858
14 99809076 1.52536257785357
14 99815836 0.575447191165602
14 99822200 1.7379
14 99823583 1.7379
14 99823689 1.7379
14 99836715 1.17843966078054
14 99839816 2
14 99844819 2.0202
14 99865318 0.155269929871385
14 99866747 0.546411165090811
14 99886798 2
14 99887880 1.25191883028663
14 99890712 0.174280332723593
14 99896080 2
14 99896193 0.191612154899447
14 99901971 1.1182478785885
14 99903760 2
14 99926507 2
14 99926608 0.920985566718583
14 99927889 0.0732
14 99949286 2
14 99951117 1.23901748981243
14 99955092 0.409820150377581
14 99961870 1.0789
14 99984653 0.6263
14 99993048 0.0078
14 99994445 1.2733
14 100038047 0.397142147214411
14 100066302 0.198906720932655
14 100091620 0.5182
14 100106617 1.12221211317979
14 100115299 0.271390508721849
14 100139128 1.1133
14 100168592 0.0897
14 100177902 2
14 100180480 0.159547353071478
14 100220276 0.3265
14 100235582 2
14 100239919 0.0897
14 100242385 2
14 100254480 0.6555
14 100257623 0.7363
14 100281014 2
14 100329326 2
14 100339246 1.8319224125693
14 100339490 0.841980117665913
14 100340799 0.87465508917253
14 100346170 2.16036240688773
14 100355812 2.4988
14 100356397 0.638968232874654
14 100361092 0.906051391365816
14 100361171 0.845483826026277
14 100366054 1.49681165605302
14 100368785 1.02960193537979
14 100369641 0.693056724027338
14 100419136 2
14 100430286 1.687
14 100445465 0.864176348804671
14 100459906 0
14 100460135 0.321911350112456
14 100464584 2
14 100465298 0.558486729441073
14 100467291 0.193765700900686
14 100468552 0.138285808881334
14 100479417 0.505573065926654
14 100500224 0.823088093113181
14 100546852 0.126225220965794
14 100549043 0.236704125223643
14 100550659 1.0759
14 100570121 1.20629899279392
14 100624824 1.877
14 100631601 2
14 100642021 5e-04
14 100658733 0.1429
14 100672169 1.2021
14 100674753 0.0464
14 100684392 2
14 100689734 5e-04
14 100690248 0.751849327878836
14 100694026 0.0792
14 100699410 0.368379966263023
14 100701395 0.854089025429344
14 100707364 0.477132831543457
14 100726698 0.32107796703294
14 100732685 0.1577
14 100741589 0.2261
14 100745856 0.1951
14 100766942 0.957009538323512
14 100781724 2
14 100832114 0.545921548577895
14 100832728 0.1061
14 100840504 0.112148994806119
14 100848608 0.356961540246949
14 100869597 0.2694
14 100873340 0
14 100886721 2
14 100891800 2
14 100898715 2
14 100903213 2
14 100921702 0.0076
14 100973770 0.831306758122759
14 100990984 5e-04
14 100997667 2
14 101008946 1.02023899416043
14 101021123 1.15945198353766
14 101022824 0.630621410489043
14 101024282 0.685123744513137
14 101030237 2
14 101030368 2
14 101033600 0.189033665547762
14 101036533 1.03038591093652
14 101038307 0.297043671987055
14 101038574 3.5941
14 101046693 0.601991703386851
14 101054073 2
14 101062668 0.5277
14 101067355 2
14 101067970 2
14 101075848 2
14 101082686 1.8908
14 101084311 0.798353268705458
14 101087495 0.0093184588536849
14 101103409 0.0939
14 101110338 2
14 101110385 1.68801355241827
14 101115893 0.1615
14 101125224 0.0756
14 101145156 2
14 101147110 2
14 101151072 0.6012
14 101151745 0.784
14 101172752 0.0584
14 101178073 2
14 101178491 0.700341303093905
14 101185109 2
14 101188358 2
14 101190482 2
14 101194771 2
14 101199799 0.0551
14 101202000 2
14 101212426 2
14 101212918 0.1601
14 101213548 2
14 101213659 2
14 101222120 0.6413
14 101223169 0.882314411697278
14 101231226 2
14 101235622 0.4833
14 101262633 2
14 101274230 2
14 101291358 0.0561
14 101316819 2
14 101324105 2.13
14 101325466 2
14 101366025 2
14 101380408 2
14 101413050 2
14 101438330 0.698062408041662
14 101455954 2
14 101465172 2
14 101490651 2
14 101527616 0.782172086659477
14 101528570 2
14 101529062 2
14 101546943 1.614
14 101604723 1.54119409984929
14 101619473 0.826584511496966
14 101642791 0.604204076293688
14 101645463 0.198213380278046
14 101648352 1.58632357460645
14 101649076 1.04795330636863
14 101650366 0.058774660279681
14 101653308 0.988526360305724
14 101656416 1.24566119194167
14 101660233 0.558828903271209
14 101662404 0.745288800166263
14 101681343 2
14 101685036 0.0263
14 101687061 2
14 101694182 2
14 101705745 2
14 101711808 2
14 101712609 0.981314614364013
14 101723246 2
14 101723699 5e-04
14 101723960 1e-04
14 101724940 5e-04
14 101736297 2
14 101738194 2
14 101744609 2
14 101746891 2
14 101747640 2
14 101755395 2
14 101781060 2
14 101781722 2
14 101782166 2.09592128277291
14 101787586 1.4899
14 101789491 2
14 101790088 2
14 101815149 2
14 101832845 2
14 101838543 2
14 101838923 0
14 101840384 2
14 101842063 2
14 101860454 2
14 101869872 2
14 101894797 1.8325
14 101914557 2
14 101918477 0.393973900685292
14 101920320 2
14 101922138 2
14 101923757 2
14 101928407 1.1977
14 101928963 2
14 101929453 1.2034
14 101943514 0.4522
14 101949988 2
14 101962061 2
14 101984433 3e-04
14 101984757 1.6418
14 102004100 2
14 102023325 2
14 102033907 2
14 102043616 2
14 102078310 0.262545758201412
14 102087153 1.7209
14 102099944 0.349297147629619
14 102102030 1.06097353450786
14 102119645 0.046
14 102120371 2.7095
14 102127499 0.326586349098649
14 102127808 2
14 102141113 1.7565889846411
14 102141302 0.0668488437637081
14 102142618 2
14 102150241 0.81157845688844
14 102161144 1e-04
14 102162459 0.511181691042125
14 102165739 0.939629761429642
14 102176116 2
14 102192283 0.331313314632678
14 102193968 2
14 102199991 0.277911327866228
14 102201688 0.720550632249063
14 102202631 0.704653747628687
14 102202669 2
14 102227444 2.62165788827164
14 102234521 2
14 102247244 2
14 102254559 2
14 102272273 2
14 102286596 2
14 102293702 6e-04
14 102311522 2
14 102317079 2.6037
14 102331108 2
14 102337428 0.562883314999745
14 102350076 2.41184979687792
14 102357209 2
14 102373201 2
14 102394594 2
14 102437842 1.88275562355526
14 102473552 2
14 102483953 2
14 102498317 2
14 102504555 1.27926725005403
14 102511935 2
14 102530199 2
14 102532136 5e-04
14 102537176 2
14 102561452 2
14 102562687 2
14 102592271 0.463504664163866
14 102594128 1.53787544606774
14 102601775 1.18290256058996
14 102616985 0.861479179345427
14 102617593 5e-04
14 102620388 2
14 102629442 2
14 102632774 5e-04
14 102660233 2
14 102675798 2
14 102677198 2
14 102689128 2
14 102719610 0.423506371961973
14 102725134 2
14 102762512 2
14 102768326 1.71838144124606
14 102772689 2
14 102774478 2
14 102799507 2
14 102801269 2.8716
14 102808210 2
14 102839878 2
14 102846010 1e-04
14 102853763 2
14 102854624 2
14 102855985 2
14 102864326 1.9456
14 102864561 2
14 102865253 2
14 102872697 2
14 102891266 2
14 102915464 2
14 102925361 2
14 102925406 2
14 102926397 2
14 102945931 2
14 102996812 0.2306
14 103035971 2
14 103044439 2
14 103050629 1.73553565486246
14 103073762 2
14 103091976 0.0263
14 103098397 2
14 103122045 1.2166
14 103138838 1.697
14 103139939 0.2336
14 103155032 2
14 103157561 2
14 103171196 2
14 103174515 2
14 103176763 2
14 103222587 0.6431
14 103227066 1.38873783692402
14 103236252 0.6204
14 103253651 0.0162
14 103256652 0.0329
14 103260839 2
14 103270395 2
14 103282085 2
14 103282879 2
14 103286529 2
14 103306605 0.303815445664821
14 103309072 0.986862982386548
14 103320219 2
14 103324708 2
14 103332702 2
14 103333977 0.185219143666569
14 103335224 2
14 103341816 0.704733011375311
14 103346834 2
14 103351430 1.7255
14 103362062 2
14 103362435 2
14 103372286 2
14 103377007 2
14 103386388 2
14 103393972 2
14 103406989 2
14 103411531 2
14 103414413 2
14 103438505 2
14 103441844 2
14 103456762 2
14 103461468 2
14 103478524 2
14 103488910 2
14 103490762 5e-04
14 103492952 1.1679
14 103493095 2
14 103515325 2
14 103523244 2
14 103525759 2
14 103530911 2
14 103534181 2
14 103554804 0.434623393896209
14 103559105 2
14 103561258 0.119957874500098
14 103562909 2
14 103568955 1.17160858151642
14 103594050 0.7078
14 103600085 0.0479008649523259
14 103603660 0.162603047362668
14 103607214 2
14 103608678 2
14 103610882 2
14 103611174 2
14 103618168 1.4415
14 103619286 8e-04
14 103625848 0.0165
14 103628815 2
14 103642750 2
14 103661670 2
14 103688545 2
14 103696040 0.0107
14 103714107 0.334707245209082
14 103724190 2
14 103731914 2
14 103745192 1.07380169086934
14 103751798 0.493503555621988
14 103768020 0.0132393193738727
14 103773360 0.321237838252059
14 103782601 0.780101966070524
14 103783213 1.34430946960973
14 103791118 0.414705552559407
14 103796504 1.4315
14 103798993 1.73494766038845
14 103799326 0.37663804675228
14 103804870 0.216169626270541
14 103805084 1.9705
14 103807829 0.643186165714125
14 103845237 0.676054938208787
14 103850149 0.0466375710648448
14 103877515 2
14 103883893 0.583305412408183
14 103885653 2
14 103893306 2
14 103896627 0
14 103898101 2
14 103900708 1.9327
14 103918068 2
14 103931030 0.1797
14 103935736 0.208576669579488
14 103936512 2
14 103936818 0.355818925788033
14 103947297 2
14 103951012 2
14 103952044 2
14 103953833 0.529417324749583
14 103955513 2
14 103964170 2
14 103969266 2
14 103981060 0.228669190097898
14 103984635 1.07427215282529
14 103987127 2.23511864589501
14 103993115 0.6568
14 104004403 2.7095
14 104008697 0.272330194853586
14 104031206 0.73214731233161
14 104031784 0.621344468299346
14 104038358 1.39620340456189
14 104048481 1.95141118561302
14 104074832 1.11445186736946
14 104079164 0.0310309269454071
14 104079959 2
14 104093169 2
14 104096681 0.1752
14 104106352 1.51326121512916
14 104115323 2
14 104126919 2
14 104137536 2
14 104153491 0
14 104161022 0.43445724251419
14 104161035 2
14 104180187 0.0878552458426688
14 104182991 2
14 104184157 1.00216078137409
14 104187409 0.5376
14 104194585 0.2649
14 104194612 0.2649
14 104203470 2
14 104208609 0.0897
14 104208763 0.121869909422351
14 104208855 0.3015
14 104209135 0.3106
14 104215328 0.931904962096108
14 104215476 0.0972
14 104216070 2
14 104217527 3.899
14 104217540 0.3088
14 104220466 0.6192
14 104224166 2
14 104232119 2
14 104237907 1.52263673402884
14 104241422 0.447446682667143
14 104242240 0.722310048229357
14 104247270 0.6827
14 104256037 1.43156459261902
14 104283062 0.8384
14 104283334 0.81
14 104285418 0.8384
14 104285460 0.8384
14 104286817 0.8384
14 104299315 5e-04
14 104299473 2
14 104300965 0.457014257245564
14 104302111 2
14 104309616 1.2038942731237
14 104311687 1.20672866074749
14 104314652 0.629644776929899
14 104314894 0.865348427897873
14 104317213 2
14 104325149 0.531816989318581
14 104325500 2
14 104331751 0.103998437352948
14 104369977 0.2764
14 104373600 1.1651
14 104376881 1.38589020511274
14 104384669 2
14 104394460 1.42055419582704
14 104422704 1.7423
14 104424261 1.7693
14 104427020 0.4186
14 104443124 2
14 104476385 0.81188833517414
14 104496669 2
14 104510092 0.836559746141813
14 104521115 2
14 104529318 0.28780569917261
14 104529935 0.856539696349217
14 104539833 1.3337
14 104562929 1.0565
14 104577482 1.2325
14 104590765 0.0809189778369727
14 104592421 0.965486832590146
14 104592473 0.0824
14 104605001 1.2694
14 104625750 2
14 104626943 0.518356796431104
14 104638136 0.3249
14 104645694 0.929529594428192
14 104652218 0.7249
14 104653651 0.0072
14 104666426 2
14 104667218 0.114271854121735
14 104683310 0.1326
14 104683936 2
14 104690073 1.20990576728086
14 104702091 0.34423057789746
14 104702502 2
14 104705357 0.3216803275598
14 104712857 2
14 104714147 2
14 104721182 1.81691176264093
14 104724195 2.246
14 104743330 1.4483
14 104751584 1.741746299802
14 104759283 2
14 104764661 2
14 104780349 1.3468
14 104801597 2
14 104810546 2
14 104810872 2
14 104812448 2
14 104815004 1.77704935998102
14 104816822 2
14 104829718 0.0053
14 104831685 2
14 104834793 1.7379
14 104843271 0.1059
14 104844161 0.1059
14 104849345 0.1124
14 104855112 1e-04
14 104855119 5e-04
14 104855159 0.867293713026724
14 104872947 2
14 104879903 2
14 104881676 2
14 104881681 2
14 104883554 2
14 104889212 2
14 104909875 2
14 104911613 2
14 104912652 1.7379
14 104919100 2
14 104937274 2
14 104939262 2
14 104950622 2
14 104950765 2
14 104951394 0.4038
14 104960032 2
14 104982472 2
14 104993436 2
14 105013153 2
14 105013204 2
14 105013817 2
14 105040087 0.948017862587759
14 105042897 2.28168013910772
14 105067672 2
14 105074132 2
14 105075284 1e-04
14 105082053 0.0617
14 105083867 2
14 105083876 2
14 105087126 2
14 105093754 0.0739
14 105096409 2
14 105108951 2
14 105108957 0.5972
14 105130655 2
14 105137507 0.0801
14 105144945 0.5354
14 105187072 2
14 105207888 2
14 105219463 2
14 105224704 2
14 105225137 0.2726
14 105254466 0.6808
14 105255266 0.7179
14 105256639 0.7179
14 105271884 0.7343
14 105342890 5e-04
14 105401087 0
14 105402721 5e-04
14 105434490 0.3293
14 105461096 2
14 105477680 0.1688
14 105502167 0.8177
14 105521829 0.1735
14 105543235 2
14 105544381 2
14 105583057 0.842417384391373
14 105585278 1e-04
14 105596994 5e-04
14 105596999 5e-04
14 105616347 0
14 105619437 2
14 105626157 3.1167
14 105628184 1.46639334669457
14 105629327 2
14 105633146 2
14 105644629 2
14 105661460 2
14 105664166 2
14 105665093 2
14 105667321 2
14 105689342 0
14 105703045 2
14 105712109 1.07536291997691
14 105713086 2
14 105730502 0.0053
14 105737141 5e-04
14 105743185 0
14 105744361 2
14 105745222 0.2973
14 105765687 2
14 105766769 2
14 105793293 2
14 105817352 2
14 105819974 2
14 105820626 2
14 105821551 2
14 105828894 2
14 105835975 2
14 105836888 2
14 105843367 2
14 105847211 2
14 105866369 2
14 105868028 2
14 105877407 2
14 105888476 2
14 105888810 2
14 105890320 1.5563
14 105908914 1.2517
14 105911566 2
14 105916106 2
14 105948491 2
14 105949375 1.00857931436676
14 105954607 1.10236202243424
14 105965971 2
14 105969728 1.01252178660516
14 105972537 2
14 105978096 0.353909112301161
14 105984310 0.301189226572433
14 105984940 2.1911667555991
14 105999706 5e-04
14 106001432 2
14 106001792 0.398244334316909
14 106001933 0.811125046783801
14 106002494 0.338572747802088
14 106003962 2
14 106005204 0.12129344433206
14 106005773 1.02183205644445
14 106008164 1.3049
14 106008934 1.50856737910995
14 106009594 0.426130808142906
14 106012330 1.74048527505318
14 106014936 5e-04
14 106018089 1.27323317532334
14 106027274 0.523044678580344
14 106030063 0.286442707828646
14 106031456 0.626779053413542
14 106031457 0.529971214739503
14 106031752 1.1899
14 106052155 0.500366650683636
14 106056237 1.2697048864435
14 106061818 0.0470310154588428
14 106067480 2
14 106067628 1.54671775752608
14 106069244 0.139168143512751
14 106070891 1.1414583757961
14 106073564 0.362698722076799
14 106073679 0.389197049473136
14 106113495 0.695010815385687
14 106113528 0.786817997107691
14 106114029 2.02444308828948
14 106118534 1.46148885184584
14 106118554 2.1598527871329
14 106120389 2
14 106127382 0.519753892421209
14 106129002 0.514231226599057
14 106141274 0.418926067772528
14 106142109 0.840697068554281
14 106151173 1.2383
14 106155513 1.1861
14 106156378 0.238584718111888
14 106157154 1.2383
14 106170488 0.755832870283748
14 106171174 1.43434912762939
14 106175558 0.3493
14 106182549 1.23478762792385
14 106185574 1.2383
14 106223183 0.21935538185786
14 106224424 1.40143830874557
14 106228769 1.4023
14 106231582 5e-04
14 106244736 2.29877437680005
14 106244884 0.599952297675195
14 106249801 0.627294729234565
14 106280839 0.478425581485992
14 106316430 2.8236
14 106326514 1.82040524752083
14 106341422 2
14 106378850 1.2042
14 106395861 1.2021
14 106419147 0.2626
14 106420893 0.210775030328823
14 106425865 0.779117402017689
14 106428828 1.95296659450188
14 106430042 1.3964
14 106433696 0.567745329400514
14 106433720 0.0302392224126815
14 106433731 1.56475176901077
14 106436599 2
14 106442153 1.86146444059946
14 106443287 1.03531248533463
14 106444134 0.538399750994215
14 106446030 1.26425858914788
14 106448409 2
14 106448715 2
14 106450373 2
14 106467050 2
14 106471105 2
14 106486643 2
14 106505053 2
14 106505559 0.189677598235904
14 106516622 0.114348873340689
14 106518901 0.879031622125356
14 106519621 2
14 106520995 0.255643765894657
14 106522289 2
14 106522384 0.346880224650535
14 106522680 0.333175223694445
14 106528335 0.662049430532653
14 106528479 2
14 106529200 0.846437854491249
14 106534122 1.6797
14 106541015 2
14 106541943 2
14 106542029 2
14 106543838 2
14 106545458 2.03946480241058
14 106550919 2
14 106554125 2
14 106554131 2
14 106560284 2
14 106560419 2
14 106560680 2
14 106561241 2
14 106561265 2
14 106561979 2
14 106562182 2
14 106562544 2
14 106564998 2
14 106576927 1.58448812604986
14 106595682 0.0716964082643749
14 106598586 0.210330170068042
14 106600446 0.5972
14 106601142 2
14 106601856 0.5696
14 106615672 0.5652
14 106618499 0.7679
14 106619071 5e-04
14 106622553 2
14 106624664 5e-04
14 106630245 0.7679
14 106630843 0.2492
14 106631284 2
14 106631387 2
14 106631573 2
14 106632070 2
14 106633095 2
14 106634998 0.7679
14 106635213 0.7679
14 106637565 2
14 106638145 2
14 106638951 2
14 106639372 2
14 106640486 0.7247
14 106640695 2
14 106641312 0.862
14 106641355 0.8438
14 106643304 2
14 106645281 2
14 106647421 2
14 106648267 2
14 106651139 0.7679
14 106657616 2
14 106661719 2
14 106667184 0.7247
14 106679700 2
14 106686309 2
14 106690675 0.7459
14 106690981 0.7459
14 106692376 0.7459
14 106692788 0.7247
14 106694319 0.4182
14 106695227 0.4537
14 106705382 0.7459
14 106705657 0.0078
14 106706850 0.7247
14 106708610 0.8165
14 106710947 0.9214
14 106715603 2
14 106723008 0.506924232452963
14 106743870 0.820325788549753
14 106757395 0.711244724209608
14 106757779 0.162606609471265
14 106758102 1e-04
14 106758287 0.2988
14 106758420 0.0256
14 106758900 0.074301932418638
14 106772487 2
14 106776118 2
14 106776448 2
14 106777494 2
14 106777987 2
14 106778135 2
14 106778385 2
14 106779174 2
14 106780575 2
14 106782904 1e-04
14 106783693 2
14 106804049 2
14 106806185 2
14 106813166 0.528
14 106816905 2
14 106817278 2
14 106860102 2
14 106863901 2
14 106871883 2
14 106875244 2
