chr pos logPval
11 186450 0.1905
11 201212 1.8707
11 236337 0.394332501798512
11 240664 0.705059697491786
11 243672 1.32075122510746
11 244141 0.135112812693105
11 247102 1.54997420651016
11 258741 0.3015
11 262106 1.5184
11 266315 0.618796652596876
11 267359 5e-04
11 268183 0.506203373849311
11 268718 0.669953223037528
11 270715 0.234012551323777
11 273808 0.409823812228631
11 295343 1.19542051317722
11 296286 0.5054
11 297603 0.5054
11 300364 0.2911
11 306884 0.567223148355221
11 307244 1.53581003061997
11 316134 0.520056549238129
11 326718 2
11 334703 0.0871
11 343524 2
11 346015 0.0869706767672772
11 351839 0.294802733371678
11 352239 2
11 356732 0.0263
11 357033 0.984743804624163
11 357710 2
11 358767 2
11 361574 2
11 372157 1.1269
11 378405 0.7671
11 382480 1.335
11 388020 0.834439519311001
11 389255 2
11 399371 1.4687
11 400945 1e-04
11 409592 1.1803
11 411681 0.975801193571056
11 412200 1e-04
11 412647 8e-04
11 433135 0.0392116490123044
11 433995 0.0328
11 435904 0.4115
11 463826 0.6622
11 466032 1.0177
11 468864 0.3015
11 472018 1.7576
11 486018 2.4068
11 496193 1.0009
11 496924 0.2799
11 499583 2
11 519273 1.3029
11 519276 0.9004
11 523301 0
11 526356 1.012
11 527536 0.0078
11 534197 2
11 537502 1.012
11 547544 1.5092555554788
11 552875 0
11 554659 2
11 555999 2.407
11 559096 0.581503679197212
11 560871 0.394220572288675
11 565129 1.07568110877105
11 575408 0.523262564614914
11 577454 0.619205179653384
11 586696 0.5962
11 595810 0.5962
11 603776 0.5962
11 606399 1.4552922567113
11 617378 2.34744409779353
11 618172 0.767799512097798
11 627461 5e-04
11 636690 0.3516
11 637180 2.0603
11 642885 5e-04
11 645569 2
11 656523 1.7319
11 658050 2
11 671804 2
11 674259 2
11 690306 2
11 692384 2
11 696437 0.91349018503813
11 699852 0.2272
11 702250 0.687
11 712413 2
11 718956 0.491931486335909
11 733338 0.9691
11 737320 2.20301681978099
11 739392 2
11 744722 2
11 763204 0.3968
11 766069 2
11 805302 2
11 827713 0.879
11 828916 0.494648176767851
11 836008 0.28163976323049
11 836971 0.647575968915097
11 838424 1.60950307824249
11 851981 1.29110572117316
11 859460 5e-04
11 859465 5e-04
11 859915 0.1167
11 861098 0.0743
11 872108 0
11 888957 0.0743
11 896496 0.0616
11 897692 0.534030167015997
11 898155 0.1393
11 927250 0.620526378559648
11 928843 0.0163334053009102
11 943518 1.54832105638576
11 944801 0.0349721923158962
11 949647 0.2486
11 949900 1.63686868460128
11 951558 0.263204977925096
11 974035 0.908492230869714
11 980564 0.675582363201848
11 995840 0.289072520605693
11 1010694 0.3267
11 1037651 1.3928
11 1039867 0.252581164521447
11 1061038 2.49818512670016
11 1066621 0.485531090356363
11 1067535 0.667698872971484
11 1083078 2
11 1085297 2
11 1088625 3e-04
11 1088677 0.0261
11 1088828 2e-04
11 1092255 2
11 1094905 0.2968
11 1096506 0.212735464300678
11 1096638 2
11 1099370 5e-04
11 1101174 0.71429797050582
11 1104429 0.38887279041944
11 1105400 1.7127
11 1106592 1.02129896916261
11 1118685 1.37921205635379
11 1118983 0.713288236466884
11 1123703 0.693044126940986
11 1125362 1.8605
11 1131619 0.778716790255864
11 1136027 0.3243
11 1136161 4e-04
11 1139887 0.645980436729736
11 1141499 1.877
11 1144716 0.1603
11 1149830 2
11 1154623 1.29238535280334
11 1159101 1.0251
11 1159548 3e-04
11 1159756 0.0223
11 1159817 2
11 1165501 2
11 1166335 2
11 1166580 0.326200877752811
11 1170836 2
11 1171452 0.370585384874223
11 1175732 2
11 1181095 2
11 1181472 0.0223
11 1182851 2
11 1187988 2
11 1195109 5e-04
11 1199570 2
11 1202859 0.0067
11 1203848 2
11 1204771 0.0067
11 1209163 2
11 1228945 0.417713808872507
11 1242546 1.0759
11 1272637 1.7901
11 1277200 1.5755
11 1287015 1.3304
11 1287759 0.0094
11 1287822 0.8055
11 1291742 1.08113469968739
11 1314514 0.32937096390105
11 1315340 1.9511
11 1320844 1.54716009524925
11 1332100 1.3174
11 1351690 0.308166986321539
11 1351781 1.0134
11 1351874 2.3667
11 1359059 0.4998
11 1376667 2
11 1377691 2
11 1380493 2
11 1402540 2
11 1404848 0.9767
11 1409425 0.9767
11 1409853 0.314874273441117
11 1420254 2
11 1421325 2
11 1422055 0
11 1422939 2
11 1423684 2
11 1428591 1.9127932918997
11 1437130 1.39108381465279
11 1450521 1.20004096125389
11 1454476 1.3621782743713
11 1456538 0.9952
11 1457248 0.5235
11 1457335 2
11 1457612 0.5235
11 1463261 1.2037305345295
11 1465816 0.4884
11 1477854 0.374988767336047
11 1487777 0.984166714399289
11 1490902 0.768960672196152
11 1502812 0.578407307113759
11 1503072 0.248880546902301
11 1508123 0.1885
11 1509825 2.12633279826815
11 1510032 2
11 1510587 2.60176831207834
11 1512958 0.330378278986544
11 1513384 0.362019831071909
11 1524021 0.115872837648583
11 1528467 1.09618346660278
11 1543113 2
11 1545752 2
11 1551549 0.0550216843868135
11 1551605 0.3081
11 1555633 0.649362446530349
11 1562622 0.180314232376039
11 1573217 1.05886314484046
11 1580486 1.35956425677456
11 1584899 0.1543
11 1587065 1.5975
11 1587647 2.20494208176847
11 1592353 0.2606
11 1598677 2
11 1602780 1.3814653767475
11 1603459 0.2425
11 1605044 0.301507057578954
11 1607614 0.103588650562417
11 1611360 0.637584354204663
11 1618158 1.5245
11 1619809 0.792466171238953
11 1620419 1.69084730068518
11 1626905 2.28386048522608
11 1627183 1.46172286985417
11 1630364 0.969430902016228
11 1636404 0.5401
11 1636445 0.797847850438179
11 1638078 0.718430829758794
11 1641676 0.505792502929208
11 1644778 1.27
11 1647306 0.604324717838571
11 1649505 0.639284088693498
11 1651188 1.7845178611656
11 1655901 1.60006288332717
11 1657558 0.0107
11 1658093 1.4006
11 1666143 0.765336812449776
11 1668095 0.00254869900751397
11 1669739 0.290938543060363
11 1684834 1e-04
11 1684894 1e-04
11 1684948 2
11 1690677 5e-04
11 1690839 0.5028
11 1691972 0.12624948146705
11 1705344 1.61944248226147
11 1713605 0.7448
11 1730427 2
11 1735618 2
11 1815567 0.6441
11 1815905 0.2003
11 1835812 2
11 1838712 2
11 1839194 2
11 1852991 0.5503
11 1861018 1.36843057044628
11 1865545 2
11 1872534 1.2663
11 1872621 2
11 1872809 1.5354
11 1873854 1.7202431478782
11 1877638 1.62969746840439
11 1881538 2
11 1924862 0.9781
11 1926559 1.0067
11 1929072 0.26237746701561
11 1941470 2
11 1944876 2
11 1946450 0
11 1946786 2
11 1951689 2
11 1954554 2
11 1954811 0.6789
11 1955076 0.6462
11 1959362 2
11 1962214 1.10503223969483
11 1965156 2
11 1968933 0.6621
11 1976801 0.848226804030984
11 1994022 0.838043575780106
11 1995389 0.5942
11 1996209 0.6789
11 2000351 0.1029
11 2006536 0.808637545613166
11 2007060 0.7814
11 2018321 1.85254636167882
11 2020601 1.84249801852608
11 2021715 2
11 2023334 0.4171
11 2027906 0.5678
11 2031125 0.7765
11 2032815 0.7765
11 2033968 0.8002
11 2049103 2
11 2062784 2
11 2074190 5e-04
11 2081833 2
11 2081843 2
11 2088090 1.45405686008722
11 2095456 2
11 2100782 2
11 2101387 2
11 2107455 2
11 2112198 0.891708179430229
11 2124823 2
11 2127173 2e-04
11 2127184 1e-04
11 2127240 1e-04
11 2128137 1.17560566198069
11 2131567 0.889166630197917
11 2138018 1.10575412845018
11 2157278 2
11 2159843 1.0007
11 2160165 0.4119
11 2161265 0.0053
11 2161606 0.636703679124897
11 2169289 0.25037373677763
11 2175194 2
11 2191257 1.1032
11 2197587 2
11 2197752 1.26943295139451
11 2198231 0.0053
11 2201585 0.5022
11 2204396 0.3956
11 2207642 0.4997
11 2208980 0.4997
11 2209124 0.3993
11 2211681 0.3956
11 2218734 2
11 2224823 5e-04
11 2229620 2
11 2230788 2.6293
11 2232021 2.8735
11 2233788 2
11 2235051 2
11 2272224 2
11 2273185 2
11 2277145 2
11 2279125 5e-04
11 2282250 2
11 2284518 2
11 2285453 0.6598
11 2285603 2
11 2289375 0.0386
11 2294174 2
11 2300020 1.8116
11 2324612 2
11 2324660 2
11 2335898 2
11 2345823 2
11 2351872 2
11 2357448 2
11 2372106 2
11 2385854 0.0945
11 2392250 5e-04
11 2406061 2
11 2406134 0.842526780735694
11 2408626 1.6751
11 2426625 0.945
11 2442795 2.3146370484917
11 2453978 2
11 2455590 0.640343952498771
11 2473462 2
11 2477948 2
11 2507003 2
11 2512845 0.764288992388123
11 2513830 0.0107
11 2519771 2
11 2519782 2
11 2519942 1.1639
11 2522274 2
11 2533715 0.0225797275990819
11 2537905 2
11 2551891 0.4662
11 2600916 2
11 2603896 2
11 2606425 2
11 2633443 0.7208
11 2664717 1.17447434855116
11 2678022 2
11 2709423 0.2592
11 2727247 2
11 2733810 5e-04
11 2756705 1.0729
11 2769978 0.861180440669495
11 2778639 1.24791293131065
11 2779439 0.9913
11 2780860 0.443288559633227
11 2787857 0.158779265079613
11 2793215 0.964
11 2799225 0.0807
11 2811675 1.1867
11 2861788 2
11 2864498 2
11 2866245 0.781754406214936
11 2872637 0.2314
11 2878356 0.3284
11 2879153 0.3284
11 2882514 0.3985
11 2887426 1.05048843761748
11 2894041 1.38593274764297
11 2894051 0.491792894269766
11 2906553 0.7223
11 2916401 0.8443
11 2938192 0.3023
11 2938498 2e-04
11 2945063 0.6033
11 2955354 1.1207
11 2958568 2
11 2970280 2.299
11 2970847 2.1595
11 2982256 2
11 2987174 1.1066
11 3003204 0.6033
11 3013840 1.0191
11 3016253 2
11 3022747 1.2871
11 3034233 0.564520891450996
11 3048713 0.0634196331857933
11 3049840 0.868887182298992
11 3066080 2
11 3072785 1.44994558222873
11 3081101 1.216
11 3103847 5e-04
11 3108706 2
11 3111470 0.7007
11 3116352 0.4392
11 3125326 0.9907
11 3125807 5e-04
11 3129744 0.111
11 3130409 0.1307
11 3134492 0.8402
11 3137070 0.6339
11 3140081 1.1241
11 3143038 2
11 3145947 0.5104
11 3147525 0.4184
11 3156006 0.1625
11 3156505 0.5217
11 3165196 0.5114
11 3178910 0.693075839921194
11 3188983 2
11 3193050 0.2543
11 3197333 2
11 3199368 0.2704
11 3202399 0.611551325476323
11 3203646 0.844118544576559
11 3216557 2
11 3220279 0.4584
11 3221434 2
11 3237433 0.5035
11 3341623 2
11 3343287 2
11 3352496 2
11 3355601 2
11 3356650 2
11 3356833 2
11 3356933 2
11 3375531 2
11 3377199 2
11 3378510 2
11 3379431 2
11 3384724 1.55212155261494
11 3387476 1.79770209609964
11 3428059 0.132322376918857
11 3437148 0.69156684322067
11 3439071 2.5407
11 3445794 2
11 3445970 2
11 3446224 2
11 3447975 2
11 3450036 2
11 3454087 2
11 3456075 2
11 3458075 1.3974
11 3459948 2
11 3462781 2
11 3466889 2
11 3471140 2
11 3471287 1.1795
11 3471452 0.4256
11 3471740 0.4256
11 3475304 1.1464
11 3479592 0.1268
11 3484128 0.4122
11 3485256 0.4122
11 3485948 0.4122
11 3490175 1.1148
11 3491439 0.4423
11 3493876 5e-04
11 3503528 0.4802
11 3504774 0.4802
11 3508152 0.4802
11 3509623 0.2415
11 3512185 0.4743
11 3512658 0.4743
11 3513407 0.4743
11 3527266 0.5352
11 3527429 0.3495
11 3545834 0.8136
11 3545857 0.8136
11 3547147 0.8358
11 3553698 0.8136
11 3558637 0.625
11 3558836 0.6446
11 3562572 0.5763
11 3562675 0.5921
11 3563204 0.5841
11 3568891 0.6839
11 3571219 0.0078
11 3603662 0.5981
11 3610177 0.629
11 3612559 1.5617
11 3623918 2
11 3624773 1.2077
11 3626372 2
11 3626837 1.2077
11 3627116 1.2077
11 3629577 1.2077
11 3629647 1.2077
11 3629951 1.2077
11 3643535 2
11 3645047 2
11 3648285 0
11 3651081 2
11 3651446 2
11 3688785 2
11 3690721 2
11 3703489 2
11 3704794 2
11 3716937 0.3382
11 3729964 1.4324
11 3776443 0.106237005145477
11 3790860 1.425
11 3795981 0.8421
11 3801343 2
11 3801766 2
11 3802299 2
11 3806071 2
11 3806752 1.63468341119063
11 3807767 2
11 3809540 2
11 3817723 1.22649833780961
11 3824210 2.7433
11 3834629 0.6981
11 3840539 0.344826136918978
11 3883134 0.611
11 3895614 8e-04
11 3896196 2
11 3900878 2
11 3909922 0.5407
11 3910389 0.532
11 3951558 2
11 3951585 0
11 3954106 2
11 3975062 2.3109
11 3991379 2
11 4024527 0.5531
11 4037436 0.5688
11 4044398 0.6389
11 4074872 0.6389
11 4086354 0.5455
11 4088420 0.5455
11 4094078 0.5306
11 4099943 1.4788
11 4102228 0.354824798708091
11 4103046 0.5455
11 4129639 2
11 4136922 1.95632614979362
11 4139585 2.57155366335531
11 4158703 0.5609
11 4164233 0.5609
11 4170247 0.7317
11 4175254 0.7437
11 4177236 0.091605125667847
11 4183465 0.602
11 4183892 0.7317
11 4185471 0.7317
11 4193888 0.391680242683378
11 4199143 0.0944
11 4213556 0.7122
11 4216097 0.7435
11 4231302 5e-04
11 4235251 1.2014
11 4237816 2.2744
11 4237905 0.0873
11 4238376 0.754982022450156
11 4239289 2.7837
11 4241175 1.1355
11 4247148 1.2356
11 4249798 0.3864
11 4251069 0.3956
11 4254696 1.2445
11 4258828 1.0525
11 4276769 0.5316
11 4317062 0.6123
11 4317602 1.199
11 4318917 0.301
11 4319528 1.273
11 4327836 2.43202466549256
11 4370044 0.207207863966034
11 4374799 1.22905949065625
11 4382962 0.668689633987725
11 4384380 0.168658256519426
11 4387712 0.9341
11 4388667 0.17311114002234
11 4390975 0.569238272815694
11 4395829 1.014
11 4397013 1.15964502296661
11 4398143 1.0935
11 4400425 1.0803
11 4401270 1.0803
11 4406363 1.5132
11 4406483 1.8068
11 4410865 1.9316
11 4413427 0.952
11 4418492 2
11 4422242 0.3525
11 4434755 2
11 4450956 1.0557
11 4464203 1.5684
11 4475616 2
11 4477120 2
11 4489357 1.2165
11 4500344 1.166
11 4506503 1.199
11 4506766 1.199
11 4510623 0.6033
11 4510885 1.199
11 4511439 1.199
11 4514236 1.199
11 4517555 1.1822
11 4522286 2.4063
11 4530822 1.1822
11 4531636 2
11 4532177 2
11 4533299 2
11 4535890 2
11 4536241 1.90735299965202
11 4537233 2
11 4539139 0.132291709961421
11 4539274 2
11 4542360 2
11 4549128 1.2165
11 4549602 0.9889
11 4557172 2.5021
11 4566246 0.834941615425915
11 4567366 1.02725829577573
11 4574983 2
11 4575295 2.3667
11 4577483 2
11 4583315 2
11 4588655 1.8325
11 4592463 0.3722238482312
11 4600093 0.2644
11 4600929 2
11 4615947 2
11 4622237 2
11 4625916 2
11 4630194 1.43873286540623
11 4631264 2
11 4636316 1.4803
11 4638628 0.5286
11 4640338 2
11 4644764 2
11 4649391 0.0822
11 4657311 2
11 4657621 0.0822
11 4672902 2
11 4696668 2
11 4709090 0.165281169172525
11 4716860 1.17416392113607
11 4721696 2
11 4724328 2
11 4726522 0.791968881703874
11 4730906 0.543342746114676
11 4734657 2
11 4734702 2
11 4736708 0.263304245431555
11 4740015 2
11 4764874 2
11 4772419 1.1555
11 4792974 1.3084076045604
11 4793431 2.87553658604754
11 4799219 0.130424825449386
11 4799303 1.5417
11 4799791 1.27953102132114
11 4800242 1.26029361431421
11 4803123 0.0264727705711168
11 4804922 0.6637
11 4855949 0.5082
11 4855950 0.5082
11 4875024 0.1668
11 4883237 2
11 4890962 0.1935
11 4891013 2.1024
11 4897855 1.6627
11 4897943 0.495
11 4910634 1.1454
11 4922356 1.4016
11 4932428 1.1388
11 4936901 0.3364
11 4936924 1.1818
11 4950665 1.55053601246812
11 4951032 0.313868408479938
11 4951198 0.3994
11 4953004 0.328939516006619
11 4953857 0.4096
11 4955558 1.5236
11 4961931 0.3489
11 4965506 0.3489
11 4970242 1.9106
11 4984988 0.4904
11 4995076 2
11 4999279 2
11 5011356 2
11 5011706 0.0329
11 5028719 2
11 5031402 1.0646
11 5036378 2
11 5036474 2
11 5037466 2
11 5039767 2
11 5042763 2
11 5043818 2
11 5044610 2
11 5044857 2
11 5051738 2
11 5057438 2
11 5060189 0.255916544580887
11 5060498 2
11 5062345 1.3545
11 5071166 1.0952
11 5076572 0.4284
11 5086753 0.4284
11 5093962 0.6475
11 5096233 0.6133
11 5099771 1.13547219983241
11 5100390 0.100853410077952
11 5100436 2
11 5101603 0.6475
11 5103603 2
11 5116616 0.2827
11 5120409 0.478
11 5156694 0.131
11 5156848 2
11 5170319 0.0484
11 5172180 0.0542
11 5173851 0.0542
11 5178430 0.0053
11 5181732 2
11 5181802 2
11 5187808 0.0484
11 5189669 0.0046
11 5192046 2
11 5201169 1.53486126733611
11 5211343 0.266415210870521
11 5213551 0.264910643797637
11 5218962 0.0078
11 5227612 0
11 5228140 2
11 5237199 2
11 5238059 2
11 5242347 2
11 5254177 2
11 5259051 0.6959
11 5261278 2
11 5269140 0.64
11 5289276 2
11 5307131 0.1418
11 5313482 0.519988277725783
11 5317587 0.0505
11 5321971 0.0505
11 5322707 0.6794
11 5323269 0.0505
11 5323617 0.0505
11 5327902 0.5499
11 5329772 0.1089
11 5345761 2
11 5348215 2
11 5352498 1.11725187981944
11 5353556 0.370422210448078
11 5355220 2
11 5356177 2
11 5356603 2
11 5356616 2
11 5356738 2
11 5357328 2
11 5357936 2
11 5358138 0.441354779646347
11 5360694 0.7088
11 5363343 2
11 5364702 0.274724643726041
11 5366063 0.559992630402828
11 5366200 1.31323003215657
11 5366563 0.752444449396881
11 5371314 0.543084958020083
11 5372101 0.5303
11 5372359 0.195522558362363
11 5373250 2
11 5373405 0.7088
11 5374278 0.7037406747734
11 5379702 0.568318515640503
11 5381159 0.0086
11 5383882 2
11 5383920 2
11 5384893 0.9197
11 5386840 2
11 5389109 2
11 5391368 2
11 5393954 2
11 5401852 2
11 5404931 2
11 5404943 2
11 5406907 2
11 5408214 2
11 5409913 2
11 5411891 2
11 5412670 2
11 5414774 2
11 5418858 0.2829
11 5420031 2e-04
11 5421755 2
11 5422733 0.2397
11 5422831 0.2397
11 5422920 1.9751
11 5423831 0.9197
11 5424701 1.7433
11 5430144 2
11 5444248 0.1144
11 5451611 0.2554
11 5455822 0.582204659645592
11 5456114 0.873113853033597
11 5460301 0.4218
11 5461647 0.4218
11 5465137 2
11 5465266 2
11 5465567 2
11 5469313 0.148580443471297
11 5472327 1.74238198519269
11 5472465 0.7682
11 5476569 2
11 5477419 0.7941
11 5481613 2
11 5490059 0.0162
11 5490471 2
11 5493662 2
11 5497748 1.28547904722238
11 5507922 2
11 5515079 1.6062
11 5521954 0.47898738149931
11 5526300 0.0550677890519525
11 5533613 0.449462034509379
11 5534775 0.0461
11 5535987 0.0461
11 5545600 0.0461
11 5566944 2
11 5576559 0.0429250504809273
11 5582390 2
11 5583207 0.0460698343092805
11 5583811 2
11 5592931 0.775719622892029
11 5602211 2
11 5602222 0.3396
11 5607715 1.7766
11 5610392 0.0053
11 5615917 1.2482
11 5616248 1.3958
11 5618643 1.0789
11 5621782 0.8825
11 5633013 0
11 5633146 2
11 5640278 0.8533
11 5641381 0.8533
11 5645108 1.0142
11 5660137 1.1769
11 5669511 1.0789
11 5669871 1.0789
11 5670244 1.0897
11 5671313 0.0078
11 5672541 0.2597
11 5680981 0.7793
11 5682178 0.9023
11 5684420 0.7793
11 5693134 1.1152
11 5699096 2.0836
11 5701571 0.8303
11 5708784 1.4544
11 5725036 5e-04
11 5730380 2.1564
11 5740096 0.1696
11 5741724 1.1769
11 5741844 1.1769
11 5746768 0.1073
11 5747108 0.4908
11 5749238 0.2866
11 5753502 1.2004
11 5757308 1.2004
11 5759083 0.895504554899767
11 5759486 2
11 5767981 1.5425
11 5768038 0.6474
11 5781270 0.0436
11 5784320 1.3387
11 5788000 1.3387
11 5799093 1.7255
11 5805349 0
11 5806222 2
11 5806797 1.4016
11 5813012 1.4016
11 5813361 1.4016
11 5813622 1.4016
11 5820174 2
11 5820626 2
11 5826030 1.4515
11 5830771 1.7357
11 5835268 1.00117342821019
11 5837274 1.93696554497495
11 5839733 0.449242001582331
11 5839793 0.527491581671276
11 5840558 1.20133664084918
11 5841707 2.45082125000644
11 5843755 2.48021852990175
11 5845367 1.52617561670446
11 5858843 0.1949
11 5862294 0.298439125748724
11 5865717 0.305296350493732
11 5866963 0.548702200611517
11 5868264 0.947163950133789
11 5868315 0.621185694280431
11 5878655 0.1949
11 5883267 0.496382903567967
11 5889008 0.537489894668092
11 5891250 0.1949
11 5901270 1.1661
11 5904139 1.089
11 5904202 2
11 5912814 0.60840621222474
11 5913128 2
11 5915835 0.806592874928471
11 5916057 1.1661
11 5916573 1.1661
11 5916684 2.1564
11 5919470 0.908391119817989
11 5926042 1.1661
11 5926074 2
11 5935116 2
11 5942523 2
11 5964962 2
11 5969932 0.433538242238201
11 5980883 2
11 5981361 0.4181
11 5981568 2
11 5992434 0.155628035073576
11 6000758 0.292677363140791
11 6004067 0.986356059854284
11 6009345 0.2235
11 6013029 0.2235
11 6013882 0.134721909593043
11 6014747 0.2235
11 6016820 0.2401
11 6028927 2
11 6035780 0.511757500743363
11 6072094 0.635320822362855
11 6077379 0.0780542912914527
11 6082756 1.63565531237748
11 6085208 0.932386998446867
11 6086625 1.97335424115527
11 6088439 0.472483391908416
11 6088774 0.5264
11 6089443 0.94268061021994
11 6092212 0.577174211787725
11 6097205 2
11 6097976 0.275721731715513
11 6100967 1.37602130481872
11 6101079 1.70367358946487
11 6101917 0.5153
11 6112776 1.02638839279915
11 6119289 1.953
11 6129974 0.336522377405866
11 6138712 2
11 6143470 0.0274
11 6144136 0.0274
11 6147971 1.8474
11 6161636 0.701666914510811
11 6166829 2.3376
11 6174579 2
11 6185511 1.42165260307609
11 6194341 0.916301480022939
11 6207364 2
11 6221049 2
11 6224821 2
11 6229892 2
11 6266688 0.733802391514739
11 6267991 2
11 6274635 2
11 6277691 0.481210446796872
11 6282267 0.588
11 6292403 0.603
11 6306304 0.250162928280494
11 6315171 0.170241013924411
11 6375504 2
11 6376135 2.1063
11 6383151 1.1209
11 6388086 0.9324
11 6390370 1.1662
11 6415446 1.7994
11 6416005 0.8686
11 6417112 0.8686
11 6429275 0.129103463557371
11 6438608 0.5281
11 6489418 1.9713
11 6526578 0.274808756203644
11 6535170 1.86009177867435
11 6541512 0.945734308496745
11 6543444 0.410460541492885
11 6596297 0.36307666696705
11 6597318 0.4089
11 6602951 1.0794
11 6605862 0.7586
11 6612958 2
11 6617275 2
11 6642549 0.6199
11 6655653 2
11 6662311 0.1218
11 6665299 0.0488
11 6666919 7e-04
11 6667833 0.0963
11 6684982 2.6444
11 6697887 0.4848
11 6705767 2
11 6706989 0.515
11 6713366 2
11 6725286 2
11 6729645 2
11 6734245 2
11 6736574 2
11 6736993 2
11 6738523 2
11 6740106 1.1626
11 6748170 0.0564
11 6752208 1.1626
11 6755320 2
11 6756057 2
11 6756499 2
11 6757523 2
11 6758984 2
11 6759611 0.0564
11 6760735 1.1223
11 6762272 2
11 6770475 2
11 6771783 2
11 6774950 2
11 6776618 2
11 6779246 5e-04
11 6784293 2
11 6787170 2
11 6807740 0.1497
11 6809552 2
11 6811207 0
11 6811988 2.9984
11 6812749 2
11 6819528 0.1497
11 6824982 0.1497
11 6829745 0.1569
11 6830801 0.1569
11 6832862 0.1569
11 6845398 2
11 6847688 2
11 6850969 0.4265
11 6852370 0.4265
11 6853008 0.4265
11 6860899 0.4378
11 6861723 0.1497
11 6863330 0.4265
11 6869715 2
11 6871635 2
11 6872311 2
11 6876020 2
11 6879658 2
11 6890041 0.1497
11 6892941 2
11 6896548 0.4108
11 6896577 0.4108
11 6905642 0
11 6925400 1.5373
11 6940515 0.5387
11 6948748 0.164517356133417
11 6980465 0.3126
11 6981436 1.19482018902362
11 6981465 0.3126
11 7002220 2
11 7009248 2
11 7015278 0.0162
11 7017738 2
11 7035139 2
11 7036327 2
11 7040294 2
11 7050694 0.3279017998272
11 7062028 2
11 7066231 2
11 7070541 2
11 7082809 0
11 7087582 2
11 7111014 2
11 7112573 2
11 7115050 1.4023
11 7115254 2
11 7118484 5e-04
11 7126112 2
11 7128515 2
11 7132511 2
11 7134002 2
11 7134071 2
11 7156596 0.0386
11 7175805 0.3919
11 7188237 0.4008
11 7202892 2.2412
11 7203518 2
11 7204628 1.526
11 7221874 1.26656670203786
11 7224411 1.5483
11 7247581 0.810297863631167
11 7262018 0.2769
11 7294104 0.484
11 7295344 0.484
11 7303776 1.58647095452501
11 7310566 2.067
11 7322531 0.8336
11 7324156 0.7696
11 7326357 0.214109044772174
11 7326653 5e-04
11 7330568 0.423755774308986
11 7332906 0.254476165721695
11 7340556 0.9576
11 7342192 0.748108883368513
11 7356990 0.719
11 7357210 1.38898953806153
11 7362704 1.0704
11 7369230 0.2479
11 7374960 1.0638
11 7379453 0.0601369859620173
11 7379802 2
11 7386451 0.0263
11 7386624 0.821830788400106
11 7394059 0.7889
11 7397661 1.0075
11 7414184 2
11 7425285 0.83
11 7431446 2
11 7433608 2
11 7447888 1.18961526520616
11 7456809 0.170437479981091
11 7459227 0.396845892171999
11 7461169 1.36855123063956
11 7461704 0.0334475329337267
11 7466474 2
11 7484746 2
11 7487585 0.930024226502198
11 7488678 1.2069377895271
11 7495340 1.6243
11 7502456 2
11 7503902 2
11 7508043 2
11 7518722 1.6347
11 7520321 1.45386159171747
11 7534826 2
11 7535844 2
11 7545062 2
11 7549376 0.271954104465802
11 7550486 0.742928897511427
11 7553229 2
11 7557573 2
11 7558712 2
11 7564044 2
11 7571420 0.164855171537934
11 7604646 1.2252
11 7619960 2
11 7621176 0.0445
11 7627519 2
11 7636590 0.16234308296131
11 7644594 2
11 7654348 0.695201650290685
11 7668402 0
11 7673531 0.660325348225436
11 7688538 2
11 7689646 2
11 7692826 2
11 7693796 2
11 7702436 2
11 7706325 2
11 7719230 3.62000374238576
11 7720298 2.0382
11 7726539 1.918
11 7738413 0.8147
11 7741386 1.75612316599189
11 7744374 1.3863
11 7747090 1.5475
11 7754514 1.8518
11 7754702 0.011
11 7761733 1.9677
11 7763220 0.353251872086171
11 7774348 1.06012000911347
11 7781016 2
11 7782454 1.9677
11 7783637 2
11 7788599 2
11 7790821 0.011
11 7791772 2
11 7792702 2
11 7794560 2
11 7794665 0.011
11 7797534 2
11 7798610 0.2582
11 7799272 2
11 7799933 2
11 7802626 2
11 7806376 2.6046
11 7812584 1.26427830731458
11 7812614 2
11 7813691 0.189747586115071
11 7815561 2
11 7816112 0.011
11 7818067 2
11 7819539 2
11 7826838 2
11 7829880 2
11 7833274 2
11 7834962 2
11 7837026 0.1662
11 7837857 2
11 7842168 2
11 7845216 0.011
11 7846043 2
11 7854292 2
11 7857855 2
11 7859905 0.250676854361846
11 7860352 1.9421
11 7867066 0.5854
11 7868591 0.5854
11 7875789 1.33723610520272
11 7880344 1.7905
11 7881627 2
11 7881794 2
11 7884032 2
11 7892705 1.0418
11 7896625 2
11 7901314 0.7798
11 7906681 2
11 7910881 2
11 7916050 0.4288
11 7920238 0.0444
11 7920408 2
11 7925958 2
11 7929993 0
11 7936667 0.0444
11 7940250 0.7539
11 7947143 0.615766475061547
11 7966122 1.5236
11 7985166 0.746494120542915
11 8012628 0.0115791971729285
11 8038173 2
11 8044504 0.422
11 8050343 2
11 8053841 0.4617
11 8068218 2
11 8073135 2
11 8089993 0.0128263188419471
11 8097751 2
11 8099355 0.0579
11 8111409 1.5165
11 8111874 1.5245
11 8131268 1.5245
11 8133597 1.5245
11 8148574 1.5165
11 8157932 1.5165
11 8159226 1.5245
11 8172193 0.0855
11 8181136 0.0078
11 8181854 0.2412
11 8189614 1.5495
11 8190476 0.0252
11 8195619 1.0649
11 8197093 0.1605
11 8199568 0.1678
11 8201352 0.07
11 8217974 1.2839
11 8245336 1.5411
11 8246235 0.327837517218041
11 8248997 2
11 8252426 0.958947866312965
11 8254702 0.3651
11 8257499 1.3629
11 8285975 2
11 8293949 0.842025504782779
11 8299581 0.011
11 8301992 2
11 8304411 2
11 8305111 2
11 8308293 1.30193447869638
11 8309947 0.1762
11 8311395 2
11 8312771 1.042
11 8316312 2
11 8316810 2
11 8328994 0.6495
11 8362982 0.5439
11 8397090 0.5762
11 8420607 2
11 8424970 2
11 8435690 2
11 8449548 0.0263
11 8458421 2
11 8469676 1.0517
11 8471958 1.6561
11 8490746 2.06588893082691
11 8523938 2
11 8557262 5e-04
11 8564142 0.219547088930208
11 8583046 2
11 8595099 2
11 8599596 0.352585387297586
11 8606345 2
11 8610909 2
11 8653539 0.8526
11 8655638 0.6375
11 8683981 2
11 8704079 0.6434
11 8756805 1.1313
11 8763100 0.6122
11 8766073 1.1003
11 8776134 1e-04
11 8776148 0.0791
11 8803449 0.708
11 8805012 0.7395
11 8822223 0.945475930148904
11 8823742 0.520433187723779
11 8839571 0.744
11 8841297 0.6878
11 8845923 3.1284
11 8854006 5e-04
11 8864713 0.791
11 8870776 0.6146
11 8871751 0.022
11 8885089 0.5844
11 8887270 0
11 8891609 0.7554
11 8921395 0.7554
11 8944596 0.7088
11 8946032 3.2237
11 8954201 1.17271632618086
11 8955012 0.7088
11 8973168 0.7435
11 8974271 0.6146
11 8979446 0.3012
11 8992092 0.7395
11 9003108 1.1664
11 9046252 1.8558
11 9068007 0.9759
11 9073019 0.0717
11 9094677 0.4357
11 9099427 5e-04
11 9104414 0.4279
11 9119366 1.3542
11 9150228 0.6183
11 9152113 2.5422
11 9152775 0.5686
11 9152993 0.530428166333304
11 9153234 3.0037
11 9158381 0.6033
11 9163916 2.877
11 9173964 0.8361
11 9198993 2
11 9223469 0.00269625559705713
11 9234579 2.085
11 9267228 2.37
11 9268607 0
11 9275402 0.017689208511354
11 9275633 0.301434083808561
11 9275672 0.693488936766945
11 9285088 0.263061766158554
11 9289625 0.509505111986279
11 9291776 1.373
11 9299852 0.0447
11 9305201 1.372
11 9306257 1.373
11 9314790 2.1108
11 9316315 0.292
11 9327724 0.6107
11 9337731 0.2405
11 9338858 0.6413
11 9349875 1.32613238004926
11 9356352 0.633746232332619
11 9357769 0.997830471158121
11 9358986 0.663913820981063
11 9379784 0.8112
11 9397343 1e-04
11 9426909 0.8385
11 9434375 1.09353962712404
11 9449750 1.79455841489189
11 9459030 1.503
11 9459153 0.485661389475721
11 9461525 2
11 9473306 1.0763
11 9479727 1.0763
11 9480200 1.28175048818016
11 9497873 2.49547733809898
11 9518776 0.122162859170689
11 9541387 0.0078
11 9548310 1.0763
11 9562236 0.487877183405119
11 9567306 1.0879
11 9569896 0.518829835809723
11 9572694 0.394167471235519
11 9595925 1.71579254345063
11 9614829 0.605114201067869
11 9627799 2.365
11 9628875 2.365
11 9643479 0
11 9657220 0.0273
11 9664023 0.0217
11 9676982 2.0406
11 9701828 0.447042759989475
11 9705174 0.0897
11 9707419 1.25455177162747
11 9709126 0.00573470851450888
11 9710548 0.275161064145459
11 9713151 1.9813
11 9714110 0.771538997015201
11 9722003 0.669569206177579
11 9722170 1.65910591683861
11 9725410 2
11 9727604 0.952727555400485
11 9728098 0.0184101785770953
11 9738371 0.8303
11 9748703 0.7755
11 9750140 0.7755
11 9757730 0.7886
11 9767277 1.2171
11 9781405 0.78240280956739
11 9798712 1.2744
11 9799750 0.397759611848449
11 9804453 2
11 9830943 0.1941
11 9833364 1.1996
11 9834041 2
11 9835779 1.2709
11 9840841 0.535
11 9841459 0.638
11 9860491 0.601365498066668
11 9877642 1.1996
11 9878894 2.895
11 9889927 1.63173418372032
11 9893059 1.1430673001258
11 9906433 1.11352358479651
11 9911934 0.3531
11 9925966 0.3531
11 9926557 0.3531
11 9932695 0.9792
11 9953746 1.1213
11 9959750 0.8448
11 9960221 1.1213
11 9969223 1.1358
11 9981718 0.3012
11 10011163 1.1358
11 10026140 0.784
11 10046866 0.6177
11 10054883 0.9188
11 10057887 0.9188
11 10081747 0.8524
11 10082407 0.6177
11 10094499 0.9099
11 10110590 2
11 10123308 0.84538276917219
11 10143872 1.1509
11 10159580 1.1358
11 10170902 2.0202
11 10182540 0
11 10193250 2
11 10194051 0.9661
11 10208304 0.9465
11 10209309 0.802
11 10220324 0.522
11 10231024 1.0994
11 10232239 0.9664
11 10235654 0.8927
11 10242007 0.8602
11 10266441 0.8524
11 10285334 0.8524
11 10352805 0.404886646777282
11 10361377 2
11 10370890 0.0684
11 10385023 0.7079
11 10385153 0.7169
11 10394881 1.14958812397239
11 10400457 0
11 10408640 0.305648739828247
11 10425131 0.18087213353757
11 10433651 1.1316
11 10436044 2
11 10446074 1.1316
11 10447406 2
11 10454214 0.3434
11 10464626 2
11 10468343 2
11 10472940 1.1101
11 10486001 0.7095
11 10491081 1.3371
11 10496742 0.51841762108031
11 10510897 0.128182223265515
11 10526501 2
11 10540593 2
11 10541133 1.6714
11 10613460 0.5622
11 10628782 0.4436
11 10633113 1.2004
11 10643048 0.2815
11 10650120 0.9279
11 10652192 2
11 10654234 0.5464
11 10654708 0.9334
11 10661090 1.0769
11 10667148 0.510348601882466
11 10669102 2
11 10670067 2
11 10670091 1.0769
11 10674254 2
11 10677307 2
11 10680039 1.0769
11 10695421 1e-04
11 10696647 2
11 10697582 2
11 10711586 1.9106
11 10715750 1.49923806215327
11 10719891 0.41327166402694
11 10725884 0.0211252308710032
11 10728854 1.8474
11 10734203 1.8325
11 10735787 0.3011
11 10746803 0.47
11 10762801 2.0005
11 10776722 2.0005
11 10776748 0.319173558935489
11 10783912 0.317686124702484
11 10788593 0.0053
11 10794163 0.739032048353169
11 10794407 0.211904692888467
11 10798837 0.0201895625858051
11 10800655 0.997466052304736
11 10801532 0.582002813025007
11 10809730 2
11 10828066 0.0273
11 10840554 1.6898
11 10843048 1.6347
11 10859527 2
11 10865180 0.4779
11 10871638 2
11 10899965 0.3339
11 10900847 0.444784080848014
11 10904177 0.3419
11 10906575 0.1323
11 10941508 0.299860767393393
11 10944205 0.130248467566101
11 10950928 6e-04
11 10952533 2
11 10955483 2
11 10967231 0.471863725322874
11 10983316 1.00509416265348
11 10983618 0.641522514153366
11 10985508 2
11 10985813 1.13297910287635
11 10989057 2
11 10991925 2
11 10991998 1.4557
11 10992228 0.435488331151235
11 10995402 2
11 11006714 2.6829
11 11010919 2
11 11015636 1.1742689045496
11 11016957 0.257742219023407
11 11022988 1.98235612488514
11 11025076 1.00399017368622
11 11053100 1.66026351239104
11 11058600 5e-04
11 11060415 1.4406720524228
11 11074244 2
11 11076843 1.06741981139833
11 11084528 2
11 11100633 2
11 11103082 2
11 11103929 2
11 11106156 0.385102752658292
11 11109119 2
11 11114248 2
11 11122564 2
11 11124891 0.6287
11 11139701 0.602
11 11145442 2.184
11 11146379 0.6474
11 11166075 2
11 11167584 5e-04
11 11172440 2
11 11172631 2
11 11180137 2
11 11180456 2
11 11194597 2
11 11197098 2
11 11198136 2
11 11201165 2
11 11223505 2
11 11223785 0.0933
11 11225379 0.7947
11 11230792 0.0933
11 11238616 2
11 11238771 2
11 11240434 2
11 11246679 4e-04
11 11246753 1e-04
11 11249665 0.5744
11 11253573 2
11 11256445 0.868496157187286
11 11275009 0.8653
11 11282704 2
11 11283335 2
11 11284833 2
11 11289379 2
11 11291538 2.5965
11 11302360 2
11 11306346 2
11 11311641 2
11 11314839 0.264708787778471
11 11316685 0.0139
11 11319052 0.0652
11 11322147 2
11 11333797 2
11 11336470 2
11 11338433 0.426356835258576
11 11341701 0.5303
11 11341758 0.713423575398111
11 11341918 0.654
11 11344353 2
11 11354341 0.981544598986051
11 11358396 2
11 11364793 2
11 11365031 2
11 11366166 2
11 11369038 2
11 11373942 2
11 11379572 0.693225874222132
11 11401060 2
11 11403359 2
11 11405218 0.939803627404849
11 11406484 0.617676280745971
11 11455298 0.2572
11 11465514 1.6207
11 11468799 2
11 11472456 2
11 11473670 2
11 11475968 2
11 11476525 0.575966059970086
11 11483226 0.501792983957572
11 11508281 2
11 11512180 2
11 11520922 2
11 11527620 0.0485
11 11534030 2
11 11554107 2
11 11558913 2
11 11570128 2
11 11573025 0.605
11 11577319 0.5758
11 11577630 0.317063413392107
11 11578648 2
11 11582659 2
11 11586837 0.113614247677472
11 11594916 2.9223
11 11648988 1.2984
11 11653500 1.3046
11 11669721 0.9173
11 11691262 2
11 11697514 2
11 11716958 1.1195
11 11723988 2
11 11728342 2
11 11738697 2
11 11742301 0.3234
11 11767821 1.0238
11 11778822 1.1195
11 11792979 0.9399
11 11801491 1.0082
11 11830985 1.1076
11 11836149 0.9092
11 11843153 0.1921
11 11850476 2.7007
11 11853901 0.22
11 11854071 0.0263
11 11854958 2.71375165410234
11 11856783 0.22
11 11875039 6e-04
11 11899281 2
11 11926630 1.63843625708736
11 11960430 0.4174
11 11960437 0.1612
11 11974995 1.1383
11 11977130 1.0788
11 11983751 2
11 11984438 2
11 11984770 2
11 11988413 2
11 12017731 2
11 12021722 1.1898
11 12024808 0.921259258804132
11 12026692 1.02442641025194
11 12029193 2
11 12038045 1.80021609797987
11 12041736 0.827049260302954
11 12044473 1.0273973804618
11 12049458 0
11 12050666 0.7571
11 12055041 1.27093686061481
11 12055277 0.138138842098235
11 12062637 0.722501130886651
11 12065766 0.435030733641791
11 12068952 1.7774
11 12073239 2
11 12082606 0.3613
11 12085746 0.3613
11 12088521 0.4637
11 12088889 1.06962924489092
11 12108087 0.9001
11 12116977 2
11 12131813 0.5078
11 12138494 2
11 12141932 0.465932551303372
11 12145772 0.490849387180703
11 12152150 2
11 12153661 2.7095
11 12195432 2
11 12207367 2
11 12220483 2
11 12223796 1.50592311206262
11 12224657 1.11302706448292
11 12233999 0.627979143177756
11 12243823 0.602657664394091
11 12245037 0.544487074711078
11 12246953 0.210129091878058
11 12263403 1.7505
11 12271551 0.884137062993655
11 12271569 0.329
11 12277311 2
11 12280292 2
11 12280981 2
11 12282244 2.1858
11 12283504 2
11 12293639 2
11 12296761 2.1602
11 12296789 2
11 12310269 0.118975111000443
11 12312319 0.560412330662036
11 12313161 2
11 12327529 2
11 12330821 0.0089
11 12333359 0.0089
11 12334494 0.7687
11 12334609 5e-04
11 12336178 0.5532
11 12338534 0.5532
11 12340684 0.709
11 12349075 2
11 12360118 0.2701
11 12373029 2.2635
11 12375747 0.0558
11 12375985 0.0558
11 12398465 0.0078
11 12416299 2
11 12422629 0.0471580953507177
11 12457895 1.3352
11 12464921 1.2984
11 12472678 4e-04
11 12480184 2
11 12482663 2
11 12496690 2
11 12522893 2.5815
11 12523110 0.0053
11 12528214 0.6295
11 12534061 0.392222081991714
11 12534263 1.21678944471104
11 12550039 2
11 12563591 2
11 12563970 2
11 12567371 2
11 12568750 2
11 12569335 2
11 12579233 0.9102
11 12582845 2
11 12582984 2
11 12588222 2
11 12595097 2
11 12599610 0.0835
11 12601091 2
11 12604199 2
11 12609826 0.8818
11 12612685 0.8818
11 12615462 1.1193
11 12618942 2
11 12626325 2
11 12628063 0.0721
11 12633766 2
11 12635198 2
11 12638877 2
11 12641010 1e-04
11 12641134 0
11 12662491 2
11 12663930 2
11 12680047 2
11 12697839 2
11 12726554 2
11 12751723 2
11 12785448 0
11 12801041 2
11 12830098 2
11 12834743 2
11 12854247 2
11 12854944 2
11 12867938 2.7095
11 12872255 1.13997994435939
11 12883778 0.978225296859637
11 12889815 2
11 12904728 2
11 12907355 2
11 12907573 0.9436
11 12923784 0.5456
11 12929293 2
11 12931004 0.7138
11 12934960 0.7138
11 12935282 2
11 12936071 0.7138
11 12947231 2
11 12951094 2
11 12956257 1.86928667226399
11 12963759 1.04962298047512
11 12964436 0.104762261463958
11 12964940 0.437339966124878
11 12970154 1.05499960372269
11 12971602 2
11 12980562 1.5842
11 12996468 0.0290074645582107
11 12997671 2
11 13003320 2
11 13032548 2
11 13039735 2.1564
11 13048368 2
11 13053753 0.8331
11 13055718 0.0988
11 13063704 2
11 13065570 0.0988
11 13069324 2
11 13070337 2
11 13083095 0.339455290483091
11 13086160 2
11 13087131 2
11 13088036 2
11 13088093 2
11 13088694 2
11 13092282 2
11 13102977 2.10365830668746
11 13108785 2
11 13108792 2
11 13113108 2
11 13117659 2
11 13120964 0
11 13123869 2
11 13133123 2
11 13134488 2
11 13136269 2
11 13136482 2
11 13143249 2
11 13144128 1.67651684589701
11 13151632 2
11 13163904 5e-04
11 13171955 1.21504529660307
11 13173008 0.605740874927548
11 13188766 2
11 13197388 2
11 13198622 0.1553
11 13203886 0.1418
11 13207777 0.0899
11 13218234 0.257802496578308
11 13218903 0.525
11 13219878 0.9509
11 13224224 1.6235
11 13224675 0.525
11 13235890 0.0263
11 13240943 0.4521
11 13245652 0.728232235067682
11 13248399 0.3549
11 13253693 0.3549
11 13257390 1.2345
11 13258063 1.2345
11 13271180 0.2311
11 13274204 0.0269
11 13274220 0.2311
11 13276378 0.2311
11 13279465 0.0162
11 13284198 0.680454608734114
11 13285548 0.8381
11 13288403 2
11 13293235 0.0162
11 13340744 1.5288
11 13341701 0.2802
11 13358241 0.8578
11 13377061 0.7362
11 13382296 1.70215701904089
11 13399484 0.7668
11 13409030 0.0933
11 13409981 0.7668
11 13414236 0.087
11 13417052 0.087
11 13418184 2
11 13419897 2
11 13436790 2
11 13437198 0.171844316469687
11 13448939 0.087
11 13459877 2
11 13470334 1.33040145671627
11 13491830 2
11 13501947 0.981208046773609
11 13506121 0.456902266332503
11 13524437 0.375638937420187
11 13552067 2
11 13576760 1.7014
11 13576869 0.136803065224488
11 13583129 0.345965135251392
11 13583685 0.418970137388816
11 13596061 0.365893814817429
11 13598755 1.22225802107315
11 13607471 1.41991590402187
11 13608069 2
11 13609613 1.2356
11 13611591 1.7994
11 13616113 2
11 13626583 0.494939394344114
11 13626943 1.95140721283429
11 13649914 1.2356
11 13652210 0.234771533272947
11 13660387 0.9518
11 13672681 0.9518
11 13680837 2
11 13682108 0.893407067798764
11 13708093 2
11 13722862 1.50050957652253
11 13729958 1.39746518100721
11 13757166 0.056
11 13764168 1.0552
11 13783169 0.0137
11 13798031 1.3385
11 13802926 0.96798552531072
11 13805737 1.3385
11 13866453 1.1692
11 13868244 0.8816
11 13873414 2
11 13879265 2
11 13887312 2
11 13907499 2
11 13909546 2
11 13918489 2
11 13921729 2.7095
11 13926171 2
11 13949253 1.0789
11 13961074 2
11 13961232 2
11 13963173 2
11 13990159 0.859868333780992
11 13995214 1.2852
11 14012481 0.727840899310039
11 14031785 2
11 14060987 2
11 14066737 2
11 14084239 2
11 14090363 2
11 14090670 2
11 14092213 2
11 14102542 0.594402507658866
11 14103939 1.5225800353966
11 14104207 1.0078706027158
11 14140543 2
11 14147150 2
11 14156477 2
11 14158945 2
11 14160299 0.721483476831935
11 14160510 0
11 14164061 2
11 14172492 2
11 14189956 2
11 14192508 2
11 14256920 1.62610132360988
11 14261331 1.23793430729705
11 14270831 2
11 14273162 1.33730659199365
11 14282659 2
11 14283555 0.462959690245046
11 14310421 2
11 14333654 0.676
11 14352760 1.4096
11 14353467 2
11 14385566 1.0789
11 14389687 0.905023633742223
11 14435375 0.0856
11 14437912 0.5054
11 14447897 0.5054
11 14456678 0.5054
11 14461728 0.5054
11 14463044 2
11 14473138 2
11 14487430 2
11 14490514 2
11 14505588 2
11 14509320 2
11 14517987 1.6672
11 14535455 2
11 14539973 0.660508166535322
11 14540780 0.6118
11 14591582 2
11 14592869 2
11 14595739 2.6829
11 14609273 2
11 14657348 2
11 14660445 2
11 14687778 0.977385734901094
11 14704696 2
11 14711500 2
11 14739394 0.622857565085726
11 14769965 2.2379
11 14809892 0.589472339122495
11 14824070 2
11 14844120 2
11 14851058 1.3717
11 14866284 2
11 14898690 1.791
11 14904868 2
11 14908414 2
11 14910599 2
11 14910662 2
11 14914159 1.8928
11 14945799 2
11 14953057 2
11 14954495 2
11 14963076 2
11 14997161 2
11 15054812 2
11 15057313 2
11 15062797 2
11 15064356 2.6497
11 15070295 2
11 15090034 2
11 15095171 2
11 15096540 0
11 15102027 2
11 15109825 2
11 15114716 2.6497
11 15116786 0.0078
11 15123120 0.0244
11 15146923 0.5032
11 15158443 0.309466708623743
11 15164359 0.591649068075579
11 15186717 0.715539789344204
11 15192915 0.153178689085464
11 15203849 2
11 15206642 2
11 15206904 0.503470747456558
11 15208724 2
11 15211120 2
11 15214351 2
11 15227037 0.5983
11 15229105 0.0222877061977765
11 15246670 0.6839
11 15271475 0.98315356547898
11 15271841 0.0152699421550429
11 15274050 1.44410029253974
11 15274622 0.847475671047537
11 15280593 2
11 15290134 1.176
11 15296293 2
11 15306448 0.899985670985999
11 15313554 5e-04
11 15320905 2
11 15329341 1.83012109536317
11 15335269 0.0533714014823869
11 15357037 2
11 15357687 2
11 15361661 2
11 15367163 2.75720322136778
11 15372341 0.0273
11 15374522 1.16090849815532
11 15377455 1.3217
11 15382477 0.6897
11 15393975 0.34135241746512
11 15403155 1.78289963648743
11 15408458 0.633459205607037
11 15417418 0.542109154110912
11 15417966 0.3010165765011
11 15434922 0.5615
11 15435921 0.62988027162178
11 15444314 0.0971
11 15447819 0.0078
11 15460358 0.782064074390149
11 15463195 2.10121604910848
11 15465316 0.485862341376765
11 15479797 1.9828
11 15491206 2
11 15502098 1.2012
11 15502855 1.1894
11 15507298 1.2012
11 15512430 2
11 15529030 1.2012
11 15529987 1.2012
11 15538843 0.954210254660737
11 15538880 1.2365
11 15539649 0.421798570396276
11 15553205 2.1766
11 15553805 0.137
11 15571903 1.93965705717291
11 15579494 0.449850034954333
11 15588257 2.53827031700901
11 15599040 1.3138
11 15604241 0.098
11 15609312 0.5452
11 15701641 2.53509472139654
11 15719298 1.48439217692444
11 15733810 0.15625726550643
11 15736229 0.5926
11 15748751 0.460238417229924
11 15769278 1.2948
11 15783762 1.2948
11 15814798 0.0085
11 15822828 0.7502
11 15823955 0.7755
11 15833242 1.8601
11 15835152 1.8601
11 15836747 0.7691
11 15841422 1.2166
11 15871765 0.3201
11 15888066 0.3201
11 15896111 0.839909931048868
11 15900110 0.0223070398495301
11 15911231 2
11 15983016 0.5233
11 15983062 0.5233
11 15997191 0.5233
11 16076365 2.19818917096321
11 16164991 1.28
11 16184901 0.5935
11 16192716 0.5935
11 16200932 0.5935
11 16203331 0.6107
11 16210121 2
11 16214163 1.0516
11 16217171 2
11 16225929 2
11 16230330 5e-04
11 16231436 2
11 16264763 2
11 16269667 0.9853
11 16273420 2
11 16285483 2
11 16319689 2
11 16329495 2
11 16336304 2
11 16341387 2
11 16346204 2
11 16355498 0.7991
11 16362176 0.3094
11 16366765 2
11 16379847 2
11 16385216 2
11 16398375 0.3531
11 16412451 0.3531
11 16426642 2
11 16437270 2
11 16437282 2
11 16451875 0.131605346906407
11 16463152 0.8222
11 16468504 0
11 16468553 1.0426
11 16512868 0.5851
11 16519502 0.5851
11 16529402 2
11 16550114 1.0064
11 16561895 3.0025
11 16567553 3.0021
11 16571155 1.0064
11 16571590 1.0064
11 16572150 4e-04
11 16587478 2
11 16589911 1.0426
11 16608746 0.5022
11 16651647 0
11 16677598 0.6982
11 16687803 2
11 16692092 0.279
11 16705969 0.149
11 16711406 2
11 16713944 0.667
11 16721582 2e-04
11 16726235 0.667
11 16729941 0.1421
11 16739177 2
11 16742680 0.1421
11 16751496 0.1421
11 16759605 0.0089
11 16805596 0.8308
11 16824023 1.2473
11 16825733 2
11 16835007 2
11 16843147 2
11 16868397 2
11 16886004 2
11 16888323 0.873901734861874
11 16892437 0.0204177271124976
11 16900857 1.05660591305568
11 16912602 2
11 16920453 0.0263
11 16950754 0.1109
11 16964556 0.1109
11 16974756 0.815102330586725
11 16974917 0.858089023787281
11 17002333 1.00619831116811
11 17005323 0.8961
11 17013008 0.00443862914784137
11 17017141 0.720199943237783
11 17017480 2
11 17024694 0.110971158000514
11 17025701 2.0016890508813
11 17032331 2.52053186554549
11 17034171 0.586829166279804
11 17035040 0.6756
11 17036227 0.123412915934074
11 17058198 2
11 17076148 2
11 17079619 2
11 17115551 2
11 17123121 0.0053
11 17126630 2
11 17131149 2
11 17149990 0.7172
11 17174309 0.875054277147214
11 17174316 0.337767478676629
11 17185533 2
11 17194913 2
11 17206181 2
11 17220525 2
11 17220691 2
11 17227046 0.7172
11 17227591 2
11 17230893 2
11 17236136 2
11 17242386 2
11 17259049 2
11 17260945 2
11 17262066 0.7172
11 17273241 2
11 17277843 2
11 17278321 2
11 17282259 4e-04
11 17284307 0.5142
11 17287630 2
11 17330326 0.8359
11 17346844 2
11 17349154 2
11 17356037 2
11 17357796 2
11 17363538 2
11 17382143 1.0426
11 17388597 0.6033
11 17391217 1.019
11 17406275 2
11 17429444 0.7965
11 17438384 0.784359542612147
11 17444498 0.644629122384283
11 17467559 0.0520139709565318
11 17468717 1.81030217345343
11 17469582 0.150910507400509
11 17469789 1.4489691484682
11 17478338 2
11 17479017 0.420354267564547
11 17484755 0.5956
11 17489880 0.0745
11 17497001 2
11 17513304 2
11 17521006 1.3572
11 17528591 0.3502
11 17530773 2
11 17532963 0.713333029347525
11 17533367 0.102
11 17540566 0.734926051885735
11 17544914 2.3046198119758
11 17548338 2
11 17550737 2
11 17551782 2
11 17555676 0.7727
11 17562038 5e-04
11 17572162 2
11 17577546 0.80466412150254
11 17578252 2
11 17583145 0.5926
11 17583894 0.5926
11 17590490 0.89295711248101
11 17592866 2
11 17594181 2
11 17600161 2
11 17623040 2
11 17628511 1.7286
11 17641897 2
11 17668048 2
11 17669943 2
11 17681094 2
11 17684082 2
11 17693186 2
11 17698903 2
11 17699574 0.0162
11 17701911 2
11 17706806 2
11 17711424 0.0053
11 17737040 0.6764
11 17748262 0.0461
11 17755203 2
11 17794865 0.1071
11 17812070 2
11 17812660 2
11 17813495 2
11 17850113 0.0541485974678886
11 17856056 2
11 17860503 2
11 17861251 0.225969028272803
11 17871686 2
11 17873155 2
11 17896725 2
11 17900218 2
11 17902217 2
11 17915037 0.5871
11 17918666 2.7003
11 17921284 0.729195232144559
11 17937568 2
11 17963726 0.360888282924771
11 17963942 0.537888027111507
11 17998546 2
11 18000832 2.0859
11 18005116 0.577127448037776
11 18039353 0.205
11 18047989 2
11 18048343 2
11 18084608 2.0073
11 18093000 2
11 18111730 2
11 18119895 1.0061
11 18121470 2
11 18143140 2
11 18145392 0.1252
11 18147496 0.110980969802129
11 18148483 0.922774436691859
11 18152237 0.426292014982644
11 18158106 0.210327828479347
11 18159005 2.81683474626832
11 18159580 0.6074
11 18160076 0.734912276937597
11 18160326 0.0509553190416629
11 18161804 2.5895
11 18168728 1.33060396102943
11 18177333 2
11 18185439 5e-04
11 18187566 0.743324566690056
11 18190837 2
11 18197166 0.6128
11 18206442 0.965627930422241
11 18231590 0.600514237155233
11 18245806 1.22226270212336
11 18264723 2
11 18271338 0.2952
11 18301749 0.8263
11 18305211 0.105083398839881
11 18327034 0.592451752974931
11 18333761 0.995758429248365
11 18342593 0.411887006938062
11 18352732 0.679692471212021
11 18358082 0.798558332575275
11 18382752 1.0332
11 18391071 0.1422
11 18394140 0.1422
11 18402109 1.8942
11 18407903 0.1422
11 18414153 2
11 18419088 1.1307
11 18422270 1.08731311639433
11 18424158 1.1307
11 18425974 1.1307
11 18426356 1.4482
11 18426496 1.1307
11 18431208 1.1307
11 18432195 1.1307
11 18434341 1.1307
11 18440928 1.1307
11 18445736 1.1307
11 18453902 2
11 18480107 0.9842
11 18490070 0.0054
11 18497220 0.8094
11 18497550 0.9842
11 18500769 1.0503575700711
11 18503888 0.7558
11 18507245 0.2381
11 18519202 0.8094
11 18520508 1.8548
11 18526999 0.9842
11 18546485 0.194248888906889
11 18551982 0.7215
11 18552894 0.2381
11 18553390 0.9842
11 18556263 1.5556
11 18589310 0.9842
11 18595385 0.8869
11 18604063 1.14348061509545
11 18620222 0.014
11 18629711 2
11 18634026 0.014
11 18644339 0.0268
11 18649622 1.8699
11 18649869 1.26298704716229
11 18665866 0.0756
11 18666479 2
11 18690354 0.0114333659320407
11 18713432 2
11 18714206 2
11 18717171 2
11 18719320 2
11 18729268 0.865336639947749
11 18729443 1.413
11 18743199 1.13272619588117
11 18746255 0.141
11 18747792 2
11 18760319 0.8809
11 18769664 0.569
11 18777989 0.0075
11 18818582 0.4994
11 18822027 2
11 18826455 2
11 18832330 2
11 18832429 2
11 18832719 0.4994
11 18835882 2
11 18837346 2
11 18838473 2
11 18840523 2
11 18842586 2
11 18869783 2
11 18886000 2
11 18895713 0.0524
11 18905480 0.058
11 18908268 2
11 18911128 2
11 18922225 2
11 18945566 0.2645
11 18957993 1.16189427728918
11 18958513 0.267967612740638
11 18967534 1.69122813705829
11 18981344 0
11 18990018 1.35445094364917
11 19002880 0.0056
11 19023793 0.702878521738484
11 19036202 1.09387351076133
11 19042914 1.3138
11 19044705 1.3138
11 19045695 1.1134
11 19059889 2
11 19060028 2
11 19071447 2
11 19075064 2
11 19080404 0.0444
11 19134851 2
11 19135226 2.6908
11 19135418 2
11 19154816 2.3116
11 19158354 2
11 19166575 2
11 19172313 2
11 19232051 1.15395851964433
11 19243323 1.36526215886878
11 19243679 0.106719851347354
11 19252159 2.01590095698463
11 19258892 0.252627430097145
11 19277603 0.5261
11 19281520 0.6667
11 19282888 0.693089072680327
11 19289007 2
11 19301956 2
11 19309938 0
11 19319923 2
11 19331334 0.1468
11 19333112 5e-04
11 19381508 2
11 19384487 0.0107
11 19393406 2
11 19402511 0.0899
11 19404568 0.0899
11 19406206 2
11 19410121 2
11 19416366 0.0657
11 19418112 0.0657
11 19419201 2.25577799628543
11 19419951 2.0942
11 19442648 0.8596
11 19446141 0.0657
11 19447588 0.707
11 19463712 2
11 19470467 0.165048153187272
11 19472024 2
11 19478413 1.05897985649839
11 19505163 2
11 19514094 1.44295122594553
11 19520725 0.907092354813934
11 19521598 0.264952598931721
11 19524479 0.746310447081227
11 19525295 0.142838022685607
11 19538519 1.41198635743838
11 19540075 1.0825
11 19541628 0.6559
11 19545043 0.6559
11 19551706 0.577914508637536
11 19585748 0
11 19621766 2
11 19657893 0.0404
11 19667263 0.0633
11 19679688 0.0633
11 19679765 0.0633
11 19685990 0.0075
11 19690033 0.0461
11 19709924 0.25346065738548
11 19729000 0.0165
11 19731153 0.284011710775005
11 19746374 2
11 19747078 2
11 19749508 2
11 19794004 0.9213
11 19800473 0.0898
11 19816417 0.0217
11 19820770 2
11 19821685 0.732159156640106
11 19831242 3e-04
11 19835938 1.84372199442688
11 19839762 0.9549
11 19859873 0.0263
11 19861945 2
11 19864817 0.1774
11 19876965 2
11 19878196 2
11 19900278 2
11 19901576 2
11 19916622 2
11 19931543 2
11 19931946 0.801072511959409
11 19939251 2
11 19940886 0
11 19944275 2
11 19945629 0.8299
11 19955263 2
11 19958537 2
11 19960181 0
11 19961634 0.347658731018434
11 19972230 0.774069810540706
11 19988745 0.1474
11 20005256 2
11 20005260 0.6033
11 20009879 1.7635
11 20010733 1.5556
11 20024919 0.7567
11 20063561 0.4446
11 20068398 0.8537
11 20069295 0.3759
11 20070804 0.2572
11 20071191 2
11 20075483 0.021120706207085
11 20080877 0.7622
11 20089043 0.841281825997338
11 20093803 0.0711
11 20104475 1.12117087323317
11 20108606 0.489358086909665
11 20127338 0
11 20140552 2
11 20144964 0
11 20151185 1.5503
11 20151711 1.91181077717912
11 20159058 0.0253
11 20179435 1.5749
11 20181179 1.77250697362726
11 20190845 2
11 20194494 0.6059
11 20197297 2
11 20197789 2
11 20210441 0.0981
11 20211324 2.5242533928617
11 20219904 0.0053
11 20236047 1.46935025243937
11 20238341 1.8849
11 20243190 0.0053
11 20244330 1.36586764911803
11 20254044 2
11 20254893 1.27049138285557
11 20256270 0.72
11 20262429 0.895502281735422
11 20267264 0.261554800823076
11 20268291 0.0053
11 20277252 0.6768
11 20278406 0
11 20284886 2
11 20286712 0
11 20287419 2
11 20289349 2
11 20290103 0.2049
11 20290182 2.995
11 20294803 0.099
11 20295883 0
11 20301361 2
11 20306936 0.4184
11 20324418 2.8216
11 20329404 0.2051
11 20335611 0.8078
11 20336952 0.8078
11 20339024 0.1009
11 20344355 0.6825
11 20346689 4e-04
11 20361778 1.5559
11 20363254 1.5559
11 20365724 0.0329
11 20380289 0.0361
11 20386711 0.0307
11 20389075 0.0049
11 20390731 2
11 20394089 0.0307
11 20396706 0.0307
11 20397916 1.6672
11 20404228 5e-04
11 20411262 0.0411
11 20414372 0.0307
11 20415811 0.0307
11 20416732 0.0307
11 20422560 0.0307
11 20426985 0.0049
11 20436195 0.0307
11 20450571 0.0049
11 20459563 2
11 20460298 0.0307
11 20464098 0.0049
11 20472052 0
11 20473223 1.4482
11 20495625 1.4635
11 20506394 0.0049
11 20519238 2
11 20519819 2
11 20524356 2
11 20532606 2
11 20535989 2
11 20536060 2
11 20540113 0.0049
11 20540696 2.6444
11 20540973 0.0049
11 20547166 2
11 20554337 0.5135
11 20557920 0.5036
11 20562710 0.5135
11 20570584 0.4712
11 20571033 0.454
11 20571063 0.101020444748205
11 20586988 0.73501907868239
11 20586994 1.5392
11 20606527 1.32970953804466
11 20608920 7e-04
11 20617102 2
11 20622353 0.429599071075187
11 20624083 2
11 20624581 1.9511
11 20633039 2
11 20638084 2
11 20661703 0.797226368527788
11 20664513 0.1911
11 20668090 2
11 20685734 2
11 20688622 0.706089297644461
11 20693012 2
11 20695110 0.914245391453699
11 20695319 0.723290100200845
11 20696347 0.177882399750007
11 20700033 0.286160650563457
11 20700651 1.1242
11 20705391 0.0263
11 20711755 1.1168
11 20719905 0.1156
11 20720525 0.536238607731875
11 20727385 2
11 20728685 0.610706421766776
11 20733425 1.51895311443915
11 20738083 0.29690729559348
11 20743921 1.54406292042419
11 20783740 0.4326
11 20812864 1.0191
11 20838606 1.6289
11 20843567 1.0597
11 20845973 1.0597
11 20857579 1.669
11 20857688 1.4657
11 20863325 0.0595
11 20865902 2
11 20871531 2
11 20889827 1.6393
11 20936734 1.5466
11 20969437 2
11 20978397 2
11 20992033 2
11 20992775 2
11 20993790 2
11 20998696 1.75191410864227
11 21003780 0.4636
11 21023577 1.5563
11 21039964 0.0053
11 21039978 0.0053
11 21047808 2
11 21050007 2
11 21054787 2
11 21062553 0.783989445427992
11 21077938 2.87301095857095
11 21118749 2
11 21119645 0.216060861716041
11 21125644 0.5916
11 21156746 2
11 21157163 1e-04
11 21173304 0.319157600246149
11 21173991 2
11 21175471 0.321032060753143
11 21191744 2
11 21204987 2
11 21223157 0.5998
11 21227257 0.5998
11 21229654 0.5998
11 21263105 0.605438719277093
11 21264377 2
11 21275929 0.0696
11 21276266 0.0696
11 21286653 2
11 21289074 2
11 21335705 2
11 21343028 1.0427
11 21355605 2
11 21369355 2
11 21369549 0.531455060541558
11 21386421 0.7315
11 21395834 0.7385
11 21397808 0.207414525920662
11 21400128 0.9664
11 21410247 2
11 21422774 2.5378
11 21425647 2.3014
11 21430356 0.6636
11 21431427 0.6458
11 21433944 0.6119
11 21436664 2
11 21442238 2
11 21466010 0.0078
11 21508439 0.709529145808984
11 21508664 2.16832337082625
11 21510888 0.860075637691899
11 21525767 0.164839271172279
11 21527767 0.856386567251989
11 21536390 1.51151801290692
11 21537644 0.322920951406199
11 21541240 0.259885129920541
11 21548178 0.680298858029603
11 21561163 0.0366751686939976
11 21603042 0.181415368017658
11 21605068 1.32926035126797
11 21618515 0.517718585048752
11 21620754 1.32676098489062
11 21636550 1.0264
11 21638128 2
11 21638170 2
11 21640283 2
11 21641468 0.827896150293963
11 21648026 2
11 21651433 2
11 21664766 2
11 21674774 2
11 21681301 2
11 21703188 2
11 21706274 2
11 21708055 2
11 21726464 2
11 21729547 2
11 21735522 2
11 21740165 2
11 21748911 2
11 21767746 0.0078
11 21783611 0.0636
11 21796331 1.7284
11 21804866 0.0577
11 21812648 1.4713
11 21816041 2.2177
11 21821005 0.184892261549927
11 21821806 1.7369
11 21822481 1.7369
11 21825885 1.4558
11 21826286 1.4558
11 21830466 1.7369
11 21838852 1.4635
11 21843050 0.0577
11 21850210 0.1465
11 21856702 2
11 21860362 1.4635
11 21862832 1.7284
11 21863942 1.7284
11 21864049 0.0461
11 21865321 1.6004
11 21866116 0.0078
11 21883741 1.6004
11 21896640 2
11 21909951 2
11 21917235 0.0963220985571436
11 21922077 2
11 21924761 2
11 21927353 0.0210572426709328
11 21929778 2
11 21931175 2
11 21934506 2
11 21937612 0.0890111035559329
11 21943146 2
11 21943206 2
11 21949003 2
11 21958735 2
11 21966189 2
11 21967668 2
11 21982175 0.5838
11 21985171 2
11 21988192 2
11 22007579 2
11 22011847 1.49628947939525
11 22014490 2
11 22015447 2
11 22015642 2
11 22043345 0.6101
11 22043720 2
11 22050437 2
11 22067911 0.628
11 22078651 0.0593928872824633
11 22083222 0.001
11 22093085 2
11 22108967 2
11 22153408 0.0897
11 22154132 0.577526059117231
11 22172564 2
11 22177111 0.9995
11 22177719 0.212889118701546
11 22186476 1.6189
11 22216689 1.06134977737535
11 22217029 0.163320587368514
11 22220584 0.901175994177974
11 22222483 0.637895794991379
11 22223237 0.46637699068945
11 22288136 0.403670408145441
11 22288177 0.111899503918013
11 22316456 2e-04
11 22322121 0.9136
11 22322529 0.8564
11 22323504 0.8564
11 22327265 0.8564
11 22332521 2
11 22333911 2
11 22347244 0.730571085314026
11 22347416 2
11 22348398 2
11 22352405 2
11 22360513 2.0648
11 22362620 0.9222
11 22402145 2
11 22414036 0.0614
11 22419515 0.0335783790783307
11 22454267 0.5619
11 22458658 0.8579
11 22460261 5e-04
11 22461852 0.8579
11 22468929 1.4348
11 22470908 1.4172
11 22479900 1.4698
11 22493131 0.3762
11 22513501 1.5148
11 22537580 2
11 22570283 2
11 22572063 2.5895
11 22579375 2
11 22602098 5e-04
11 22645677 0.765694274188412
11 22651193 1.2747
11 22662994 1.1682
11 22670627 0.0151
11 22671627 0.85384691928828
11 22671708 1.40617506352822
11 22675683 0.823
11 22676077 0.660657147625008
11 22679611 0.314408812143084
11 22681311 1.67487333463912
11 22683137 1.7119
11 22684506 1.13978372577706
11 22687621 0.0162
11 22695055 0.9693
11 22712948 2
11 22721269 0.0053
11 22735479 2
11 22743533 2
11 22764867 2
11 22769778 2.69756276181597
11 22779919 0.126058348768215
11 22782739 2
11 22820036 2
11 22829863 2
11 22835409 2
11 22837750 2
11 22839394 0.0315
11 22842303 0.6639
11 22843957 2
11 22849814 0.0315
11 22850803 0.6639
11 22851095 0.685
11 22853583 0.0315
11 22853692 0.0315
11 22853787 0.0315
11 22863854 0.391142523024341
11 22867880 1.4255
11 22872578 1.4255
11 22872686 1.4255
11 22874121 1.4255
11 22876431 0.0898
11 22884878 1.2012
11 22892300 0.315296632060462
11 22894368 2
11 22906654 0.77564754200789
11 22909424 0.734861579012009
11 22914488 1.1363
11 22926740 0.4071
11 22929192 0.2998
11 22929576 2
11 22932462 0.8397
11 22932722 1.854348764362
11 22932930 0.409236274888921
11 22938979 0.2885
11 22939352 0.18831052172996
11 22941267 0.482529255887981
11 22941950 0.761563819561315
11 22943764 0.506609136401997
11 22944669 0.0898
11 22955859 0.70392177286825
11 22963498 2
11 22986397 6e-04
11 22986454 0.0703930424485673
11 23004561 2
11 23004727 2
11 23017152 0.1559
11 23024226 0.4192
11 23028247 0.5836
11 23028562 0.2704
11 23031827 0.4192
11 23034968 1.6347
11 23036205 0.0973
11 23045988 3.04003140345605
11 23050126 0.4192
11 23051636 0.4192
11 23052458 0
11 23053398 2
11 23054916 0.0973
11 23055757 0.0273
11 23056990 0.4022
11 23057195 0.4022
11 23057299 1.6347
11 23058932 0.4022
11 23063355 0.0273
11 23067539 0
11 23088323 0
11 23096279 2
11 23096673 2
11 23096750 0
11 23098210 2
11 23098410 2
11 23131249 2
11 23139221 2
11 23139905 1.49019493405394
11 23143877 0.7433
11 23150166 0.7614
11 23160091 2
11 23162934 2.3639
11 23179252 2
11 23182691 2
11 23186872 1.37919048382023
11 23197062 2
11 23200351 2
11 23200600 2
11 23213277 2
11 23220605 2
11 23224241 2
11 23232016 0.60293258460482
11 23245977 0.399849486807851
11 23247294 2
11 23260204 2
11 23260745 2
11 23267232 2
11 23292544 1.48175679565114
11 23298264 0.0263
11 23300669 1.68844561854644
11 23303773 2
11 23305364 0.5493
11 23307028 2
11 23322961 0.4722
11 23334345 2
11 23341866 0.5493
11 23344739 2
11 23345722 2
11 23352680 2
11 23354172 2
11 23356698 2
11 23362454 0.5493
11 23362652 2
11 23365784 2
11 23372801 2
11 23378394 1.0096
11 23379418 2
11 23381097 0.5493
11 23390454 2
11 23405086 2
11 23406893 0.5216
11 23412899 0.97728934682037
11 23420813 0.0215
11 23420986 0.9201
11 23426330 0.9201
11 23428517 2
11 23429137 2
11 23433977 2
11 23440520 2
11 23444293 2
11 23444818 0.5909
11 23444995 2
11 23448375 2
11 23449006 1.0959
11 23456909 0.5909
11 23467152 2
11 23483019 2
11 23486662 2
11 23490705 1.1578
11 23496859 0.2109
11 23498966 0.2266
11 23500329 0.2266
11 23501596 0.2266
11 23502813 0.1875
11 23504788 0.2031
11 23509323 0.1474
11 23509519 0.0997
11 23516806 2
11 23516932 1.5437
11 23517783 1.3939
11 23518850 0.3617
11 23524762 2
11 23531665 1.0498
11 23534652 2
11 23535758 2.541
11 23540972 2.541
11 23541462 0.3792
11 23548537 0.4631
11 23550254 2
11 23560690 2
11 23569242 0.4301
11 23572850 1.3337
11 23574046 0.0316
11 23582229 0.8787
11 23582810 0.0316
11 23589073 0.8787
11 23601343 0.0316
11 23618981 1.2116
11 23623003 0.5225
11 23631360 2.25376262416446
11 23677577 0.728438395563194
11 23698492 0.763758838900445
11 23698902 0.528461704256681
11 23703403 2
11 23718368 2
11 23738815 2
11 23746597 2
11 23757828 2
11 23770345 2
11 23790224 0.339383466553174
11 23814899 1.2808
11 23815944 0.717778804964766
11 23818268 1.3545
11 23819629 1.3611
11 23821059 1.3678
11 23839218 1.13812069182662
11 23895758 0
11 23900222 1.3575
11 23901269 0.9174
11 23915220 2
11 23925566 0.0638
11 23925908 0.0638
11 23927746 2
11 23942136 0.0819
11 23946630 0.549087051279452
11 23953897 1.5466
11 23960295 1.5556
11 23978952 0.947
11 23982187 0.763
11 23995330 0.8245
11 23996321 5e-04
11 24019985 2
11 24053308 2
11 24055810 2
11 24067440 0.762469257085997
11 24073974 0
11 24078470 2.5247
11 24096512 2
11 24110463 2
11 24114806 2
11 24124520 2.2073
11 24130316 2
11 24131645 2
11 24134290 2
11 24143603 2
11 24147783 1.1348
11 24148659 0.182
11 24149891 1.1348
11 24153635 0.182
11 24154405 0.815077888077005
11 24164648 1.1794
11 24165247 0.238792566086147
11 24167389 1.4476841474029
11 24167585 2
11 24170215 0.69744538650905
11 24170281 0.46336003103239
11 24174991 2
11 24185491 0.209038617437184
11 24185652 0.676
11 24188629 1.0399
11 24191584 2
11 24198124 2
11 24203357 2
11 24213453 2
11 24218743 2
11 24233180 2
11 24234849 2
11 24235688 0.9693
11 24251332 1.5073
11 24256378 1.4027
11 24262522 1.4027
11 24264675 1.4027
11 24267028 1.3393
11 24267588 1e-04
11 24278295 2
11 24283983 2
11 24300281 2
11 24305304 2
11 24326367 6e-04
11 24344362 0.249247222962686
11 24353633 2
11 24354550 2
11 24360954 1.8023268821246
11 24362408 0.107370762571702
11 24367332 2
11 24368755 2
11 24369956 2
11 24375679 2
11 24377044 2
11 24382074 2
11 24382508 2
11 24384594 2
11 24385349 2
11 24385562 1.0814
11 24390407 1.5307
11 24390471 2
11 24408883 2
11 24415442 2
11 24428974 1.493
11 24433682 2
11 24445465 1.6458
11 24447174 1.6458
11 24451542 0.3987464022321
11 24456794 1.8725
11 24459050 1.0169843417406
11 24471163 1.94625803097565
11 24474105 1.8725
11 24475485 0
11 24476219 1.52461039389422
11 24476870 0.799744558883041
11 24477284 0.578104622600477
11 24481031 1.6774
11 24481562 1.50075739138177
11 24485135 0.50978065415348
11 24489724 1.8302
11 24508479 1.6667
11 24509662 1.37378989922369
11 24517524 1.2867
11 24518297 1.6774
11 24519270 1.6774
11 24522346 0.465715911728919
11 24523066 1.249
11 24530467 0.2099
11 24532681 0.1005
11 24537173 1.2833
11 24538986 0.1231
11 24542101 0.1231
11 24543348 0.132
11 24544895 0.9065
11 24549522 0.9065
11 24555945 2.7436
11 24562006 1.1188
11 24562863 1.38258876170516
11 24563134 0.132
11 24566336 0.4253
11 24570836 0.1102
11 24574394 0.5785
11 24575106 0.9985
11 24579594 0
11 24580212 0.1764
11 24588643 0
11 24602257 1.0748
11 24604890 1.4021
11 24607333 0.191
11 24608581 0.7135
11 24612952 0.8809
11 24614955 0.8809
11 24617746 0.9748
11 24619282 0.8809
11 24620845 0.4393
11 24631969 0.9113
11 24637287 0.4215
11 24642715 0.4215
11 24678999 0.5328
11 24679136 0.8394
11 24688574 0.5774
11 24689283 0.0386
11 24690940 0.4822
11 24700492 0.8712
11 24711532 1.0806
11 24721072 0.312710441418491
11 24725657 0.364139787748513
11 24729296 2
11 24729770 2
11 24732818 0.7133
11 24736574 0.259466723562534
11 24741941 0.182904503045169
11 24747767 1.1131
11 24765175 2
11 24766720 2
11 24774370 2
11 24777220 0.335460366987396
11 24777480 0.398547300441493
11 24778875 1.2952
11 24781655 0.163489257158621
11 24786648 2.59405713472233
11 24787741 1.7697
11 24791751 2
11 24814880 3.1148
11 24827090 8e-04
11 24828450 0.9373
11 24828483 0.0933
11 24829347 1.1234
11 24830161 0.0805
11 24833710 0.5199
11 24834618 0.0053
11 24846045 1.1234
11 24853532 1.1234
11 24856985 0.7977
11 24858283 0.0501247664772615
11 24858410 1.1234
11 24870221 1.0814
11 24870424 1.0814
11 24874401 0.0053
11 24878082 2
11 24878117 2
11 24879435 2
11 24880242 2
11 24919414 2
11 24926277 0.1135
11 24926469 5e-04
11 24929456 2
11 24936998 2
11 24963856 3.125
11 24966009 2.0955
11 24970176 2
11 24980577 0.011
11 24997158 2
11 25001381 2
11 25014744 2
11 25023339 2
11 25023480 2
11 25028307 2
11 25030929 1e-04
11 25047605 2
11 25049273 2
11 25062438 2
11 25064003 0.0165
11 25064474 0.0165
11 25066176 2
11 25068234 0.0165
11 25070545 2
11 25070917 0.0165
11 25092235 0.7609
11 25093801 2
11 25099287 2
11 25099553 1.3703
11 25100545 2
11 25117499 2
11 25118404 1.5968
11 25118756 0.6419
11 25120874 1.3725
11 25124499 2
11 25128545 2
11 25129496 2
11 25130771 2
11 25131144 0
11 25131593 2
11 25135963 2
11 25139347 2
11 25142345 2
11 25144367 0.6216
11 25144674 2
11 25144712 2
11 25147061 3.4177
11 25160584 0.67
11 25162734 0.4373
11 25170273 0.6284
11 25171206 1.1832
11 25172905 2
11 25174641 1.1832
11 25180321 2
11 25181342 2
11 25185357 2
11 25201125 0.2913
11 25207456 0.3054
11 25207744 0.518
11 25210001 2
11 25215241 1.1832
11 25215697 5e-04
11 25216198 5e-04
11 25222126 0.486380607005793
11 25225742 1.0987
11 25230592 0.825450637362156
11 25256209 0.721212121999052
11 25259540 2
11 25259706 1.33310303477161
11 25260952 2
11 25306464 0
11 25306819 2
11 25310371 2
11 25314571 2
11 25320256 2
11 25322358 2
11 25354850 2
11 25356894 2
11 25360507 2
11 25366843 2
11 25373961 2
11 25381973 3.1246
11 25397279 5e-04
11 25397465 2
11 25397559 2
11 25407222 2
11 25407445 2
11 25408086 2
11 25410003 2
11 25410939 2
11 25411492 2
11 25414518 2
11 25414707 2
11 25419198 2
11 25421292 2
11 25432110 2
11 25433513 2
11 25434964 2
11 25441614 2
11 25448144 2
11 25455851 2
11 25458679 2
11 25461278 2
11 25492745 2
11 25505738 2
11 25515039 2
11 25515623 2
11 25518695 1.7585
11 25520761 2
11 25523010 2
11 25523618 0.600467345067545
11 25530085 2
11 25536479 0
11 25543396 2
11 25543765 2
11 25556045 2
11 25571389 0.7448
11 25580632 0.872
11 25603278 0.790357065746431
11 25606312 0.27113355028428
11 25620898 2
11 25624676 2
11 25632148 0.5548
11 25633808 2
11 25642808 0.11909713725495
11 25651058 0.546359820523551
11 25662866 0.746
11 25670943 0.4194452715817
11 25680776 1.257
11 25689627 0.359394140049077
11 25689993 0.0150451601012887
11 25690753 0.898576099131005
11 25691075 1.53471912253776
11 25693409 0.580683691158423
11 25693927 0.309073507519073
11 25694712 0.297193067538972
11 25696552 1.62966308051297
11 25696657 0.511301810545162
11 25705486 2
11 25706301 2.43700747930325
11 25712262 0.594876480244396
11 25719551 0.216
11 25721877 0.216
11 25724245 0.216
11 25732130 0.216
11 25735700 0
11 25745766 0.1951
11 25746165 0.1951
11 25747307 0.1951
11 25751775 0.1951
11 25754160 0.329412096537605
11 25757492 0.1951
11 25760340 1.76179250888045
11 25760473 1.0987
11 25764003 0.401514837678175
11 25768046 2
11 25770816 2.1732
11 25784797 1.16761122145349
11 25807083 0.8874
11 25816188 0.537
11 25819020 0.34345315528907
11 25829204 1.50428048025082
11 25832167 0.0751578135843524
11 25832373 0.3786
11 25835856 0.3786
11 25836408 2
11 25841729 0.931118344528531
11 25845954 2
11 25853246 2
11 25856341 2
11 25879813 2.3939
11 25884698 0.110389582758275
11 25888754 2.5965
11 25891826 1.0418
11 25892454 0.190656756236117
11 25894747 2
11 25901768 2
11 25901977 1e-04
11 25902160 5e-04
11 25902219 5e-04
11 25906097 1.22988235040144
11 25911382 1.0418
11 25916526 1.0084
11 25927678 1.0773
11 25937948 0.7613
11 25960238 2.9527
11 25967085 1.0418
11 25968987 1.1559
11 25991274 1.1559
11 26000896 0.1656
11 26004937 0.1368
11 26005616 1.6067
11 26005728 1.6067
11 26006499 1.6067
11 26008313 0.1368
11 26008315 0.1368
11 26008750 0.1439
11 26016982 1.6719
11 26020159 0.876749423705533
11 26023741 1.2418741227839
11 26023940 0.387556671788514
11 26029212 0.0141392227070069
11 26035607 0.207267133825233
11 26048683 1.10667469156775
11 26049094 0.0909726803819546
11 26050944 0.110084104223042
11 26058662 0.877590967843595
11 26064288 1.9922
11 26082185 1.739
11 26082585 5e-04
11 26083042 1.739
11 26084593 1.739
11 26086153 1.739
11 26087034 1.739
11 26087187 2.0603
11 26088307 2.6284
11 26113262 2.085
11 26121218 0.554653048582584
11 26127144 1.7669
11 26133398 2.1108
11 26154578 0.031
11 26202229 1.8304
11 26206857 0.031
11 26208226 0.031
11 26208766 0.031
11 26209949 0.031
11 26210575 0.031
11 26218371 0.0084
11 26222285 0.031
11 26224929 2.8716
11 26225500 0.031
11 26226057 0.031
11 26228141 2
11 26230879 5e-04
11 26232560 2
11 26235810 2
11 26238914 2.1537
11 26247809 2.135
11 26256595 0.8347
11 26256743 2.1537
11 26257552 2.1206
11 26258642 2.1537
11 26259509 2
11 26260205 2.0825
11 26262295 2.0825
11 26278542 0.9056
11 26280747 0.9056
11 26286026 2.0662
11 26289031 2.0199
11 26290213 2.0662
11 26292057 0.8718
11 26293533 9e-04
11 26295776 0.8718
11 26300766 2.0503
11 26303878 2.0825
11 26338619 2
11 26341081 1.3509
11 26361356 0.296682914362556
11 26370843 1.2352
11 26370991 2.5007
11 26375435 1.2352
11 26385136 0.791
11 26385464 1.2352
11 26386294 1.2352
11 26388584 1.2352
11 26392947 1.2352
11 26404955 2.4539
11 26412527 0.179
11 26415684 0.7805
11 26417872 2.3957
11 26419429 1.7978
11 26426138 1.7978
11 26427729 1.7978
11 26428345 0.1305
11 26429751 0.1305
11 26430707 2.3957
11 26431639 0.5974
11 26444566 0.8995
11 26460064 0.6116
11 26461483 0.118
11 26472918 2
11 26476120 0.0291
11 26478139 2
11 26486563 0.0107
11 26489018 0.0053
11 26494655 0.5355
11 26498753 2.6819
11 26499519 2
11 26499571 2
11 26499874 2
11 26500090 2
11 26506260 2.2015
11 26508845 1.4506
11 26509812 0.721483152758397
11 26510738 2.2015
11 26516572 1.3823
11 26517201 1.3823
11 26527054 1.76666569741107
11 26531510 1.4506
11 26531732 0.6033
11 26533202 2
11 26533867 2
11 26534012 1.4054
11 26542835 2
11 26542872 2
11 26546857 2
11 26546887 2
11 26548166 2
11 26550550 2
11 26551213 1.9256
11 26554346 2
11 26562543 2
11 26562898 2
11 26564763 6e-04
11 26581307 2
11 26585512 1.0405
11 26585574 2
11 26589388 1.9509
11 26595472 0.3581
11 26597413 1.9509
11 26597443 2
11 26604075 0.9058
11 26604299 2.14411554943571
11 26618558 1.2816
11 26621113 1.5591
11 26623526 0.9072
11 26629452 1.9509
11 26634044 1.1368
11 26635493 1.1368
11 26642464 0.9634
11 26642472 0.9634
11 26642512 0.84299590921954
11 26646266 0.8674
11 26650414 0.313326272353854
11 26653514 1.2794
11 26655058 1.192
11 26658467 0.4997
11 26661378 1.9509
11 26661435 1.9509
11 26662315 1.8249
11 26669307 0.0169174824157418
11 26669514 1.9509
11 26669770 1.1223
11 26677260 1.8044
11 26680372 1.08688261142342
11 26764574 2
11 26772821 2
11 26786757 1.33090768251886
11 26786770 2
11 26799077 2.5084
11 26801103 0.0341816786690902
11 26838230 1.0726
11 26840776 1.17207856784095
11 26871185 0.2653
11 26874221 1.09655760985242
11 26888309 0.6147130376581
11 26890364 2.07156496891918
11 26899360 0.720639324148536
11 26939828 2
11 26941531 1.7584
11 26944491 2
11 26955323 2
11 26971034 1.7584
11 26972543 2
11 26972680 2
11 26973675 2
11 26974547 2
11 27003125 0.556381888131615
11 27027013 2
11 27031810 2
11 27040143 2
11 27065118 2
11 27073759 0
11 27078796 2
11 27079654 2
11 27080072 0.177761694305709
11 27150613 2
11 27159640 2
11 27160159 2
11 27161141 2
11 27161673 1.0943
11 27174321 0.345745542044324
11 27190704 0.594235625197079
11 27194404 0
11 27195788 0
11 27197130 1.4966836282817
11 27198248 0.154920840994118
11 27201137 1.15712571392996
11 27201383 0.0976937840643789
11 27207044 0.373671016820381
11 27208155 0.0564
11 27210038 0.3993
11 27229668 0.0505
11 27241414 2
11 27246932 0.2745
11 27248488 0.2745
11 27253022 2
11 27263993 2
11 27280673 2
11 27284787 2
11 27287117 2
11 27293577 2
11 27299691 2
11 27312350 2
11 27335827 0.7682
11 27342349 0.6264
11 27345653 0.6264
11 27349993 0.4822
11 27359516 0.4819
11 27371027 0.2302
11 27378019 0.656492818924884
11 27391689 0.0149218557597142
11 27408439 0.746
11 27426478 1.0678
11 27427450 1.0678
11 27452581 0.918099755255874
11 27473430 2
11 27474489 0.766612179019974
11 27486355 0.406659901580821
11 27491180 2.84104403663328
11 27493562 2
11 27500196 1.76673928111232
11 27523192 0.213489850427897
11 27549006 2
11 27584497 2
11 27592271 0.85033509847954
11 27594962 2
11 27600413 2
11 27606722 1.1494
11 27624699 0.0118
11 27645984 2
11 27649952 2
11 27656656 1.5707
11 27681738 1.5643
11 27681933 0.7162
11 27687724 2
11 27707958 0.6908
11 27712931 0.329
11 27718364 2
11 27765871 0.250420195940467
11 27772984 2
11 27793498 1.1662
11 27804481 2.701
11 27811880 0.0717
11 27825493 5e-04
11 27832792 0.0717
11 27835268 0.1019
11 27865846 0.0717
11 27937901 1.1191
11 27955770 1.1191
11 27986529 2
11 27991033 2
11 28045480 0.9007
11 28068433 2
11 28108928 0.2521
11 28111277 1.0359
11 28117677 1.0359
11 28118340 1.0359
11 28122377 1.2173
11 28131044 2.6497
11 28135051 0.5211
11 28156332 0.2521
11 28156458 2.8733
11 28174944 0.800310240241743
11 28206248 0.294032503598039
11 28232960 1.0359
11 28250569 1.41681449984026
11 28274621 0.5211
11 28287142 0.753198646352664
11 28287947 0.9007
11 28294044 0.9183
11 28295611 0.8871
11 28301019 0.9007
11 28312986 0.2521
11 28348113 0.9007
11 28350247 0.5211
11 28362413 0.2124
11 28367202 0.779046041898206
11 28374455 0.2379
11 28378361 0.6004
11 28387463 0.2124
11 28398977 0.2379
11 28400562 0.2124
11 28423843 0.2124
11 28430366 5e-04
11 28431176 0.733296765187372
11 28445134 0.2124
11 28455998 1.1494
11 28457238 0.2124
11 28458512 0.2124
11 28461236 0.2124
11 28484501 0.2379
11 28490096 0.6004
11 28500988 0.2379
11 28504006 0.0866
11 28504700 0.225
11 28512686 0.225
11 28522265 0.0866
11 28530459 0.225
11 28540974 0.225
11 28543627 0.225
11 28559883 2
11 28607568 0.564018923244094
11 28608504 0.494268118141253
11 28615979 2.5924
11 28621217 2
11 28622330 0.643656062670656
11 28623270 1.9934
11 28623794 2.08194442971686
11 28627124 2.24549364473002
11 28655291 1.68790747998485
11 28688422 1.76676638571992
11 28741774 0.79315817792502
11 28756336 2
11 28760659 2
11 28789516 2
11 28808335 2
11 28831502 0.199830144511238
11 28832239 2
11 28837167 2
11 28841669 2
11 28842873 2
11 28845901 0.1207
11 28852967 2
11 28865318 1e-04
11 28866964 2
11 28871424 0.2641
11 28891232 2
11 28915598 2
11 28919997 0.172846804176946
11 28930237 0
11 28968063 1.3485
11 28973978 2
11 28974811 2
11 28978109 2
11 28983451 2
11 28986205 0
11 28994192 2
11 29005335 2
11 29012749 0.6127
11 29026110 1.3232
11 29041849 2
11 29047417 0.6127
11 29047951 1.75004338640023
11 29057336 2
11 29060388 0.6127
11 29068170 0.6127
11 29107399 0.9954
11 29108828 5e-04
11 29108901 2
11 29113836 2
11 29174185 2
11 29199294 2
11 29224285 0.146661069892626
11 29228327 2
11 29237400 0.452707172415951
11 29241404 2
11 29252701 2
11 29254958 2
11 29258603 2
11 29263355 0.8973
11 29268827 2
11 29269359 2
11 29360496 2
11 29365264 5e-04
11 29369372 2
11 29386357 0.0329
11 29397087 0.0329
11 29402868 0.212891284212136
11 29411910 0.644516745691963
11 29416049 0.0053
11 29426072 0
11 29433257 2.14558849179176
11 29448912 1.50837778450941
11 29460330 0.8323
11 29470979 2
11 29474476 2
11 29494648 0.434061788583908
11 29507534 0.706928438949341
11 29510463 2
11 29511980 2
11 29519020 2
11 29532723 1.04273825607442
11 29536826 0.0450657431479044
11 29562867 0.356706171467521
11 29591954 1.17017957705506
11 29601825 2
11 29602075 1.9817
11 29630301 0.28313080982744
11 29645665 0.279979136649508
11 29649064 1.8084144556523
11 29651057 0.326280628164011
11 29709750 1.5797
11 29728609 0.3314
11 29730513 5e-04
11 29734000 0.5963
11 29744035 0.8852
11 29771560 2
11 29779297 0.0078
11 29781443 0.8675
11 29794624 1.3374
11 29797193 1.202
11 29799459 0.3789
11 29821290 4e-04
11 29821645 5e-04
11 29824981 0.3023
11 29832670 1.1062
11 29855254 0
11 29885192 1.11442973575815
11 29890378 0.1004
11 29919455 2
11 29938914 5e-04
11 29941151 2
11 30032367 0.9578
11 30040005 2
11 30079051 2
11 30083970 0.2223
11 30118876 2
11 30136370 2
11 30138037 2
11 30145566 2
11 30150292 0.1303
11 30151369 2
11 30158877 2
11 30159138 2
11 30159769 2
11 30169266 2
11 30184482 2
11 30193166 2
11 30222248 0.2496
11 30231642 2
11 30233638 2
11 30243619 2
11 30263621 2
11 30307685 2
11 30318586 2
11 30328645 2
11 30328707 2
11 30339830 2
11 30357052 2
11 30371355 0.9245
11 30371813 0.47
11 30399913 2
11 30406728 2
11 30442960 0.4195
11 30459510 0.1208
11 30465770 1.6798
11 30467225 1.6798
11 30468906 0.0549
11 30470510 2
11 30480374 0.909563589883301
11 30492957 0.030043934336021
11 30512874 0.0217
11 30541887 2
11 30543227 2
11 30547095 0.116846698770779
11 30552759 2
11 30613837 1.47792510807063
11 30616181 1.49052120684652
11 30624630 1.31699630963229
11 30652110 5e-04
11 30655807 0.224524132445313
11 30659425 1.27453993612222
11 30684316 0.137182994315735
11 30725920 0.352060199651415
11 30728099 2.2249
11 30766369 2
11 30781286 1.351
11 30854022 1.3323
11 30854312 0.187717262678984
11 30888489 1.10569125974821
11 30896119 1.3385
11 30900534 1.58706024963118
11 30926697 1.91262338251227
11 30962234 1.3385
11 30991902 0.937860523253102
11 31005600 1.8837
11 31022392 1.16885077209895
11 31023126 1.34448697270158
11 31030860 0.0563320063962745
11 31059318 2.02548675898026
11 31080957 2.4732471180272
11 31100677 0.572949324542902
11 31104918 1.55280587635582
11 31128569 2.0617
11 31128755 0.0144218623557891
11 31157336 0.227279137851517
11 31164213 2.0617
11 31189224 2.03163517647068
11 31208660 0.225181578150916
11 31250419 1.2384630765918
11 31260355 1.73133845839878
11 31267193 0.265601798887682
11 31327390 0.264301854182953
11 31342941 1.72589073135197
11 31344906 1.22976760402376
11 31354013 0.351483782892091
11 31369686 0.28815791883821
11 31417212 0.7578
11 31428094 0.7578
11 31439999 0.7578
11 31456950 0
11 31500611 2
11 31505093 1.25775028525957
11 31549044 0.7804
11 31564620 0.7578
11 31565625 0.7578
11 31575709 2
11 31609016 0.0078
11 31609527 2.6833
11 31617254 0.497398271511306
11 31632859 2
11 31658273 0.1623
11 31661675 0.0078
11 31670055 0.1623
11 31670305 0.1623
11 31676377 1.81908448942783
11 31697627 2.8733
11 31718717 0.7362
11 31730879 0.7362
11 31746608 0.7362
11 31758952 0.7362
11 31767898 5e-04
11 31823785 0.0465530916912618
11 31851161 2
11 31893294 2
11 31896053 2
11 31900616 2
11 31907496 1.261
11 31915798 1.06081217134622
11 31921225 2
11 31926913 2
11 31928036 2
11 31961250 1.4121200960119
11 31971888 2
11 31973048 2
11 31978523 0.367639007758713
11 31978562 2
11 31986135 2
11 31990050 2
11 31995530 2
11 32005919 2
11 32016342 2
11 32032509 0.5305
11 32033739 0.5305
11 32047135 2
11 32047966 2
11 32053543 2
11 32075869 2
11 32089843 0.4475
11 32099757 2
11 32099846 2
11 32100457 2
11 32100722 0.2442
11 32113215 0.262
11 32113665 0.2535
11 32123636 2
11 32147145 0.0487
11 32174925 1.3065
11 32180445 2
11 32184584 2
11 32184713 2
11 32188102 2
11 32188352 2
11 32196320 2
11 32210498 0.0078
11 32213572 0.8935
11 32242846 1.79322101619408
11 32245598 1.5809058278032
11 32261601 0.2916
11 32310953 0.2274
11 32334582 1.1679
11 32338683 1.5842
11 32340139 1.0775
11 32363772 1.2643
11 32366319 0.6033
11 32367594 1.2267
11 32379490 1.1657
11 32384490 1.0794
11 32386308 1.1657
11 32395329 1.2643
11 32407713 1.2345
11 32413080 1.2345
11 32422474 1.1204
11 32430375 1.1437
11 32432716 1.1437
11 32435592 1.0546
11 32435999 1.8725
11 32436961 1.0546
11 32439336 1.4466
11 32461962 0.110714412654811
11 32488555 1.3447
11 32495371 0.6982
11 32507161 0.7811
11 32542619 3.6472
11 32545654 2
11 32560211 0.0899
11 32566321 1.2365
11 32574489 3.0021
11 32609348 0.5315
11 32624349 0.5609
11 32634693 0.1703
11 32644526 0.5609
11 32648487 1.1549447891918
11 32653081 0.5609
11 32663609 0.5509
11 32668543 3.0023
11 32705550 0.6474
11 32708254 0.9722
11 32713122 0.408165490383506
11 32736694 0.6287
11 32744403 0.171471550909512
11 32752994 0.7437
11 32754056 1.078
11 32765096 0.6474
11 32774263 3.0021
11 32785158 0.9722
11 32788365 0.6474
11 32796917 0.7352
11 32817533 1.3566
11 32828705 0.903893159899842
11 32828734 0.724396951572026
11 32835506 1.1076
11 32849650 1.04674832908528
11 32853373 1.5489
11 32858662 0.36412305952159
11 32869119 1.32507575119047
11 32881146 0.0912418817202501
11 32886182 0.718763844529762
11 32914112 1.1338
11 32956624 1.0955
11 32958882 0.0968
11 32965782 1.3289
11 32989451 2
11 32990947 0.2032
11 32995408 0.1842
11 33027569 0.2381
11 33037578 0.0678
11 33038429 2
11 33040117 0.2381
11 33040400 0.2381
11 33041756 0.2381
11 33041794 0.2381
11 33045510 2.4899
11 33047475 0.2521
11 33051034 0.2521
11 33051393 0.2521
11 33052469 0.349666435165103
11 33053396 0.2521
11 33055129 0.2521
11 33062619 2
11 33072018 0.0678
11 33075081 0.2381
11 33075273 1.54224855112537
11 33080705 0.47720774170367
11 33087955 0.0612
11 33106710 2
11 33118099 2
11 33122785 2
11 33133132 0.2061
11 33136288 2
11 33147254 2
11 33175448 2
11 33180313 1e-04
11 33180993 0.4074
11 33182254 2
11 33182613 2
11 33190746 2
11 33199771 0.7806
11 33201356 2
11 33215307 0.1673
11 33249765 1.1316
11 33264666 0.0512
11 33266647 1.628
11 33288961 2
11 33311424 2
11 33354700 2
11 33368418 0.00685804899721035
11 33372914 0.2074
11 33373193 0.471273378228419
11 33376872 1.4516
11 33379713 1.6774
11 33392724 1.6932
11 33412351 0.4779
11 33419689 1.3269
11 33420567 1.9675
11 33422180 2
11 33422981 0.1474
11 33432440 2
11 33435782 0
11 33436851 0.8875
11 33441026 0.0199331404121817
11 33441190 1.5504577551615
11 33441497 2
11 33525595 2
11 33526168 1.0224
11 33546352 2.8944
11 33587945 1.0224
11 33588921 1.0224
11 33609246 2
11 33612514 2
11 33621827 2
11 33623238 0.13643727008031
11 33627241 1.11430726445633
11 33629113 1.47265039057729
11 33634285 0.9575
11 33646975 0.407370178298573
11 33657631 0.547783403437619
11 33659568 2
11 33667348 2
11 33670876 0.269839104934319
11 33681745 2
11 33697660 0.900030485896447
11 33698304 0.5613
11 33699873 1.139
11 33704998 1.2765
11 33739258 2
11 33742136 2
11 33757372 1.1083
11 33761612 2
11 33764791 1.63107380529936
11 33771431 2
11 33781320 0.244352952831447
11 33790984 0
11 33792069 0.0217
11 33797872 1.0698
11 33817974 2
11 33820854 2
11 33832191 2
11 33832765 2
11 33842752 2
11 33842814 1.2348
11 33844916 2
11 33849578 8e-04
11 33875732 2
11 33890496 0.255975938480133
11 33890901 0.508
11 33910003 2
11 33913296 5e-04
11 33922097 2
11 33927795 2
11 33932676 2
11 33936750 2
11 33943409 2
11 33955860 0.422005060517396
11 33968422 1.54290703873348
11 33977598 2
11 33990994 2
11 33997679 2
11 34003602 0.1635
11 34003791 2
11 34004927 2
11 34019284 1.27435375523895
11 34026817 6e-04
11 34030782 1.34471531053981
11 34034660 0.252886173932299
11 34037223 2
11 34038836 2
11 34045574 2
11 34047928 1.42368560861749
11 34061295 2
11 34072824 2.10563558387088
11 34120793 2
11 34175326 0.377723636816099
11 34184258 0.1969
11 34186653 0.6891
11 34199702 0.8967
11 34200956 2
11 34214416 0.366289440105229
11 34228530 2
11 34232136 2
11 34244999 0.2985
11 34245136 2
11 34269945 0.7413
11 34273907 0.7413
11 34277886 0.660163075889678
11 34291669 2
11 34294889 1.1191
11 34299646 2
11 34303704 0.9006
11 34336861 0.624741779417514
11 34379614 1.66197778785065
11 34408485 0.900337575588603
11 34408913 2
11 34413905 0.137815211827503
11 34414098 0.871615435177549
11 34414452 1.35740401527618
11 34414693 1.53200433606977
11 34416406 1.09136807050499
11 34418174 2
11 34421450 2
11 34422484 2
11 34425673 0.0799
11 34429750 0.0884
11 34432600 2
11 34435449 0.0798
11 34445599 0.0512433262732207
11 34457669 0.679438550262705
11 34467705 2.38369857368701
11 34478532 2
11 34479019 2
11 34479619 2
11 34480049 2
11 34489048 1.3783
11 34495309 0.7779
11 34499467 0.00568824872916759
11 34502117 1.4234
11 34509328 1.2232
11 34526896 0.2594
11 34539127 1.1832
11 34542502 1.1269
11 34546894 1.3272
11 34558009 0.9289
11 34559908 2
11 34589029 2
11 34595130 1.72243906961124
11 34600503 0.1407
11 34612626 2
11 34622936 2
11 34625981 2
11 34641441 0.0942
11 34657345 2
11 34672106 1.4141
11 34677722 0.28830863865764
11 34683469 0
11 34705070 2
11 34705786 0.436863242531545
11 34707718 1.81852213665022
11 34707808 1.651
11 34708536 2
11 34709252 2
11 34710678 2
11 34742932 2
11 34757538 1.528
11 34759389 2
11 34761408 1.5524
11 34769196 2
11 34771022 0.367325035725051
11 34776805 2
11 34781370 2
11 34783843 1.528
11 34793552 2
11 34795382 2
11 34795812 0.295950690630195
11 34797408 1.33681214584676
11 34798522 0.728044994568585
11 34799262 0.3675
11 34805696 1.534
11 34816500 0
11 34818066 2
11 34820959 0.351640783141277
11 34830213 2
11 34835632 0.3869
11 34837748 1.5161
11 34843333 2
11 34843470 2
11 34856173 2
11 34857607 2
11 34864103 2.72907683918633
11 34869110 2
11 34871583 2
11 34873553 1.3538
11 34875659 1.19261722239382
11 34876080 1.3538
11 34880974 1.5209565420015
11 34888280 2
11 34889873 2
11 34891718 2
11 34894515 2
11 34894820 2
11 34895238 2
11 34900868 2
11 34902769 1.522
11 34904231 1.3538
11 34904546 0.564872851524485
11 34905895 1.3538
11 34908365 0.380700255340158
11 34910006 2
11 34913194 1.3538
11 34913886 2
11 34922200 1.1747921476212
11 34922665 1.3538
11 34924430 1.3538
11 34930786 2
11 34942181 1.33925388821638
11 34942797 0.581219264797927
11 34952217 1.6114
11 34954823 2
11 34957775 2
11 34958995 1.6114
11 34977199 2
11 34983287 2
11 34984139 2
11 35003229 2
11 35009137 2
11 35024142 1.1311
11 35037756 1.0467
11 35038914 1.0467
11 35060225 2
11 35067538 2
11 35080819 2
11 35082045 0.0933380285043881
11 35097398 0.380328764454174
11 35123265 0.83815646310776
11 35134953 1.82504381371379
11 35139741 0.5884
11 35153048 0.561
11 35157162 2.2557
11 35167204 0.6449
11 35190741 2
11 35191495 2
11 35202471 1.3715
11 35218360 1.328
11 35220915 2
11 35227116 2
11 35244540 2
11 35244644 2
11 35248656 0.0263
11 35288528 2
11 35288811 2
11 35290391 0.8411
11 35299114 2
11 35300664 2
11 35339442 2
11 35342550 2
11 35357212 2
11 35358689 0.6084
11 35363364 0.9763
11 35366692 2
11 35371208 2
11 35371244 2
11 35378178 0.736461531009671
11 35381577 1.3375
11 35394424 0.8506
11 35394805 2
11 35410687 0.721664643811649
11 35419448 2
11 35421411 2.8079
11 35427190 2
11 35445270 2
11 35449268 2
11 35466717 2
11 35475057 2
11 35482701 0.231354371441816
11 35490672 2.30396444342061
11 35502021 0.721269508307342
11 35502603 1.05223689787267
11 35505037 1.63592162135056
11 35505114 0.381525065823656
11 35506688 0.513577960106542
11 35514310 2
11 35520330 0.0712102777802558
11 35526322 0.218
11 35533290 0.780842568973139
11 35534471 0.481772750854157
11 35537200 1.20579717629484
11 35537553 1.2852
11 35547938 2
11 35555971 0.6713
11 35556361 2
11 35556873 0.6505
11 35625011 2.9904
11 35640444 2
11 35665582 2
11 35682229 0.962850793517552
11 35699639 2
11 35780491 2
11 35792371 2
11 35832324 2
11 35851331 0.0073
11 35858401 1.05895279210563
11 35860008 2
11 35877728 1.1007
11 35880921 0.158113549411736
11 35885356 0.389987014593655
11 35910837 0.665700504102184
11 35922687 0.8893
11 35942914 0.551212159138554
11 35943608 0.302242030457607
11 35957034 2
11 35958784 2
11 35972705 2
11 35976692 2
11 35994305 1.7943
11 36007950 0.6281
11 36008108 0.6119
11 36020800 1.5144
11 36026779 2
11 36035716 3.3306
11 36043009 0.0281
11 36075419 2
11 36082621 1.9433106716291
11 36088060 0.891202913362604
11 36108307 0.6182
11 36121126 0.0609
11 36128136 1.2198547418626
11 36142168 1.5285
11 36145814 2
11 36156184 2
11 36161018 3.44904080240853
11 36161730 0.671590580378528
11 36165980 5e-04
11 36181969 2
11 36186251 2
11 36194022 2
11 36194047 2
11 36203660 2
11 36212201 1.2137203964099
11 36213813 2
11 36223755 2
11 36224801 0.630105070429372
11 36226042 0.490535512643739
11 36231292 1.3605
11 36247307 1.24379517415885
11 36257683 0.623410128069461
11 36276647 0.807114086842281
11 36287101 1.1896
11 36287427 1.53459898446076
11 36287440 1.945
11 36290777 0.136659516318653
11 36296540 2
11 36304214 2
11 36314268 0.744375849245349
11 36319933 1.2154
11 36326219 2
11 36338659 0.137893041179233
11 36342025 2
11 36354157 0.0526723593344681
11 36389128 0.0078
11 36400346 0.1136
11 36435703 1.68448047511792
11 36437036 0.0742
11 36441003 0.2941
11 36463644 0.442179760902564
11 36465274 0.1553
11 36467101 0.345
11 36472575 0.654258668146556
11 36507658 5e-04
11 36507692 5e-04
11 36531966 0.3206
11 36585099 0.866080012585671
11 36590540 0.8017
11 36600921 0.34766131784489
11 36705391 1.81436739753297
11 36725832 0.046619677806014
11 36726030 0.178362574516605
11 36726098 2
11 36727699 1.2247223029656
11 36728765 2
11 36732137 1.37776605656345
11 36734262 0.511780008360235
11 36740062 1.24694698575819
11 36742743 0.102235921504553
11 36756568 5e-04
11 36758134 0.1398
11 36766824 2
11 36769238 0.488633102068362
11 36770590 0.833011267548298
11 36776057 0.1996
11 36786559 0.404423314828926
11 36791331 1.11282213661034
11 36791459 0.673513084604874
11 36805996 1.89620646941532
11 36844782 2.16670418006924
11 36856356 0.16230226804464
11 36868883 0.87932619504382
11 36869443 0.0243529963442074
11 36877162 2
11 36878933 2
11 36891007 2
11 36902609 2
11 36904214 2
11 36912083 2
11 36915506 2
11 36939794 5e-04
11 36939933 2
11 36941691 2
11 36942293 2
11 36959536 0.6259
11 36960676 0.3952
11 36960841 1.41319560353731
11 36962220 0.4286
11 36962679 0.13509890765904
11 36974334 2
11 36983541 2.4753
11 36987926 0.7531
11 36992968 2.4029
11 37015944 1.1922
11 37020994 0.2691
11 37025809 0.2009
11 37028888 0.2009
11 37030098 0.2691
11 37031007 1.1361
11 37035670 1.1922
11 37053276 7e-04
11 37079214 1.1732
11 37082802 0.49565119336229
11 37089223 0.499262734010944
11 37098458 2
11 37100361 2
11 37101127 2
11 37107178 1.1667
11 37118827 2
11 37120535 2
11 37128689 0.1712
11 37131228 0.244721514855252
11 37132279 0.107915688332703
11 37133204 0.851277799278562
11 37143357 1.5747
11 37148431 0.0891
11 37159644 0.0891
11 37162590 0.0758
11 37171171 0.1295
11 37198445 1.92689817326221
11 37243746 1.11406130950576
11 37246338 0.305741824147437
11 37262210 0.125283788209005
11 37263020 0.231749021206744
11 37265253 0.3814
11 37270825 0.3675
11 37276168 0.3675
11 37284750 1.62870462201847
11 37311888 0.4243
11 37331489 2
11 37348054 0.696910110695667
11 37348299 0.1544
11 37351069 2
11 37358762 2
11 37388564 2
11 37398043 2
11 37406301 2
11 37406323 2
11 37426244 2
11 37431718 2
11 37442014 1.5951
11 37453554 2
11 37462491 2
11 37487515 1.35323371346789
11 37499055 2
11 37507382 1.176
11 37517229 1.65914686563354
11 37522614 1.93270491329353
11 37526985 0.467995740973451
11 37536366 0.957290279982224
11 37536733 1.3878
11 37539764 0.456119048197891
11 37540382 0.463869549999633
11 37540630 2
11 37545145 1.54130694626077
11 37546454 2
11 37560900 0.666456248916671
11 37561508 1.28444261421717
11 37561516 0.0915035622537015
11 37569245 0.977701407125707
11 37573223 0.277206303161427
11 37584082 0.254826221739955
11 37585057 0.11506089542089
11 37588595 0.713134128515814
11 37589349 0.964143761419563
11 37592990 0.305312102701316
11 37595618 0.761721014252211
11 37602445 1.21549164987071
11 37603187 0.889192642351736
11 37605848 0.0945506265234911
11 37607475 0.0981616330835907
11 37610130 1.04967762281494
11 37610185 0.266421841004587
11 37623492 0.0517977845416173
11 37624313 1.63097042047766
11 37632443 0.10660771510405
11 37644955 0.769803093258771
11 37655856 0.195438186617314
11 37658040 0.1395
11 37659730 1.02293454796765
11 37664052 0.0621
11 37667299 1.30365830435814
11 37687680 0.318677725809588
11 37690282 0.633218833543517
11 37692553 0.0504
11 37702324 2
11 37709849 2
11 37723770 1.2947
11 37739503 0.0804
11 37766931 0.1507
11 37768863 2
11 37772619 0.1507
11 37774524 2
11 37788420 0.1507
11 37793772 0.0504
11 37796048 0.0504
11 37821395 2
11 37842125 0.0558
11 37844528 0.0804
11 37851903 0.068
11 37857906 2.2412
11 37867389 2
11 37930242 0
11 37932823 0.436661873704654
11 37939330 0.395443975545167
11 37942927 0.468785899166577
11 37950959 1.24077510745505
11 37957731 2
11 37959642 0.0053
11 37962852 2.3701
11 37965777 1.50238728253461
11 37970422 2
11 37975275 0.9827
11 37981014 0.9827
11 37984273 0.9827
11 37986804 1.01
11 37997062 0.9827
11 38005548 0.9827
11 38007246 0.9827
11 38032670 0.869514054888561
11 38033321 2
11 38048052 1.1209
11 38057800 0.25
11 38066093 2.4105
11 38067894 2
11 38147046 2
11 38173330 2
11 38182430 5e-04
11 38186573 1.2984
11 38196917 5e-04
11 38200377 2
11 38229798 8e-04
11 38236463 0.0053
11 38237448 0.2045
11 38251160 0.0276
11 38259518 8e-04
11 38263807 0.0107
11 38283761 0
11 38307751 0.0276
11 38313620 0.0053
11 38341267 0.0276
11 38341454 8e-04
11 38363154 2.8749
11 38370275 1.04244884720282
11 38379555 0.0276
11 38383991 2
11 38397127 0.414881323033097
11 38398670 2
11 38398923 0.1829
11 38420842 2
11 38432649 0.1829
11 38440174 2
11 38446615 2
11 38449777 0.308542246568202
11 38450362 2
11 38455736 0.3426
11 38464252 0.3426
11 38470605 2
11 38472545 2
11 38478809 2
11 38482290 2
11 38482923 2
11 38498838 2
11 38498846 2
11 38504974 2.7095
11 38527925 2.3299
11 38532415 2
11 38534969 2
11 38541314 2
11 38554333 2
11 38567761 2
11 38567773 2
11 38582829 2
11 38588999 0.6768
11 38598300 0.0639
11 38601469 2
11 38611220 2
11 38627255 0.0639
11 38632038 0.0699
11 38645838 0.0699
11 38653582 0.0078
11 38657177 1.2966
11 38658633 0.0699
11 38660495 0
11 38706287 0
11 38745363 0
11 38757314 2
11 38764753 2
11 38791913 2
11 38802843 2
11 38805347 0
11 38811072 2
11 38848797 2
11 38864500 2
11 38874976 2
11 38910956 2
11 38918395 2
11 38926224 5e-04
11 38927003 2
11 38934062 2
11 38934956 2.6447
11 38941965 2
11 38955199 2
11 38962706 2
11 39002137 2
11 39009341 1.15486715605172
11 39032206 1.176
11 39051419 0
11 39062996 2
11 39079537 2
11 39093153 2
11 39108933 2
11 39109102 0
11 39124916 0
11 39134094 2
11 39140145 2
11 39143254 2
11 39144286 0
11 39150541 2
11 39154207 2
11 39165503 0.001
11 39171680 2
11 39187052 2
11 39217381 2
11 39220872 6e-04
11 39241236 2
11 39260342 0.1659
11 39271828 2
11 39283939 1.877
11 39294203 2
11 39297464 2
11 39301887 0.551853142804177
11 39326176 5e-04
11 39332711 0
11 39338717 2.4926
11 39348639 5e-04
11 39353106 0.168996048072618
11 39366304 0.0252
11 39370384 0.0252
11 39372445 0.1504
11 39390240 2
11 39390532 0.9823
11 39420359 2
11 39424928 0.4861
11 39427542 1.38456340151248
11 39574980 0.6768
11 39583343 0.0570829267785588
11 39583713 0.850425054818346
11 39601749 0.700185175848115
11 39606180 0.49270191794164
11 39606653 0.5003
11 39633422 0.350407861745883
11 39653718 2
11 39663380 2
11 39674900 2
11 39711656 0.565504184957715
11 39717745 2
11 39732830 0.822675048989273
11 39735041 1.8072371967281
11 39741055 0.700422027830533
11 39747755 0.198189268959823
11 39748316 5e-04
11 39753926 1.71729253233513
11 39756212 2
11 39758522 0.686553748607681
11 39762681 1.87225742984562
11 39763465 2
11 39768381 1.93374671018075
11 39769588 0.0375214106664552
11 39769639 1.44383377150339
11 39771938 0.174293125152448
11 39772138 0.451171937423133
11 39775803 0.822951071500068
11 39776060 0.7205548870069
11 39777206 0.227069487882838
11 39778188 0.905890948756727
11 39808817 1.9056
11 39814013 0.858067823559368
11 39816139 0.274731457021412
11 39836927 1e-04
11 39843744 1.34552454122941
11 39868941 0
11 39871670 1.20241589800281
11 39873856 1.56625798614337
11 39875915 1.22614851528973
11 39878968 0.049
11 39884251 0.049
11 39885565 0.48929223624436
11 39891935 0.0603569473608575
11 39894959 1.58309597470358
11 39896808 1.0003962584848
11 39926975 0.868638561223534
11 39944971 0.346420671356707
11 39947154 1.22162393383841
11 39949562 0.381855575560892
11 39960742 0.757221009185114
11 39962587 0.5888
11 39965826 6e-04
11 39986300 0.1233447651237
11 40015203 0.1511
11 40029661 0.1435
11 40042470 0.262775488620894
11 40042576 1.05119466907
11 40051823 0.00861583768884192
11 40065758 2
11 40084549 2
11 40117990 0.9698
11 40126178 1.7015
11 40127079 2.6444
11 40127426 2
11 40140422 1.85416540506949
11 40149638 0
11 40150017 1.8626
11 40154887 0.748808417508039
11 40163838 2
11 40184553 1.49327028128767
11 40189069 2.0406
11 40193670 2
11 40193974 2
11 40193975 2
11 40216594 2
11 40226295 0.9444
11 40235409 2
11 40238598 2
11 40239391 2
11 40282275 0.8843
11 40348359 2
11 40355304 2
11 40359716 2
11 40396723 2
11 40413056 2
11 40417443 2
11 40425127 2
11 40438517 2
11 40448299 2
11 40451608 2
11 40451666 2
11 40474091 2
11 40496374 0
11 40525056 2
11 40528808 0.657679278482008
11 40538165 0.525743982291654
11 40557797 1.39093309854845
11 40561406 0.825
11 40578611 1.5318
11 40582809 0.755912423334848
11 40586250 0.8445
11 40595911 0.268196544997265
11 40602211 0.599914367807988
11 40607042 0.70080656111666
11 40607545 2
11 40617362 0.480192028840386
11 40617630 0
11 40635854 0.8927
11 40638441 2
11 40653886 1.59540406457888
11 40655686 1.176
11 40655946 1.10691917825263
11 40658549 0.0362436176203638
11 40673882 2
11 40696041 0.026
11 40710911 2
11 40716386 0.6352
11 40729151 2
11 40732565 2
11 40733821 2
11 40736494 0.2193
11 40777485 2
11 40790112 2
11 40830153 0.562216345021604
11 40834907 5e-04
11 40859859 0.0824813222337704
11 40946236 1.3859
11 40950940 0.1029
11 40985855 0.7109
11 40999689 1.1662
11 41015506 1.1662
11 41017960 0.1418
11 41021212 0.2645
11 41024622 0.1218
11 41026795 7e-04
11 41028022 5e-04
11 41032639 0.2793
11 41033861 0.2793
11 41045201 0.0078
11 41058206 1.3148
11 41077720 1.46758110418147
11 41083692 0.4501
11 41101350 1.1667
11 41107488 0
11 41112769 0.7999
11 41125282 1.43449144184506
11 41134759 1.7814
11 41138774 0.285749425696782
11 41156992 0.378019637781365
11 41162069 1.7962
11 41162406 0.082607508006812
11 41164191 1e-04
11 41164215 1.8115
11 41169681 1.32075281726277
11 41172466 1.7962
11 41195759 1.739
11 41197864 2
11 41198625 2
11 41205802 2
11 41244120 2
11 41259238 2
11 41281930 2
11 41304643 2
11 41310412 2
11 41322356 2
11 41353140 2
11 41378151 2
11 41385783 0.1796
11 41441956 1.6047
11 41443010 0.208556296526864
11 41450844 0.096
11 41469160 5e-04
11 41469464 0.9641
11 41492190 0.573756319757044
11 41503375 2.32401948843418
11 41520097 0.311266234000616
11 41521671 0.082069640917485
11 41522684 0.8207
11 41561483 2
11 41567305 2
11 41573519 2
11 41575723 2
11 41581268 2
11 41583957 0.106513501965966
11 41592875 0.500455420676047
11 41608353 0.822358844192737
11 41616651 2
11 41622774 0.391983120709156
11 41624737 2.15929086452276
11 41634616 3.52677274306452
11 41641448 0.373188404257692
11 41666902 2
11 41676112 5e-04
11 41676161 5e-04
11 41677405 0.0386
11 41679305 0.18232667210177
11 41682372 0.0386
11 41689511 0.0253282511070923
11 41690920 1.69682073515329
11 41700124 2
11 41706313 0.126136301977529
11 41708325 1.3955
11 41711106 1.1659
11 41716053 2
11 41722068 1.2506
11 41735764 1.8182
11 41747179 0.607
11 41752355 0.402
11 41760862 1.8326
11 41761410 2.2354
11 41792204 2
11 41802932 0.6259
11 41805344 2
11 41808608 2
11 41809724 2
11 41811518 0.6259
11 41811926 0.6259
11 41813029 0.714
11 41813311 0.6259
11 41819797 2
11 41830110 2
11 41830928 0.7745
11 41849385 0.0898
11 41852300 0.0263
11 41856712 2
11 41859788 2
11 41888219 0.1513
11 41898413 2
11 41902563 2
11 41910497 2
11 41930518 0.1901
11 41939272 0.1513
11 41946557 0.1241
11 41948643 0.1308
11 41953238 0.1513
11 41968612 2
11 41978206 1.4956
11 41980070 2
11 41991045 2
11 41993143 2
11 42001400 1.4956
11 42025786 2
11 42026095 0.1583
11 42040473 2.4029
11 42085127 2
11 42106238 2
11 42130681 0.2211
11 42146324 1.0204
11 42154002 0.1603
11 42158797 2
11 42190180 1.566
11 42191297 1.0204
11 42217472 0.5684
11 42221266 0.7109
11 42225911 1.2745
11 42232710 2
11 42270582 2
11 42300291 0.831323788524783
11 42302959 0.643055799445238
11 42304365 0.570086404491676
11 42305742 0.564544812083602
11 42306627 0.159082021997446
11 42308639 0.587372608774928
11 42308952 1.12539655982063
11 42312629 0.939929364407521
11 42316196 0.998364615531927
11 42327607 1.57594878779158
11 42330754 0.332284579164234
11 42344957 0.709052752725412
11 42357033 0.208952858004308
11 42361618 0.0263
11 42369170 1.18495849432779
11 42371820 0.123305834872414
11 42388503 2
11 42391288 2
11 42413243 0.852494485477266
11 42413767 1.26438530961158
11 42417018 0.877699827502816
11 42417532 0.532360899621096
11 42432167 0.0417618928886997
11 42451709 0.641704411056846
11 42460161 0.9762
11 42467599 0.790453076768495
11 42476911 0.702565955541741
11 42485059 0.499959670808087
11 42492957 2
11 42496291 0.7464
11 42502841 2
11 42516657 2
11 42518053 2
11 42529410 2
11 42538973 2
11 42545050 0.0561
11 42570708 0.0263
11 42571158 2
11 42573167 2
11 42619586 2
11 42625590 0.2059
11 42625892 0.2059
11 42651913 0.0524033977662619
11 42670152 0.0051
11 42672140 1.40458853996617
11 42678122 0.0994
11 42678187 0.2551
11 42679451 0.1086
11 42682190 0
11 42682261 1e-04
11 42687046 0.1086
11 42690712 0.1086
11 42691620 0.1086
11 42692009 0.1281
11 42692155 0.1086
11 42692668 0.1086
11 42693195 0.0994
11 42693699 0.1086
11 42696290 1.0618
11 42696436 0.2551
11 42697452 0.2551
11 42698029 0.1059
11 42698245 0.209686298416961
11 42698913 0.2258
11 42700888 2.1665
11 42701722 2.1665
11 42702038 2.1665
11 42702538 2.1665
11 42717153 0.7734
11 42723344 0.7734
11 42723630 0.7734
11 42724103 1.7138
11 42729231 1.7138
11 42745124 0.2702
11 42747741 2.1967
11 42756142 0.821959793559454
11 42764350 1.7638
11 42788225 2
11 42788976 0.5862
11 42791607 0.1898
11 42808388 2
11 42809667 1.6147
11 42813764 2
11 42829377 1.566
11 42830211 2
11 42836706 2.0275
11 42844813 2
11 42845868 1.3149
11 42850499 2
11 42853328 1.6345
11 42862806 1.64287201218623
11 42875373 1.20140974611835
11 42879352 0.138481212910399
11 42895680 2
11 42899736 1.73173467409202
11 42921015 2
11 42923487 0.658372056698397
11 42925279 2
11 42927675 2
11 42934945 2
11 42939234 2.1108673463369
11 42941984 0.936921022864489
11 42941985 0.00292939731138231
11 42944281 1.73532006103974
11 42944548 1.2156
11 42944855 8e-04
11 42952857 0.701038676017361
11 42958465 2
11 42962184 1.4989
11 42965336 0.129279940522209
11 42983962 0.2817
11 42986805 2
11 42996222 0.2817
11 42998441 0.460019954777221
11 43000048 0.2904
11 43002108 2
11 43008153 1e-04
11 43008199 5e-04
11 43008406 0.19639001496752
11 43008565 0
11 43008578 1e-04
11 43022930 0.245378847286631
11 43033130 0.2817
11 43036802 1.96118784355909
11 43050846 2
11 43058491 0.9324
11 43071531 2
11 43072139 2
11 43078397 2
11 43082847 2
11 43087207 2
11 43096489 2
11 43098782 2.118
11 43100825 0.9324
11 43112076 0.9324
11 43139225 2
11 43139265 2
11 43145972 1.1929
11 43146671 1.1043
11 43148447 0.986253768374019
11 43154183 0.9839
11 43154617 0.9839
11 43155756 0.9839
11 43156557 2.2998
11 43165701 0.8866
11 43176592 0.9493
11 43181114 1.3342
11 43187654 0.479493426665116
11 43192976 1.021
11 43205330 1.3413
11 43205564 1.3413
11 43208615 2
11 43216461 0.430491066582795
11 43217037 0.7746
11 43241380 1.3134
11 43254724 0.0107
11 43266166 2
11 43273282 0.2379
11 43279855 0.6256
11 43294669 0.277751260932677
11 43296636 0.6798
11 43299540 0.6798
11 43312699 0.484068697448893
11 43332608 0.891510065683174
11 43335507 0.720885604301245
11 43346039 0.881822906558276
11 43363979 1.2021
11 43365494 0.6986
11 43372149 0.0355
11 43378913 0.217609339097406
11 43410756 0.6986
11 43411373 0.403658886954522
11 43421158 1.7421
11 43425286 0.914239651195285
11 43444900 0.0355
11 43467656 0.6986
11 43474580 0.632931051973496
11 43491800 1.7421
11 43509813 0.7817
11 43520024 0.093
11 43554216 0.714412249078012
11 43561685 0.979366891836686
11 43589182 2
11 43601519 2
11 43607199 2
11 43610614 2
11 43613423 1.49014445969454
11 43617475 0.2581
11 43619394 0.447641703088241
11 43623703 0.0817
11 43627236 0.2581
11 43662057 2.35758893321031
11 43674449 0.753722648123774
11 43674766 0.6115
11 43682790 0.620594024669933
11 43686250 0.0263
11 43687937 0.6356
11 43699950 1.5113319199755
11 43702342 0.805632920872501
11 43708905 0.33024790440621
11 43720927 1.62067256915515
11 43733059 1.4135
11 43750999 1.13496132891534
11 43757716 0.185081482040921
11 43791697 0.267237571157463
11 43793867 1.3881
11 43795812 1.12231963137029
11 43820597 2.1802
11 43830253 0.2493
11 43833705 2
11 43837132 0.2411
11 43840775 0.2411
11 43848430 0.2493
11 43851394 2.05553412214742
11 43855279 1.2966
11 43868981 0.582258315616289
11 43872108 2
11 43883890 2
11 43892663 2
11 43920636 2
11 43926211 2
11 43928171 0.8353
11 43948609 0.379
11 43977188 1.33578807068521
11 43984289 1.96774098317712
11 43987901 0.955701228413867
11 43992906 0.445925473443441
11 44002178 1.06822535514856
11 44002772 0.104693796445878
11 44026383 1.07162949719357
11 44034103 1.00627115706052
11 44034685 0.223219875309533
11 44042646 0.176709717331861
11 44051091 1.5416
11 44072068 2
11 44077435 2
11 44084318 0.0251132755798277
11 44085269 2
11 44094982 0.0741591639438983
11 44112133 2
11 44112322 1.3568
11 44118844 1.30433370710484
11 44119122 1e-04
11 44119155 1e-04
11 44146649 0.0814
11 44152531 2
11 44181100 2
11 44203210 2
11 44212299 0.833904744684259
11 44215963 2
11 44224243 0.0944
11 44227178 0.0944
11 44235398 0.0944
11 44258673 0.861009518518212
11 44266865 0.32642118126484
11 44268516 1.864900191261
11 44273193 0
11 44274663 0.267810588052672
11 44282454 0.1765
11 44290418 1.71509411472456
11 44292284 0.409900406738918
11 44297236 0.1257
11 44301643 0.1035
11 44309959 0.253165767142954
11 44336161 0.397119131288622
11 44345495 0.0231
11 44346482 0.0231
11 44367284 1.86288668847518
11 44409190 0.888993215548087
11 44410868 0.691761985481397
11 44417861 0.850312319177917
11 44422558 2
11 44427388 2
11 44429580 2
11 44432073 1.29262474638332
11 44433371 1.000090805431
11 44434537 2
11 44438000 0.923900493513112
11 44442621 2
11 44449922 0.9989
11 44461147 0.312888133382631
11 44466524 0.0404720204299599
11 44482495 2
11 44500762 2
11 44514848 0.670339335732948
11 44532514 0.234889168604407
11 44533411 0.5503
11 44539253 0.32345537908556
11 44540674 2
11 44550959 0.102
11 44553193 2
11 44554419 2
11 44571158 1.1231
11 44598449 0.2254
11 44600607 0.0572630783434768
11 44604930 2
11 44607914 2
11 44612595 2
11 44617105 1.0468
11 44642585 2
11 44668145 2
11 44672832 2
11 44689275 1.29338809297347
11 44698312 2.2395
11 44706616 2
11 44727072 5e-04
11 44765651 0.0351
11 44779977 0
11 44796808 0.2066
11 44839640 0.8695
11 44856761 2
11 44860581 1.97292407742343
11 44861799 0
11 44866206 2
11 44894839 0.093
11 44895693 0.9311
11 44914142 0.790724403932778
11 44914723 0.0502
11 44921332 0.0737703024927762
11 44937662 2
11 44941709 2
11 44944562 0.0888
11 44944887 2
11 44949612 2
11 44981327 0.154
11 44983182 0.7106
11 45005722 0.0077
11 45006229 2
11 45011247 0.1323
11 45012726 0.1648
11 45013031 1.5354
11 45029738 2
11 45030847 2
11 45043568 2
11 45044572 0.964
11 45054650 0.14296887546925
11 45054794 0.715585305440492
11 45055209 0.830578283321714
11 45085850 2
11 45088928 2
11 45091519 1.12668658542613
11 45092097 0.949441712112506
11 45092777 0.757349442960398
11 45101675 0.501133064057516
11 45107018 0.666888885722921
11 45110836 0.0804
11 45117389 2
11 45117782 0.0804
11 45119089 2
11 45123133 0.0804
11 45123666 2
11 45149211 2
11 45157339 0.932872966443921
11 45180234 0.874178235804942
11 45182297 0.351799173956181
11 45186590 0.104767211770385
11 45191806 0.246859014738149
11 45215969 0.534137630413183
11 45216307 0.13378535847641
11 45236415 1.44333815816441
11 45238552 0.243682290269988
11 45239018 2.2688
11 45256766 0.630152871309367
11 45258736 0.084
11 45259306 0.383983033284114
11 45261245 1.9922
11 45269764 0.0963
11 45269834 0.0963
11 45282136 0.368058117855058
11 45297012 0.893422712959005
11 45316728 0.741156912463708
11 45328656 0.7136
11 45331570 2
11 45335982 2
11 45341969 0.0745438458113877
11 45345459 0.5815
11 45367913 2
11 45369800 0.0327450369999938
11 45379862 0.8289096215533
11 45383651 0.608242027018134
11 45392632 0.0113307702096998
11 45393595 0.474219480196763
11 45427586 2
11 45431781 2
11 45435135 2.3421
11 45438248 2
11 45454109 2
11 45464697 2
11 45465491 2
11 45470872 2
11 45537558 0.0263
11 45549386 2
11 45572655 2
11 45591317 2
11 45615387 2
11 45630657 0.405485781082945
11 45633519 1.4701
11 45655234 0.0508298644655192
11 45658660 0.745825893222334
11 45665144 1.30752139054268
11 45678247 1.30714126552226
11 45682506 0.355746331756826
11 45684863 0.282118218419575
11 45695291 0.0747398915417584
11 45698099 2.32352417656441
11 45712837 2.46636718199863
11 45719939 1.33382800517863
11 45724559 1.16266652376351
11 45729581 0.472685856166971
11 45729585 0.257324432039148
11 45730657 0.558062943335716
11 45744983 0.363117775341735
11 45745913 2
11 45752571 2
11 45755417 2
11 45765471 0.177377884610226
11 45799880 2
11 45800132 2
11 45810406 2
11 45821472 0.0408
11 45824016 2
11 45844317 2
11 45844588 2
11 45849681 2
11 45856669 0.0887
11 45907837 0.6862
11 45913146 0.163833623465945
11 45913702 1.98748355426015
11 45916417 2.1935512812807
11 45927983 2
11 45946469 1.7638
11 45955283 0.0078
11 45962669 2
11 45996588 0.1657
11 46002525 0.3419
11 46077652 2
11 46117734 2
11 46135917 0.712959787438008
11 46140032 0.296668009233613
11 46145853 2
11 46150786 0.1459
11 46152609 0.1459
11 46154662 0.0063
11 46158097 2
11 46166674 0.3548
11 46175646 0.3651
11 46185326 0.6155
11 46232157 2
11 46283644 2
11 46288417 2
11 46302720 2
11 46310953 0.15417003980803
11 46318102 2
11 46404874 0
11 46426039 2
11 46512996 2
11 46569393 0.9698
11 46583732 0.0263
11 46596504 1.7255
11 46597636 1.80611552556126
11 46623717 0.898478930729919
11 46703769 2
11 46709089 0.918955810874833
11 46753122 2
11 46775671 2.28741409993676
11 46802691 0.0560596123038364
11 46833493 0.142634010102353
11 46835953 0.352351777356635
11 46849682 0.514804742657796
11 46851322 1.06081706353971
11 46880445 0.520045104816968
11 46918648 0.0897
11 46925815 0.5614
11 46936257 1.09736992280191
11 46963252 0.432999449234176
11 46986828 0.579104420142225
11 46989878 0.600067333795395
11 47005148 0.890927546575299
11 47047421 0.934523550273222
11 47050349 0.712089213237405
11 47055481 0.714087703719126
11 47086233 5e-04
11 47089101 0.560504446054637
11 47097118 0.0897
11 47111173 0.311101358656684
11 47166860 2
11 47190235 1.335
11 47207765 2
11 47209302 2
11 47223943 1.80209783816822
11 47239709 2.60883771201405
11 47255124 0.4544
11 47273634 0.687070400178054
11 47278604 0.563211412363542
11 47280569 0.0386
11 47285034 0.568701833435402
11 47300415 1.23675705173956
11 47325709 0.774663181371417
11 47356883 0.566832243905992
11 47361724 0.263533382535569
11 47363046 0.169228364167851
11 47371017 1.14838235112207
11 47389400 0.164798180019758
11 47409048 0.2212
11 47422396 2.4926
11 47445238 0.768579765251521
11 47447239 2
11 47454123 0.208185749228489
11 47483761 1.5875
11 47501322 0.757446355580275
11 47541684 5e-04
11 47541690 2e-04
11 47544800 0.362708014900552
11 47574842 2.4926
11 47585432 0.25236791911285
11 47625422 0.909943342585015
11 47625436 1.08136144327869
11 47647623 1.36651679614811
11 47674288 0.5277
11 47684511 1.368
11 47737284 0
11 47760524 0.565776036745467
11 47761524 0.174120686224106
11 47765986 0.161903635097439
11 47771059 0.0263
11 47773250 0.0801625993945466
11 47784062 0.81222529038715
11 47786222 1.13954407857146
11 47806796 0
11 47810054 2.4047
11 47811241 0.746643165609058
11 47812669 5e-04
11 47837203 0.153248877573753
11 47859935 0.913275846151121
11 47860789 0.396966658372756
11 47865535 0.836107045600185
11 47867077 1.58047053577228
11 47890598 0.672813820625648
11 47912792 1.877
11 47934066 2
11 47937070 2
11 47945740 1.8942
11 48029443 1.46294246243742
11 48054902 1.23477515247107
11 48075386 2
11 48078292 1.578
11 48103819 2
11 48123695 2
11 48124194 2
11 48124540 2
11 48131069 2
11 48140753 0.18127117347059
11 48144715 2
11 48147112 0.186513246453635
11 48159099 0.2093110081514
11 48186259 5e-04
11 48224745 2
11 48226002 0.1395
11 48236458 2
11 48237744 2
11 48241797 2
11 48248981 2
11 48249735 2
11 48250162 2
11 48251948 2
11 48252621 2
11 48263269 0
11 48275510 2
11 48282909 2
11 48290322 0.874173755541771
11 48293176 2
11 48298422 2
11 48300601 2
11 48302514 2
11 48302527 0.265727055307405
11 48305040 2
11 48305924 0.7076
11 48316213 0.82033234326518
11 48321504 2
11 48349765 0.9781
11 48365634 2
11 48365723 0.406525040483998
11 48369734 0.0298291019194714
11 48390799 0.555779023778461
11 48392513 1.0097
11 48397830 0.979052707300291
11 48409640 1.0097
11 48410316 1.20205198270846
11 48410860 1.3524823626033
11 48411441 1.67684191177168
11 48425959 2
11 48442484 0
11 48444510 0
11 48445886 2
11 48446765 2
11 48447680 0.9784
11 48472314 0.1375
11 48472478 0.977235485201752
11 48492340 1.19550176082616
11 48497125 0.121965848481274
11 48503306 0.1375
11 48509632 0.186665425850804
11 48509672 1.3273708975561
11 48515247 2
11 48516307 0.96190190984157
11 48517478 0.867085481040113
11 48522368 0.347196835801498
11 48528962 1.19111693594688
11 48529398 0.877387543553019
11 48529601 0.590662678431253
11 48531076 0.340869829158269
11 48532737 0.364549679679057
11 48534780 0.1375
11 48542380 1.3486383543098
11 48547582 2
11 48554242 2
11 48555138 0.1375
11 48563062 0.0152296434284555
11 48569410 0.1375
11 48569728 1.3094637618783
11 48573176 0.227063910519116
11 48574848 1.00658736480286
11 48575403 0.1726
11 48585350 0.576866136881986
11 48587795 0.183982019624472
11 48593363 0.0999528291986814
11 48598704 2
11 48600125 0.1375
11 48600312 1.82127608155709
11 48618500 0.12563118309806
11 48620478 2
11 48630109 0.927013073834538
11 48633080 0.154255812295127
11 48646120 0.159746441587256
11 48650193 0.619525255994106
11 48663744 2.2591
11 48687888 0
11 48694726 0.9784
11 48695427 2
11 48699653 0.278545807948737
11 48700873 0.605694923870503
11 48703877 1.15039833956797
11 48704688 0.136436576611832
11 48714340 0.2683
11 48734534 0.258771389478887
11 48735111 0.9784
11 48735941 0.848312838527137
11 48738631 1.14643256738632
11 48749489 0.0609
11 48754168 5e-04
11 48761408 0
11 48765159 0.287618799506856
11 48766875 2
11 48778918 0
11 48781363 0.9784
11 48788960 0.684113196042424
11 48789115 2
11 48789998 2
11 48796981 0
11 48801736 0.776873961405923
11 48802289 0.1185
11 48812141 2.449
11 48817986 8e-04
11 48820512 1.28684610189635
11 48821338 1.1695751067924
11 48839347 2
11 48844128 0.120144226924349
11 48846010 0.347214067064371
11 48854073 1.3357
11 48867658 1.09545916131394
11 48903337 0.591520802885239
11 48912778 0.9784
11 48914805 0.270171826216675
11 48923798 0.145857998612088
11 48926291 0
11 48938610 0
11 48944081 5e-04
11 48946475 0
11 48953805 0.9784
11 48954944 1.07335271345388
11 48958128 0
11 48970610 0.899982255527755
11 48971471 0.9784
11 48972164 0.1375
11 48973859 0.721406279297723
11 48977898 0.0263
11 48984317 0
11 48989012 2
11 49002550 1.05670716782591
11 49011134 0.9784
11 49019522 0.1375
11 49021780 0.1028
11 49035703 1.58965942823551
11 49037284 0.0263
11 49040537 0.1375
11 49056100 0.1375
11 49059631 0.1375
11 49059798 0.1375
11 49074940 0.242510416966238
11 49098655 5e-04
11 49108998 0.153402083935332
11 49111462 1.3719
11 49167865 0.259906344634377
11 49170974 2
11 49171115 2
11 49190252 2
11 49196062 0.609038069884193
11 49216272 2
11 49227638 0.0263
11 49229767 0.332644126866095
11 49256846 0.0906403768251866
11 49264705 2
11 49265830 0.683202767215367
11 49270270 2
11 49277158 2
11 49320694 2
11 49332764 2.1546
11 49350929 2
11 49351320 2
11 49358776 2
11 49372633 2
11 49391841 0
11 49416558 2
11 49417410 2
11 49451482 2
11 49452002 2
11 49471140 1.8785
11 49490242 0.849571495003232
11 49526503 2
11 49530276 2
11 49547837 2
11 49559590 0.381113470187939
11 49559611 2
11 49613706 1.417
11 49622544 2
11 49667771 2
11 49668908 2
11 49690284 1.0228
11 49690377 0.1718
11 49695870 0.0908761908090995
11 49695877 0.733620103969618
11 49718678 2
11 49726241 2
11 49738397 2
11 49738798 1.439296397482
11 49740299 2
11 49789857 2
11 49793145 2
11 49801333 2
11 49807846 2
11 49810816 2
11 49811968 2
11 49824008 2
11 49826089 2
11 49826658 0.0162
11 49828422 5e-04
11 49834189 2
11 49836606 0
11 49840361 0
11 49845937 2
11 49848273 2
11 49857344 2
11 49861487 2
11 49864598 4e-04
11 49868589 2
11 49878651 2
11 49886003 5e-04
11 49887288 2
11 49888386 2
11 49890602 2
11 49901482 1.05663276226813
11 49912369 2
11 49913502 2
11 49916419 0.0314737097375959
11 49917091 2
11 49919571 2
11 49931103 2
11 49935395 2
11 49941291 1.03308015969064
11 49949098 0.0581899008324943
11 49970704 2
11 49973347 2
11 49976093 0.345609192753798
11 49978372 1.3844
11 49988233 2
11 49990627 2
11 49992209 0.787573916414397
11 49992706 2
11 50001150 2.4914
11 50003002 2
11 50003718 0.319372741808983
11 50007914 0.674328121585249
11 50032079 2
11 50043349 2
11 50051045 0.000803404938344766
11 50058206 2
11 50058290 0.574386592355139
11 50064055 2
11 50072044 2
11 50089781 2
11 50148597 2
11 50151328 2
11 50158048 0.689364004512086
11 50175506 2
11 50189950 2
11 50192070 2
11 50192143 2
11 50202019 2
11 50212706 0.0465599754703074
11 50218759 2
11 50234277 2
11 50246633 2
11 50254551 2
11 50256482 2
11 50257388 2
11 50273586 2
11 50274951 2
11 50296901 2
11 50305473 2
11 50305657 5e-04
11 50313491 2
11 50334255 2
11 50335624 2
11 50341803 1.0787
11 50366056 2
11 50371868 2
11 50373397 2
11 50375309 2
11 50382855 2
11 50389101 2
11 50401885 0.306860637750053
11 50413536 2
11 50429628 1.5079
11 50438712 2
11 50446590 2
11 50475284 2
11 50479544 0.718071877668332
11 50483150 2
11 50487811 2
11 50488841 2
11 50490021 2
11 50494072 2
11 50499183 2
11 50500936 2
11 50505742 2
11 50512875 5e-04
11 50513064 2
11 50528601 2
11 50528671 2
11 50529629 2
11 50546288 0.089
11 50553555 1.01
11 50570542 2
11 50583393 1.5263
11 50599894 2
11 50604227 2
11 50625961 2
11 50640285 5e-04
11 50647984 2
11 50650069 2
11 50653030 2
11 50655815 2
11 50660999 2
11 50661879 2
11 50668961 2
11 50670352 2.31782840712959
11 50671450 0
11 50693131 2
11 50694756 2
11 50704835 2
11 50718187 2
11 50721112 0.260684614620688
11 50747698 2
11 50760065 2
11 50765284 2
11 50774667 2
11 50785330 2.6444
11 50787891 2
11 50789868 0.1308
11 50793577 0.462438322521581
11 50794642 2
11 50806522 0.1399
11 50813284 1.53244424951778
11 50814424 1.83403743177427
11 52673567 1.10473740702659
11 52673579 1.04958831569243
11 52945738 0
11 53003025 0.0253
11 53900452 1e-04
11 53927950 0.890092995094288
11 54357659 0.0025
11 54539167 0.894303193476417
11 54555565 1.93455904392216
11 54569684 0.37114756001544
11 54577849 8e-04
11 54579786 0.320488268609608
11 54583094 0.909239679015145
11 54590222 0.787889883557084
11 54590229 0.48570269579059
11 54592419 0.0689964520055042
11 54595241 0.938505973151054
11 54614594 1.11139967788535
11 54646227 0.614000457351867
11 54651127 0.98986035515607
11 54671043 0.129534656244473
11 54673933 1.10772683445223
11 54675641 1.55274824535359
11 54680717 8e-04
11 54688839 2
11 54689206 0.286163893821083
11 54692361 1.85274550524881
11 54692767 0.641199651336075
11 54719939 0.320014764884457
11 54726769 0.490630381424373
11 54727693 8e-04
11 54735119 2
11 54741907 1.50925434378902
11 54743143 1.19677771361348
11 54755145 0.0078
11 54799233 0.755758970453501
11 54805725 5e-04
11 54812072 0.868956583121767
11 54812362 0.0390108687488991
11 54813610 0.36377856873811
11 54819069 5e-04
11 54828449 1.13834946913562
11 54834554 0.780577169827287
11 54842750 0.498946251566966
11 54846947 1.53264874862467
11 54851608 0.746567695485013
11 54856630 0.390468507122552
11 54857334 1.29331525345138
11 54867502 5e-04
11 54870410 0.0078
11 54879424 0.90819672876435
11 54889222 0.778171312922036
11 54894164 5e-04
11 54898002 0.548957490533537
11 54898271 0.164061628095578
11 54901528 0.367255715624946
11 54911224 0.803039147473836
11 54944514 0.8295
11 54947318 1.68524375969575
11 54948121 0.320005295095342
11 54957078 0.647818891898814
11 54958144 0.0263
11 54963189 0.8553
11 54967326 0.06117147792379
11 54974877 0.64347849451924
11 54977453 1.29985094960148
11 54981568 1.30847734681686
11 54981605 1.73586335548384
11 54982374 0.801952001632289
11 54996319 0.911018649033468
11 55002035 0.584975031134786
11 55002670 0.873239418947067
11 55003325 2.48779182931769
11 55016233 0.298417435355206
11 55019379 5e-04
11 55019536 0.0078
11 55021702 1.48816638731983
11 55023749 1.14979572754593
11 55027523 0.0745
11 55027524 0.0745
11 55031862 0.022
11 55043590 0.0745
11 55045272 1.1237
11 55046267 0.735629540347104
11 55051773 0.0745
11 55061003 1.42648019581105
11 55063679 1.17136336343299
11 55079552 1.03327433147551
11 55082271 1.12005754089032
11 55085887 2
11 55087144 0.163029397376924
11 55090597 1.1237
11 55110487 0.0165
11 55114446 1.28404879346681
11 55117808 0.235333137754014
11 55120957 0.674935724199434
11 55128786 1.26454760756111
11 55131227 1.082
11 55133364 0.351155103917231
11 55142824 1.1688
11 55152789 0.429010181384155
11 55167087 0.0312
11 55177344 0.0624
11 55189258 0.634815251237205
11 55189658 0.894462515039496
11 55198889 0.0263
11 55209421 1.21089464571359
11 55220191 0.21469155591062
11 55226738 0.635619637087352
11 55229517 1.07459163907348
11 55233287 8e-04
11 55243864 1.6708392434568
11 55247238 0.825738800015193
11 55272964 0.342951852874644
11 55279444 0.0624
11 55282763 0.595051658000969
11 55304875 0.9479
11 55310419 0.0624
11 55316331 2
11 55333704 0.486728580055464
11 55348814 1.2177
11 55370703 0.336144888295671
11 55371156 1.78935830781371
11 55386163 0.682700234888353
11 55387658 0.0897
11 55393781 0.565640135772056
11 55396959 1.2177
11 55405223 0.261693819753071
11 55422166 1.2177
11 55458597 2
11 55460195 1.14669793886979
11 55465073 0.12458299845393
11 55490697 0.0323809748825601
11 55498941 0.966655046960442
11 55501962 0.815393910594017
11 55513545 2.4474
11 55522402 1.2177
11 55525308 0.141106371340125
11 55527222 1.2177
11 55531684 2
11 55534133 0.0624
11 55536683 0.0624
11 55537359 2
11 55541494 2
11 55555024 2.8713
11 55579667 0.823483559983707
11 55579912 1.2177
11 55580573 2
11 55581656 2
11 55583612 2
11 55591274 2
11 55653474 0.484462837511873
11 55667311 0.221172716871778
11 55688684 1.1562
11 55688774 1.96279513601269
11 55709035 0.0826
11 55709135 2
11 55710348 0.909915862082653
11 55724124 1.3227
11 55727736 1.2043
11 55728779 2
11 55731170 1.3227
11 55734598 1.3227
11 55736145 1.0399
11 55741346 1.3227
11 55745177 1.3227
11 55748617 1.3227
11 55758844 1.3227
11 55758938 5e-04
11 55760142 1.3227
11 55764215 1.3289
11 55796300 0
11 55804303 5e-04
11 55836092 1.3104
11 55862156 2
11 55884184 0.934487718938884
11 55889007 0.1059
11 55920018 1.7528
11 55921749 2
11 55927933 5e-04
11 55942356 1.3043
11 55957924 2.978
11 55972772 2
11 55973926 0.562680980343192
11 55980078 0.6611
11 55982725 2.0202
11 55984930 1.3043
11 55992827 0.1124
11 56007198 0.6611
11 56009986 0.1124
11 56021886 0.9067
11 56023791 1.3043
11 56040995 1.2984
11 56048769 0.6611
11 56068029 0.375416094691049
11 56083055 2
11 56108679 0
11 56120111 0.188001334007879
11 56143800 0.641
11 56161705 2
11 56169934 1.56910052122687
11 56179026 6e-04
11 56227621 0.2152
11 56236113 0.404172257733034
11 56250432 0.299674362302466
11 56310849 0.353069613499915
11 56419519 5e-04
11 56423324 0.717
11 56424037 2
11 56492368 2.3727473591876
11 56501763 2
11 56504618 2
11 56535570 0.51995530124544
11 56542746 1.68680660352172
11 56545625 0.0445628846769544
11 56546993 0.331553761521312
11 56562024 1.5966
11 56562058 1.11723294546078
11 56590634 2
11 56600357 2
11 56601642 2
11 56606949 0.710822514349654
11 56622809 2
11 56623238 0.365371724170298
11 56668478 0.5156
11 56672653 0.369171824298491
11 56674135 2
11 56687379 8e-04
11 56709928 2
11 56711024 0
11 56724914 0.1655
11 56728631 0.6577
11 56730815 2
11 56741143 2
11 56745776 2
11 56751838 2
11 56768384 8e-04
11 56784454 0.0075
11 56786401 0.9376
11 56791250 1.5354
11 56795462 0.0263
11 56813301 2
11 56813372 2
11 56826868 2
11 56828790 1.77213103496814
11 56835632 0.2734
11 56857434 0.2647
11 56858835 0.388200149949204
11 56859588 1.2282
11 56869402 0.708229070095659
11 56878215 1.80155389535069
11 56883473 0.2093
11 56889101 0.8784
11 56902577 2
11 56906494 2
11 56920009 0.238
11 56936873 2
11 56944971 0.264493719184245
11 56959231 2
11 56972257 1.165157210239
11 56981655 0.238
11 57005401 2
11 57007687 2
11 57023657 2
11 57025737 2
11 57025770 2e-04
11 57033495 0.7593
11 57034861 2
11 57039449 1.9453
11 57042862 2
11 57074144 0.239675238353423
11 57076639 5e-04
11 57076683 0.844486243193224
11 57076695 0.5992
11 57076873 0
11 57084623 0.292191101112628
11 57098359 2
11 57102377 0.3293
11 57102412 9e-04
11 57102421 7e-04
11 57102433 5e-04
11 57103547 2
11 57115794 2
11 57125803 0.9987
11 57126537 2
11 57138835 0.0898
11 57166513 2
11 57173495 2
11 57189944 2
11 57238490 0.2054
11 57242124 2
11 57243862 0.0263
11 57245268 1.3627
11 57285188 2
11 57291025 2
11 57292837 2
11 57314001 0.156727180563844
11 57327353 2
11 57364985 0.0952
11 57380450 0.0107
11 57407157 1.1688
11 57426322 0.8506
11 57428750 2
11 57429150 2
11 57435536 2
11 57503036 2
11 57551866 2
11 57560769 0.893436534506894
11 57570917 0.65469763271418
11 57577288 2
11 57583133 2
11 57586760 2
11 57591694 0.0981552271834305
11 57594738 2
11 57602484 2
11 57602927 2
11 57632038 2
11 57632989 2
11 57639224 0.0345273996227754
11 57643779 0.904961943717922
11 57655895 0.0098
11 57665855 2
11 57667824 2
11 57673674 2
11 57680089 0.1287
11 57712259 2
11 57741967 1.945
11 57750920 0.1766
11 57789201 0.9329
11 57792832 5e-04
11 57793634 2
11 57794899 1.2786
11 57830926 0.363846165233313
11 57848910 2
11 57856655 2
11 57866476 2
11 57884556 2
11 57907938 2
11 57929222 0.5531
11 57931130 0.5531
11 57934647 1.8325
11 57948001 0.5531
11 57949020 2.2378
11 57952352 0.5531
11 57953156 0
11 57953927 2
11 57956817 0.103855572444788
11 57975595 2
11 57983078 2
11 57995180 1.2878174741629
11 58000574 0.8266
11 58002794 2
11 58009850 0.63435636408333
11 58011837 0.618118526387487
11 58040388 0.8769
11 58042364 0.6526
11 58042622 0.311871604873564
11 58053424 0.0241
11 58054966 2
11 58070732 0.8769
11 58071097 2
11 58077849 2
11 58082741 2
11 58085410 2
11 58087810 2.6447
11 58093563 1.15135864414462
11 58108419 2
11 58117139 2
11 58136907 2
11 58144436 0.289988458530939
11 58154870 2
11 58159751 2
11 58177144 0.2927
11 58178891 0.0897
11 58191500 2
11 58203509 2.67001685754022
11 58232792 2
11 58242837 2
11 58244263 2
11 58246709 0.00692097807405436
11 58249178 0.1509
11 58249766 0.1509
11 58249949 2
11 58254775 0.851477112984912
11 58258213 0.1727
11 58259866 2
11 58263188 2
11 58263482 0.1509
11 58267071 2
11 58268884 0.1509
11 58278862 2
11 58304457 0.0794
11 58305960 2
11 58318302 2
11 58328099 2
11 58329540 0.0991
11 58349059 0.0794
11 58351141 2
11 58360306 0.3947
11 58366265 0.3947
11 58367859 1.0789
11 58371297 5e-04
11 58402523 0.4105
11 58402901 0.4105
11 58402996 0.4105
11 58404863 0.4105
11 58405254 0.4105
11 58406496 0.4105
11 58407425 0.5599
11 58408913 0.5335
11 58409012 0.5599
11 58416366 0.5599
11 58417863 1.00442290101109
11 58417963 0.5599
11 58422663 0.573503155454172
11 58446379 0.5599
11 58454953 1.39643597216133
11 58460122 0.517513993677577
11 58461125 0.278378371997749
11 58461427 1.14370798341798
11 58464810 0.5599
11 58518082 0
11 58532435 5e-04
11 58548233 0.204700526712887
11 58590895 0.280735621722078
11 58599088 0.4613
11 58605748 0.4613
11 58631825 0.24150748332583
11 58633441 1.55545553373576
11 58634778 0.4613
11 58642106 0.422628845226841
11 58644046 0.773285001887662
11 58646859 1.34624740569656
11 58654116 0.330314553735537
11 58666759 0.498103462522821
11 58691763 0.522155898234695
11 58696184 2
11 58703033 1.2154
11 58705183 2
11 58706614 2
11 58711832 2
11 58719920 2
11 58725692 2
11 58732953 1.85285065385521
11 58775990 2
11 58779398 2
11 58792194 2
11 58802937 2
11 58805900 0.912462427414982
11 58821767 0.5051
11 58822105 2
11 58822482 2
11 58831218 0.5051
11 58844586 2
11 58845481 2
11 58846260 2
11 58850827 1.37475806094884
11 58852125 0.191748743672559
11 58852225 0.934247371151652
11 58854347 0.60447112194923
11 58854625 0.24054090829763
11 58864543 0.422068420429518
11 58864922 0.290834440074565
11 58869888 0.624698648265636
11 58875908 1.06018738359188
11 58879178 5e-04
11 58883675 0.58285544338277
11 58887383 0.6842
11 58891402 1.32874313963958
11 58941170 2
11 58988572 2
11 58996498 2
11 59011434 0.385990914658733
11 59019455 2
11 59054026 1.8181
11 59067427 2
11 59145973 2
11 59163363 2
11 59170677 0.7222
11 59176126 2
11 59239737 2
11 59240062 2
11 59240212 2
11 59262012 2
11 59267986 2
11 59298707 5e-04
11 59298727 6e-04
11 59318939 2
11 59320099 2
11 59325288 2
11 59326880 2
11 59330224 2
11 59339302 2
11 59341014 2
11 59341694 2
11 59342789 0.0263
11 59347879 2
11 59353803 2
11 59358753 2
11 59362292 2
11 59363274 2
11 59368491 2
11 59373133 2
11 59382039 0
11 59384126 2
11 59386103 2
11 59405637 2
11 59406903 2
11 59424616 1.81865325872157
11 59443948 2
11 59453918 1.67671752027243
11 59455686 2.1804
11 59458478 5e-04
11 59472366 1.7379
11 59475586 5e-04
11 59491045 2
11 59504164 2
11 59523254 2
11 59554071 0.4426
11 59555403 2.4916
11 59567479 1.2077
11 59585516 1.2299
11 59588798 1.2299
11 59611018 2
11 59627863 2.4916
11 59633803 2.4916
11 59635760 2.4916
11 59654226 1.2212
11 59672144 1.2212
11 59672425 1.1662
11 59689586 1.2299
11 59693473 1.02893662903634
11 59703536 2.4476
11 59710551 2.4916
11 59713918 2.4916
11 59744845 1.2299
11 59762047 1.2212
11 59764599 0.087
11 59775859 1.2212
11 59802762 1.2212
11 59836421 2
11 59885916 0.138110233985105
11 59891533 2
11 59932209 0.21
11 59985914 2
11 60004993 2
11 60005763 2
11 60012966 2
11 60041203 0.4289
11 60051000 2
11 60053941 0.815315568925983
11 60057450 0.38138901005368
11 60064960 0.753925400519471
11 60073472 0.150079524747896
11 60073806 2
11 60099906 2
11 60105025 2
11 60110494 2
11 60129428 2
11 60147339 1.62231132589323
11 60155011 2
11 60169284 2
11 60177425 2
11 60191214 2
11 60192370 2
11 60200950 0.509656941382047
11 60213219 0.97479959903408
11 60214328 2
11 60217203 2
11 60221457 2
11 60221957 2
11 60253112 0
11 60259140 2
11 60263797 2
11 60264003 2
11 60270094 1.2863390125165
11 60275500 2
11 60299692 0.743452306154447
11 60309467 0.2263
11 60312537 2
11 60312630 2
11 60320941 2
11 60323565 2
11 60325845 2
11 60326449 2
11 60328095 2.5742
11 60331633 2
11 60332878 2
11 60332956 2
11 60339632 0.214306936527265
11 60341241 0.112221887741097
11 60365174 0.525114630678631
11 60377114 2.7548
11 60385058 0.000702469628319347
11 60385090 1.34665764448084
11 60394527 2
11 60396829 0.600550101387172
11 60401454 0.504459927206121
11 60402104 0.0957950525805673
11 60407099 1.432
11 60418335 0.7531
11 60424777 0.2485
11 60426837 0
11 60443121 0.0389
11 60451031 0.2485
11 60451549 0.0683393422621074
11 60455545 0.5372
11 60473344 2
11 60491097 2
11 60491160 2
11 60491265 2
11 60491311 2
11 60495159 2
11 60497282 2
11 60497474 2
11 60500053 2
11 60500222 2
11 60500820 2
11 60506283 0.747100103141921
11 60509337 0.248477391152672
11 60531272 1.2021
11 60551005 0.0621
11 60552574 0.0621
11 60553690 0.421110809419569
11 60554583 0.447239673745684
11 60562803 0.0742
11 60565421 0.283211018508582
11 60591271 2.4047
11 60596346 2.5871
11 60597079 1.2021
11 60599167 1.2021
11 60604471 1.2526
11 60607655 1.2021
11 60621904 2
11 60622309 0
11 60637456 2.4047
11 60644480 2.4926
11 60647095 2.4926
11 60658777 2.4926
11 60664009 2
11 60731818 2.5353
11 60738022 1.2021
11 60760059 2
11 60786083 0.5297
11 60788745 2
11 60801228 2
11 60804401 2
11 60804444 0.610549057035451
11 60806170 1.0003
11 60806185 1.0003
11 60814895 0.8351
11 60814991 2
11 60818603 2
11 60820763 2
11 60821036 2
11 60827717 2
11 60839790 2
11 60846873 2
11 60848275 0.179426768116289
11 60852291 0.0509088629244469
11 60857044 0.435592690704149
11 60861218 1.71705333833119
11 60865933 0.732756461430616
11 60873007 0.958129808159567
11 60877727 0.140227047986689
11 60890046 0.316999576000604
11 60930903 0.603046784497576
11 60935604 0.160934025868355
11 60957838 2
11 60976103 0
11 60981704 0.912286371779175
11 60982768 1.59866664862718
11 60987544 2
11 60993058 2
11 60996360 2
11 61004909 2
11 61011514 0.6904
11 61019002 0.2499
11 61024708 1.12630521761019
11 61025712 2
11 61041608 2
11 61045642 2
11 61046160 2
11 61057691 0.4959
11 61070788 1.216
11 61081485 2.47544987995615
11 61092235 5e-04
11 61098917 0.0736954741638074
11 61101398 0.186776398003809
11 61113384 0.0274235738392256
11 61116666 5e-04
11 61135603 0.297628011976615
11 61137641 2.2967
11 61138161 0.288279641264787
11 61147063 0.165557939874498
11 61157913 0.453516059862097
11 61168623 0.0149
11 61172966 0.377770580159132
11 61192328 0.961830771482302
11 61202327 1.3739520406718
11 61202743 0.224381010100451
11 61205932 1.82096927865821
11 61251853 3.27626915998285
11 61263760 2.5866
11 61288112 2.4916
11 61312387 5e-04
11 61320668 2.2356
11 61356874 5e-04
11 61372397 0.0053
11 61373692 0.0053
11 61434753 1.02448612019096
11 61452750 5e-04
11 61455641 0.301581567291803
11 61470413 2.8716
11 61471744 2.5345
11 61478142 0.872027026036459
11 61483446 5e-04
11 61483598 0.493047077843418
11 61484831 2.4476
11 61486904 0.684406295858333
11 61499153 5e-04
11 61598926 0.0332
11 61603381 0.0332
11 61623984 0.174535377370001
11 61646250 2
11 61663515 2
11 61677512 0.223398459408182
11 61682823 2
11 61684076 2
11 61700131 0.34627067143822
11 61702031 2
11 61723147 1.8599
11 61733015 2
11 61742117 0.0442
11 61747349 2
11 61752514 0.328
11 61756894 2
11 61760455 1.03701175955542
11 61768958 1.08140641991719
11 61771548 2
11 61772219 2
11 61802601 2
11 61824492 1e-04
11 61826344 2
11 61834986 1.48424065016347
11 61853568 2
11 61862736 1.47152483787869
11 61868520 0.0678
11 61875403 0.461487473027838
11 61877235 2.8716
11 61883275 2
11 61889503 2
11 61922034 0.3887
11 61928120 0
11 61934448 2e-04
11 61946560 0.09
11 61948923 2
11 61957111 0.4407
11 61959399 0.0785
11 61981853 0
11 61982792 2.5384
11 61982947 2.3123
11 61990663 1.74611174648492
11 61996290 2e-04
11 61998702 1.6658
11 62000281 0.1924
11 62004044 0.2321
11 62021358 0.0078
11 62023190 0.0239
11 62040117 0.166061144277334
11 62040620 0.5648
11 62052842 5e-04
11 62063378 0.9525
11 62077524 2
11 62083398 2
11 62094868 0.0255
11 62100040 0.026
11 62111043 2
11 62126218 0.0326
11 62126561 2.64548846806117
11 62127628 1.83172733294002
11 62131569 1.6631
11 62159599 3.1148
11 62165468 0.183548652818686
11 62169367 2.5345
11 62172314 3.1148
11 62176031 1.29952582967238
11 62183078 0.721054519111001
11 62194308 0
11 62197926 0.351073684268464
11 62203789 5e-04
11 62204391 0.5021
11 62208283 1.51284763773394
11 62225924 0.678251310073836
11 62237473 0.420967526143382
11 62248229 1.1093
11 62259683 5e-04
11 62264489 2
11 62268008 0.8541
11 62284924 0.237
11 62292374 0.0963
11 62301893 2
11 62309755 2
11 62321275 2
11 62326097 2
11 62327652 2
11 62330935 2
11 62334936 0.0684
11 62383849 2
11 62394242 2
11 62402270 2.0005
11 62402963 3.1148
11 62404068 1.5354
11 62416367 1.4342
11 62429251 2
11 62430253 2
11 62433986 0.360346331886829
11 62440649 1.03509320095114
11 62450956 1.543
11 62457594 5e-04
11 62461082 2
11 62480680 2
11 62483497 2.0406
11 62487623 1.8039
11 62491925 1.8039
11 62495598 1.8039
11 62548723 1.16791294442151
11 62557404 2
11 62590858 0
11 62593405 0.0078
11 62598147 0.533301548058966
11 62598982 1.61485154528385
11 62612953 2
11 62614336 0.364
11 62632544 0.3301
11 62636945 2
11 62653822 5e-04
11 62658770 2.8716
11 62682437 2
11 62683116 0.999556833520932
11 62707781 0
11 62719640 2
11 62738292 2
11 62746002 0.155020445230013
11 62746171 2
11 62752093 2
11 62765043 0.0386
11 62765510 5e-04
11 62774819 2.978
11 62779955 1e-04
11 62785393 2
11 62841343 2
11 62846772 2
11 62848166 2
11 62858314 2
11 62890511 0.195883271013287
11 62910834 0.237624424326669
11 62913867 2
11 62945970 0.094100842402197
11 62951741 1e-04
11 62951763 0
11 62951803 1e-04
11 62951817 1e-04
11 62952941 2
11 62978656 0.6809
11 63007092 2
11 63024973 0.1841
11 63028031 0.1841
11 63039476 0.203115437302445
11 63039846 2.06773633929935
11 63049354 0.878749152929878
11 63057845 0.331661885630877
11 63062353 0.403683770914242
11 63064092 1.23282559577858
11 63070597 0.215984005004526
11 63070863 0.525172705026356
11 63076242 0.386310519850366
11 63084739 1.69232814321229
11 63087062 0.985539467689394
11 63088256 1.12348846254326
11 63090188 0.285383872739005
11 63091201 0.825307153891908
11 63092993 0.621482330535146
11 63097375 0.0434416226044302
11 63102593 1.25922168543266
11 63107486 0.539621843454182
11 63107628 0.365023937457128
11 63107876 0.689173153959105
11 63108843 0.158881349687036
11 63110403 0.535319393335609
11 63111685 5e-04
11 63114420 0.146626379445418
11 63116059 0.527865044328328
11 63123714 0.768387000912602
11 63125002 2
11 63126710 0.810115758317439
11 63137643 0.562586816572926
11 63139629 0
11 63153928 2
11 63170924 1.17769267122191
11 63180025 0.458886200828243
11 63185948 0.291301250711267
11 63187042 5e-04
11 63189769 2
11 63189953 0.588582704758077
11 63195361 3.25755535892368
11 63196914 2
11 63199144 2
11 63213784 0.771
11 63223333 2
11 63227108 2
11 63245827 1.42509729781809
11 63247847 2
11 63251745 2.978
11 63253273 2.978
11 63264491 0.0877833812108922
11 63265044 0.91729066057466
11 63268228 2
11 63280006 2.978
11 63304391 2
11 63305176 5e-04
11 63307333 2.978
11 63316590 2
11 63317657 0.658726322911651
11 63318700 0.70063595976324
11 63319346 5e-04
11 63319394 3e-04
11 63325781 2
11 63328147 0.771
11 63330088 1.3151
11 63333784 0.0495736131218481
11 63335039 0.0117769791479897
11 63337008 5e-04
11 63338128 5e-04
11 63342677 0.771
11 63356068 5e-04
11 63364751 1.11547729865031
11 63365714 2
11 63373135 2
11 63381264 0.7592
11 63383315 0.9137
11 63389184 2
11 63398355 2
11 63404311 5e-04
11 63412170 0.7511
11 63412425 2
11 63413574 0.7511
11 63417740 2
11 63418875 2
11 63424994 2
11 63427411 2
11 63437304 0.7511
11 63441564 2
11 63444153 1.6733
11 63448903 2
11 63452358 2
11 63453590 2
11 63460726 2
11 63475856 2
11 63483205 2
11 63485394 5e-04
11 63490681 2
11 63501654 6e-04
11 63551184 2.3421
11 63572600 2
11 63577364 0.578561297847064
11 63615080 1.0722
11 63615204 2
11 63615272 1.04878392098131
11 63615310 5e-04
11 63651450 2
11 63654295 2
11 63771901 0.3293
11 63826374 1.84320706535368
11 63827600 1.26081150903155
11 63831330 1.25397612865843
11 63835810 1.5016565380425
11 63839786 0.0780312805580849
11 63853387 1.544
11 63908841 1.40470418373511
11 63924420 0.0444
11 63924847 1.5652
11 63944777 2
11 63952614 0
11 63959846 2
11 63962318 2
11 63980891 2
11 63985037 1.4389
11 64008058 2
11 64025296 2
11 64037997 0.0658
11 64075957 0.832329337698328
11 64091648 2
11 64101635 0.758464145639188
11 64101885 2
11 64128308 1.5587
11 64135062 1.4666
11 64150901 0.246324552352826
11 64155905 1.5587
11 64162484 0
11 64176812 0.612179602429717
11 64176898 2
11 64189020 2
11 64190363 1.21187921832491
11 64203153 1.5417
11 64207859 0.321732164179479
11 64210595 2
11 64214035 0.896521264721884
11 64217439 1.4666
11 64238994 1.53096799234269
11 64251534 0.835652115600109
11 64254133 2
11 64271292 0.211872532439279
11 64284975 2
11 64286376 0.0404188271790685
11 64293475 0.0053
11 64303310 2.5965
11 64322225 0
11 64322973 2
11 64323476 0.472335511502781
11 64340790 1.4071
11 64373265 2
11 64375006 2
11 64376302 2
11 64377432 2
11 64377637 2
11 64378086 2.5965
11 64389113 2
11 64389303 2
11 64391835 2
11 64397361 2
11 64404559 0.119445652895087
11 64405004 0
11 64421638 2
11 64428904 0.8461
11 64430839 2
11 64438532 2.8716
11 64446049 2
11 64452449 2
11 64471324 1.41045106250597
11 64472017 0.669455260274051
11 64489968 1.0114669117118
11 64503398 0.87385156987219
11 64503586 1.08311335384305
11 64538419 5e-04
11 64543315 1.04259062796126
11 64557900 2.8716
11 64590793 2
11 64592155 2
11 64594955 2
11 64606769 2
11 64639947 2
11 64675069 1.7541
11 64681953 2
11 64683809 2
11 64736024 0
11 64779519 1.3782
11 64781109 1.3394
11 64811336 2.47751483725461
11 64814186 2
11 64817515 2
11 64822540 0.94115109572869
11 64836711 2e-04
11 64837857 1.45907035056586
11 64855397 0.0722
11 64858190 0.0722
11 64858767 0.0429
11 64874301 1.78659278596057
11 64880190 1e-04
11 64886820 8e-04
11 64899471 1.6898
11 64904813 0.0215712729533197
11 64913215 2.784
11 64927037 0.82837294225553
11 64942329 1.00185749877317
11 64983577 0.0704
11 65019885 1.5955
11 65025806 2
11 65027446 2
11 65030362 2
11 65041175 0.0444
11 65042109 2
11 65042870 2.978
11 65043299 2
11 65051319 0.749339759302699
11 65051696 2
11 65061370 2
11 65061503 2
11 65076864 2.978
11 65077966 2
11 65079512 5e-04
11 65089090 1.8181
11 65154863 0.2241
11 65159251 0.5452
11 65177080 2
11 65212441 2
11 65215049 1.6755
11 65216560 0
11 65217314 2
11 65230108 2
11 65239677 1.698
11 65311013 2.4926
11 65332693 1.698
11 65347078 1.32720342898706
11 65347107 1.18695551309143
11 65379025 2
11 65380391 0.0236
11 65443921 2
11 65451688 0.0076
11 65457089 0.9262
11 65475536 0.6273
11 65483934 0.9995
11 65495673 3.1145
11 65497011 0.6851
11 65558454 5e-04
11 65570563 0.7462
11 65571875 0.7462
11 65578357 0.6437
11 65595804 2
11 65596834 2
11 65597158 2
11 65599782 2
11 65638039 2
11 65653646 2
11 65672996 2.8735
11 65673374 5e-04
11 65678202 2
11 65695682 0.941620897202668
11 65697742 5e-04
11 65715899 2
11 65724809 0.694138659581908
11 65725774 0.6739
11 65733589 0.399136621649496
11 65762780 0.0053
11 65785269 1.82195859445893
11 65798223 2
11 65804960 2
11 65806116 2
11 65827882 2
11 65830856 2.2708
11 65831581 2
11 65856554 2
11 65859230 2
11 65867625 2
11 65873091 0.2663
11 65878360 0.1435
11 65903039 0.0107
11 65922602 2
11 65922829 1.32038705919625
11 65925457 5e-04
11 65935037 0
11 65935735 0
11 65935886 2
11 65946103 5e-04
11 65947454 2
11 65951744 5e-04
11 65953370 2
11 65954887 2
11 65962206 2
11 65962209 2
11 65972997 2
11 65976950 1.59149545367107
11 65980645 2
11 65983146 1.59496092853521
11 65989819 2
11 65993342 0.1204
11 65997603 2
11 65999744 0.1138
11 66001688 2
11 66010999 2
11 66023056 1.70759828999872
11 66030595 0.159911266304279
11 66054502 1.45919850464849
11 66064896 0.117972116556003
11 66070128 2
11 66070208 2
11 66091920 2
11 66116895 5e-04
11 66123961 0.0770505536621521
11 66138745 0.133758181481375
11 66150472 2
11 66156746 2
11 66176050 0.38867137049108
11 66181177 0.105921746006861
11 66183354 1.39327934816919
11 66189532 1.076
11 66203492 5e-04
11 66210062 0
11 66214822 0.55438337286889
11 66299193 2
11 66321336 5e-04
11 66327521 2
11 66360911 2
11 66382239 0
11 66390995 2
11 66393899 2
11 66404787 2
11 66616617 5e-04
11 66656573 0.922698816493252
11 66669539 0.3616
11 66683044 1.6347
11 66703225 2.2627
11 66710268 0.0078
11 66718672 2
11 66898562 2
11 66943029 2
11 66984431 2
11 67013792 0.141302199353534
11 67035793 5e-04
11 67065856 0.483478873117313
11 67094924 1.348
11 67106817 2.2653
11 67109801 0.0866
11 67161683 0.2994
11 67198634 5e-04
11 67200126 0.0444
11 67222607 0
11 67223892 5e-04
11 67224761 0.0444
11 67273727 5e-04
11 67316605 0.0053
11 67319673 0.442750556240802
11 67320297 2
11 67327887 0.0217
11 67331086 5e-04
11 67378145 0.68932516701053
11 67383861 5e-04
11 67418948 5e-04
11 67421389 1.3611
11 67433537 2
11 67436871 2
11 67457368 3.1148
11 67460532 5e-04
11 67463557 2
11 67469462 3.1148
11 67479201 3.1148
11 67488482 2
11 67498165 2
11 67499572 1.104
11 67524791 2
11 67581289 2
11 67581843 3.1148
11 67585218 0.0739637926665121
11 67586373 0.6236
11 67606894 5e-04
11 67637255 0.2821
11 67643949 2
11 67650171 5e-04
11 67653870 2
11 67659688 2
11 67666287 2
11 67668505 2
11 67678810 5e-04
11 67680519 0
11 67695136 5e-04
11 67702567 0.0287580175443996
11 67704442 0
11 67705758 0.071700719968084
11 67706932 1.52342980383101
11 67712154 2
11 67715462 2
11 67716786 0.973149681157002
11 67717029 0.336143528753456
11 67720026 0.2954
11 67720073 2
11 67731108 2
11 67734155 0.00406671181093983
11 67734550 2
11 67735677 2
11 67739401 2
11 67739626 2
11 67739658 0.6648
11 67739919 1.51579692067078
11 67743000 0.197501637249447
11 67745069 0.00563042640321309
11 67745224 2
11 67745570 2
11 67750898 0.281888212121809
11 67752702 0.0329
11 67753180 5e-04
11 67753182 1e-04
11 67753208 5e-04
11 67757219 0.834308229912205
11 67761921 2
11 67763281 0.79422426429529
11 67763323 0.0162
11 67763709 0.2218
11 67766298 0.493260442440782
11 67770787 0.0129
11 67771030 2
11 67775245 2.54234826858542
11 67776695 0.0195
11 67776971 1.31179953857067
11 67785600 0.0195
11 67789934 0
11 67792997 0.0053
11 67796770 0.641456162840837
11 67805446 5e-04
11 67812656 0.625500479209517
11 67822273 0.351419501600234
11 67837178 1.17288221570478
11 67838775 0.856817507113808
11 67839715 1.36531474198199
11 67840939 0.826761592982091
11 67841200 0.0426133544014822
11 67847738 1.2227
11 67847923 1.274
11 67851667 1.274
11 67856160 0.4423
11 67857670 1.2622
11 67858755 2
11 67859328 1.3371
11 67863958 2
11 67869791 1.3575
11 67870118 0.0977295413897256
11 67870352 1.3575
11 67871289 1.3575
11 67874448 0.0078
11 67878253 2
11 67887840 0.7749
11 67888886 2
11 67894424 0.729514544172829
11 67896346 1.00828199007617
11 67916040 5e-04
11 67923853 2
11 67954723 2
11 67964485 2
11 67964843 0.021
11 67968859 0.1595
11 67970946 0.8111
11 67972808 1.5328
11 67976488 1.5328
11 67995589 1.4901
11 68022872 2
11 68047061 2
11 68052868 1.42588570413489
11 68080784 5e-04
11 68084311 0.3117
11 68100081 2
11 68102854 2
11 68106587 2.1063
11 68129738 2
11 68130861 0
11 68164294 0.1435
11 68209345 2
11 68214138 0.6272
11 68219218 0.491
11 68224004 2
11 68232788 2
11 68246344 0.408647743233687
11 68250347 1.7814
11 68251215 0.1605
11 68252653 0.8872
11 68252694 0.4502
11 68257712 1.59872890475035
11 68257729 0.936217651778855
11 68262547 0.401340896067919
11 68264674 0
11 68279619 1.2550735518195
11 68282568 0.4502
11 68285993 0.531976176962558
11 68287061 0.2984
11 68287556 2
11 68302627 0.4715
11 68341208 0.2123
11 68344094 5e-04
11 68354827 2
11 68356419 2
11 68361316 2
11 68380985 0.517580655823904
11 68389353 0.0127
11 68403545 0.0519
11 68408459 0.1549
11 68409071 0.00222841630874484
11 68428852 2.2458
11 68443476 0.9536
11 68454022 2.3739
11 68476902 1.9013
11 68503756 0.6959
11 68509382 2
11 68514026 0.7159
11 68517780 1.09721143493017
11 68541672 0.7159
11 68564247 0.5893
11 68629622 2.339
11 68636470 2.339
11 68644538 2
11 68648734 2
11 68668359 2
11 68672639 1.3745
11 68678956 2
11 68712504 2
11 68714762 2
11 68717757 2
11 68727650 1.311
11 68759027 2
11 68765137 0.0349
11 68817351 1.168
11 68817878 0.0107
11 68849580 0.186024767366306
11 68852803 0.1427
11 68856510 0.1427
11 68862461 0.1427
11 68869307 0.958138492330552
11 68870822 2
11 68882596 0.1427
11 68902219 2
11 68906735 0.1427
11 68908000 1.93248297760406
11 68909187 0
11 68914525 0.7105
11 68922248 2.2458
11 68939467 0.385699074051464
11 68942441 0.146733961360129
11 68951200 0.0994
11 68951752 0.1427
11 68952542 0.0994
11 68969542 0.6903
11 68973199 1.37412779780063
11 68985150 0.7105
11 68987645 0.1756
11 68990445 0.405680296017663
11 68991041 0.869385482004978
11 69002830 0.107905768226234
11 69005225 2.2752
11 69009855 2
11 69015761 2
11 69016676 0.0078
11 69020922 2
11 69023673 0.900793569601693
11 69029682 0.990077095165204
11 69032867 1.02337380466788
11 69033149 0.550609275687167
11 69043977 2
11 69047109 5e-04
11 69056666 3.1148
11 69059427 2
11 69063160 0.0814
11 69064285 2
11 69064463 5e-04
11 69069744 0.0997
11 69072226 0.071
11 69073844 2
11 69082246 0
11 69095856 0.0814
11 69101506 0.0814
11 69104347 2
11 69118179 2
11 69134482 2
11 69143729 2
11 69156465 2
11 69163652 2
11 69180575 2
11 69192745 2
11 69194761 5e-04
11 69194969 0
11 69205057 0.216624068940109
11 69205508 0.363383720538989
11 69206593 1.03922081244415
11 69207675 0.5386
11 69230938 1.23639678142371
11 69234744 0.203542652918542
11 69244225 0.865239463129353
11 69244226 0.693663170305829
11 69251415 0.705527587656857
11 69252580 1.99020164311611
11 69253523 0.477451093537076
11 69253571 1.02762978093304
11 69263223 0.1025
11 69268118 0.146767663329491
11 69291403 5e-04
11 69307713 5e-04
11 69313960 0
11 69314114 5e-04
11 69353385 1.2233
11 69365557 1.1662
11 69385155 0.054
11 69386990 0.8779
11 69392230 0.054
11 69395715 0.054
11 69402655 0.054
11 69409246 2
11 69410000 1.18075951706423
11 69421089 1.1163
11 69421378 1.1163
11 69422017 1.0764
11 69422827 1.1163
11 69428299 1.1022
11 69447676 2
11 69454930 2
11 69469156 0.0076
11 69486103 2
11 69490649 2
11 69497439 2
11 69498730 2
11 69499875 2
11 69503395 0.4139
11 69510343 2
11 69513744 2
11 69517492 2
11 69520416 2
11 69526655 0.9222
11 69532570 2
11 69536953 2
11 69547646 2
11 69547883 2
11 69559928 0.73237311303781
11 69577536 0.0265558041385701
11 69595787 1.56781881476349
11 69597090 1.75319453447885
11 69598113 0.770458215117053
11 69614368 1.92964196290334
11 69622166 2.81981018271345
11 69634308 0.692917944640346
11 69639217 1.27496878419665
11 69639561 0.869340650039259
11 69642133 0.0578
11 69693176 0.028939041902206
11 69693391 1.15813477688678
11 69709908 0.358778306794824
11 69709954 0.654994355547293
11 69714578 0.408371203715127
11 69724192 0.507736267432187
11 69725746 0.137758199164103
11 69733766 2
11 69745303 2
11 69756149 2
11 69757174 0.0384657068334098
11 69781755 0.193638008218495
11 69787187 0.5365
11 69788901 0.655
11 69796910 0.6804
11 69798989 0.6804
11 69810617 0.9517
11 69814248 0.4011
11 69814622 0.3389
11 69825530 0.9995
11 69829853 1.20888246759877
11 69849299 1.25544409927889
11 69867576 0.411078206529581
11 69871309 0.284765668666293
11 69881809 0.339147402477885
11 69894517 0.62246342200265
11 69895095 1.8433
11 69899631 1.9154
11 69900029 1.38680751063635
11 69901730 2
11 69913195 0.471244470437488
11 69913332 1.07472784804496
11 69915217 1.74677173195247
11 69920642 0.176921365298782
11 69921777 0.0190730770978653
11 69925855 2
11 69929183 2
11 69936179 2
11 69939525 2
11 69949313 1.03694770635021
11 69953419 1.6983114862121
11 69968723 0.0502
11 69969862 2
11 69970462 2.3652
11 69972916 0.1909
11 69979542 2
11 70006100 2
11 70009192 1.5687116505507
11 70009278 0.831080232673326
11 70010788 2
11 70013000 1.4451
11 70014293 0.371132900603957
11 70015548 2
11 70016404 2
11 70018203 0.468888530917764
11 70022274 0.108555047729503
11 70023046 1.56438448019075
11 70039426 0.885278918360966
11 70050242 0.3175
11 70055209 2
11 70075472 2
11 70075516 0.0318267881215707
11 70080745 2
11 70084313 2
11 70084941 2
11 70094162 2
11 70095303 0.6631
11 70104475 0.0096
11 70105184 0.22791496126017
11 70106825 0.341209136652966
11 70107367 1.02725126638619
11 70123364 0.534484338770085
11 70129988 0.599207006979509
11 70154779 2
11 70172941 0.1269
11 70177251 1.2664
11 70178066 2
11 70191125 2
11 70198285 0.0173423052532533
11 70215153 2
11 70216593 1.2664
11 70220701 2
11 70235559 2
11 70242407 2
11 70249786 2
11 70252649 2
11 70260516 2
11 70280218 3.1157
11 70290228 2
11 70303620 2
11 70306505 2
11 70321900 1.15626904343436
11 70335383 0.0268559259988213
11 70338831 0.109687022686218
11 70340828 2
11 70342755 2
11 70353214 1.07676652965215
11 70374725 2
11 70376880 2
11 70397231 2
11 70411234 1.80956218032504
11 70452531 2
11 70464451 2
11 70480702 2
11 70506207 1.0783
11 70510739 1.2174
11 70520115 2
11 70530500 1.294
11 70553610 0.1063
11 70559243 2
11 70561362 2
11 70576476 0.0933
11 70578250 2
11 70581179 0.757040584475853
11 70584782 0.643246962246584
11 70585826 2
11 70585830 1e-04
11 70588489 2
11 70589807 2
11 70591551 1.07775010205375
11 70592470 2.0825
11 70598139 0.5969
11 70623375 2
11 70624950 0.1039
11 70631765 0.8029
11 70635767 2
11 70635879 0.439605310166296
11 70644722 0.430686622276925
11 70647802 1.6158
11 70654324 0.575423204927382
11 70717181 0.571197895355434
11 70719541 0.530363680107469
11 70730546 0.20483419316368
11 70733114 0.440047644727463
11 70737494 1.9323594663982
11 70752485 0.9762
11 70758647 2
11 70763179 0.6564
11 70767658 2
11 70768124 0.77098744895228
11 70772439 5e-04
11 70811476 0.290438103438465
11 70823297 1.1738
11 70886697 1e-04
11 70913084 0.529851602708428
11 70949160 1.69544786725356
11 70951517 5e-04
11 71066148 0
11 71066149 2e-04
11 71066226 2e-04
11 71066252 1e-04
11 71079847 5e-04
11 71084270 2
11 71089641 5e-04
11 71131873 2
11 71134996 0.5686
11 71139929 2
11 71144414 0.5686
11 71145585 0.5686
11 71150629 2
11 71154724 2
11 71158975 2
11 71175083 0.249459627772592
11 71194938 2
11 71199816 0.8716
11 71252087 0.832089212605566
11 71256586 0.806501165952552
11 71256725 0.789433621520622
11 71256935 0.500554277261417
11 71257001 0.3497
11 71273137 0.1041
11 71273523 0.1041
11 71273891 0.1041
11 71277257 0.1041
11 71283066 1.0671
11 71288370 0.485733178784049
11 71288389 2.2595
11 71294233 0.0978
11 71296553 0.804123301422317
11 71302660 0.0978
11 71311760 2.46
11 71329991 1.2981
11 71333663 0.219748269575574
11 71335817 0.751436771015848
11 71339882 1.2384
11 71346072 1.1818
11 71370773 0.7972
11 71370797 0.7972
11 71372763 0.7972
11 71387726 1.0133
11 71410572 0.0348
11 71411105 0.0462
11 71418477 0.704101882661755
11 71423308 0.0291
11 71435645 0.0291
11 71459957 0.700566741191726
11 71469737 0.992705682259317
11 71471133 1.24237063062384
11 71472691 0.0291
11 71479252 2
11 71482173 0.0291
11 71488315 2
11 71489914 2
11 71493960 2
11 71503298 2
11 71503517 2
11 71512996 1.6093295769239
11 71532932 2
11 71535972 2
11 71536048 2
11 71543895 0.577088422517402
11 71544275 0.124817943382848
11 71552811 2
11 71554407 1.1191
11 71556876 1.54667049118596
11 71558640 2
11 71563682 0.1489
11 71570597 2
11 71570703 2
11 71575323 2
11 71575774 2
11 71593728 0.1844
11 71599957 0.2071
11 71627435 0.1801
11 71628684 0.1771
11 71633786 0.2071
11 71637958 0.115
11 71643607 0.115
11 71644144 0.8716
11 71645359 0.8716
11 71648872 0.115
11 71650544 1.526
11 71651366 1.2449
11 71662719 1.3174
11 71667263 1.28
11 71669060 1.3174
11 71689419 0.9693
11 71693662 1.0399
11 71694584 1.1209
11 71697473 1.0789
11 71699777 1.2984
11 71701232 1.0789
11 71704674 1.0399
11 71712907 1.1209
11 71716463 1.1209
11 71717930 1.1209
11 71723007 5e-04
11 71723518 1.0399
11 71725774 1.2684
11 71726045 5e-04
11 71727610 1.1209
11 71727677 1.1209
11 71728665 1.1209
11 71733147 1.1209
11 71733304 1.3787
11 71733958 1.1209
11 71740669 1.1209
11 71754986 2
11 71773799 2
11 71790598 2
11 71792103 2
11 71800823 2
11 71803462 2
11 71808833 2
11 71812316 2
11 71822469 2
11 71832098 2
11 71833223 2
11 71836899 1.6224
11 71841046 1.6224
11 71855900 5e-04
11 71865258 1.5643
11 71865434 1.5926
11 71919932 5e-04
11 71940915 0.0445
11 71947483 0.2138
11 71956943 0.033
11 71976354 5e-04
11 71985497 0
11 72042099 0.033
11 72043547 5e-04
11 72077747 0.033
11 72091114 0.033
11 72113960 1.5643
11 72143162 5e-04
11 72146259 0.0681
11 72146329 0.0681
11 72153243 2
11 72154652 2
11 72264562 0.0037
11 72269009 0.457
11 72331093 1.18178557121373
11 72396116 1.7052
11 72458481 2
11 72468648 2
11 72472101 2
11 72474902 0.0109970652528384
11 72477234 1.45898284366623
11 72489249 2
11 72511506 0.145251800672312
11 72516855 1.40708117360545
11 72527599 0.778134405443616
11 72533742 1.8245
11 72546874 0.723320094775832
11 72547524 1.01645413666877
11 72569746 2
11 72577620 0.300411597899258
11 72606759 2
11 72618590 2
11 72619661 1.43768896799889
11 72624456 2
11 72653103 2
11 72654211 2
11 72656146 2
11 72662754 2
11 72672187 2
11 72681858 0.827517089174048
11 72683661 0.630031806432226
11 72685755 2
11 72691749 0.1507
11 72698114 2
11 72698144 0.7314
11 72698452 2
11 72715364 0.531546250230273
11 72723327 0.104086832765085
11 72729079 2
11 72739173 2
11 72744107 2
11 72745456 2
11 72745665 2
11 72749649 1.0399
11 72772835 2
11 72785627 1.70739998142745
11 72792690 1.40383499494696
11 72793870 2.5413
11 72795664 5e-04
11 72799431 0.001934179871312
11 72814897 1.43842904022325
11 72853121 2
11 72878553 0
11 72883100 0.0540377965388445
11 72888711 0.352008955995616
11 72913835 0.0107
11 72927659 0.64931892519773
11 72938186 2
11 72943879 2.5345
11 73074494 0.0323530205283549
11 73089925 0.968188686839471
11 73096586 0.816492964612306
11 73120189 0.983048642180655
11 73142663 2.0502
11 73178092 0.2813
11 73179419 5e-04
11 73211166 3.1246
11 73215156 0.78863843752838
11 73216114 0.849687131613595
11 73225657 0.62259213968127
11 73257615 2
11 73259458 1.08548285353234
11 73259543 1.3474
11 73266921 0.787109747149075
11 73282649 0.6737
11 73299295 1.7528
11 73321426 2
11 73341266 2
11 73342849 5e-04
11 73604790 0.0668851692936771
11 73636750 1.03675268857664
11 73651214 2
11 73663243 2
11 73668571 0.731189569895746
11 73692916 2.3014
11 73700614 5e-04
11 73701969 2
11 73706467 2
11 73712566 0.0246357483686934
11 73722184 2
11 73724698 0.0078
11 73731917 1.16008603364397
11 73731956 2
11 73737861 0.779044153894716
11 73738949 0.193019620664284
11 73747450 0.752684737674508
11 73758687 0.0357901631762907
11 73758831 2
11 73776673 1.4672
11 73776982 2
11 73800651 2
11 73826541 0.676436115133982
11 73833346 0.0808285218937698
11 73836979 2.3490580985153
11 73849652 1.67857032216849
11 73854509 2
11 73855781 1.57876853269789
11 73856475 2
11 73859673 1.72099958320843
11 73862174 1.73285466910371
11 73869044 0.520668251541363
11 73890743 0.764694647551137
11 73892114 0.204610458786859
11 73900778 1.15070936471019
11 73902715 0.267266580670003
11 73904682 2
11 73910360 2
11 73922901 0.772153140909711
11 73931314 0.190067064663199
11 73935591 0.375051993577397
11 73936792 0.648881287498737
11 73942304 0.451310009531867
11 73953428 0.0372625132451423
11 73954641 6e-04
11 73983693 2
11 73988750 1.1372
11 73994230 2
11 74020619 2
11 74027244 0.061804229613579
11 74071920 1.61776860834624
11 74092062 2
11 74096885 1.37645134946074
11 74114458 0.266716503957091
11 74117028 1.044
11 74119987 2
11 74130281 1.03963082286537
11 74133389 1.56867387089506
11 74164148 1.18728037945314
11 74176946 0.793485677364193
11 74195879 2
11 74208247 0.649381296136812
11 74264761 2
11 74271404 0.940832863903148
11 74291802 0.157349556966838
11 74306634 2
11 74320643 0.3119
11 74326985 0.1141
11 74327820 0.838105940419672
11 74335816 0.824945860634508
11 74339128 0.5014
11 74347887 0.203286537172949
11 74365044 1.25016991798417
11 74365412 0.154
11 74372833 0.4429
11 74375263 2.48077923336042
11 74375597 0.489813188685619
11 74377496 0.771187929243148
11 74383093 0.613171705162277
11 74393977 5e-04
11 74397526 0.837469550076535
11 74402344 1.8906
11 74412462 0.454881584775529
11 74413333 1.80072394679817
11 74413349 0.119204004080583
11 74436882 0.0883
11 74437686 2
11 74459933 0.1238
11 74460771 1.2499
11 74465965 1.3719
11 74467279 2
11 74481369 0.8235
11 74486956 1.3022
11 74498474 2
11 74501876 2.9931
11 74510828 0.4018
11 74513462 1.3537
11 74542410 2
11 74556142 2
11 74559395 1.3719
11 74561794 2
11 74564790 2
11 74566099 2.71266171587782
11 74579619 2
11 74579907 0.208876007560445
11 74584690 2
11 74600622 0.418961055627895
11 74602609 2
11 74607260 1.5876
11 74609413 0.2022
11 74612236 0.945814711002814
11 74630789 2
11 74646319 2
11 74648253 2
11 74648771 2
11 74652611 2
11 74654605 2
11 74658844 2
11 74675962 0.508717465391334
11 74679974 2
11 74685655 1.74276852977082
11 74685679 1.2579564418811
11 74690718 0.912361328771488
11 74691502 0.0730011343798852
11 74697574 0.0441
11 74709658 1.7962
11 74714670 2.27820212797954
11 74743602 0.354038893997677
11 74748310 0.856887575026075
11 74768161 0.489
11 74774379 5e-04
11 74801981 0.489
11 74804425 2
11 74851333 0.7281
11 74852032 1.08728734483668
11 74865287 0.506468156802489
11 74883335 1.15395570820619
11 74909755 2
11 74909952 2
11 74958349 2
11 74965749 2.03660707603671
11 74993365 2
11 75014995 0.745800818274972
11 75041527 2
11 75048140 0.6511
11 75054057 0.691831792543554
11 75059150 2
11 75059424 2
11 75087722 2
11 75094364 2
11 75113493 2
11 75113842 0.0078
11 75117497 0.014175055907891
11 75120912 2
11 75123171 2
11 75124523 2
11 75131485 2
11 75142004 2
11 75145791 0.49779164436645
11 75146744 2
11 75153684 2
11 75161839 0.947
11 75164444 2
11 75190556 2
11 75214483 2
11 75283650 2
11 75288889 2
11 75291155 0.399027623389137
11 75360739 2
11 75365719 1.4399
11 75366840 2
11 75389556 0.103658877552307
11 75391179 0.573727990821829
11 75391653 0.0737
11 75407627 2
11 75450480 0.208802966627293
11 75470204 2
11 75488136 2
11 75489181 2
11 75493718 1.24322467278904
11 75543094 2
11 75543863 1.1662
11 75551096 0.0162
11 75551433 0.0162
11 75563585 0.670156310410808
11 75571837 0.657242252738379
11 75572608 0.7451893250291
11 75576830 2
11 75586122 0.8653
11 75603742 2
11 75673859 2
11 75696690 0.671869493836186
11 75702005 1.60120575643979
11 75708188 0.0162
11 75723193 1.19304713617413
11 75733560 0.864116431576564
11 75743833 0.798637491760503
11 75748796 0.007766972418057
11 75754491 0
11 75762713 2
11 75782089 0.968760386686597
11 75806714 0.0482616454495006
11 75818060 2
11 75827551 1.2054298236166
11 75846873 1.2087
11 75858048 0.0379197102905136
11 75859484 1.252
11 75923380 1.8433
11 75971298 0.342142627256374
11 76006615 0.0158
11 76152510 1.09047928711619
11 76160598 0.231905278872095
11 76167513 1.0034901900313
11 76170105 0.452326989681199
11 76174205 0.888687853180072
11 76183085 2
11 76212555 2
11 76225087 0.0047
11 76226814 2
11 76238813 2
11 76239146 2
11 76239225 2
11 76239337 2
11 76250656 0.436021103632049
11 76251711 0.675966347392459
11 76253600 0.481597148686185
11 76256797 1.24786818262785
11 76264143 0.256317061254089
11 76282497 1.16362265466642
11 76287994 2
11 76311238 0.9739006232698
11 76317934 2
11 76321481 2.03196903631525
11 76322330 0.0426
11 76332280 0.00145834825013695
11 76343858 0.660722535297104
11 76344400 2.053
11 76345852 1.54288237333675
11 76349484 0.0321
11 76364065 2
11 76372091 1.29588515750755
11 76383780 1.80851270643425
11 76401041 1.17847304402442
11 76405322 0.894764706092123
11 76411830 2
11 76412785 2
11 76422627 0.0053
11 76426199 0.6737
11 76429560 2
11 76504947 0.0107
11 76518678 0.7081
11 76521787 2
11 76534518 2
11 76557321 1.1209
11 76566653 2
11 76616554 1.3044
11 76638671 0.1467
11 76642761 0.1607
11 76648594 0.1025
11 76648878 0.0958
11 76655970 2
11 76661008 2
11 76670770 1.9081
11 76679131 2
11 76694828 1.32384361282919
11 76702786 0.773796735758474
11 76704140 0.894791545016209
11 76704703 1e-04
11 76709383 2
11 76709482 2
11 76715442 1.2861
11 76719040 0.0893
11 76719130 1.10096164015234
11 76723776 0.240408763663487
11 76727214 2
11 76732356 0.264259993678118
11 76735463 2
11 76745695 2.26603848129574
11 76746457 0.6735
11 76755041 1e-04
11 76756479 0.313745728510864
11 76764986 0.918777055929269
11 76769526 1.60218985892997
11 76774172 0.7449
11 76786388 0.695372946184689
11 76794158 0.949886131379369
11 76800277 1.1891
11 76807451 0.6468
11 76833695 0.9987
11 76841313 0.7513
11 76848829 0.3327
11 76849067 2e-04
11 76851970 0.2187
11 76856968 0.2032
11 76864847 0.2109
11 76865138 0.3916
11 76872084 5e-04
11 76883251 0.2109
11 76891396 0.2109
11 76892322 0.385255549691558
11 76896964 0.0078
11 76900668 0.2109
11 76929972 0.2109
11 76934468 0.0204
11 76938485 0.2187
11 76944856 0.2187
11 76946882 0.2187
11 76949749 0.0204
11 76950354 0.2151
11 76953947 0.026
11 76963127 0.154138725545654
11 76963477 0.026
11 76966580 0.2187
11 76967185 0.2187
11 76993700 0.1956
11 76995615 0.2428
11 76996733 0.3916
11 77007365 0.1956
11 77024004 0.851800819530722
11 77028932 0.1956
11 77029504 0.1956
11 77032732 1.2287
11 77038540 0.0486
11 77054649 0.5883
11 77060428 0.980784550318055
11 77068083 0.461923796508048
11 77069961 0.523325127949468
11 77077514 0.192245269898582
11 77079969 0.103288091447856
11 77091391 0.0787975462207419
11 77099638 2
11 77110159 0.8672
11 77152664 0.9371
11 77164799 2
11 77165232 2
11 77173076 0.090982475754265
11 77177224 2
11 77196729 2
11 77197793 2
11 77197931 2
11 77198097 2
11 77208993 2
11 77218292 2
11 77221874 2e-04
11 77223195 2
11 77223861 1.01196085724686
11 77240334 2
11 77241938 2
11 77245076 2
11 77249222 0.0739
11 77249347 0.588
11 77277981 2
11 77279121 2.0122
11 77282693 2
11 77285453 2
11 77295109 2
11 77315558 0.518
11 77334109 0.518
11 77378606 0.5412
11 77387434 2
11 77389109 2
11 77415775 0.5412
11 77419523 2
11 77455085 2
11 77478672 1.38595968627232
11 77481451 0.4
11 77492337 2
11 77513927 2
11 77519803 0.3633
11 77523236 2
11 77574366 1.2449
11 77585051 1.2393
11 77590296 1.2393
11 77598488 2
11 77607033 1.2393
11 77623094 1.5466
11 77624291 2
11 77652070 2
11 77672379 1.166
11 77683555 2
11 77694147 1.2282
11 77695895 0.0471600136888677
11 77697381 1.2282
11 77704187 1.2494
11 77714745 1.3688
11 77722899 1.2282
11 77723497 2
11 77724931 2
11 77730546 1.2282
11 77742322 1.2337
11 77751747 2
11 77762032 5e-04
11 77781895 1.2282
11 77786349 0.1232
11 77823398 2
11 77838217 2
11 77875312 2
11 77876927 0.746
11 77886521 2
11 77886793 2
11 77896543 1.2438
11 77939421 2
11 77948654 2
11 77951316 2
11 77954294 1.6630347443434
11 77954560 1.3688
11 77955598 1.4396468804456
11 77956394 0.0959289620174619
11 77965599 0.406242563738882
11 77976121 0.287990040797442
11 77982533 1.2227
11 77992937 1.2227
11 77998131 2
11 78000230 2
11 78003793 2
11 78007665 2
11 78011969 2
11 78015933 2
11 78018408 0.3346
11 78019218 2
11 78024491 0.1437
11 78028624 0.220531255336705
11 78031549 1.38381184112846
11 78032703 0.0244
11 78033230 0.115413800895192
11 78038016 0.2241
11 78039371 0.1208
11 78043191 0.606928847085573
11 78051863 0.1141
11 78054649 0.216
11 78057105 0.1076
11 78057569 0.1076
11 78059050 0.1076
11 78060201 0.845917827442423
11 78061133 0.1076
11 78061573 0.2081
11 78066775 0.110339009385659
11 78080403 0.1076
11 78090072 0.4205
11 78094845 0
11 78097011 1.47357693606438
11 78106034 0.0804
11 78113452 1.31698151466447
11 78124453 0.579211977965139
11 78128643 0.9908
11 78148987 1.46173208879572
11 78150352 0.933516588149726
11 78180659 2
11 78209817 2
11 78226754 2
11 78237469 2
11 78238288 2
11 78244575 2
11 78254035 2
11 78257585 2
11 78268927 1.7985
11 78274803 2
11 78284770 0.4205
11 78288117 2
11 78291082 2
11 78292453 2
11 78296405 2
11 78341192 2
11 78352161 2
11 78353861 2
11 78361337 2
11 78382647 2.5897
11 78406488 2
11 78412031 0.0261
11 78414965 2
11 78417289 2
11 78426005 1.12424580472383
11 78437993 0.0896
11 78446937 2
11 78450384 2
11 78458739 2
11 78463150 2
11 78492136 2
11 78494469 0.7945
11 78502973 2
11 78503832 2
11 78507510 2
11 78508593 0.2157
11 78508680 2
11 78509826 2
11 78511679 2
11 78521399 2
11 78526085 0.0263
11 78543367 2
11 78543913 2
11 78551216 2
11 78554609 2
11 78569277 2
11 78569561 2
11 78577863 1.02120107599125
11 78631869 1.7439
11 78645452 2
11 78651097 2
11 78652487 2
11 78671285 2
11 78671887 2
11 78692013 1.16510479212745
11 78697268 2
11 78711518 2
11 78728379 0.425330069631207
11 78728380 0
11 78754438 0.702452482739059
11 78762331 0.170330231455478
11 78777825 5e-04
11 78783081 0.6012
11 78802706 2
11 78822004 2
11 78843936 2
11 78846255 2
11 78868137 0
11 78879295 2
11 78881673 1.23968964097465
11 78886067 2
11 78888738 0.633655513165086
11 78918567 2
11 78919803 2
11 78931932 2
11 78931955 2
11 78956636 2
11 78967527 0.207294523937063
11 78975342 2
11 78981134 0.34153895433129
11 79020890 2
11 79021987 2
11 79024359 2
11 79035541 0.037042805559783
11 79039985 1.3364
11 79044422 0.0107
11 79051479 0.1219
11 79064084 0.254606595970036
11 79065147 1.66284538653615
11 79078945 0.0291
11 79096543 2
11 79107181 2
11 79112225 2
11 79122958 2
11 79124647 1e-04
11 79126422 0.0162
11 79126949 1.14679422086683
11 79126996 0.334965659457232
11 79139860 1.6442
11 79141454 0.695403521704953
11 79150134 1.02488140836713
11 79156007 2.9987
11 79156948 0.452665369965708
11 79164016 2e-04
11 79164963 1.51849616133753
11 79168655 2
11 79170740 2
11 79179876 2
11 79189068 2
11 79195468 2
11 79204464 2
11 79228360 0.1091
11 79259875 1.1662
11 79265542 1.10802430095994
11 79275243 1.06802390519058
11 79284620 0.822879250717495
11 79288471 0.405125999453087
11 79311376 0.9365
11 79315345 2
11 79355183 2
11 79355555 2
11 79357399 0.1406
11 79363222 1.21400053566711
11 79371259 0.968138956407974
11 79377643 2
11 79389344 2
11 79400778 2
11 79409105 2.60811932518826
11 79413300 0.975443937629749
11 79417111 0.865870307943627
11 79432156 0.7938
11 79462654 1.06281774293598
11 79472333 0.0526
11 79475586 0.268884525260748
11 79475877 1.57516256350595
11 79548410 0.6511
11 79576669 0
11 79586503 1.0565
11 79588504 1.0565
11 79597127 0.3461
11 79597820 1.0218
11 79600399 0.626716214683081
11 79612813 1.40530985449348
11 79619790 2
11 79619932 1.5519579213459
11 79639823 2
11 79640107 2
11 79647255 2
11 79651130 1.0595
11 79665238 0.6413
11 79689364 2
11 79691721 2
11 79715822 2
11 79758657 0.8308
11 79780454 0.2679
11 79781201 2
11 79795054 1.0326
11 79806819 0.393855986838173
11 79813198 0.2556
11 79814237 0.2682
11 79825390 1.849
11 79831562 0.28562713460706
11 79859944 0.513226506201206
11 79864699 0.324855323543694
11 79888265 0.3983
11 79897532 0.275
11 79911736 0.1627
11 79920743 0.1381
11 79975494 0.0839
11 79977869 0.1291
11 79988824 0.1658
11 79995194 0.1676
11 80001725 0
11 80004687 0.1782
11 80013718 0.0817
11 80050091 0.947
11 80070903 2
11 80085668 1.21838673518177
11 80088505 2
11 80090884 2.3421
11 80093100 1.16530668887872
11 80101967 1.92028046345339
11 80101992 0.61282217025014
11 80102726 0.400935053266293
11 80108018 0.582336527593999
11 80112242 0.277991483411259
11 80135780 1.27743914711872
11 80136019 0.238751489810316
11 80141749 1.51361063227985
11 80154142 0.765759012902376
11 80155179 0.106879703764657
11 80155922 1.33345673185745
11 80161976 0.827839782908501
11 80162583 1.59351655979973
11 80178027 1.54299306119871
11 80184293 1.8133098321525
11 80184821 1.32494493644148
11 80189618 0.419276005016597
11 80190056 0.10731551555431
11 80196386 0.5354
11 80197078 0.517947459801631
11 80239035 1.26104562487824
11 80257067 0.438910223321292
11 80268256 0.715
11 80272908 0.715
11 80287756 0.7361
11 80301466 2
11 80322588 1.5842
11 80324302 2
11 80326579 1.11683319472462
11 80334307 2
11 80353515 2.1452
11 80365900 2
11 80369595 2
11 80400917 0.0571548666349293
11 80406288 2
11 80407437 2
11 80423207 2
11 80425461 1.9412
11 80427415 2.0005
11 80431063 0.179519075188748
11 80433185 0.591921801371658
11 80434966 0.20030437796671
11 80444355 0.2648
11 80459662 8e-04
11 80460131 1.17014270871791
11 80465176 0.6623
11 80489819 1.41328321573674
11 80490597 0.338195435073395
11 80496422 2
11 80500021 2
11 80516626 1.4701
11 80519969 1.4489
11 80521817 1.4701
11 80522011 2
11 80523019 1.5307
11 80526197 1.4701
11 80531221 2
11 80570757 0.9582
11 80573320 0.9323
11 80576692 2
11 80579530 2
11 80580856 0.9042
11 80583534 0.0088
11 80607458 0.350398591350661
11 80672900 1.9081
11 80674384 2
11 80677987 2
11 80684463 2
11 80703115 2
11 80719524 0.258215604740243
11 80726732 0.5958
11 80729740 1.5464
11 80731317 1.05417412849019
11 80757543 0.5685
11 80771937 1.4215
11 80773744 1.02380689580575
11 80773978 1.08146466388628
11 80790439 1.8471
11 80796421 0.894104477795734
11 80805339 1.31332180203463
11 80811166 0.521138024584944
11 80820817 0.913946569450788
11 80879847 0.0078
11 80885179 2.2627
11 80889048 0.552685300766989
11 80891756 0.652910178688984
11 80901019 1.7355981440869
11 80904558 0.859648579873043
11 80908564 2.2627
11 80910419 2.60468371569087
11 80911727 2.27382470355441
11 80934842 2
11 80945339 2.0603
11 80971203 2.2286
11 80982998 0.0561
11 81004327 0.0502
11 81009123 0.1841
11 81020332 1.0439
11 81021324 1.0838
11 81023801 0.80189277099054
11 81026377 1.68052116489134
11 81030231 1.20514780791957
11 81040808 2
11 81044482 2
11 81061677 0.167938638931125
11 81074649 0.340559989150253
11 81082147 0.062
11 81119918 2.9793
11 81124006 1.42114384024887
11 81139704 1.6672
11 81143287 2
11 81144539 1.72914375873321
11 81157455 0.0866
11 81172528 2
11 81172532 0.1754
11 81185854 2
11 81204507 2.7862
11 81205755 2
11 81207954 2
11 81209164 0.3262
11 81209624 2
11 81218472 0.801339803090259
11 81219570 2
11 81223740 2
11 81224718 2
11 81230488 2
11 81231502 2
11 81231751 2
11 81274694 0.904206673188105
11 81282624 2
11 81285111 0.812636556263811
11 81290824 2
11 81299121 2
11 81302496 2
11 81310851 1.31803941255537
11 81316244 0.543186251020918
11 81319268 0.0335565728528105
11 81334941 0.1412
11 81375152 1.26879089010515
11 81378183 0.616802139284585
11 81382362 0.235006997583162
11 81388260 0.723437671249306
11 81405016 0.175735243523521
11 81414542 0.414
11 81419070 1.2754
11 81429334 0.165965980810084
11 81438754 0.0639978132585771
11 81440114 1.00347806199313
11 81440903 0.459769999573277
11 81467796 2
11 81474044 1.2898
11 81474670 1.3111
11 81478909 1.3111
11 81481216 2
11 81489331 2
11 81489382 0.155900639081424
11 81495235 1.3329
11 81500606 0.0584
11 81504871 0.378371925480936
11 81510267 2.3800830940881
11 81521533 1.2752
11 81524694 0.594140731263359
11 81540318 2
11 81547399 2
11 81553956 0.597770097665304
11 81559716 2
11 81560385 2
11 81566400 2
11 81566518 0.167600399074701
11 81567136 1.16669642368656
11 81568307 0.808601827350789
11 81569604 0.12273912378107
11 81573836 2
11 81574524 0.961488296356534
11 81574772 0.619767533511935
11 81603090 0.263218580384767
11 81619029 0.0898805654414295
11 81638532 2
11 81640523 0.0852057471246535
11 81643322 2
11 81649355 0.000793726655963476
11 81651469 0.6263
11 81654418 0.476056861394036
11 81684860 0.754828796593505
11 81694666 0.746049248414591
11 81696491 1.02001529226013
11 81699133 0.625221648745511
11 81699451 1.42540757730151
11 81699885 0.598277401949334
11 81703334 0.258234703504902
11 81703623 2
11 81707981 0.479504098288477
11 81715793 0.5433
11 81718113 0.145517145528206
11 81720618 1.10965420482513
11 81723251 0.9882
11 81723275 0.9882
11 81728534 1.01701766397935
11 81735111 0.183067468916312
11 81743282 1.86815190539962
11 81747280 0.71592718729005
11 81754062 1.0788
11 81756941 0.0078
11 81759372 0.542244278682516
11 81759794 1.0515502839132
11 81762338 0.783223027338148
11 81766608 0.492820288844872
11 81767827 0.419160247305728
11 81771407 0.855653876058168
11 81776296 2
11 81777987 0.3911
11 81782934 0.3911
11 81783706 0.3432
11 81788496 0.8391
11 81790176 1.2212
11 81825461 2
11 81837764 0.8421
11 81838912 0.2964
11 81850450 0.2964
11 81860476 5e-04
11 81868026 2
11 81869282 2
11 81871097 2
11 81872213 2
11 81888939 2
11 81894480 1.6898
11 81903921 1.7379
11 81942312 0.490427046494384
11 81942472 2
11 81945876 2
11 81950723 2
11 81954962 2
11 81963809 2
11 81974087 2
11 81974375 0.742
11 81982264 2
11 81989334 0.155893440959725
11 81990813 2
11 81991505 1.0335
11 81993355 0.742
11 81993858 0.742
11 81996149 2
11 82011671 0
11 82023326 2
11 82028298 1.0335
11 82032414 2
11 82033985 2
11 82035997 0.0124
11 82057749 2
11 82059539 2
11 82065813 0.0532959505919582
11 82067531 2
11 82076590 2
11 82095026 2
11 82103573 2
11 82122447 2.03517826140604
11 82128418 0.411553379666789
11 82133451 2.46123626864336
11 82133522 0.0063224050193612
11 82143129 0.995802318526761
11 82143143 5e-04
11 82153168 0.189411555191431
11 82155116 0.756020933297772
11 82172207 0.944134534270068
11 82179591 2
11 82192705 1.9696
11 82192808 2
11 82193549 0.211481165345768
11 82194634 2
11 82196896 2
11 82197516 1.459
11 82205430 2
11 82213926 2
11 82219506 0.6171
11 82219846 0.89907322904953
11 82222574 2
11 82232209 2
11 82249724 2
11 82263820 1.04576679099688
11 82264468 0.6171
11 82268850 2
11 82276790 2
11 82279348 2
11 82290355 2
11 82292591 2
11 82293324 2
11 82293603 2
11 82297516 2
11 82299266 2
11 82319736 2
11 82341699 0.0926
11 82345939 0.0926
11 82352025 1.5125
11 82362414 2
11 82378951 0.881702534231242
11 82380190 0.461605432221375
11 82396638 2
11 82398144 5e-04
11 82408131 0.0926
11 82410762 0.03
11 82457877 0.0273
11 82461288 1e-04
11 82467796 0.6793
11 82469362 0.0273
11 82488418 5e-04
11 82519957 0.881370706492765
11 82523684 0.1059
11 82530286 0.7476
11 82543817 1.8414480548171
11 82545038 0.318919512948841
11 82572023 0.843
11 82589819 2
11 82593678 1.8677
11 82604327 1.06994029722942
11 82609480 1.42564104580473
11 82617801 0.277925232294808
11 82619412 1.24679487365248
11 82619597 0.468903576936572
11 82619675 1.21834057952724
11 82635448 2
11 82642392 5e-04
11 82642726 2
11 82644447 1.09497661757329
11 82652227 0.5956
11 82652673 0.3907
11 82657061 0.3907
11 82657879 0.3907
11 82659984 2
11 82691869 1.2922
11 82692773 0.342832188670977
11 82699158 1.30352706221159
11 82699301 0.8397
11 82733174 2
11 82744612 2
11 82745452 2
11 82746121 2.14261317784618
11 82747885 0.121135391856108
11 82750517 2
11 82756197 1.00453895010306
11 82767549 2
11 82780966 1.66335496054147
11 82785696 2
11 82796961 2
11 82800158 2
11 82805221 0.456097668129662
11 82810525 2
11 82819238 0.744742422461982
11 82821157 2
11 82823298 1.46778871769376
11 82850297 2
11 82853315 2
11 82861117 2
11 82862477 0.752311619679009
11 82873079 2
11 82879332 0.823800369572898
11 82896614 0.360887389264175
11 82909629 1.05802801453507
11 82919284 2
11 82933862 2
11 82946179 1.9915320726786
11 82946309 2
11 82949129 0.0263
11 82960978 1.31449449785657
11 82961800 2
11 82980008 2
11 83000877 2
11 83005476 0.6444
11 83012382 1.261
11 83035323 2
11 83041193 0.8014
11 83100039 1.6468
11 83102689 1.0393
11 83108018 0.278979705459711
11 83110490 1.426
11 83115798 1.93365133040153
11 83116808 1.17003927451313
11 83137965 1.9177
11 83138706 1.988
11 83150256 2
11 83252917 1.87616151131227
11 83254435 0.0308
11 83263868 0.240168645614215
11 83273359 2
11 83284862 0.919913465912626
11 83291624 0.692977611927606
11 83304215 0.59300192090154
11 83308283 0.492482132151483
11 83317285 1.36866930159282
11 83326827 0.304645479093019
11 83337632 0.2022
11 83351054 0.618915328298147
11 83357803 0.2022
11 83359384 0.2223
11 83363669 0.2223
11 83367410 0.2022
11 83369776 0.2022
11 83370261 0.2022
11 83376808 0.15008479069606
11 83377765 0.191799562455868
11 83400768 2
11 83407119 1.36068503658664
11 83418326 0.2427
11 83419166 0.2427
11 83430299 0.2223
11 83497539 2
11 83504131 0.9637
11 83525981 2
11 83537838 0.0932407243062991
11 83546712 0.1175
11 83551283 2
11 83560507 0.239669191250727
11 83572529 0.8185
11 83584147 0.8185
11 83585477 0.8185
11 83587946 0.8185
11 83605226 0.8185
11 83628054 0.93049634119831
11 83639449 2
11 83643195 0.368117922226013
11 83680148 0.106744236957619
11 83695030 2
11 83696733 2
11 83697309 2
11 83724498 2
11 83744723 1.0627475721609
11 83753817 5e-04
11 83770071 2
11 83777858 0.1105
11 83780789 0.1105
11 83784962 1.94618450468851
11 83789264 2
11 83790923 2
11 83796386 0.1236
11 83805638 2
11 83818922 2
11 83825964 2
11 83826039 2
11 83833429 0.1369
11 83842833 0.630600222767776
11 83844717 2
11 83862907 2
11 83867590 2
11 83889417 0.3445
11 83899420 2
11 83899878 0.0631730041274527
11 83902723 2
11 83903073 0.155418347034357
11 83906349 2
11 83907792 0.0134483217029994
11 83909536 2
11 83910504 2
11 83913226 0.2612
11 83918842 0
11 83921110 0.3209
11 83927895 0.2167
11 83941544 0.152172859547414
11 83943920 1.50504999284059
11 83946730 0.759222458662437
11 83947222 2.523291212745
11 83952083 0.270319378156083
11 83956429 1.6009645588782
11 83960401 0.980294063246676
11 83960659 0.825259337606372
11 83967844 1.4782
11 83973482 1.4544
11 84019527 0.503315982754431
11 84053448 1.01110951651691
11 84061005 0.0697
11 84062834 0.0697
11 84063457 0.0697
11 84072077 0.0578
11 84098751 0.0519
11 84105439 0.0176283279143347
11 84111042 0.1007
11 84140536 1.5842
11 84140666 2
11 84146261 0.119
11 84167859 2
11 84168612 1.594
11 84176872 0.0263
11 84183601 1.5652
11 84185013 0.0578
11 84193469 0.1674
11 84194549 1.5652
11 84212855 0.1144
11 84238280 0.88074128683711
11 84240117 0.57860468703612
11 84246512 1.4167
11 84262719 0.1277
11 84276862 2
11 84289140 2.30376074860786
11 84309994 0.683643146571987
11 84347264 2
11 84352092 0.605381162282498
11 84355749 2
11 84379923 2
11 84380271 2
11 84406248 2
11 84448502 2
11 84461031 0.153272247849816
11 84502133 3.1168
11 84502216 0
11 84502827 2.02700667733861
11 84516647 1.73001863537551
11 84523102 1.3783
11 84528443 1.2935
11 84534541 1.2935
11 84535174 2
11 84548678 0.954855312102713
11 84555973 1.55045701245549
11 84556142 0.1710182585847
11 84601472 1.2038
11 84646321 1.94346735914117
11 84661856 1.3358
11 84667817 1.6249
11 84668697 0.1045
11 84673287 2
11 84680856 1.0778
11 84726400 2
11 84726550 4e-04
11 84747516 2
11 84750147 1.279
11 84758018 0.1051
11 84779196 0.8884
11 84779198 0.7508
11 84779338 2
11 84784364 7e-04
11 84789081 2.8187
11 84812036 2
11 84855490 2
11 84861868 0.449886053187702
11 84869315 2
11 84877238 2
11 84886706 2.08452345409797
11 84896418 1.6542
11 84897109 1.6542
11 84897227 1.6542
11 84897388 2
11 84899058 1.2858
11 84902060 0.453383846908593
11 84902760 0.453074865701801
11 84904054 2
11 84904755 2
11 84907231 0.0756
11 84908270 2
11 84912040 2
11 84927121 0.1166
11 84928139 2
11 84944048 2
11 84951721 2.7095
11 84953914 0.2692
11 84967109 0.7155
11 84986380 2
11 84994370 0.0053
11 84995729 0.540860095533822
11 85013360 0.2955
11 85016902 2
11 85027251 2
11 85030767 0.2692
11 85060935 2
11 85070884 2
11 85080090 0.2955
11 85091057 0.2955
11 85093765 0.3137
11 85095898 0.3045
11 85101580 2
11 85101599 2
11 85105018 2
11 85123371 2
11 85129110 2
11 85157368 2
11 85159360 2
11 85169125 2
11 85174644 2
11 85193170 2.5345
11 85197161 2
11 85209703 2
11 85221050 2
11 85225683 2
11 85229188 2
11 85229633 0.0396
11 85236420 1.29069468502426
11 85248608 2
11 85259366 2
11 85268339 2
11 85288416 2
11 85302661 2
11 85334931 2
11 85338439 2
11 85358100 2
11 85370249 2
11 85389839 2
11 85397461 2
11 85406482 0.063
11 85412762 2e-04
11 85417263 0.7181
11 85422569 2
11 85427347 2
11 85432084 2
11 85496311 2
11 85499809 0.0453
11 85562824 2
11 85590653 2
11 85601552 2
11 85602021 2
11 85664557 2
11 85673427 2
11 85683344 2
11 85713797 0.00157462321600139
11 85725351 1.82313376485281
11 85733623 0.0183
11 85738499 2
11 85751098 0.809292630295436
11 85759898 1.16413320223592
11 85788599 2
11 85815356 0.831971776226941
11 85817541 2
11 85824318 0.516076350688304
11 85841124 1.05385212033121
11 85853426 2.2414
11 85855114 0.984697117453712
11 85860117 0
11 85873835 2.8187
11 85928995 1.4605
11 85954129 0.8825
11 85957047 1.01266177441244
11 85962793 0.00165546400407182
11 85965788 1.46782951266398
11 85966051 1.8626
11 85982725 1.00733946224578
11 85985653 1.77428231428834
11 85993590 1.80804395028299
11 85998086 0.9651
11 86011195 0.393471505760002
11 86012484 0.900466544256934
11 86013529 0.483498763663012
11 86023893 0.951321681126092
11 86028940 0.5857
11 86031175 0.0273
11 86035741 1.49696060197359
11 86042309 0.685
11 86050432 0.0953
11 86062205 0.9651
11 86082624 0.0426219560803744
11 86083500 0.2345
11 86086978 0.2345
11 86089237 0.2692
11 86098601 2
11 86100096 0.2062
11 86117506 0.2692
11 86141937 0.1057
11 86152727 0.8112
11 86166950 2
11 86186529 0.000354042231453268
11 86192970 1.19246959711577
11 86193552 0.0631590540272297
11 86216910 0.571318113906721
11 86220411 0.039
11 86226571 2
11 86228020 2
11 86228905 2
11 86241300 0.169415319377645
11 86242761 0.0169771748782112
11 86247718 2
11 86250578 2
11 86296492 0.280599224448816
11 86301528 2
11 86308297 1.13456330860043
11 86311598 2
11 86311857 2
11 86328237 2
11 86332122 2
11 86343705 0.372281107153043
11 86353715 1.0175
11 86355905 1.5652
11 86359313 2
11 86367740 2
11 86375539 2
11 86378530 1.3973
11 86384312 0.922565862873331
11 86408354 0.661024339138293
11 86412315 0.412255967714822
11 86453788 1.1516
11 86485176 0.184
11 86485207 2
11 86492974 2
11 86502206 0.5415
11 86509756 5e-04
11 86510258 2
11 86519432 0.9225
11 86521413 2
11 86522045 0.908418723575736
11 86523508 2
11 86524733 0.62089440444869
11 86528421 0.537542476891545
11 86530030 1.0035
11 86531991 0.0922904098636891
11 86539911 0.0591934575771927
11 86547613 1.0952
11 86547964 2
11 86589404 2
11 86602189 1.1809
11 86605784 1.4019
11 86609171 2
11 86619556 2
11 86638537 2
11 86641850 2
11 86643939 2
11 86646084 2
11 86650466 2
11 86651235 2
11 86656714 1.6007
11 86661119 2
11 86669824 2
11 86670760 1.6007
11 86673681 2
11 86688023 2
11 86689401 2
11 86692333 2
11 86696237 2
11 86705012 2
11 86731691 2
11 86736429 2
11 86746881 0.7221
11 86749656 2
11 86750923 0.9693
11 86764123 0.6818
11 86767289 2
11 86767985 2
11 86772369 2
11 86773104 2
11 86823972 1.0609
11 86842611 2
11 86874165 0.0912
11 86879757 2
11 86896358 1.4948
11 86918111 1.45238547830957
11 86921427 3.10695287831902
11 86931480 1.68632660449333
11 86931573 0.193871269080537
11 86943623 2
11 86943889 0.528212865507414
11 86948171 2
11 86961176 1.91164410666915
11 86967503 2
11 86975135 0.112529269618473
11 86978406 1.7505
11 86994515 1.14400781409534
11 87017123 1.279
11 87023105 0.7546
11 87023785 0.7546
11 87026603 0.25414438230525
11 87026738 0.0677377766442833
11 87027019 2
11 87032896 0.00830955481562001
11 87042047 2
11 87047584 2
11 87056589 0.7546
11 87057288 2
11 87060410 0.925
11 87070637 2
11 87072626 2
11 87074037 2
11 87075038 2
11 87085960 1.0074
11 87090958 2
11 87096186 2
11 87097175 2
11 87101905 1.0074
11 87111035 2
11 87111370 2
11 87111664 2
11 87111732 2
11 87116575 2
11 87120295 1.0531
11 87124853 1.0531
11 87125368 2
11 87125743 2
11 87126142 2
11 87126572 1.0531
11 87126734 1.0531
11 87136388 2
11 87138644 2
11 87141291 2
11 87141973 2
11 87143463 2
11 87147151 1.0531
11 87151606 2
11 87155760 2
11 87157029 2
11 87165786 2
11 87175608 2
11 87177526 1.1948
11 87191304 1.4226
11 87194739 1.8395
11 87204163 0.791545445192687
11 87205367 1.1019
11 87216547 2
11 87217522 2
11 87218501 1.8395
11 87219663 1.8395
11 87225052 2
11 87236170 1.4508
11 87239841 0.648115212685751
11 87240260 2
11 87244593 0.20481959710695
11 87247788 2
11 87248678 2
11 87250952 2
11 87252708 2
11 87258257 2
11 87259354 2
11 87261115 2
11 87265231 2
11 87267721 1.13920064959596
11 87269307 2
11 87275044 1.8051
11 87275723 2
11 87282156 2
11 87285624 0.529812594281238
11 87308603 0.6555
11 87335589 0.0107
11 87337520 2
11 87349930 2
11 87354615 0.456906258210512
11 87370982 2
11 87381757 1.0622
11 87382706 0.364874455601538
11 87388593 1.5546
11 87392802 2
11 87395764 0.991
11 87397467 2
11 87398241 2
11 87401277 2
11 87405191 2
11 87409013 0.226928899477447
11 87412935 0.5863
11 87436083 2
11 87444077 1.1253384146025
11 87444469 0.779345821949302
11 87445210 0.48682715941891
11 87445745 0.124598726023821
11 87448102 5e-04
11 87448935 2
11 87450326 1.31937363307816
11 87453004 2
11 87492439 0.46708739710601
11 87496218 0.841686113721513
11 87503536 0.162526806932661
11 87503761 0.0322077559786339
11 87506120 1.3033849614512
11 87508354 0.107367384144924
11 87509191 0.389442879273406
11 87543192 2
11 87550911 0.1097
11 87560099 0.1612
11 87569058 0.178975523258179
11 87569844 0.884232507191338
11 87571275 0.927383467913294
11 87574498 0.3082
11 87581795 2
11 87587505 2.27951275025343
11 87592239 0.3082
11 87592980 1.3093
11 87601889 0.1097
11 87623578 0.164333365157233
11 87624278 0.1786
11 87626782 1.3093
11 87626936 0.156
11 87632210 1.40354380323154
11 87635019 0.403699298768066
11 87642578 0.868631535296488
11 87644522 1.2896
11 87658063 0.411240836555598
11 87686770 0.043
11 87691562 0.043
11 87695161 0.1727
11 87710216 0.043
11 87715921 0.043
11 87715991 0.043
11 87721017 1.1818
11 87780334 1.7171
11 87785881 0.535779734173628
11 87795076 0.0078
11 87804227 0.773327779819426
11 87804248 1.23701522810057
11 87807462 1.1999793967631
11 87809690 0.578240346510759
11 87826137 1.37523272520032
11 87855497 2
11 87858797 1.4485
11 87867576 1.063
11 87868541 0.9651
11 87886893 2
11 87888083 2
11 87901924 0.0077
11 87904706 0.9081
11 87907462 1.3917
11 87923486 1.8188
11 87923989 1.09718060632435
11 87937352 0.291591962036274
11 87937869 0.867521146876967
11 87945231 1.2267
11 87948728 2
11 87965847 1.06017233018222
11 87971202 2
11 87971260 0.699695789200327
11 87976118 2
11 87976119 2
11 88003846 0
11 88003944 5e-04
11 88004139 2
11 88014300 1.93751356086554
11 88020970 0.0938537199189151
11 88022542 0.857561278096931
11 88030906 2
11 88039513 2
11 88039646 2.50302012610797
11 88052574 2
11 88059216 1.63343426687962
11 88078196 0.743476470060734
11 88088852 2
11 88092355 2
11 88092377 2
11 88092379 0.023573427090815
11 88092407 1.08710546179782
11 88094346 2
11 88095862 2
11 88116507 2
11 88138789 0
11 88155673 2
11 88161477 0.9912
11 88161507 0.4226
11 88165078 2
11 88181020 0.9912
11 88189689 2
11 88197416 2
11 88198208 2
11 88204393 0.8401
11 88205311 5e-04
11 88205610 1.0473
11 88206425 1.39756149956849
11 88207005 0.959700341190686
11 88207181 1.0107
11 88211504 1.77658516982694
11 88213282 2
11 88214368 2
11 88215490 2
11 88218479 2
11 88219688 2
11 88222713 2
11 88224483 2
11 88225190 1.529
11 88225928 2
11 88226867 2
11 88231921 2
11 88235050 2
11 88236019 1.4799
11 88249430 1.512
11 88253113 1.16901391706581
11 88275083 2
11 88276708 2
11 88280933 1.4954
11 88291542 0.104987418567017
11 88315594 1.3918
11 88324552 1.24800010724299
11 88325088 0.556071683922719
11 88329180 1.00625121487869
11 88330573 1.25982540217776
11 88335161 0.517040214737786
11 88349739 0.692196978777421
11 88356023 0.335651513035251
11 88358784 1.45711195052962
11 88364045 0.219680412162568
11 88389987 1.76484951849013
11 88408467 2
11 88410628 2
11 88422665 2.1665
11 88448512 2
11 88467385 2
11 88486922 0.205770730179617
11 88494245 2
11 88495040 0.396699404442419
11 88497344 2
11 88506886 2
11 88519462 2
11 88521153 2
11 88521916 2
11 88530297 2
11 88534591 1.59790145653036
11 88539310 0.2187
11 88543489 1.29484570090412
11 88611030 2
11 88611750 2
11 88614675 2
11 88633811 1.14619203387995
11 88643761 5e-04
11 88643880 0.107110093818685
11 88644837 1.05379420957556
11 88646530 0.186862265034947
11 88649287 1e-04
11 88666574 2
11 88667908 2
11 88686986 2
11 88687527 1e-04
11 88688234 2
11 88690415 0.381215139165267
11 88694306 2
11 88700694 0.0217
11 88709722 2
11 88712358 1.0768
11 88718866 0.0683906497311118
11 88727004 2
11 88731324 2
11 88737605 5e-04
11 88744172 2
11 88745058 2
11 88745380 2
11 88750736 0.155
11 88751812 0.1741
11 88755913 0.155
11 88764594 0.724169428635282
11 88764598 0.2109
11 88765473 0.155
11 88774769 0.155
11 88782879 0
11 88805294 0.202594190010599
11 88826564 0.488605051544485
11 88855473 2
11 88855568 2
11 88864020 2
11 88864270 2
11 88872114 0.728294891606986
11 88890510 2
11 88892161 2
11 88897712 2.6444
11 88901967 2
11 88911458 2
11 88911961 0.0329
11 88917879 2
11 88921450 0.819357564076738
11 88924285 0.532652619705875
11 88940014 2
11 88962715 2
11 89011257 2
11 89015518 2
11 89032611 0.069016538902004
11 89071516 1.95428722846516
11 89086854 0.442810859085724
11 89112539 0.144008050597078
11 89117214 0.519608701737608
11 89128219 0.0605542219962371
11 89129654 1.03956117464626
11 89141686 0.139099324183038
11 89151546 1.36189736679716
11 89157100 1e-04
11 89158375 0.180550635277628
11 89168402 0.145975345662401
11 89169947 0.666521374926763
11 89182402 0.116776657682724
11 89238470 0.582802658253798
11 89328690 0.613116427923211
11 89339242 0.0197
11 89362826 0.1783
11 89369495 0.2556
11 89408934 0.205
11 89414614 3.1166
11 89464315 0.7774
11 89497433 1.33125657550081
11 89498616 0.380058327613549
11 89532860 2
11 89558335 2
11 89566214 0.449244125310256
11 89578165 2
11 89583830 2
11 89585853 2
11 89595135 2
11 89605592 2
11 89607209 2
11 89610945 2
11 89611210 2
11 89613926 2
11 89622128 2
11 89625187 2
11 89627674 2
11 89627693 2
11 89629127 2
11 89630128 2
11 89633811 2
11 89635175 2
11 89635989 2
11 89638383 2
11 89639610 2
11 89643770 2
11 89647221 1.98243285199406
11 89649325 2
11 89653216 2
11 89654205 2
11 89658673 2
11 89660083 2
11 89660327 2
11 89662940 2
11 89669389 2
11 89670246 0.0444
11 89673881 2
11 89689561 2
11 89711586 0.958051911490207
11 89712420 2
11 89717903 2
11 89727116 2
11 89729623 2
11 89729873 2
11 89795886 0.735408017103001
11 89922963 0.1096
11 90097872 0
11 90113260 2.1545
11 90133403 1.52521201290313
11 90145041 0.812035218946768
11 90149487 0.0850091239920203
11 90154882 2
11 90159635 0.466051456825363
11 90159776 0.340733029665938
11 90167405 0.467042308895424
11 90169108 0.705784499207133
11 90182523 1.08710312520214
11 90184531 0.06
11 90185874 2
11 90189062 0.5379
11 90190114 0.1999
11 90196406 0.1999
11 90200495 0.1999
11 90202740 0.1999
11 90204261 0.1999
11 90204425 0.8604
11 90206978 0.8604
11 90212272 0.5754
11 90221048 0.5904
11 90222977 1.7209
11 90224707 0.981128183894774
11 90229114 0.438927866830915
11 90230054 0.0844032111140084
11 90254355 0.418353077288152
11 90267338 0.096539690592045
11 90306197 0.5478
11 90312760 0.1675
11 90322502 0.4279
11 90324781 0.3287
11 90329816 2.339
11 90329848 1.4867
11 90350440 0.0826717021157084
11 90354996 5e-04
11 90368572 1.83260880372458
11 90408943 0.280006326851895
11 90429136 2
11 90440322 2.33682229361343
11 90458222 0.316
11 90458740 0.282649114744536
11 90462140 2
11 90494409 0.286637596252633
11 90494831 1.23439055267925
11 90497567 2.15870265287937
11 90501043 0.298
11 90502625 1.7034
11 90503430 2
11 90504679 2.21063240981222
11 90510590 2
11 90512145 0.81971688902633
11 90540320 2
11 90541048 1.08797462114471
11 90552104 0.298
11 90565313 0.489
11 90576730 0.298
11 90593034 0.4161308852161
11 90599587 0.298
11 90611062 1e-04
11 90612540 0.0223
11 90612761 2
11 90619996 0.573595404240228
11 90628346 2
11 90637300 1.00647006412085
11 90640889 0.468459989229675
11 90642319 1.0792
11 90644277 1.50365880409685
11 90645972 0.288907805780954
11 90655261 2
11 90657335 2
11 90673426 2
11 90683468 1.9106
11 90684654 2
11 90686266 2
11 90687806 2
11 90688488 2
11 90694699 2
11 90697037 2
11 90697287 1.9106
11 90702164 0.5316
11 90706408 2
11 90711621 2
11 90715996 2
11 90719212 1.9106
11 90721101 2
11 90724503 2
11 90731220 2
11 90732250 2
11 90741490 2
11 90745215 2
11 90747080 2
11 90764539 1.9106
11 90765059 2
11 90794381 2
11 90801076 2
11 90806262 2
11 90807707 2.2965
11 90807962 2.2965
11 90823282 1.34163838219863
11 90853829 1.16311840915915
11 90858670 0.162551308410287
11 90858912 2
11 90860943 0.511239258612867
11 90875996 2
11 90894689 2.2356
11 90897759 1.088
11 90908305 2
11 90922837 2
11 90931161 1.2499
11 90941812 2
11 90947496 2
11 90948466 0
11 90954039 0
11 90973992 0
11 90978919 1.7258
11 90985649 1.1581
11 90985773 0.1387
11 90989174 1.2021
11 91008301 0.1113
11 91009636 0.1113
11 91015283 5e-04
11 91033312 0.2713
11 91052177 1.2021
11 91053211 0.0078
11 91053572 2
11 91063350 2
11 91065099 2
11 91074339 2
11 91075428 2
11 91083931 2
11 91085340 2
11 91092163 2
11 91094272 2
11 91106430 2
11 91109785 2
11 91113734 0.0078
11 91120727 0.809270162107223
11 91140451 2.2072
11 91163991 0.363675663017066
11 91167098 2
11 91169535 0.21757985812103
11 91172002 2.33891966764155
11 91172210 0.424083931893461
11 91175625 0.206982675610118
11 91184608 1.1374096207596
11 91191941 2
11 91193831 0.826359418739679
11 91197590 0.0710680416436987
11 91205438 2
11 91207612 2
11 91218741 1.11907505380854
11 91219861 0.533017855081112
11 91232461 0.3657
11 91246075 8e-04
11 91266422 0.0078
11 91287339 0.1277
11 91292645 0.1345
11 91301966 0.218674492890251
11 91313953 0.0465136006600696
11 91341441 2.1122
11 91397212 2
11 91415355 2
11 91419413 0.0866
11 91419710 2
11 91429175 0.867672494187643
11 91430011 0.554
11 91447860 0.2785
11 91452120 0.5343
11 91452262 0.3637
11 91453433 0.3058
11 91467622 0.3637
11 91475328 0.554
11 91489182 0.3637
11 91489608 1.62580101965596
11 91498781 0.348
11 91501149 2.7095
11 91502660 0.602771440474709
11 91503044 0.3637
11 91511059 0.9774
11 91541676 0.405998751826624
11 91554299 0.1627
11 91569493 0.261
11 91570636 0.261
11 91575693 0.261
11 91577422 0.261
11 91578141 0.2465
11 91578144 0.2465
11 91578663 0.2478
11 91581834 0.261
11 91582775 1.6043
11 91603030 1.6344
11 91624743 0.0894186856766252
11 91625761 0.1818
11 91673967 1.0129
11 91679461 0.0935
11 91684503 1.33946776587702
11 91691957 0.0235
11 91698692 1.1304
11 91708799 1.1304
11 91743168 0.75756487489049
11 91747488 3.0002
11 91781832 1.70975554104829
11 91790178 1.84301671565655
11 91791919 1.1959848612713
11 91805416 0.168269674430103
11 91854885 2
11 91857484 2
11 91870882 2
11 91882503 0.5005
11 91886433 0.6859
11 91887117 0.5005
11 91888536 0.6859
11 91889773 0.6859
11 91906946 0.64937115477438
11 91914553 0.783245560950944
11 91915525 0.436385551506397
11 91936482 2
11 91987755 2
11 91994392 2
11 91998817 2
11 92005871 2
11 92008803 2
11 92018785 2
11 92018810 2
11 92019051 2
11 92019639 2
11 92023962 2
11 92024706 2
11 92027012 2
11 92027881 2
11 92035239 2
11 92046875 1.4645
11 92057569 1.4516
11 92071887 1.5434
11 92075432 1.5434
11 92083897 0
11 92089380 1.53129576141834
11 92098151 2
11 92106236 0.0162
11 92106843 2
11 92110962 2
11 92115677 2
11 92116310 0.265061492872381
11 92117643 1.97290245103439
11 92120306 0.210170402046443
11 92120531 0.206734934201822
11 92120588 0.394558592431268
11 92126902 2
11 92134884 5e-04
11 92142419 1.1969
11 92153455 0.402894260870389
11 92155150 2
11 92155607 0.788560005343079
11 92169434 0.483245860248663
11 92173044 0.30636477905797
11 92196260 0.719607543227109
11 92208344 1.10450501915339
11 92218281 2.20646521807654
11 92229117 0.8864
11 92243945 1.58228463042563
11 92281944 0.811151369207611
11 92284249 1.15887572002023
11 92284628 0.2161
11 92289543 0.2161
11 92291297 0.2161
11 92299764 0.2161
11 92313973 0.486825527027315
11 92332852 0.613372254586277
11 92335607 0.316
11 92344580 0.171626039531558
11 92351976 0.316
11 92368705 0.3326
11 92378116 0.3497
11 92388279 0.3497
11 92408004 0.4426
11 92430684 0.0647
11 92463214 0
11 92470496 0.3326
11 92473352 0.0647
11 92501367 2
11 92502844 2
11 92536098 0.482040994311794
11 92536130 0.819652514333856
11 92542563 0.00278645242663103
11 92544059 0.8285
11 92554529 0.9235
11 92558822 0.0389227565131499
11 92559732 0.0540376336682589
11 92561667 0.9235
11 92562747 0.9235
11 92565941 0.151478053998765
11 92566123 0.980737735188366
11 92572615 0.440574656191524
11 92573445 0.260608323595327
11 92575367 1.42721516797654
11 92577182 0.351172580200969
11 92579906 1.30900513603144
11 92582700 0.847850915531971
11 92583633 2
11 92584472 0.0269
11 92587012 0.719807488793655
11 92591347 0.0141550304335306
11 92592184 1.1371
11 92592957 1.1371
11 92597624 2
11 92605502 2
11 92619322 2
11 92623715 2
11 92634205 2
11 92662263 2
11 92705640 0
11 92712296 2
11 92713759 2
11 92732542 1.034
11 92765789 0.1258
11 92797604 2
11 92806057 5e-04
11 92814400 2
11 92821550 0.196796959140828
11 92822934 2
11 92839242 2
11 92870131 2
11 92877040 0.8636
11 92877670 2
11 92878200 2
11 92889447 0.9904
11 92900031 2
11 92903160 2
11 92915895 2.3695
11 92918411 2
11 92927131 0.730189662402387
11 92938600 2
11 92950556 0.553419351395567
11 92954943 2
11 92956112 2
11 92959391 2
11 92965261 0.22056118504979
11 93011338 0.6037
11 93025656 2
11 93039673 2.0074
11 93040511 1.9885
11 93041800 1.9885
11 93041977 0.88432372280394
11 93044191 2.0074
11 93048295 0.547909987027422
11 93061407 0.727389646864824
11 93064604 0.260090543367356
11 93076843 0.504591817534991
11 93083311 0.646228223087079
11 93118012 2
11 93129934 2
11 93149482 2
11 93150506 1.945
11 93205445 2
11 93218140 2
11 93224529 2
11 93245101 2
11 93253783 2
11 93273992 2
11 93320753 1.10240112052474
11 93324758 0.358079643178121
11 93329482 2
11 93334997 0.9762
11 93336636 2
11 93337514 2
11 93347762 2
11 93348649 0.102563284235108
11 93348887 2
11 93354614 2
11 93376848 0.7003
11 93377280 0.7003
11 93379282 0.7003
11 93393975 0.6808
11 93398501 2
11 93403278 0.267327744402015
11 93415499 0.0534846163015513
11 93418344 2
11 93428226 0.352783583641947
11 93433565 0.38317520165273
11 93438624 2
11 93473139 2
11 93483298 1.0064
11 93483585 2.2998445802916
11 93489013 2
11 93498136 0.9724
11 93511657 0.9724
11 93512876 0.51113762421272
11 93514971 2
11 93531514 0.406103358092353
11 93532856 2
11 93542110 1e-04
11 93561340 2.9915
11 93595973 0.1271
11 93597528 0.0574
11 93617617 2
11 93630735 2
11 93634419 2
11 93636850 2.0406
11 93670323 0.1601
11 93692689 1.4399
11 93693193 0.0053
11 93767703 2
11 93767707 2
11 93777482 2
11 93784133 2
11 93798264 1.6159
11 93800628 5e-04
11 93839779 1.0035
11 93851456 2
11 93877057 0.0681
11 93896477 1.64031640782877
11 93904276 0.422113553714901
11 93907146 0.211002069029571
11 93910474 0.0162
11 93912235 3e-04
11 93919341 1.1861
11 93919830 1.1861
11 93928102 0.663594508745096
11 93938248 1.35914773912063
11 93941523 0.571337574028562
11 93946076 6e-04
11 93949721 0.10823362310719
11 93953100 0.513681358038313
11 93954509 0.510409439529431
11 93959898 1.37055574815167
11 93965523 2
11 93968294 2
11 93972336 2
11 93974581 2
11 93980745 1.51916616810151
11 94022460 2
11 94025542 2
11 94032607 0.353604015212529
11 94054376 0.933708096508718
11 94062562 2
11 94065707 1.08756658418277
11 94072742 1.1861
11 94077929 1.1383
11 94080598 0.0295189569297543
11 94087681 0.207410522379849
11 94092415 2
11 94093934 3.1158
11 94132485 1.17383797098368
11 94139890 1.66729042156999
11 94175481 0.7206
11 94176374 2
11 94197482 1.5484
11 94204511 1.9106
11 94205888 2
11 94214561 2
11 94229212 2
11 94240583 0.0078
11 94243549 0.0273
11 94249758 2
11 94253161 2
11 94288683 2
11 94294872 1.65143870133698
11 94299563 1.8782
11 94302275 2
11 94302998 2.9027
11 94304166 0.86312484810462
11 94349958 2
11 94362466 2
11 94377508 2
11 94385795 2
11 94387426 2
11 94406897 2
11 94407874 2
11 94410226 2
11 94414298 2
11 94416974 0
11 94421817 1.3289
11 94437508 0.1339
11 94437909 0.1468
11 94442495 0.1468
11 94446640 2
11 94460163 2
11 94461851 2.9027
11 94465395 5e-04
11 94468395 2.9027
11 94474451 2.8648
11 94474983 2.9027
11 94475497 2.9027
11 94476086 2.9027
11 94481673 0.1838
11 94482340 2.9027
11 94485862 2.9027
11 94490244 2.9027
11 94499717 0.390569743970144
11 94500780 2.9027
11 94508447 1.3814
11 94519580 0.0394
11 94519655 0.0394
11 94529206 2.9027
11 94531761 2
11 94532852 2
11 94535430 2
11 94538562 2.2035
11 94540184 2
11 94558153 2.9027
11 94563447 2.9027
11 94569365 2
11 94578152 2
11 94588294 2.9027
11 94600554 2
11 94621792 2
11 94622360 1.6371
11 94622884 2
11 94624892 0.0244
11 94629324 0.9805
11 94629435 2
11 94643220 0.711853236206494
11 94644651 1.0537
11 94647880 0.453508834410716
11 94653830 2
11 94655303 3.0378
11 94666187 2
11 94671149 2
11 94671488 2
11 94683721 2
11 94689809 2
11 94691730 0.0389
11 94694407 0.0446
11 94743256 2.5897
11 94746308 2.5897
11 94768131 2.5897
11 94768683 0.0181
11 94772779 0.0173
11 94773971 0.0181
11 94841488 1.2709
11 94842443 2
11 94849984 5e-04
11 94880985 0.0347
11 94885723 0.0347
11 94887096 2
11 94891106 5e-04
11 94891206 0.0347
11 94896918 0.0347
11 94910165 0
11 94927570 5e-04
11 94949257 2
11 94952542 0.261963960849521
11 94956439 2.31336495038507
11 94957715 0.18728942458305
11 94971999 2
11 94979482 1.5559
11 94982399 0.171987763728187
11 94989551 0.249361563873255
11 95030873 1.3814
11 95041044 2
11 95044250 2
11 95055690 0.054
11 95072281 0.332457112283215
11 95080885 0.693903242607221
11 95085926 1.21264927722275
11 95087749 2.9027
11 95092648 0.0607
11 95094573 1.6672
11 95125255 2
11 95140461 2
11 95237021 0.0603609968160703
11 95259171 0.5751
11 95264430 5e-04
11 95281455 1.2388
11 95292614 2
11 95302891 1.7478
11 95321137 0.806985208804964
11 95324615 0
11 95329718 2
11 95349269 0.275616224793708
11 95367807 2
11 95371712 0.0937
11 95380806 2
11 95384212 2
11 95411272 0.190996994034015
11 95421399 2
11 95444641 2
11 95447236 0.6884
11 95451165 1.67051533356469
11 95454579 2
11 95465508 2
11 95470290 2
11 95470328 1.3825
11 95485852 0.735291636150467
11 95488774 2
11 95495206 2
11 95519796 0.107845080318047
11 95528821 2.3813
11 95537638 0.1617
11 95547918 0.1226
11 95550310 0.0288444194445349
11 95552150 1.87809600105631
11 95573776 1.80392861512852
11 95578096 1.0223
11 95580406 0.1542
11 95608955 0.8506
11 95612815 2
11 95618668 2
11 95625057 2
11 95632142 2
11 95634033 1e-04
11 95634318 2
11 95638987 2
11 95657058 2
11 95657516 2
11 95661753 2
11 95662078 2
11 95662129 2
11 95662169 2
11 95663353 2
11 95663531 2
11 95665102 2
11 95667688 2
11 95671517 2
11 95702324 2
11 95717025 0.603923655007659
11 95734098 2
11 95741945 2
11 95743376 2.03056132008536
11 95745045 2
11 95753099 0.0609
11 95773120 2
11 95773743 2
11 95789304 1.6545
11 95794881 2
11 95810355 1.6545
11 95812006 2
11 95825745 2.0012
11 95830611 2
11 95838675 2
11 95841859 0.4163
11 95876702 2
11 95877332 2
11 95901068 2
11 95920969 5e-04
11 95928980 2
11 95935968 2
11 95970237 2
11 95974690 2
11 95978750 1.06167676363172
11 95982152 2
11 95990012 5e-04
11 95994383 2
11 95994472 0.7835
11 95997739 0.0146047435894822
11 96011541 2
11 96025458 0.685803977159795
11 96033431 0.0735
11 96036176 0.2936
11 96042280 2
11 96049793 5e-04
11 96074374 0.9186
11 96080780 1.40602783170281
11 96100138 2
11 96102042 0.796034357001869
11 96103693 0.384058978387043
11 96110218 2
11 96177108 0.719240354248965
11 96178228 1.59978791022334
11 96181306 1.90343613545981
11 96184925 0.767863176087173
11 96187709 0.412054530151842
11 96190556 2
11 96193463 1.22847552679979
11 96194779 2
11 96199959 2
11 96204452 2
11 96233648 0.0997895728142342
11 96235451 2
11 96242035 0.8724
11 96242580 0.787149651622563
11 96264891 1.571
11 96266699 0.9558
11 96267364 2
11 96278187 2
11 96285983 2
11 96309377 2
11 96326507 2
11 96360197 2
11 96360207 2
11 96363176 2
11 96380667 2
11 96395675 0.667184612590039
11 96402571 0.840434265970871
11 96409789 0.740270307389603
11 96414448 1.56173605256759
11 96426428 0.377574950808242
11 96443756 0.374
11 96451546 0.1149
11 96455392 1.29158809467206
11 96476671 2
11 96477232 2
11 96479120 2
11 96491944 2
11 96505006 0.9227
11 96523659 2
11 96526456 2
11 96538142 0.127138235388621
11 96595537 0.244565647203827
11 96599526 2.35998567901502
11 96604358 0.298273727847898
11 96654429 1.06063109698363
11 96676891 0.081
11 96716773 1.17589086564013
11 96725128 0.0714890422824948
11 96727843 0.7857
11 96732304 2
11 96735436 0.0213134543125897
11 96740597 1.03741856302136
11 96751442 2
11 96763789 0.369672220458195
11 96765340 0
11 96774299 1.30489450105725
11 96775955 1.54771620758
11 96776465 2.06501826593381
11 96777323 0.7857
11 96781219 0.7857
11 96787019 1.60908369176909
11 96792180 0.318093284909502
11 96795345 2
11 96796479 1.3145
11 96796500 2
11 96800124 1.51864709175835
11 96801141 0.0078
11 96803432 2
11 96803608 0.626350969282545
11 96805529 1.26822252215144
11 96807866 0.010814223019641
11 96808177 2
11 96808489 0.0331959193032934
11 96811445 2
11 96816403 2
11 96823139 2
11 96824103 2
11 96839900 2
11 96841265 2
11 96855203 0.828813730088371
11 96868128 0.962830402678545
11 96912946 0.173602200529696
11 96915019 0.967073833010186
11 96936886 0.947
11 96942229 2
11 96944801 2.4029
11 96951055 2
11 96958058 0.8077
11 96963808 1.05679272885527
11 96974102 0.947
11 97012460 1.56881930475361
11 97021508 0.0078
11 97027252 2
11 97027778 0.2235
11 97028417 0.754637846515337
11 97031902 3.1169
11 97036059 0.5943
11 97042863 0.5943
11 97044242 0.0015
11 97076143 0.1626
11 97094282 0.0631
11 97094323 0.0432
11 97096241 1.8969
11 97106255 0.113537294357552
11 97111842 0.0979840082632616
11 97116154 2
11 97138206 2
11 97151551 2
11 97168583 2
11 97168736 2
11 97178791 0.313804607521672
11 97182365 2.10070238001156
11 97194271 1.29384869034834
11 97214025 2
11 97230902 0.8886
11 97234850 2
11 97238930 1.5194
11 97244714 2
11 97247137 1.5357
11 97253297 1.5275
11 97254019 1.5194
11 97275192 1.0894
11 97290720 2
11 97305479 0.10477975145495
11 97316412 0.0162
11 97359071 1.24670397130481
11 97375280 0.678270435305671
11 97375880 0
11 97384787 2
11 97438680 0.5375
11 97440444 0.5375
11 97443252 0.5375
11 97443496 1.2559
11 97444342 0.5375
11 97449191 2
11 97493180 2
11 97516672 2
11 97528748 0.2884
11 97532871 2
11 97538226 1.03423255561706
11 97545158 1.6404
11 97567851 0
11 97578480 2.7153
11 97592754 0
11 97594963 1.2395
11 97617903 4e-04
11 97618042 2.2369
11 97625366 2
11 97627390 2
11 97632513 1.95187339561707
11 97638964 0.9515
11 97641398 2
11 97643697 2
11 97650315 2
11 97686786 0.8919
11 97691707 0.0107
11 97713580 2
11 97725519 0.0107
11 97729334 0.3636
11 97730511 0.0994
11 97747542 2
11 97750056 2
11 97758187 2
11 97765668 0.0802
11 97767674 2
11 97768849 2
11 97783854 2
11 97784274 2
11 97800014 2
11 97807818 2
11 97816676 0.239003931014825
11 97817223 0.879789147590665
11 97823537 2.2664
11 97825974 0.510351385337434
11 97829320 0.00791543631327331
11 97839350 0.399
11 97841190 1.6022
11 97866007 0.113801050449556
11 97868117 0.0108
11 97882119 0.6556
11 97885157 0.6726
11 97889149 6e-04
11 97889782 0.350419059303892
11 97892481 2
11 97895812 0.714830349897798
11 97903634 0.143045822270835
11 97904787 0.6299
11 97913209 2
11 97923616 1.37419392208032
11 97924432 2
11 97927821 2
11 97933083 2
11 97951157 0.5441
11 97951898 5e-04
11 97960811 2
11 97972431 1e-04
11 97975939 0.77024519797652
11 97976042 0.341816750495782
11 97978676 2
11 97989563 0.400483066137836
11 97990358 0.763789636747999
11 97991231 1.29977718010752
11 98004660 0.60746660165677
11 98018843 1.29403593970259
11 98018900 1.66355913807489
11 98019214 2.36180770741261
11 98021552 0.753092975508263
11 98026001 2
11 98034854 2
11 98042902 2
11 98045747 2
11 98062736 0.1243
11 98068083 0.2183
11 98069267 0.2183
11 98069442 0.0994
11 98078616 0.1243
11 98083404 0.0386
11 98090659 0.80570133456728
11 98100104 0.215333828992796
11 98100841 0
11 98101033 0.5465
11 98101761 2.85810962371642
11 98105711 0.6285
11 98124822 0.464810078905619
11 98130104 0.886127969997107
11 98131560 1.788434934706
11 98144102 1.5552
11 98165463 0.156339128749458
11 98189591 1.5199
11 98199556 2.0738
11 98204866 0.640981420432427
11 98208040 0.638022545792246
11 98208511 0.571848470567777
11 98209276 1.32177240839898
11 98212091 0.393450139717912
11 98214162 0.615169112203513
11 98214239 0.184101931422147
11 98218969 0.917941844413621
11 98232515 0.0399300984182778
11 98243451 0.6285
11 98278234 1.176
11 98278887 0.1472
11 98285990 0.217473482203912
11 98286696 1.16186113360771
11 98287647 0.688795865341325
11 98297847 2.37369476204089
11 98305137 0.389819524465808
11 98313532 0
11 98320451 0.698704706463752
11 98320971 0.228533111380154
11 98327849 1.50615715469826
11 98330188 0.26871923008229
11 98331019 0.908055420587588
11 98345000 0.555880565246994
11 98346685 0.753107824080438
11 98356244 1.0498
11 98370302 1.4407
11 98379059 1.4333
11 98382263 0.599238030441553
11 98384240 0.0888
11 98387108 0.0273
11 98388286 0.0787079837776177
11 98392284 2.3674
11 98407599 0.696450965140671
11 98411582 0.8689
11 98416355 0.0053
11 98419227 0.0347
11 98426713 5e-04
11 98435589 1.83843332003587
11 98438142 2.12891481327382
11 98439906 0.839098625998636
11 98441350 0.947013029151908
11 98471794 0.2225
11 98475922 5e-04
11 98500885 0.228361085447359
11 98501774 0.798236552412942
11 98507937 1.21607337102956
11 98508761 0.593985663967128
11 98510719 0.363680001659689
11 98510809 0.22727111771126
11 98530942 2.0683
11 98538130 1.95500743514559
11 98551339 0.0134
11 98587391 2
11 98591866 2
11 98599315 1.7901
11 98604438 1.208
11 98613501 2
11 98618573 2
11 98626233 2
11 98626837 2
11 98634183 2
11 98642686 2
11 98642765 2
11 98648493 2
11 98653483 0
11 98662580 2
11 98674589 2
11 98677986 2
11 98678810 2
11 98678982 2
11 98704893 2e-04
11 98704897 0.390751573432144
11 98705257 1.6566
11 98709558 2
11 98744430 2.02702641061473
11 98748573 0.0933
11 98751698 2
11 98756945 8e-04
11 98787419 2
11 98806528 0.0053
11 98820067 0.0162
11 98828773 1.0114
11 98832812 2
11 98833961 2
11 98834858 0.378163267813213
11 98848286 1.48077268600818
11 98852164 0.509141520366347
11 98854642 0.022
11 98858191 2.4514
11 98859006 0.022
11 98859074 5e-04
11 98862644 1.12736722473155
11 98867142 2
11 98871201 0.296166362132015
11 98872686 0.14
11 98875557 0.999110416730966
11 98875884 0.681206564878012
11 98876807 0.707330222924486
11 98883187 1.07314069623697
11 98895620 2
11 98897586 2
11 98898511 2
11 98898612 0.0342
11 98899278 0.0342
11 98900661 2
11 98903372 2
11 98913765 0.3636
11 98918623 0.337467852537401
11 98919290 0.1916
11 98925237 0.748100006710316
11 98930481 0.0342
11 98940429 2
11 98950513 2
11 98979612 2
11 98993900 2.6476
11 99014503 0.7516
11 99019994 2
11 99038735 0.776
11 99039246 0.776
11 99050711 1.1662
11 99059951 2
11 99064930 2
11 99065109 2
11 99067424 2
11 99068160 2
11 99075359 2
11 99084929 2
11 99099440 2
11 99101298 2
11 99107750 2
11 99122202 2
11 99126095 2
11 99130143 0.1538
11 99131239 0.1538
11 99136696 0.2434
11 99138548 0.1538
11 99139932 0.0786
11 99139937 0.4183
11 99140899 0.1679
11 99141920 0.1538
11 99142437 0.1538
11 99163868 0.304
11 99167703 0.4307
11 99172676 0.7587
11 99176768 1.0407
11 99183673 0.0726
11 99185198 0.0726
11 99191756 2
11 99193194 0.4303
11 99201453 2
11 99202285 2
11 99212591 0.4637
11 99213484 0.7846
11 99215926 1.07690667695958
11 99216345 2
11 99216353 2
11 99220956 0.211752420930604
11 99229368 0.0726
11 99240726 1.5681
11 99267922 0.0368
11 99282266 2
11 99291395 1.8699
11 99308847 0.369181996987851
11 99313881 0.6355
11 99315027 2
11 99315244 0.5332
11 99328957 1.15527029275497
11 99350516 0.4988
11 99358316 0.445768615111917
11 99379876 2
11 99390798 2.09836438936765
11 99403151 2
11 99403167 2
11 99403959 2
11 99404120 2
11 99406201 2
11 99406838 2
11 99408573 2
11 99411184 0.0263
11 99420331 2
11 99427856 0.9049
11 99432831 2.12632614530645
11 99445288 2
11 99450127 0.7247
11 99450805 0.5521
11 99451982 2
11 99452618 2
11 99452985 0.990712717205173
11 99453052 2
11 99453497 2
11 99471824 2
11 99476993 0.1124
11 99480020 2
11 99488361 0.763156733030222
11 99490216 2
11 99492933 2
11 99508319 0.478
11 99523659 0.757935272163075
11 99523709 0
11 99532153 1.3587
11 99536239 0.0957
11 99539476 0.345810474661612
11 99543823 0.1278
11 99547889 0.49074740206282
11 99554669 0.132961657491158
11 99557602 1.57141953695275
11 99576720 0.567670785919528
11 99577476 1.00366345292663
11 99577491 1.7931
11 99583152 0.284527369843322
11 99584330 0.317231239486292
11 99593247 0.1507
11 99598371 1e-04
11 99612187 2
11 99612634 2
11 99618283 0.0888
11 99623587 0.1626
11 99625503 2
11 99632178 2
11 99636372 2
11 99642477 2
11 99642846 2
11 99644748 2
11 99649777 2
11 99654894 2
11 99655111 2
11 99658682 1.02019791489429
11 99683308 2
11 99684736 2
11 99692425 0.623364704823769
11 99698127 2
11 99714036 1.4194
11 99716293 0.2977
11 99738124 2
11 99738540 2
11 99745728 0.1191
11 99748762 0.827543025944841
11 99762634 2
11 99778313 2
11 99780102 2
11 99785566 0.696511193061124
11 99793228 2
11 99800164 2
11 99801086 2
11 99806996 2
11 99813266 2
11 99818417 2
11 99832702 1.1713851257998
11 99833759 2
11 99841897 4e-04
11 99850103 0.201424375943152
11 99858094 2
11 99859956 0.532226265986773
11 99868391 0.0394852424012342
11 99877611 1.41963404840573
11 99879406 1.85860192387515
11 99905779 0.0425
11 99908906 0.0053
11 99909394 2
11 99917248 0.0504
11 99929527 1.1219
11 99934904 0
11 99934912 0
11 99935479 0.531220364112703
11 99942332 2
11 99943385 2
11 99946291 2
11 99956006 1.455
11 99960926 0.6891
11 99961137 1.9629
11 99964893 5e-04
11 99965387 0.9295
11 99969509 1.2126
11 99973467 2
11 99974569 1.12560634611255
11 99975905 0.6099
11 99983132 1.1979
11 99991328 0.311799674948962
11 99994158 1.58907810405968
11 99999072 0.0073
11 100004740 0.027084138942781
11 100006414 0.660013263342177
11 100006974 0.953964596949979
11 100019266 2
11 100030186 2
11 100031877 1.2329
11 100032877 0.204712758802029
11 100035216 0.2195
11 100037793 2
11 100039365 0.2195
11 100045667 1.98062726276796
11 100052693 2
11 100081990 2
11 100082191 2.0528
11 100083407 0.2355
11 100090471 0.4887
11 100091467 0.0232958863693206
11 100093102 0.2355
11 100104561 0.4211
11 100128743 0.3977
11 100143807 2
11 100144735 2
11 100149893 2
11 100154345 2
11 100171198 2
11 100177802 0.111
11 100204295 1e-04
11 100210040 2
11 100210551 2
11 100241395 0.475739880739312
11 100247684 2
11 100248127 2
11 100256922 0.2669
11 100272102 2
11 100275096 0.1554
11 100284915 0.0762
11 100290140 2
11 100293334 0.0823
11 100294599 2
11 100307516 1.1969
11 100312925 2
11 100314984 2
11 100317050 2
11 100333965 2
11 100336768 2
11 100345969 0.285150036300851
11 100346891 2
11 100354129 1.4636
11 100363090 2
11 100365208 2
11 100365373 0.149880733846745
11 100376228 2
11 100379126 3.0378
11 100390601 2
11 100408648 0.679
11 100408855 2
11 100410129 2
11 100412490 2.799
11 100420497 2.3325
11 100447443 2
11 100451851 1.1729
11 100466637 2
11 100468244 1.2664
11 100484172 2
11 100488500 2
11 100517568 0.7691
11 100520497 2
11 100532986 1.242
11 100544499 0.62174441825341
11 100548213 2.2407
11 100548395 1.19948754826916
11 100550600 2
11 100558212 2
11 100558238 1.3238
11 100558991 0
11 100559103 2
11 100561714 2
11 100572934 1.3238
11 100574259 1.3238
11 100576727 2
11 100595254 2
11 100598004 2
11 100600735 1.2699
11 100602458 1.2699
11 100616408 0.575556663565682
11 100628608 0.1997
11 100632623 1.3708
11 100635218 0.2319
11 100643966 2
11 100648898 0.2864
11 100651850 2
11 100655310 2
11 100662716 0.1835
11 100676182 2
11 100710589 1.58373894499274
11 100725605 0.362
11 100731444 0.4376
11 100751266 5e-04
11 100779460 2e-04
11 100779505 0.037377317985295
11 100781679 2
11 100787086 2
11 100793486 2
11 100795510 2
11 100813578 2
11 100823706 1.8188
11 100837392 2
11 100837685 2
11 100842065 0.1547
11 100845730 0.1547
11 100847906 2
11 100864067 0.2148
11 100866135 1.348
11 100877772 0.2352
11 100891605 0.564184113934201
11 100892577 0.5705
11 100893119 5e-04
11 100894438 0.7426
11 100903024 2
11 100906559 0.5705
11 100920271 0.2441
11 100931202 2
11 100932536 0.798040974415016
11 100936019 2.56683176650714
11 100937926 2
11 100940198 0.1647
11 100941327 0.1647
11 100945380 0.1647
11 100946955 0.1647
11 100947005 0.1647
11 100947894 0.2002
11 100948367 1.45538550675987
11 100950584 0.1647
11 100951584 0.5825
11 100951812 0.1647
11 100952523 0.1647
11 100954485 0.1647
11 100957918 0.1647
11 100958128 0.189030274383769
11 100960086 0.469984528122323
11 100965478 2
11 100978942 1.55621686362514
11 100980780 1.12338710541044
11 100983222 0.1715
11 100991189 2
11 100993022 2
11 101004373 0.574837068630713
11 101007245 1.3206465987402
11 101008176 0.868397067819204
11 101027177 0.206606049527153
11 101045163 1.5925
11 101051210 0.655158157754966
11 101052208 0.898908966788996
11 101053302 0.192907821445464
11 101067562 0.818403401557129
11 101067713 0.4363
11 101069251 0.4363
11 101085489 0.4363
11 101096841 0.247487539395695
11 101097799 0.0723161348795765
11 101101209 0.211624812467322
11 101105243 1.26277324483594
11 101107945 0.50006645602445
11 101109491 0.4855
11 101158338 0.900980678744735
11 101164245 0.00972175333608442
11 101167131 0.131736605580164
11 101182528 2
11 101186715 0.685740651597526
11 101203825 2
11 101205483 0.513661526880895
11 101206209 0.7251
11 101216797 1.934
11 101218597 0.159024233779546
11 101222813 2
11 101238662 0.0464565183313337
11 101238713 0.0162
11 101241923 2
11 101260634 5e-04
11 101272541 0.8826
11 101282485 2
11 101303790 2
11 101306320 2
11 101313376 1.3917
11 101326674 2
11 101364200 2
11 101374864 2
11 101377122 2
11 101377824 2
11 101377832 2
11 101378270 2
11 101380402 2
11 101385456 2
11 101386063 1e-04
11 101387164 2
11 101387512 2
11 101401141 2
11 101406736 2
11 101406879 2
11 101412445 2
11 101417686 2.4514
11 101442884 2
11 101496079 2
11 101498446 0.139
11 101499292 0.139
11 101499606 5e-04
11 101510186 0.106
11 101512129 1.5791
11 101515680 0.106
11 101515965 0.106
11 101526366 0.937250588843577
11 101530041 2
11 101530722 1.72878076271751
11 101531348 0.3023
11 101540880 2
11 101548339 0.522663077713627
11 101549017 2
11 101556000 2
11 101558218 2
11 101558226 1.10513156756828
11 101565990 0.89687690535624
11 101567255 0.69956132385514
11 101574342 0.7308
11 101592037 0.7308
11 101599181 2
11 101613214 0.7308
11 101616437 0.0194009686159098
11 101619397 2
11 101624169 1.83172437211057
11 101629059 2
11 101640148 0.167711732477061
11 101643594 0.336406774168225
11 101644208 0.7308
11 101649000 0.811142566734192
11 101660040 0.7499
11 101669746 0.176713094703674
11 101687344 0.26475373771807
11 101721938 2
11 101727030 0.6952
11 101729829 0.6626
11 101747137 0.0335400462838064
11 101751110 2
11 101752135 1.6005
11 101753401 2
11 101761202 2
11 101765698 1.6087
11 101774962 2
11 101778464 0.760300959749939
11 101797335 2
11 101807320 0.379018439995046
11 101807839 2
11 101807870 0.227461661618945
11 101835344 0.370076226053356
11 101841981 1.50172760056597
11 101844097 0.3939
11 101851237 0.447962506032909
11 101855806 0.527032146719881
11 101858131 2
11 101860808 0.370208038522347
11 101872751 0.552336570400648
11 101929927 0.1782
11 101972283 2
11 101976619 2
11 102003184 2
11 102004020 0.7544
11 102014136 0.0078
11 102023740 0.9995
11 102051202 2
11 102085485 1.524
11 102091327 2
11 102091468 2
11 102098046 2
11 102103094 2
11 102103377 2
11 102117849 0.4129
11 102123167 2
11 102125463 2
11 102127472 2
11 102132182 2
11 102146418 2
11 102157164 2
11 102162987 5e-04
11 102172669 2
11 102176741 0.579433013697211
11 102187494 0
11 102195509 2
11 102216483 5e-04
11 102221635 2
11 102224675 2
11 102249153 2
11 102260672 1.5420135733201
11 102263369 2
11 102268172 2
11 102274998 2
11 102329550 1.98530191872882
11 102340695 1.10405777499165
11 102352094 1.1662
11 102399957 1.4563
11 102408144 2.4519
11 102418070 5e-04
11 102464719 2
11 102478825 0.494908291250939
11 102480974 0.683338313849637
11 102480978 2
11 102488746 2
11 102494891 2
11 102499642 1.9152
11 102502666 2
11 102534227 1.3671
11 102547701 1.5431
11 102551820 0.1072
11 102553159 0.61
11 102558812 0.7373
11 102578628 1.13843286988774
11 102579432 1.3966
11 102584633 2
11 102589867 1.88825940528729
11 102597017 2.22757116706041
11 102598631 1.32118663358284
11 102607689 2
11 102610052 2
11 102616062 2
11 102624013 0.543146084777873
11 102625014 1.03551074642242
11 102625267 0.575301173971158
11 102628609 2.19054640258984
11 102630480 1.9345
11 102641355 2
11 102644397 2
11 102646013 2
11 102649235 0.9441
11 102651776 0.0474862879240258
11 102661991 2
11 102675799 0.853992233501047
11 102690308 2
11 102697733 0.884041314256549
11 102699470 1.1938
11 102704887 2
11 102707151 0.265027762188516
11 102710146 0.914
11 102719470 2.49680459926037
11 102724404 2
11 102727079 2
11 102729848 2
11 102729975 0.570409619686498
11 102730955 5e-04
11 102731048 3e-04
11 102731283 0.741051034508898
11 102735775 0.177277841155673
11 102770651 0.6322
11 102778812 0.875917497286208
11 102816969 0.464594581288303
11 102817497 0.559210718886008
11 102819588 0.651131435161461
11 102820431 2
11 102821841 0.212375662141472
11 102823079 0.130717659730966
11 102831532 2
11 102832547 0.439866299533993
11 102833340 2
11 102843103 2
11 102845216 2
11 102851128 0.131240290215189
11 102853773 2
11 102866461 1.07502178140987
11 102872426 0.339733705443619
11 102890812 1.3275
11 102894978 2
11 102924877 0.4569
11 102931993 0.104
11 102949926 2
11 102957055 0.509
11 102961635 2
11 102969537 0.469290120148842
11 102981196 1.41920048983816
11 103002999 2
11 103007017 0.131707506049877
11 103008281 2.13436965495037
11 103017035 2
11 103021969 2
11 103029338 2
11 103030273 2
11 103136512 1.84388968589186
11 103167452 2.5383
11 103170468 0.2098
11 103178909 0.1162
11 103187397 0.3258
11 103205815 0.1235
11 103213294 0.1235
11 103217205 0
11 103217685 0.1509
11 103219343 0.1162
11 103220258 2
11 103239990 1.1832
11 103244149 1.0207
11 103313678 0.666915062506828
11 103322260 0.956543599854919
11 103335582 0.8579
11 103341894 0.8851
11 103342129 0.573271782262115
11 103348389 0.346730454903357
11 103349669 1.17705423619084
11 103350898 0.939410130467406
11 103355342 0.938746315757264
11 103365364 0.320508673932039
11 103366153 1.56861925568824
11 103367593 0.981645178945585
11 103379722 2.25518050035554
11 103383944 2.07835449686481
11 103385305 0.0796925957895022
11 103389468 1.26257454002038
11 103390754 0.619169444203736
11 103421028 1.24943778511746
11 103426401 1.76092689760642
11 103428155 0.259356704333034
11 103432671 0.223719976917576
11 103437920 0.654323091356192
11 103439510 1.06613423169271
11 103444078 1.08974558000729
11 103446555 0.29082918036452
11 103448147 0.31928333396446
11 103490212 0.346981891979015
11 103490441 1.3932
11 103492851 0.277630432607117
11 103496524 0
11 103500326 0.410229137578947
11 103510331 1.66252050393971
11 103510420 1.3712
11 103512089 1.40492667854223
11 103512494 1.3712
11 103514470 0.746326035080875
11 103516524 0.057824166141305
11 103518077 0.00735546004540992
11 103518654 0
11 103533134 0.0778845656468814
11 103539340 0.372883890023074
11 103569528 0.188510297067389
11 103572281 0.58513152094436
11 103573326 0.0618866260221585
11 103594249 1.3156
11 103603437 1.2748
11 103619374 5e-04
11 103619395 2.8229
11 103625694 2
11 103628226 2
11 103629108 0
11 103642253 2
11 103658922 2.4514
11 103660526 2
11 103660811 2
11 103661127 2
11 103661782 2
11 103667572 2
11 103668678 0.672947130815965
11 103671936 0.2249
11 103675033 0.2715
11 103676552 0.8902
11 103682757 2
11 103708252 2
11 103715240 2
11 103717443 0.0078
11 103718079 2
11 103738000 2
11 103744671 1.2214
11 103752268 2
11 103756425 2.4988
11 103761007 1.7065
11 103771241 2
11 103794736 0
11 103805332 0.0897
11 103812306 1.1525
11 103818449 2
11 103819973 2
11 103821701 2
11 103824208 2
11 103841535 0.7627
11 103844753 2
11 103850392 1.7467
11 103869181 2
11 103877371 1.2852
11 103881777 0.0095
11 103890831 2
11 103894157 2
11 103895493 2.3674
11 103896669 2
11 103907426 0.2437
11 103911653 0.2437
11 103911967 3.2185
11 103913176 3.2185
11 103913724 0.3669
11 103914571 0.3669
11 103916864 0.3669
11 103922306 0.2862
11 103930551 3.2185
11 103938348 0.0072
11 103949789 2
11 103955155 1.3665
11 103956511 2
11 103979372 1.06267422882881
11 103984853 0.8593
11 104000311 1.0207
11 104000581 0.8956
11 104006672 0.5599
11 104028381 2
11 104032052 0.4275
11 104055882 2
11 104060822 2
11 104066370 2
11 104073697 2
11 104079237 2
11 104084946 2
11 104090378 0.9917
11 104096363 1.1882
11 104110008 0.446727535322997
11 104115318 2
11 104118814 2e-04
11 104118816 1e-04
11 104120913 2
11 104127452 0.2937
11 104129824 1.4235
11 104135148 5e-04
11 104135323 2
11 104136209 2
11 104150026 0.5761
11 104150120 0.342
11 104155596 0.5426
11 104155909 0.5426
11 104161749 0.0293
11 104166260 0.5761
11 104168261 0.332
11 104189080 0.1848
11 104201504 2
11 104221173 0.2373
11 104255232 2
11 104257422 1.2291
11 104260255 0
11 104260321 2
11 104264414 2
11 104265695 1.2291
11 104270017 1.1906
11 104276974 1.2728
11 104281452 1.176
11 104295826 0
11 104296292 0.5066
11 104302301 2
11 104322573 2
11 104329373 0.2723
11 104345083 0.356557517088229
11 104351949 0.232542335810587
11 104367218 0.0876
11 104369597 0.0876
11 104373145 0.98792552181487
11 104378652 1.0789
11 104384877 1.0789
11 104399747 0.5283
11 104410002 5e-04
11 104422333 1.0789
11 104423357 0.8553
11 104425351 1.0789
11 104441809 5e-04
11 104441811 5e-04
11 104441938 0.8194
11 104455075 0.8935
11 104466145 0
11 104467612 0.728630170732333
11 104467752 0.7973
11 104467924 0.188187863646276
11 104472838 0.352353316936533
11 104474374 1.129392785857
11 104474722 0.7973
11 104477613 0.5281
11 104477947 0.981445116865611
11 104481147 0.7973
11 104524110 1.57910303713396
11 104543044 0.5281
11 104546646 0.8396
11 104549901 1.1343
11 104564062 0.8396
11 104574211 2.1063
11 104586566 2
11 104587176 2
11 104614246 2
11 104623820 0.5281
11 104628386 0.5281
11 104653880 0.5281
11 104664574 0.5281
11 104675512 1.5647
11 104683975 2
11 104698323 2
11 104700722 2
11 104708668 0.359806675021972
11 104714514 2
11 104718909 2.8855
11 104721392 0
11 104741825 2
11 104746877 2
11 104748140 2
11 104749581 2
11 104752460 2
11 104755377 2
11 104755481 2
11 104769815 2
11 104773607 2
11 104779833 0.0015
11 104783643 2
11 104786599 2
11 104786749 2
11 104791409 1e-04
11 104791567 2
11 104810963 2
11 104816978 2
11 104821521 2
11 104822958 2
11 104828777 2
11 104832425 0.824537581547755
11 104848683 0.0053
11 104848998 2
11 104863306 0
11 104893708 0
11 104901345 1.02146994567706
11 104905581 0.717710020934177
11 104906584 0.5281
11 104909832 1.17339676806188
11 104911241 1.62872295423483
11 104919699 0.840603458969698
11 104920815 2.3099526759487
11 104923488 0.294997174540089
11 104924215 0.435424062153221
11 104929862 0.119430087267827
11 104933341 0.628882323079364
11 104955877 2
11 104958833 1.1209
11 104978693 2
11 104992822 2
11 104995319 2
11 105007076 2
11 105017365 2
11 105020020 0.0078
11 105026117 2
11 105029090 0.947
11 105032211 2
11 105056293 0.0053
11 105059346 2
11 105061799 2
11 105073500 0.617229718232466
11 105077823 1e-04
11 105088263 2
11 105108942 2
11 105120913 2
11 105133145 2
11 105151144 2
11 105161856 2
11 105205054 0.486942282043857
11 105205655 2.21548218688279
11 105212329 0.884159230876073
11 105218097 1.09898346332062
11 105219081 1.80194971307705
11 105240767 0.0295179623595988
11 105259990 1.14463085024091
11 105267242 0.0570989859879295
11 105274223 0.642284980952472
11 105276430 1.32312215611496
11 105280646 0.2548
11 105282982 0.934343169669102
11 105284869 0.707644856382866
11 105287603 0.354688813729869
11 105297118 0.187212932163456
11 105312538 0.238716774511044
11 105341169 0.768970265960584
11 105346223 1.825
11 105352607 0.205625258069469
11 105355544 1.69822779951426
11 105359531 0.240356938545562
11 105383333 0.561395049673837
11 105395905 0.358509044916884
11 105397191 0.2703
11 105417538 0.276093202235707
11 105422518 0.2703
11 105434430 0.0841632834963455
11 105468361 1.29278526667409
11 105478659 0.570996200272568
11 105481974 2.705062420961
11 105495517 0.479639362090734
11 105521352 0.198980131361046
11 105521665 0.429129110228279
11 105527425 0
11 105551399 0.0892815719896764
11 105556984 1.551
11 105558802 1.551
11 105567239 0.265885651542009
11 105571311 1.3195
11 105578892 2.22648955385346
11 105581082 1.3084
11 105599914 0
11 105606387 0.743666064888593
11 105642535 2
11 105645467 2
11 105647198 2
11 105656410 2
11 105660916 2
11 105699713 2
11 105708182 2
11 105754230 2
11 105772058 2
11 105774922 2
11 105778472 2
11 105798000 2
11 105805973 2
11 105894461 1.3421
11 105909399 1.3238781798654
11 105940826 2
11 105950550 2
11 105951570 1.3972
11 105957785 2
11 105964801 0.4613
11 105970066 2
11 105971356 0.5705
11 105983884 1.3908
11 105990355 2
11 105994705 0.4613
11 106007654 0.5982
11 106008117 2
11 106038042 0.0292461292663903
11 106041624 0.0389
11 106046960 0.0389
11 106051763 0.518596369573267
11 106077204 1.72006852663463
11 106082022 0.4861
11 106118838 0.161841014231459
11 106122096 0.155823670163672
11 106144331 0.131
11 106169935 0.145
11 106171155 0.0719
11 106174609 0.145
11 106183464 0.145
11 106188190 0.145
11 106231338 0.145
11 106265414 0.145
11 106283269 0.1522
11 106304729 2
11 106319775 0.0807
11 106337327 5e-04
11 106339604 5e-04
11 106341749 0.1741
11 106344625 0.1741
11 106387621 0.8713
11 106392821 2
11 106392999 0.263198313436776
11 106394230 2
11 106419717 0.437162293789062
11 106420569 0.0541572896388772
11 106421611 0.0886093962874841
11 106437195 1.5817
11 106440844 2
11 106442115 0.815542513124221
11 106451113 2
11 106456000 0.604980850095247
11 106461125 0.199749491622872
11 106504218 0.5072
11 106505075 0.5888
11 106527935 0.817
11 106536254 0.713926258557323
11 106548494 1.3814
11 106553427 0.5352
11 106595962 0.7857
11 106631245 0.3368
11 106634028 0.3368
11 106638165 0.6617
11 106638272 0.656
11 106638500 0.499583483877228
11 106670516 0.8331
11 106689767 0.8787
11 106698591 0.8787
11 106709278 8e-04
11 106715620 2
11 106725760 1.0201
11 106730517 2.7095
11 106733708 2
11 106757250 2
11 106781868 2
11 106794783 1.72176337358374
11 106862393 2
11 106866498 0.8187
11 106869681 0.429046986017468
11 106905127 2
11 106934972 0.619
11 106959073 0.0621
11 106974534 0.169556657224005
11 106974635 0.0742
11 106997627 5e-04
11 106998920 0.324
11 107000016 2
11 107018795 2
11 107027297 2
11 107033061 0.44704519847294
11 107034124 2
11 107035858 1.22611745439189
11 107055121 2
11 107093035 0.8065
11 107120630 2
11 107135900 0.580105346099414
11 107162660 0.2662
11 107164244 0.938600188744172
11 107168198 0.2362
11 107175421 0.251
11 107188572 0.250426604081238
11 107189379 2
11 107201768 2.9884
11 107218312 1.7366
11 107224475 1.92441393257653
11 107232734 0.767422240462743
11 107239954 0.0590757812007969
11 107246965 0.7114
11 107251903 0.393778271594946
11 107252102 0.354866223010703
11 107267744 1.02606884219581
11 107268341 0.687306747765927
11 107269351 0.3711
11 107273019 1.55877621130013
11 107276641 1.51220947348649
11 107283025 0.0245508272453846
11 107283033 0.0078
11 107290335 0.517263006796259
11 107291042 0.685640862289211
11 107302373 1.19599439703997
11 107302994 0.7114
11 107310504 5e-04
11 107317378 0.635
11 107318938 0.635
11 107321725 1.1895
11 107322162 0.264374542082796
11 107325501 0.635
11 107327884 0.6531
11 107339286 0.7114
11 107339765 0.6578
11 107345678 0.7114
11 107355144 0.7114
11 107382923 2.31454738246022
11 107394667 0.219821895282938
11 107397809 0.336044994358031
11 107402808 0.937340982119785
11 107415098 1.12362418230975
11 107438326 1.8782
11 107442802 2
11 107442819 0.390033426892095
11 107451226 1.1888446816691
11 107453550 0.627503638658589
11 107455939 0.306743056051146
11 107460632 0.4175
11 107463127 0.148429762387562
11 107470814 1.40651368238728
11 107481345 1.05920580887468
11 107491967 2
11 107497490 0.0505
11 107500726 0.0505
11 107505527 1.6022
11 107506398 0.0505
11 107532269 1.26528553339372
11 107539590 0.628737966679367
11 107542729 0.403180549307508
11 107546469 1.8474
11 107546943 0.0719582063533296
11 107551708 0.6678
11 107588758 0.0041
11 107590347 1.6034
11 107592152 0.2732
11 107595846 2
11 107600293 2
11 107613519 0.0897
11 107615361 2
11 107615872 2
11 107626240 0.413002003650151
11 107627637 2
11 107655264 1.66555137466888
11 107659667 3e-04
11 107663005 0.988846008483503
11 107667117 0.4063
11 107677470 1.52692706758436
11 107690583 0.4936
11 107705460 0.4968
11 107719493 2
11 107734957 2.6501
11 107736586 2
11 107744914 2
11 107752956 1.4713
11 107753052 1.4713
11 107754940 2
11 107754946 2
11 107757228 0.8488
11 107762836 2
11 107767324 2
11 107790885 0.0078
11 107803494 1.6721
11 107807561 0.0078
11 107825379 0.481424440480623
11 107836233 0.126323341712091
11 107839609 1.13836816692
11 107840966 2
11 107842397 2.3069
11 107844843 0.74191157237923
11 107845885 2.00210816744194
11 107845898 0.121498865451484
11 107861732 2
11 107864240 0.5614
11 107887820 1.6404
11 107894673 2
11 107897031 2
11 107924835 0.008
11 107938268 2
11 107960142 2
11 107960588 2
11 107977485 2
11 107994564 2
11 107996095 2
11 108006061 2
11 108010362 0.353049053757293
11 108027795 1.2798
11 108059036 0.377487824007437
11 108068900 1.3275
11 108069315 1.50999724604949
11 108075728 1.3275
11 108098811 1.2798
11 108103285 1.283
11 108116502 2
11 108120884 2
11 108122773 1.90505415827649
11 108139200 2
11 108142279 1.1195
11 108143935 2
11 108144222 1.85245006818244
11 108145287 2
11 108146820 0.0897001517233589
11 108150499 2
11 108161980 1.4595
11 108183773 2
11 108198227 0.1241
11 108198312 2.2117
11 108201612 0.0078
11 108230765 2
11 108233798 2
11 108236933 2
11 108245755 2.2117
11 108253572 2
11 108261718 2
11 108283370 2
11 108294326 0.474349383172459
11 108325782 2
11 108334154 0.0644040907836515
11 108338051 2.227
11 108338472 2
11 108355298 2
11 108357283 2
11 108357317 2
11 108363212 2
11 108385681 2
11 108404070 2.5175
11 108408734 2e-04
11 108441262 0.0279063084348017
11 108451809 0.417767075723871
11 108464811 2
11 108475450 2
11 108478799 0.0557686760350866
11 108482291 2
11 108492835 2
11 108512949 0.9166
11 108518558 0.4003
11 108520907 0.9166
11 108534108 0.8878
11 108539769 2
11 108546823 0.0219
11 108582464 0.5699
11 108589370 1.6867
11 108593259 1.04003511155355
11 108614654 0.4342
11 108619388 2
11 108622464 0.462
11 108624814 2
11 108625630 2
11 108632977 2
11 108637310 2
11 108638116 0.764354959584683
11 108671617 0.4895
11 108693228 2
11 108718652 0.4895
11 108738220 0.25155864310957
11 108740557 2
11 108747084 0.4895
11 108753078 0.521041695625117
11 108754636 1.25287381702163
11 108763115 0.4668
11 108767061 0.4895
11 108777582 2
11 108780209 2
11 108783943 2
11 108800213 2
11 108806252 0.257323504017573
11 108808619 2
11 108811567 2
11 108827113 2
11 108869049 1.8230129393912
11 108882528 2
11 108888784 2
11 108896811 2
11 108914946 2
11 108936335 2.9884
11 108946434 2
11 108953431 2
11 108964525 0.0053
11 108969296 2
11 108983723 2
11 109001606 2
11 109006902 2
11 109008132 2.03820207359785
11 109008841 0.2965
11 109019300 2
11 109023546 0.8628
11 109024382 2
11 109025779 2
11 109029345 2
11 109030148 2
11 109032488 2
11 109036898 0.7101
11 109045303 0.27444323439488
11 109056756 2
11 109058570 1.4194
11 109077096 2.0678
11 109094661 0.731
11 109101286 0.731
11 109102223 2
11 109111048 0.7222
11 109126917 2
11 109137453 5e-04
11 109186693 2
11 109201682 2
11 109211081 2
11 109241068 2
11 109255807 2
11 109326832 0.1884
11 109346418 1.6243
11 109463455 2
11 109472083 2
11 109486333 0.2185
11 109502134 0.876434776811422
11 109514787 0.213825458447861
11 109518627 0.4327
11 109521154 0.27939449458202
11 109573083 4e-04
11 109637585 0.0622576606969506
11 109683616 2
11 109707953 1.1172
11 109774704 1.75424673047587
11 109780803 1.49426771666231
11 109782827 2.4365
11 109784276 2.562
11 109806262 0.242341116630143
11 109821487 0.64111674946249
11 109855054 0.141775766300396
11 109867481 0.3368
11 109885528 1.22853759541612
11 109899285 2.2028
11 109901536 0.293110408386393
11 109903139 0.217954224162513
11 109904838 0.143853826298385
11 109929082 0
11 109929159 0.0053
11 109959312 2.07902908441817
11 109962578 0.1474
11 109968005 0.779042212434702
11 109990938 0.86014901741661
11 109997873 0.244493141963211
11 110000071 0.31918385586643
11 110004830 1.46840287442094
11 110008808 2
11 110013485 0.203679955935246
11 110017232 0.93453513444078
11 110021015 2
11 110063845 2.27256068629303
11 110074194 1.9603474913542
11 110089697 2
11 110110711 2
11 110110759 2
11 110117923 2
11 110125771 2
11 110127464 2
11 110127690 2
11 110131844 2
11 110141378 2
11 110148627 2
11 110152335 2
11 110161181 2
11 110206819 2
11 110207559 0.483878449515458
11 110216622 2.978
11 110226231 0.807308509942319
11 110234356 0.0411450938174759
11 110238105 0.167545645952445
11 110273298 2
11 110298618 0.243406590065366
11 110300366 2
11 110301823 2
11 110329120 4e-04
11 110333925 0.4367
11 110334596 2
11 110339437 0.4565
11 110346457 0.615673759333273
11 110363896 0.70611210646338
11 110371878 0.0897
11 110384982 0.5379
11 110385235 2
11 110394263 0.5379
11 110397092 2
11 110398880 2
11 110413469 0.5379
11 110439884 0.4625
11 110445405 1.30752595388992
11 110446442 2
11 110454787 0.6137
11 110462908 2
11 110473086 2
11 110475345 2
11 110485187 2
11 110487741 2
11 110489605 2
11 110532354 1.7742
11 110536761 0.3951
11 110540229 0.1745934353823
11 110546644 0.6942
11 110560490 1.87423694674429
11 110574315 0.862227818127383
11 110581705 0.252086928080835
11 110582106 1.52808285552554
11 110582285 1.43170186026014
11 110584969 1.17476143237954
11 110594951 0.235508514615171
11 110625305 0.7271
11 110636217 1.07975917757274
11 110637153 1.70823921249679
11 110637317 0.7271
11 110645959 2
11 110676523 1.4315
11 110684231 2
11 110695550 2
11 110705191 2
11 110713124 2
11 110713253 2
11 110759105 2
11 110796222 1.5846
11 110799721 0.345595497734024
11 110801504 1.8647
11 110812008 1.12671328662375
11 110817324 0.844493310003596
11 110817429 1.24404699865707
11 110819197 0.0241072978933559
11 110825500 2.61658024005786
11 110845650 0.8842
11 110865997 0.9076
11 110870290 2
11 110876108 2
11 110876244 0.9076
11 110885252 2
11 110887954 0.7314
11 110890743 0.0814918025894751
11 110894103 0.0897
11 110902428 0.9558
11 110906472 0.9558
11 110911727 1.10771538985123
11 110915776 0.9558
11 110917971 0.697967711888112
11 110929087 2e-04
11 110932038 2
11 110932945 1.4948200567988
11 110935378 0.9558
11 110940769 2
11 110941071 0.11330786890242
11 110941471 2
11 110943852 1.7469
11 110955113 0.166954707058124
11 110996669 0.802238005619305
11 110999244 1.45280516405718
11 111002853 2
11 111005596 0.589925805264484
11 111009344 1.79240632458473
11 111014417 2
11 111018943 2
11 111019777 1.12148257699372
11 111020049 2
11 111022239 0.2914
11 111028408 0.550821541222001
11 111036265 1.56909318029486
11 111037167 0.358237301292599
11 111058232 0.170332079341506
11 111069126 0.557164188966895
11 111071254 2.09160299404022
11 111094493 1.6697
11 111109358 2
11 111111582 1.0565
11 111124273 1.0565
11 111125495 1.0565
11 111136911 0.8398
11 111141436 0.8398
11 111148358 2
11 111151002 1.5945
11 111166787 2
11 111185434 0.867739006537796
11 111208771 1.3485
11 111216063 0.0387
11 111218254 0.829854741013745
11 111232394 2
11 111232895 2
11 111233411 2
11 111233586 2.1357
11 111234289 2
11 111236312 0.0577
11 111247019 2
11 111248445 1.247
11 111248969 1.2
11 111260542 2.8855
11 111266084 2
11 111293926 2
11 111300019 0.4152
11 111310924 0.6011
11 111314663 0.6161
11 111337403 2
11 111341644 2
11 111349569 0.5032
11 111350665 2
11 111358374 2
11 111358378 2
11 111358428 2
11 111358615 2
11 111358627 2
11 111361203 2
11 111368434 2
11 111386477 0.3679
11 111389151 0.917719496844155
11 111394216 0.232402829746969
11 111398710 1.23142167749499
11 111411694 2
11 111415775 1.3745
11 111416562 0.711727961700955
11 111416623 2
11 111422512 0.235132384552182
11 111424537 2
11 111436375 1.2694
11 111452895 1.48008460922282
11 111465591 0.261496328358452
11 111471141 0
11 111501068 0.518020744637983
11 111527937 0.0162
11 111560889 0.5741
11 111571958 1.012
11 111594426 0.2699
11 111595883 0.2699
11 111597169 0.2699
11 111602436 0
11 111604616 0.525
11 111621495 0.842578291973276
11 111622452 0.514
11 111622487 0
11 111628788 0.4992
11 111656948 0.2584
11 111708385 0.2584
11 111753688 0.1311
11 111763630 0.6626
11 111776360 0.6626
11 111788387 0.3993
11 111789019 2
11 111812418 0.3818
11 111853410 1.59975593979266
11 111859227 0.636307885663751
11 111888049 5e-04
11 111905331 0.3818
11 111910113 0.3818
11 111924361 0.484360705184127
11 112007493 0.8948
11 112018911 0.183162104871576
11 112030856 0.044
11 112058625 1e-04
11 112111323 5e-04
11 112121869 0.5178
11 112140256 5e-04
11 112160901 1.2996
11 112171474 0.2645
11 112174194 0.294770513163136
11 112179603 0.2645
11 112189474 2
11 112197277 2.1804
11 112213338 0.3071
11 112221717 1.0286
11 112225923 0.9711
11 112254969 0.0859
11 112265581 1.049
11 112269139 1.07
11 112271532 1.07
11 112272382 1.07
11 112274132 1.049
11 112297422 1.29381393503122
11 112367295 0
11 112372971 0
11 112394536 2
11 112395406 2
11 112415132 0.6835
11 112433274 0.63169204898819
11 112443422 0.94131836840194
11 112463329 1.47603753295334
11 112463405 0.0897
11 112465817 0.173435501843228
11 112486307 0.4567
11 112489651 0.667147665492688
11 112519872 2
11 112553659 1.03941529921965
11 112557385 0.672996191377861
11 112562877 0.0769513791570439
11 112566284 0.465023558501233
11 112577170 1.65619848650504
11 112578567 0.297968082681779
11 112588228 0.9174
11 112589967 0
11 112595674 2
11 112601666 2
11 112602353 2
11 112602356 2
11 112612422 2
11 112614944 2
11 112619712 0.4887
11 112623735 2
11 112630636 2
11 112641036 2
11 112660873 2
11 112671279 0.5548
11 112674299 2
11 112678599 2
11 112698819 2
11 112700221 2
11 112700693 2
11 112701065 2
11 112722405 2
11 112725170 0.0444
11 112730691 2
11 112730829 1.8085
11 112747229 2
11 112757696 2
11 112769615 2
11 112803828 0.0351723328414179
11 112806238 2
11 112816990 0.51954375776022
11 112818017 0.311016791004896
11 112818893 1.27037584664124
11 112820771 2
11 112822012 2.47244713807118
11 112838430 0.29111713037656
11 112848770 1.1941505854763
11 112855175 0.758241876907529
11 112865874 0.494819597539623
11 112877638 1.36790294977057
11 112899248 1.0933
11 112906963 1.0933
11 112910253 1.0933
11 112917749 0.4367
11 112918207 0.629
11 112923757 2.9793
11 112924656 0.0265
11 112926936 0.5984
11 112937431 0.0263
11 112963087 1.021
11 112972254 0.4285
11 112972416 0.4285
11 112974256 1.0565
11 112976138 0.6658
11 112990712 0.4285
11 112990721 0.4285
11 112992386 1.0565
11 112992857 0.7247
11 113041117 0.4169
11 113051784 0.4592
11 113072500 1.7134
11 113073088 0.1716
11 113081205 1.7134
11 113082156 1.7015
11 113089596 0.0897
11 113109044 1.6898
11 113109356 0.1716
11 113111813 0.3607
11 113118747 0.3607
11 113121199 0.8791
11 113129490 0.542527566472364
11 113145648 2.1796
11 113169072 0.0361
11 113194571 0.225605355782637
11 113206260 0.173595700807758
11 113235806 1.5187
11 113237881 0.703307211135119
11 113237949 2
11 113240058 1.13363131806731
11 113289610 2.07162387422472
11 113309118 0.3035
11 113318515 0.3741
11 113329987 0.89910930822215
11 113337660 1.94274981169473
11 113360969 0.0672
11 113384852 2
11 113385608 2
11 113385786 2
11 113395980 1.52777258401226
11 113398034 2.2653
11 113407725 0.0638
11 113416107 0.587
11 113423784 2.8716
11 113430544 2
11 113438897 1.1724
11 113451074 0.0579
11 113466545 0.052
11 113467122 1.2663
11 113475096 0.0579
11 113475529 0.052
11 113486862 0
11 113492652 2
11 113495717 2
11 113496610 2
11 113501949 0.357720605948569
11 113504125 2.03788958409306
11 113509102 0.165785139520194
11 113514918 0.914679790858367
11 113521416 2
11 113537983 1.1818
11 113560658 1.7789
11 113574005 0.8725
11 113585116 0.1945
11 113607479 0.822
11 113616863 0.666452491262189
11 113627375 0.4117
11 113643214 0.003
11 113650237 2
11 113654937 2
11 113656374 2
11 113668461 2
11 113671272 2
11 113672240 2
11 113698318 0.4073
11 113701477 1.1503
11 113731381 1.3227
11 113734728 1.3227
11 113739132 0.4258
11 113749329 2
11 113769120 2
11 113786110 2
11 113793059 1.1148
11 113805849 2
11 113819095 1.2619
11 113841804 1.1148
11 113847705 0.5825
11 113852249 1.60619005359709
11 113853918 1.3294
11 113892477 1.1841
11 113903224 0.2302
11 113931879 0.6709
11 113936302 1.4615
11 113939222 0.0897
11 113951071 0.869239733680318
11 113984956 4e-04
11 114006075 1.3196
11 114006872 0.1614
11 114008819 0.1614
11 114021986 0.8103
11 114034450 0.4735
11 114048332 0.0502
11 114052065 0.1801
11 114061428 0.565904734154009
11 114061738 2
11 114069747 1.30511026112015
11 114071469 0.5136
11 114079100 0.0233
11 114081741 0.7911
11 114085248 0.7911
11 114086475 2
11 114104724 2
11 114110519 2
11 114113387 1.21066188142748
11 114124852 2
11 114125829 1.2326
11 114132735 1.3023
11 114148339 0.0256
11 114148459 0.0898
11 114167230 0
11 114181182 1.1503
11 114187222 2
11 114192339 2
11 114197759 2
11 114199841 1.0499
11 114215536 2
11 114221431 2
11 114222153 2
11 114229577 2
11 114232293 2
11 114233191 2
11 114234905 0.2441
11 114235624 6e-04
11 114235629 0.7149
11 114264065 1.27786442366086
11 114275480 2
11 114281916 1.23314136815041
11 114290607 0
11 114321741 2
11 114323980 2
11 114324302 2
11 114331242 1.6888
11 114333462 1.6888
11 114341757 0.0862
11 114342358 1.6999
11 114355423 2
11 114433444 0.393
11 114437387 1.2824724566342
11 114445054 1.186944046801
11 114463438 0.863
11 114469303 0.863
11 114476782 0.863
11 114504467 0.246654079208848
11 114516347 5e-04
11 114524953 0.0078
11 114531541 0.584428279502361
11 114552245 0.7791
11 114558144 0.6783
11 114561784 0.420570042029933
11 114570401 0.6964
11 114572851 1.35342303497108
11 114611808 0.1177
11 114615059 2
11 114625293 2
11 114628615 0.0897
11 114633488 2
11 114633809 1.639
11 114635950 2
11 114640171 0.3204
11 114640479 2
11 114644775 2
11 114645259 0.2956
11 114648627 1.13506854096457
11 114668290 2
11 114671338 0.0453
11 114676506 0.8229
11 114696339 0.0014
11 114697280 0.232466631396185
11 114698332 2
11 114699467 1.97106905341201
11 114709889 0.7568
11 114712873 2.64442903684867
11 114725230 1.8085
11 114737034 0.8249
11 114752369 0.935891183297352
11 114758233 2
11 114761112 2
11 114763157 2
11 114769612 2
11 114769832 2
11 114773743 2
11 114782268 2
11 114789310 2
11 114806285 1.68135866190939
11 114806445 5e-04
11 114807662 0
11 114812914 4e-04
11 114814669 1.9484
11 114816514 1.2935
11 114817981 1.2935
11 114822446 1.0351
11 114845065 0.5906
11 114850288 0.0956260577707079
11 114850951 0.0779515722694974
11 114861029 2
11 114867435 2
11 114876076 0
11 114958248 0.7896
11 114960983 0.8125
11 114961316 2.1063
11 114968568 0.329653650247197
11 114968589 0.616710412014047
11 114969321 2
11 114993267 2
11 114995360 2
11 114997620 1.54767968480229
11 115001537 1.1053
11 115002293 2
11 115002433 2
11 115005998 2
11 115026595 2
11 115027883 1.29446707951354
11 115046960 0.0707706646526888
11 115061341 0.0078
11 115061807 0.75779067408068
11 115068302 1.46905078999224
11 115068574 0.652360073739465
11 115128397 2
11 115135614 2
11 115136088 2
11 115148062 0.5993
11 115161163 2
11 115164510 2
11 115166021 2
11 115170198 0.7852
11 115173689 2
11 115261180 0.888915076106058
11 115265053 2
11 115295508 1e-04
11 115308479 0.0053
11 115320252 0.8925
11 115359704 0.2361
11 115364378 2
11 115368151 0
11 115377397 2.3365
11 115380229 0
11 115385740 2
11 115397403 2
11 115399148 0.0078
11 115428709 0.660823800242011
11 115429537 0
11 115450414 2
11 115464725 2
11 115465783 2
11 115475500 2
11 115518737 0.0263
11 115523092 1e-04
11 115528620 1.52161398369593
11 115529090 1.55064470581091
11 115543070 1.075
11 115553158 2
11 115562880 2
11 115573699 2
11 115575473 0.334639436689957
11 115579280 0.0637023799119541
11 115580218 0.324391317560356
11 115603396 2
11 115622089 1.71341626349038
11 115628115 2
11 115647741 0.110682509175777
11 115648446 0.0624
11 115658348 0.0575
11 115658388 0.0624
11 115670153 0.566560757921568
11 115683871 0.1068
11 115694863 0.515626510992087
11 115698908 0.35177385465807
11 115700990 0.44725550061751
11 115701447 0.386101110499804
11 115702260 0.332332274448766
11 115703125 1.37516277925008
11 115725086 1.1043
11 115725103 1.1043
11 115726754 1.3
11 115736639 1.1043
11 115807262 2
11 115865202 0.430736413123731
11 115868203 0.346
11 115872136 2.0026
11 115872769 0.162383796576885
11 115889960 0.2912
11 115898869 1.7063
11 115901090 0.813
11 115911747 2
11 115925019 2
11 115939164 2
11 115997264 1.8116
11 116000121 1.8699
11 116032906 2
11 116045722 1.79272381129771
11 116057018 1.22801816339778
11 116064991 0
11 116067434 2.46349232371752
11 116072535 0.1377
11 116097836 1.0037
11 116103853 1.4564
11 116115392 1.11700377160196
11 116126040 2
11 116130844 2
11 116143304 2
11 116162773 2
11 116163050 2
11 116168485 2.2734
11 116193175 0.7837
11 116193335 2
11 116194586 0.462244061803517
11 116206918 2
11 116217206 2
11 116223754 1.14059253088071
11 116230438 2
11 116252108 0.2308
11 116265001 2
11 116267648 2
11 116277387 1.594
11 116280036 0.9069
11 116309520 0.6445
11 116309795 0.6445
11 116311044 0.1316
11 116311425 0.1316
11 116311514 0.1316
11 116311559 0.1316
11 116314135 2.22062529329597
11 116315656 1.51672018299701
11 116318825 1.4002786271027
11 116322280 0.000480746262791237
11 116334970 0.5532
11 116339495 0.600415891367329
11 116342343 0.9889
11 116345236 0.85759141045859
11 116347308 0.216842192224245
11 116356970 0.7369
11 116361123 0.5456
11 116366058 0.4191
11 116374403 0.0088
11 116391325 2
11 116410458 1.4183
11 116417469 2
11 116421570 1.4351
11 116425917 2
11 116439398 2
11 116445026 2
11 116487238 0.20642346379907
11 116491942 2
11 116494634 0.452804174498155
11 116500600 0.365277311477662
11 116522203 1.40764241653117
11 116538716 0.955056549328249
11 116546464 2
11 116558846 2
11 116587334 2
11 116595128 2.2337
11 116603838 0.596533826236271
11 116604036 0.5622
11 116614024 0.0265956698244485
11 116614602 1.45894774293692
11 116614882 0.9839
11 116631201 2.28263645750918
11 116652346 1.86476431483412
11 116656565 0.0323787886372647
11 116659197 0.0176484305686547
11 116659656 0.664190636213319
11 116662967 1.5377
11 116663571 0.65917882455121
11 116664111 0.105387408232467
11 116668695 2
11 116669204 2
11 116673397 0
11 116677207 1.30788312077403
11 116683208 1.5466
11 116684317 0.559421615837705
11 116689951 0.0443908501688615
11 116694593 2
11 116695401 2
11 116704957 0.329861924280633
11 116712301 0.479904486756123
11 116729055 2
11 116750080 0.675554431920092
11 116770052 1.6517458686025
11 116776404 0.98
11 116777507 2
11 116786072 0.0578
11 116800022 0.143949233379476
11 116811633 2
11 116812485 0.0263
11 116821978 0.953345703357545
11 116831284 0.4186
11 116831285 0.2927
11 116831646 0.855002344189507
11 116832062 0.2373
11 116833462 0.0902
11 116857313 0.0982
11 116858480 0.1239
11 116859922 0.0664
11 116900659 1.0838
11 116900884 2
11 116901725 1.0439
11 116902071 0.761744105523236
11 116917983 0.733405855673836
11 116938607 5e-04
11 116943224 2.299
11 116956154 1.09169023234668
11 116991064 2.7548
11 116996493 0.0841
11 116996798 1.5201
11 117030240 0.4537
11 117061282 2
11 117071269 0.253949110464898
11 117075522 0.727796910544537
11 117088227 1.51933854645882
11 117100499 0.0192698016506301
11 117120356 0.2473
11 117125062 0.0078
11 117132812 0.1269
11 117151043 0.1269
11 117151636 0.2732
11 117154641 1.1209
11 117173487 0.0881
11 117174619 0.0621
11 117213821 0.9067
11 117215835 2.36870500624991
11 117219842 0.517
11 117237059 2
11 117258255 2
11 117264277 2
11 117297686 2
11 117302104 2
11 117310205 1.49192062375416
11 117312934 2
11 117336949 0.4003
11 117343177 2
11 117353644 1.3935
11 117355266 1.2723
11 117369641 0.3881
11 117374417 0.845020107986241
11 117421040 2
11 117421077 0.8509
11 117432677 0.606914061385991
11 117434231 2
11 117442246 2
11 117456500 2
11 117457984 2
11 117464169 1.9801
11 117467193 2
11 117480251 1.42278207396354
11 117494106 2
11 117496178 1.29719509100567
11 117529203 0.6519
11 117539713 0.1241
11 117540539 1.0363
11 117553290 0.2316
11 117554089 0.506025785795513
11 117554294 0.5386
11 117554454 2.3349
11 117575288 2.37
11 117605634 2
11 117623436 2
11 117653740 0.346698948559453
11 117663738 2
11 117667084 0.3908
11 117667738 0.4049
11 117670862 2
11 117694130 0.231841691123261
11 117706959 0.196470937735418
11 117715983 0.0327013764151135
11 117721831 0.0061
11 117726212 0.01
11 117729901 0.01
11 117733764 0.01
11 117735272 0.765023061855355
11 117735478 0.01
11 117745179 0.0817
11 117758296 1.4622
11 117759985 0.0063
11 117761894 0.1618
11 117773409 1.1578
11 117774590 0.470170745130974
11 117786059 0.801137620270051
11 117823684 1.0134
11 117827267 2
11 117831975 2
11 117837910 0.290414384589257
11 117848165 2
11 117858767 2
11 117858800 0
11 117860421 2
11 117873107 1.54744810550625
11 117880211 1.8368
11 117916562 1.8129
11 117930187 2
11 117932168 0
11 117933820 1.4365
11 117934211 0.0355
11 117946561 1.33379242699745
11 117952710 2
11 117953877 0.1073
11 118034489 2
11 118038700 5e-04
11 118040922 2
11 118043589 2
11 118058286 1.0072
11 118074770 0.9403
11 118075631 2
11 118076134 0.246235109944662
11 118078052 2
11 118079146 2
11 118085864 2
11 118089303 2
11 118093750 0.0396
11 118096832 2e-04
11 118098448 2
11 118106673 1.4946
11 118110344 2
11 118115437 2
11 118121102 2
11 118141595 2
11 118159083 5e-04
11 118161723 1.2154
11 118162063 2
11 118162064 0.3409
11 118168043 0.0078
11 118183413 2
11 118184502 2
11 118196711 0.378716811125684
11 118213599 2.5345
11 118234725 0.212748810928511
11 118243577 2.5345
11 118246899 0.157227774145785
11 118255671 1.98234468930423
11 118257860 0.166474035702535
11 118257862 2.00964920546837
11 118266030 2
11 118269040 2
11 118269488 2
11 118272653 2
11 118275482 0.5521
11 118275884 2
11 118284080 0.5831
11 118286966 2
11 118293518 0.5831
11 118303914 0.5831
11 118317561 0.5995
11 118324731 0.6521
11 118324733 0.91150885374817
11 118355472 0.1747
11 118370000 2
11 118421753 5e-04
11 118422123 2.9952
11 118442736 0.109456158205424
11 118465212 0.0561
11 118513430 2.407
11 118591652 2
11 118598684 2.784
11 118609508 2
11 118626686 2
11 118629457 2
11 118658577 2.0836
11 118668277 5e-04
11 118679308 2
11 118687746 2
11 118695604 2
11 118697780 2
11 118698521 2.7444
11 118702959 2
11 118704471 2
11 118710197 2
11 118713262 1.93016815405849
11 118713631 0.745511049891647
11 118717136 0.450296548286076
11 118719222 2
11 118719298 2
11 118720583 0.186010170476353
11 118731349 2
11 118735354 0
11 118737284 5e-04
11 118745076 0.5595
11 118753541 2
11 118758322 2
11 118783942 2
11 118786602 2
11 118790223 1.89041256486873
11 118814306 0.9387
11 118843380 0
11 118843443 0
11 118852378 0.292286304341034
11 118852965 1e-04
11 118858501 0.171223789864557
11 118864767 0.296567834797286
11 118867803 1.07905877234264
11 118891170 1.127
11 118891826 2
11 118895309 0.282495026345853
11 118907244 5e-04
11 118926294 1.2919
11 118927526 0.0078
11 118930526 2
11 118942213 2
11 118961114 2
11 118966750 2
11 118968423 2
11 118972738 2
11 118976389 0.0897
11 118977605 2
11 118991954 2
11 118994067 0.650083938802121
11 118998040 0.888789052500369
11 119005842 1.1307
11 119006853 0.0767739852040615
11 119019687 0.939452497266134
11 119022955 0
11 119025406 2
11 119032048 2
11 119032941 2
11 119040329 2
11 119053876 1.8809
11 119056008 0.3324
11 119059491 0.3324
11 119066733 2
11 119067660 2
11 119070611 0.0053
11 119084239 2
11 119096814 2
11 119099972 0.1839579247176
11 119107609 3.07619189671477
11 119115920 0.274171154468309
11 119123797 2.6472
11 119127159 2
11 119140300 2
11 119152397 2
11 119157120 1.72874078280846
11 119182117 2
11 119218173 2
11 119218345 0.570684311640384
11 119253240 0.3225
11 119255905 0.885686074290391
11 119274083 2
11 119277241 2
11 119292010 0.4277
11 119308556 5e-04
11 119343582 2
11 119358664 1.45195185958495
11 119369212 0.913905549372311
11 119371567 2
11 119389746 0.0336
11 119405890 0.0812
11 119436360 1.2723
11 119440390 2
11 119446725 0.0812
11 119463917 0.2378
11 119475487 2
11 119483035 2
11 119486519 0
11 119495206 2
11 119508063 5e-04
11 119511073 2
11 119542380 2
11 119544204 2
11 119551217 2
11 119553111 2
11 119556582 2
11 119560891 2
11 119562357 5e-04
11 119568787 2
11 119573619 2
11 119583877 2
11 119599116 2
11 119610168 2
11 119630933 5e-04
11 119632609 2.3069
11 119634241 2
11 119638408 2
11 119648304 0.669378044050963
11 119648307 1e-04
11 119661033 5e-04
11 119694132 2
11 119694198 2.085
11 119701861 2
11 119705647 1.28482813532136
11 119710434 5e-04
11 119711060 2
11 119713493 5e-04
11 119714166 0.382543686869003
11 119721003 0.197994263636768
11 119724499 0.521035836219784
11 119744069 5e-04
11 119744083 5e-04
11 119744085 5e-04
11 119744112 2
11 119759709 0.16288926938765
11 119766352 2.50885654632404
11 119771134 0.437504324221042
11 119780139 0.756191910820173
11 119792233 0.6931
11 119813436 0.515344142602889
11 119814080 2.42343803637598
11 119819359 0.421014952258397
11 119838166 2
11 119854278 0.0447
11 119857430 2.0406
11 119859406 2
11 119878309 1.04293837909386
11 119897345 1.3096
11 119902323 0.2494
11 119911879 0.1359
11 119913424 0.3998
11 119913951 0.6533
11 119925635 1.0359
11 119937826 2
11 119940200 1.0359
11 119945803 2
11 119960113 2
11 119963148 0.2169
11 119972998 0.0626
11 119979089 0.1063
11 119987384 0.1793
11 119987896 0.3651
11 120005319 0.1793
11 120006230 0.1639
11 120013014 2
11 120013610 2
11 120020916 2
11 120022499 2
11 120022865 2
11 120023932 2
11 120025230 2
11 120027240 2
11 120037265 0.3504
11 120058174 2
11 120065986 2
11 120076054 1.01700397221293
11 120077092 0.212201903818548
11 120077244 0.0463846572450182
11 120078029 0.907677719507856
11 120079112 0.23022513606542
11 120082060 2
11 120093951 2.0999
11 120096953 1.62789815781764
11 120097025 1.57090578770058
11 120098322 1.38444980290783
11 120107004 1.01887962088899
11 120108299 0.229876710345827
11 120115474 0.634206620616976
11 120146412 2.1460025691547
11 120162524 1.43624788299629
11 120168988 0.752438880785787
11 120179405 2
11 120186667 1.86561905247959
11 120187932 0.0643947987542747
11 120204143 0.263
11 120207320 1.20967233287951
11 120218979 0.2803
11 120220026 1.12627654639663
11 120222927 1.51655611739594
11 120267109 0.233189984667989
11 120268176 0.861720286900516
11 120274471 2
11 120279721 2
11 120282705 0.391973436236311
11 120285891 0.752133002465554
11 120300456 0.407779993841003
11 120315481 2
11 120317713 3.0796
11 120318255 2
11 120321800 2
11 120334849 1.73743333878638
11 120340503 2
11 120341714 2
11 120359400 0.0897
11 120395166 5e-04
11 120400000 2
11 120493777 2
11 120525776 1.38716276946731
11 120527998 0.1789
11 120547978 0.530733243356843
11 120556257 2
11 120607913 2.60481281023778
11 120609427 2
11 120614101 0.477797037924395
11 120623942 0.0752225337252039
11 120671978 0.6808
11 120674552 3.1209
11 120685988 0.7683
11 120700844 1.3196
11 120702105 1.3712
11 120712465 1.3196
11 120716247 1.43158100139986
11 120718965 1.3988
11 120722220 2.9933
11 120726900 0.0453670685682288
11 120727081 0.614926837756818
11 120728721 0.579315133718611
11 120729139 0.105824525770773
11 120730241 2
11 120733148 0.665196298869977
11 120733373 2
11 120735868 2
11 120736162 2.9933
11 120739134 2
11 120766606 2
11 120776997 0.0897
11 120816820 1.96910149240498
11 120822424 2
11 120829438 2
11 120834354 0.303486111382561
11 120840960 2
11 120847300 2
11 120847377 2
11 120900354 0.5958
11 120901018 0.152795631925974
11 120936862 0.557
11 120938751 1.5565
11 120942439 0.133
11 120968306 2
11 120988205 0.0979
11 120989790 0.0979
11 120990570 0.0979
11 120994213 2
11 120997038 2
11 121026586 0.4435
11 121026797 0.4435
11 121043661 0.277
11 121060345 2
11 121068654 0.4435
11 121113972 0.954855534405319
11 121114578 5e-04
11 121114696 0.949538284543199
11 121117257 0.1997
11 121123929 2
11 121128233 0.6659
11 121133101 0
11 121133139 2
11 121133442 2
11 121135941 0.5641
11 121148063 0.5641
11 121161559 0
11 121177924 1.82514049930396
11 121182931 1.02507908061342
11 121187480 1.46124103470519
11 121192151 0.628920467029075
11 121202510 0.5916
11 121205518 0.0055
11 121214858 2
11 121220103 2
11 121229720 2
11 121230366 0.365501368715302
11 121246064 2
11 121252289 2.995
11 121252474 2.995
11 121262103 0.486
11 121263200 0.486
11 121268857 0.336
11 121269377 2.01859684489335
11 121269817 0.3043
11 121284232 0.444743342827585
11 121290332 1.21930418769833
11 121304569 0.959510555824272
11 121308134 0.0898
11 121321531 2
11 121335095 2
11 121336819 3.1246
11 121339244 2
11 121359223 0.321511049354492
11 121363395 1.28
11 121366125 1.62809398784828
11 121372638 1.40585017325838
11 121372759 1.86073774565147
11 121382636 0.0084
11 121386690 1.26683261428372
11 121388269 0.3765
11 121393107 0.0162
11 121397842 0.0053
11 121399017 0.409297485089208
11 121407429 0.884408933697739
11 121493119 2
11 121495151 2
11 121530148 1.3384
11 121569009 2
11 121576884 3.1246
11 121580843 2
11 121581217 2
11 121605213 2
11 121632036 1.22742719736389
11 121635454 2.01110961947692
11 121654958 0.80200566252784
11 121667571 0.0327229053969561
11 121684650 1.11039757698631
11 121692879 0.542597463157757
11 121694234 2.9793
11 121704387 2
11 121721390 0.2378
11 121764755 0.2378
11 121775755 2
11 121778457 2
11 121781135 2
11 121803884 2e-04
11 121815315 2
11 121820866 2
11 121828184 2
11 121833130 2
11 121837116 0.605363944209689
11 121847071 0.991127277300523
11 121847904 0.552724369170254
11 121849211 0.181819286332387
11 121856059 1.9106
11 121856990 0.664173785479416
11 121873661 2
11 121888295 2
11 121898411 2
11 121902275 0.0502
11 121904805 2
11 121905617 0.792823093758626
11 121911766 0.409693176034437
11 121922499 0.925061944018145
11 121939523 0.299980083302814
11 121944754 0.936771424304889
11 121949113 0.0162
11 121951657 0.2468
11 121952669 0.420149153746575
11 121962537 0.0162
11 121963160 0.0614
11 121971030 1.24107438923205
11 121971543 2
11 121977308 2
11 121988582 1.70176957876759
11 121993929 2
11 121996385 0.0053
11 122009912 0.230251411377735
11 122016096 0.655303866361234
11 122016724 0.93396178208271
11 122017553 1e-04
11 122078232 0.4944
11 122100658 0
11 122102833 0.735954769167738
11 122112237 2
11 122119987 0.0564
11 122127840 1.18831537869138
11 122136851 0.111170734335749
11 122147842 2
11 122154830 2
11 122156892 0
11 122156894 1e-04
11 122178245 0.019294652244871
11 122183255 1.48954898337838
11 122184982 0.0811435618618036
11 122190247 1.4766
11 122201216 0.193102827933714
11 122214666 2
11 122215825 1.6353
11 122236598 0.570439724078509
11 122269342 2
11 122299857 2
11 122301318 2
11 122322799 2
11 122382251 2
11 122384485 2
11 122387709 2
11 122396309 2
11 122404517 2
11 122410293 2
11 122426975 0.183106377693625
11 122449951 2
11 122451348 2
11 122457285 1e-04
11 122498181 2
11 122502994 0.087
11 122516922 2
11 122523023 2
11 122531716 2
11 122540844 2
11 122541519 0.2543
11 122547338 0.2543
11 122562359 0.0389
11 122581968 2
11 122602043 2
11 122606317 2
11 122612607 2
11 122627901 1.394
11 122629469 0.7208
11 122633543 0.7006
11 122633706 0.7006
11 122683734 2
11 122684157 2
11 122690901 2.0994
11 122696392 2
11 122707339 2
11 122707962 2
11 122713733 2
11 122714181 2
11 122717876 2
11 122725913 0.5827
11 122727769 1.26986865107392
11 122737703 0.6062
11 122737996 0.6062
11 122738910 0.4994
11 122741504 0.6222
11 122743361 2
11 122777337 0.9957
11 122782627 0.0053
11 122785335 2.7839
11 122808773 0.462721034048883
11 122818157 2
11 122818166 1.2376
11 122834646 2
11 122836700 2
11 122850002 0.6822
11 122861596 2.6447
11 122872099 0.656279291176042
11 122882006 1.17333204089066
11 122889324 0
11 122894781 0.049
11 122900626 0.0217
11 122901164 0.177637597437218
11 122959105 0.836123484963682
11 122961784 0.333779693674
11 122962937 2
11 122966329 1.6842197622087
11 122970417 0.359929823335425
11 122978800 5e-04
11 122980855 0.58948981372923
11 122989703 1e-04
11 123008030 1.8065
11 123008160 0.3241
11 123014765 0.6466
11 123019844 1.7766
11 123034351 0.6564
11 123037928 1.136603025609
11 123039081 0.6804
11 123042166 0.9318
11 123055777 0.7934
11 123056530 0.9644
11 123068387 1.0364
11 123080919 0.872
11 123085412 0.872
11 123099701 2
11 123105745 2
11 123106385 2
11 123107380 2
11 123129343 2
11 123129917 0.240318359087598
11 123130002 2
11 123131585 2
11 123134906 2
11 123135246 2
11 123142770 1.3464
11 123143114 2
11 123154982 2
11 123155306 1.08543714943275
11 123161126 2
11 123167354 0.0757
11 123172678 1.10935659467406
11 123174376 0.194821652509247
11 123192657 0.160586577998747
11 123194475 0.712087674987297
11 123203691 2
11 123208484 0.288280324267644
11 123243651 0.629501347194102
11 123250203 0.275212313558311
11 123259491 0.5067
11 123263815 0.799806802736595
11 123269189 0.2684
11 123270355 1.90301594843154
11 123272179 0.373994758445313
11 123272208 1.45375187931584
11 123280556 2
11 123281604 0.3253
11 123281984 0.3536
11 123286426 0.0434
11 123291287 0.0334
11 123295558 0.7998
11 123307967 0.849069350277842
11 123309741 0.7071
11 123311461 0.7071
11 123316514 0.8617
11 123326208 0.9269
11 123326578 0.8592
11 123327406 0.9269
11 123334942 2.2595
11 123362387 0.8607
11 123366544 2
11 123368814 1.9887
11 123393934 0.2707
11 123412771 2
11 123413214 2
11 123415394 2
11 123446956 1.1567
11 123451837 4e-04
11 123451849 0.636902525573069
11 123452718 0.352963806349109
11 123453316 0.475899645957611
11 123456658 0.29396159178497
11 123464823 1.1214
11 123467184 1.38097194800942
11 123473727 2
11 123475530 0.1799
11 123482916 0.648603180815275
11 123483661 0.216344432975733
11 123502646 2
11 123503829 0.1418
11 123509467 0.718672347851833
11 123514717 2
11 123517067 0.486775371473398
11 123520010 2
11 123524748 2
11 123532814 0.2145
11 123535240 2.1287
11 123541540 0.177175031912529
11 123565524 1.6026
11 123578714 2.1575
11 123584270 2
11 123589444 0
11 123595589 2
11 123599427 2
11 123617408 0.7892
11 123629405 0.187202772566917
11 123644710 2
11 123646379 2
11 123648335 2
11 123651240 2
11 123651504 2
11 123652930 2
11 123654564 2
11 123654752 2
11 123656908 2
11 123657970 2.01977467904685
11 123663874 2
11 123665194 1.03231608991058
11 123670925 1.5231
11 123677594 0.467900952240661
11 123679016 1.1113
11 123686085 1.1113
11 123694998 1.1113
11 123696235 0.619348061471275
11 123697097 2
11 123697736 1.8699
11 123727096 0.288647635680546
11 123740940 0.660367184957074
11 123743125 0.226488306048476
11 123744621 1.39554292790255
11 123746168 1.05290913549945
11 123752435 0.486826594206279
11 123756284 1.175
11 123760223 0.8293
11 123761164 0.987698014485352
11 123762197 0.17676574675757
11 123764956 1.2252
11 123785567 1.5204
11 123810752 0.2669
11 123811280 1.05679007456615
11 123828490 2
11 123834183 2
11 123836496 2
11 123847444 2
11 123849547 2
11 123851684 2
11 123863672 2
11 123865171 2
11 123865815 2
11 123867503 2
11 123870782 2
11 123897270 2
11 123899493 2
11 123903048 0.796260203842297
11 123903314 0.856013470197867
11 123904018 0.1128
11 123909679 0.0456747928180067
11 123909711 0.732624634124475
11 123912519 1.77426626061155
11 123918172 1.6844908202735
11 123920495 0.520223016573014
11 123922304 2.13246876666474
11 123923001 0.444412821579296
11 123941907 0.325543848878869
11 123948954 0.1194
11 123954532 0.1399
11 123968660 2
11 123998545 0.219337833699013
11 124009854 2
11 124011077 0.318892971746289
11 124020038 2
11 124022579 2
11 124022859 1.3076
11 124023280 1.33979791659557
11 124047960 2
11 124054826 0.420126731987936
11 124056064 2
11 124060079 2
11 124061789 2
11 124065092 2
11 124065303 0.736427340152376
11 124070348 2.31958279649828
11 124070425 0.664217410846812
11 124071034 1.0142
11 124071774 0.296075691223884
11 124072552 1.36726253589548
11 124072742 0.647613214677401
11 124074636 0.393952331645987
11 124092301 0.45836929209551
11 124094306 0.438628640146992
11 124111201 2.1608
11 124114801 0.5538
11 124129982 1.2303
11 124136748 8e-04
11 124139224 0.317728224067082
11 124146451 0.868960334770027
11 124150583 2
11 124156805 1.3206
11 124158035 1.80715028361048
11 124164109 2
11 124166092 0.0078
11 124166853 2
11 124169514 0.84691261339813
11 124173075 2
11 124177365 0.3392
11 124184495 2
11 124188484 0.517943128193554
11 124192656 1.4576
11 124200512 0.34105396797238
11 124205824 2
11 124208827 0.3066
11 124212442 0.3066
11 124213726 0.3392
11 124217218 0.133631943621794
11 124224820 2
11 124230263 0.115424877401729
11 124231112 0.383083013290854
11 124233474 0.3392
11 124240072 0.93512143894612
11 124241335 1.40795965446853
11 124241353 2.2073
11 124241496 0.960386001703949
11 124242436 2.24466125666848
11 124244976 1.12098859511024
11 124244984 0.441389298035784
11 124246770 1.07970954961254
11 124248829 0.761636618365782
11 124255458 1.0109
11 124256395 1.0109
11 124256634 2.2073
11 124258058 1.0109
11 124259610 1.0109
11 124260983 1.0109
11 124261926 1.0109
11 124266376 0.406264379087638
11 124270933 1.0109
11 124283974 2
11 124296985 0
11 124306077 0.3392
11 124308493 0.314545314152088
11 124311548 2
11 124324633 0.2988
11 124332486 2
11 124342258 3.296
11 124349075 0.3392
11 124363942 2
11 124375154 2
11 124385288 2
11 124388545 2
11 124397722 2
11 124398427 2.1063
11 124409344 2.0836
11 124415839 1.48533232780049
11 124420471 0.181323173258465
11 124420815 0.292205934930523
11 124422470 0.0535292649037254
11 124425739 1.36381714303027
11 124442568 0.474144271987826
11 124445008 5e-04
11 124445530 2
11 124456007 1.1209
11 124466569 0.790341068070108
11 124468281 0.734735302169562
11 124479353 0.296640606350469
11 124496147 0.115139236145465
11 124500295 1.1026124608706
11 124516576 2
11 124519469 2.1546
11 124520488 0.901523099900652
11 124527911 2.1546
11 124528174 0.185645931777164
11 124530159 0.194690132194221
11 124548058 2
11 124550305 2
11 124551493 2
11 124554650 2
11 124555641 2
11 124559064 2
11 124568716 2
11 124569521 0.929575554596866
11 124575959 2
11 124586309 2
11 124587686 0.059490246349134
11 124684165 0.613593007883865
11 124704638 2
11 124711279 2
11 124712215 2
11 124713591 0.793336867217403
11 124713982 0.0845191408312636
11 124731504 1.8145
11 124770773 2
11 124785855 0.794700606633958
11 124808045 0.4081
11 124808736 1.5109
11 124809734 0.4081
11 124811487 0.482
11 124823089 2
11 124827798 2
11 124828283 2
11 124843129 1.61311330249427
11 124843366 0.9128
11 124848623 0.8658
11 124853537 0.5683
11 124854687 1.7669
11 124864390 2.28535635250052
11 124870795 0.551949300093998
11 124906216 1.8413
11 124923786 0.272784974932831
11 124928354 2.06559598043459
11 124945687 1.6008
11 124961794 0.7548
11 124964613 1.9646
11 124973787 0.9331
11 125028629 1.8658
11 125033716 0.613639847163016
11 125040909 0.130813079669369
11 125057576 2
11 125060137 0.0445
11 125066586 1.8477
11 125070430 1.4235
11 125076913 1.0985
11 125079769 1.0155
11 125089018 0.177543903070909
11 125089077 1.2633597899937
11 125092089 2
11 125095237 1.394
11 125098283 0.1040416882967
11 125126157 2.6284
11 125142768 2
11 125154504 2
11 125171446 2
11 125173497 2
11 125173722 2
11 125181544 1.78260478416918
11 125182822 0.7429
11 125189355 2
11 125189425 5e-04
11 125189794 0.27846290396125
11 125192097 1.34999453658579
11 125194774 0.769318582224762
11 125205309 1.30383940964292
11 125206261 0.226075482569556
11 125206919 0.77277679758906
11 125236397 0.425
11 125244645 0.8009
11 125255683 2
11 125263801 2
11 125264829 2
11 125295883 1.719
11 125302487 2
11 125309682 2
11 125381776 0.6049
11 125383467 0.3307
11 125391430 2
11 125419384 1.4241
11 125431691 0.214710839602346
11 125447153 1.348
11 125457452 5e-04
11 125464728 0.924563402684689
11 125490740 0.178
11 125497863 1.1638
11 125505307 2
11 125512177 0.7329
11 125513189 0.1823
11 125513423 0.1823
11 125515076 1.1221
11 125522809 0.863019941513518
11 125528220 0.1761
11 125556198 1.1221
11 125557749 1.1221
11 125561753 2.784
11 125565828 0.7514
11 125569527 0.7464
11 125595967 1.4315
11 125609468 0.0772372184146976
11 125610658 0.255746583604141
11 125627571 0.336145460216874
11 125641211 0.964
11 125642755 1.4622
11 125648111 0.6346
11 125652293 1.4622
11 125658712 1.3254
11 125658809 0.890288027822616
11 125666232 0.9987
11 125666986 0.0359737201998346
11 125684994 1.3254
11 125700553 0.89860839331581
11 125703674 0.9127
11 125709472 0.9127
11 125711541 0.9127
11 125712115 2
11 125717296 1.439
11 125718640 2
11 125726521 0.629544499287506
11 125727165 2
11 125738062 1.4315
11 125743698 0.632370408085476
11 125743832 0.762916450285228
11 125748833 0.93400713864992
11 125748835 0.855026865032483
11 125752019 0.931623322885139
11 125753388 1.31336010643674
11 125754414 0.707486763388658
11 125763252 0.48928936632184
11 125772594 0.445833397991727
11 125772649 0.9086
11 125774918 0.869688383830005
11 125775334 0.3711
11 125778087 0.9394
11 125800112 0.003
11 125805490 0.346667643329654
11 125807339 0.003
11 125808276 0.591346370868197
11 125811323 0.0208118466234854
11 125817653 0.003
11 125819344 0.595560546933427
11 125829620 0.335189768908984
11 125838942 0.9394
11 125839332 0.555107089061357
11 125844140 0.003
11 125847557 0.193869967513487
11 125850985 0.9394
11 125856146 0.493105943381803
11 125862820 5e-04
11 125864479 0.0738967888740344
11 125864529 5e-04
11 125864686 1.42546604961325
11 125866616 0.0066
11 125869491 0.514247785094655
11 125870096 0.0421981151319789
11 125885375 0.9394
11 125898452 0.9394
11 125900776 0.797543097605933
11 125901130 0.0017
11 125901445 0.640725879322664
11 125902081 1.8161048629068
11 125903104 0.989440672421218
11 125906657 1.3724
11 125907492 0.444350510090867
11 125924017 2
11 125941434 1.2559
11 125944088 1.2559
11 125948342 0.340401401531244
11 125950884 0.969168832473524
11 125952530 1.3418
11 125958112 0.254789154579399
11 125966533 0.211189328511824
11 125972164 1.68401721986998
11 125984497 1.4404998294145
11 125987850 0.0103
11 125995371 0.789492138137068
11 125997158 0.0444
11 125998738 0.240310482118276
11 126012202 1.24548470970121
11 126015696 0.558325152557462
11 126033823 0.9166
11 126038450 1.0888
11 126046509 2
11 126052735 0.6737
11 126062895 1.0885
11 126078633 2
11 126087006 2
11 126088071 0.5711
11 126088165 0.5711
11 126091430 0.5711
11 126102067 2
11 126106157 0.5504
11 126113390 2
11 126116224 2
11 126116382 2
11 126129607 2
11 126161585 0.402686539611451
11 126165402 2
11 126194153 1.676
11 126194669 2
11 126200309 1.5891
11 126211441 2
11 126211652 5e-04
11 126236162 0.0433263538184929
11 126253963 2
11 126263313 1.3058
11 126276349 0
11 126285289 2
11 126293796 2
11 126326036 2
11 126335074 2
11 126407917 2
11 126411152 2
11 126415406 2
11 126415818 1.9127
11 126425451 1.7209
11 126451357 0.6896
11 126455613 1.5647
11 126466142 0.9482
11 126476531 1.225
11 126477818 1.225
11 126479219 1.7541
11 126479720 2
11 126484084 2
11 126522827 1.37497479962973
11 126524323 0.788258011029792
11 126534652 1.23039917498784
11 126541511 0.8435
11 126580719 2
11 126582137 2
11 126591315 1.4573
11 126593676 1.84237239634122
11 126603393 2
11 126605513 2
11 126616801 0.135945638188251
11 126618275 0.0318
11 126624933 0.0318
11 126625411 0.0318
11 126642523 1.464
11 126649224 0.5349
11 126665496 0.3645
11 126681559 2
11 126682705 0.409843688978997
11 126692391 1.17716375915671
11 126697382 1.8089
11 126701457 2
11 126705717 2
11 126710921 2
11 126731840 0.317529346932599
11 126733062 0.467065165608508
11 126776019 2
11 126787979 0.5608
11 126795812 0.1693
11 126798990 2
11 126800265 0.163621610348876
11 126800840 2
11 126802476 2
11 126813464 0.126
11 126815303 0.1263
11 126819150 0.1263
11 126820987 0.1263
11 126822992 0.399428792242224
11 126824738 0.1263
11 126826677 0.1263
11 126827216 0.126
11 126828970 0.1263
11 126831371 0.1263
11 126833514 0.1263
11 126836196 0.1263
11 126842043 2
11 126844006 0.1263
11 126847798 0.1263
11 126849171 0.1263
11 126868474 0.1263
11 126876293 2
11 126878349 2.4916
11 126880375 2
11 126881422 2
11 126887375 2
11 126888560 2
11 126897585 2
11 126908382 2
11 126945829 0.735397379451577
11 126949501 1.46512465183194
11 126960063 0.4464
11 126962490 0.4464
11 126967823 0.4464
11 126968986 0.4464
11 127003697 1.5508694229197
11 127025628 2
11 127064252 0.5053
11 127074423 2
11 127074613 0.0448280728223732
11 127077559 2
11 127080426 2
11 127083341 0.9586
11 127095888 2
11 127102190 2
11 127114213 0.842627710026579
11 127115740 2
11 127135349 2
11 127136796 2
11 127140537 2
11 127147664 2
11 127147984 2
11 127152665 2
11 127165363 0.261232821632206
11 127176945 0.770811538874226
11 127180774 0.110097294596423
11 127181265 0.771140200468072
11 127188888 1.12708303133376
11 127189052 0.888439076372566
11 127197591 2
11 127209224 2
11 127236311 0.937396365570808
11 127240288 2
11 127243277 2
11 127261618 1.8287
11 127303636 2
11 127307702 0.317635053699041
11 127321801 0.3831
11 127334192 2
11 127337963 2
11 127344433 2
11 127366796 2
11 127376125 2
11 127377298 2
11 127378325 2
11 127396623 0.8312
11 127435754 1.02568776422814
11 127461046 2
11 127466243 5e-04
11 127471429 2
11 127484502 2
11 127485946 2
11 127488346 2
11 127491007 2
11 127492812 1.5084
11 127506401 2
11 127509316 2
11 127516483 2
11 127538597 2.4476
11 127541993 2
11 127544665 2
11 127547002 2
11 127553402 2
11 127554281 0.4804
11 127584245 1.4396
11 127593789 0.895296873220953
11 127634181 2
11 127638355 2
11 127676117 2
11 127694537 2
11 127707349 2
11 127723319 2
11 127741390 2
11 127748321 2
11 127748929 0.539469763680161
11 127755841 2.59164273008838
11 127762338 2
11 127768149 2
11 127773699 0.116195381277788
11 127782403 1.30356109173071
11 127807049 0.0836
11 127826985 0.7452
11 127829641 0.7452
11 127842143 0.2327
11 127846245 2
11 127863116 1.05411868672801
11 127868134 2.0535
11 127869980 2
11 127874875 1.46592408353699
11 127875400 2
11 127888265 0.939
11 127917900 2
11 127919809 2
11 127924619 2.07696816816156
11 127925253 1.6304
11 127926624 2
11 127927216 0.939
11 127927314 2
11 127927346 2
11 127933331 0.939
11 127934450 0.138891255468445
11 127949576 2
11 127955217 2
11 127961930 1.4652
11 127975036 2
11 127981502 2
11 127994453 1.4762
11 127997692 2
11 127997729 1.4762
11 127998475 0.6909
11 128000156 2
11 128011445 2
11 128014398 1.5047
11 128018047 2
11 128032805 1.99033348300968
11 128064906 2
11 128069059 0.71348496522902
11 128071933 2
11 128083279 2
11 128113849 1.5842
11 128113942 1.5842
11 128116679 0.921886549993356
11 128123693 2
11 128143045 0.779294744050841
11 128148157 2
11 128152135 0.641828200192205
11 128164914 1.2172
11 128168195 2
11 128172277 2
11 128182528 2
11 128184493 2
11 128192751 2
11 128199139 1.7096
11 128225263 2
11 128227003 4.1891
11 128235142 2
11 128251558 0.127512984453879
11 128263155 1.9535
11 128281796 2
11 128309181 2
11 128309564 2.32065303039468
11 128312716 1.1023
11 128327641 2
11 128338670 0.0742
11 128346480 2
11 128360459 0.55426200355677
11 128360784 0.00938110280646974
11 128366163 0.650233034038614
11 128383055 1.1667
11 128402112 2
11 128414877 2
11 128422418 2
11 128424162 2
11 128435780 0.6909
11 128465354 2
11 128469624 0.362289855424129
11 128473062 2
11 128506999 2
11 128585035 1e-04
11 128585225 2
11 128589833 0.0994
11 128597615 0.0994
11 128608023 2
11 128615575 2
11 128617959 1.1142
11 128622478 1.0692
11 128622506 2
11 128628865 1.0562
11 128643337 2
11 128657235 0.915558001012198
11 128657612 0.0602552914009298
11 128658279 0.656560198732141
11 128661832 1.91232747495281
11 128662124 0.342906138837273
11 128694832 2
11 128695139 2
11 128740416 2
11 128742355 1.0994
11 128743733 2
11 128760414 1.0919
11 128762956 0.551043984307171
11 128766294 0.658542834807815
11 128767242 2.1357
11 128768321 0.9911
11 128769881 1.22367201204731
11 128771573 2
11 128775699 2.04065778309047
11 128779852 1.85288695387845
11 128781030 1.84609863900463
11 128781057 1.93638714512399
11 128815220 0.69405211080566
11 128819773 2
11 128857168 0.0152434823195634
11 128864774 0.330020523133552
11 128871844 2
11 128887391 0.0564
11 128899043 2
11 128912761 0.5398
11 128920024 2
11 128924319 0.556
11 128926526 0.6804
11 128930552 5e-04
11 128930727 1e-04
11 128933474 2
11 128935653 2.0938
11 128942676 0.0719
11 128949988 2
11 128950100 0.7833
11 128953445 5e-04
11 128994184 0.3122
11 128994435 1.9755
11 128996799 0
11 128997954 0.53806660284753
11 129026962 2
11 129037868 1.1314
11 129040465 1.1153
11 129044940 1.1314
11 129045861 1.1314
11 129055857 2
11 129062988 0.9911
11 129071523 1.4759
11 129073661 1.7344
11 129082875 1.28309382744712
11 129086648 2
11 129088994 2
11 129094765 0.739
11 129151084 1.1153
11 129151589 1.4626
11 129157037 1.4626
11 129165350 2
11 129179270 1.1153
11 129179629 2
11 129191313 0.287044889954482
11 129194036 0.412855083373351
11 129195985 2
11 129201871 1.1153
11 129212752 1.1153
11 129229791 1.4626
11 129229990 1.4626
11 129235360 2
11 129249991 2
11 129282259 2
11 129285954 1.4497
11 129290136 1.4626
11 129290433 1.4497
11 129298871 0.45755968018184
11 129306774 1.3265
11 129307453 2
11 129316315 2
11 129325275 1.19226555876329
11 129331770 0.8873
11 129331917 2
11 129332310 2
11 129345054 2
11 129348903 2
11 129371200 1.0014
11 129388393 2
11 129396124 0.0681
11 129398208 0.922646042661511
11 129428217 1.2003
11 129444398 2
11 129468723 1.40632373055547
11 129471051 2
11 129472352 2.59
11 129473424 2.7691
11 129488416 1.156
11 129509874 0.650714669645681
11 129511078 0.6607
11 129520629 0.0078
11 129527167 1.1214
11 129565445 2
11 129571767 0.5562
11 129580853 2
11 129582612 2
11 129584764 0.6051
11 129619120 1.4863
11 129631219 2.784
11 129645045 2
11 129658705 2.8716
11 129665359 2
11 129665568 2
11 129674120 2
11 129678019 2.7095
11 129689796 2
11 129707666 5e-04
11 129709350 2
11 129715090 0.1124
11 129718411 1.4251
11 129724193 2
11 129731286 2
11 129744935 1.28
11 129747070 2
11 129753150 0.5818
11 129757853 0.1584
11 129771759 0.1124
11 129791209 0.0742
11 129793142 0.0572893246063163
11 129810406 0.20404133014019
11 129824578 2
11 129826417 2
11 129826940 2
11 129837437 2
11 129859423 2
11 129859880 2
11 129868021 0.461735629459101
11 129873117 2
11 129888223 2
11 129903379 2
11 129904305 2
11 129933868 2
11 129934918 2
11 129938878 2
11 129975083 0.9311
11 129982288 2.4514
11 130025133 2
11 130028893 1.5467
11 130063443 1.6784
11 130065768 1.6784
11 130069261 0.1564
11 130074655 1.1662
11 130078594 1.5288
11 130081564 1.1662
11 130081801 2
11 130095098 1.5288
11 130097033 1.5559
11 130147502 1.7096
11 130155301 1.7459
11 130169063 2
11 130174520 1.7584
11 130176493 1.3769
11 130180927 0.1967
11 130185868 0.575318039460055
11 130194810 0.052
11 130196440 2
11 130196976 0.6257
11 130197997 2
11 130219021 2
11 130219336 0.0945
11 130219507 2
11 130248960 2
11 130264615 2
11 130283631 2.7864
11 130294115 2
11 130313966 1.5868
11 130347028 2.59
11 130388963 2
11 130393246 1.8863
11 130405451 2
11 130405854 0.9799
11 130406637 2
11 130410618 0.9173
11 130437292 2
11 130446884 2
11 130452140 2
11 130484831 2.2653
11 130486189 2
11 130496670 1.8181
11 130501622 0.0263
11 130511405 0.9911
11 130517147 2.6472
11 130538554 0.641380650761156
11 130544332 2
11 130554415 0.753372199083204
11 130555803 2
11 130557412 0.924024939343232
11 130563011 2
11 130566825 0.7923
11 130571151 0.7802
11 130577237 1.2971
11 130587844 0.103885502505946
11 130595890 0.138848258241032
11 130598845 2.07277743866474
11 130607352 0.589597522548154
11 130608812 0.162314844762017
11 130611379 0.623991630520986
11 130617892 1.05314556994991
11 130618917 1.5830975112069
11 130630880 0.246845452082994
11 130641201 0.793798587618769
11 130642587 0.562326237300746
11 130642916 0.537186505893868
11 130672080 2
11 130704658 0.5502
11 130716312 1.7634
11 130742843 1.7255
11 130755557 2
11 130756044 2
11 130805494 0.9857
11 130832056 0.6519
11 130844718 0.0629
11 130845453 0.6999
11 130860633 0.2241
11 130861334 2
11 130864375 0.706271011612994
11 130881413 1.52332545631435
11 130884696 0.271624833694304
11 130884713 2
11 130884828 2
11 130890297 1.4028
11 130890471 2
11 130891367 2
11 130891790 2
11 130891846 2
11 130896821 2
11 130898369 2
11 130910970 2
11 130911580 2
11 130911872 2
11 130912264 2
11 130914752 2
11 130936529 0.18638697368954
11 130938588 0.311016523517109
11 130940387 0.57013828230182
11 130966079 0.854245028244317
11 130983241 1.22330799864235
11 131030159 1.1209
11 131030561 0.571082372508884
11 131030959 0.198725078542806
11 131033166 2
11 131034138 1.26521469347433
11 131037229 2
11 131045627 2
11 131049383 0.329937307976776
11 131053207 2
11 131053328 2
11 131053363 0.2358
11 131056634 0.6592
11 131057826 2
11 131062382 2
11 131074937 2
11 131075329 0.0616354796955395
11 131076003 0.549752301637975
11 131081094 0.451520468017531
11 131082110 0.804107655620992
11 131089769 0.807525654376686
11 131095172 0.911923137939115
11 131098389 2
11 131113122 2
11 131114150 2
11 131136178 2
11 131138873 2
11 131141395 2
11 131145469 1.5663
11 131149976 1.534
11 131161762 2
11 131163122 2
11 131170695 2
11 131172472 0.0745
11 131189924 1.9748
11 131202469 2
11 131205329 0.0078
11 131248597 0.0578
11 131256675 1.16957732234486
11 131258612 0.7294
11 131265376 5e-04
11 131266036 1.593246706572
11 131266767 0
11 131271912 0.272140554445465
11 131283530 1.0543703086668
11 131283707 0.014457325236604
11 131287527 0.6604
11 131289048 0.5177063674988
11 131290636 1.29429363751638
11 131304479 2
11 131334995 0.344
11 131335064 2
11 131336888 0.347369742030191
11 131339008 2.4244
11 131355054 1.3292
11 131373594 2
11 131401832 1e-04
11 131425290 2
11 131427678 2
11 131431795 0.0162
11 131446257 2
11 131448567 5e-04
11 131455973 2
11 131456141 2
11 131480281 2
11 131495163 2
11 131497360 0.5019
11 131498125 0.4733
11 131498496 0.6791
11 131503698 0.6791
11 131509381 0.4194
11 131521466 0.1882
11 131534406 1.3442
11 131537006 0.305528767245951
11 131537939 0.364940931157462
11 131548545 2.59
11 131561713 0.2109
11 131572741 0.872606219916146
11 131581465 2
11 131589306 2
11 131596685 2
11 131598895 1e-04
11 131599868 2
11 131600040 0.1271
11 131615778 2
11 131615816 0.1619
11 131616526 2
11 131635856 0.0933
11 131645781 2
11 131651766 1.39492530916529
11 131651861 8e-04
11 131672925 2
11 131699760 0.386000351294589
11 131702649 0.514758127370836
11 131704324 2.36974270940596
11 131718651 1.342
11 131721046 0.599491177059006
11 131733471 2.2436306948475
11 131734181 0.460827259144347
11 131741579 0.852682916528287
11 131756117 1.27792891998703
11 131760802 0.608423610242384
11 131767171 1.6764
11 131781576 2
11 131783404 2
11 131783956 2
11 131788638 2
11 131789488 2e-04
11 131794799 1.8707
11 131798803 0.142
11 131812326 0.1933
11 131833487 0.0488
11 131834595 0.775570760646368
11 131834936 1.16924483099822
11 131877289 2
11 131877865 1.4622
11 131895929 2
11 131919746 0.1284
11 131922520 0.1579
11 131925714 1.6255
11 131928981 0.849
11 131933869 0.3655004637539
11 131961826 1.02581404700638
11 131968263 1.73677473507449
11 131971603 0.4328
11 131973725 1.0334
11 131980466 0.6504
11 131998047 0.5074
11 132002342 1.6352
11 132011007 1.32
11 132032758 2
11 132041658 1.5554186241338
11 132048197 2
11 132055272 2
11 132061859 2
11 132066495 0.493
11 132077086 2
11 132081931 0.493
11 132090327 1.67922448700831
11 132090934 2
11 132099569 2
11 132107383 2
11 132108367 1.79443661679675
11 132108690 2
11 132109408 2
11 132110757 2
11 132133127 2
11 132139336 1.6439
11 132146928 2
11 132147560 0.0637
11 132149692 2
11 132149891 1.9253
11 132164955 0.8714
11 132223421 1.86479067752348
11 132229316 0.3675
11 132242999 0.842677148987749
11 132251492 0.3091
11 132252145 0.3091
11 132265624 1.7739
11 132279724 1.3753
11 132298912 1.72664222977842
11 132330900 0.200272193354289
11 132335612 1.58543717080003
11 132375789 2
11 132398755 0.7366
11 132399714 0.7558
11 132404396 0.7344
11 132410594 0.6938
11 132423852 0.7137
11 132426984 0.6938
11 132433499 0.7137
11 132437752 2
11 132438670 0.345
11 132458926 2.4951
11 132468010 2
11 132470681 2
11 132488339 0.2203
11 132490762 2
11 132492940 2
11 132504242 0.6391
11 132520215 0.715404542613821
11 132525732 0.220163764721318
11 132533463 4.34204427835169
11 132539528 2
11 132545322 2
11 132547139 2
11 132552494 2
11 132552588 0.653340297300935
11 132556413 2
11 132558326 5e-04
11 132558387 1e-04
11 132563310 2
11 132567899 3.1812
11 132568799 2
11 132570121 2
11 132574244 2
11 132589811 2
11 132599178 2
11 132609584 0.892279575642233
11 132613973 2
11 132634194 0.359972760937379
11 132635550 0
11 132637139 0.6346
11 132662710 0.7316
11 132684110 0.7023
11 132687339 0.0332
11 132698170 2
11 132698359 2
11 132702875 2
11 132705290 0.523739824398656
11 132707548 0.345361735741386
11 132719058 0.8201
11 132722256 2
11 132725292 2
11 132737618 2
11 132762658 1.7814
11 132764509 1.3008
11 132776077 2
11 132781956 3e-04
11 132800261 1.5834
11 132818126 2
11 132830846 2
11 132839470 2
11 132843946 2
11 132865736 2
11 132883484 0.862
11 132887775 2
11 132893672 1.4449
11 132925859 0.7279
11 132931335 1.0562
11 132937603 2.06630424749632
11 132939481 2
11 132946386 0.1242
11 132951648 2
11 132952780 1.5536
11 132960580 2
11 132961095 5e-04
11 132981667 1.3913
11 132993787 2
11 133000843 1.59171026490907
11 133009701 0.896614977217694
11 133012736 0.797808506837026
11 133012867 1.13105492147267
11 133032306 0.6885
11 133055090 0.7028
11 133069875 0.8816
11 133070122 0.182976034078925
11 133081286 2
11 133082609 1e-04
11 133085924 2
11 133086714 2
11 133094551 0.9314
11 133097393 2
11 133102845 2
11 133105981 0.430145916628748
11 133114722 2
11 133115546 1.004
11 133116283 2
11 133151864 2
11 133154492 2
11 133190970 2.2762
11 133198733 0.62006200122031
11 133201431 1.18720279621632
11 133208981 0.631461780994076
11 133210053 1.2518
11 133214357 2
11 133226430 0.407861510043899
11 133278560 2
11 133287503 2
11 133290591 2
11 133290898 2.848
11 133314095 2
11 133314219 0.0078
11 133319200 0.8826
11 133325020 0.6213
11 133352759 2
11 133378996 2
11 133391012 1.46568725648931
11 133421610 0.7368
11 133427383 0.7368
11 133440721 1.62128867505177
11 133445596 0.8373
11 133508977 1.1769
11 133553186 2
11 133615231 0.5107
11 133621867 0.4394
11 133623843 2.9104
11 133629998 0.5824
11 133640581 1e-04
11 133652615 0.7752
11 133657453 1.6548
11 133677337 1.6943
11 133696719 0.899
11 133712297 2
11 133715635 2
11 133725153 0.4029
11 133726669 1.7991
11 133738834 2
11 133741207 0.5629
11 133748924 2
11 133763065 2
11 133773749 2
11 133776511 2
11 133780342 0.5458
11 133782490 1.2882
11 133788036 0.6866
11 133791443 0.773994004475595
11 133793233 2.5047
11 133838043 2
11 133858683 1.1724
11 133873775 2
11 133922165 2
11 133930122 0.0217
11 133986498 1.5971
11 133991640 1.3186
11 133994384 0.4801
11 134004817 0.1399
11 134036152 2
11 134066827 0.4061
11 134071209 2
11 134071741 2
11 134085430 2
11 134089463 2
11 134093579 0.2611
11 134095712 2
11 134101557 2
11 134120555 1.8907
11 134123361 2
11 134130619 2
11 134136045 1.2429
11 134137213 2
11 134140147 1.2488
11 134144087 0.876960694457286
11 134207046 2
11 134221919 2
11 134223618 2
11 134254178 2
11 134279180 0.4287
11 134281002 0.4287
11 134283524 1.2944
11 134289157 2
11 134293507 2
11 134308404 5e-04
11 134308413 0.25655199940977
11 134318648 2
11 134329656 0.0263
11 134357874 2
11 134388522 2
11 134393840 2
11 134394835 2
11 134397199 2
11 134404869 2
11 134408916 2
11 134409988 2
11 134426490 2
11 134433227 0.0558
11 134434821 0.0441
11 134437433 0.0558
11 134440244 2
11 134440612 0.990603101665097
11 134442125 2
11 134442594 0.8106
11 134451963 0.6742
11 134459474 2
11 134469738 0.8532
11 134485156 2
11 134485716 2
11 134489300 1.27456002795193
11 134503187 2
11 134514686 2.13256936757787
11 134523478 0.0912725032921619
11 134540303 2
11 134544530 2
11 134551766 2
11 134564655 1.1695
11 134564803 2
11 134565635 0
11 134579034 2
11 134585855 0.6744
11 134590063 1.4094
11 134590765 1.4239
11 134591332 1.2266
11 134592875 1.4094
11 134607960 2
11 134608058 2
11 134622790 0.8701
11 134634384 2
11 134641367 2
11 134642821 2
11 134653604 2
11 134657015 2
11 134666106 2
11 134681681 0.8664
11 134698846 1.2329
11 134701511 1.2747
11 134743987 0.6898
11 134746564 0.3586
11 134749626 0.1395
11 134754682 1.259
11 134755292 2
11 134764098 0.5895
11 134772386 2
11 134772738 0.3587
11 134775205 1.8919
11 134791683 1.7366
11 134794625 0.0617063950214185
11 134795678 0
11 134797498 1.7028
11 134800089 2
11 134803061 2
11 134806526 2.0103
11 134808917 2.0103
11 134810277 2
11 134819041 0.85912498862872
11 134826871 0.604713892854285
11 134827282 2.0965326506907
11 134833691 2
11 134836601 2
11 134836786 2
11 134837566 1.88773766046059
11 134837853 2
11 134842289 0.7308
11 134878629 1.01532739452896
11 134900885 0.4362
11 134903466 0.4362
11 134922865 2
11 134934912 2
11 134944470 2
11 134958077 2
11 134958426 2
11 134961668 0.0078
11 134968844 0.5701
11 134975404 2
11 135008996 1.614
11 135011343 0.440719440293264
11 135044616 1.6672
11 135049545 1.1182
11 135052851 1.8325
11 135058329 1.6672
11 135062773 2
11 135064078 1.6672
11 135069242 1.2291
11 135069567 1.2291
11 135072732 2
11 135073032 0.5709
