chr pos logPval
9 10236 0.061
9 40410 0.615923835656491
9 47242 1.18808913125772
9 54036 0.884417507290556
9 58033 0.037766207305981
9 60383 1.72848426858261
9 63635 0.713274188910691
9 77289 0.660431368898999
9 105708 0.486248022358637
9 119575 0.351870678510556
9 119682 3.4231
9 126688 0.9965
9 147170 1.87709996326535
9 168761 1.57697020625436
9 187932 0.0514
9 188966 1.5222210067791
9 194117 0.07503302667588
9 200885 1.07728293466282
9 203937 0.229056324314477
9 204694 0.602129534785858
9 214706 0.315270640569083
9 217397 0.922336331939401
9 223332 1.5899894651556
9 223613 0.384882178166186
9 247557 0.646081139916716
9 247671 0.7029
9 248136 0.629496276999278
9 257349 0.116247996318223
9 259575 0.0746856216493959
9 264265 0.0898333824756066
9 264519 0.0256784351432977
9 276195 0.5877
9 279753 1.3707
9 279970 1.1861
9 280727 0.601410301919647
9 281260 1.7649
9 282557 4.152337415875
9 306277 1.1634
9 307197 0.639345722662498
9 315185 0.6985
9 316231 0.624484429309942
9 322464 0.114288791006598
9 335462 2.7324
9 346473 0.8716
9 346963 0.447123413967207
9 354713 0.087
9 355718 0.0807
9 356193 1.6062
9 363459 1.28584409308949
9 395235 0.731
9 400584 5e-04
9 400860 5e-04
9 403900 0.0897
9 403994 1e-04
9 407630 0.888835175508319
9 408289 0.189382287312667
9 411437 0.2492
9 421413 1.00479123242042
9 428972 0.634591941292591
9 448792 0.0546499543906375
9 450468 0.999552223407413
9 461140 1.65845571038472
9 478636 1.5285
9 484770 0.308690939444458
9 504800 1.8891
9 507649 1.5199
9 516638 1.3871
9 518338 1.2417
9 527407 0.35534407603231
9 538563 0.386283114572374
9 556812 2.47823394949823
9 564373 0.0530263704213377
9 577056 0.608051591071271
9 584600 2.99
9 585321 0.358122756502145
9 588079 0.958155397712939
9 603125 0.855201657552691
9 604735 0.109982687351281
9 609594 2
9 618952 1.93626176161847
9 632282 1.0916
9 632605 1.0916
9 633390 0.314417810186279
9 638024 1.0916
9 646833 0.41375775928392
9 651311 1.30407305243147
9 657496 1.97629520158635
9 658463 1.0916
9 659550 0.649900335806336
9 659979 1.0916
9 661589 1.021645387918
9 661822 0.209818493738363
9 663489 0.0658
9 665516 0.455921374901024
9 668251 1.0552
9 671559 0.298801801415472
9 673768 1.611142501113
9 674298 1.8181
9 687205 0.891622531662073
9 688997 0.329200587595271
9 694453 0.77471085377979
9 719214 0.0217
9 723429 1.56904467870469
9 733915 1.23837715218366
9 734679 1.73239604335344
9 737885 1.0552
9 754151 0.411786936678364
9 757157 0.110918520237641
9 757522 1.19247977575432
9 763148 0.847455437044212
9 767958 0.600678379644077
9 782174 0.8731
9 783936 0.549978660141872
9 786348 0.010086545745488
9 792031 1.25986242496705
9 792183 0.261562562382821
9 804166 0.6626
9 806102 0.6046
9 809695 1.21430263949653
9 812082 0.3397
9 828638 0.127277387601064
9 834406 0.5839
9 834806 0.0263
9 837168 1.01299930614944
9 838355 1.1203
9 846119 0.4157
9 847806 1.02005214647512
9 848415 0.375151050373202
9 848845 0.46664527385398
9 855802 0.68
9 858735 0.297714273092125
9 862659 1.5897
9 863582 0.451048360299058
9 863635 0.860686825235807
9 865958 0.560499277839169
9 870415 0.3008
9 871235 1.355
9 873697 2.26125350371038
9 877740 3.00759465638091
9 877864 0.625893557292386
9 878563 0.59104131943649
9 900140 0.1399
9 905849 0.1644
9 921326 0.923128950459944
9 925986 0.488559922466674
9 926122 0.194032420291444
9 926762 0.24430615741082
9 929611 0.358572007381387
9 948601 2.84474907775304
9 964848 0.738601763932503
9 965196 0.982000286031073
9 967606 0.360790821708761
9 971066 0.851004647684135
9 971268 0.187318581375135
9 972169 0.674229226443871
9 979080 0.8582
9 984459 0.232853791077611
9 992694 1.16310649075559
9 1001922 0.0126568655483769
9 1013449 0.2738
9 1015896 0.8362
9 1019473 0.4953
9 1021255 0.3274
9 1023095 0.4804
9 1026015 1.0369
9 1033795 0.755003460684972
9 1062695 0.489267463140396
9 1075016 0.5812
9 1077862 0.103897085247107
9 1081020 0.8244
9 1088128 1.38938678307562
9 1090278 0.820067247241459
9 1090919 0.89036118084522
9 1094644 0.946597217641191
9 1104573 0.617371810406203
9 1106093 0.438018048298133
9 1106544 2.16036321901569
9 1107806 0.3445
9 1110315 0.9024
9 1111049 0.789195188948025
9 1116335 0.882950942810324
9 1121353 1.15020916530027
9 1133223 0.5504
9 1137018 0.0897
9 1142407 1.28143055649173
9 1187529 1.6124
9 1190341 1.05612391004126
9 1198020 0.0032
9 1201921 1.5914
9 1202523 1.017
9 1202524 0.02213023843436
9 1202545 0.8481
9 1206215 1.5894
9 1213024 0.1289
9 1224141 0.222533514085028
9 1229766 0.0742
9 1240607 0.2287
9 1240611 0.2287
9 1261127 0.39731276047534
9 1275707 1.76550770526714
9 1279573 0.414169033799309
9 1280934 0.149391742395878
9 1282993 1.0518
9 1287039 2e-04
9 1297287 0.687435140586868
9 1322698 0.598695809800899
9 1324127 0.677696747701487
9 1339009 0.60515641319261
9 1342721 3.66268627310575
9 1344935 0.729527103291985
9 1351790 1.74218501007691
9 1356014 0.6316
9 1373161 0.3122
9 1388929 1.3939
9 1394662 1.299
9 1399448 0.581722623996513
9 1399674 0.5597231318448
9 1404430 0.3863
9 1404922 0.1997
9 1407659 0.745821187281636
9 1409074 0.224952209705812
9 1409806 1.27049143245187
9 1429660 1.0415
9 1446332 0.8032
9 1447938 2
9 1450658 2
9 1455076 1.47607796883517
9 1455267 0.900509780842896
9 1455851 0.517026896711386
9 1457437 1.42889580165834
9 1471075 1.4622
9 1472056 1.4863
9 1490268 0.5058
9 1496606 1.42337325529675
9 1496686 0.491846701684987
9 1496693 1.13318759104543
9 1496877 1.2761
9 1497818 0.7706
9 1498505 0.6436
9 1501977 1.53029412122245
9 1502113 1.14953995585659
9 1509717 0.985849281550804
9 1512169 0.432412353450901
9 1514504 0.382346655385918
9 1520712 0.6165
9 1527227 0.6165
9 1527527 0.6165
9 1528456 0.298854749265431
9 1533965 1.16170070916425
9 1544077 1.0897
9 1548475 1.0897
9 1568904 0.0527295767173873
9 1571764 0.265999171541369
9 1573218 0.821494479688693
9 1594606 5e-04
9 1595741 2.54228268095994
9 1597788 1.02690832800644
9 1598293 1.60242580479608
9 1598302 0.517972629401347
9 1598501 0.278192968675248
9 1601179 1.3345
9 1610367 1.91604255898659
9 1625756 0.979041753360665
9 1628790 0.658665244550218
9 1642741 0.429161619827865
9 1645774 0.582622051018465
9 1659851 1.31928556337933
9 1667811 1.08099985130762
9 1668213 0.729999839205012
9 1671336 0.257973422756322
9 1684549 0.0651565841858465
9 1700717 1.15501491732787
9 1706863 0.581903197560388
9 1708778 0.19616253145205
9 1710488 1.87494201172057
9 1712303 1.65417742097569
9 1715820 0.7731
9 1717158 0.8146
9 1718272 1.3227
9 1721478 0.0516
9 1724840 0.082
9 1727399 1.5245
9 1731261 1.2837
9 1752674 5e-04
9 1755017 0.1375
9 1756794 1e-04
9 1771539 0.3805
9 1777553 0.2644
9 1780448 0.916957248243639
9 1785717 0.2203
9 1819327 0
9 1826590 0.8578
9 1827865 0.445247812498057
9 1851106 2.2969
9 1889663 0.714
9 1890088 0.714
9 1892018 0.714
9 1928115 2
9 1929030 2
9 1929502 2
9 1934199 2
9 1939556 2
9 1940832 0.263046073816014
9 1965945 0.184240346367311
9 1966150 2
9 1969946 1.34026275688369
9 1980819 2
9 1980947 2
9 1994204 0.4375
9 1995772 1.30487636570165
9 2007534 1.6213
9 2024639 0.635243168815722
9 2034666 2
9 2039776 2
9 2050567 2
9 2073162 1.2752
9 2102159 1.216
9 2107674 2
9 2111046 1.1214
9 2111505 2
9 2123639 1.31274332514024
9 2124583 0.210751403971726
9 2129107 0.29937533828266
9 2136468 1.17756549095438
9 2140197 0.279269398158808
9 2141969 0.222645843198969
9 2147710 0.3551
9 2150467 0.708431424787392
9 2155164 0.1215
9 2167664 0.0381517840945312
9 2194227 0.7204
9 2194911 2
9 2203544 1.62631723245636
9 2207184 0.6294
9 2211439 0.196905935539765
9 2211538 0.207971478751364
9 2211628 0.0114600262907429
9 2231608 0.619725091394312
9 2249520 0.249962420918861
9 2251704 0.624409754764016
9 2254681 0.831990370080327
9 2256269 0.0895
9 2266538 0.874371041131928
9 2276576 2
9 2277934 0.852851294222313
9 2279151 0.239607171213243
9 2281182 1.6515
9 2298146 0.2777
9 2299220 0.2777
9 2305756 2
9 2307096 2.21330877191827
9 2307144 2
9 2313271 1.7541
9 2315302 1.8601
9 2321409 1.8749
9 2324371 1.02534106969065
9 2324646 2
9 2328229 0.557493568307165
9 2328514 2
9 2330153 0.149329656931549
9 2339739 0.0274
9 2345563 0.3
9 2349844 0.179155534453597
9 2360237 0.487179540579577
9 2369563 0
9 2378559 0.3497051886651
9 2380408 2
9 2402791 2
9 2403730 2
9 2411572 0.987060677371157
9 2411646 2
9 2426602 0.52068342043935
9 2428377 0.3501
9 2430883 0.748230622612354
9 2435821 2
9 2436508 2
9 2443788 2.24907355495074
9 2446585 0.313296986870407
9 2448801 0.6487
9 2453208 2
9 2455959 2
9 2470281 2
9 2470881 2
9 2472410 0.2754
9 2476788 2
9 2476803 2
9 2477448 0.3633
9 2482003 0.2842
9 2483754 0.3633
9 2488764 0.0894
9 2489367 1.04466761941585
9 2490828 0.3338
9 2491666 0.1972
9 2493058 0.2049
9 2494323 0.8784
9 2500037 2
9 2510136 2
9 2511469 2
9 2540120 0.2128
9 2541910 0.949509631861445
9 2544091 0.1946
9 2550820 0.05
9 2558011 1.67868435638107
9 2560670 1.21275771227138
9 2585559 0.8935
9 2587521 0.8935
9 2589129 0.0078
9 2602079 2
9 2605893 2
9 2608442 2
9 2622554 2
9 2623615 0.0207
9 2624278 2
9 2626260 0.427043076073081
9 2626812 2
9 2627856 2
9 2676360 2
9 2678427 1.4946
9 2682839 2
9 2686224 2
9 2690299 2
9 2694339 1.0597
9 2694468 1.0861
9 2700716 2
9 2705970 2
9 2707310 2
9 2714512 0.6284
9 2719741 2
9 2737697 0.8155
9 2749138 0.062
9 2757650 2
9 2789450 2
9 2795985 2
9 2796409 1.4389
9 2814615 1.21182162051053
9 2855826 1.089
9 2863924 1.846
9 2868647 2
9 2882911 2
9 2890936 2
9 2922867 2
9 2923116 2
9 2925056 2.0978
9 2927402 2
9 2952720 2
9 2988280 0.118489748767724
9 2989567 0.666861698872517
9 3012438 0.193008985772469
9 3015465 2
9 3021680 2
9 3022270 2
9 3025293 0.340342726199951
9 3026251 0.814663081620054
9 3042517 2
9 3047991 2
9 3060818 0.4659
9 3061809 0.4659
9 3065110 2
9 3079253 0.3472
9 3088740 2
9 3094840 2
9 3124544 0.863881934455891
9 3133151 0.821320477842762
9 3135164 0.969953301070043
9 3136900 0.982329172448689
9 3137923 0.920140522413837
9 3139726 0.909247883815884
9 3141756 0.3083
9 3141831 0.47660466219564
9 3152112 1.5947
9 3152142 0.0545174250985901
9 3154893 1.5947
9 3159427 2
9 3173832 0.878684476936461
9 3189334 0
9 3192508 1.1845
9 3194613 0.7599
9 3200171 2.3813
9 3208337 1.0943
9 3220602 2
9 3237991 0.087
9 3241224 0.897044131163686
9 3244007 8e-04
9 3394094 0.0773472121851723
9 3414507 1.4508
9 3414733 2.99
9 3421997 1.0045
9 3474833 1.28428976956137
9 3526422 0.423627628995685
9 3531447 1.71397436943448
9 3542768 0.218419738174455
9 3566110 1.3022
9 3588340 0
9 3594189 0.2603
9 3604771 0.1953
9 3606157 0.0053
9 3650174 0.6272
9 3654427 0.825566549241624
9 3673169 1.0075
9 3673684 0.9295
9 3693566 0.9295
9 3696874 0.9295
9 3707143 0.479
9 3708604 6e-04
9 3736278 0.6131
9 3755353 5e-04
9 3759364 0.907841018896352
9 3765470 2
9 3773145 2
9 3773335 2
9 3787439 2
9 3788787 2
9 3793035 0
9 3793304 2
9 3813346 0.0244
9 3813531 0.626503398422439
9 3829188 2
9 3833480 1.4485
9 3836445 1.299
9 3838888 0.887285898282699
9 3865704 0.774
9 3890133 2
9 3901519 0.9469
9 3902075 0.1874
9 3918603 2
9 3929380 2
9 3932940 2
9 3938523 2
9 3953801 0
9 3956013 2
9 3959104 0.9918
9 3966514 1.1994
9 3991686 0.438498968014036
9 4014315 2
9 4019224 2
9 4024035 2
9 4033379 2
9 4035710 1.32688762504194
9 4050173 1.946
9 4051921 0.2256
9 4056480 0.3109
9 4058955 0.0273
9 4070279 0.4803
9 4076942 0.881156517075508
9 4091134 0.303
9 4099510 2
9 4110692 0.430282277258626
9 4129629 0.957799463181755
9 4129917 2
9 4131303 0.6803
9 4143590 1.69186160134284
9 4146246 0.537545043312251
9 4159206 1.04677603084259
9 4159399 1.44281612021562
9 4159696 1.01484738115776
9 4178098 0.1329
9 4179766 2
9 4180704 0.965462196596974
9 4182500 2
9 4184297 0.753189505507876
9 4185656 2
9 4189083 2
9 4189720 0.3976
9 4193531 1.05870607141322
9 4194407 2
9 4195308 2
9 4199527 1.3729
9 4203887 0.030896916670918
9 4207799 0.801367574478211
9 4209821 0.973175862378396
9 4218631 2
9 4223503 0.448964715807714
9 4228216 1.9011
9 4230008 0.0829
9 4232824 0.1182
9 4250071 2
9 4252171 0.4016
9 4252415 0.4016
9 4255176 0.911235646001669
9 4262666 2
9 4268004 0.2453
9 4279156 2
9 4283098 5e-04
9 4283137 2.5852691129273
9 4285986 0.7749
9 4290897 0.0056
9 4292119 2
9 4300654 0.8664
9 4305959 2
9 4313619 1.6347
9 4315247 0.4459
9 4316407 2
9 4316872 1.4856483756031
9 4316961 0.5818
9 4325656 1.0108
9 4325803 1.0108
9 4326243 2
9 4331760 1.22436487173403
9 4340537 0
9 4346221 0.9513
9 4352222 2
9 4356048 2
9 4385981 2
9 4392239 1.3628
9 4397708 0
9 4398218 2
9 4403059 0.1983
9 4403820 0.1983
9 4408397 0.7321
9 4408412 0.3878
9 4409734 2
9 4412058 2
9 4423874 0.552483858350385
9 4426631 0.67438720477782
9 4434012 2
9 4436318 2
9 4449421 2
9 4450495 0.171687599417209
9 4462639 0.216844032169612
9 4465556 0.1939
9 4467002 2
9 4469434 2
9 4479058 0.125258237971665
9 4482977 0.9811
9 4489090 2
9 4499361 1.0983
9 4518848 0.6431
9 4522151 1.98096970208705
9 4566698 0.49166913884561
9 4575120 0.158509898914458
9 4588115 0.217227851565766
9 4615221 1.8747
9 4628591 2.0226
9 4634667 1.5581
9 4644477 0.3268
9 4646774 0.4216
9 4648205 0.4332
9 4651692 0.0263
9 4654774 0.5075
9 4657794 0.4216
9 4657864 0.4332
9 4658369 0.4216
9 4658995 0.5075
9 4669520 0.641398142445372
9 4674406 1.44567844271623
9 4674722 0.262252652718584
9 4675672 0.244659194451392
9 4676871 0.805158773900271
9 4677647 0.504489690841178
9 4680407 0.0812195349296052
9 4682509 0.163862069300471
9 4683295 0.910385891072048
9 4695068 0.812
9 4695652 0.77731251151735
9 4699175 0.812
9 4706858 0.91941881901698
9 4707047 0.716561395891205
9 4718921 0.297315090946481
9 4719831 2
9 4722827 0.7861
9 4726759 2
9 4728484 1.10246089422936
9 4728852 0
9 4731040 2
9 4735326 5e-04
9 4735468 4e-04
9 4738036 2
9 4738451 2
9 4740520 0.1181
9 4740545 0.271077412690062
9 4745212 1.0924
9 4754877 2
9 4764843 0.1308
9 4765328 0.0255
9 4768503 1.03637985802261
9 4769647 0.1234
9 4773833 0.409159806391725
9 4775927 2
9 4776624 0.308559262765324
9 4776711 1.2056
9 4777960 1.62487406598459
9 4786985 0.1168
9 4793254 0.047195631332387
9 4806063 0.0365106006499036
9 4832624 0.402509054893109
9 4845242 0.2442
9 4855065 1.00919095454029
9 4858997 1.26432387288239
9 4860964 2
9 4863670 2
9 4869089 2
9 4884546 0.0695
9 4902707 0.0635
9 4903709 0.0309192218373102
9 4915043 2
9 4924997 2
9 4946989 2
9 4948979 0.828795533810903
9 4956697 0.351677774495969
9 4975442 2
9 4978816 0.0291
9 4988341 0.563257280847379
9 4988761 0.528661769360797
9 4991975 0.230776987240618
9 5005131 0.0078
9 5016145 2
9 5021191 2
9 5037569 2
9 5040203 0.53764801127178
9 5049065 0.878032741058423
9 5063199 1.93878924079728
9 5072846 0.480926171117668
9 5087596 0.912631330922738
9 5115588 0.270063644538425
9 5155758 1.0752
9 5218352 1.846
9 5237081 1.0752
9 5276598 0.393037571915252
9 5298958 2
9 5313710 1.06588165057943
9 5348281 2
9 5350821 2
9 5357801 0.5538
9 5359139 0.5538
9 5363563 2
9 5365761 0.502791578677371
9 5367664 2
9 5375221 0.0708
9 5397578 0.102506468581427
9 5398516 2
9 5399916 1.14685537479283
9 5418152 2
9 5439510 2.1421
9 5441882 0.929072207549354
9 5441961 0.189666874580573
9 5467955 0.904729068415171
9 5476045 0.918058740902231
9 5481275 1.68836580012864
9 5488594 1.02580682901764
9 5493906 0.106634200933037
9 5494842 0.0533642739943794
9 5495072 0.456289375045746
9 5498489 2.7977
9 5501460 1.34638416321999
9 5510040 1.4547
9 5526046 2
9 5526077 2
9 5538440 0.714866473572543
9 5636611 1.3897
9 5648131 2
9 5652684 2
9 5653755 1.7638
9 5673969 1.7509
9 5687271 2
9 5689302 1.702
9 5705213 2
9 5706392 2
9 5707078 0.636504972409734
9 5710774 1.9236356911945
9 5731835 2
9 5736983 2
9 5747187 2
9 5759599 2
9 5764314 2
9 5765210 2
9 5777250 2
9 5786059 1.8328
9 5797064 2
9 5815352 2
9 5817338 2
9 5822801 2
9 5827990 0.5012
9 5841438 1.97454510751017
9 5847251 2
9 5856823 1.4735
9 5856833 2
9 5866235 2.0835
9 5866344 0.0053
9 5869439 2.0005
9 5887074 0.0053
9 5893861 2
9 5902569 0.777745851693839
9 5926833 2
9 5938718 2
9 5940407 2
9 5951412 2
9 5953735 2
9 5955431 2
9 5959829 1.38120380759039
9 5991399 2
9 5995461 2
9 6028419 1.09456426780365
9 6047766 2
9 6059736 1.0491
9 6074494 0.4114
9 6078991 0.4114
9 6081804 0.418
9 6088628 0.405
9 6093132 0.4114
9 6102891 0.4114
9 6109516 0.8068
9 6112261 0.4838
9 6117291 1.054
9 6127921 2
9 6133014 2
9 6134466 2
9 6137521 0.1104
9 6154012 2
9 6156014 2
9 6193022 2
9 6221246 0.0156
9 6225535 2
9 6231239 1.63047123730819
9 6240953 0.515
9 6252689 2
9 6255152 0.0288
9 6261153 0.0288
9 6266440 2
9 6266958 2
9 6268204 2
9 6276216 2
9 6277317 2
9 6294976 0.0233
9 6306093 2
9 6342855 0.0288
9 6343945 1.05749451223126
9 6348355 0.0796
9 6354191 2
9 6391650 0.0233
9 6407843 0.0791
9 6415025 2
9 6423110 2
9 6424124 2
9 6432790 2
9 6448991 2
9 6462293 0.0241
9 6462813 2
9 6463640 5e-04
9 6528676 2
9 6534015 2
9 6535123 2
9 6541655 2
9 6550534 2
9 6555172 0.680880545957876
9 6584843 1.32562298979755
9 6587876 0.844981303975427
9 6591143 2.0617
9 6594434 0.9724
9 6599735 1.7379
9 6600789 2.1063
9 6631099 2
9 6632716 1.47033528415608
9 6637935 2
9 6647100 1.1266
9 6648386 2
9 6648845 1.0878
9 6654795 2
9 6660302 1.03183783317446
9 6666398 0.7216
9 6671339 2
9 6672860 2
9 6679992 1.1507
9 6681554 1.23737707470796
9 6682805 2
9 6685304 0.0970071870559323
9 6688472 0.661553140666322
9 6694080 2.0321
9 6695397 1.6573945791668
9 6706240 2
9 6711377 2
9 6716958 0.12758764835078
9 6727606 0.3215680589027
9 6729227 0.0011
9 6730216 1.175
9 6732371 5e-04
9 6743705 0.834466542126477
9 6744867 0.3904
9 6751506 1.0995
9 6771440 1.2694
9 6772447 1.2694
9 6773172 1.2694
9 6778971 0.460167686667587
9 6779277 0.0833124326796801
9 6782034 1.2154
9 6784867 0.725383392936896
9 6795052 1.0565
9 6797498 0.9288
9 6801422 0.2968
9 6817987 1.96976667895522
9 6821065 0.8744
9 6827316 2.31952686967211
9 6836407 2.6444
9 6854300 1.2694
9 6901440 2
9 6930297 2
9 6932149 2
9 6934679 2
9 6941001 2
9 6942643 2
9 6942910 1.92458243735468
9 6943471 2
9 6951275 1.13380031228063
9 6954557 0.948707874372478
9 6960540 0.139865569183209
9 6964642 2
9 6970806 0.4074
9 6974900 2
9 6975623 2
9 6976361 2
9 6976363 2
9 6982356 0
9 6984960 2
9 6985058 0.173100440375884
9 6985068 0.785248329662053
9 6987179 2
9 6989160 1.1870269164741
9 6991691 0.283476322416196
9 6994399 0.209942928763481
9 6995056 2
9 7014867 0.170894671679613
9 7022554 0.967311134079341
9 7024558 0.983554114858363
9 7024880 0.184640060894052
9 7028287 0.738503092477623
9 7030494 0.495221808905425
9 7031172 0.0864658368086425
9 7037180 0.831704677551675
9 7057701 0.2125
9 7067942 0.2201
9 7107078 0.106919038040142
9 7107847 2
9 7111804 0.369288438837222
9 7114632 0.390711761563659
9 7116757 0.422475639608178
9 7119428 0.1116
9 7138568 2
9 7142173 2.4244
9 7164637 0.3301
9 7167481 0.4356
9 7177908 2
9 7180929 2
9 7181734 2
9 7183750 2
9 7189669 2
9 7208342 2
9 7214739 2
9 7215524 2
9 7218852 2
9 7219238 2
9 7225030 2
9 7229073 2
9 7229427 2
9 7230778 2
9 7231224 1.7164
9 7232230 2
9 7244151 1.38493883964914
9 7251240 1e-04
9 7252767 1.11620820326343
9 7266780 0.339331588287823
9 7273573 2
9 7273837 0.306069646169178
9 7277049 0.151090269555531
9 7278330 0.290387447285203
9 7282382 0.110252993512719
9 7284763 0.167569998707418
9 7293271 2.0667
9 7301825 2
9 7303865 2.57321374644592
9 7316085 2
9 7317383 1.0622
9 7321630 1.9983
9 7325127 1.9685
9 7335597 0.0344705869141043
9 7336422 0.3274
9 7338263 2
9 7338542 1.6667
9 7341138 2
9 7344034 1.4644
9 7348662 0.507230917522934
9 7357840 2.1208
9 7359096 2
9 7362112 2
9 7362484 2
9 7374332 2
9 7392863 0.8939
9 7404345 2
9 7415834 1.2793
9 7426093 2
9 7439908 1.2168
9 7440499 2
9 7444092 0.3088
9 7447473 2
9 7447509 2
9 7451850 2
9 7471576 2
9 7473065 2
9 7474500 2
9 7474548 2
9 7480472 0.4164
9 7489720 0.3954
9 7506997 1.324
9 7512391 2
9 7512595 2
9 7513197 2
9 7521577 2
9 7524011 2
9 7528140 0.4851
9 7530859 2
9 7531543 2
9 7534603 2
9 7539353 0.4727
9 7539829 1.0516
9 7544957 1.2865
9 7550870 0.6992
9 7558839 0.6917
9 7564253 0.5816
9 7565921 2
9 7575019 2.7145
9 7588282 0.3427
9 7588816 0.3427
9 7596927 2
9 7598919 2
9 7600686 0.304870107154836
9 7604571 2
9 7646410 0.8649
9 7657721 2
9 7666757 1.054
9 7670606 2
9 7698812 2.7123
9 7713572 0.8204
9 7714045 0.8335
9 7722331 2
9 7738783 2
9 7756961 1.3652
9 7764377 0.707560663618392
9 7790261 0.1102
9 7790322 2
9 7791704 2
9 7800998 2
9 7811661 2
9 7814350 2
9 7819621 0.6264
9 7845903 0.8661
9 7848919 2
9 7854575 0.327492121908778
9 7871987 0.3397
9 7872844 2
9 7879650 2
9 7890622 0.374384153513038
9 7895068 2
9 7903859 2
9 7912547 2
9 7914762 2
9 7915682 0.789931371562735
9 7924047 2
9 7926142 2
9 7928846 2
9 7931214 2
9 7945787 2
9 7948403 2
9 7967801 0.19972002410966
9 7970004 0.683679992252221
9 7970146 2
9 7986898 0.627629588396683
9 8002943 5e-04
9 8006303 0.2262
9 8018054 0.0941639544389205
9 8029327 0.691019413525025
9 8045457 0.605652108318681
9 8068400 0.688665051239855
9 8070064 1.86253006554833
9 8073232 0.89597168276242
9 8077391 1.17780981735695
9 8078783 0.772850904226922
9 8097977 2
9 8098706 2
9 8105341 2
9 8110791 2
9 8111577 2
9 8113308 2.2967
9 8131384 1.55731392510234
9 8134456 2
9 8140651 2
9 8144973 2
9 8147912 0.0053
9 8149599 1.0944
9 8152271 0.4157
9 8155698 0.0899696724680343
9 8155761 1.52112357301029
9 8157313 0.118288660070184
9 8159378 0.0053
9 8177428 0.786
9 8193105 0.988886530659139
9 8194920 2
9 8202822 2
9 8212093 0.194503169340164
9 8215609 2
9 8223541 2
9 8226319 2
9 8227491 0.8056
9 8235328 2
9 8237664 1.51395013851456
9 8239748 0.26339052619043
9 8245320 0.37617881824526
9 8260602 0.399533520385292
9 8277634 0.0162456974696485
9 8282958 0.0750952241648017
9 8284789 0.0671324337263686
9 8293622 0.142834148219841
9 8302233 1.1861
9 8302261 1.1861
9 8304891 1.946
9 8305373 1.946
9 8306053 1.946
9 8310859 1.8124
9 8310870 1.9651
9 8332543 1.4928
9 8333986 1.01724722839343
9 8335377 0.0895667406763077
9 8342785 1.8051
9 8344457 0.655116691043228
9 8346754 0.352932496150607
9 8367582 2
9 8371405 2
9 8372553 2
9 8380543 2
9 8382720 2
9 8383549 0.10643428131016
9 8389841 2
9 8398021 1.58937582180366
9 8403747 2
9 8408346 0.8769
9 8408892 1.19533953512142
9 8409162 0.107252718511013
9 8410686 1.10251213531715
9 8415607 1.7669
9 8418715 1.585
9 8424985 0.659487210861228
9 8428492 0.838169421354576
9 8445864 0.56428510418154
9 8451816 0.873056602602003
9 8451817 0.26272512079403
9 8460591 1.4315
9 8470749 0.8779
9 8481028 0.6521
9 8504101 0.634
9 8514898 1.0875
9 8529877 0.9259
9 8554165 0.9698
9 8563354 1.011
9 8574577 0.8432
9 8578261 0.8418
9 8578416 0.3279
9 8608108 2.4778
9 8618924 2
9 8625856 0.8071
9 8640404 1.2774
9 8645430 1.0412
9 8661132 0.7834
9 8673450 1.3281
9 8690155 0.8851
9 8695305 1.0041
9 8722498 2
9 8737316 2
9 8742143 2
9 8752178 2
9 8752796 2
9 8755651 2
9 8762147 2
9 8772606 2
9 8773599 2
9 8774920 2
9 8775803 2
9 8777045 2
9 8782785 1.6052032618741
9 8782887 2
9 8788237 2
9 8791012 2.10286806004665
9 8791623 1.11087402918169
9 8798478 2.4111
9 8800813 2
9 8805253 0.5066
9 8805462 0.5066
9 8810447 0.1835
9 8816556 2
9 8838863 0.983764438774579
9 8841035 1.0075
9 8845049 2
9 8846506 0.9748
9 8846955 0.9748
9 8851329 2
9 8855125 2
9 8862261 2
9 8873732 1.02482017684955
9 8874366 0.597988671268623
9 8874786 1.99410680514214
9 8876553 5e-04
9 8884698 1.0551
9 8885739 0.103827629469203
9 8900238 0.0329078750135035
9 8908584 0.183913671321335
9 8910956 0.509714012937099
9 8912181 0.206270549522366
9 8920015 2.27595466115527
9 8924197 2
9 8924236 2
9 8928932 2
9 8929399 2
9 8929745 6e-04
9 8929889 2
9 8934445 1e-04
9 8934472 0
9 8935653 2
9 8944286 2
9 8948507 3e-04
9 8955509 2
9 8959182 1.9511
9 8965645 2
9 8974353 2
9 8983510 2
9 9006215 0.0263
9 9007646 0.291391476966197
9 9007899 0.447004417973475
9 9014667 0.2158
9 9019841 0.2158
9 9019970 0.973378595516694
9 9020101 0.2158
9 9023798 0.542
9 9024254 2
9 9025295 2
9 9036790 1.3085169738137
9 9044831 0.408858099764239
9 9060983 1.0257
9 9061331 1.0457
9 9065301 0.1246
9 9081911 0.6543
9 9086923 0.365870362339943
9 9089643 2
9 9139756 2
9 9152711 2
9 9152925 0.3896
9 9162600 1.7669
9 9164692 0.2277
9 9169317 2
9 9174276 1.47514054011951
9 9183012 0.165139209936003
9 9184781 0.590086074765469
9 9187272 0.409675189258493
9 9199809 0.353249975885324
9 9213334 2
9 9216800 0.1693
9 9221297 0.1486
9 9225172 2
9 9226580 2
9 9241938 2
9 9242148 0.066
9 9244667 0.1764
9 9245681 0.1764
9 9249969 0.2162
9 9252816 1.9944
9 9264439 0.0704939597266782
9 9280449 0.729993488258093
9 9286944 0.9436
9 9291888 0.92642464964764
9 9294171 0.173816078402754
9 9300845 0.259155734081549
9 9303111 1.1930449005511
9 9315585 0.220128821909525
9 9338353 0.490429198446313
9 9348896 5e-04
9 9351673 1.3765
9 9352329 0
9 9355896 0.576690489488011
9 9356894 1.12721629435814
9 9380535 0.107378587331063
9 9382470 1.15448899080509
9 9383359 1.56852532016951
9 9384643 0.567430789537281
9 9387386 0.0747542109102367
9 9387706 0.390493794065413
9 9388887 1.03421012993401
9 9391364 0.313467398695831
9 9391753 0.522710506232475
9 9394342 0.767746510971554
9 9420113 0.0617
9 9421324 0.099
9 9422115 0.099
9 9425395 2e-04
9 9425606 0.6876
9 9437445 2e-04
9 9441003 0.416870332892938
9 9450126 1.00786582922341
9 9467448 0.487439315253093
9 9470243 0.1904
9 9472206 2e-04
9 9474970 0.0103
9 9476212 0.1904
9 9479554 1.3125
9 9487332 0.241360161350714
9 9499455 3.1164
9 9501849 0.9512
9 9535217 0.883
9 9539164 2
9 9542820 2
9 9553360 1.2383
9 9553493 2
9 9572790 2
9 9576518 2
9 9579177 2
9 9580535 2
9 9588412 2
9 9589144 2
9 9590812 2
9 9593722 2
9 9595505 2
9 9602953 2
9 9629665 1.2045
9 9630855 2
9 9631694 2
9 9632921 2
9 9633239 2
9 9646116 0.592538633321409
9 9664088 0.499881728600195
9 9683033 2
9 9683443 2
9 9692839 2
9 9693299 2
9 9730454 0.799603280993355
9 9731508 2
9 9737939 0.4844
9 9741566 1.8188
9 9742685 0.472
9 9749181 0.4247
9 9750074 0.4362
9 9766791 1.0763
9 9778369 2
9 9789086 2
9 9801755 0.4357
9 9808459 0.3096
9 9832914 0.5381
9 9836864 0.8777
9 9840066 0.425935609590927
9 9845165 7e-04
9 9845350 0.7529
9 9895445 1.7259
9 9897866 2
9 9910170 0.0436
9 9925710 0.3342
9 9931637 0.3247
9 9965447 5e-04
9 9976713 0.981829946721901
9 9981005 0.4033
9 9983653 0.0742
9 9983877 0.1679
9 9989624 0.375615544913544
9 9990598 0.259
9 9990812 1.25846953027306
9 9992924 0.2745
9 10003764 0.2261
9 10004634 0.2261
9 10013687 1.12356669122864
9 10022344 1.7567
9 10048278 0.432115458125284
9 10051451 2
9 10052960 2
9 10064950 1.1468
9 10082839 2
9 10085295 1.5817
9 10086390 2
9 10089302 2
9 10096559 2
9 10097624 2.1127
9 10101245 0.147795764586717
9 10108817 0.838094897777743
9 10109689 1.5667
9 10115407 1.5378
9 10117101 2
9 10119748 2
9 10122033 1.66619160769453
9 10129883 1.4315
9 10129932 2
9 10130219 1.11973124127572
9 10133214 1.2689
9 10140327 2
9 10144584 1.2424
9 10149805 0.9431
9 10150891 0.724
9 10153128 2
9 10162161 0.9815
9 10169406 1.2689
9 10170529 2
9 10175938 2
9 10180371 1.8626
9 10196840 2
9 10198913 2
9 10207292 0.310227728969377
9 10211975 2
9 10223740 0.9214
9 10225114 2
9 10225212 0.1672
9 10226590 2
9 10234711 0.2308
9 10234839 2
9 10237972 0.2235
9 10238994 0.2235
9 10239181 2
9 10239614 0.136645812131152
9 10239842 1.7379
9 10239899 2
9 10240122 1.7505
9 10243927 0.760943732141169
9 10245871 0.681734388991113
9 10268223 1.04073036619385
9 10271380 0.658897799712896
9 10271544 0.2124
9 10271547 0.914601133850472
9 10271582 0.6415
9 10276736 1.5926
9 10278043 0.2715
9 10323737 0.901
9 10336273 0.6513
9 10347337 0.6913
9 10349774 0.5875
9 10357945 0.5335
9 10369118 2
9 10374386 0.1091
9 10383476 0.1091
9 10385183 2.2288
9 10388898 0.2532
9 10394073 1.53638821709609
9 10399318 0.1221
9 10408603 0.1091
9 10413213 0.196
9 10449433 2
9 10462105 0.1092
9 10468588 2
9 10474311 0.0263
9 10484214 2
9 10486440 2
9 10487130 0.320097963307278
9 10496589 0.645058414378945
9 10497048 0.9293
9 10504042 1.27817392811862
9 10507033 0.0078
9 10509682 0.8266
9 10510289 0.8756
9 10510683 0.0807
9 10510806 0.1678
9 10515583 2
9 10522652 2.26149939004959
9 10529358 2
9 10532173 2
9 10533978 0.804764523359689
9 10546204 2
9 10552932 1.15884563565631
9 10558304 2
9 10559797 1.0794
9 10562824 2
9 10582246 2
9 10592405 0.9033
9 10603029 2
9 10603102 2
9 10621742 0.721
9 10634079 0.1484
9 10641820 2.1912
9 10649873 2
9 10655642 0.0901
9 10657167 0.0901
9 10658293 0.0901
9 10665668 0.084
9 10667569 5e-04
9 10669697 0.0901
9 10670294 0.0901
9 10671017 0.0901
9 10671373 2
9 10695241 2
9 10698675 2
9 10710333 0.0948
9 10714724 2
9 10730496 2
9 10735803 0.0948
9 10738892 0.496460742864711
9 10741398 0.0170270490928931
9 10742008 1.08649136785985
9 10749606 2
9 10751661 2
9 10753557 2
9 10757518 2
9 10765855 2
9 10766609 2
9 10838505 0.9758
9 10844078 2
9 10861186 2
9 10875572 2
9 10879947 0.795241863104328
9 10887471 2
9 10888267 2
9 10893170 1.614
9 10899717 2
9 10902990 2
9 10935606 0.3523
9 10936564 5e-04
9 10945672 0.2341
9 10963529 0
9 10965989 2
9 10966647 2
9 10970165 2
9 10976491 1.3804033860154
9 10982122 2
9 10995828 2
9 10998240 2
9 11000607 2
9 11002546 0.2196
9 11005041 2
9 11007864 2
9 11012593 2
9 11012898 2.0406
9 11015155 0.336621024472683
9 11018537 0
9 11021112 2.0406
9 11033148 0.271344135963501
9 11033715 0.808789787305852
9 11045924 1.7473103364646
9 11046194 2.6463
9 11053314 2
9 11062746 0.181974106750194
9 11064526 2
9 11067593 0.2964
9 11075418 2
9 11077573 0.0507
9 11078351 2.05069866464426
9 11080715 0.0673503252854483
9 11084586 0.0904282545877921
9 11087715 0.582279177820247
9 11094560 1.38199853776805
9 11101636 1.9944
9 11105170 0.0581
9 11105421 2
9 11123085 0.067
9 11124108 2
9 11125790 0.0482
9 11132836 2
9 11138789 2
9 11139180 0.8765
9 11139637 2
9 11142482 0.8765
9 11158911 1.4844
9 11179631 2
9 11194626 1.5456
9 11194921 2
9 11195886 1.5456
9 11199226 1.5456
9 11204004 2
9 11217422 2
9 11219987 2
9 11222778 0.8111
9 11223222 0.2092
9 11223945 2
9 11224811 2
9 11235049 2
9 11235661 2
9 11238710 0.8225
9 11240255 0.8225
9 11242190 2
9 11243225 1.5066
9 11247205 1.4844
9 11248964 2
9 11254284 0.8821
9 11281921 2
9 11298470 2
9 11302167 2
9 11327345 0.8291
9 11338859 2
9 11345627 2
9 11364079 0.912417088007442
9 11377178 2
9 11379100 2
9 11382587 2
9 11383190 0.373394047813611
9 11397267 0
9 11401188 2
9 11407894 1.1089900604845
9 11411038 2.26033547866214
9 11426915 0.8553
9 11427570 2
9 11430659 2
9 11440636 2
9 11455910 2
9 11459394 2
9 11459601 2
9 11469190 2
9 11469426 2
9 11474608 0.572488042888304
9 11488348 2
9 11511465 2
9 11511860 0.157125629931543
9 11525541 2
9 11526913 2
9 11531348 0.0464
9 11536465 0.64218833044158
9 11548253 2
9 11557454 2
9 11562030 0.114417618894679
9 11565038 0.104713218500235
9 11574557 0.5032
9 11577053 1.81972650267234
9 11579273 0.595465323380701
9 11580309 0.5281
9 11583629 0.984668403061784
9 11585957 1.87110139483569
9 11597694 0.784700406962583
9 11599232 2
9 11606727 0.5543
9 11609546 2
9 11619068 1.45820689698473
9 11627083 0.344472409721867
9 11628764 2
9 11635378 2
9 11651326 0.424244311343015
9 11658910 2
9 11659390 0
9 11664924 2
9 11668257 2
9 11672095 0.465089005790245
9 11672495 2
9 11677296 2
9 11678802 2
9 11683979 0.9944
9 11685353 2
9 11688445 0.40959576984526
9 11689165 2
9 11695757 1.01526586593804
9 11696250 1.01818018103042
9 11699217 0.937042024161788
9 11700487 2
9 11703184 1.21627390683823
9 11706771 2
9 11709940 2
9 11713007 2
9 11715096 2
9 11716862 2
9 11725728 2
9 11731570 2
9 11732555 2
9 11736618 2
9 11740996 0.9902
9 11743119 2
9 11750890 0
9 11756684 2
9 11767921 2
9 11769727 0.9657
9 11772209 2
9 11783219 2
9 11784192 2
9 11790536 2
9 11792860 2
9 11799511 0.7448
9 11803104 0.8606
9 11806770 0.106705465987895
9 11819634 2
9 11823644 1.52123823528707
9 11825603 2
9 11834251 2
9 11839955 2
9 11843562 2
9 11866250 2
9 11868796 2
9 11874769 0.325123655734807
9 11877293 2
9 11884425 0.951955655556398
9 11888402 1.9944
9 11894654 0.5384
9 11909266 0.4593
9 11925565 2
9 11926419 2
9 11937163 0.424766667099469
9 11945743 2
9 11974290 0.5384
9 11984007 0.5384
9 12015248 0.7858
9 12026474 0.999812798372671
9 12026639 0.7858
9 12040116 0.0241
9 12045326 0
9 12068698 0.9414
9 12075316 2
9 12076198 0.8461
9 12086906 2
9 12088612 2
9 12090385 0.201504197420575
9 12095022 2
9 12101436 0.3578
9 12108916 0.0329
9 12109547 0.8269
9 12110411 2
9 12133233 0.0386
9 12140020 2
9 12153573 1.3367
9 12159917 0.4768
9 12165298 2
9 12165317 1.3272
9 12180594 2
9 12186876 3.1148
9 12199542 0.609350281360204
9 12200495 0.420376623627556
9 12205632 0.589446413463018
9 12208858 0.279029605597279
9 12223643 1.7408
9 12248629 0.142020577834522
9 12259139 2
9 12259902 0.938604741771237
9 12262340 2
9 12263593 2
9 12283703 1.3721
9 12293314 0.7854
9 12327032 1.6499
9 12332929 1.6933
9 12340002 1.7745
9 12340300 0.0330107825437246
9 12340857 1.22747457660734
9 12350794 0.278567198833352
9 12359802 0
9 12361382 0
9 12369419 0.0276857052890353
9 12375583 1.68675668070437
9 12377321 1.32787748507756
9 12381338 0
9 12386865 2
9 12388603 1.0359
9 12396731 0.487408015206027
9 12410979 1.0359
9 12420686 0.32408829566928
9 12421476 2
9 12434846 0.378956478929027
9 12443155 1.7669
9 12443586 1.75328614783524
9 12446555 1.44092193434067
9 12447205 2
9 12461937 1.54515878133648
9 12463056 1.88583309110041
9 12512207 0.7023
9 12515118 2
9 12518872 2
9 12527249 1.72076715118827
9 12528893 2
9 12529788 1.92496905378025
9 12531726 0.7394
9 12599803 1.0759
9 12625571 1.9643
9 12636475 1.04908874790321
9 12648571 2
9 12648831 0.384836909184888
9 12648916 0.0731744930199985
9 12674531 1.42847334648392
9 12675264 1.0293912047444
9 12677351 2.0271
9 12677667 1.8903
9 12689313 0.243074064082141
9 12716429 2.05861283571506
9 12739314 0.4864
9 12744071 0.7675
9 12745527 0.7542
9 12760648 0.4997
9 12761820 0.4997
9 12762880 1.8474
9 12763002 1.3859
9 12763810 0.4997
9 12775856 1e-04
9 12792208 2
9 12793249 1.0726
9 12794834 0.9505
9 12801149 2
9 12818409 0.8807
9 12831376 1.3839
9 12834677 0.421
9 12844892 0.1309
9 12846078 0.4103
9 12849650 0.3313
9 12853277 2
9 12864766 2.9981
9 12868447 0.7005
9 12869144 2.9979
9 12869720 2.9979
9 12870810 2.1974
9 12890234 0.1816
9 12891169 0.1816
9 12893357 0.1813
9 12896093 0.776
9 12898095 0.2053
9 12898299 0.4075
9 12899791 0.4916
9 12902978 2
9 12914906 0.396797342531319
9 12927112 0.461751924881591
9 12928735 2
9 12948607 0
9 12954667 2
9 12955480 2
9 12955637 2
9 12956298 2
9 12956313 2
9 12957420 2
9 12958650 2
9 12961276 0.791883053604411
9 12964701 0.679624362079152
9 12968515 0.754526142361285
9 12969515 0.428678890572594
9 12996409 2
9 12999187 0.564962940779484
9 12999271 1.67436120125436
9 13012788 1.37473906238238
9 13014405 2
9 13037089 2
9 13039542 5e-04
9 13051713 2
9 13052571 2
9 13058334 2
9 13063842 0.8511
9 13073882 0.229657163301446
9 13077703 2
9 13094519 0
9 13100972 0.181638960638628
9 13109608 2
9 13126471 1.86653639018507
9 13158959 0.537684775078836
9 13236274 3.2003
9 13259826 2
9 13325392 0.3132
9 13342657 0.2863
9 13345335 0.0432
9 13361693 2
9 13382992 2.0328
9 13464757 0.2094
9 13467357 2
9 13468195 2
9 13470510 2
9 13473467 0.0507
9 13475593 2
9 13493591 2
9 13507163 2
9 13512444 1.5566
9 13515001 0.005
9 13522624 2
9 13547222 2
9 13550717 2
9 13551033 0.9508
9 13552385 0.886464237339878
9 13555075 0.6579
9 13565822 2
9 13566853 0.6579
9 13567094 0.6579
9 13590419 2
9 13592180 0.5081
9 13594443 2
9 13599059 1.61062871343012
9 13600899 0.171820903920736
9 13603328 2
9 13609120 1.14733138956341
9 13627139 2
9 13663538 2
9 13664206 2
9 13688244 0
9 13712993 2
9 13715999 0
9 13717301 2
9 13728875 2
9 13730666 0.989934905572286
9 13731156 2
9 13738673 0.126484326372005
9 13741641 1.3089
9 13746121 0.35913008133521
9 13746635 1.3341
9 13747853 0.561422085413819
9 13749223 1.3341
9 13754582 0.851472818460684
9 13771324 0.12367683850637
9 13773099 1.29265398255121
9 13781485 0.212494805956656
9 13790808 1.04885067406374
9 13798291 2
9 13822387 1.1832
9 13829548 0.843
9 13840636 0.0335
9 13872561 1.2325
9 13876221 1.0879
9 13881564 0.103119275914052
9 13885634 1.3783
9 13889802 1.48240519989738
9 13898881 1.4908352112537
9 13901558 1.11707578202031
9 13902515 0.800828341627707
9 13924899 2
9 13927373 0.275241345221205
9 13956441 1.66080803127261
9 13956850 2
9 13966119 2
9 13981849 2
9 13987525 2
9 13996136 2
9 14000245 2
9 14007211 2
9 14007462 5e-04
9 14007464 5e-04
9 14008510 2
9 14013562 0.412912875247838
9 14013956 1.00076960431939
9 14016256 0.0264
9 14017544 0.588915818164599
9 14018559 1.4172
9 14018789 1.69460536546888
9 14019744 1.20017730123344
9 14021936 2
9 14030626 0.419412275935427
9 14032024 0.0968
9 14034247 1.1662
9 14037832 0.3528
9 14038454 0.093
9 14042305 2
9 14044178 2
9 14048324 0.1056
9 14060482 2
9 14159461 2
9 14163328 0.0107
9 14163478 2
9 14184905 1.2206
9 14185314 0.1086
9 14197182 0.0404
9 14198748 0.0404
9 14204748 0.0206
9 14204795 2
9 14205170 0.5845
9 14206836 0.5336
9 14222417 0.0546
9 14234666 1.3759772200301
9 14237633 0.1782782323082
9 14241818 0.842207422481981
9 14260685 1.5716
9 14277344 0.1124
9 14289789 0.0107
9 14306885 1.0574
9 14341027 2.2356
9 14346395 0.255410169985878
9 14371381 0.9428
9 14382210 1.00033321622048
9 14396834 2.37071309523157
9 14401359 0.220628666007839
9 14403586 0.433305653005294
9 14414411 0.0933
9 14432308 0.0222
9 14434893 0.0222
9 14438037 0.444390086923486
9 14448499 0.1261
9 14448807 0.1261
9 14455078 0.4986
9 14464795 2
9 14472276 2
9 14473226 2
9 14511647 0.410335364744123
9 14528515 2
9 14537388 0.1866
9 14540493 0.0102
9 14562632 2
9 14565817 2
9 14565984 2
9 14575562 1.2851
9 14577958 2.4553
9 14579622 0.2972
9 14582793 1.0645
9 14586693 1.87666471472647
9 14589696 1.25620665088185
9 14601823 1.0645
9 14602933 1.10030600517756
9 14604571 2
9 14620927 0.141201203605825
9 14627672 1.5498
9 14629045 2.4553
9 14638991 0
9 14644172 2.4111
9 14654283 2
9 14654397 2
9 14661215 0.0292
9 14662173 2
9 14684065 1.33176155361103
9 14686453 0.2468
9 14688855 2
9 14705782 0.6442
9 14708675 2
9 14720363 1.1686
9 14720568 2
9 14726392 1.1686
9 14746848 1.0059
9 14751965 2
9 14766646 0.0078
9 14768162 1.68357003008752
9 14771566 1.1037
9 14773259 2
9 14775781 1.04651439577152
9 14782369 1.78547978451315
9 14790843 0.851766942693539
9 14792270 0.0078
9 14799200 1.5293
9 14800782 2
9 14803332 5e-04
9 14806850 0.7578
9 14807196 2
9 14811281 0.0681
9 14818799 0.7578
9 14828648 0.423
9 14830012 0.704468635140026
9 14846996 2.2653
9 14852493 0.640549817252812
9 14860918 0.4404
9 14864762 2
9 14869790 0.3481
9 14904761 0.852389797053295
9 14908058 2
9 14912404 2
9 14933904 2.13
9 14941674 2
9 14944108 2
9 14945269 2
9 14947353 2
9 14959735 2
9 14968982 2
9 14970193 2
9 14979868 2
9 14986343 2
9 14992316 1.7584
9 14997693 1.7304
9 14999993 1.7584
9 15006008 1.2081
9 15018003 2.6501
9 15019033 0.74388548448855
9 15024496 2.6501
9 15036162 2
9 15037968 2
9 15046302 2
9 15054312 1.7882
9 15058899 2.5928
9 15061375 5e-04
9 15061530 0.9019
9 15061931 0.975205961987789
9 15072310 2
9 15080856 1.26429591800349
9 15083615 2
9 15095964 0.2638
9 15097556 1.4241
9 15099733 1e-04
9 15101327 0.2638
9 15108468 0.2638
9 15110425 0
9 15119403 0.237891180171908
9 15122884 0
9 15130650 2.13
9 15133517 2
9 15149673 1.1986
9 15170554 0.4648
9 15201747 0.7647
9 15212830 1.0133571984138
9 15216096 0.8803
9 15234761 2.5413
9 15242898 0.317048524879925
9 15246167 0.0415303063701759
9 15249433 1.6697
9 15255363 2
9 15258126 0.443354271611041
9 15275584 2
9 15277342 2
9 15289580 1.04939983244196
9 15291360 0.412411856691022
9 15295485 0.238186078064335
9 15296847 2.622443941075
9 15325356 2
9 15348380 0.923677293494794
9 15355786 0.157661773954651
9 15365104 0.3063
9 15365263 1.6684
9 15367761 0.6728
9 15379400 0.3063
9 15382443 0.8793214150444
9 15385133 2
9 15386435 0.7388
9 15386856 0.789822062033796
9 15395283 0.0522
9 15397136 0.0522
9 15398395 0.0522
9 15399067 0.0522
9 15407476 5e-04
9 15423550 0.0756
9 15457803 0.0756
9 15477389 1.37291434623035
9 15520153 2.8355
9 15559747 1.35831783204099
9 15576116 0.697932211230144
9 15578532 0.489301724868656
9 15585049 2
9 15633074 0.0585684029242516
9 15641980 1.89026129069594
9 15665061 1.9753
9 15665114 1.9511
9 15666416 1.5752
9 15675839 1.1832
9 15689565 1.14202948600039
9 15692564 0.0273
9 15693227 0.726410319855087
9 15704339 0.281475247219229
9 15707319 0.733475012872747
9 15710395 0.012067489014278
9 15719660 1.09774161644891
9 15766663 0.821313783740046
9 15780530 0.0511818506538239
9 15791613 1.36244727016767
9 15792154 0.575062691683608
9 15799345 0.0225288390979177
9 15799726 0.0646314227896533
9 15800344 0.396134736683018
9 15800848 0.674706276801854
9 15803307 1.5893
9 15811982 0.751025008593515
9 15814632 1.64632507927782
9 15820365 1e-04
9 15822777 0.234813920310597
9 15823669 0.807010216014191
9 15826900 1.64787497406929
9 15830020 0.182586818284193
9 15831023 2.4553
9 15839979 0.117376928359217
9 15847099 0.102177613575993
9 15855094 0.777900856579227
9 15856601 1.41933575350641
9 15858340 0.117691977324236
9 15861689 0.891798790722368
9 15866369 1.42358194311604
9 15870467 0.448320119975907
9 15883633 1.63225187104574
9 15893450 2
9 15895836 2
9 15895895 1.08791921314359
9 15909399 0.8532
9 15920012 2
9 15926510 1.14117058051163
9 15952199 2
9 15955371 2
9 15958682 2
9 15995122 2
9 16000728 0.373737071581274
9 16009324 0.067
9 16030537 0.1233
9 16039225 0.163
9 16042193 0.163
9 16047295 0.1593
9 16064776 2
9 16076494 2
9 16077161 2
9 16079298 2
9 16095875 1.0451
9 16103837 0.712650126942288
9 16152219 0.738976764893294
9 16211368 2
9 16212768 0.5082
9 16218661 1.0643
9 16220215 2
9 16227146 2
9 16228063 1.0245
9 16229249 2
9 16233087 0.089785987904328
9 16237616 2
9 16239275 2
9 16244122 2
9 16262045 2
9 16285318 0.293404907351224
9 16286872 2
9 16293568 2
9 16295380 1.51225039910318
9 16302657 0.395702791073905
9 16306256 1.59386207496092
9 16317183 2
9 16320129 2
9 16322651 2
9 16324065 1.36974945867205
9 16328139 0.0131641765407483
9 16328607 2.43072609542082
9 16355852 1.17887716700611
9 16359986 2
9 16366268 0.9718
9 16368871 0.7965
9 16371987 2
9 16373547 0.676159141535595
9 16378275 0.93
9 16386854 0.947729853834687
9 16390631 0.493443532018601
9 16396332 0.234946265528958
9 16399021 2
9 16416802 2.5895
9 16433007 0.478998608176124
9 16438109 1.6466108023624
9 16442312 0.523094828244295
9 16449849 5e-04
9 16453684 0.231272426979577
9 16459995 2.5895
9 16470865 0.6187
9 16479562 1.4799
9 16480628 1.4989
9 16482643 1.5087
9 16493838 0.608444669129208
9 16495989 2
9 16496650 2
9 16505875 2
9 16518440 1.9629
9 16520960 2
9 16578649 5e-04
9 16586136 2
9 16588195 2
9 16613116 2
9 16614088 2
9 16633793 2.0405
9 16638462 2
9 16640684 2
9 16645244 2.3111400183742
9 16664761 2
9 16668967 2
9 16671731 0.663116501932971
9 16676603 0.0283326434322152
9 16681995 2
9 16686325 2
9 16687209 0.1462
9 16692796 0.0053
9 16694838 2
9 16699010 2
9 16704218 2
9 16706027 0.0383
9 16712249 2
9 16726121 1.73060113303075
9 16737026 2
9 16741670 0.0499
9 16742600 0.0441
9 16752200 2e-04
9 16752429 0.0499
9 16754936 0.0499
9 16755344 0.0441
9 16758326 0.0441
9 16758651 0.0441
9 16777459 0.0383
9 16783484 0.15079004162545
9 16784129 0.0386
9 16795288 0.2442421994017
9 16821842 1.0794
9 16841779 0
9 16849210 2
9 16858086 2.20870464111978
9 16862937 2
9 16874909 2
9 16880948 0.709303414335923
9 16889332 2
9 16894805 0.192746215466828
9 16894955 2
9 16895020 0.0263
9 16895831 2.09369705774504
9 16895899 0.141940607260628
9 16900123 0.490556494713207
9 16900543 0.915742350999434
9 16900579 0.5307762916641
9 16904848 0.0113658411972321
9 16906683 2
9 16907586 0.0734060962520513
9 16907916 5e-04
9 16907978 2
9 16908001 0.1757
9 16913475 0.829472676290583
9 16925588 0.1309
9 16927561 0.496659183599159
9 16929844 1.17641965427944
9 16938875 1.04173759196074
9 16940334 2
9 16942339 0.3033
9 16944308 2
9 16946399 0.8784
9 16968833 0.381891084259001
9 16971272 0.239056277309587
9 16974893 1.5577
9 16977320 0.7307
9 16977529 5e-04
9 16977557 2
9 16987834 1.0217
9 16987921 1.1039
9 16998006 0.9492
9 16998234 2
9 16998249 2
9 17003272 0.5831
9 17015869 0.346010672509437
9 17019860 0.932599161454266
9 17025697 0.539694817357978
9 17027409 0.309951294602548
9 17029430 2
9 17034021 0.491094126751119
9 17044715 2
9 17044776 2
9 17050877 0.0971000223045838
9 17055912 0.186218785396215
9 17056228 0.818787210609118
9 17058289 2
9 17060682 0.331696904929595
9 17062836 0.42501924259755
9 17067475 2
9 17078552 2
9 17094539 2
9 17095291 2.01896110242285
9 17101299 2
9 17115416 2
9 17115495 2
9 17116094 2
9 17123286 2
9 17255228 0.4537
9 17255539 0.4537
9 17262162 0.4537
9 17266342 0.4537
9 17278728 0.4537
9 17283134 0.4537
9 17293027 2
9 17293781 2
9 17295262 2
9 17300066 2
9 17312888 2
9 17318683 2
9 17320394 2
9 17327137 2
9 17328961 2
9 17338188 2
9 17343118 2
9 17343842 0.3741
9 17345389 2
9 17348554 2
9 17350845 2
9 17352812 0.3741
9 17353634 3.1147
9 17353906 0.4537
9 17354529 2
9 17355784 2
9 17355892 2
9 17358465 0.4537
9 17364834 2
9 17365733 4e-04
9 17372962 2
9 17377416 2
9 17388712 2
9 17389348 2
9 17389855 2
9 17402274 2
9 17405333 0.5709
9 17409558 2
9 17419350 2
9 17422575 2
9 17432634 2
9 17454687 2
9 17465066 2
9 17476021 0.0056
9 17481299 2
9 17481348 0.1028
9 17481648 2
9 17483621 2
9 17494876 0.0897
9 17501671 1.7015
9 17521119 0.653872142271987
9 17531877 2
9 17532842 2
9 17539234 2
9 17545569 0.255826888255742
9 17555582 2
9 17559692 2
9 17582279 0.00225073767887908
9 17589450 2
9 17590301 0.3316
9 17610213 2
9 17613836 0.7713
9 17618367 0.884457331480725
9 17621967 0.168437056491516
9 17623041 0.406680452161603
9 17636247 2
9 17637198 0.3984
9 17639637 2
9 17647498 2
9 17647704 1.6565
9 17656325 2
9 17656748 0.192813768251866
9 17658903 2
9 17678844 1.1559
9 17687532 2
9 17694915 2
9 17696510 2
9 17703770 2
9 17707679 2
9 17732913 0.276389207311443
9 17734387 2
9 17739212 2
9 17742669 2
9 17745423 0.0472836113947082
9 17745671 2
9 17745818 2.2330857845744
9 17746163 2
9 17747281 2
9 17753629 2
9 17762895 2.8948
9 17769009 0.6878292134921
9 17769237 1.2474
9 17774256 1.2474
9 17775084 0.322137779010402
9 17775099 0.398437750276182
9 17777823 1.67172503313296
9 17780480 0.478724281230123
9 17819431 0.511019600068811
9 17852139 0.9724
9 17873231 0.3811
9 17873790 0.6482
9 17882197 0.6647
9 17887327 0.9404
9 17888419 0.8486
9 17898167 0.0107
9 17918046 0.716
9 17918338 0.314
9 17939172 2
9 17962920 0.3963
9 17963125 0.3963
9 17970861 1.57664472416368
9 17976627 0.0101
9 17976860 0.0101
9 17977991 0.5498
9 17997364 2.06105437636771
9 18035868 2
9 18055366 0.5261
9 18061938 2
9 18077286 2
9 18080479 2
9 18083357 2
9 18104141 0.358528678817123
9 18117138 0.0256195420814596
9 18126527 0.773504787316924
9 18127681 1.69498946745598
9 18128575 0.68990627327078
9 18135053 0.101347079303084
9 18143974 1.5295
9 18145356 2
9 18146824 2
9 18160880 0
9 18169244 0.216451251433347
9 18176010 1e-04
9 18176295 0.8511
9 18195042 0.592746484606786
9 18199969 0.4798
9 18217963 0.709611480516811
9 18221751 0.697
9 18231267 1.58710802447949
9 18234832 0.155625202444654
9 18259762 2
9 18266635 0.679145224032338
9 18272758 2
9 18277620 0.00294237797983433
9 18290787 0.8298
9 18301197 0.0892589260889501
9 18317920 0.864782120691924
9 18331118 0.553287256144091
9 18332689 0.5411
9 18363476 0.0098315254671272
9 18364505 0.0582687381804505
9 18372640 0.716
9 18394930 0.515786115312173
9 18401712 0.511899530258983
9 18410087 0.486406925078571
9 18411162 1.0567
9 18432387 0.927692629517586
9 18432594 2
9 18444140 0.502769454209204
9 18449090 1.3556
9 18458690 0.131655116975201
9 18463396 0.584963096872493
9 18484272 2
9 18486457 2
9 18519315 0.8423
9 18535822 1.2866
9 18540394 0.6428899792271
9 18541260 2
9 18556235 2
9 18568742 2
9 18574696 2
9 18581533 1.127
9 18597406 2
9 18602405 0.884739248302493
9 18605773 1.127
9 18614429 0.0314637544276944
9 18615436 1.127
9 18626916 0.822301946906514
9 18628110 0.788115069470404
9 18628294 0.587420210963278
9 18629820 2
9 18632130 0.318248974822751
9 18639789 0.485866879669895
9 18641706 2
9 18646146 1.6822487375804
9 18649536 0.0078
9 18652239 1.544
9 18654353 0.266612016076515
9 18657021 0.951579861583682
9 18659921 0.1002
9 18692772 0.3241
9 18701529 1.02171989504708
9 18712470 0.774324513318252
9 18715445 0.482893268283183
9 18723630 0.419510028968465
9 18724227 0.0707
9 18729108 1.42960885120037
9 18743678 0.302957078092482
9 18746563 1.05020275760629
9 18755461 0.512258013540969
9 18760667 0.451289137989719
9 18767832 1.4586
9 18786814 1.4305
9 18794638 0.601624608571954
9 18795034 0.850440838245924
9 18802531 0.261857420942807
9 18834005 2.4047
9 18835310 0.8068
9 18836299 2
9 18858920 0.0623928711550787
9 18870110 0.279457171605063
9 18872160 0.486971419667037
9 18877270 0.802470301306757
9 18880237 0.0713805380868708
9 18883775 1.893
9 18887289 0.0790050572008398
9 18889214 0.512300308572842
9 18891287 0.420817999533583
9 18891455 0.348245873399508
9 18911246 2
9 18911286 2
9 18911630 2
9 18918713 2
9 18922255 3.1148
9 18922776 1.37724069527238
9 18935821 2
9 18950288 2
9 18952914 2
9 18954141 2
9 18957442 2
9 18960902 2
9 18962488 2
9 18966705 1.6243
9 18966719 2
9 18968599 2e-04
9 18973920 2
9 18977757 2
9 18978627 2
9 18980855 2
9 19002002 1.6453
9 19012095 2
9 19017046 2
9 19023848 2
9 19034391 2
9 19036047 2
9 19060962 2.2852
9 19063972 1.4705
9 19088127 1.1214
9 19120754 0.6742
9 19129144 2
9 19130613 2
9 19132053 0.268951340929017
9 19143739 0.150743577590401
9 19151705 0.2911
9 19153064 0.0187302151139929
9 19153501 0.231929603728087
9 19158262 0.691049585019237
9 19170327 2
9 19175112 1.84342853335681
9 19178721 2
9 19187352 1e-04
9 19219871 0.300616149500033
9 19222553 0.712269635494703
9 19228003 0.0675438060927607
9 19234315 0.0818
9 19235049 1.02889047937815
9 19244483 2
9 19246139 1.0313
9 19248661 2.0202
9 19249087 2.0202
9 19254073 1.0069
9 19254451 0.827772574426496
9 19259354 0.744056194847625
9 19260338 0.300123085963492
9 19261986 0.716922982666542
9 19263396 2.0202
9 19266143 0.88743383980714
9 19272535 0.00372584267123034
9 19278996 1.14091876624491
9 19279691 0.360409299585823
9 19279855 1.26363754621668
9 19289961 1.3428
9 19293676 0.1278
9 19296936 0.1278
9 19302838 0.187008309785559
9 19303230 1.06069367220427
9 19305961 1.61475894066117
9 19314433 0.766128466971539
9 19321952 0.852033306463045
9 19357232 0.874
9 19360572 0.9235
9 19363523 1.0069
9 19386375 0.209224951669867
9 19395779 1.32107881472677
9 19397505 1.61043885178941
9 19417762 0.5325
9 19419448 0.5325
9 19424297 0.6449
9 19426981 0.5858
9 19429426 0.5858
9 19430194 0.5858
9 19452701 2
9 19457613 0.103714468321528
9 19469194 2
9 19477831 2
9 19478453 1.292679795159
9 19481870 0.4729
9 19519701 2
9 19549639 0.1255
9 19563831 5e-04
9 19569672 0.1462
9 19574891 0.0502
9 19603780 0.556433537109382
9 19605266 1.3456
9 19613011 0.647709672677929
9 19646060 0.1188
9 19655269 2
9 19658530 2
9 19659566 1.68621999587212
9 19674376 0.220878493337934
9 19696555 0.334999937928826
9 19698468 0.381056815548726
9 19709369 0.637456010422274
9 19728222 1.6851
9 19740101 2.3674
9 19742388 2
9 19767460 2.07231069243583
9 19794530 1.8383
9 19794882 2
9 19795941 2
9 19825413 2
9 19826406 2.17889735309649
9 19827515 2
9 19833980 2
9 19855690 1.37224784045132
9 19865276 0.247337304957406
9 19865304 0.696601781388413
9 19874078 2e-04
9 19875940 2
9 19878338 0.216624102873766
9 19884564 0.661160931263739
9 19888598 0.852861974053728
9 19891506 0.403009279012303
9 19892277 0.488145058726147
9 19933467 2.0834
9 19935322 0.6412
9 19950036 0.527596981367135
9 19950400 0.421264114833682
9 19952330 0.153538640992078
9 19962589 0.0325
9 19963360 1.6183
9 19964404 0.837661850275378
9 19985054 0.36163886943804
9 19990969 5e-04
9 20000107 2
9 20001784 2
9 20003585 2
9 20010314 0.209997410830227
9 20014175 2
9 20016260 0.276648437992368
9 20027325 0.989015550463434
9 20034326 2
9 20044953 2
9 20046323 2
9 20046683 2
9 20050379 2
9 20056806 0.347993038797356
9 20057927 2
9 20063035 0.172304613058162
9 20069013 0.5636
9 20069420 2
9 20088625 2
9 20092342 2
9 20100288 2
9 20102311 1.2499
9 20116153 1.2021
9 20118751 0.8424
9 20132467 0.0263
9 20176248 2
9 20176360 2
9 20180391 1.74620123124146
9 20186461 1.3538
9 20187947 2
9 20189132 1.1826053984817
9 20199912 1.2472
9 20200591 0
9 20209259 0
9 20223240 1.2172
9 20224763 1.2172
9 20234479 0.524237052469009
9 20235883 0.307478939648885
9 20237052 0.813699090751708
9 20239712 1.2172
9 20245651 2
9 20259530 2
9 20262892 2
9 20264105 1.791
9 20267023 0.7683
9 20267367 5e-04
9 20274538 0.5636
9 20282324 2
9 20302984 1.6787
9 20316447 2
9 20350602 0.6156
9 20396306 2.6292
9 20421205 0.8285
9 20464364 0.2873
9 20482346 2
9 20491438 0.9484
9 20510591 2.784
9 20535501 1.79205863518829
9 20549551 2.2228109559498
9 20559728 0.722629211422587
9 20572700 0.809032704047263
9 20578543 0.500953435451947
9 20579029 0.496391723242935
9 20584125 0.0837549625586017
9 20662650 2
9 20669941 2
9 20672660 2
9 20676902 2
9 20679281 2.3034
9 20708762 2
9 20711054 2
9 20718505 5e-04
9 20723321 1.3952
9 20735235 2
9 20750143 0.087
9 20756548 0.1947
9 20762927 2
9 20765098 2
9 20768040 2
9 20777850 0.179159553111879
9 20783671 1.39589840904308
9 20785447 0.087
9 20797174 2
9 20808246 2
9 20815134 5e-04
9 20817836 0.0933
9 20827115 2
9 20837544 0.4381
9 20849609 0.0933
9 20858051 3.1144
9 20887023 0.1165
9 20888733 2
9 20896916 2
9 20901319 2
9 20911834 2
9 20920375 2
9 20920444 0.0897
9 20925922 1.2557
9 20938946 2
9 20940933 2
9 20947842 2
9 20957155 2
9 20957677 2e-04
9 20957830 2.8714
9 20958401 2
9 20959900 2
9 20963340 2
9 20973848 1e-04
9 20978307 2
9 20995374 0.1913
9 21022228 2
9 21026801 2
9 21027265 2
9 21046675 2
9 21054508 0.7721
9 21063589 0.394
9 21081442 2
9 21096167 0.514270518500571
9 21122024 2
9 21124364 1.58155470925259
9 21130692 2
9 21132665 2
9 21151554 2
9 21153307 2
9 21163083 0
9 21168484 1.17584409005731
9 21174644 1.42486506973091
9 21184289 0.398089497571925
9 21187312 1.92171133282082
9 21188271 0.613704320677855
9 21192846 1.23924428797021
9 21193512 1.49589678196734
9 21194210 0.291085694221088
9 21196516 1.02370426396603
9 21204223 2
9 21204990 5e-04
9 21214897 0.393484252399395
9 21218986 0.77801152172789
9 21226589 1.25827820411055
9 21228379 0.675761635606379
9 21228424 1.04517517341154
9 21232146 1.89306230860067
9 21261543 0.195804206912687
9 21276272 2
9 21277551 0.493287914298278
9 21283061 0.456160443947643
9 21284048 2.37509744016975
9 21284481 0.544298088785218
9 21286289 1.04028803999803
9 21300726 1.8639157097065
9 21310834 0.842104446758793
9 21317277 1.72584505860738
9 21318387 1.7528819114547
9 21366262 2
9 21366413 2
9 21378326 2
9 21391699 0.255117622658329
9 21437848 1.1653
9 21443549 0.0263
9 21488775 2
9 21493864 2
9 21516773 1.19824348048373
9 21517303 0.5905
9 21525573 2
9 21530542 2
9 21545528 2.8948
9 21558031 0.566
9 21576652 0.0255
9 21588970 0.0984
9 21659915 1.3861
9 21663530 0.8307
9 21673898 0.5946
9 21674313 0.8579
9 21683378 2
9 21684723 0.9482
9 21695461 1.01914417661429
9 21698088 0.794830766824116
9 21701943 0.600565529398578
9 21711789 0.0165469404232965
9 21720226 1.13351443416393
9 21721940 1.99367614448868
9 21728292 0.451079116334234
9 21731530 0.822518957122204
9 21732467 1.00083421249912
9 21733009 0.631202134709805
9 21734349 1.55598095364941
9 21734481 1.04663230921695
9 21736021 0.696053292628841
9 21739593 2.11711896084169
9 21746397 1.23212815479354
9 21746420 0.325032114729591
9 21746497 0.667669201362849
9 21760255 0.0212046487659072
9 21772268 1.78878347933005
9 21774110 0.336612465306652
9 21778448 5e-04
9 21787810 1.70790998290737
9 21789581 1.15742397988772
9 21790756 1.4096295334726
9 21808753 0.754636717449307
9 21834211 2
9 21840778 2
9 21844773 2
9 21857715 2.5419
9 21871565 2.6447
9 21889251 2
9 21890327 2
9 21896420 2
9 21902355 2
9 21913523 0.505055981643492
9 21926919 2
9 21929667 2
9 21944628 0.538889299758077
9 21981039 6e-04
9 21981052 0.41806355253218
9 21981053 2e-04
9 21981087 4e-04
9 21995883 1.44224913845066
9 22012790 0.804431238821019
9 22016511 2
9 22017822 0.1028
9 22032153 2
9 22047855 2.8948
9 22054165 1.61565600034589
9 22054357 0.591491354802782
9 22055049 2
9 22064392 0.8131
9 22072720 0.5799
9 22075460 2.6292
9 22083210 2.0275
9 22084537 0.1028
9 22090936 0.9089
9 22092652 2.6292
9 22106226 0.4756
9 22110132 0.9004
9 22112242 0.9004
9 22113929 2.6292
9 22119196 0.4579
9 22124478 0.5273
9 22129580 2
9 22132469 0.399588376965384
9 22133285 2
9 22141895 2
9 22144317 2
9 22150262 2
9 22155710 2
9 22164992 2
9 22170024 2
9 22172260 2
9 22181932 0.3973
9 22205244 0.9085
9 22242503 0.0386
9 22294135 1.26756264737092
9 22305193 0.0444
9 22328195 1.4315
9 22338571 0.486046164182778
9 22339585 1.40153766373662
9 22342976 0
9 22351207 0.5531
9 22354808 0.717268262038859
9 22358626 1.3448068817706
9 22358975 0.375606024922929
9 22360388 1.15172625417877
9 22361812 0.0677648697275679
9 22362257 0.286752978592333
9 22368105 0.837333526397263
9 22372964 0.172765266038658
9 22377936 2
9 22378833 2
9 22392165 2
9 22395405 2
9 22396338 2
9 22396935 2
9 22399510 1.7664
9 22423977 0.0078
9 22428242 2
9 22428624 6e-04
9 22433128 2
9 22439833 2
9 22443764 2
9 22446298 2
9 22449821 2.0617
9 22472339 2
9 22490888 0.0254937775796682
9 22495039 2
9 22496203 2
9 22556392 0.63377168710095
9 22565751 0.0236236451573044
9 22566809 0.994822843907087
9 22571164 0.405381000044636
9 22573193 0.108611678870904
9 22575301 0
9 22577062 1.2711
9 22597509 2
9 22603819 2
9 22609980 0.0473102190849262
9 22612574 2
9 22615605 0.899978875686489
9 22639411 0.35854653447139
9 22643666 1.7268
9 22701571 1.21214259781466
9 22706598 1.05075306877997
9 22707595 0.74925121275277
9 22716471 0.654988791295927
9 22721060 1.1055415064756
9 22723751 0.4968
9 22726500 1.59012813231408
9 22726514 0.416880830953887
9 22731107 2.45738596729529
9 22734025 0.309272765013113
9 22753007 1.777
9 22756896 0.980925921226696
9 22776096 0.8589
9 22777642 1.2265
9 22781710 0.391517244485019
9 22785130 2
9 22813829 2
9 22819408 0.8157
9 22826560 0.0263
9 22828125 2
9 22848685 1.8265
9 22851731 1.03582438008333
9 22852730 0.734190508926742
9 22853614 1.1172
9 22859130 2.03765999198043
9 22861780 1.55083607682057
9 22868915 0.770991622408585
9 22871212 2.0005
9 22883653 0.7973
9 22901606 0.848577738384251
9 22919818 0.653920549355756
9 22949247 2.7839
9 22961446 2
9 22968462 2.7839
9 22972058 1.0609
9 22974856 2
9 22976224 0.343379583575743
9 22982895 0.2402
9 22990236 0.3142
9 22997716 2
9 22999966 2
9 23030883 0.1467
9 23048243 2.16582572372641
9 23072265 2
9 23078342 2
9 23079927 2.11058183877255
9 23083306 2
9 23086220 0.0162
9 23099892 0.933218515944832
9 23109699 5e-04
9 23138116 0.311318047373484
9 23138890 0.5889
9 23139758 1.8449419897784
9 23144392 2.5419
9 23145715 2
9 23157107 0.813326748344662
9 23159742 0.0654712197032319
9 23162782 0.0162
9 23181188 0.338241456385711
9 23185105 0.00683003653081827
9 23191040 0.0197142988639872
9 23217586 2
9 23230748 2
9 23242645 2
9 23270466 2
9 23273838 2
9 23280477 1.3101
9 23281824 2
9 23283663 2
9 23301614 2
9 23309089 2
9 23313611 0.730864733026605
9 23335736 0.217054123852096
9 23345349 1.35171526464799
9 23346534 2
9 23347867 1.22939334421152
9 23347919 1.24264483595704
9 23351260 2
9 23355312 0.693904844485613
9 23358345 2
9 23358792 2
9 23361121 0.0333996435427184
9 23363728 0.1566
9 23364156 0.444882836065068
9 23370322 1.60117050981299
9 23376169 1.1804
9 23386328 0.2737
9 23390003 1.5658
9 23393496 0.2226
9 23398726 0.2996
9 23400400 0.538248920807205
9 23407127 2.82719001786305
9 23414190 0.968953370641502
9 23414216 2
9 23422033 0.823910133597694
9 23427293 4e-04
9 23448212 2
9 23453655 0.0903662316100522
9 23471389 2
9 23493144 2
9 23506254 1.6618
9 23545664 1.2713
9 23573559 0
9 23576334 0.112038504615748
9 23581459 1.04640169671877
9 23646553 2
9 23652110 0.664595511702633
9 23666151 0.438475398098723
9 23679215 0.269755720490852
9 23680059 2
9 23684704 1.0396
9 23686934 2
9 23688189 1.0396
9 23714289 0.263943224615338
9 23718479 2
9 23723286 2
9 23736267 1.9511
9 23749537 0.3743
9 23762531 0.8268
9 23798515 1.5288
9 23822015 0.863965458065037
9 23823401 0.122449607516731
9 23854958 2
9 23860274 1.19365897651968
9 23862212 0.32046242704474
9 23871584 0.0518
9 23873877 0.085269974859683
9 23892848 2
9 23895986 0.145554753272306
9 23901469 0.100790341951145
9 23904664 0.757603393355531
9 23911100 1.84724982020898
9 23915773 0.875354055888827
9 23956997 0.315520317454458
9 23957659 0.0518
9 23960296 0.3003
9 23966981 0.8426
9 23970843 0.644626344047418
9 23998392 2
9 24004492 2
9 24011890 0.787703520508329
9 24033451 1.2924
9 24047325 5e-04
9 24057378 1.2694
9 24060011 1.2808
9 24067944 1.2557
9 24077960 0.826498335582732
9 24082578 0.0212994224294728
9 24092661 0.293294778574753
9 24095110 0.7325
9 24103572 0.112114184121132
9 24105084 2e-04
9 24105972 2.3730951401053
9 24109753 1.11687476935765
9 24112421 0.111790831002962
9 24114195 0.47556442553142
9 24116257 0.8775
9 24160009 2
9 24160081 2
9 24187940 2
9 24205006 2
9 24217802 2
9 24225670 2
9 24225819 2
9 24241835 2
9 24242191 2
9 24258865 2
9 24260533 2
9 24261262 2
9 24268092 2
9 24273762 2
9 24274748 2
9 24292585 2
9 24305052 2
9 24324585 1.147031036831
9 24419486 0.5087
9 24441144 1.2694
9 24466712 2.6908
9 24467972 2
9 24474670 2
9 24487237 2
9 24537337 2
9 24546425 6e-04
9 24617371 0.1418
9 24619196 1.3239
9 24625137 2
9 24636328 0.774809458665893
9 24640978 2
9 24645078 2
9 24649918 2
9 24668867 1.4587
9 24671259 0.3266
9 24684865 0.2568
9 24691405 1.3245
9 24696282 1.11971113947009
9 24699528 2
9 24714805 1.3022
9 24715559 1.3022
9 24717138 2
9 24730262 0.767610874224301
9 24732228 0.663
9 24733742 0
9 24737565 2.21244495103717
9 24750616 0.901140415494867
9 24754017 0.932787109719267
9 24755492 0.956134504298455
9 24756029 0.615516281028553
9 24765150 2
9 24784231 2
9 24822341 0.00615560918615561
9 24823422 0.57187702883495
9 24825810 2
9 24829460 1.96420781423125
9 24836722 2
9 24866683 2
9 24875823 2
9 24878419 2
9 24890609 2
9 24902468 0.168180685648676
9 24907578 2
9 24911340 0.047
9 24912432 0.047
9 24913012 2
9 24913648 2
9 24915394 2
9 24920605 0.722911361560223
9 24933085 0.528282820551472
9 24933117 2
9 24953449 2
9 24957861 4e-04
9 24959254 0.093228341369894
9 24977044 0.0107
9 24984213 2
9 24984642 2
9 24988022 0.5438
9 25045302 0.6791
9 25048953 0.5402
9 25054497 2.978
9 25055032 0.302843944912808
9 25067681 2
9 25086106 1.1029936586934
9 25092273 1.09783084313084
9 25107610 0.346205034474279
9 25138579 0.4377
9 25147562 1.938
9 25152113 1.10762395749396
9 25192767 0.0107
9 25201668 0.50066982600814
9 25210165 0.798476843648982
9 25212651 0.925778960346501
9 25220931 0.3189
9 25221873 0.8779
9 25224153 0.8832
9 25268072 0.8575
9 25283240 2
9 25295268 1.60231428288038
9 25315205 2.3299
9 25320809 0.424039717865273
9 25323918 1.4492
9 25353889 2
9 25370606 1.7954
9 25374737 2
9 25375708 2
9 25389112 2
9 25392013 2
9 25392663 2
9 25396791 1.1242
9 25398282 2
9 25401622 2
9 25403716 2
9 25426718 0.244
9 25436262 2
9 25436780 1.4355
9 25445986 2
9 25451888 0.713537252880641
9 25454967 2
9 25455149 2
9 25456759 2
9 25460571 2
9 25497157 1.1316
9 25502156 2
9 25502500 2
9 25503537 2
9 25505446 2
9 25512572 0.9383
9 25516989 2
9 25529501 1.66625790125569
9 25533914 0.347737513217174
9 25536538 2
9 25555388 0.220113599295104
9 25561558 0.495896616789412
9 25562351 0.282847935134572
9 25564894 0.86666802818391
9 25574900 2
9 25578398 2
9 25590690 0
9 25591239 0.4153
9 25592589 0.6878
9 25593900 0.4424
9 25601925 2
9 25619198 0.3088
9 25626828 0.192331157252664
9 25629615 0.717
9 25635015 1.1043
9 25635765 1.1043
9 25638011 1.55904758068022
9 25642680 1.0609
9 25644415 0.451892694551486
9 25645971 1.49102794658504
9 25647628 0.1127
9 25649496 2
9 25651605 0.2163
9 25654403 1.0609
9 25654904 0.0277308428268114
9 25655328 0.2929
9 25665294 5e-04
9 25676176 2.2551
9 25683098 0.327509693859312
9 25688979 2
9 25691157 0.813786079809389
9 25695997 1.9275
9 25718006 2.10556236893861
9 25721905 0.72
9 25728069 1.4989
9 25731023 4e-04
9 25737502 2
9 25743094 0.356098149990521
9 25765895 0.0997811988546001
9 25778823 0.116495870910742
9 25778939 0.665374503497269
9 25793577 0.373772021165913
9 25809073 0.044843779318931
9 25852719 2.1657
9 25877427 0.0518
9 25887733 1e-04
9 25890599 0.0424715887277257
9 25963279 1.5154796846763
9 25968479 0.592618292510542
9 25982400 0.572055676133584
9 25986026 0
9 25989634 0.249298684691711
9 26002022 2
9 26002853 0.0331702580988197
9 26006863 0.551158109421579
9 26022402 2
9 26026127 2
9 26042311 2
9 26080403 2
9 26081412 2
9 26085684 2
9 26088921 2
9 26094800 2
9 26100107 0.895529801723339
9 26112250 0.602468506747917
9 26121993 2
9 26142512 0.521448834867277
9 26150532 0.781437756270763
9 26182497 2
9 26192052 2
9 26210559 2
9 26214818 1.3572
9 26216933 2
9 26218534 2
9 26222210 0.713414884373379
9 26229286 1.39012890868724
9 26235841 2
9 26251233 2
9 26260561 1.6347
9 26263780 2
9 26268617 2
9 26274560 2
9 26275538 0.325887639080511
9 26276369 2
9 26278153 1.06209907319229
9 26284480 1.07252783603295
9 26295833 0.610559694261246
9 26301463 0.817050878015735
9 26318153 0.1335
9 26319754 0.0502
9 26340723 5e-04
9 26442743 0.0107
9 26456737 0.0078
9 26466680 0.0054
9 26471372 1.59772558646279
9 26479505 1.3279
9 26494106 0.370691694101173
9 26498149 0.520839942263641
9 26511131 1.57202591322581
9 26518308 0.0225865073162424
9 26529296 1.11572817830014
9 26533424 0.434817374847811
9 26544977 3.34136093128083
9 26547289 0.96306854094677
9 26565915 2
9 26571569 0
9 26574700 0.0801
9 26593382 0.0660474948803814
9 26605026 2
9 26605500 0.376062201499061
9 26628500 0.877831128275012
9 26642035 0.0615
9 26645589 1.4958
9 26651639 1.95060970789216
9 26697569 0.0263
9 26703489 0.5811
9 26722738 1.77425263502814
9 26733286 2
9 26738368 1.1042
9 26747968 1.1832
9 26750262 1.59822672712385
9 26750806 1.0909
9 26752000 1.0956
9 26774038 1.1581
9 26777442 0.130177499227407
9 26783390 2
9 26787697 0.830663430599568
9 26789028 1.49945787021575
9 26789886 5e-04
9 26793493 2
9 26795594 0.016109058277148
9 26797301 0.491272726481221
9 26820528 0.0263
9 26839077 0.5458
9 26840599 0.5458
9 26854132 1.3658
9 26880886 0.5458
9 26911616 2
9 26917693 0.6521
9 26920901 1.3978
9 26921485 1.3978
9 26953611 2
9 26959159 2
9 26962490 0.7837
9 26967787 2
9 26975570 2
9 26996770 2
9 27002782 1.3455
9 27009102 1.3356
9 27025460 0.822
9 27071648 2
9 27078059 2
9 27095074 0.288486484634588
9 27098492 1.43538311593489
9 27119402 1.22642831671123
9 27119805 0.679816373865476
9 27119941 2
9 27123204 2
9 27123816 2
9 27124408 1.1569
9 27127184 0.6822
9 27130034 2
9 27131055 2
9 27133524 2
9 27136892 0.944743986669142
9 27148054 0.0078
9 27152979 2
9 27154184 2
9 27162354 1.2286
9 27170936 0.806739892923223
9 27175121 0.9872
9 27182889 1.8810510235075
9 27184942 1.6579
9 27186035 0.5673
9 27186799 0.4751
9 27187424 0.00424146262661229
9 27188028 1.6579
9 27193543 0.0141226001347365
9 27197284 1.1955
9 27212362 0.831942065913614
9 27235166 0.482783338269386
9 27238449 1.36254475084925
9 27243883 0.695755707663534
9 27253466 0.5532
9 27259978 2
9 27263868 2
9 27264092 2
9 27266763 0.744556499491834
9 27267827 2
9 27272584 2.62627991014272
9 27281025 0.8841
9 27288914 2
9 27289112 2
9 27295357 2
9 27307859 2
9 27334402 0.460275040373909
9 27343348 1.3605
9 27346662 2
9 27348668 2.023
9 27361319 1.3413
9 27373011 0.628643866350795
9 27383068 0.152234430356285
9 27391983 0.940322653623707
9 27398411 2
9 27414810 2
9 27441058 0.762750367800132
9 27449927 0.679238610275632
9 27456582 0.9533
9 27463828 1.1069
9 27471389 0
9 27489206 0.0053
9 27495572 0.0053
9 27502988 2
9 27507211 2.07912276554939
9 27509636 1.3245
9 27511595 0.206382645534631
9 27516163 0.0053
9 27525817 1.3188
9 27534414 1.6104
9 27538950 0.190276160365849
9 27547315 1.0376
9 27577156 1.3022
9 27578649 1.41881701488104
9 27582313 0.453037324929908
9 27591805 2
9 27604549 2
9 27620644 0.4937
9 27630080 1.88463386672916
9 27631384 1.98822128490267
9 27656159 0.163615504062308
9 27670118 0.7453
9 27678196 0.5281
9 27683815 0.765
9 27689941 0.0114
9 27690092 0.765
9 27690792 1.53589801572709
9 27701701 0.1789
9 27707463 0.724970058177761
9 27713725 0.256823221891601
9 27726760 2
9 27728626 0
9 27755944 1.15933852976073
9 27770413 0.0053
9 27772544 2
9 27780575 2
9 27800009 2
9 27840322 1.1872618045669
9 27871488 1.9449
9 27872187 0.0411839837560968
9 27897126 0.172493230072911
9 27908387 0.114026374637672
9 27917463 1.28322524172843
9 27919962 0.343260132937846
9 27927135 1.63010377243322
9 27927770 1.65436533526776
9 27935098 0.273716163095711
9 27941347 0.479126677900058
9 27947910 0.3783
9 27955268 0.1414
9 27976531 0.590032623009958
9 27984536 0.319487356091316
9 27993610 0.590021712341969
9 27997341 0.517932768933554
9 28003101 0.677379433780645
9 28004636 0
9 28006931 1.16511215124696
9 28017703 0.4136
9 28021274 0.477702631544529
9 28022475 0.4346
9 28070091 2
9 28080777 0.688476873181361
9 28084989 0.243048867270173
9 28086283 2
9 28088126 0.8112
9 28097113 0.0386664387458607
9 28117755 5e-04
9 28129817 0.4401
9 28139259 1.81101273615811
9 28164076 0.328663059907961
9 28169738 1.2392
9 28177841 2.1395
9 28189613 2e-04
9 28190071 0.69445668240148
9 28197378 1.2252
9 28204065 1.35226590811279
9 28209335 1.2252
9 28210701 0.7857
9 28211299 0.295785032250273
9 28212582 1.439
9 28215035 1.2252
9 28222678 1.2252
9 28223345 1.70246825430376
9 28225333 0.95300131901901
9 28226695 2
9 28230026 1.77995080152273
9 28241904 2
9 28249130 2
9 28250267 1.4296
9 28260138 2
9 28272796 2
9 28283652 0.0983
9 28293874 1.5556
9 28321637 0.21319604420275
9 28326898 0.0605503655144679
9 28328848 2
9 28333117 0.269985893706068
9 28333777 0.425934460438948
9 28342181 2
9 28348135 2
9 28360376 2
9 28365992 0
9 28366645 1.3302
9 28371354 2
9 28371887 0.906073870825727
9 28376187 2
9 28393406 1.283
9 28394360 1.74328417495775
9 28396036 2.6132
9 28397435 1.42735332124361
9 28399685 0.135630792213995
9 28400168 1.283
9 28405768 0.233669503662711
9 28406689 2
9 28412467 2.1055
9 28414341 0.3667
9 28421487 2
9 28425518 0.16619434000833
9 28435649 2.0937
9 28443617 1.18358852624892
9 28470553 0.1911
9 28479956 0.88
9 28483085 0.107194962568745
9 28486860 0.179917782313841
9 28493688 0.8374
9 28497249 2.19848416525948
9 28499878 0.6929
9 28511109 1.27362487744288
9 28512469 0.5277
9 28516884 2
9 28517139 0.498194809457404
9 28521813 1.3133
9 28544377 2.0215
9 28565507 2
9 28569329 2.3406611484615
9 28574827 1.4482
9 28577657 0.903793687038708
9 28581514 1.0595
9 28585457 0.149190456385527
9 28589891 1.22594782949165
9 28590635 1.02952560986126
9 28601577 1.2666
9 28607879 0.876941474352654
9 28613937 1.0996
9 28624302 1.2847
9 28627406 1.2847
9 28629212 0.4604
9 28631138 1.2904
9 28632880 5e-04
9 28637206 1.3021
9 28637887 0.9866
9 28642711 0.4604
9 28645021 0.4604
9 28659145 1.2847
9 28665426 0.4396
9 28668999 0.8826
9 28680950 1.279
9 28693536 1.2847
9 28701105 1.07294383554973
9 28704209 0.9323
9 28705930 1.2847
9 28714688 0.9323
9 28719761 0.5044
9 28777605 0.612250957703113
9 28780346 2
9 28802590 2
9 28804708 2
9 28841151 2
9 28848164 1e-04
9 28853127 1.0958
9 28861468 0.1414
9 28866327 2
9 28873385 1.02741750422817
9 28874293 1.0903
9 28877409 0.419423310728831
9 28881506 1.2118
9 28881620 1.2118
9 28883258 2
9 28883287 2
9 28884921 1e-04
9 28886139 2
9 28886729 2
9 28887252 2
9 28889800 2
9 28891480 2.6842361170504
9 28892498 0.67588668518535
9 28893730 2
9 28895211 1.77266294416554
9 28895532 1.2255
9 28897572 2
9 28906594 2
9 28911563 0.9877
9 28912530 2
9 28916641 0.311157856855134
9 28920106 0.9877
9 28922358 2
9 28935470 2
9 28935704 2
9 28937712 0.298599282520895
9 28939167 1.27804844632912
9 28943388 2
9 28947118 2
9 28956434 2
9 28956849 2
9 28957511 0.9437
9 28965151 2
9 28975203 2
9 28975447 2
9 28978841 2
9 28985716 0.9877
9 28990177 2
9 28994684 2
9 28997207 0.420651412811871
9 28999981 2
9 29003551 1.03246699715252
9 29010663 0.925569379986404
9 29012705 0.369940284809229
9 29015361 1.41786790503604
9 29025549 2
9 29027046 0.7047
9 29031525 0.355078476034823
9 29033531 2
9 29046380 0.253382229264027
9 29070688 0.7637
9 29075174 0.7637
9 29081363 0.7637
9 29082452 0.7637
9 29084507 0.7637
9 29088462 0.7335
9 29091335 1.11990355781455
9 29100435 2
9 29108439 2
9 29119729 2
9 29135658 0.7637
9 29138527 0.7637
9 29183043 0.676
9 29188008 2
9 29189590 1.4055253682636
9 29203964 0.957854103942243
9 29226707 1.80529526028756
9 29232452 0.0631440305847827
9 29234340 1.00172131502255
9 29252238 0
9 29261293 0.8369
9 29276677 0.2966
9 29278847 0.623550931286637
9 29283815 2
9 29289413 0.504262689298073
9 29299448 2
9 29299629 2.784
9 29301387 2
9 29302770 2
9 29331712 1.1962
9 29337236 2
9 29377926 1.8068
9 29391891 2
9 29393068 2
9 29398510 1.6092
9 29399132 1.6295
9 29404124 1.6092
9 29416151 2
9 29424363 2
9 29426682 1.45721411513721
9 29440125 1.2305
9 29446815 2
9 29453532 1.38819524964277
9 29453854 0.357204875370494
9 29455773 2
9 29460790 1.7349
9 29466014 1.8023
9 29467956 0.0078
9 29468662 0.5759
9 29496551 0.2747
9 29502921 1.398
9 29511099 1.424
9 29524979 1e-04
9 29538297 2
9 29539094 2
9 29549265 2
9 29549455 2
9 29555194 0.3119
9 29557395 2
9 29559844 2
9 29561767 2
9 29562724 2
9 29567939 2
9 29571919 2
9 29572701 2
9 29576413 2
9 29583076 2
9 29586335 0.0866
9 29586542 2
9 29589751 2
9 29589919 2
9 29604311 1.0906
9 29611929 2
9 29616435 2
9 29622675 1.5029
9 29630298 2
9 29644497 1.7134
9 29647034 2
9 29655863 2
9 29664140 0.429505994775534
9 29680493 0.620502701533148
9 29689443 1.21616985794234
9 29703252 1.52921641933979
9 29706341 0.1203
9 29713274 2
9 29719751 0.3871
9 29724193 2
9 29745753 2
9 29749475 0.00600596266910468
9 29750006 2
9 29750096 0.150080038224696
9 29771082 0.1027
9 29774453 2
9 29795573 2
9 29808175 0.0499
9 29812667 0.0269
9 29823906 0.0361237337619738
9 29826504 0.247650627161534
9 29844711 0.738746806640744
9 29846193 0.179962949462439
9 29848725 2.88384932828697
9 29861477 2
9 29882308 2
9 29885893 2
9 29897462 2
9 29907716 2
9 29913212 2
9 29921212 2
9 29947444 0.946251087163448
9 29950364 1.0446823295799
9 29957094 0.732683109589262
9 29963074 1.0399
9 29963117 1.0399
9 29964296 1.0399
9 29966064 1.0399
9 29966222 1.0399
9 29970435 1.2041
9 29970724 1.0399
9 29978412 0.8244
9 29981470 1.0035
9 29984811 1.8574
9 29993648 1.8574
9 30013875 1.8574
9 30022839 2.6475
9 30027242 0.433
9 30043824 0.0217
9 30048596 0.5078
9 30050111 0.433
9 30066087 5e-04
9 30107602 2.13
9 30146900 1.0392
9 30157337 0.577293978687716
9 30172034 2
9 30175868 0.0447
9 30198209 0.2552
9 30211349 0.0447
9 30213118 0.9245
9 30213381 1.0392
9 30221696 2.3685
9 30229075 0.592412019007127
9 30233726 0.9795
9 30234107 1.32408707122494
9 30235123 0.9795
9 30241952 0.9795
9 30257832 1.0392
9 30264481 1.0392
9 30280907 0.9009
9 30316151 0.9009
9 30316822 0.8783
9 30328044 0.169462983147938
9 30336003 0.9009
9 30349026 1.7721
9 30350106 0.5592
9 30355007 0.8783
9 30363866 1.0392
9 30378483 2
9 30378773 2
9 30408832 2.5066
9 30428399 5e-04
9 30453153 0.9558
9 30471083 0
9 30482132 2
9 30492408 2
9 30492731 2
9 30495298 2
9 30501797 2
9 30504351 0.6013
9 30508122 0.6987
9 30529460 2
9 30536498 0.6601
9 30537781 2
9 30538980 2
9 30544740 2
9 30547050 2
9 30552450 2
9 30553142 0.6601
9 30556679 2
9 30574002 2
9 30583259 2
9 30584217 1.7255
9 30586246 2
9 30587735 2
9 30591655 0.7192
9 30591776 2
9 30592034 2
9 30607296 2
9 30607535 2.8216
9 30617957 2
9 30621252 2
9 30632202 0.0054
9 30649715 1.8256
9 30650409 5e-04
9 30654976 2
9 30674916 0.4661
9 30709054 0.4661
9 30738124 1.19869706866404
9 30739650 2
9 30740108 1.01598604089264
9 30753297 0.9698
9 30782467 0.9698
9 30788703 0.595754347089328
9 30794604 1.3134
9 30795906 0.628040183314292
9 30822156 0.2253
9 30889162 2
9 30907322 1.0996
9 30907659 1.0996
9 30928950 1.0729
9 30931320 1.1546
9 30932381 1.1546
9 30948015 2
9 30951302 2
9 30952536 2
9 30959818 0.452718950110975
9 30966481 0.146664712514036
9 30967381 1.1831
9 30973518 2
9 30981833 2
9 30985637 2
9 30985638 2
9 30987664 2
9 30989143 1.7843
9 30992793 2
9 30998184 2
9 30998187 2
9 30999642 2
9 31016495 2
9 31016786 1.365037967282
9 31028933 2
9 31034369 0.0624
9 31038401 0.904247739040009
9 31039695 2
9 31046701 2
9 31078605 2
9 31086584 1.8182
9 31095588 2
9 31099021 2
9 31102585 2
9 31116825 0.0963831617894684
9 31128795 0.937467195831006
9 31131143 1.10929649186542
9 31133383 0.464632211343956
9 31140378 1.1866
9 31140542 1.41947092654781
9 31142285 1.06304175392791
9 31145379 0.0760475063774308
9 31153319 1.57509343837493
9 31155770 0.630599930686648
9 31156311 1.17288303760652
9 31159320 0.0078
9 31159665 0.445967943376876
9 31160127 1.10701362739217
9 31164053 1.35122223509225
9 31180273 1.5824
9 31184705 0.1157
9 31196384 0.1157
9 31201612 0.781279466455421
9 31207633 0.1157
9 31207828 0.1157
9 31221124 0.269441641420902
9 31224273 0.1157
9 31224967 0.7636
9 31227778 0.1157
9 31229054 2
9 31233222 2
9 31233266 0.1491
9 31236146 0.159503488842989
9 31237227 1.64847731403591
9 31237647 0.989275182150951
9 31242353 0.1157
9 31244941 0.1491
9 31254674 2
9 31259670 1.5656
9 31262140 2
9 31263904 2
9 31287951 0.7334
9 31293458 1.3103
9 31304242 0.1027
9 31305793 0.0332
9 31306577 5e-04
9 31313051 0.736325793664978
9 31317133 2
9 31319190 2
9 31329845 0.2994
9 31341857 0.2994
9 31353175 0.2973
9 31371354 2
9 31383714 2
9 31384243 1e-04
9 31391410 2
9 31394145 2
9 31394338 2
9 31395744 2
9 31396658 2
9 31489248 0.1329
9 31489418 0.57643709992764
9 31521970 0.321482250181235
9 31532935 0.0564
9 31551038 0.1398
9 31571328 0.297214826667078
9 31599191 0.519788770270505
9 31599601 1.0770931578255
9 31610921 0.130235613505801
9 31619573 0.5568
9 31620901 0.2655
9 31621180 6e-04
9 31626321 0.116122870888916
9 31627313 1.12682997283987
9 31628439 1.1538026415887
9 31629705 0.1404
9 31634670 0.959022883105406
9 31639872 1.0897
9 31642575 1.0897
9 31657891 2
9 31663288 2
9 31666194 2
9 31682887 1.1168
9 31683479 2
9 31686868 0.1007
9 31687826 1.1168
9 31694778 2
9 31697725 1.0097
9 31709305 2
9 31733035 2
9 31777543 2
9 31792278 2
9 31802809 2
9 31805617 2
9 31811308 1.4041
9 31813869 2
9 31819860 1.4041
9 31832920 1.3864
9 31834190 1.3864
9 31834230 1.3864
9 31836996 0.544132741863828
9 31838201 0.873354433331672
9 31840235 0.4867
9 31840489 0.473
9 31849420 0.5076
9 31894438 2
9 31897429 0.749807619108338
9 31974012 0.6213
9 31974760 2
9 31976050 0.6213
9 31981548 0.473
9 31989939 1.4026
9 32003704 0.9467
9 32004836 2.5378
9 32014330 0.6213
9 32023476 0.473
9 32025159 0.6213
9 32032023 0.473
9 32043987 0.6213
9 32049434 0.6213
9 32049633 0.6213
9 32049807 2.20673346553027
9 32060545 0.346632577119703
9 32066354 0.1237
9 32066944 0.4199
9 32072370 0.4099
9 32075512 1.14650918766081
9 32078748 0.2479
9 32082885 0.9209
9 32084719 0.4199
9 32085231 0.342326894400233
9 32085823 0.1237
9 32096217 0.8965
9 32096292 5e-04
9 32096635 0.1237
9 32099257 0.4199
9 32099658 0.1237
9 32099740 0.1237
9 32102990 0.8965
9 32103518 0.1027
9 32105856 0.1237
9 32107553 0.6903
9 32117319 1.5201
9 32125012 0.6545
9 32145072 1.64392627506149
9 32151723 2
9 32153193 0.403297379457243
9 32167393 1.901
9 32169151 0.234285425583878
9 32169410 1.40078198773039
9 32172342 2
9 32173529 2.14033784048456
9 32228099 0.0444092298648684
9 32266240 1.90906355354756
9 32269264 2
9 32269662 2
9 32280395 0.306087303642912
9 32281139 2
9 32290663 0.0561
9 32291887 2
9 32297612 0.0561
9 32297966 0.0561
9 32299862 0.0561
9 32305906 0.75734976525303
9 32313489 2
9 32319636 2
9 32320566 0.0561
9 32323544 0.0561
9 32334266 2
9 32357191 0.910343749095342
9 32357806 1.0769622937405
9 32371741 2
9 32379261 0.2186
9 32416156 2
9 32424895 2
9 32428112 0.498753083096455
9 32488559 1.1971
9 32505060 0.419248567066655
9 32510164 2
9 32512289 2
9 32513105 2
9 32517553 1.1971
9 32521209 1.1971
9 32530038 2
9 32535648 2
9 32541247 0.1027
9 32567657 1.1595
9 32571301 2
9 32609008 0
9 32643665 1.0404
9 32645681 1.216
9 32694145 5e-04
9 32700347 2
9 32710205 2
9 32713294 2
9 32716121 2
9 32731603 0.7665
9 32738074 0.314760759641029
9 32739870 2
9 32741430 0.714156473119745
9 32750338 0
9 32760622 0.0561
9 32765339 2
9 32776066 0.2347
9 32777384 0.2063
9 32791695 0.154677599239099
9 32802463 0.1571
9 32810454 0.1835
9 32811925 0.1248
9 32828735 0.0907
9 32829619 1.1837
9 32854059 0.3927
9 32857803 0.059
9 32877015 0
9 32884517 0.356
9 32886641 0.2449
9 32891358 0.9257
9 32892417 0.9257
9 32894233 0.9257
9 32895083 0.9257
9 32897640 1.0828
9 32898903 0.9257
9 32899809 1.0828
9 32900130 0.9257
9 32900179 0.9257
9 32900721 1e-04
9 32902116 0.9257
9 32903697 0.2863
9 32907330 3.32316532125209
9 32907337 0.368352722542201
9 32912885 2
9 32919949 0.0263
9 32930290 0.1851
9 32930818 2
9 32934777 2.2412
9 32938475 0.811388302299572
9 32940502 0.206277907917365
9 32953680 1.28
9 32958558 0.0638
9 32966630 0.556686493363279
9 32967269 0.0638
9 32968985 1.05716834677101
9 32970520 0.0638
9 32979541 1.28
9 33000917 1.28
9 33001069 1.2261
9 33007929 1.28
9 33017816 1.28
9 33022001 1.7134
9 33035408 0.0078
9 33036109 0.940507787296692
9 33038051 0.00745684781004672
9 33039897 5e-04
9 33053432 1.73943383818449
9 33055084 0.7963
9 33055483 1.4207008940629
9 33063058 0.929942940821087
9 33070696 0.209530640858377
9 33071333 0
9 33091481 2
9 33096389 1.3331
9 33101999 2
9 33104542 2
9 33105008 2
9 33108248 2
9 33109151 1.1209
9 33116943 0.358468743618952
9 33118603 2
9 33128078 2
9 33129841 2
9 33132356 0.300059619849228
9 33133814 2
9 33175771 2
9 33211653 1.7122
9 33216018 2
9 33218661 0.339046639516069
9 33218670 1.22450282157966
9 33218694 0.928203534925252
9 33218764 1.95599700460191
9 33219504 0.654084787145466
9 33219549 0.0183617416969733
9 33219905 0.43996882199932
9 33227559 1.48909788452974
9 33243174 1.05118667090976
9 33244789 0.749317283811111
9 33244947 2.40289105114166
9 33249061 1.05865284754497
9 33257976 0.993681608192924
9 33294093 0.555073851998929
9 33314975 0.625249195226695
9 33335332 1.574
9 33343051 0.967014040470642
9 33358135 0.68232547858689
9 33408021 1.2021
9 33414175 2
9 33414245 2
9 33423785 2
9 33429813 2
9 33444760 0.2467
9 33447308 0.1685
9 33452274 2
9 33457655 0.440184792123112
9 33458888 0
9 33471678 0.431609067636351
9 33476514 0.9526
9 33489366 0.9698
9 33498739 0.4982
9 33499439 0.0609
9 33504130 1.2603
9 33508942 1.2756
9 33513758 1.2069
9 33514502 1.2069
9 33515011 1.2069
9 33516878 2
9 33517039 0.5157
9 33517754 2
9 33520036 4e-04
9 33520173 0.0263
9 33521819 0.112945221574648
9 33524307 2
9 33528003 1.99831490601844
9 33531543 2
9 33535781 0.0054
9 33563197 1.9787
9 33568594 0.829
9 33573087 0.824549886572725
9 33575124 0.6977
9 33585290 2
9 33590497 1.7837
9 33594105 2
9 33601171 0.0809
9 33609687 0.3372
9 33612299 0.3372
9 33613837 0.7774
9 33614595 1.3952
9 33634593 0.3228
9 33635194 0.4475
9 33640634 1.54635853645697
9 33669771 0.9491
9 33675631 0.796
9 33677009 0.96431864079697
9 33677170 1.4868
9 33706454 0.576388690962525
9 33723374 0
9 33729379 0.654874249782375
9 33745775 0.796
9 33754115 0.20172342737792
9 33766962 1.5756286199398
9 33771864 1.00050675922371
9 33785075 1.3793
9 33785399 1.3793
9 33797058 0.2337103779645
9 33798962 1.3793
9 33826024 0.563334098032289
9 33837332 0.198579593871882
9 33838254 1.56529452861036
9 33841800 0.8154
9 33846996 0.512594688557584
9 33859801 1e-04
9 33860729 1.23267948655028
9 33866593 2
9 33870046 0.530266847688943
9 33888755 0.17453306917701
9 33892533 1.92132158974316
9 33895441 0.210763883811923
9 33901802 1.2374
9 33911201 0.8154
9 33911551 1.9753
9 33921666 1.2374
9 33925370 0.778566981004949
9 33934273 1.2374
9 33940200 1.2374
9 33945831 1.07129943861717
9 33953805 2
9 33957671 0.8154
9 33962675 0.7027
9 33972035 1.2374
9 33976844 0.853103989075347
9 33978597 1.34960540738991
9 33978732 1.4916
9 33998417 0.0129928634388333
9 34010731 0.381504183483635
9 34013378 1.2374
9 34015494 5e-04
9 34016362 0.556810107782159
9 34023432 0.0341279303655738
9 34030723 1.2374
9 34046810 0.477668077761816
9 34084355 1.98797623828307
9 34093092 2
9 34107507 2
9 34111105 2
9 34112486 2.7306
9 34133976 2
9 34135496 0.8506
9 34156271 0.5753
9 34163756 0.9067
9 34175563 1.02120491937495
9 34185390 0.697066800320637
9 34208687 2.61467146564443
9 34216157 0.621152588064827
9 34237235 0.357690675044093
9 34249356 0.0505371923410251
9 34261119 0.449548193112377
9 34273733 0
9 34298012 0.8869
9 34300597 2.5866
9 34302469 2
9 34311713 2
9 34316045 0.64070848035261
9 34318656 2
9 34320317 0.8869
9 34324059 0.9067
9 34327532 1.368792132278
9 34327838 0.0016
9 34329841 1.10554743543826
9 34336683 2
9 34364251 0.0566445537623072
9 34374509 0.378378821037151
9 34388395 0.326731170447241
9 34393700 1.2028
9 34402665 0.8779
9 34405620 2
9 34411417 0.8779
9 34419583 0.8779
9 34443491 2
9 34477192 2
9 34496026 1.1283
9 34503455 0.805
9 34515208 0.7453
9 34536875 0.6221
9 34547538 2
9 34550832 2
9 34551898 2
9 34595003 2
9 34599248 2
9 34630313 2
9 34644524 2
9 34652333 0.200563328009096
9 34672941 2
9 34675157 2
9 34677541 0.261635819734332
9 34680695 0.9172
9 34688369 1.2264
9 34703464 2
9 34707376 2
9 34737429 0.600082397332546
9 34786943 1.32410650119479
9 34801407 0.215981446749883
9 34802400 0.154028736211346
9 34808456 1.40688360971886
9 34811273 0.0333769178056003
9 34813890 0.838586536825136
9 34815384 1.00731419733771
9 34816462 0.460931961241833
9 34821703 0.652261738815131
9 34825243 0.316028742201521
9 34825247 1.04706650748695
9 34838797 0.286407488602422
9 34847297 0.150798004908699
9 34847848 1.30264395215402
9 34852614 0.432192575060095
9 34854051 1.61410392106407
9 34858415 0.11105066413312
9 34861301 0.397599561298723
9 34869462 0.679
9 34874274 0.679
9 34875938 0.722510280290442
9 34895011 2
9 34900234 2
9 34909700 2.1546
9 34911882 1.3335
9 34912923 1.1992
9 34915554 0.106862019376861
9 34918914 2
9 34930453 1.3637
9 34937045 0.1027
9 34967276 2
9 34968929 1.67381865097133
9 34974977 1.66486984608193
9 34984978 0.141398680471851
9 34999995 2
9 35011491 1.51919003742111
9 35017430 1.9311
9 35062975 2
9 35117268 2
9 35124137 1.27050916733129
9 35130692 2
9 35131259 0.1857
9 35132444 2
9 35142964 1.7498
9 35147966 1.0385
9 35174866 0
9 35191017 2
9 35262764 2
9 35284141 2
9 35291476 2
9 35295987 2
9 35345373 2
9 35346817 1.5606
9 35376634 1.929
9 35439205 2
9 35492987 2
9 35509564 2.3652
9 35529137 0.27529838958669
9 35539381 4e-04
9 35615899 2
9 35616586 2
9 35618526 2
9 35635686 2
9 35638467 0.1271
9 35677412 2
9 35751224 0.8191
9 35766564 1.0631
9 35772792 2
9 35776422 2
9 35799081 1.102
9 35806834 0.9781
9 35829393 0.8749
9 35848191 1.71603730472609
9 35865727 1.42326291494766
9 35867531 0.821
9 35902239 1.1186
9 35904949 2
9 35906474 2
9 35913526 3.7131
9 35914196 0.947019082520002
9 35914319 0.303531634167874
9 35915233 0.234564880103079
9 35927782 2
9 35939384 0.779812106116957
9 35948778 1.7386
9 35949778 1.7386
9 35951633 2
9 35955238 2
9 35982789 2
9 35982824 0.7649
9 35983370 2
9 35984483 0.7974
9 35989777 2
9 35990123 0.7649
9 35990827 2
9 35991012 2
9 35994180 2
9 36002433 0.7046
9 36002441 0.7046
9 36002932 0.7046
9 36004741 0.7046
9 36081105 3.1145
9 36088380 1.4981
9 36121078 0.135207753640066
9 36125152 0.131474950502255
9 36133383 0.0220745428800664
9 36136569 0.9273
9 36143375 2.1357
9 36155057 0.947
9 36169497 1.3852
9 36231134 0.0304285665544748
9 36246597 0.86483217054659
9 36246965 0.318224469522075
9 36266087 0.6514
9 36274868 0.8149
9 36289709 2.10371684910761
9 36290743 0.336931518785567
9 36293316 0.8149
9 36308102 3.1253
9 36310032 0.7434
9 36315406 0.5584
9 36318848 1.3102
9 36342673 0.0502
9 36362627 1.42386236326239
9 36364052 0.0456
9 36367341 0.7019
9 36389872 1.0968012168092
9 36407328 0.2753
9 36423154 0.2926
9 36453179 0.901
9 36467258 3.6006
9 36480714 0.819
9 36484915 0.361350571250947
9 36488781 2
9 36515754 2.9777
9 36523222 2.1828
9 36527472 0.702123942169038
9 36532667 0.299470809813857
9 36545439 1.11886967951595
9 36562761 0.0168134612588863
9 36568976 0.566514400457078
9 36576479 0.223994351029293
9 36588558 0.0630089931981116
9 36594294 0.583031600339449
9 36635284 0.1288
9 36636239 1.33839302152276
9 36643121 0.877701453318937
9 36644543 2
9 36649943 0.379369590962618
9 36654250 0.917443050891353
9 36661531 1.15962089158924
9 36662479 2
9 36691106 0.658244072420703
9 36703532 3.7261
9 36709350 2
9 36711239 0
9 36722857 2
9 36725676 0.103349151252154
9 36732270 0.7302
9 36735207 0.1666
9 36735808 0.9392
9 36744664 0.8732
9 36766769 0
9 36814333 2
9 36853227 0.9897
9 36860780 0.00291876707161649
9 36916874 0.519377179988055
9 36922963 0.585105433893086
9 36924810 1e-04
9 36927070 1.17072490312749
9 36927858 2
9 36928299 2
9 36932620 2.59
9 36937656 2
9 36945223 2.84474456941346
9 36975111 1.00412411291461
9 36981247 0.5994
9 36986329 2
9 36986787 2
9 36994684 2
9 36994918 2
9 37000785 0.3982
9 37010577 0.996470201910872
9 37015809 0.2703
9 37052247 1.75529713153984
9 37057721 2
9 37058138 2
9 37062569 2
9 37065626 1.3939
9 37072916 1.2271
9 37075862 2
9 37078187 0.745656938861982
9 37082336 0.696597971983017
9 37088478 1.2374
9 37091593 2
9 37120885 1.2374
9 37139478 2
9 37197771 2
9 37207272 1.0792
9 37228523 2.345
9 37260490 1.3861
9 37280176 1.0792
9 37319174 0.0471
9 37340408 2
9 37352540 2
9 37374979 1.1971
9 37377144 0.9834
9 37385537 0.7109
9 37389512 2
9 37391112 0.7474
9 37393598 2
9 37393803 2
9 37396579 2
9 37397080 2
9 37403492 0.355451113599997
9 37406038 2
9 37407048 2
9 37429500 2
9 37461225 0.489711697521664
9 37479201 2
9 37489301 2
9 37489565 2
9 37498337 2
9 37500408 2
9 37512811 2
9 37520897 1.3776
9 37538751 2
9 37550161 0.1828
9 37552341 0.2052
9 37553568 2
9 37553830 1.654
9 37556598 1.654
9 37557384 0.2052
9 37559728 0.2052
9 37563938 0.2052
9 37577779 1.61535940883724
9 37612264 1.76861468670457
9 37620876 2
9 37671207 2
9 37675575 2
9 37684756 0.133511641376092
9 37690762 2
9 37693526 2
9 37694073 2
9 37695282 2
9 37698874 0.168996509134811
9 37711597 2
9 37789200 2
9 37824728 1.0037
9 37850827 6e-04
9 37865819 2
9 37943167 2
9 37945509 2
9 37945835 2.8216
9 37954916 0.123895020562016
9 37960205 2
9 37961925 0.372603556911652
9 37973348 0.266804229153391
9 37975117 2
9 37975924 0.179796029647072
9 37983660 2
9 37984734 0.0702559665917974
9 37987527 1.93765767180578
9 38021153 0.5154
9 38023590 2
9 38048563 2.2126
9 38063605 0.7992
9 38069466 2
9 38070254 2
9 38081264 2
9 38089641 0.745072274583905
9 38095973 0.528861060022155
9 38123563 0.474
9 38135028 0.449015733432603
9 38137348 0.0597377797764503
9 38138950 1.98577969782102
9 38140635 0.6676
9 38148435 0.987510734125139
9 38163601 2
9 38168747 2
9 38179654 2
9 38190819 2
9 38194968 0.8927
9 38197135 2
9 38207498 0.9554
9 38209202 0.1205
9 38221031 0.8056
9 38242566 5e-04
9 38242815 0.159925372175687
9 38244224 2
9 38259735 2
9 38282196 2
9 38297777 0.779342980353131
9 38307486 0.0427064091837045
9 38312713 2
9 38313141 1.35291261941373
9 38323009 0.766770622925667
9 38325248 0.252716132811288
9 38325341 0.642184725743911
9 38326027 0.5648
9 38329355 0.1683
9 38334102 1.17790337208436
9 38352646 1.2252
9 38361382 0.691497241841157
9 38379698 1.0726
9 38381291 2
9 38386250 2.0007
9 38392607 0.1041
9 38393454 2.0272
9 38407465 2
9 38411686 2
9 38414781 2
9 38420629 2
9 38426205 2
9 38432679 2
9 38439045 2
9 38443280 1.0765
9 38452594 0.6612
9 38459699 0.0948401910287401
9 38478780 0.327798959674748
9 38489577 0.161393697734038
9 38492289 2
9 38500749 0.2223
9 38547808 0.543
9 38549026 2
9 38550448 2
9 38553734 0.2863
9 38553757 2.4477
9 38569291 0.819
9 38569652 0.819
9 38582236 0.382260902910793
9 38613393 2
9 38616880 2
9 38641602 0.2965
9 38654741 1.9353
9 38657078 2
9 38664501 2
9 38664663 2
9 38666157 1.50642507943469
9 38668932 2
9 38674407 2
9 38677303 1.3342
9 38677516 2
9 38681444 1.3946
9 38681550 0.9226
9 38682936 0.9226
9 38692169 0.005
9 38692948 0.0749312300694763
9 38703321 0.8869
9 38708304 1.3485
9 38726803 2.2653
9 38729408 2
9 38734671 2
9 38750610 2
9 38750680 4e-04
9 38751014 0.4939
9 38794079 1.9366
9 38801353 2
9 38913105 1.56135968832296
9 38932959 0.454273530019251
9 39007986 0
9 39008506 0.1308
9 39023988 2.7864
9 39025700 5e-04
9 39056474 0.0263
9 39072252 2.7663
9 39087732 0.8965
9 39092665 1.3814
9 39093394 0.430516560848737
9 39098701 0.7076
9 39111523 2
9 39116987 1.1595
9 39119636 1.0016
9 39139786 3.1209
9 39480312 1.11869380744045
9 39482519 2
9 39533886 0.91286552859122
9 39556315 2
9 39556344 2
9 39571949 0.185313477747586
9 39575587 2.9995
9 39579302 0.534438932536061
9 39584017 0.175759551937849
9 39592160 3.6002
9 39593352 0.200791385139498
9 39824788 2
9 39824844 0.3121
9 39828641 0.1985
9 39832602 0.0420854720907403
9 39866372 0.945009732920228
9 40181572 1e-04
9 40192757 8e-04
9 40526413 1e-04
9 40526493 2
9 40526664 0
9 40547144 5e-04
9 40584228 0.274429139032118
9 40649897 5e-04
9 40757735 0.269915764771985
9 40914938 5e-04
9 40920535 5e-04
9 41028613 1.23879404729522
9 41235478 0.804291781260705
9 41237442 1.28679632257078
9 41247434 2.8742
9 41303004 0.672217528623386
9 41334332 2
9 41379489 2
9 41381755 2
9 41426441 2
9 41437502 2
9 41475896 2
9 41554413 1.24119188607287
9 41561244 0.555125437243467
9 41563011 0.0078
9 41571554 2
9 41627640 2
9 41643665 2
9 41645666 0.9007
9 41648039 2
9 41780856 0.318851943073504
9 41780954 1.06170231670203
9 41958960 2
9 42121071 2
9 42137703 2
9 42144694 1.01084287815594
9 42154242 2
9 42156946 2
9 42157650 2
9 42159953 2
9 42165408 1.64233719619612
9 42205306 6e-04
9 42217570 5e-04
9 42295039 1.19102964829993
9 42329870 2.9989
9 42332507 0.897017608030008
9 42402300 0
9 42421664 0.364310279277404
9 42433772 0.0350781682785262
9 42444528 0.565450446780928
9 42452368 0.77900556159172
9 42455351 1.24564872822379
9 42467758 1.5840194966339
9 42489514 1.72097129351922
9 42693886 0
9 42721241 0
9 42737540 8e-04
9 42744229 8e-04
9 42756794 0.0468787867331395
9 42758240 8e-04
9 42759467 8e-04
9 42773326 2.59189927164231
9 42782647 8e-04
9 42789064 0.740053243384722
9 42790532 0.336391070440104
9 42830101 8e-04
9 42830249 1.10725059050723
9 42831373 8e-04
9 42831747 8e-04
9 42836483 0.295261039017223
9 42839603 8e-04
9 42839672 8e-04
9 42840989 8e-04
9 42841111 0.749672069147912
9 42841925 8e-04
9 42843110 0.848568375634888
9 42846499 8e-04
9 42849912 1.07612744644242
9 42852246 8e-04
9 42852855 5e-04
9 42854597 8e-04
9 42879110 8e-04
9 42886813 2
9 42886962 8e-04
9 42901417 8e-04
9 42908365 8e-04
9 42913176 8e-04
9 42921324 0.0078
9 42925152 8e-04
9 42927528 8e-04
9 42927551 8e-04
9 42927779 0.003399347545005
9 42929539 8e-04
9 42930202 8e-04
9 42937521 8e-04
9 42946253 8e-04
9 42950862 8e-04
9 42953302 8e-04
9 42953533 8e-04
9 42954775 8e-04
9 42960723 8e-04
9 42972277 0.50259381650948
9 43031352 8e-04
9 43094539 2
9 43111222 2
9 43162845 1e-04
9 43176023 0.7027
9 43197654 2
9 43205070 0.30060554386363
9 43244294 0
9 43250594 0.0263
9 43404318 5e-04
9 44367363 2
9 44776862 2
9 60687641 0.391
9 60770049 0.0263
9 61549278 1.8136
9 61551615 0.4416
9 61552702 1.561
9 61559767 2
9 61583838 0.0563
9 61632550 0
9 61641728 1e-04
9 61664314 2
9 61665482 0.1241
9 61672681 2.1804
9 61672721 2
9 61675115 2
9 61681677 2
9 61690572 2.5965
9 61690952 1.4959
9 61693336 2
9 61699249 0.1308
9 61718825 2
9 61735123 0.0263
9 62802407 0.0078
9 63146336 0.943108623211255
9 63553632 0.0624
9 63582817 0.0684
9 63584554 0.2478
9 63589753 0.0684
9 63617011 2
9 63631633 0.0745
9 63645906 2
9 63659593 1.5848
9 63693915 1.5472
9 63721693 2.5866
9 63740429 0.0684
9 63741703 1.6164
9 63798907 0
9 63849190 2
9 63899195 2
9 64038790 2
9 64040661 2
9 64065414 2
9 64071550 0.0063
9 64083016 6e-04
9 64105175 1.44710042616729
9 64117285 2
9 64773717 2
9 64774297 1e-04
9 64781304 0.2296
9 64781802 6e-04
9 64802206 0.0075
9 64951191 2
9 64967644 2
9 65052141 5e-04
9 65058797 2
9 65061376 1.02112002481008
9 65077793 0.9907
9 65209005 6e-04
9 65397591 0.0263
9 65409778 0.0263
9 65414444 0.0263
9 65432471 5e-04
9 65447996 0.0263
9 65456485 2
9 65470655 2
9 65480611 0.0263
9 65486268 0.0263
9 65523323 5e-04
9 65538901 0.0263
9 65574156 0.0263
9 65574577 2
9 65812911 1e-04
9 66279443 1.84250722219327
9 66337905 1.46750683290167
9 66781653 0.216471629328912
9 66807763 0.80464078896653
9 66818868 5e-04
9 66866618 2
9 66896376 1.39027420614585
9 66913262 0.700625474453381
9 66922431 2.09079086683805
9 66954511 0.0063
9 67039032 0.1027
9 67050880 0.0896
9 67055364 0.356596314182444
9 67068417 0.001
9 67091587 0.0253
9 67851009 2
9 68376896 1.4965
9 68381639 2
9 68391227 2
9 68414952 2
9 68419287 2
9 68426260 2.9177
9 68430423 2
9 68462421 1.95320038445747
9 68465705 0.945785938356194
9 68477333 0.916988514596968
9 68507978 0.598187189549518
9 68541635 1.3952
9 68560493 0.8275
9 68563954 0.8965
9 68566136 0.0499786900186542
9 68570496 0.214243159762081
9 68577592 1.0311
9 68583862 2
9 68584186 0.880602880148788
9 68596686 1.68626482942586
9 68599526 1.9904
9 68617843 0.1959
9 68621625 1.8124
9 68624770 1.8325
9 68626532 0.0217
9 68701107 2
9 68710265 2
9 68726787 2
9 68745784 0.4322
9 68746911 1.3981
9 68751986 2
9 68764819 2.4518
9 68771839 0
9 68773053 0.2703
9 68788190 2
9 68791916 2
9 68793039 0.3123
9 68814695 0.3123
9 68815287 2.13
9 68819022 0.6713
9 68826526 1.25118544090399
9 68826528 0.547896194803969
9 68833938 2
9 68836025 2
9 68846899 0.6713
9 68850650 0.689189540859686
9 68857176 0.0348
9 68860393 0.8635
9 68865380 2
9 68866108 2
9 68871588 2.7115
9 68871741 0.828
9 68880047 0.828
9 68889204 2
9 68889595 2
9 68911628 0
9 68921590 0.734477765319422
9 68922442 2
9 68924043 0.763972261036556
9 68933283 0.0582
9 68939149 2
9 68959841 1.574409155074
9 68969324 2.7115
9 68989041 5e-04
9 68991637 0.584654846307639
9 69002353 0
9 69003478 0.029
9 69004512 1.3319
9 69011779 0.998765510099826
9 69016726 2
9 69017001 0.176302884796792
9 69017165 0.298426436188153
9 69021734 2
9 69022840 2
9 69023039 2
9 69023210 0.312
9 69024795 2
9 69032146 0.838954665049226
9 69034548 1.00305720243663
9 69047106 2.56615137507112
9 69061646 0.381445235410131
9 69075459 0.5286
9 69075536 0.0036
9 69079223 0.101309475106983
9 69081224 0.5003
9 69088028 0.6885
9 69100833 1e-04
9 69100981 2
9 69125444 0.2804
9 69131337 0.2061
9 69136580 0.6108
9 69137292 5e-04
9 69139237 2
9 69148172 0.8458
9 69157569 0.8787
9 69161463 0.5558
9 69167239 2
9 69198300 1.3553
9 69200384 1.3553
9 69203472 2
9 69211122 1.3386
9 69216989 1.2509733368568
9 69219464 2
9 69221994 2.4996
9 69223549 1.4608
9 69235311 1e-04
9 69238313 2
9 69244976 2
9 69248447 2.0851
9 69251526 0.415363660471399
9 69257272 3.1145
9 69260542 2
9 69261889 1.5115
9 69272628 0.70766289757734
9 69273685 2
9 69274010 2
9 69278022 1e-04
9 69282398 2
9 69284536 1.00918361786253
9 69290689 1.5275
9 69295996 2
9 69308096 2
9 69312716 1.4404
9 69318241 2
9 69328209 5e-04
9 69334291 2
9 69353909 2
9 69360115 0.93717386465241
9 69360898 2
9 69363921 2
9 69365724 2
9 69367728 1e-04
9 69367744 5e-04
9 69371400 0.978665693977064
9 69383240 5e-04
9 69405973 2
9 69454354 2
9 69486014 2
9 69487089 0.1632
9 69488881 2
9 69503703 2
9 69506311 0.1632
9 69517283 0.4153
9 69518132 0.1642
9 69522605 1.7549
9 69545713 0.1632
9 69559240 2
9 69561756 2
9 69573208 1.7298
9 69575688 1.7298
9 69606738 2
9 69609796 1.7298
9 69634057 1.9977
9 69636859 5e-04
9 69658311 0.1027
9 69672521 0
9 69692272 0.2829
9 69692435 0.2829
9 69757755 5e-04
9 69767591 0.299
9 69771411 0.7959
9 69778678 0.299
9 69793519 5e-04
9 69796685 1.0156
9 69798697 2
9 69802323 2
9 69829308 0.752822065873323
9 69832174 0.285066088044942
9 69843562 6e-04
9 69857759 1.0159
9 69863852 0.715328389489161
9 69865073 1.44501844025313
9 69868350 1.30377833391562
9 69886675 0.0739
9 69890434 1.0159
9 69901426 2
9 69905354 2
9 69916914 1.2212
9 69921320 1.1344
9 69940454 2
9 69941819 5e-04
9 69941835 1.2212
9 69948023 1.1344
9 69948782 0.3555
9 69951820 0.821356767026233
9 69956176 2
9 69976428 0.210595740419156
9 69976434 2.8755
9 69978089 2
9 69980085 0.773525392354268
9 69985211 1.94415461462745
9 69990658 2
9 69995027 1.84646863656314
9 69999032 1.6108
9 69999896 1.46197669877208
9 70019232 2
9 70030018 2
9 70041733 1.9184
9 70051730 0.0389
9 70057110 0.637
9 70070527 2
9 70070901 2
9 70071243 0.637
9 70086385 1.4199
9 70105515 0.0078
9 70113906 2
9 70114077 2
9 70128250 2
9 70143826 1.4963
9 70145920 0.691673778257342
9 70155225 1.4963
9 70168692 0.202544021656682
9 70173723 1.5367
9 70174250 0.253151686890215
9 70175738 1.4963
9 70179531 0.109386117462317
9 70181669 1.5367
9 70181709 0.0329
9 70189753 1.5367
9 70192738 1.5367
9 70194473 1.4963
9 70197835 1.4963
9 70198107 1.5367
9 70208751 0.419110601712373
9 70209542 0.992246912107635
9 70210802 1.24610582634862
9 70211268 0.287725512077621
9 70212385 2
9 70212604 1.89654089410001
9 70214341 0.129599023313565
9 70223392 1.15437064636918
9 70224351 1.37055406949783
9 70229018 1.4963
9 70231502 1.4963
9 70232891 1.5367
9 70242923 2
9 70247510 1.1127
9 70256308 1.1127
9 70258870 1.1127
9 70267095 2
9 70278020 2
9 70279678 1.5146
9 70289064 1.5569
9 70302894 2
9 70350704 2
9 70351803 2
9 70352017 1.5569
9 70369905 0.1689
9 70404034 2
9 70404601 2.6447
9 70423053 1.7029
9 70423749 0.694502579372663
9 70430329 0.0053
9 70497638 2
9 70500646 2
9 70508488 0
9 70521395 2
9 70542500 2
9 70550347 2
9 70558765 2
9 70568107 1.6401
9 70601107 2
9 70616746 2
9 70629719 0.208872169349438
9 70661571 2
9 70662764 0
9 70675683 2
9 70686127 2
9 70696135 2
9 70698634 2
9 70699047 2
9 70728866 2
9 70733087 2
9 70734746 0.3581
9 70740211 2
9 70765864 2
9 70785437 2.6507
9 70793734 2
9 70794186 2
9 70794524 0.8416
9 70796201 2
9 70822908 0.93808071178304
9 70824234 2
9 70825897 2
9 70833219 1.9338
9 70833844 2
9 70834437 2
9 70846858 2
9 70847058 1.9338
9 70851359 1.6732
9 70852322 0.3143
9 70853916 2
9 70854399 2
9 70855840 0.3143
9 70856906 0.3143
9 70858680 1.7433
9 70858852 1.6732
9 70865104 1.5469
9 70865887 1.4264
9 70868678 2
9 70879412 2
9 70880194 2
9 70887508 2
9 70912222 0.696598189879132
9 70919094 1.6914
9 70919784 2
9 70923641 1.8015
9 70925997 0.0073
9 70930589 2
9 70942253 1.6914
9 70952588 2
9 70952763 2
9 70956091 2
9 70963589 1.3227
9 70969614 1.8015
9 70970431 0.0347381750953303
9 70973261 1.05157900480573
9 70975130 0.435690249591967
9 70979446 0.307974436178214
9 70998265 1.208
9 71006333 1.04164736290873
9 71007093 3.5886
9 71013113 0.3933
9 71017929 1.6456
9 71031958 1e-04
9 71038953 0.3933
9 71072609 0.3933
9 71093478 0.7432
9 71100784 1.6601
9 71123710 0.62769417800691
9 71125126 1.4777
9 71126161 1.31075982436298
9 71138988 1.7448160677343
9 71140486 0.0107
9 71143114 0.163266351911862
9 71148906 0.2584
9 71152109 0.888052512266675
9 71162861 0.729802914215668
9 71181595 0.127876117666828
9 71192056 2
9 71198338 1.32965655516603
9 71199303 0.69956401131761
9 71200459 0.692451882653103
9 71200760 0.742262489477432
9 71200825 1.21483004828439
9 71200857 0.855262888353659
9 71206281 1.83332681337
9 71210099 1.07611640366102
9 71232749 1.0078813394101
9 71234689 1.00494884434913
9 71242310 1.94837872068374
9 71245301 1.34614914029366
9 71256248 2
9 71264343 2.1395
9 71264404 1.49079026360346
9 71265186 0.0377671028435396
9 71270998 1.01033765554449
9 71278815 2
9 71280629 2
9 71281605 2
9 71287460 2
9 71293921 0.6511
9 71302562 2.5353
9 71335798 0.0107
9 71420899 0.0071
9 71463796 2
9 71471908 2
9 71489892 2
9 71503217 1.2932
9 71530220 1.25048226856434
9 71537661 0.189155284493993
9 71546755 2.59
9 71572621 1.1784
9 71572998 1.1784
9 71637234 5e-04
9 71650755 2
9 71659400 2
9 71664455 0.467146281187669
9 71671216 0.137976924410884
9 71680073 1.3881
9 71708125 1.5466
9 71708410 2
9 71723954 2
9 71804273 1.8806
9 71856256 2.1395
9 71950376 5e-04
9 71965154 0.0053
9 71969393 0.8739
9 71979046 0.0897
9 71979240 0
9 71988017 0.100184727762038
9 72010523 2.1187
9 72018759 2
9 72029546 2
9 72035970 2
9 72038444 2
9 72055686 0.0758
9 72058076 1.22320561734126
9 72066432 2
9 72069049 2
9 72082302 0.3908
9 72086899 1.1301
9 72132871 0.8947
9 72135440 2.978
9 72147949 0.8635
9 72150357 0.8635
9 72155846 0.8635
9 72159316 2
9 72160282 0.8635
9 72160720 2
9 72160992 0.8635
9 72162268 0.8635
9 72164107 0.8635
9 72170768 0.8635
9 72171064 0.8635
9 72178828 0.8635
9 72179979 0.7838
9 72180117 0.8635
9 72196480 2
9 72200146 0.2982
9 72219837 1.0729
9 72234104 1.4896
9 72250161 2
9 72259489 1.8667
9 72261839 8e-04
9 72266160 2
9 72271217 1.8667
9 72272536 1.8667
9 72279033 0.135871703650321
9 72288639 0.214648333044593
9 72299390 2
9 72323209 2
9 72325901 2
9 72333640 0.789
9 72366737 1.0247
9 72368992 0.8388
9 72369785 2.4538
9 72388185 1.1388
9 72412908 0.7581
9 72417827 0.524394285395407
9 72417829 0.14609435915547
9 72418079 2.71625178061815
9 72431648 0.7407
9 72453305 0.7407
9 72470165 1.2455
9 72470795 0.7657
9 72479242 0.00939139559996174
9 72482014 0.7657
9 72491305 0.7657
9 72501132 2.3372
9 72502848 0.7284
9 72507919 0.7284
9 72508537 0.2009
9 72512614 0.7359
9 72515650 1.91504162094496
9 72530588 0.8268
9 72538155 1.2511190421019
9 72540121 0.8294
9 72540159 0.8294
9 72545358 2.2035
9 72545736 2.234
9 72546671 0.8007
9 72552325 0.8294
9 72563675 0.8294
9 72579922 0.4888
9 72595023 0.8962
9 72596609 0.9809
9 72614870 0.734031977703037
9 72638813 0.993089408312073
9 72647948 0.7357
9 72681252 2
9 72683524 0.315745556237154
9 72691771 1.53948744437926
9 72698221 0.969889945480202
9 72713575 0.325513085458711
9 72730082 0.7044
9 72739414 0.0938
9 72741002 0.156420708039455
9 72744196 0.8928
9 72747978 0.271951203711754
9 72806557 1.5759
9 72840237 2
9 72840599 5e-04
9 72841098 2.57239042586744
9 72851131 0.0263
9 72854839 1.7422
9 72873904 0.9784
9 72915457 2
9 72925271 2
9 72935759 2
9 72993710 2
9 73002187 2
9 73038962 2.234
9 73054615 1e-04
9 73066055 0.0758817489928069
9 73069195 0.938724742327991
9 73092464 2
9 73094106 2.6433
9 73100996 0.7495
9 73114638 0.4636
9 73115517 2
9 73123793 0.0078
9 73123853 1.30292778277689
9 73133461 2
9 73133526 0.0596
9 73146396 2
9 73180151 0.8588
9 73183708 1.49061036162074
9 73198477 0.0681
9 73210377 1.2890604304718
9 73227919 0.1869
9 73230182 0.0273
9 73236250 2
9 73298470 5e-04
9 73305326 2
9 73332267 2
9 73355132 5e-04
9 73386257 2
9 73419134 2
9 73421964 2
9 73511278 2
9 73515899 2
9 73545515 0.0329
9 73545726 0
9 73548099 0.0502
9 73557840 1.0855
9 73560774 0.0273
9 73562430 2
9 73583289 2
9 73600127 2
9 73601835 2e-04
9 73606509 2
9 73626338 0.9064
9 73631371 0.4582
9 73631809 0.1134
9 73649246 0.8341
9 73699960 0.8702
9 73706755 0.7046
9 73724325 0.8839
9 73758981 0.0404
9 73828649 2
9 73836286 0.796415845881404
9 73846895 2
9 73894533 2
9 73906600 2
9 73917596 0.0217
9 73918939 2
9 73920840 2
9 73921620 2
9 73926693 2
9 73927059 2
9 73928958 2
9 73940948 2
9 73946787 2
9 73962566 2
9 73972328 2
9 73978246 2
9 73988226 1.8071
9 73990512 2
9 73993267 0.1027
9 73999724 2
9 74000516 2
9 74007409 2
9 74009073 2
9 74018231 2
9 74023423 2.0556
9 74023592 2
9 74030360 2
9 74035149 2
9 74038546 2
9 74038954 2.0622
9 74039671 2
9 74044548 2
9 74049069 2
9 74057940 2
9 74058123 2
9 74060835 2
9 74062498 2
9 74062822 2
9 74068927 2
9 74080786 2
9 74089669 0
9 74101170 2
9 74115224 0.0335
9 74124339 0.492209281428018
9 74151998 1.14490991228394
9 74172409 2
9 74192609 2
9 74212090 1.2766
9 74216898 1.2766
9 74220332 1.2766
9 74222316 3.6002
9 74224103 1.71531316665977
9 74225445 1.2766
9 74234059 1.2766
9 74235913 1.08262539564109
9 74240930 2.50396065664491
9 74249711 1.2766
9 74249762 0.7351
9 74256467 0.197805296577749
9 74264695 0.7307
9 74274510 1.2926
9 74284120 2
9 74288455 2
9 74293691 2
9 74296245 2
9 74297521 2
9 74312241 2
9 74322656 0.0078
9 74336742 2.1363
9 74342525 2.1363
9 74347688 0.664290694062131
9 74348497 0.443959814105536
9 74356520 3.19995541360823
9 74364881 2
9 74393619 0.7377
9 74399384 0.655
9 74405986 0.655
9 74420063 2
9 74421280 0.7557
9 74423592 0.6706
9 74438405 0.125537714414147
9 74454496 0.7557
9 74454528 2.8735
9 74482991 2
9 74495129 2
9 74497243 2
9 74499097 0.275
9 74502299 2
9 74523025 1.1021
9 74526035 2
9 74549406 2
9 74549441 2
9 74552541 2
9 74601654 0.1331
9 74602508 2
9 74604139 2
9 74611680 2
9 74622234 2
9 74623642 2
9 74637587 0
9 74675301 1.01523440927406
9 74690564 0.0879
9 74706117 0.863075321470048
9 74714896 1.0019
9 74717444 2.1321
9 74735440 2
9 74739038 2.1321
9 74798302 1.0084
9 74811123 2
9 74832322 2
9 74838056 2
9 74863899 2
9 74874241 2
9 74884681 2.8816
9 74902573 0.975
9 74904395 0.4389
9 74908648 0.4232
9 74909234 3e-04
9 74910540 0.0329
9 74913485 2
9 74914412 2
9 74917316 1.8317
9 74921837 2
9 74926111 2
9 74951290 0.743410331438322
9 75010795 0.3447
9 75020051 0.3569
9 75026044 2
9 75038839 0.1765
9 75043498 0
9 75052710 2
9 75060406 1.2838
9 75061050 0.5091
9 75061172 2
9 75066277 1.0485
9 75068110 0.0444
9 75069523 0.4984
9 75088515 2
9 75091011 2
9 75096374 0.1763
9 75103107 2
9 75108332 2
9 75113239 2
9 75118048 1.7015
9 75128566 0
9 75146222 2
9 75150771 0.7727
9 75151938 0.7727
9 75166029 2.784
9 75198319 2.11301273626903
9 75205611 0.8239
9 75207855 5e-04
9 75208124 0.378795718218282
9 75208457 0.3422
9 75210194 0.8858
9 75234912 0.7291
9 75238690 0.201362869132121
9 75239988 0.419941700571035
9 75245754 2.45405784686801
9 75266373 2
9 75275344 1.4325
9 75283210 0.3908
9 75291476 1.4696
9 75291727 1.4326
9 75295444 1.4326
9 75307223 1.4696
9 75308007 1.4696
9 75308549 2
9 75311645 1.4696
9 75312028 1.4696
9 75316974 1.4696
9 75331080 2
9 75334844 1.4326
9 75342327 2
9 75347140 2
9 75355145 0.823021123401849
9 75356745 0.670909018973457
9 75376146 1.4326
9 75379347 2
9 75385434 0.3917
9 75409372 2
9 75421990 2
9 75431481 2
9 75441802 2
9 75444111 2
9 75463387 2
9 75467029 2
9 75480267 2
9 75490584 2
9 75538242 2
9 75547681 2
9 75563851 0.2882
9 75577233 2
9 75588268 0.2882
9 75593374 2
9 75607144 2
9 75608213 1.01
9 75610899 0.7848
9 75614334 0.7558
9 75614377 2.0836
9 75617681 0.686
9 75622962 0.7173
9 75629588 1.01
9 75629763 0.8052
9 75632093 2
9 75636190 0.1578
9 75641859 0.049
9 75652319 2
9 75667863 2
9 75668302 2
9 75676945 2
9 75679929 2
9 75690573 1.1383
9 75699234 2
9 75702909 2
9 75725968 1.3631
9 75730811 1.9279
9 75732609 2
9 75733515 2
9 75734628 1.9279
9 75738441 2
9 75745295 2
9 75753489 2
9 75755321 2
9 75786953 0.1129
9 75811650 0.1401
9 75812643 2
9 75815213 0.6159
9 75837708 0.6484
9 75837946 2
9 75845807 2.2071
9 75858281 0.6707
9 75858865 1.0897
9 75866836 1.16
9 75869209 2
9 75872723 0.2337
9 75873059 2
9 75873592 1.16
9 75885389 2.7649782580394
9 75890687 1.1654097568677
9 75896447 2
9 75901941 2
9 75926834 2
9 75928811 0.950159251421353
9 75934450 2
9 75934518 2
9 75934619 0.000350946359327205
9 75942221 1.2165
9 75942884 0.201830981785134
9 75952715 2
9 75976726 0.3908
9 75977888 0.38521279123747
9 75985197 2
9 75988512 2
9 76000702 0.804493964855702
9 76035606 2
9 76039060 2
9 76043546 2.2889
9 76075967 2
9 76091291 1.8886
9 76091341 2.1759
9 76097516 1.691
9 76111920 2
9 76114297 2
9 76126687 2
9 76129716 2
9 76142251 0.7138
9 76165559 2
9 76184650 0.0837777113020467
9 76193541 2
9 76196189 0.898284754789626
9 76235481 2
9 76243768 0.872
9 76244648 2
9 76262517 2
9 76273076 2
9 76297092 1.4024
9 76316049 0.9757
9 76319108 0.305974051398541
9 76320677 2
9 76323330 2
9 76323925 2
9 76324294 2
9 76328624 1.1908
9 76340618 1.48362023819397
9 76383549 2
9 76394288 0.054193891169059
9 76394431 0.9828
9 76397276 3.1145
9 76404150 3.05258296063044
9 76406410 1.3013
9 76417511 0.105626635769128
9 76425369 2.06489503004599
9 76430688 0.900198349244004
9 76434424 0.707298578799632
9 76436478 0.0053
9 76449516 0.12190666903101
9 76477519 1.16850764388938
9 76484934 0.116903120344033
9 76494242 2
9 76518853 2
9 76529131 1.1731
9 76532311 1.06090456886663
9 76543362 0.894062205419926
9 76548713 1.05188358220833
9 76559891 2
9 76573258 2
9 76588610 1.24790814197758
9 76593348 0.84163577511428
9 76620516 0.0945
9 76626142 1.2261
9 76638431 0.5074
9 76649938 0.971689740456321
9 76657257 0.0131590198905475
9 76671343 1.15052933976724
9 76682990 0.331657805078597
9 76690948 2
9 76691855 2
9 76692538 2
9 76693287 5e-04
9 76699315 0.479120935549458
9 76699744 0.257740147491484
9 76702247 0.393555406952665
9 76703761 0.376325171035693
9 76704134 1.39678859506126
9 76710699 0.328482173117514
9 76712754 1.25283191366492
9 76714421 0.607484167778025
9 76715127 1.6453
9 76715253 1.71102556764767
9 76720183 0.493544503806945
9 76724816 2.59
9 76746105 0.138136577286194
9 76752451 2
9 76753354 1.28833646240258
9 76761032 2
9 76768575 0.614558686657718
9 76772233 2
9 76774458 5e-04
9 76774462 0.935496603549092
9 76776941 2
9 76806832 0.358590909756835
9 76809252 0.834938655074141
9 76814110 1.33448469546207
9 76815519 0.984747072898143
9 76817857 2
9 76817864 2
9 76825050 2
9 76834708 1.7119
9 76836266 2
9 76837314 1.3707
9 76839243 1.1667
9 76925438 2
9 76933327 2
9 76938805 2
9 76940198 2
9 76947782 2
9 76950219 2
9 76952459 0.1174
9 76955437 0.1998
9 76959289 0.5567
9 76960359 2
9 76960570 2
9 76987234 0.9877
9 76992926 1.57939305653497
9 76997043 0.157736489628808
9 77000680 0.210362299003154
9 77004770 0.0859666906988912
9 77009579 1.6821
9 77014058 0.0779571735617792
9 77027768 2
9 77033166 0.1831
9 77036004 1.6752
9 77040773 0.3591
9 77041963 1.5875
9 77054652 0.0263
9 77056233 0.1469
9 77068384 2
9 77070653 2
9 77073170 0.25
9 77084570 2
9 77088659 2
9 77089852 2
9 77091403 2
9 77117296 1.0432
9 77137212 1.5524
9 77140010 0.8635
9 77198923 0.4257
9 77199221 1.3245
9 77233080 1.3245
9 77271483 2
9 77274016 2
9 77409362 2
9 77431979 2.61517340008224
9 77445254 1.1794
9 77446726 2
9 77452632 2e-04
9 77464689 0.2738
9 77481471 0.5052
9 77507861 1.2213
9 77508572 1.197
9 77525741 0.0263
9 77535889 0.0515496568532697
9 77538095 0.451135865911193
9 77566145 1.15723906065565
9 77568347 0.224366361765242
9 77581695 2.20865572682938
9 77584667 2.11158618530529
9 77622909 2
9 77686892 1.02463852107536
9 77710979 2.1515
9 77726737 0.687326249353544
9 77726909 1.07107589522374
9 77759415 0.169225774308894
9 77765256 1.57961761292351
9 77766971 0.528168330418914
9 77772632 0.717740380357893
9 77773613 1.55725350827077
9 77864007 2
9 77866848 0.122877553907249
9 77897944 0
9 77910966 0.63091972566029
9 77917809 2
9 77937952 2
9 77943340 2
9 77978512 2.5946002623664
9 77982822 2
9 77991594 2
9 78005055 2
9 78015052 2
9 78057102 2
9 78060730 0.774746260413414
9 78072139 2
9 78076681 2
9 78077123 2
9 78079455 0.449308277263651
9 78087360 0.837692028839523
9 78099740 0.4725614876205
9 78103876 0.948675625300936
9 78103996 2
9 78108778 2
9 78110011 2
9 78122724 2
9 78135018 0.3908
9 78184435 0.0697
9 78187228 2
9 78191928 2
9 78207039 0
9 78211265 2
9 78234161 0.898558641910812
9 78305841 1.04943451082595
9 78308903 0.63156243837593
9 78309507 1.38584239106354
9 78310844 2
9 78312493 2
9 78315327 0.986084707899324
9 78317440 2.1546
9 78326934 5e-04
9 78333531 2
9 78359533 2
9 78361668 1.8942
9 78392735 2.6908
9 78413148 2
9 78443502 1.9913
9 78444691 0.890407956165112
9 78452221 2
9 78452332 2.2967
9 78457547 1.6243
9 78469477 1.16335578731075
9 78473588 1.86574125781624
9 78475106 1.09516820965082
9 78476227 2
9 78477224 0.195148313341146
9 78478559 2
9 78488859 2.0617
9 78493445 1.9814
9 78497866 1.4893
9 78501565 1.4893
9 78502908 0.1569
9 78502968 1.906
9 78504930 0.1501
9 78514401 1.906
9 78520461 1.66621780201867
9 78522640 0.1062
9 78527628 0.1501
9 78530858 1.1859458343384
9 78551675 2
9 78552925 2
9 78559454 0.798398654572706
9 78572750 0.3974
9 78576074 0.14423311939455
9 78581025 0.2743
9 78604065 2.6444
9 78611680 0.8415
9 78612293 2.4916
9 78615226 1.4896
9 78616758 2.4476
9 78636050 0.591456856939768
9 78662011 0.5386
9 78675627 0.428257053890036
9 78689807 2.1238
9 78693563 2.4476
9 78756511 2
9 78756525 2
9 78768118 0.852893157828569
9 78769450 2
9 78772477 2
9 78782944 2
9 78802992 2
9 78812054 2
9 78815922 6e-04
9 78817974 2
9 78818374 2
9 78818378 7e-04
9 78847938 2
9 78849536 2
9 78863937 2
9 78864839 2
9 78865015 2
9 78865304 0.101243577297655
9 78869831 2
9 78870676 2
9 78870766 2
9 78871955 1.23708228662745
9 78877519 2
9 78878048 2
9 78879057 1.0213
9 78891011 0.811599934821973
9 78922100 0.2142
9 78927994 2
9 78929929 2
9 78946065 2
9 78948454 2
9 78953541 2
9 78954407 2
9 78954486 2
9 78969899 2
9 78992784 0.0078
9 79004950 0.0276
9 79018779 2
9 79051300 2
9 79060838 2
9 79095041 0.463648402255293
9 79106730 0.559250726933366
9 79114327 0.997225715877483
9 79122711 1.30601512788313
9 79141933 0.3795
9 79148998 0.3895
9 79156796 0.6384
9 79168751 5e-04
9 79172535 3e-04
9 79179832 0.1635
9 79199506 0.2066
9 79225706 0.0447
9 79275801 0.512
9 79294997 3.09807750613313
9 79322359 2
9 79342280 2
9 79351680 0.8725
9 79353090 0.6195
9 79359285 0.6195
9 79388042 0.9767
9 79394857 1.2957
9 79396467 0.532032269788972
9 79417999 0.1707
9 79427386 0.7453
9 79427663 0.7453
9 79436408 0.8103
9 79440217 0.59376467007807
9 79448288 0.8785
9 79449904 0.8733
9 79460200 0.8733
9 79462970 0.8682
9 79463539 0.8581
9 79481768 2
9 79482910 0.8746
9 79484037 0.8628
9 79489373 0.228589412935279
9 79498964 0.9762
9 79501451 0.8941
9 79504265 0.8888
9 79545508 0.430161077371159
9 79631772 1.5829
9 79643386 2
9 79662302 2
9 79681332 0.43655799203367
9 79683975 1.26730346271764
9 79688411 1.37934200368511
9 79688907 1.0491
9 79695348 0.786322228377448
9 79698678 2
9 79747252 2
9 79774374 0.4755
9 79786713 0.5019
9 79793510 0.5019
9 79817368 0.3468
9 79818267 0.3468
9 79825828 0.668403632801631
9 79831061 2
9 79839229 1.12428888575786
9 79839934 2
9 79854959 0.899763051042676
9 79856322 1.05627646766096
9 79863318 2
9 79885961 0.5399
9 79888931 0.2552011199804
9 79893889 2
9 79898187 2
9 79900441 2
9 79901077 2
9 79903196 0.302480416299602
9 79933706 1.2793
9 79935341 0.3695
9 79936789 2
9 79938431 0.2311
9 79962858 0.6762
9 79965113 2
9 79991772 2
9 79996693 0.959679446274608
9 79998201 2
9 80058440 0.539596166255198
9 80059965 0.0078
9 80070925 0.387802864087446
9 80080115 0.190916250631103
9 80100202 0.00734801879450629
9 80112754 2.15112250653647
9 80113811 1.35483229251992
9 80117032 2
9 80120858 2
9 80123270 5e-04
9 80124382 2
9 80140271 0.322016036290599
9 80141679 2
9 80210130 2.10753842445648
9 80216969 0.478812655730235
9 80227384 2
9 80228034 1.08152793347388
9 80230685 1.24137286175486
9 80231006 0.0524976547393395
9 80231080 1.47001519243017
9 80240903 0.0816802145003064
9 80251360 1.05160227248324
9 80254821 0.705600224103366
9 80255155 2
9 80257317 1.08300000569156
9 80258750 0.149190040701314
9 80261582 1.9753
9 80263315 0.711641469935975
9 80301075 0.5259
9 80301710 2
9 80309296 2
9 80315683 2.5895
9 80321554 0.277310165988299
9 80328336 0.363886820822786
9 80334559 2
9 80340600 2
9 80342349 2
9 80346478 2.3695
9 80349079 1.1111
9 80368865 2
9 80380921 2
9 80386340 1.2499
9 80393328 2
9 80393792 2
9 80398812 2
9 80407696 0.6594
9 80420077 1.1172
9 80420475 2
9 80421125 2
9 80423065 0.0355135753168104
9 80430650 2
9 80460034 2
9 80467018 0.1015
9 80476584 2
9 80508989 2
9 80519081 0.288412735990379
9 80530947 0.0932266942015765
9 80532618 0.6933
9 80535374 0.610219366555834
9 80542335 0.736228544760116
9 80543104 0.981324788201282
9 80548078 0.6589
9 80554193 2.99038311339371
9 80554493 0.284871561957329
9 80554944 0.8725
9 80567759 2
9 80578541 0.8725
9 80579091 2
9 80581135 2
9 80602183 2
9 80613549 2
9 80617531 0.5006
9 80617672 2
9 80624414 2
9 80627345 0.584879216431014
9 80631399 1.06811001911439
9 80634230 2
9 80640079 1.01649602078266
9 80645828 0.164754377286691
9 80648614 1.00302914430945
9 80651145 0.15177051433843
9 80655414 0.706077997426405
9 80658607 2
9 80659160 2
9 80659696 2
9 80659777 0.867702816168425
9 80660965 1.5446656745544
9 80661391 1.3055
9 80662058 2
9 80662968 0.217439037194805
9 80663609 0.176623249208117
9 80664579 1.38201416504257
9 80665579 1.30835921197612
9 80666892 1.0656
9 80668946 2
9 80669695 1.04129421371154
9 80672652 1.02352251036139
9 80673827 0.9554
9 80673931 0.9554
9 80678000 0.305346289219125
9 80679194 0.237425281821287
9 80680773 0.296078740528232
9 80683131 0.620500181262949
9 80685832 0.689581381364315
9 80687446 0.415848722430361
9 80690300 0.9554
9 80693563 0.469123240778294
9 80697932 0.338028734931534
9 80716140 0.9554
9 80737542 1.0334
9 80740788 0.457661060947517
9 80740870 0
9 80746300 1.11442205513114
9 80746447 0.7864
9 80758246 1.9704
9 80759080 0
9 80782267 1.10643107369923
9 80787161 0.9554
9 80798689 0.692939540611913
9 80799318 2
9 80837887 2
9 80839443 2
9 80847585 2
9 80850737 2
9 80856008 2
9 80860635 2.8713
9 80861304 2
9 80870606 2
9 80875052 2
9 80884705 2
9 80885412 2
9 80885692 2
9 80895102 1.0427
9 80898080 3e-04
9 80903387 2
9 80911728 1.68659661364523
9 80913437 1.3048
9 80913549 2
9 80915788 2
9 80930800 0.9896
9 80936784 2
9 80985709 0
9 80988887 2
9 80990009 2.76205263745717
9 80992114 2
9 80993880 1e-04
9 80995089 0.116971810151737
9 80997466 2
9 81000544 2
9 81001434 2
9 81010977 1.18581492625067
9 81017883 0.990884971027043
9 81024587 0
9 81029360 2
9 81036297 0.831740656243855
9 81045845 1.24759994721854
9 81051023 8e-04
9 81051482 0.2153
9 81051938 0.1118
9 81054867 2
9 81057681 0.433937716497406
9 81060581 2
9 81066176 2
9 81074976 0.709
9 81080260 0.806414133372522
9 81081259 0.1118
9 81083220 2
9 81088578 1.7811
9 81090057 0.0502
9 81101793 2
9 81102663 2
9 81109866 5e-04
9 81110081 0.741948646339366
9 81129619 2
9 81136374 2
9 81181252 0.282235938854878
9 81207399 0.50548850368901
9 81230751 0.12927993387604
9 81231843 0.948521684700227
9 81232188 0.445011430934828
9 81241977 2.16083573863439
9 81245951 0.4251
9 81252832 0.887198266576685
9 81256113 1.50939635761359
9 81258780 1.24144158337898
9 81297440 0.4626
9 81322248 2
9 81335038 2
9 81368265 0.939321891738418
9 81378801 2
9 81389870 2
9 81401735 2
9 81402892 2
9 81505624 0.0746481239979974
9 81526366 2
9 81545532 2
9 81550336 2
9 81556673 0.636539019224345
9 81568069 2
9 81569676 0.68818365303628
9 81573133 2
9 81579215 0.0949909009453008
9 81580871 1.6672
9 81597748 2
9 81598245 2
9 81606800 2
9 81607079 1.80716403642997
9 81627855 2
9 81638512 0.335766028855424
9 81642556 2.69790421975407
9 81673701 0.0604066385086697
9 81685443 2
9 81685779 2
9 81694033 2
9 81717468 2
9 81726290 2
9 81728067 2
9 81733052 2
9 81733693 2
9 81733847 2
9 81735395 2
9 81737265 1.4467
9 81739677 0.3193
9 81748363 5e-04
9 81749572 0.0712
9 81754535 0.0855
9 81755086 0.6558
9 81788654 0.0756
9 81791483 2
9 81817643 1.7789
9 81817979 2
9 81826112 2
9 81833423 1.6673
9 81871055 1.1769
9 81874947 1.2261
9 81906466 6e-04
9 81986057 0.0347
9 82049403 1.1307
9 82068524 1.1172
9 82068691 2
9 82141150 2
9 82145230 0.4276
9 82151904 0.3741
9 82174174 0.4274
9 82289944 2
9 82320095 0.70691604806626
9 82341089 0.534523724462231
9 82371304 2
9 82371367 2
9 82374316 2
9 82400435 0.3918
9 82407109 2.3344
9 82474236 0.4268
9 82487397 2
9 82513206 0.1537
9 82513426 2
9 82514520 0.1537
9 82517938 2
9 82519756 2
9 82521000 2
9 82535124 0.771537751575954
9 82538172 2
9 82552561 2
9 82581540 0.273784602698257
9 82603271 1.73167342674437
9 82645449 0.2666
9 82669235 1.6564
9 82674346 2
9 82691842 2
9 82696913 2
9 82701915 2
9 82702096 1.15620212219325
9 82706250 2
9 82715344 1.0849
9 82725175 2
9 82730091 2
9 82731424 2
9 82738613 2
9 82775304 1.3538
9 82780064 2
9 82787996 1.1985
9 82792082 2
9 82793085 2
9 82810215 2
9 82817532 0.4998
9 82818550 0.4998
9 82844395 2
9 82845182 2
9 82846606 2
9 82885847 0.9674
9 82922556 2.2734
9 82975905 2
9 82981122 2
9 82988412 0.50333876213161
9 82989170 2
9 83007088 2
9 83007871 2
9 83011507 2
9 83017369 2
9 83019016 2
9 83022664 2
9 83024708 2
9 83026083 2
9 83026266 2
9 83028688 2
9 83058214 2.0558
9 83071730 2
9 83076429 2
9 83077227 2
9 83093833 5e-04
9 83098616 2
9 83142899 0.730811675373831
9 83145831 0.512291486216977
9 83151806 2
9 83153453 2
9 83163865 1.42293181016532
9 83174805 2
9 83190242 1.8383
9 83198830 2
9 83200529 2
9 83202556 2
9 83203076 2
9 83225622 5e-04
9 83234543 2
9 83236915 0.6752
9 83243596 1.0399
9 83245856 2
9 83249987 2
9 83250716 1.565
9 83255501 2
9 83256561 2
9 83261392 2
9 83261718 0.254689141350955
9 83263700 2
9 83264483 0.719117683936245
9 83270384 0.217124746157382
9 83273111 2
9 83273392 2
9 83294524 1.46217000817623
9 83301647 0.550491430325878
9 83311154 1.0097
9 83316308 0.9781
9 83318869 0.515261676476238
9 83319385 0.0263
9 83324369 0.3688
9 83326731 0.535124221441645
9 83332844 0.103059624523026
9 83344984 0.568929761901663
9 83351682 1.52384128549375
9 83357237 0
9 83357248 0
9 83362822 0.7867
9 83367052 0.615105748485051
9 83367624 0.863054746506216
9 83378826 0.940038040412717
9 83415592 2
9 83419101 2
9 83433373 2
9 83437360 1.4645
9 83438125 1.8626
9 83442159 2
9 83445418 2
9 83448989 2
9 83454234 0.6843
9 83456309 2
9 83463972 0.217281291551762
9 83464724 2
9 83465051 0.391321561686536
9 83465409 0.131669084149815
9 83476634 1.77872211679272
9 83485624 2
9 83487495 2
9 83493496 0.1753
9 83495053 2.01576145489793
9 83496412 2
9 83505857 2
9 83507736 1.15976781906791
9 83518665 0.0249
9 83533709 1.4201
9 83535618 0.881528218055117
9 83537112 2
9 83545969 0.508877060103705
9 83546021 2
9 83560360 2.9777
9 83561070 1.528
9 83565250 0.0610575523549746
9 83593544 2
9 83618690 2
9 83632784 2.4926
9 83662271 0.685926649027069
9 83683344 1.8436372323897
9 83714941 2
9 83726264 1.2725303442041
9 83740434 0.201088042930386
9 83755842 0.786836215469519
9 83763852 0.648892767996735
9 83774876 0.405444960324744
9 83779448 1.86382689502331
9 83783690 1.73364361811265
9 83803399 2.11294923875563
9 83823500 0.0155983746196326
9 83843698 1.0446
9 83860228 1.0446
9 83864262 1.0446
9 83868976 0.656963290304336
9 83890616 1.0044
9 83913150 1.13069636680005
9 83917325 1.0446
9 83921135 1.0446
9 83964325 1.0447
9 83972428 0.0181
9 83973432 2.12787445523862
9 83978162 1.91812109091996
9 83983275 0.4371
9 83989661 1.0366
9 83995720 1.82016493697356
9 84003046 0.548239228396481
9 84008338 1.60951988994608
9 84009870 0.260098514063117
9 84018687 0.496259668533214
9 84026307 2
9 84029387 0.026
9 84057275 0.428275853317635
9 84058928 0.980545774364902
9 84059618 1.23403633636717
9 84065329 0.983087177424498
9 84075667 1.49997516102288
9 84113260 0.3617
9 84116364 0.919075843990943
9 84152748 2
9 84161394 0.383740483897573
9 84174285 2
9 84189016 0.8017
9 84191680 0.1947
9 84202189 0.0261
9 84223590 2
9 84227971 1.12910439653922
9 84247960 2
9 84260106 0.0236
9 84261574 2
9 84274601 2
9 84286011 2
9 84313582 2
9 84322593 2
9 84324637 0.767803372434267
9 84327052 1.34808205736066
9 84329536 0.0909707683076275
9 84330820 2
9 84335955 2
9 84341021 2
9 84355628 2
9 84371640 0.808
9 84380709 0.7777
9 84381924 0.7777
9 84390983 0.6104
9 84435495 1.0129
9 84442105 1.0064
9 84452945 0.0107
9 84472903 1.3219
9 84474295 2
9 84474631 0.212552321099786
9 84475514 0.351720486292271
9 84475904 0.465455626423038
9 84477218 1.2489
9 84498944 1.8807
9 84499423 1.88409493058418
9 84503603 2.6826
9 84504939 0.0126
9 84511577 1.401
9 84526589 8e-04
9 84538243 2.0458
9 84543133 1.1436
9 84543941 1.1436
9 84572057 1.1436
9 84572805 2
9 84624877 1.3574
9 84640487 1.1653
9 84654447 0.0767
9 84655656 0.0832
9 84660433 0.2124
9 84677775 1.5467
9 84679559 1.9106
9 84704417 0.317
9 84707625 0.2701
9 84719153 0.2701
9 84730467 2
9 84769984 0.9123
9 84794063 0.828
9 84797543 0.7369
9 84815518 1.5755641959014
9 84980801 0.8941
9 84997284 0.521837980484663
9 84999244 0.556196185904472
9 85001617 0.76311256450623
9 85003327 0.857670352514705
9 85004548 1.49518712473137
9 85006273 0.926640205684903
9 85006537 0.0581605025249832
9 85024557 0.630446495822169
9 85051333 2.2653
9 85051804 2.2653
9 85063467 0.075
9 85098790 0.6203
9 85107319 0.7072
9 85112049 2
9 85115979 2
9 85116740 0.866145819827782
9 85151055 2
9 85165137 2
9 85188916 1.18868173671152
9 85206189 2.5895
9 85207637 0.658430328301605
9 85243941 0.9116
9 85247207 2
9 85294824 2
9 85296068 2
9 85313343 1.7395
9 85314532 2
9 85324591 2
9 85326363 2
9 85342416 0.9219
9 85352456 0.9219
9 85379241 1.1115
9 85379312 2
9 85380625 1.0807
9 85380755 1.1115
9 85388849 2
9 85393617 2
9 85454664 0.159535258172021
9 85462427 0.436326973819787
9 85466546 0.207991653611535
9 85471461 0.315652207927885
9 85480512 0.0922211799615981
9 85495317 0.780089629283531
9 85507968 1.29065151546876
9 85510338 2
9 85510382 2
9 85584979 1.6672
9 85620039 2
9 85658503 2.7093
9 85677252 1.12188238082592
9 85698837 0.114924812011884
9 85724372 1.2378
9 85738854 0.734264761244767
9 85756543 2
9 85775506 0.0263
9 85789665 2
9 85833347 1.2262
9 85838247 2.1953
9 85876297 0.0350099575565301
9 85889165 0.610499822319742
9 85915354 1.1213
9 85917941 0.5742
9 85918451 0.5742
9 85933606 2.1371
9 85939501 2.1558
9 85941721 2.3652
9 85999241 1.04042219643493
9 86007692 0.905
9 86042425 0.8582
9 86048668 0.9842
9 86053596 2e-04
9 86059082 2
9 86077134 2
9 86078634 1.8626
9 86096815 1.37013551509449
9 86099678 2
9 86099840 1.3048
9 86113367 2
9 86134745 2
9 86136539 0.0508531663581509
9 86136730 2
9 86140703 1.90931019670702
9 86143636 1.8548
9 86158277 1.4937
9 86186669 0.472449178237003
9 86200687 0
9 86215274 2
9 86216750 0.725592030498506
9 86233493 0.8405
9 86239528 2
9 86250719 2
9 86252024 2
9 86259572 2
9 86267579 0.6434
9 86270743 2
9 86275118 2
9 86286809 2
9 86320473 2
9 86321312 2
9 86366224 2
9 86395340 0.7332
9 86414788 2
9 86414805 0.7831
9 86432067 2.7095
9 86443727 1.0198
9 86449069 1.0198
9 86459014 2
9 86462994 2
9 86470416 2
9 86495508 2
9 86505836 2
9 86506737 0.1824
9 86511550 2
9 86514389 2
9 86518651 0.334229539353421
9 86521274 0.985228800625084
9 86529945 2
9 86534030 0.288
9 86534123 2
9 86536860 2
9 86539265 0.1827
9 86545143 0.29051913235027
9 86545717 0.2712
9 86559072 0.3307
9 86563107 2.9901
9 86587321 2
9 86593246 2e-04
9 86593258 0.3293
9 86593348 0.7356
9 86593701 1.2337
9 86594956 1.2337
9 86595114 1.2337
9 86598307 2
9 86615445 2
9 86616175 0.1028
9 86619989 2
9 86621243 4e-04
9 86630399 2
9 86634835 2.4245976800195
9 86635008 1.09819506214956
9 86640330 1.57115315445974
9 86640661 2
9 86645154 3e-04
9 86656008 2
9 86663312 2
9 86664597 0.0274365166699223
9 86673357 0.1997
9 86695074 2
9 86705211 0.2012
9 86715472 2
9 86716222 0.177
9 86723400 2
9 86753812 2
9 86754871 2
9 86755537 2
9 86826683 2
9 86853504 2.1017
9 86865172 2.0848
9 86872670 2
9 86886354 2
9 86888972 0.26393747272746
9 86960140 1.03845164052323
9 86966743 0.2731
9 86979406 0.2731
9 86979502 0.2731
9 86997309 2
9 87007709 2
9 87030986 0.210578637157423
9 87031800 0.845588336086308
9 87032167 2
9 87048364 2
9 87050422 2
9 87052752 2
9 87053797 2
9 87054499 2
9 87055940 2
9 87140346 1.1018
9 87143258 2
9 87143495 2
9 87144574 2
9 87147013 2
9 87147672 2
9 87148403 0.266741356049242
9 87149412 2
9 87162582 0.513899437856734
9 87164520 2
9 87165304 0.559306886692469
9 87179690 2
9 87181615 0.447429714829882
9 87186218 2
9 87190334 2
9 87193613 0.501
9 87228184 0.591638087596578
9 87257810 2
9 87270541 2
9 87293220 2
9 87300512 2
9 87311538 0.643117295500693
9 87317875 0.417530078200356
9 87349763 0.8032
9 87349883 0.0882
9 87354781 0.366580877004741
9 87355675 1.26539735355747
9 87360565 1.90511705811106
9 87360678 0.730200222650353
9 87370335 0.5335
9 87379703 2
9 87388228 2
9 87395180 0.9228
9 87397043 0.0512770553928468
9 87426245 0.721774722694445
9 87432292 1.54980817389466
9 87436476 3.02150651858946
9 87438173 0.0422
9 87439136 0.2901
9 87455347 0.0855691875154993
9 87458933 2
9 87462901 2
9 87477448 2
9 87479654 2
9 87480946 2
9 87482961 2
9 87482987 2
9 87485881 2
9 87489481 2
9 87492053 2
9 87516986 0.2985
9 87522219 2
9 87522560 0.3478
9 87527018 0.147661577716572
9 87534357 0.2702
9 87536156 1.14136904043756
9 87557927 1.67565255498506
9 87558607 0.198712563356381
9 87562321 2
9 87565595 2
9 87571472 0.375814665881157
9 87571796 0.7297
9 87653507 0.685560863749826
9 87662305 2
9 87663383 2
9 87663767 1.732
9 87667264 2
9 87672272 2
9 87684236 2
9 87688352 2
9 87702204 2
9 87705993 0.866490263709996
9 87723741 2
9 87726001 1.8912
9 87747125 0.992851845072946
9 87750853 2.19143597219669
9 87758743 2.1453
9 87771986 0.2769
9 87777768 0.2769
9 87788179 0.2769
9 87792526 0.2769
9 87792618 1.6252
9 87809772 1.11055000920438
9 87810420 1.44667597195965
9 87811303 1.63641880699503
9 87836037 1.04212628296843
9 87838704 1.82199356268143
9 87851245 2
9 87857288 0.952948289403853
9 87858847 2
9 87863144 0.855321955772608
9 87865648 0.377199321127239
9 87885274 1.9165
9 87919397 0.858045269446751
9 87932184 2
9 87957789 0.0447
9 87960670 0.0447
9 87974101 2
9 87974587 2
9 87976554 8e-04
9 87997097 2
9 88028914 2
9 88030812 0.2548
9 88096050 0.497653695800432
9 88097397 0.184184396606781
9 88099328 0.1959
9 88099705 0.729237217448404
9 88100040 0.722885217645515
9 88102837 1.9967268785414
9 88103712 2.16644798278744
9 88128416 0.2386
9 88152912 2
9 88154018 2
9 88154890 0.548474188313615
9 88166867 2
9 88178046 2
9 88178055 2.3001
9 88178395 0.580273029230886
9 88183395 0.4134
9 88194888 2
9 88202393 1.15189720274149
9 88202921 0.43565839640861
9 88203958 0.967005321349953
9 88206506 2
9 88208880 1e-04
9 88212969 2
9 88213146 2
9 88213237 2.1610336243161
9 88221868 1.00210595204839
9 88223876 2
9 88224116 0.6418
9 88226947 2
9 88237402 2
9 88241860 0.0772121147304805
9 88244975 5e-04
9 88252697 2
9 88265637 1.34707767991623
9 88271621 2.03604528523134
9 88271683 0.145641965399462
9 88271812 2
9 88272353 0.0154639426896122
9 88283948 0.026
9 88341832 2
9 88341898 2
9 88367172 2
9 88378310 2
9 88380065 2
9 88384791 2
9 88399163 2
9 88408358 2
9 88437905 2
9 88442107 2
9 88461703 2
9 88488909 4e-04
9 88488925 5e-04
9 88489267 2
9 88534509 0.0078
9 88623928 1.2852
9 88657741 1.0418
9 88661711 0.918501816441137
9 88661719 0.477156601767633
9 88661877 2.10808519651027
9 88668111 1.86371636914664
9 88670587 2.01206246787899
9 88672939 1.07241153503906
9 88675791 0.302445870593973
9 88695395 1.01936568549205
9 88696927 1.32521924588948
9 88708644 2
9 88714834 2
9 88723830 0.9755
9 88726643 1.3997
9 88731448 0.261598519745601
9 88747035 0.370440430866094
9 88747938 0.0262750703020691
9 88757099 1.4703
9 88759035 1.0873
9 88772581 0.9332
9 88783752 2
9 88783800 2
9 88788107 0.9976
9 88808132 2
9 88812627 2
9 88834128 0.5636
9 88852672 2
9 88865224 0.0402748888019289
9 88868165 2
9 88871743 0.543435837342772
9 88872853 2
9 88893553 1.9281
9 88901797 1.00533720637282
9 88903991 0.64228738301048
9 88905021 1.60485379131123
9 88909026 1.49571379599707
9 88909369 0.990703436436707
9 88913650 2
9 88913799 2.8216
9 88913873 0.684075758442628
9 88919130 2
9 88920535 2.8216
9 88925004 2
9 88925012 2.8216
9 88927321 2
9 88931460 0.485953813981976
9 88932735 2
9 88940632 2
9 88941013 2
9 88947932 2
9 88948119 0.200529620317288
9 88948677 2
9 88957230 2
9 88957636 2
9 88958150 2
9 88963395 2
9 88965274 2
9 88965404 2
9 88968947 2
9 88972313 2
9 89013631 0.0053
9 89025143 0.0881
9 89025588 3.1209
9 89051897 0.545758515436601
9 89059754 6e-04
9 89068297 3.34133926034734
9 89074907 2.404
9 89098683 1.493
9 89099619 2.0887
9 89101619 0.57177857474149
9 89114252 2.0887
9 89173173 1.4995
9 89173844 0.0481
9 89173896 1.374
9 89210456 0.1695
9 89210869 1.4294
9 89218428 0.0203207011770589
9 89256441 1.4428
9 89288736 1.9885
9 89290926 2
9 89309238 2
9 89310773 1.2103
9 89336236 2
9 89344021 2.4365
9 89361243 1.8578
9 89371445 5e-04
9 89371516 1e-04
9 89372396 0.1028
9 89384116 2.8216
9 89401967 2.8216
9 89415070 0
9 89415253 2.1343
9 89419496 2.1343
9 89419924 2.8216
9 89424157 2
9 89438810 2
9 89447303 2
9 89451268 1.77
9 89456103 2
9 89461425 2
9 89461427 0.993419083805123
9 89462985 0.9217
9 89468115 2.6908
9 89480480 2
9 89481655 2.8216
9 89488637 0.6361
9 89501534 2
9 89502187 2
9 89534511 0.509788986774982
9 89534716 1.2541
9 89536846 2
9 89539140 1.18527053790652
9 89539741 0.186164172840809
9 89540101 0.559591684088695
9 89555187 0.6891
9 89555208 1.50513351990248
9 89557619 1.38738292499926
9 89573970 0.365
9 89581976 0.365
9 89599008 0.1141
9 89607580 0.5405
9 89648565 0.1028
9 89658941 2
9 89673858 1.5114
9 89691512 2
9 89699134 0.0923263910937838
9 89699227 0.0413917870892379
9 89699535 0.732546815745582
9 89699658 0.70330289007965
9 89700572 0.848185922341195
9 89700650 2
9 89702932 1.06164539271427
9 89706902 0.519311023217535
9 89708996 2
9 89714015 1.26219093478795
9 89718121 0.807710152208062
9 89724669 2.7141
9 89731073 2
9 89731678 2
9 89735340 0.215128115253331
9 89737035 0.830971754806446
9 89741618 2
9 89743035 1.2707
9 89749716 2
9 89753196 2
9 89754829 5e-04
9 89757818 0.508728120379376
9 89762936 2
9 89769580 2
9 89770232 2
9 89771883 2
9 89775774 1.4322
9 89776829 0.180759307158486
9 89782667 0.964522585640566
9 89787882 2
9 89792673 2
9 89795733 0.5381
9 89801807 2
9 89825309 0.410665864763576
9 89834716 2
9 89844265 2
9 89846822 2
9 89849295 2
9 89851153 2
9 89861365 2
9 89862217 2
9 89865152 2
9 89866628 0.0263
9 89896081 2
9 89898199 0.0263
9 89931080 2
9 89932074 2
9 89933596 2
9 89948070 2
9 89949680 2.4921
9 89960023 2
9 89961646 1.0809
9 89967138 2
9 89988162 1.58522540954786
9 89988978 0.25562910605893
9 90004122 2
9 90005880 2
9 90005885 2
9 90019211 0.304266273352502
9 90020606 0.5501
9 90026397 0.0896657623280703
9 90031498 1.2426
9 90031535 1.18953830252223
9 90031647 0.186986460499608
9 90042807 2.19652859303809
9 90093569 0.301212441265111
9 90095737 0.268746172647109
9 90113303 2
9 90113695 2
9 90114384 2
9 90118493 2
9 90122848 0.189820406201414
9 90123114 2
9 90136524 1.83135589110595
9 90165193 0.815137467853032
9 90165715 1.12898988104294
9 90169800 0.227951752469788
9 90184366 0.291255390161184
9 90194723 1.06723940688353
9 90223708 0.00349258352781117
9 90238673 0.9001
9 90258956 0.9001
9 90260722 0.16064455315566
9 90262307 0.327708481398567
9 90266358 2.245
9 90273392 3.48828129860767
9 90273920 0.948326938089194
9 90275993 0.269191945337049
9 90282117 1.61995840357181
9 90302017 0.348843273335632
9 90317647 0.338635675700142
9 90317912 0.581434468108702
9 90325404 0.126202068957294
9 90327633 0.464024436559459
9 90357558 0.902910289236783
9 90362783 0.25990579415504
9 90384022 1.2090515868933
9 90390435 0.172604006310279
9 90396444 2
9 90408434 2
9 90413064 2
9 90415359 2
9 90415448 2
9 90415806 2
9 90421122 2
9 90433101 2
9 90437996 2
9 90469446 2
9 90523203 2
9 90523596 2
9 90530066 2
9 90566155 0.6708
9 90571973 0.6708
9 90572652 0.938344526482877
9 90585139 1.11803561270874
9 90586246 1.3691
9 90589957 0.6521
9 90590355 0.466330379306395
9 90590888 1.3107477471483
9 90595174 1.03797684592414
9 90595768 0.6521
9 90627254 2.13670121550981
9 90636063 0.0532922909715825
9 90656045 2
9 90656492 2
9 90657418 2
9 90658269 2
9 90661270 2
9 90670497 2
9 90676977 2
9 90700703 2.00748820214174
9 90721321 0.985696387888482
9 90722787 2
9 90723421 2.3939027493536
9 90751442 2
9 90756646 2
9 90756998 0.60019099278428
9 90758039 0.827753664004115
9 90761250 2
9 90763512 0.561670637401368
9 90767775 2
9 90775893 2
9 90777962 2
9 90778529 5e-04
9 90784631 2
9 90785409 1.2984
9 90797233 2
9 90804487 1.3289
9 90808863 1.1325
9 90811955 0.707523437956914
9 90813267 1.65786842213413
9 90822152 0.7493
9 90835387 2
9 90843179 1.04696596877289
9 90858036 0.569032895544442
9 90863044 2.3383
9 90865984 2
9 90867507 2
9 90878325 2
9 90879557 1.0794
9 90884398 0.17890177545215
9 90884482 2.2296939300339
9 90890022 0.935243996574607
9 90890978 1.50825070852572
9 90892415 0.996274106136974
9 90893281 1.2459
9 90893475 1.38234758472258
9 90900919 1.05743768800902
9 90906045 1.5495
9 90913902 1.5668
9 90951175 2
9 90954628 0.28276238151539
9 90959747 0.0273
9 90961588 1.5411
9 90963655 0.0053
9 90978487 1.39057610563634
9 90979937 2
9 91008487 2
9 91010620 1.4351
9 91019865 2
9 91090100 1.26511746094391
9 91111425 0.1028
9 91138452 1.4144
9 91139503 0.637348541002475
9 91164368 0.0131
9 91167233 0.0756819770093209
9 91173133 1.00041423775149
9 91188231 0.221711380369219
9 91188450 1.0116
9 91194969 0.9309
9 91196108 2
9 91203994 1.34582627244599
9 91225545 1.9286
9 91233836 0.9302
9 91246089 0.126238308012627
9 91290762 2
9 91294297 4e-04
9 91305034 2.7837
9 91335348 0.161102953431721
9 91349683 0.3897
9 91372866 1.3634133267515
9 91439059 0.528752889482533
9 91444528 2
9 91448362 1.37065880571431
9 91456176 0.9222
9 91471092 0.199780533513304
9 91471968 2
9 91488322 0.0117169869690068
9 91506911 0.937324597435946
9 91508132 2.1093
9 91510837 0.0078
9 91524904 0.983609976703491
9 91527462 1.15534402751993
9 91531640 0.0710502189761333
9 91550444 2
9 91582039 1.791
9 91586829 2.1191
9 91591367 2
9 91597915 1.49479553159025
9 91599509 0.361409521921718
9 91601978 0.89812317167098
9 91603120 3e-04
9 91605245 0.99729448044989
9 91606610 2
9 91607257 0.122824696588644
9 91609310 2
9 91611524 0.500942522927795
9 91617468 1.7392
9 91618644 1.9511
9 91622299 2
9 91628661 2
9 91631722 1.1148
9 91635296 2.49099599401108
9 91641360 2
9 91657858 2
9 91711733 2
9 91717863 1.11098647992821
9 91731188 0.9217
9 91733326 1.22199576269563
9 91740556 2
9 91744332 0.223768726960877
9 91744430 1.2041
9 91747704 0.51700593195114
9 91752040 1.68066808438062
9 91760121 0.577124793008531
9 91762849 0.484128271582727
9 91764367 1.64742607127849
9 91772495 0.3145686484069
9 91773350 0.716898474657876
9 91776106 0.122013004475978
9 91784337 1.09875683834129
9 91790295 2.9776
9 91790794 2
9 91805726 1.7395
9 91816572 2.2846
9 91820687 1.07767653343046
9 91821991 1.9952958908013
9 91823974 0.348671559722694
9 91845059 0.73719748328667
9 91851252 0.48600993197895
9 91852320 0.700715387526203
9 91852624 0.464607459502142
9 91869477 1.2382292154173
9 91882532 1.23262601882637
9 91884515 2
9 91885937 2
9 91904050 0.0100715644328619
9 91906957 0.582458057045276
9 91914967 0.466681131334638
9 91922928 2
9 91944889 0.153035456005134
9 91954160 2
9 91961616 1.1769
9 91974142 1.25588769517643
9 91998163 1.9339
9 92034665 1.9275
9 92073028 0.257485606459375
9 92094213 2
9 92100782 1.6128
9 92127240 0.8886
9 92132449 0.4394
9 92141268 0.8389
9 92141293 0.8389
9 92146655 2
9 92152138 2
9 92163968 1.2307
9 92178271 2.0887
9 92208913 2.0465
9 92215735 2
9 92215922 0.0263
9 92220280 2
9 92233949 2.0465
9 92297211 2.0465
9 92337319 1.15274124063954
9 92357202 2.0265
9 92375682 0.9484
9 92386917 2.0465
9 92416109 0.0263
9 92419967 2.0465
9 92437401 0.806917133166499
9 92460948 2
9 92470532 2.0465
9 92504320 2.0265
9 92530634 1.8578
9 92545533 1.8578
9 92548286 1.8578
9 92572892 1.8578
9 92577973 5e-04
9 92651436 0.6571
9 92655531 1.8578
9 92666905 1.8578
9 92669067 0.0263
9 92672139 0.0078
9 92673498 1.8434
9 92676450 1.8578
9 92686099 0.6571
9 92688304 1.4946
9 92690561 0.6571
9 92694373 0.6571
9 92696960 0.5177
9 92706699 0
9 92757122 0.4713
9 92762844 0.4713
9 92768979 0.9235
9 92771260 0.4713
9 92791181 1.953
9 92810099 0.867
9 92817245 0.512700001157434
9 92817782 0.0054
9 92824018 2
9 92827811 2
9 92838098 1.0106
9 92854977 2
9 92862619 2
9 92873933 7e-04
9 92885692 2
9 92900121 2
9 92902623 2
9 92924448 2
9 92928755 0.5636
9 92936178 2
9 92938239 2
9 92946928 2
9 92966976 2
9 93009946 0.351444538428211
9 93028214 2
9 93031534 2
9 93032111 2
9 93039386 2
9 93045496 2
9 93051958 1.7395
9 93062272 2
9 93067141 1.0729
9 93095051 2
9 93098725 1.1078
9 93100259 0.7617
9 93104205 0.915311174247447
9 93106973 0.0053
9 93109471 0.1466
9 93116805 0.669516629075967
9 93131183 2
9 93143270 1.62200475954824
9 93148765 2.5419
9 93151536 0.8663
9 93168290 1.55954049757324
9 93169556 1.21258050951438
9 93178086 0.459282325504513
9 93190434 0.412348773925608
9 93201581 0.327987024990677
9 93229931 0.0217
9 93230037 0.187733627203184
9 93230841 2
9 93233131 0.822550395834948
9 93233146 1.1986
9 93277460 0.0273
9 93288462 0.10541749566066
9 93293662 0.0217
9 93300106 0.0897
9 93325847 0.0162
9 93347067 1.96411295823371
9 93349820 5e-04
9 93350372 1.53205820331533
9 93351981 2.1258498723111
9 93356053 0.650821946818351
9 93358560 1.60990771982076
9 93359637 1.90907482968351
9 93362637 1.6124
9 93364703 1.6124
9 93366008 1.6029
9 93366459 1.6124
9 93378073 0.0162
9 93386696 1.6038
9 93398322 0.725013616450723
9 93399360 0.558561219424763
9 93439582 2
9 93440650 0.791115153888503
9 93440717 0.288691148684082
9 93440968 1.22291909353412
9 93449492 0.5346
9 93475936 1.06161607767145
9 93485251 2
9 93490887 0.834371432674582
9 93491157 1.19330344621068
9 93492583 0.0447
9 93509470 0.694877896941384
9 93544455 1.55035146361492
9 93579075 0.274450159186331
9 93580778 1.10890715287783
9 93599287 0.306507892345482
9 93603330 0.268505932353017
9 93607214 0.269603570755546
9 93612092 1.26904250484062
9 93613532 0.0621
9 93619634 0.442479832604257
9 93620167 2
9 93620447 1.03314933773642
9 93620839 1.28303657205645
9 93638895 0.040702622966223
9 93640125 1.63816367015116
9 93644576 0.079350834905973
9 93645566 0.543763708167012
9 93651399 0.67125105457299
9 93652653 0.272362198199229
9 93659264 0.455763387598055
9 93662513 0.651995394244893
9 93662856 0.692323525546425
9 93681570 1.76143658595557
9 93689442 0.704303725284319
9 93698731 0.3424
9 93709816 2
9 93711574 1.76388286189764
9 93719002 2
9 93740739 0.0379
9 93746612 1.58086256481955
9 93747661 2
9 93759641 1.14384923719882
9 93773684 2
9 93785403 0.447324803208204
9 93789181 0.353181824130072
9 93789714 0.798805900619395
9 93804227 2
9 93805778 0.313704366441769
9 93818492 1.1664
9 93832854 0.342882485464232
9 93837255 2.77840550670496
9 93840174 0.0552853865812886
9 93853680 2
9 93866742 1.07394244247791
9 93869895 0.980133101453502
9 93873421 2
9 93876398 1.36138537719417
9 93879323 1.05920009339119
9 93879993 0.213046701216884
9 93880626 0.856284280313053
9 93880672 0.400224015769905
9 93882422 0.65380641481812
9 93883297 2.0946
9 93885151 0.147041738338017
9 93888087 0.629652745881741
9 93889150 1.15819737226692
9 93889576 2
9 93892626 0.865447899027108
9 93892728 0.298184894853114
9 93894267 0.675597208379417
9 93915796 0.527881703964177
9 93918634 0.089057976044767
9 93918722 0.0546851459452334
9 93919586 2.87834588147431
9 93939381 2
9 93949127 2
9 93949930 2
9 93965839 0.530496173846981
9 93973109 2
9 93992621 2
9 94001332 2
9 94001650 1.31387671077276
9 94005944 2
9 94006055 1.0865706110235
9 94026476 2
9 94043353 0.350125627832404
9 94051018 2
9 94094365 0.4219
9 94094905 2
9 94103602 2
9 94104903 2
9 94110869 2
9 94120989 2
9 94125159 0.8002
9 94125445 0.2739
9 94140533 2
9 94146999 0.998188819243472
9 94148533 2
9 94151098 0.817136998468751
9 94175398 2
9 94183129 0.0447
9 94196718 2
9 94207938 2
9 94216186 0.5103
9 94225833 0.5103
9 94226197 0.314042679954013
9 94249512 2.0072
9 94253348 0.4499
9 94260881 1.49621207120478
9 94265243 0.579684197989998
9 94270693 0
9 94271049 2
9 94277943 0.4736
9 94279634 0.0373
9 94279720 3.2377381515784
9 94294859 0.386794631708275
9 94309385 0.7774
9 94310365 0.0263
9 94311306 0.651634876020796
9 94345738 0.680500430814193
9 94355506 0.438272012933935
9 94359298 0.290039297012061
9 94371103 0.207190866127688
9 94384744 0.7774
9 94397487 0.063150775037971
9 94401202 0.7977
9 94408827 0.2086
9 94436102 2.14842952851271
9 94446417 0.0102861789357004
9 94449374 1.6719
9 94451162 1.6719
9 94459152 1.1417863843278
9 94464184 0.7774
9 94468319 2.7837
9 94478237 0.236546909433611
9 94480021 1.8578
9 94492801 0.7774
9 94496895 0.614637124429041
9 94508737 2
9 94517429 0.8563
9 94521074 0.444203659164358
9 94522124 1.19789570619416
9 94522835 0.330701276804937
9 94524942 1.9401
9 94529948 1.16219736849294
9 94530120 0.0419127690122697
9 94530409 0.666040734340838
9 94538864 0.733909493510572
9 94541362 2
9 94543635 2
9 94548479 2
9 94554848 1.0528
9 94563889 2
9 94566958 2
9 94570093 2
9 94575251 2
9 94585672 2
9 94589957 0.9483
9 94591435 2.05151248265164
9 94595936 0.9483
9 94610469 4e-04
9 94613764 0.427103411255106
9 94614969 2.33822935135968
9 94614994 1.0576
9 94616850 1.12671504952453
9 94621829 1.66948328082469
9 94626556 0.633600845031267
9 94637808 0.654545200047587
9 94639709 0.176702463011148
9 94642980 0.145652407271794
9 94644046 0.282018199724796
9 94651979 0.5984
9 94653627 0.2498
9 94781547 0.3907
9 94814810 2
9 94817173 0.0561
9 94828875 5e-04
9 94830589 0.0217
9 94841101 0.0561
9 94842096 0.0561
9 94880731 2
9 94887382 0.0217
9 94892954 2
9 94898131 0.0217
9 94898679 2
9 94901338 2
9 95008811 0.0681
9 95018710 2
9 95025720 0.0681
9 95027463 0.0621
9 95044803 0.0994
9 95053455 0.0681
9 95084683 1.3142871190202
9 95104020 2.0649
9 95146878 0.0273
9 95191879 1.8265
9 95197218 2
9 95243853 0.0273
9 95250478 2.9776
9 95253969 2
9 95261023 2
9 95290425 0.0273
9 95303661 2
9 95334733 2
9 95338292 2
9 95340701 2
9 95344441 2
9 95364482 2
9 95365062 2
9 95366096 2
9 95366365 2
9 95398166 2
9 95401161 2
9 95402500 2
9 95405705 0.0078
9 95413127 2
9 95415674 2
9 95428053 2
9 95472368 2
9 95476076 2
9 95480702 2
9 95507136 2
9 95514471 2
9 95516050 2
9 95524196 2
9 95534905 1.1662
9 95537189 2
9 95541147 2
9 95542358 1.2154
9 95544638 2
9 95545708 1.2154
9 95550750 1.1209
9 95557819 0.547909834292808
9 95571877 1e-04
9 95580267 1.0854
9 95601591 2
9 95625278 4e-04
9 95641959 0.0451339435952524
9 95643899 2
9 95645362 1.355
9 95654404 1.1756
9 95655771 2
9 95664603 1.1641
9 95668425 2
9 95680120 2
9 95680617 2
9 95685601 0.3218
9 95710236 0.399456264771578
9 95714787 2
9 95717202 0.130013119247129
9 95727239 1.38068232321542
9 95728073 1.94792735647283
9 95729020 0.185660143841849
9 95739214 2
9 95743024 2
9 95751531 1e-04
9 95752254 0.246231565847704
9 95757801 1.75926247513295
9 95778950 1.2267
9 95781475 1.2107
9 95795179 2
9 95807835 2
9 95815766 2
9 95822707 2
9 95826604 2
9 95827862 2
9 95834270 2
9 95864629 1.2312
9 95879467 1.8039
9 95934827 1.03095966126119
9 95957517 1.1364
9 95959184 0.7937
9 95963467 0.816
9 96001986 0.299725434445531
9 96055241 0.0307061818540136
9 96059196 2
9 96065169 2
9 96068057 2
9 96070729 0.794107156624544
9 96072941 1.2325
9 96076475 2.15638456346134
9 96082821 2
9 96106090 0.178954325930254
9 96109096 0.392799606310667
9 96110631 0.830436891800195
9 96113992 0.7081
9 96126994 2
9 96145049 2
9 96165861 0.2227
9 96172898 0.677911020611056
9 96182667 2.2677
9 96183915 0.7741
9 96199820 2
9 96210924 0.7532
9 96211859 2
9 96213944 2
9 96218078 2
9 96244296 2
9 96246276 2
9 96252111 2
9 96259300 2
9 96272445 5e-04
9 96274386 0.9173
9 96283177 0.0263
9 96286702 2
9 96290084 2
9 96293927 0.9686
9 96295348 0.0792
9 96302143 2
9 96303102 2
9 96314485 2
9 96318122 2
9 96325490 1.1603
9 96325890 1.1603
9 96337703 0.861
9 96344744 2
9 96355144 1.8627
9 96375146 1.919
9 96383951 1.919
9 96388476 1.9044
9 96390613 1.919
9 96426065 2
9 96429350 5e-04
9 96431614 2.4916
9 96462665 2.3951
9 96477559 0.175920757942251
9 96483877 0.645017035325265
9 96484884 2
9 96490182 2
9 96494288 2
9 96497542 2
9 96498922 2
9 96501539 2
9 96510023 2
9 96512672 2
9 96518332 0.399210638965056
9 96562095 0.4227
9 96625508 1.3461
9 96655326 0.677316649684719
9 96705257 1.1376
9 96811616 2
9 96933780 0.0263
9 96946348 2
9 96972087 2
9 97044505 0.9021
9 97055084 0.9375
9 97071050 2
9 97072019 0.1966
9 97108142 2
9 97109040 0.8405
9 97135316 2
9 97137031 2
9 97143689 2
9 97147109 0.676964661707966
9 97147664 2.0265
9 97167323 0.9762
9 97192002 0.137459075798429
9 97222372 0.739656370681337
9 97227299 0.0575577921766565
9 97235425 0.253799070968714
9 97239754 0.1518
9 97239945 0.890170721462762
9 97246261 0.1323
9 97247297 0.0487771138160417
9 97255560 0.0959
9 97255583 0.0728
9 97256634 0.335448597098659
9 97256993 0.1323
9 97273921 0.890566712225407
9 97276114 0.1323
9 97287490 0.8295
9 97292147 0.8263
9 97298674 0.699996398164146
9 97300416 2.08396146491482
9 97302959 0.9819
9 97304453 0.809697019540634
9 97327861 0.8295
9 97334813 1.13688449573203
9 97345602 0.0577985920888969
9 97365048 0.8295
9 97369912 1.66026624797179
9 97377615 0.407021043219426
9 97404133 0.2586
9 97417559 2.0465
9 97428498 0.301963133426724
9 97439078 0.695
9 97449587 2
9 97453425 2
9 97463975 1.8304
9 97470907 0.655941989822083
9 97499653 2.062
9 97500056 0
9 97501579 2
9 97512283 2
9 97525956 2
9 97542579 2
9 97543985 2
9 97545211 2
9 97545507 2
9 97551443 2
9 97551511 1.42283402270934
9 97556269 0.811
9 97564944 0.8722
9 97572585 0.424270144947117
9 97576927 2.1933
9 97578203 2
9 97591989 2
9 97614573 2
9 97636850 2
9 97708740 0.397146927758755
9 97714783 2
9 97717474 2
9 97717843 2
9 97734383 2
9 97734640 2
9 97737700 2
9 97741733 2
9 97743571 2
9 97744132 2
9 97755442 1.6453
9 97775520 2
9 97778259 2
9 97787971 1.2699
9 97799204 2
9 97813001 2
9 97823224 2
9 97829748 2
9 97839489 2
9 97853271 2
9 97857437 2
9 97858448 2
9 97865956 2
9 97869016 2
9 97870289 0.298606728803201
9 97871104 2
9 97876187 1.8596
9 97879971 2
9 97883446 2
9 97891539 2
9 97896036 2
9 97914818 0.66804201947269
9 97935366 2
9 97936960 2
9 97937548 2
9 97944973 1.04366973312511
9 97957767 0.755282105646944
9 97961674 2
9 97977551 1.06108275154966
9 97986314 0.459660988932797
9 98027981 5e-04
9 98035802 4e-04
9 98121447 0.463680773365996
9 98143376 2
9 98143706 0.1469
9 98147826 0.232
9 98166169 2
9 98168214 2
9 98181625 0.270256748101895
9 98183780 0.103648501816349
9 98184938 2
9 98190069 0.699705077235753
9 98191261 2
9 98202809 2
9 98207201 2
9 98213036 2
9 98213555 2
9 98214592 2
9 98218691 1.01138109387442
9 98224207 2
9 98231707 2.3104
9 98237382 0.345983498137226
9 98241900 2.3104
9 98243934 1.92239841620338
9 98244688 2
9 98247536 2
9 98262314 0.542721766671235
9 98262439 2.2852
9 98269765 0.112347972095407
9 98271126 2
9 98274984 2
9 98277069 1.5297
9 98279558 1.4929
9 98279616 1.4929
9 98282278 1.4777
9 98282562 0.9395
9 98283923 0.342928897799712
9 98296012 2
9 98298183 2
9 98303525 2
9 98304708 2
9 98304904 2
9 98312953 2
9 98312977 1.4557
9 98322363 1.53572581048771
9 98325004 2
9 98337300 2
9 98338890 2
9 98340194 0.219055465274682
9 98344116 0.216131366065353
9 98353614 1.62834815495218
9 98356379 2
9 98357457 2
9 98361263 1.80028707978196
9 98364853 0.547685817369205
9 98364904 1.46525791444463
9 98367157 2
9 98370199 1.96916436811066
9 98417163 1.0238
9 98426820 1.6182
9 98436304 5e-04
9 98436415 1.3171
9 98445143 1.22637750737572
9 98457629 0.5358
9 98458369 2
9 98492194 2
9 98495421 1.0399
9 98508700 1.03840258853574
9 98508773 0.172628045263696
9 98512207 1.68300829723409
9 98515399 0.604157588593224
9 98516566 0.768462453167215
9 98516849 1.03230496293045
9 98518355 1.95347325595611
9 98529884 1.662
9 98530411 1.6831
9 98530756 0.452647088709214
9 98542066 0.4565
9 98544164 2
9 98553321 1.9195
9 98594807 2
9 98599428 2
9 98600551 2
9 98617091 0.1161
9 98630473 0.598257945611024
9 98657550 0.1798
9 98658443 0.1798
9 98661345 0.1161
9 98665586 0.1798
9 98667875 0.1161
9 98668541 5e-04
9 98670053 0.1798
9 98674727 0.1161
9 98681851 0.1161
9 98684002 0.0712
9 98687980 5e-04
9 98688127 0.1161
9 98695170 0.2186
9 98697438 1.2699
9 98698808 0.2186
9 98702550 0.1161
9 98706006 1.2699
9 98728781 0.1524
9 98743228 0.561297867481901
9 98744867 0.484590831150818
9 98756160 0.616349081856662
9 98779672 2
9 98782076 2
9 98783833 2
9 98816817 2
9 98822764 0.0620412159187216
9 98837970 2
9 98842071 2
9 98846698 2
9 98856335 2
9 98861809 2
9 98868107 2
9 98869794 2
9 98870473 0.0554660785070592
9 98874299 0.658749678630911
9 98875004 0.752083770881881
9 98885841 2
9 98890737 2.13
9 98919848 2.5345
9 98936564 2
9 98943129 2
9 98954213 2
9 98962819 2
9 98963953 2
9 98967485 2
9 98981035 0.9141
9 98997744 0.0331
9 99001224 2
9 99013144 2
9 99014205 0.533506757561705
9 99037117 2
9 99037824 2
9 99051270 2
9 99052344 0.2964
9 99060254 2
9 99061208 0.00102299627899065
9 99073944 2
9 99074504 2
9 99081443 2
9 99092411 2
9 99110392 0.926
9 99121467 0.8777
9 99124534 0.926
9 99147004 0.9013
9 99147471 0.926
9 99154523 2
9 99155508 0.926
9 99159997 0.926
9 99168497 2
9 99223301 2.0866
9 99259062 1.4456
9 99275243 1.4456
9 99290430 1.4456
9 99297669 0.1547
9 99315545 0.467047701752984
9 99318353 1.9629
9 99319696 1.9236
9 99320726 1.9629
9 99326843 2
9 99337796 2
9 99380819 0.6345
9 99389519 0.8245
9 99423687 0.2393
9 99449071 0.2478
9 99450703 0.1682
9 99472075 2
9 99496854 2
9 99504884 2
9 99538458 0.5098
9 99555232 0.486
9 99583747 2
9 99632431 1.176
9 99707087 1.748
9 99717601 0.5098
9 99810830 2
9 99841231 2
9 99865301 0.0300244813274985
9 99888872 0.274159754655212
9 99891215 0.45261066843803
9 99897777 1.93455584337627
9 99899595 0.346257018123587
9 99900349 1.66678543713659
9 99907933 0.478178300751488
9 99918413 0.0901206037901784
9 99927534 2
9 99944207 0.196370018119963
9 99946662 0.260466645931285
9 99986606 2
9 99990565 2
9 99994425 2
9 99997408 0.1279
9 100017676 0.1279
9 100055559 2
9 100069336 2
9 100100638 1e-04
9 100100675 1e-04
9 100132436 0.1066
9 100138212 2
9 100146439 2
9 100146921 2
9 100149424 2
9 100158524 2
9 100176455 2
9 100195493 2
9 100228513 2
9 100272546 0.475
9 100283799 2
9 100298104 0.2906
9 100300094 0.695987429870618
9 100301180 0.0853
9 100301544 0.441650053296293
9 100302983 0.963440780003554
9 100306174 2
9 100316057 2
9 100334956 0.690892689934404
9 100339084 1.49602341773273
9 100346359 2
9 100368732 2
9 100380173 1e-04
9 100433633 2
9 100482364 2
9 100522523 1.2213
9 100580701 2
9 100582334 2
9 100587807 2
9 100601730 1.57307790683209
9 100610387 2
9 100624378 2
9 100644557 2
9 100669916 2
9 100673244 0.1396
9 100681873 0.1396
9 100752393 2
9 100753066 2
9 100753558 2
9 100757592 0.9767
9 100759126 2
9 100762165 2
9 100779020 2
9 100783477 2
9 100787338 0.6129
9 100791256 2.8224
9 100799897 0.6129
9 100829766 0.465987389684755
9 100850059 0.2792
9 100868258 0.2828
9 100876001 2
9 100907534 2
9 100917265 0.2671
9 100927985 0.2671
9 100941089 2.5348
9 100951509 2.5348
9 100952031 2
9 100961092 2
9 100962697 1.08393586818941
9 100970365 0.499198084458521
9 100989972 0.472657690532785
9 100993794 1.936
9 100994989 0.0514548999667599
9 101001073 0.0943645849476642
9 101003547 0.234577521195239
9 101004255 1.0126
9 101008309 0.384922391031296
9 101010872 0.457812799824486
9 101017331 0.638990890725974
9 101030485 0.683609903075869
9 101067233 1.74427396510137
9 101078187 2e-04
9 101092605 0.394007746326339
9 101098036 0.248982203310389
9 101099138 0.857332709417051
9 101109398 0.8856
9 101127399 1.07094760058809
9 101140415 0.0714587471936071
9 101143462 0.1652
9 101149924 0.1857
9 101155110 1.01476811213142
9 101178499 0.801560954112569
9 101188085 0.0801
9 101192663 1.1674
9 101194143 1.1674
9 101195576 1.1213
9 101201070 1.1674
9 101203658 1.1674
9 101203942 0.0558
9 101229172 2
9 101249637 2.0848
9 101254258 2
9 101255193 2
9 101266408 2
9 101266880 2.1017
9 101281882 1.9802
9 101294580 2
9 101319081 2
9 101329796 4e-04
9 101348970 2
9 101369806 2
9 101371346 2
9 101371880 2
9 101403918 1.3538
9 101404384 0.530715728909488
9 101418575 0.2225
9 101421304 1.3538
9 101424759 0.177279711965776
9 101441146 0.3751
9 101445222 2
9 101449028 1e-04
9 101455627 2
9 101463257 2
9 101483762 1.2045
9 101494817 1.4326
9 101503756 1.28
9 101509869 0.461137916169138
9 101510382 1.21223463525037
9 101519220 1.13302769666349
9 101525804 1.28
9 101531241 0.0078
9 101532053 1.0142
9 101533361 0.9217
9 101533487 1.3348
9 101535049 1.5842
9 101541371 2
9 101554670 2
9 101556777 0.841504558493598
9 101556798 2.2627
9 101571102 2
9 101575812 0.712817984773298
9 101577530 0.8247
9 101599306 0.4811
9 101605720 2
9 101609454 2
9 101620185 2
9 101629741 5e-04
9 101644653 0.3307
9 101651449 2
9 101653807 0.9693
9 101654673 2
9 101658422 1.274
9 101659525 2
9 101659958 2
9 101664868 0.9693
9 101665902 2
9 101666292 2
9 101687953 1.2922
9 101693339 1.31326850296752
9 101701903 2
9 101702710 0.259901956878501
9 101704834 1.2564
9 101715228 2
9 101716130 2
9 101717723 0.543506427608465
9 101720595 0.114863721272609
9 101721229 1.8115
9 101727085 2
9 101732051 2
9 101743403 0.0078
9 101746720 2
9 101760554 0.61763897178663
9 101760825 0.444040365683647
9 101766079 0.9478
9 101774021 2
9 101807642 0.1853
9 101821538 0.357
9 101829780 1.2485
9 101830287 1.3419
9 101830288 1.2933
9 101830613 3.0008
9 101831741 0.0074
9 101835401 1.2485
9 101844452 0.3728
9 101851540 1.76578882914168
9 101873280 0.7523
9 101877090 2
9 101877095 2
9 101877401 2
9 101894586 5e-04
9 101906708 2
9 101909508 2
9 101911144 1.4655
9 101936160 2
9 101941110 2
9 101941428 2
9 101946141 0.8779
9 101949925 2
9 101950845 2
9 101960137 1.166
9 102005485 2
9 102007570 2
9 102007614 2
9 102009925 2
9 102013123 2
9 102017882 2
9 102023164 2
9 102031352 2
9 102031991 0.716
9 102032022 2
9 102036232 0.0078
9 102045244 2
9 102047622 1.09205586849891
9 102048679 2
9 102049158 2
9 102050456 2
9 102095229 2
9 102103242 0.2309
9 102103319 2
9 102109389 0.2229
9 102111018 2
9 102111626 2.788
9 102137062 2
9 102141402 2
9 102141555 0.142413326884987
9 102145294 0.0078
9 102145295 0.0078
9 102152763 2
9 102164971 3.1148
9 102193946 2
9 102199461 1.8086
9 102201249 2
9 102215034 0.880772392481058
9 102217522 2
9 102220495 0.474129999718376
9 102227918 2
9 102268529 2
9 102269804 1.1771
9 102270455 1.1771
9 102273120 1.6315
9 102281466 1.1121
9 102283874 1.1121
9 102286649 1.2064
9 102293536 0.590034171439042
9 102305118 2
9 102306008 1.05680344088631
9 102313327 2
9 102314112 2
9 102322695 2
9 102333150 2
9 102334786 2
9 102356968 0.531920951185341
9 102364160 0.3358
9 102368350 1.29917014371033
9 102368531 0.982789066181804
9 102368918 2
9 102369984 1.15060999592053
9 102379495 0.2318
9 102381729 0.149964748194381
9 102384124 2
9 102389765 0.3924
9 102399429 2.20306791253783
9 102409959 0.466
9 102420361 2
9 102421239 2
9 102435653 2
9 102442835 0.9929
9 102468704 1.0192
9 102468939 1.0192
9 102483115 1.0552
9 102492235 1.2261
9 102497820 0.7033
9 102526486 0.6614
9 102526948 2.6444
9 102565313 0.7315
9 102588676 0.396
9 102603231 2
9 102604136 1.0275
9 102611653 2
9 102629296 2.6101
9 102633070 2
9 102634700 0.518
9 102638260 1.0565
9 102641313 2.18347699158482
9 102653930 0.937144410686764
9 102662416 0.0618
9 102662706 2
9 102663528 0.7865
9 102665598 0.27407429577578
9 102666023 0.7865
9 102667942 2
9 102668744 1.0565
9 102668782 0.7865
9 102670886 0.7865
9 102672041 2
9 102673104 2
9 102674797 1.101
9 102678641 1.44077515956979
9 102701549 0.452556926841227
9 102703763 0.728882825945719
9 102708609 0.38365233933944
9 102728847 1.2154
9 102730034 2
9 102731156 2
9 102732726 2
9 102741424 1.2154
9 102747913 2
9 102753450 2
9 102754009 2
9 102754109 1.2984
9 102754253 2
9 102754591 2
9 102755399 2.24946281747105
9 102756185 1.1313
9 102758207 1.1313
9 102759767 1.1313
9 102790557 2.15885523144758
9 102804409 0.6558
9 102808812 0.0773906023403926
9 102816095 0.994141474043404
9 102819117 0.5171
9 102821974 1.04516723344703
9 102824854 0.6558
9 102835942 0.4496
9 102836885 1.06400769599977
9 102838041 2.18584780728992
9 102842179 0.563749167886723
9 102842755 0.59517480231789
9 102844138 0.034592149845031
9 102858690 0.558968636422814
9 102866192 0.548144044475405
9 102872824 1.46155551249373
9 102881410 2
9 102888158 1.46608129774968
9 102894150 2
9 102894157 0.576757279896008
9 102902345 0.97671670942509
9 102911381 1.85806085804344
9 102912780 2
9 102913866 2
9 102918207 2.2286
9 102926392 0.10758440412399
9 102936905 0.454696874276936
9 102941129 0.955748191455361
9 102945568 2
9 102953596 2
9 102958885 2
9 102959941 0.8812
9 102960124 0.924536159843622
9 102963280 2.5345
9 102967842 2.1379
9 102968371 0.496961580820679
9 102972867 2.83762546952687
9 102997362 0.1847
9 103009783 0.1923
9 103012503 0.2755
9 103014143 0.041
9 103014214 1e-04
9 103015738 0.2755
9 103018334 1.9839
9 103025999 2
9 103026039 2
9 103028160 2
9 103032145 2
9 103038383 2
9 103039553 2
9 103041390 2
9 103044072 0.27639303034492
9 103045453 2
9 103047075 2
9 103066133 5e-04
9 103066839 2
9 103088579 0.9376
9 103110954 2
9 103112242 0.0313
9 103113098 1.0977
9 103114382 2
9 103116364 0.0078
9 103133283 0.4796
9 103134427 0.9022
9 103138131 0.7151
9 103144627 2
9 103160511 1.0977
9 103161743 2
9 103162697 0.4985
9 103166853 0.7151
9 103173986 1e-04
9 103174058 0.8812
9 103175521 0.7727
9 103182341 2
9 103182987 2
9 103202168 2
9 103202376 1.88732840807906
9 103209646 0.455176187045913
9 103210418 0.53168927036529
9 103213310 2
9 103216129 2
9 103218777 2
9 103219900 2
9 103221954 2
9 103224856 2
9 103227361 2
9 103230985 2
9 103231753 2
9 103233544 0.808817402685414
9 103236467 2
9 103250449 2
9 103258918 2
9 103262241 2
9 103262861 2
9 103284072 1.20383270276239
9 103296308 2
9 103298608 0.361099644454179
9 103298621 1.16774368381848
9 103310882 2
9 103312129 2
9 103319385 2.37
9 103324429 0.352723260613223
9 103326348 0.565343523079422
9 103335399 2.7864
9 103337056 2.61937472143837
9 103337265 0.407105548173439
9 103339726 1.43492248794777
9 103359532 2
9 103370891 2
9 103375735 2
9 103376871 2
9 103383844 2
9 103390250 0.0078
9 103392439 2
9 103397355 2
9 103404536 2
9 103410387 1.7844
9 103440867 2
9 103451317 2
9 103457969 0.0683784965830836
9 103473488 2
9 103479011 2
9 103483436 2
9 103486619 2
9 103490162 2
9 103491734 2
9 103492591 2
9 103492943 2
9 103499353 2.4074
9 103508987 2
9 103511401 1.4963
9 103521108 2
9 103536224 2
9 103539076 2
9 103542810 2
9 103549876 2
9 103550095 2
9 103550348 2
9 103560454 0.0998006756037804
9 103578445 2
9 103582484 0.508728053473357
9 103607665 2
9 103608460 2
9 103609437 2
9 103611245 0.6446
9 103612673 2
9 103619662 1e-04
9 103630858 2
9 103673724 0.5542
9 103674025 1.32501588381403
9 103676094 2
9 103676507 2
9 103681651 2
9 103687874 2
9 103688238 2
9 103690066 2
9 103690321 2
9 103692441 2
9 103692954 2
9 103704334 2
9 103705786 2
9 103706059 2
9 103711616 2
9 103711850 2
9 103723998 2
9 103739142 0.737813173074934
9 103741345 2
9 103743412 0.135108226344909
9 103750396 2.1464424756968
9 103754222 0.809303959914999
9 103761970 2
9 103765717 2
9 103765898 2
9 103768999 2
9 103783439 0.127126499278658
9 103786690 0.997217480879001
9 103788541 2
9 103794602 2
9 103794706 1.3869
9 103799644 2
9 103800035 2
9 103804331 2
9 103805827 2
9 103807153 0.363570296799202
9 103816771 0.281590298046526
9 103816847 0.493875133846644
9 103851886 0.1269
9 103851917 5e-04
9 103851999 1e-04
9 103852109 1e-04
9 103861421 2
9 103862408 0.368543473208185
9 103864921 2
9 103867431 0.2335
9 103874064 0.2413
9 103897704 2
9 103902235 2
9 103903419 2
9 103905324 2
9 103905492 2
9 103951030 1.53097553129117
9 103961030 1.50317609280833
9 103961067 2
9 103962463 0.286307312776018
9 103962498 1.27010225728623
9 103971549 1.0794
9 103975014 0.7356
9 103980709 0.0489321217293066
9 103982360 1.1214
9 103998962 0.0759717179121711
9 104000611 2
9 104001182 0.0214
9 104002390 0.621172810125989
9 104006352 2
9 104007431 2
9 104027475 1.4044
9 104037459 5e-04
9 104038526 0.0373
9 104043634 2
9 104045373 1e-04
9 104046942 0.12527145576013
9 104049084 2
9 104051401 2
9 104062626 0.4253
9 104067507 0.243598603730108
9 104076394 0.250007608914605
9 104094352 1.25811107301711
9 104094691 0.483955238240059
9 104094797 0.0939832328116128
9 104098837 0.588914782697229
9 104098910 1.24166696536881
9 104103410 0.826970947390974
9 104115219 1.1677
9 104131053 1.32759073194022
9 104138758 2.07457656938748
9 104147019 0.469434263157863
9 104162591 0.411614892335736
9 104166659 0.880511310951866
9 104169663 1.0404
9 104170149 1.0404
9 104175999 0.0492681732309863
9 104182494 1.27202255033194
9 104182911 1.0404
9 104189175 0.664431466880447
9 104207536 2.18099839407611
9 104211217 0.0169466991259037
9 104216475 0.59202836947759
9 104242667 2.03831747140199
9 104244381 0.419880155917876
9 104249855 1.0763
9 104278432 0.732431892786159
9 104288186 1.0763
9 104297016 0.444353254658646
9 104306249 2
9 104306688 0.9485
9 104317891 5e-04
9 104321689 2
9 104362289 2
9 104364087 2
9 104406026 2
9 104410148 2
9 104426192 2
9 104428344 2
9 104431515 2
9 104448840 0
9 104453041 2
9 104472425 2
9 104477868 3.1148
9 104480269 2
9 104484235 0.7459
9 104493281 0.402993210089109
9 104501202 2
9 104504493 0.168419643978874
9 104508388 2
9 104520388 1.8274
9 104529450 2
9 104529720 2
9 104531740 1.3536
9 104531779 1.3997
9 104532157 2
9 104541311 2
9 104551125 2
9 104579697 1.1119
9 104586978 2
9 104595220 1.1119
9 104596005 1.1454
9 104596825 2.9786
9 104597890 1.1119
9 104599158 2
9 104599168 2
9 104599797 1.1119
9 104600192 2
9 104600539 1.1119
9 104607283 1.1119
9 104607656 2
9 104611664 1.1119
9 104614418 2
9 104614686 1.1119
9 104623464 1.1119
9 104624679 2
9 104630210 2
9 104642012 0.9724
9 104646951 0.9724
9 104649602 0.9724
9 104651175 2.6456
9 104658372 0.0712
9 104661867 2
9 104674169 1.4398
9 104674810 1.4398
9 104675532 1.4398
9 104676117 1.4398
9 104676158 1.29457119415888
9 104677394 1.4011
9 104678352 1.4011
9 104681177 1.4162
9 104684493 1.4162
9 104696876 0.316595495913508
9 104699464 2
9 104705739 2
9 104711406 1.1249
9 104715317 0.337826530803349
9 104723949 1.0594
9 104741960 1.4561
9 104747036 2
9 104752476 2
9 104765635 2
9 104778528 0.949184188640484
9 104792253 2
9 104795034 1.9319
9 104801156 2
9 104820763 1.5162
9 104835441 2
9 104839260 2
9 104860819 2
9 104861748 0.0734452835115736
9 104862108 1.4029
9 104904133 0.0189407645259105
9 104910245 2
9 104915008 2
9 104918177 2
9 104921411 0.0499
9 104926348 0.1906
9 104929948 0.856283827752029
9 104932042 0.0078
9 104936041 0.8713
9 104941642 0.7783
9 104962426 1.5281
9 104966981 0.903199743812461
9 104980800 0.6737
9 104985250 2
9 104989312 2
9 104997635 0.2162
9 105008897 1.2756
9 105009955 2
9 105020466 1.0276
9 105027784 2
9 105029501 4e-04
9 105032135 0.9458
9 105035010 0.9458
9 105036630 2
9 105041657 6e-04
9 105049722 0.0105456102589481
9 105052046 0.137765600331193
9 105052220 0.4561
9 105052907 2
9 105054301 0.858510151616962
9 105054918 0.270462683930492
9 105055498 2
9 105055740 5e-04
9 105056621 0.8527
9 105057452 1.7021676530442
9 105064439 1.92981716141836
9 105072850 0.259100676423732
9 105072982 0.537596145078537
9 105075557 2
9 105076539 2
9 105077117 0.421330232689664
9 105081705 0.7182
9 105105569 0.65578181837205
9 105116485 0.594904329171353
9 105119396 0.381531527475244
9 105119588 1.5018
9 105148242 2.8749
9 105161964 0.730742863548191
9 105185747 1.0204
9 105196142 2
9 105200630 1.401
9 105203028 1.0108
9 105213766 1.4873
9 105274207 3.1151
9 105370694 0.8154
9 105372757 1.39217947901563
9 105372764 0.426700034654189
9 105399523 5e-04
9 105445299 2
9 105445966 2
9 105448624 2
9 105451573 2
9 105452628 0.3454
9 105461505 1.2546
9 105463154 0.0053
9 105465962 1.2065
9 105490155 2
9 105495486 0.8804
9 105496185 1.02837326412117
9 105533718 2
9 105535902 1.2065
9 105536909 2
9 105560870 2
9 105588047 0.714733794814802
9 105593333 1.0826
9 105615762 2
9 105617723 2
9 105622923 1.121
9 105640524 1.121
9 105655931 0.2427
9 105733825 0.0273
9 105818292 2
9 105822030 0.283593970270526
9 105822064 2.3383
9 105833648 2.3383
9 105855817 0.0217
9 105878727 2.6452
9 105896809 0.0861872432389496
9 105901877 0.391990431238929
9 105919502 0.428115044519163
9 105922394 0.016
9 105937439 2.10680451667931
9 105951606 0.828291536210221
9 105952832 2
9 105993341 1.26328237142439
9 106013136 2.16939041155392
9 106016228 1.5996
9 106023944 0.159439854339937
9 106042568 2.8735
9 106094809 2
9 106111805 2
9 106124001 2
9 106133408 1.66470375483986
9 106134477 0.934417807515813
9 106150131 0.5095
9 106219137 0.5694
9 106234567 2
9 106235833 0.5694
9 106294874 0.0075
9 106344877 0.8856
9 106359021 0.1821
9 106377749 1.5341
9 106388503 2
9 106452233 0.0078
9 106453188 0.751644101261382
9 106455065 1.64750556222297
9 106495021 0.0276
9 106514339 0.1557
9 106532923 2
9 106539317 0.0933
9 106550433 0.46744869743891
9 106553029 0.534423129010874
9 106557202 0.439049564223413
9 106560672 1.11791455378379
9 106564090 0.354443612880232
9 106567015 0.0759094018892329
9 106581778 0.0513
9 106587751 0.0708
9 106602298 0.061
9 106617406 1.1603
9 106621609 1.3416
9 106631676 1.37821590926152
9 106632332 2
9 106652280 0.673278515839631
9 106697194 2
9 106710663 1.5776
9 106713207 1.0277
9 106723423 1.5637
9 106729597 2
9 106741705 0.9879
9 106746039 2
9 106784627 5e-04
9 106790962 0.1338
9 106836765 2
9 106841751 2
9 106899239 2
9 106900750 2
9 106968628 1.142
9 106969506 1.1876
9 107001923 2
9 107040415 0.775
9 107046978 0.4139
9 107055290 0.5733
9 107065073 0.4857
9 107072003 0.3185
9 107077209 1.286
9 107082493 1.2564
9 107140990 2
9 107150170 0.2522
9 107153203 0.3863
9 107156655 2
9 107158424 0.187844815843927
9 107159633 0.2522
9 107186067 2
9 107193064 0.938307456273814
9 107209057 0.33204518089284
9 107219543 1.8402705168804
9 107237755 0.5645
9 107243804 2
9 107249760 0.4361
9 107252766 0.6466
9 107297304 0.1326
9 107306079 7e-04
9 107313751 0.3369
9 107330575 1.1265
9 107335133 0.3369
9 107336547 0.3906
9 107338464 0.1831
9 107346334 0.3271
9 107346854 0.481230352562297
9 107350598 0.7184
9 107351638 0.0217
9 107353124 0.8388
9 107379530 0.239431180495397
9 107385624 0.38883374253669
9 107386091 1.73012608799892
9 107388378 1.00835349133526
9 107420097 0.9373
9 107422447 2.5345
9 107434748 1.37859277090024
9 107443132 1.30646173445677
9 107464236 2.03709658285011
9 107465959 0.413321010016177
9 107520430 2
9 107529210 2
9 107532409 2
9 107541256 0.142991825032504
9 107547854 1.4677
9 107558344 1.4552
9 107568492 1.9318
9 107602279 2
9 107603932 2.35063864332084
9 107605115 0.732319088216491
9 107605269 2.14587760064059
9 107610519 2
9 107615499 1.0534
9 107618301 1.0534
9 107627534 1.0018
9 107642502 1.1371
9 107645305 1.1371
9 107654486 1.1828
9 107666196 1.2868
9 107671113 0.00398806318769986
9 107686443 2
9 107691112 0.9626
9 107692226 0.5228
9 107692262 1.0024048942869
9 107692294 0.25229951577511
9 107699107 2
9 107705301 0.133686652269527
9 107728969 1.6115
9 107732763 2
9 107763828 2
9 107775335 1e-04
9 107797716 2
9 107797726 2
9 107811058 2
9 107823675 2
9 107825608 0.7554
9 107885103 2
9 107885392 2.19469112211222
9 107888534 0.219195388219026
9 107896550 5e-04
9 107904345 2
9 107905050 2
9 107918980 1.84785529587324
9 107923106 1.9318
9 107931188 2
9 107933605 1.29909546043264
9 107939423 0.116742390599697
9 107942359 2.7888
9 107943356 0.714698517387895
9 107959748 2
9 107966309 2
9 107969648 2
9 107983726 2
9 107997863 0.779963441933218
9 108010759 0.934
9 108019085 0.255736349920472
9 108031258 0.445266047423217
9 108031572 1.24604355084129
9 108044363 5e-04
9 108059549 2
9 108067555 2
9 108077466 0.6264
9 108106564 2
9 108107077 2
9 108115718 0.3082
9 108120629 2
9 108126529 2
9 108131440 2
9 108131676 2
9 108132009 2
9 108132220 2
9 108132264 2
9 108137657 2
9 108159812 2
9 108169696 2
9 108174851 2
9 108175827 2
9 108176597 2
9 108178080 2
9 108184875 2
9 108192383 0.755699193518518
9 108198175 2
9 108198247 2
9 108198606 2
9 108209839 2
9 108246629 0.801422206683962
9 108254115 1.14311818506783
9 108256125 2
9 108312616 2
9 108317749 2
9 108319521 0.9802
9 108324478 1.662
9 108332699 2
9 108335024 2
9 108349022 0.9276
9 108356760 2
9 108361417 1.0085
9 108365180 1.0085
9 108371580 1.0695
9 108372156 2
9 108373340 2
9 108379150 0.0160304561323643
9 108395256 0.6056
9 108396297 2
9 108397980 0.9693
9 108406363 0.90589969332112
9 108413586 1.482
9 108415588 0.9693
9 108416374 1.92596053104187
9 108423039 0.8414
9 108430758 0.118486041140339
9 108453316 2
9 108454671 1.5756
9 108455208 4e-04
9 108476634 0.099
9 108485500 1.5245
9 108499180 2
9 108513279 1.5245
9 108514114 1.5245
9 108517192 1.13884108631659
9 108518211 2
9 108546880 0.798957971174051
9 108548825 2e-04
9 108572234 0.553442047448686
9 108574915 0.434547822927707
9 108575826 0.609151703650716
9 108589962 0.470411286840605
9 108594696 1.7278
9 108616519 0
9 108625182 1.04057224217151
9 108649638 2
9 108657034 1.3998
9 108665992 0.0561
9 108669538 0.0561
9 108674590 2
9 108722523 2
9 108725085 0.0422
9 108731311 0.3688
9 108739550 1.07328073119951
9 108743108 5e-04
9 108756646 0.522534934368408
9 108758172 1.1667
9 108772035 0.666145221855679
9 108790442 1e-04
9 108798035 0.4905
9 108808932 0.7474
9 108817773 2
9 108841064 2
9 108841243 2
9 108847555 0.607986532565787
9 108855370 2
9 108861748 2
9 108866356 0.8444
9 108867855 2
9 108883561 0.1744
9 108888508 1.7601305568573
9 108897722 1.0752
9 108909420 2
9 108915745 2
9 108922709 1.522
9 108924616 2
9 108930392 1.693
9 108934109 2
9 108934350 0
9 108965390 2
9 108974872 2
9 108987093 5e-04
9 108989437 0.0386
9 109012356 0.344258827299689
9 109013487 0.501877698966879
9 109018381 1.7093
9 109018739 1.6462
9 109024168 0.0386
9 109032198 0.1028
9 109033053 0.352290545687441
9 109047250 2
9 109071538 0.162080725033384
9 109072754 2
9 109076255 0.0386
9 109080522 0.54449914944426
9 109100749 1.243440132805
9 109119120 0.610913720797897
9 109132100 0.00158393496115477
9 109135857 0.5962
9 109143499 0.652361958679009
9 109179866 1.7011
9 109180729 2
9 109199600 2
9 109206674 2
9 109211362 2
9 109215512 0.0577634865999061
9 109234942 0.6849
9 109299945 2
9 109307882 1.311
9 109326964 0.7628
9 109327240 0.7628
9 109330608 1.5085
9 109335202 1.5085
9 109340411 2.16042359868378
9 109342612 2
9 109345091 2
9 109378771 1.9992
9 109425206 0.0975573829435501
9 109435739 2
9 109443943 2
9 109445483 0.379442396292205
9 109458190 2
9 109463552 2
9 109490670 2
9 109499082 0.00675461888768417
9 109507307 2
9 109508910 2
9 109513462 2
9 109530031 2
9 109533182 5e-04
9 109539506 0.848693320910906
9 109540964 1.87171877717766
9 109542827 0.0848113403854482
9 109548014 2
9 109549928 0.230419873231277
9 109570389 0.0560006216613122
9 109573870 0.535821559165562
9 109575429 0.773376931545186
9 109580279 1.66894390520521
9 109625573 2
9 109632171 1.0414
9 109639325 0.7109
9 109645391 1.3238
9 109647234 0.7109
9 109672388 2
9 109677718 2
9 109691823 1.0099
9 109708737 0.589997562981484
9 109710891 1.58018859840218
9 109711284 1.6537
9 109712759 1.6644
9 109713307 0.870722802347256
9 109716750 2
9 109734255 0.903293976499096
9 109740485 0.554673877644947
9 109740677 2
9 109744495 2
9 109746172 0.447711932275515
9 109750102 2
9 109755806 2
9 109761836 2
9 109761927 1.5643
9 109763209 0.6801
9 109764009 2.41393409683396
9 109805536 1.3897
9 109814035 0.474571031336336
9 109839267 2.3402
9 109849149 1.53600198880554
9 109858954 0.076532814915486
9 109872450 2
9 109879795 2
9 109883188 0.566432387890425
9 109884340 2
9 109896300 2
9 109898523 2
9 109899628 0.1392
9 109919352 0.1028
9 109920674 0.337584787303917
9 109925101 2
9 109928250 0.119473053426364
9 109946777 1.75589751326583
9 109968494 2
9 109987154 1.6115
9 109990247 0.2334
9 109991685 0.2334
9 109995552 1.6185
9 110001898 0.690051206748065
9 110003602 2
9 110035808 2
9 110041926 1.6707
9 110058138 0.688887305493286
9 110085617 2
9 110086022 0.0868861624655665
9 110094668 5e-04
9 110119340 5e-04
9 110135829 1.7277
9 110147189 1.59241298509988
9 110164653 1.0032493267653
9 110196143 0.7008
9 110204273 0.0330557658120546
9 110210192 0.409227400531073
9 110216911 0.0722365028014159
9 110225675 0.407563411482365
9 110231816 0.654973233386668
9 110240978 0.785779003888305
9 110245391 1.2091
9 110245649 1e-04
9 110275628 1.0114
9 110287701 2
9 110290082 0.918
9 110294356 0.992576304121024
9 110311221 1.34788447401107
9 110314904 0.764722449368974
9 110324928 0.538735498736682
9 110330668 1.58416316893971
9 110331795 0.706860178001538
9 110342050 0.0261
9 110342234 2
9 110342697 0.0561
9 110357278 0.1349
9 110363598 2
9 110368148 0.1108
9 110370983 1.0122
9 110373658 0.3167
9 110376179 0.1152
9 110379693 0.1152
9 110383963 0.2
9 110390038 0
9 110390170 1e-04
9 110393752 0.1152
9 110397323 2
9 110398712 2
9 110405793 0.0165
9 110425119 1.97535479389975
9 110430187 0.746
9 110451446 2
9 110460329 2
9 110462733 0.9724
9 110468020 2
9 110474665 2
9 110478015 0.883349896065114
9 110486656 2
9 110488009 0.424418439435069
9 110525275 1.0514
9 110528074 1.22688975911221
9 110528985 1.8705
9 110530371 1.0514
9 110552134 2
9 110554513 0.5043
9 110572688 2
9 110572761 0.25001155668123
9 110574062 0.668603211034532
9 110578506 0.0482769959935148
9 110602184 2
9 110602497 0.201822167448643
9 110605105 0.309869676758834
9 110605711 1.27960526427252
9 110614579 0.340693208954823
9 110632736 0.312758929315757
9 110640409 0.985551776862167
9 110659863 1.61026930971405
9 110666402 0.4191
9 110676305 1.04768994123852
9 110679816 1.8434433797385
9 110699332 0.251055202924885
9 110730872 0.7227
9 110741098 1.56397381010931
9 110744231 0.6118
9 110755440 0.715074032186888
9 110773660 0.6413
9 110788703 0.1734408786695
9 110790672 0.276466505355524
9 110797135 5e-04
9 110804749 0.390079565103002
9 110824431 1.219
9 110826821 0.933443425310598
9 110829557 2
9 110833252 0.0255
9 110834189 2
9 110843308 0.73796690150519
9 110846083 1.11741173088471
9 110854596 0.770908690400443
9 110858506 1.0796343577023
9 110879503 0.2855
9 110902156 0.408218300607147
9 110902710 0.6268
9 110914479 0.126412980357545
9 110914961 0.6268
9 110925447 1.5247
9 110933261 0.32460838619087
9 110936145 2
9 110937368 0.215386284822643
9 110955356 0.0271
9 110956382 2
9 110961851 0.0633764576344165
9 110977358 0.116752922286921
9 110980024 0.211516167395278
9 110987456 1.13264993135456
9 110993627 2
9 111020572 0.374426293967249
9 111020654 1.08577592778146
9 111024378 0.2523
9 111030426 0.692707049003858
9 111053031 0.349
9 111069339 0.173912340735055
9 111070745 0.72206085116517
9 111071756 0.900729152324057
9 111074311 0.352969288542797
9 111074852 0.286009824739673
9 111075857 0.9748
9 111076038 1.09478739759127
9 111076279 1.54131734003918
9 111077850 0.341127085900319
9 111086583 1.18348167511083
9 111092503 0
9 111101839 0.1172
9 111102822 0.523816327600226
9 111116357 0.8864
9 111121841 1.0219
9 111122597 0.074507805666331
9 111135485 1.05725870118062
9 111136341 0.936293048984669
9 111150273 0.361138410947606
9 111163816 0.1027
9 111164628 1.0219
9 111167277 0.404171714041444
9 111168869 0.295812956536268
9 111184429 2
9 111185399 2
9 111185731 1.1861
9 111186861 2
9 111189089 2
9 111190226 2
9 111192518 2
9 111205241 0.349120114063543
9 111210218 2
9 111216684 0.0269
9 111226382 1.6866
9 111227000 1.278
9 111231279 2.3377
9 111235607 0.7923
9 111241037 2
9 111241186 1.2195
9 111242709 2.43681959995949
9 111244600 2
9 111252142 1.6209
9 111252231 1.2195
9 111281541 0.393932513093539
9 111288408 1.8542
9 111314378 1.32646533657622
9 111316741 2
9 111316916 2
9 111318944 2
9 111326028 0.0126186253875246
9 111336041 1.4863
9 111339172 2
9 111363780 5e-04
9 111367567 1.3952
9 111412079 2.8736
9 111427160 2
9 111444003 1.4023
9 111465791 1.4946
9 111469593 0.8961
9 111481567 1.4946
9 111487676 0.8961
9 111491213 1.4863
9 111514135 2
9 111520407 2.8736
9 111525327 2
9 111535105 1.4315
9 111555354 1.7421
9 111558524 1.4315
9 111562495 1.33975963410774
9 111577758 1.7124
9 111581096 2
9 111581957 2
9 111591495 1.1239
9 111598007 1.0913
9 111611367 0.0685
9 111614187 0.0685
9 111618508 1.0889
9 111622106 0.5779
9 111633779 0.528
9 111645680 0.528
9 111647925 0.528
9 111651135 0.865549631211311
9 111652553 0.4001
9 111654018 1.0234
9 111656254 2
9 111665983 2
9 111672595 2
9 111674172 2
9 111677402 2
9 111689616 2
9 111706903 1.5797
9 111730051 0.1583
9 111732527 2
9 111734819 0.0263
9 111737805 2
9 111748759 2
9 111758488 2
9 111760380 0.1583
9 111760822 2
9 111771340 2
9 111779436 2
9 111780348 2
9 111781937 0.452242347345522
9 111782028 0.1583
9 111782653 2
9 111786171 2
9 111789936 1.12767197549842
9 111796489 2
9 111797080 2
9 111801894 2
9 111812526 0.657642516059996
9 111816040 0.1726
9 111817432 0.371
9 111825916 2
9 111826032 0.2025
9 111826045 0.1689
9 111834424 0.317366694246829
9 111840233 2
9 111842380 0.4929
9 111842692 0.4929
9 111843643 0.0078
9 111849759 0.958646082085983
9 111852977 0.0077
9 111856304 2
9 111869634 0.3289
9 111881431 0.596
9 111887600 0.3017
9 111888306 2
9 111892208 0.0761
9 111897381 2
9 111900476 0.0712
9 111905453 2
9 111910045 2
9 111913731 0.353656877127839
9 111916209 1.1595
9 111918705 2
9 111919772 2
9 111927194 2
9 111941227 0.14089371811642
9 111941279 2
9 111943683 2
9 111948829 0.571850907064512
9 111951153 2
9 111957909 0.3004
9 111958992 1.25937331014131
9 111962385 1.33024729677709
9 111964426 2
9 111968423 2
9 111969261 2
9 111979286 0.0374
9 111984445 2.1523
9 111988570 2
9 111991805 2
9 111993002 0.3152
9 112012048 1.88126950090787
9 112017828 1.5942999152548
9 112030565 5e-04
9 112031565 1.46934886044935
9 112031687 1.05439457798405
9 112047279 1.16661317663499
9 112053283 1.34468070676268
9 112062370 0.766855718765329
9 112072220 0.5335
9 112079352 1.1738
9 112118708 0.388360230723004
9 112138220 0.8429
9 112144919 0.8617
9 112145788 0.8617
9 112152933 0.384268451059601
9 112165117 2
9 112165885 0.932284747208429
9 112172196 2
9 112180816 2
9 112186246 0.367357023579271
9 112188254 0.396461517805221
9 112204584 2
9 112204828 0.239455174183818
9 112207340 0.708076076332667
9 112207436 0.144199711399929
9 112209940 0.374731439048642
9 112212602 2
9 112212938 0.198590138779753
9 112213727 2
9 112215892 0.250128873061463
9 112226051 0.118723890987443
9 112240538 2.30893988432626
9 112242230 0.137545243989529
9 112242953 1.07546836177823
9 112243865 1.64268276252727
9 112246679 0.177190019899987
9 112253331 0.148369880500119
9 112256280 1e-04
9 112261061 2
9 112273585 0.174627829021863
9 112277956 5e-04
9 112279913 2
9 112282240 0.180124403298574
9 112284091 5e-04
9 112298402 2
9 112306137 2.3652
9 112308229 2.3702
9 112322926 1.2995801581799
9 112324663 0.353821501992156
9 112325919 2
9 112326251 1.51520928264848
9 112326986 0.1027
9 112330344 2
9 112340875 1.82038740212425
9 112344990 0.991614365291853
9 112346152 1.06919702812836
9 112355262 2
9 112356681 1.37040170289069
9 112359840 2
9 112372509 0.0379
9 112379854 0.0379
9 112385109 0.0379
9 112391304 2
9 112391349 2
9 112391899 2
9 112400786 2
9 112407124 0.7969
9 112447704 0.0323
9 112448548 5e-04
9 112448722 0.0323
9 112457787 0.0323
9 112482142 0.0323
9 112514630 5e-04
9 112517142 5e-04
9 112523839 0.0323
9 112526257 5e-04
9 112551480 2
9 112556784 2
9 112569849 2
9 112590013 0.0323
9 112594017 2.2035
9 112601101 2
9 112605116 1.604
9 112621052 0.0323
9 112627634 2
9 112635277 2.5878
9 112651397 0.903584778511012
9 112672611 0.3818
9 112682804 2
9 112686061 2
9 112690377 1.26624659141599
9 112692097 0.304662974618614
9 112695811 2
9 112697428 2
9 112713374 0.204
9 112720282 1.00821096269599
9 112747525 1.17842361254752
9 112748532 2
9 112762979 0.9539
9 112764903 2
9 112767837 0.97070535326188
9 112774463 2
9 112795966 2
9 112804026 0.0078
9 112814415 0.5792
9 112815441 2
9 112817367 2.67304027755589
9 112837467 0.764652845824351
9 112852971 1.40262931908253
9 112853474 2
9 112853675 2
9 112853872 2
9 112854495 2
9 112867641 2
9 112894811 2
9 112900237 0.576585771987694
9 112904281 2
9 112905075 2
9 112905186 2
9 112907431 2
9 112936427 2
9 112940473 2
9 112946447 2
9 112950448 1.5288
9 112954626 2.5901
9 112959051 2
9 112965789 0.548708818199937
9 112972427 0.143101796966326
9 112973167 0.3323
9 112977038 2
9 112980554 2
9 112981520 2
9 112986053 2
9 112996314 2.7977
9 112998769 2
9 113038073 7e-04
9 113125538 1.60440584563779
9 113129448 0.689517382042892
9 113129778 0.494500660719213
9 113133049 1.45217855144798
9 113136637 0.287013318249344
9 113137516 0.447070868117407
9 113153344 0.831509917669599
9 113172550 1.6097
9 113178864 0.602547850625559
9 113184612 0.293574792996641
9 113194446 1.1133729270289
9 113205947 0.1063
9 113208332 0.171839808728812
9 113209577 0.393679313968021
9 113211093 1.34835132741313
9 113213751 0.367110982436732
9 113235549 0.2006
9 113242144 0.195342811773695
9 113251428 0.406892903655016
9 113269658 0.0522
9 113279525 0.5543
9 113286475 0.381392036564905
9 113294864 1.3535
9 113301377 2.2715637077774
9 113307667 1.3535
9 113325657 1.1168
9 113332426 1.3811
9 113346773 0.744177627893664
9 113346859 0.494812517053387
9 113347317 1.3954
9 113347389 1.3954
9 113356743 0.3722
9 113360046 0.458814314114075
9 113363029 0.167921810203993
9 113363646 0.606871234465373
9 113376241 0.0678759618850206
9 113381293 0.843523113330908
9 113383171 1.37303359305047
9 113383538 1.48297173455389
9 113385013 1.99695723338324
9 113386036 0.8324
9 113429808 1.3546
9 113450346 1.3546
9 113470172 0.0441
9 113526318 0.0681
9 113526717 1.3764
9 113590560 2.7095
9 113606334 1.1971
9 113611420 0.4889
9 113617444 0.240769446601224
9 113623634 0.4544
9 113643096 0.578343527370113
9 113667803 0.0522
9 113695278 0.41766046079517
9 113713649 1.02230283923879
9 113714019 1.50761037367199
9 113716967 0.594530224585378
9 113718044 0.62171981476518
9 113721360 2.7122
9 113728410 1.10768718100652
9 113729363 0.95263873702481
9 113732242 1.02003031066491
9 113736747 0.939717814875823
9 113738281 1.76086446705775
9 113738302 1.72478029413869
9 113741570 0.598783245884338
9 113743736 0.812352528238755
9 113747520 1.61990761992216
9 113762549 1.3322
9 113768903 0.2403
9 113769044 0.923717532877762
9 113772541 1.2021
9 113780087 0.512501837254245
9 113826018 1.7586
9 113884776 0
9 113885275 1.10981260173026
9 113927625 0.753815736956376
9 113936512 0.647517333792276
9 113938814 1.30856436905762
9 113942023 0.0855785805264386
9 113942117 1.09638601996553
9 113948712 0.889013702022712
9 113951467 0.0704
9 113958472 1.04632134309175
9 114001278 0.6467
9 114011589 0.893222277307277
9 114028066 2.07149101017619
9 114054933 5e-04
9 114060330 0.495412077305871
9 114063012 0.537063470907551
9 114063183 2.28920033249254
9 114068039 0.7496
9 114077924 0.92438492965671
9 114079729 1.12779963169135
9 114079868 0.485097701032744
9 114082452 3.00125521473935
9 114084110 0.455223262575736
9 114089291 0.551985770388918
9 114110244 0.44317406450599
9 114114315 0.240088256557037
9 114118825 0.905176633724574
9 114131367 0.7909
9 114137779 1.57493468145276
9 114147976 0.862773061470543
9 114148289 0.9768
9 114154983 0.0655
9 114173380 0.769021374611312
9 114178739 0.138
9 114204152 0.811903168981123
9 114208154 1.97247907703513
9 114218083 0.642109168132471
9 114236509 0.606018626134157
9 114238967 0.449955897422912
9 114255133 0.0806421011332285
9 114270168 1.1544271624424
9 114283167 0.539738222125629
9 114295899 1.48953683955188
9 114302581 0.144301882009202
9 114318537 0.0217
9 114377802 0.1529
9 114393426 0.376280483662918
9 114393767 0.100138680041543
9 114396217 0.334633474940063
9 114405991 0.943003405617884
9 114439635 1.45544948610082
9 114462633 0.772449981089823
9 114465593 0.023071750029548
9 114467120 0.111071596008905
9 114480295 0.0143872560165127
9 114506700 0
9 114520110 0.126084869039072
9 114540469 1.31161922182962
9 114562611 1.5377
9 114567888 1.56469024217867
9 114573441 0.117358890083953
9 114576048 0.472057493678645
9 114578386 0.821748324222424
9 114582636 0.0128377739741727
9 114584146 0.112534499603133
9 114590198 0.468620824410124
9 114605025 1.72581765901882
9 114607553 0.6751
9 114629045 0.90885136138848
9 114631654 0.349665701979922
9 114668331 0.40156860255756
9 114670633 0.7316
9 114682966 1.6284
9 114719386 0.3609
9 114731685 0.6588
9 114734861 1.4069
9 114738109 1.0175
9 114762493 1.32139588953408
9 114771231 0.853234753949179
9 114782019 0.868
9 114835605 0.0613585324639197
9 114841503 0.480867796799375
9 114860154 5e-04
9 114868995 2.05690425474291
9 114882360 0.318384959500774
9 114890980 0.4245
9 114898653 0.863888333524457
9 114903290 0.544813855544326
9 114903651 0.296149400170415
9 114907305 0.715373425880787
9 114938428 0.0441
9 114949322 1.7029706236563
9 114962333 2.7123
9 114995812 1.39754985001536
9 115008500 0.2158
9 115031875 0.876866018485693
9 115048926 0.312396569022353
9 115049036 0.921212489529364
9 115083332 1.1724
9 115084301 1.00723139619638
9 115093228 0.12216922960736
9 115095204 1.24592179613201
9 115110737 0.979955273788032
9 115125352 1.71250352148743
9 115129253 1.56380767729975
9 115130679 1.00403620860202
9 115139787 0.366474154948643
9 115141212 2.39670939063354
9 115141696 1.59120147317351
9 115144930 0.300259628045578
9 115149225 0.159852898987408
9 115157541 1.1724
9 115158278 1.1724
9 115175721 0.0244
9 115178549 1.48813231795148
9 115187088 1.219
9 115190628 0.916045097421112
9 115199725 0.763135633669732
9 115207680 1.62334305667004
9 115208289 0.055
9 115216297 0.226463055194145
9 115230140 1.10510129710898
9 115234000 0.261371680144609
9 115234346 1.43978153862455
9 115257508 0.2827
9 115262300 0.231617232431565
9 115267848 1.5919
9 115285628 0
9 115317493 0.2069
9 115319179 0.2228
9 115320267 1.203591869372
9 115329721 1.27260330646395
9 115351795 1.28405707652627
9 115355765 0.299342579313537
9 115358496 0.508051934246971
9 115358589 0.00260682232049624
9 115358914 0.047397100290909
9 115365331 0.729167889733964
9 115366366 0.0628198398911239
9 115367325 0.815368950209446
9 115387760 1.0169
9 115392324 0.307986166379606
9 115404323 0.213881936110787
9 115407253 0.509297226212858
9 115415709 1.24580168249402
9 115419214 0.164022091225542
9 115438053 0.206863216289312
9 115447252 1.21675175060408
9 115461800 1.46652602641536
9 115464942 0.2994
9 115466230 0.206026026301795
9 115470499 0.0681
9 115480711 2e-04
9 115482007 1.19567055151395
9 115483974 0.560430776812073
9 115484786 1.80528396644655
9 115495968 0.0681
9 115515821 1.23682847652918
9 115516509 1.1361
9 115522240 1.18289417928892
9 115526687 1.3074390438167
9 115547328 1.02961060650052
9 115549177 0.282827583393755
9 115552651 1.46763183592793
9 115554159 0.765210484050034
9 115559610 0.583962378695441
9 115565295 0.473260625470356
9 115567760 0.107325622809993
9 115567901 0.198675380305613
9 115569330 2e-04
9 115576624 0.270230107908528
9 115580751 0.602
9 115584809 1.28771926688352
9 115585620 0.331939771323493
9 115612168 1.597
9 115629546 1.21051432879477
9 115639084 0.197783014741849
9 115640680 0.344551507287429
9 115661574 1.14967150514382
9 115685464 1.23359749954831
9 115700033 1.2575
9 115707554 0.218400057149443
9 115707555 1.05195147547561
9 115724760 1.5674
9 115736449 0.997798749251
9 115738879 0.0128152453261313
9 115744705 0.208662518456291
9 115765485 0.3063
9 115774230 0.0246117659985523
9 115778789 0.640640255698862
9 115781689 0.164509428755129
9 115783925 0.741550387591993
9 115791646 0.431491722980808
9 115798708 1.20602928249353
9 115799675 0.230955388819571
9 115806001 1.00831523371118
9 115807848 1.05705099721136
9 115829658 1.2402
9 115854386 1.22415960375188
9 115859170 1.121
9 115867902 1.48047963246486
9 115881358 0.107299440075906
9 115882901 1.2239
9 115885101 1.2239
9 115885287 0.9686
9 115885971 1.8304
9 115892742 1.99077135030095
9 115897301 1.40748881739539
9 115898723 0.696479442541714
9 115901997 1.62651901513697
9 115903203 1.83111908270308
9 115918339 0.4488
9 115918619 1.46390066696089
9 115922100 1e-04
9 115924033 0.612885599968267
9 115947839 0.0162
9 115950069 0.000805085999627081
9 115953734 2.53229459200503
9 115953891 0.385606153197411
9 115955063 1.28686056103346
9 116001977 1.4078
9 116009774 1.4078
9 116019409 0.297761097576833
9 116043685 1.4012
9 116051599 1.9848728021327
9 116067571 1.4012
9 116111223 0.3758
9 116118001 0.3758
9 116125670 0.742370939565942
9 116128350 0.377567519463576
9 116147419 0.120572150471477
9 116161163 0.964815808168144
9 116180367 0.629106030858075
9 116187719 2.54519734086847
9 116191038 0.5943
9 116236238 1.67488454835201
9 116268128 0.9731
9 116271191 0.9731
9 116288301 0.747786654998381
9 116314056 1.0424
9 116345429 0.2224
9 116363822 1.222
9 116408026 0.527
9 116425196 0.545
9 116455320 0.8873
9 116480675 0.4853
9 116486185 0.4853
9 116489601 0.0444
9 116520591 0.4016
9 116528511 0.4656
9 116540038 0.4488
9 116548302 0.0336
9 116549977 0.7526
9 116562302 1.0637
9 116563210 1.0637
9 116563307 1.0637
9 116564888 1.0637
9 116571327 0.1281
9 116571637 1.0637
9 116576204 0.1422
9 116579265 1.0637
9 116593526 0.2143
9 116617323 0.9046
9 116621041 0.0336
9 116621441 3.0012
9 116640284 1.0637
9 116642745 0.3124
9 116648477 0.2006
9 116660140 0.2981
9 116676312 0.2981
9 116680201 0.4656
9 116688879 0.75381084189256
9 116692534 0.1281
9 116697004 0.4656
9 116708521 1.5114
9 116723964 0.1214
9 116725294 0.850670202707755
9 116756419 0.4033
9 116769913 5e-04
9 116775199 0.3968
9 116799211 0.307567609854986
9 116802093 0.0598174038718708
9 116816154 1.33265191484561
9 116823573 0.785498764039277
9 116826384 0.475283924584334
9 116828952 0.0602194173093161
9 116830625 2.01786539164649
9 116834825 0.843901114872081
9 116837247 0.885016227581288
9 116840764 0.487175385872303
9 116841574 0.0285690095617054
9 116843520 0.278254694820995
9 116849749 0.166141139287723
9 116871245 0.0550168172539385
9 116890429 1.1662190538387
9 116901512 0.0240667993231686
9 116936098 0
9 116940339 1.21301851197727
9 116950054 0.1517
9 116954658 0.1448
9 116958331 1.1205
9 116978470 0.412136735175205
9 116993672 1.5617
9 116994047 1.5617
9 117018443 0.1678
9 117019954 0.1605
9 117020341 5e-04
9 117022422 0.9477
9 117027963 1.13133320503146
9 117029768 0.8076
9 117035229 1.2151
9 117038230 1.2151
9 117055856 0.6816
9 117056638 0.6816
9 117061754 0.5232
9 117065537 0.7326
9 117084871 1.28298498538381
9 117090751 0.259042749243972
9 117115024 0.0201
9 117116218 0.1991
9 117119988 2.9999
9 117135490 1.62078484432435
9 117137171 1.13321384271696
9 117149563 0.345369992178493
9 117151388 1.2417
9 117157752 1.2701
9 117160987 1.03281798442163
9 117170605 0.601907489413852
9 117182247 0
9 117197931 1.02438448521771
9 117198115 1.54378893449106
9 117200972 0.3
9 117206979 0.0107
9 117216614 0.285411042621489
9 117223790 1.12060491171406
9 117226614 3.1255
9 117243934 0.673956078202693
9 117245915 1.30255903227916
9 117255355 0.4416
9 117259782 1.17754026016869
9 117263315 0.0474792921368487
9 117263625 0
9 117266669 0.6605
9 117271576 1.3402
9 117284575 0.244486966777825
9 117318894 0.277959540570072
9 117331159 0.223891641200934
9 117337306 1.14300077706343
9 117358412 0.323492235945475
9 117429239 0.2765
9 117438452 0.4482
9 117469412 0
9 117484371 0.1902
9 117506974 0.211
9 117515757 1.72941497125209
9 117518878 0.122425846277121
9 117524951 2.03723856839346
9 117525430 0.0369
9 117531176 1.11071210737012
9 117534283 0.345748660904499
9 117538600 1.03879284976693
9 117551223 0.9249
9 117560106 0.834723324551724
9 117565122 1.1589
9 117583125 1.1721
9 117601330 1.30634704527394
9 117603947 1.46158810411455
9 117609256 0.0418680870769404
9 117624124 0.42698751174389
9 117625209 0.151859896503592
9 117634113 0.180222572998273
9 117658553 1.90463210048988
9 117658640 0.448155315786407
9 117664230 0.124474129110189
9 117671865 0.272338917016571
9 117673863 0.1008
9 117678985 0.428510918416894
9 117688487 0.755593575132624
9 117689541 1.19022008373847
9 117724877 0.84544428809066
9 117727050 0.4846
9 117736635 0.676757202776836
9 117739935 0.537393178064129
9 117741579 0.743107186255593
9 117750589 0.3997
9 117754848 0.877001144867029
9 117756140 0.735624351330842
9 117756238 0.1578
9 117757487 0.1578
9 117758430 0.1615
9 117766140 0.922440381131471
9 117768010 0.158348729159256
9 117768744 0.391198785057708
9 117776493 1.65814140883354
9 117778026 1.58789106581981
9 117780710 0.861326812782213
9 117783209 0.3974
9 117790646 0.7684
9 117793355 0.588080258708854
9 117794277 0.7684
9 117797444 0.491889074951064
9 117797698 0.7684
9 117798281 0.648890831735622
9 117813426 0.7684
9 117829777 1.40473432985795
9 117830931 0.481989954536237
9 117832006 1.1911
9 117837732 1.12956787198567
9 117846905 0.0731146841468994
9 117851736 0.315102904839429
9 117857763 0.662091472342002
9 117858275 0.4246
9 117862006 0.3492
9 117874571 0.459620639204472
9 117883915 5e-04
9 117886105 0.0344264821597811
9 117896541 0.953030579275025
9 117899697 1.34741765876639
9 117905072 0.850072002194123
9 117908995 0.13067372224956
9 117914914 0.9249
9 117930931 0.8667
9 117935108 1.95891279499303
9 117935466 0.479141838834584
9 117935673 0.503301830893067
9 117950751 1.00726888173093
9 117954189 1.48003078361231
9 117969171 0.1454
9 117982390 0.0217
9 117983570 0.0217
9 117993381 5e-04
9 117999491 0.5136
9 118009734 1.3035
9 118025272 1.6633
9 118028712 2
9 118059179 0.6365
9 118068387 0.960144220553316
9 118077366 0.4897
9 118082064 0.6835
9 118084486 0
9 118086298 0.0077
9 118100634 0.4629
9 118108237 2.1063
9 118111361 5e-04
9 118129359 0.101
9 118129492 0.101
9 118159649 0.7764
9 118169368 0.7764
9 118185363 0.4299
9 118198805 0.6998
9 118201331 0.6998
9 118249189 0.8263
9 118251726 0.50537990629315
9 118271151 1.3295448265982
9 118271580 0.931761531037727
9 118285564 1.93632605979112
9 118287419 0.7211
9 118294845 0.7209
9 118300809 0.3787
9 118312545 0.300276357877685
9 118327269 0.6804
9 118329476 0.555969674132515
9 118341327 1.05966258444821
9 118358283 1.2805
9 118359530 1.28136894004496
9 118382182 1.3095
9 118392903 0.052
9 118393067 0.052
9 118398635 1.15940403901499
9 118402111 0.8923
9 118403398 0.8923
9 118410218 0.8923
9 118440097 0.829
9 118440293 0.6859
9 118449267 0.0516529152658293
9 118455405 0.697
9 118457971 0
9 118472373 0.0223039265975014
9 118475080 0.918808425617311
9 118482591 0.693558641966401
9 118493212 1e-04
9 118511519 0.59049498873226
9 118524237 0.472383005471219
9 118538283 0.447508105017016
9 118539743 0.825909666199058
9 118548606 3.4179
9 118549922 0.6878
9 118559223 0.65836905321097
9 118569668 0.1032
9 118572532 0.1032
9 118574276 1.27311853624989
9 118581797 0.268571547664943
9 118583762 0.174130808326865
9 118592050 0.765703009910757
9 118593639 2.8037
9 118595959 0.090375476548955
9 118601098 0.0712318316722815
9 118602589 0.299154934619336
9 118606642 0.258613595636957
9 118608680 0.6497
9 118633946 1.5413
9 118644157 1.37533072240753
9 118644768 0.495584475890205
9 118661427 0.4246
9 118664446 0.8331
9 118667970 3.6965
9 118683938 0.7722
9 118686394 1.55934817763884
9 118713451 0.266569619649578
9 118717689 1.28898336514102
9 118730481 0.119041832081912
9 118736082 0.535
9 118736295 0.535
9 118741517 0.535
9 118743068 0.068
9 118743756 0.0144230527703626
9 118746645 0.852884787060062
9 118757698 0.572264774866496
9 118760313 0.4757
9 118766489 2.4733
9 118783179 0.7966
9 118792776 0.150943332425423
9 118810399 0.841574154801181
9 118867975 0.7451
9 118874858 0.7451
9 118878863 0.724
9 118882156 0.724
9 118884539 0.724
9 118895534 0.724
9 118912005 0.5725219548015
9 118912453 1.13694662799845
9 118915889 1.1077
9 118931897 1.0874
9 118951728 1.863
9 118964591 0.671420894568478
9 118968930 1.1787
9 118973102 0.513
9 119002452 0.0369
9 119009264 0.0369
9 119041117 0.104833519541842
9 119042743 1.45707956857724
9 119059911 0.5684
9 119062195 0.6558
9 119084410 0.840340197870259
9 119146480 0.0435
9 119149126 0.153623290556769
9 119197759 0.0435
9 119205319 0.8212
9 119238185 1.52625283185668
9 119243484 1.84024847791194
9 119243682 0.400579983429977
9 119272411 0.188905995316094
9 119281278 0.7764
9 119292870 1.14748368015187
9 119296354 0.327513591641863
9 119299036 0.629467725135354
9 119310929 0.289137329534179
9 119311761 1.17550353242214
9 119358714 0.3917
9 119369918 1.1265
9 119396989 0.177
9 119409853 0.445918165838727
9 119412227 0.0263
9 119418859 1.0516
9 119423348 0.591691461067793
9 119430634 0.179661153646851
9 119433602 0.648548931065782
9 119444729 5e-04
9 119455533 0.2374
9 119456621 0.2374
9 119458897 0.2239
9 119462041 2.05905720441967
9 119473095 0.2976
9 119473672 0.542499880590876
9 119475203 0.60933867108344
9 119488868 1.7569
9 119490309 1.7569
9 119491720 1.7569
9 119498165 2.56743757607333
9 119499213 0
9 119501647 0.718768572296985
9 119506546 1.23053293012951
9 119508889 0.934649201997319
9 119515912 1e-04
9 119515918 0
9 119516707 0.6187
9 119519006 1.1073
9 119519708 0.134
9 119519950 2.9999
9 119521647 0.2684
9 119522665 0.2684
9 119526828 0.3457
9 119541336 0.293684958038172
9 119544177 0.976537302827266
9 119557611 1.10733888067548
9 119579247 2.5464
9 119582353 2.4510071824241
9 119584672 0.3907
9 119595044 2.35061142576302
9 119609856 0.285196732299658
9 119620737 1.03681689859044
9 119626933 0.542182544337332
9 119640308 1.89431228526889
9 119641550 1.21844078547078
9 119646796 0.488163991964565
9 119655152 1.37187821684308
9 119659757 2.49035053864556
9 119665580 1.3231528660598
9 119671775 0.873549546203772
9 119684377 0.419001306414624
9 119692256 1.16168083177638
9 119696199 0.918
9 119706107 0.4251
9 119709725 0.770229726297207
9 119710286 1.84457000953336
9 119715137 0.86790717716169
9 119723726 1.61966360793373
9 119724210 1.59742885083794
9 119725624 0.173664161503053
9 119754324 1.50805073065507
9 119755283 2.07527610184527
9 119771210 0.216164817202945
9 119778759 1.052
9 119784963 0.0078
9 119809103 0.804256077324798
9 119810334 1.21820086224425
9 119812964 1.9966473926984
9 119826045 0.891853784481182
9 119846312 2.2468
9 119858822 1.42964775160139
9 119896844 8e-04
9 119905045 0.56647380024366
9 119906615 2.17359426468473
9 119999802 0.2845
9 120001519 0.1904
9 120002508 1.3275
9 120009290 0.6678
9 120011065 0.6678
9 120024537 0.000587187078277094
9 120033303 2.14959436415343
9 120050526 0.9574
9 120061254 5e-04
9 120086856 1.93108544517339
9 120094059 0.679313846250562
9 120097312 0.0162
9 120145363 0.714918601808935
9 120147112 0.229
9 120185391 0.178
9 120208934 0.0895
9 120244726 5e-04
9 120245820 0
9 120260674 0.04
9 120262812 0.0287
9 120267676 0.0457
9 120277051 0.0914
9 120365967 0.8529
9 120366480 0.8529
9 120410004 1.1114
9 120413816 2
9 120463648 0.5643
9 120530904 0.4673
9 120542942 0.0269
9 120552522 0.455494940052835
9 120569993 0.679429274032669
9 120576344 0.0269
9 120589206 0.561845344592065
9 120624872 2
9 120701127 0.0263
9 120733744 0.466
9 120736683 1.4338
9 120745660 0.466
9 120754534 0.4652
9 120787168 5e-04
9 120804807 0.374905682415301
9 120851113 5e-04
9 120870551 0.5632
9 120871762 0.6149
9 120879053 0.361790679766381
9 120885637 0.248740213272328
9 120888195 0.872888040049886
9 120897026 0.639722148653268
9 120905921 0.753595955294926
9 120909481 2.6037
9 120915702 1.5017
9 120928679 0.51069454015139
9 120938501 0.312678944558059
9 120939712 0.254177373422891
9 120941860 0.264024634279054
9 120942089 5e-04
9 120953009 1.3867
9 120962230 1.4007
9 120967684 1.485
9 121002229 5e-04
9 121022971 0.763226258526661
9 121032927 0.493767605315742
9 121061646 1.5114
9 121070309 0.881672867274872
9 121073599 0.00919915623296935
9 121092455 8e-04
9 121101000 0.984884009110505
9 121105192 2.21903880707982
9 121108185 0.516405055014148
9 121110025 0.188543446566247
9 121117489 0.705543729602589
9 121127458 0.176696547922894
9 121127888 0.993914291546763
9 121163931 0.370528965813909
9 121165318 0.89225503813578
9 121172386 1.13691337628385
9 121184248 1.9141
9 121186135 1.26085902338753
9 121199140 1.91306465542602
9 121201476 0.11262991079627
9 121203518 2.21983908586806
9 121234682 0.6107
9 121237547 0.0151801014520094
9 121249733 0.754753108119302
9 121258647 0.0369132570035635
9 121265434 0.914118682843966
9 121285558 1.6243
9 121299624 0.0715667639868943
9 121315767 0.804467610317605
9 121318537 1.1555
9 121321193 0.0350801438729352
9 121331662 0.1519
9 121336058 0.894887473257531
9 121339285 0.2169
9 121361631 1.07859991569275
9 121385981 0.7241
9 121389969 1.03284535380106
9 121396915 0.441779676548984
9 121399479 1.7134
9 121400437 0.803658565276667
9 121415614 0.496326029460048
9 121419714 1.97869064385798
9 121427230 1.3097
9 121451386 0.350733632677691
9 121452105 0.7241
9 121457390 0.509231297090425
9 121471977 0.6377
9 121475831 0.0053
9 121478564 0.7057
9 121486231 0.6377
9 121488400 0.7241
9 121491473 0.500116472716465
9 121493657 0.026
9 121506542 0.476653986664376
9 121509526 0.104341732688728
9 121513976 0.7241
9 121515148 0.7241
9 121515796 1.55795003168638
9 121520252 0.569420495206636
9 121520428 0.7241
9 121521015 0.0506367442140669
9 121521349 0.605453967771444
9 121524174 0
9 121536785 0.5451
9 121538242 0.831402061801078
9 121540844 1.8276548626302
9 121544028 2
9 121565078 0.0335050550909746
9 121582161 2.00684099034941
9 121586253 0.794446792870592
9 121596473 0.511862993588157
9 121602070 1.69577417821543
9 121602676 1.31680249035266
9 121602947 0.877247818828522
9 121610056 5e-04
9 121617572 1.3061
9 121640293 0.308022132591601
9 121643447 0.278867077048222
9 121648326 0.8317
9 121652472 0.5177
9 121661981 1.693
9 121760757 0.845515457126962
9 121789389 1.43503798456619
9 121789396 2.464021406611
9 121793799 0.0078
9 121798309 0.96353041257128
9 121814788 0.337256235570061
9 121817442 0.437002707698642
9 121824716 1.17210591649844
9 121842257 1.71399209265484
9 121860655 1.22584466754833
9 121868319 0.9104
9 121877641 0.9104
9 121884443 0.8731
9 121900173 1.4003
9 121916935 0.4212
9 121943863 0.8418
9 121944686 2.6406711579902
9 121953800 1.25834211103321
9 121955045 1.97034628088105
9 121976432 1.1955
9 121985044 0.31739449749927
9 122007578 0.426154584422146
9 122020345 1.34565515531591
9 122030223 0.0445801400253623
9 122033376 0.144482788184619
9 122044320 0.21186981300809
9 122046246 0.239804055804512
9 122073557 2.0145
9 122082528 0.085647923963187
9 122092932 0.6881
9 122109861 0.0451729751571473
9 122129672 0.449447254626177
9 122135228 0.39482755806886
9 122152334 0.280152234253791
9 122164217 0.720873798426791
9 122166483 1.62263049759572
9 122180265 0.32163525376428
9 122180446 1.31900789167628
9 122190740 1.61972760694973
9 122198336 0.808956551879665
9 122212140 0.8348
9 122215342 0.813
9 122239706 0.0740315744802836
9 122287006 1.0731
9 122378417 0.504551962454353
9 122387691 0.422497738989095
9 122388609 0.164366930349666
9 122396152 2.33171641331559
9 122408622 1.92961552637492
9 122429880 0.4674
9 122448632 0.3833
9 122455174 0.708417899115364
9 122468813 0.2877
9 122469219 0.2925
9 122521784 1.30559215114999
9 122527538 0.662245720850813
9 122538517 1.10456314174209
9 122538972 0.443874275266296
9 122544281 0.791206708494231
9 122550197 0.171279597364803
9 122555145 0.0132
9 122555928 0.198060040259573
9 122557008 0.0345
9 122559699 0.158562321813143
9 122567846 0.0132
9 122569828 0.8809
9 122581210 2.0728366161011
9 122588065 1.3737
9 122594353 0.0699
9 122594841 0.08418871579363
9 122600108 1.2856
9 122619318 0.803400705101796
9 122623903 0.6205
9 122624904 0.1655
9 122749914 0.0329
9 122753928 0.0273
9 122772545 0.0107
9 122807774 2.0288
9 122807796 1.7489
9 122822373 0.7664
9 122833577 5e-04
9 122837316 0.8667
9 122843912 0.9902
9 122846348 0.850925335118318
9 122866222 5e-04
9 122868913 2
9 122872329 1.026
9 122888095 2.118
9 122914993 0.0921
9 122923559 5e-04
9 122934758 1.15
9 122945777 2.3278
9 122952516 0.0078
9 122953722 0
9 122974875 0.206609814473453
9 123001829 0.0675
9 123011738 0.2523
9 123037648 1.5058
9 123040391 0.0858
9 123047902 1.8326
9 123085488 2.04801473168577
9 123108384 0.0858
9 123123532 0.1027
9 123136364 0.235889743950919
9 123158097 0.0858
9 123193962 0.438
9 123256713 2.1414
9 123260851 0.347128609540091
9 123276304 1.1055
9 123292630 0.2416
9 123309699 0.468602908187658
9 123310248 0.307
9 123315568 0.23273045099849
9 123317671 1.1945
9 123330637 0.6375
9 123331498 0.2521
9 123344616 0.0347
9 123345159 0.0347
9 123355570 5e-04
9 123371953 0.131910131731027
9 123376016 0.230727812735806
9 123383918 0.0515
9 123406270 1.1983
9 123427529 2.8891
9 123433282 2.991
9 123485660 0
9 123502393 0.5831
9 123538807 1e-04
9 123552003 2.6501
9 123554511 1.3067
9 123557358 1.3067
9 123583614 0.2224
9 123633763 0.2224
9 123634327 0.2985
9 123650170 0.470777322550906
9 123657558 1.6208
9 123690084 5e-04
9 123699928 0.9619
9 123705670 0.9619
9 123743785 1.0318
9 123755940 1.232
9 123761912 1.449
9 123782330 1.0943
9 123833604 1.2978
9 123836475 1.7798
9 123844100 0.0073
9 123849297 0.0566
9 123858693 1.7798
9 123878812 1.1001
9 123887901 1.1001
9 123888236 1.1001
9 123921676 0.702
9 123922454 1.0704
9 123948607 0.435093913102797
9 123957831 1.46389438795102
9 123973708 0.6083
9 123980715 2.2967
9 123985849 0.642165666414934
9 123989644 0.085822479299137
9 123995747 0.207244129524811
9 124002975 1.35030267247101
9 124004497 0.266997273974361
9 124004953 1.83403943182523
9 124013822 0.246233578163312
9 124022008 0.918729923115485
9 124022215 0.281102231346181
9 124024727 0.354594024771484
9 124026557 0.523660686182813
9 124026929 2.83128066252628
9 124030632 0.600252078498093
9 124038701 0.0577
9 124040325 0.5825
9 124046509 0.555641365026355
9 124053192 0.5825
9 124064006 0.978520772716972
9 124067522 0.830764572862862
9 124069647 0.668249018392521
9 124070929 0.573540817666946
9 124073624 0.0314191150659423
9 124083253 0.5664
9 124087135 0.5664
9 124087748 1.0553
9 124090151 1.19199703367098
9 124091747 0.960342134505214
9 124098454 0.191391560766317
9 124101963 1.87694558740367
9 124103633 2.4063
9 124119169 0.628164664416264
9 124162224 0.2322
9 124205634 0.8667
9 124207115 0
9 124208559 0.0929103707294634
9 124210145 1.23874579649705
9 124212459 1.69786942761927
9 124223867 2.8716
9 124229948 1.54649245034757
9 124234800 0.0926
9 124236819 0.0926
9 124255058 0.582
9 124258549 0.871425457712447
9 124258719 0.744795965985328
9 124290307 0.617658236209117
9 124300240 0.830584329589391
9 124301272 0.0207226040652052
9 124305084 1.25800110090408
9 124336639 0
9 124357163 1.59498590073358
9 124375522 0.806734088808723
9 124434262 2
9 124437533 0.5354
9 124449078 2.10263824170125
9 124453493 1.16760322036161
9 124455979 0.288709330779793
9 124459960 0.652483700247141
9 124462646 1.21879973467503
9 124467306 1.71743296718144
9 124478069 0.3092
9 124484365 0.720892240564375
9 124487064 0.67838346689289
9 124488142 0.3226
9 124576884 0.3944
9 124594149 0.3944
9 124623330 0.4099
9 124629409 2.9978
9 124635121 0.4021
9 124651272 0.3944
9 124687295 2.3652
9 124825831 0.0249
9 124825849 5e-04
9 124827529 0.0792
9 124829007 5e-04
9 124832432 0.865153963984161
9 124833171 0.0276
9 124837998 0.0332
9 124839056 0.0332
9 124855475 0.6122
9 124869788 0.6404
9 124944396 0.3251
9 124956365 0.6404
9 124959463 0.0263
9 124979243 0.509524778088785
9 124981473 0.5831
9 124993293 1.10208074312558
9 125006331 0.920445484502208
9 125007067 0.387525513629523
9 125029951 0.894090173464629
9 125030606 1.05816103997435
9 125049448 0.511049452684257
9 125059499 2
9 125097442 0.753688131302528
9 125110019 1.21786466448465
9 125114355 0.641072114807263
9 125130839 1.60104979283797
9 125131832 0.110108328535818
9 125134275 0.592364465258555
9 125139188 1.54785501567998
9 125146027 0.973609880008984
9 125150878 1.07628079266096
9 125152586 1.67626238375117
9 125171468 0.1418
9 125177192 0.997397876168514
9 125199322 8e-04
9 125210496 0.0571477477916492
9 125223496 0.5334
9 125251379 0.39457658946607
9 125252016 1.57794125817908
9 125292117 0
9 125300023 1e-04
9 125306109 0.30656223622022
9 125308513 0.0275
9 125314702 0.240809355805097
9 125316308 0.327852289621203
9 125361513 1.82014984139703
9 125369582 1.24237663155773
9 125388505 1.3224480398358
9 125399489 0.521534435740624
9 125420699 0.426028425620718
9 125434195 2.00217655305077
9 125443698 0.789651279557355
9 125445438 1.00341573076077
9 125460745 0.929031520243744
9 125477641 0.0621926298205891
9 125518805 1.7153
9 125533601 0.0273
9 125576341 0.471111771881032
9 125602622 0.347884099052115
9 125625261 1.4904
9 125644709 1.17957686379196
9 125672847 0.502790763026653
9 125684086 0.303090140554364
9 125698289 0.6007
9 125699744 1.00844649940042
9 125708062 0.0332
9 125718724 0.91527306553292
9 125719573 0.553747282972807
9 125720813 0.306382712338056
9 125737677 0.8549
9 125759194 0.7888
9 125778851 0.5403
9 125790262 3.1214
9 125883338 0.8929
9 125892044 0.8798
9 125896823 1.85203924499079
9 125931801 0.336736791198279
9 125942733 0.5935
9 125978617 0.681839293915138
9 125980473 0.43221632203593
9 125983031 1.24581954428411
9 125985207 0.483224746187953
9 125999101 1.41180325748478
9 126005336 0.435716959501015
9 126005723 1.48664205648809
9 126005852 1.90759580896815
9 126017408 0.2221855098837
9 126022386 0.883821881184549
9 126035899 5e-04
9 126038007 0.2338
9 126038644 0.246373420840992
9 126044033 5e-04
9 126045449 0.237823175558824
9 126050034 0
9 126061062 0.213548285066133
9 126061761 1.5430423484289
9 126065567 2e-04
9 126068818 0.0447
9 126074280 1.15979206027687
9 126087958 0.480638589476689
9 126088074 0.144470449853998
9 126104908 0.867918022634855
9 126117794 0
9 126118631 0.568888695253898
9 126119605 2.07733294277559
9 126121570 0.349418575436359
9 126135516 1.06648223113112
9 126141601 0.994406127387907
9 126150809 0.3046
9 126157442 1.14833939655947
9 126163866 0.5644
9 126172578 0.5328
9 126172611 0.4619
9 126176665 0.327
9 126188771 0.4384
9 126191838 0.5106
9 126194142 0.0196912186482506
9 126198638 1.79328743264725
9 126204634 1.54873345277143
9 126207186 0.0796826254751383
9 126215160 1.79264973825889
9 126227758 0.198213728005133
9 126228008 0.1041
9 126256969 0.381190658718947
9 126273941 1.00120807312352
9 126293207 0.340495622524332
9 126310415 0.0136647368958328
9 126310421 1.26130805037349
9 126315571 1.7554
9 126370122 0.1554
9 126378134 0.1554
9 126378256 1.2043
9 126381746 0.995441384764879
9 126385112 0.8744
9 126387678 0.1625
9 126401616 1.0565
9 126403201 1.0565
9 126407633 1.5982
9 126408623 1.0565
9 126408634 5e-04
9 126411077 1.1561
9 126412329 1.539
9 126427956 0.0076
9 126435300 0.335020694273667
9 126440140 5e-04
9 126450135 0.075
9 126463052 0.604832753854941
9 126463259 0.427928299927328
9 126478770 0.485414698060883
9 126479211 0.681314986636585
9 126479437 1.37273277145804
9 126483055 1.08142637047603
9 126485764 0.0631
9 126488297 0.0572
9 126488934 1.0218
9 126500392 0.508465262309998
9 126507114 1.02137687510816
9 126524446 0.8491
9 126538748 0.772186721950963
9 126543591 0.9314
9 126546628 0.2574
9 126551255 0.569322756641739
9 126553143 0.693202125136572
9 126562596 0.70945206660787
9 126569791 1.36961388717384
9 126574031 0.0245413616480998
9 126577009 0
9 126577692 0.187089480193698
9 126582484 2.00728984575365
9 126601004 0.655213848670269
9 126603058 0.2563
9 126614797 1.18555274867724
9 126653397 0.5975
9 126667137 0.0053
9 126669241 0.3274
9 126676996 0.969
9 126717214 1.897
9 126743575 0.1947
9 126754064 0.0107
9 126763117 0.1059
9 126785079 0.093
9 126813315 0.1414
9 126828191 0.739678226889298
9 126830874 2.7145
9 126853785 1.21459657081883
9 126899790 0.299363342377929
9 126901698 2.1663600792748
9 126913252 2.1324
9 126917654 1.81229669128921
9 126940493 0.174508364838615
9 126956249 0.84679840347992
9 126960219 0.377709874608152
9 126974621 0.261716968087554
9 126978827 0.14682912756739
9 126995292 0.0144407705077197
9 127017296 0.514245052816197
9 127023141 0.820613389287493
9 127029862 0.9009
9 127047620 0.659133887074613
9 127060331 0.736694850034868
9 127066670 5e-04
9 127165502 1.34030682546552
9 127189770 1.89657320889759
9 127200181 0.1614
9 127213326 0.424575564461791
9 127297160 0.9631
9 127298101 0.1526
9 127300318 0.7512
9 127302693 0.1759
9 127323751 0.0078
9 127367728 0.470353749319877
9 127370113 1.67860106898109
9 127381136 0.243818434789123
9 127407721 0.2515
9 127408282 0.121836512035514
9 127408741 1.08411367823538
9 127411687 0.1653
9 127422938 2
9 127423106 2
9 127439810 1.86876337034909
9 127458598 0.0078
9 127466495 5e-04
9 127466506 5e-04
9 127466531 1.50304770799331
9 127466983 0.3915
9 127470611 0.7002
9 127472313 0.786433542460695
9 127475493 0.434028111453856
9 127475745 0.176223185992799
9 127477063 1.36045393341969
9 127480757 2.8755
9 127482136 1.63568940402319
9 127491652 0.3915
9 127499055 0.421656681770269
9 127518911 0.820587280102761
9 127519818 0.3915
9 127531144 0.657508646878523
9 127531470 2.1456
9 127538630 0.0255
9 127541471 0.1354
9 127547654 1.4315
9 127548555 0.742825888120768
9 127549328 1.8643
9 127552409 0.1972
9 127558426 2.0032
9 127561530 0.4544
9 127564242 0.4544
9 127566220 0.4544
9 127575998 1.06968945416051
9 127578816 1.71715532527728
9 127599467 0.226670109053302
9 127600904 1.2512
9 127601905 1.2512
9 127638601 1.7622
9 127649520 3.1166
9 127663686 2.8891
9 127690513 1.7757
9 127717931 5e-04
9 127729719 0.827165707254868
9 127740246 2.8057
9 127757633 0.505177726210063
9 127795444 0.6026
9 127798369 0.110743768465981
9 127802988 0.2996
9 127809844 1.47696602924171
9 127817814 0.225083689075645
9 127835846 0.2354
9 127853472 0.0615
9 127880423 2
9 127889217 0.6609
9 127889346 0.319210071911887
9 127902831 8e-04
9 127937972 0.0742
9 127955698 0.0742
9 127956251 1.3289
9 127969198 2.981
9 127980555 0.0681
9 127988775 0.0444
9 127988781 0.211894131137724
9 127990290 1.7301
9 127993041 0.0444
9 127997183 0.0502
9 127998436 1.7134
9 128007464 1.7134
9 128014618 0.1214
9 128017419 1.54350783614296
9 128019060 1.62046900629198
9 128020227 0.542973465553695
9 128033123 1.45379660567385
9 128035870 0.744452641468553
9 128038002 1.0444
9 128041090 0.149302275162664
9 128049396 1.5392703958583
9 128075268 0.828822449709453
9 128081746 1.1321914167585
9 128083455 1.09067798514394
9 128083579 1.58460997206373
9 128084600 0.192268461482267
9 128084789 1.80123892589897
9 128088946 0.936481400720332
9 128092705 1.0541917646294
9 128095366 1.00033886499876
9 128130055 0.958397990596764
9 128146553 0.53892448171136
9 128174251 0.580338480965972
9 128221693 1.1209
9 128225327 0.226817737536065
9 128235613 2.09191011606831
9 128281635 0.9762
9 128330707 1.5377
9 128380677 1.7255
9 128426241 0.55
9 128435026 0.5102
9 128450552 0.4864
9 128508201 0.4864
9 128510311 0.4208
9 128527845 2.48930420716519
9 128530447 0
9 128590554 5e-04
9 128628881 1.05940097052718
9 128667470 1.8975
9 128671067 5e-04
9 128673506 0.0329
9 128694240 0.0053
9 128721272 1.4705
9 128780494 2.65846943784584
9 128782825 0
9 128793498 0.0217
9 128801095 0.253065055178569
9 128809748 0.2206
9 128848912 0.2286
9 128894792 5e-04
9 128908178 0.8979
9 128926253 0.285376918038207
9 128930842 0.333139624264214
9 128951597 2.62617049806801
9 128955987 0.3272
9 128977239 1.30220053586666
9 129002578 0.2858726829423
9 129079608 0.282506156264958
9 129090873 1.3035
9 129093731 1.5847059345345
9 129098996 0.0737221504250975
9 129114629 0.559511135751124
9 129131100 0.489241763764129
9 129141602 0.388173009960601
9 129142314 0.348181091151688
9 129151432 0.500778688410638
9 129154553 1.09945437251735
9 129154885 0.582074810595837
9 129175773 1.01960762898803
9 129178468 5e-04
9 129191528 0.0942
9 129197852 0.0692
9 129218403 1.04219836819037
9 129219174 0
9 129224530 0.247882113599304
9 129225310 0.6876
9 129236017 0.374221326159777
9 129241234 0.8384
9 129257680 0.5223
9 129270358 0.1395
9 129271136 0.1326
9 129275226 0.7897
9 129275284 5e-04
9 129278890 0.744
9 129280879 0.7225
9 129282091 0.7664
9 129286225 0.7897
9 129288161 0.577114965030268
9 129288874 1.173007412831
9 129290303 0.8142
9 129294039 0.520475315065321
9 129295924 6e-04
9 129309705 6e-04
9 129314843 0.397113797204706
9 129325767 0.9796
9 129347162 0.0263
9 129347180 0.0078
9 129360879 5e-04
9 129384304 0.7019
9 129409997 1.5102
9 129427549 1.76459346675718
9 129428516 0.407407847345297
9 129438116 0.39782436689218
9 129448981 1.65229734041627
9 129454309 4e-04
9 129475981 0.3465
9 129476993 0.3388
9 129505846 0.340579210588456
9 129512826 0.00492775160246004
9 129518495 0.4921
9 129519322 0.133818682033529
9 129525501 1.71273834002162
9 129529417 5e-04
9 129530960 0.8345
9 129531928 3.1154
9 129535794 0.1848
9 129550989 1.01513201321246
9 129551645 0.971915415916672
9 129552064 0.178692726021929
9 129563603 0.7228
9 129564292 0.773003024917018
9 129571466 0.916206468120763
9 129576014 0.138385235232191
9 129576095 2.00912470253951
9 129589113 0.742931187740888
9 129601954 1.86959120475905
9 129609642 0.639414623733537
9 129610186 0.5377
9 129629889 1.812
9 129636721 2.33615477399128
9 129640629 0.0107
9 129640962 0.641297513340371
9 129644085 1.774
9 129652032 0.770107867321845
9 129656463 5e-04
9 129657351 0.5579
9 129669669 1.1363
9 129682928 2.10396731727828
9 129712278 0.795409695427763
9 129719650 0.770433794753057
9 129727845 0.7814
9 129735146 0.7419
9 129784037 0.8627
9 129784255 0.6804
9 129788698 1.6269
9 129792843 0.9431
9 129800819 0.8319
9 129804914 0.8319
9 129829836 0.7512
9 129829929 1.0963
9 129829932 0.9444
9 129832083 0.9444
9 129832659 0.9444
9 129837247 0.7298
9 129856528 0.4538
9 129856810 0.786632433657367
9 129857697 0.0519
9 129862775 0.0519
9 129867515 0.123317274557606
9 129877326 2.3797
9 129879116 2.3797
9 129891350 0.4302
9 129916149 1.5507
9 129944173 0.0386
9 129945267 0.0425699317205243
9 129952739 2.4123
9 129959960 2.4123
9 129971182 0.5831
9 129973162 2.7349
9 129977154 0.464
9 129977285 0.5389
9 130003126 0.4483
9 130007160 2.4123
9 130007474 2.4123
9 130036418 2.1152
9 130057351 2.1152
9 130060115 0.4736
9 130066152 0.701565138735113
9 130067075 0.4736
9 130078769 0
9 130079564 1.26645249965001
9 130080577 2.1152
9 130102927 0.0053
9 130111232 2.1152
9 130114489 0.8141
9 130123288 1.30666056999605
9 130126441 0.946714005896661
9 130132852 1.96315385667748
9 130153544 1.99213254013859
9 130164495 0.748972236772152
9 130168875 0.515491431552556
9 130204268 0.0273
9 130207691 0.171983728070279
9 130211618 2.28322544637325
9 130212461 0.122852849833349
9 130222114 5e-04
9 130247718 0.2814
9 130249153 0.742199529083505
9 130253784 0.031354912718924
9 130256343 2.5345
9 130264100 0.2811
9 130264324 0.736423664506563
9 130278024 1e-04
9 130293018 0.2248
9 130301182 0.896245272559988
9 130306620 5e-04
9 130312508 0.5177
9 130318344 1.10865685894911
9 130327213 0.5831
9 130351817 0.588461109884736
9 130353924 0.0518
9 130370696 0.0332
9 130373687 0.0387
9 130377582 0.494296162847284
9 130378095 0.0807
9 130383231 0.174862399939131
9 130396541 1.53251197756668
9 130411710 0.0558
9 130411840 1.29177897843351
9 130411881 0.877396116673171
9 130431617 0.0431335106096994
9 130449013 0.1683
9 130481906 2.59739476494511
9 130505742 1.24424716319965
9 130508865 0.605361351564467
9 130517272 0.7855
9 130517687 0.304196557404208
9 130546243 0.146153037164113
9 130550032 0.33
9 130550431 0.153949037084797
9 130551329 0.4649
9 130553516 0.763212871198559
9 130554578 0.628556992932781
9 130562194 0.553572083854928
9 130564255 0.7698
9 130565298 0.3015
9 130565589 0.0245533909791271
9 130570036 1.8038
9 130580084 0.23720518249278
9 130603369 1.81020140661482
9 130605944 0.3596
9 130621583 1.4497
9 130642261 0.439175132508322
9 130649998 2.2147977256879
9 130650423 2.096
9 130663739 0.736035923080717
9 130677800 1.4871
9 130689258 0.439775897615661
9 130716025 0.242830342120073
9 130722392 0.952440934344628
9 130732734 0.1789
9 130732914 0.4232
9 130734792 0.1789
9 130739452 0.4232
9 130751122 3.0702
9 130754741 1.026
9 130755235 1.026
9 130757840 0.4232
9 130757841 0.4232
9 130758120 0.1733
9 130759934 0.1733
9 130760316 1.026
9 130764833 0.4442
9 130769757 0.156120554208711
9 130770618 0.370730133073622
9 130780785 0.3072510121389
9 130789694 1.0715
9 130790602 0.0681
9 130797269 5e-04
9 130802250 2.1722
9 130809419 0
9 130821841 0
9 130832553 1.0715
9 130833486 1.0715
9 130839078 1.4904
9 130842494 1.0715
9 130851915 2.1722
9 130878645 1.4701
9 130904465 0.740146480937078
9 130910252 0.7146
9 130911265 0.298658042176707
9 130935857 0.170967690131006
9 130943793 5e-04
9 130958861 0
9 130967969 1.1756
9 130969437 0.728572004756897
9 130983291 0.6961
9 130983934 0.6961
9 130986688 1.7433
9 130990525 0.39814193175942
9 130993011 0.117498279487727
9 131036101 0.150607158939345
9 131048685 0.633442659151321
9 131050765 0.1089
9 131067379 0.918
9 131071522 0.0221313246209737
9 131084353 0.8313
9 131084670 0.6311
9 131089254 0.4504
9 131090447 0.858486772819898
9 131092514 0.2525
9 131110453 0.489542920719235
9 131111461 1.47957972687964
9 131120797 0.5242
9 131137887 0.5166
9 131139088 1.0811
9 131149787 0.6886
9 131171682 0.18017794278982
9 131181014 0.0425
9 131217919 0.3326
9 131243956 1.6438
9 131260861 1.38467663955441
9 131261290 0
9 131279474 1.55561289777636
9 131280966 1.07346049607733
9 131289106 1.5772574520867
9 131296740 0.5831
9 131299799 1.6472306288945
9 131300414 0.818795789624607
9 131304153 1.36309504624564
9 131319326 1.2694
9 131321923 0.273734017437681
9 131321931 0.895123759666101
9 131332734 2.34040605779141
9 131345878 0.8215
9 131346698 2.19946031141421
9 131348776 0.5108
9 131350185 0.0237308897895538
9 131352893 0.5268
9 131364102 0.881618131692503
9 131364665 1.36581576847827
9 131366075 0.0518679281538504
9 131366832 1.60438109433934
9 131380664 1.6769
9 131385873 0.2294
9 131400687 0.1747
9 131412797 0.0094
9 131413258 0
9 131431321 0.1521
9 131434751 0.246553990480056
9 131449363 1.03805373336657
9 131451380 0
9 131475678 0.0386
9 131493870 0.0053
9 131517235 0.3348
9 131526823 0.0938
9 131531918 0.0386
9 131538929 0.281
9 131547945 0.6606
9 131550350 0.944624267138079
9 131565758 0.0043
9 131573888 1.30975860462379
9 131587652 1.53936782691783
9 131590633 0.213247098502756
9 131602192 1.15054510039328
9 131604913 0.0244
9 131614423 0.5941
9 131624969 2.11624611517464
9 131669131 0.473
9 131684325 0.0234181452186085
9 131727645 1.7242800985785
9 131730347 0.2431
9 131732390 0.2431
9 131737967 5e-04
9 131744868 1.24568438580907
9 131745967 0.208930868736214
9 131751255 0.2431
9 131754064 2.9967
9 131757526 5e-04
9 131768925 0.782075204815322
9 131769831 0.4583
9 131775798 0.375907504826454
9 131793806 0.6086
9 131805145 1.10349490171485
9 131818418 0.951226015780465
9 131825765 0.0406621483814953
9 131833319 0.224
9 131835214 0.82492986029374
9 131841862 0.422627295135829
9 131843949 0.168567773259374
9 131848002 0.0078
9 131897579 0.1019
9 131908143 0.2441
9 131946574 0.6756
9 131950575 2.2382
9 131960669 0.6756
9 131993030 0.2381
9 132011450 0.23
9 132026785 0.23
9 132039566 0.2381
9 132070687 0.026
9 132097683 0.3741
9 132117164 0.6653
9 132130186 0.694650103481002
9 132134248 1.46343843593991
9 132141022 0.678347173877491
9 132142589 0.0072
9 132142759 0.550094885873015
9 132157414 0.00979345259674038
9 132162804 0.281669571638226
9 132183292 0.504535112813496
9 132190030 0.177053812835837
9 132194109 2.33440360985802
9 132201974 2.3649
9 132215490 2
9 132226867 0.387318880002944
9 132230210 0.0888210614781903
9 132230557 1.01
9 132238978 1.0401
9 132246290 2
9 132256378 2
9 132263677 0.9902
9 132270236 2
9 132272828 2
9 132275520 0.9902
9 132276074 2
9 132283303 1.8935
9 132307570 2
9 132314099 2
9 132320402 2
9 132321606 2
9 132321737 2
9 132322989 2
9 132335370 2
9 132347072 2
9 132352249 0.838966013273247
9 132379781 1.0004
9 132381632 1.0004
9 132389975 0.0566
9 132394583 2
9 132401219 2
9 132404398 0.0462
9 132407565 3.0702
9 132435028 0.69588491585442
9 132452095 2
9 132459607 2
9 132466104 1.14792493667801
9 132469020 0.5678
9 132476334 2
9 132489641 2
9 132490136 2
9 132498110 2
9 132510188 2
9 132519401 1.07706806804716
9 132521131 2
9 132521909 2
9 132522369 2
9 132531630 2.1878
9 132533956 1.9127
9 132534665 0.326495822307235
9 132537443 5e-04
9 132548677 0.985175521821475
9 132566806 0.872
9 132568241 0.250113959404838
9 132576377 5e-04
9 132579615 2.32567069490797
9 132588247 1.8765
9 132601434 1.3151
9 132602551 0.5229
9 132619882 0.150275412023485
9 132626772 0.5229
9 132636448 0.0538731089522415
9 132673417 1.49372789919939
9 132690283 0.242123965788781
9 132698009 0.3428
9 132700205 1.61668325430077
9 132702461 0.388010208119542
9 132708093 0.0812
9 132712995 2
9 132714801 0.187374898714838
9 132722241 0.688839770627549
9 132724933 2
9 132732726 2
9 132745613 2
9 132790545 2
9 132793067 0.903155439468287
9 132800803 0.0927
9 132801662 2
9 132801925 2
9 132804739 2
9 132809167 2
9 132837649 2
9 132849151 1.6312
9 132862515 0.1509
9 132876738 0.0078
9 132885567 2
9 132887133 2
9 132916614 2
9 132945399 1.49831504341931
9 132961964 1.3149
9 132963204 0.0974
9 132975187 0.5564
9 133006062 2
9 133015528 1.9156452682173
9 133016492 1.61419732980468
9 133028895 1.7556
9 133030314 0.141234707927496
9 133081417 2
9 133081460 2
9 133092699 0.1123
9 133094152 0.1123
9 133105908 2.3301
9 133115807 1.6022
9 133118576 1.01485488540655
9 133121936 0.141637036109096
9 133130486 2.4029
9 133144519 2
9 133146393 2
9 133163943 2.1804
9 133167307 1.35122183664491
9 133183923 1.49459941096818
9 133202988 1.17598512955018
9 133210396 0.661140613926678
9 133227366 2.95942202756539
9 133239184 0.686637011143822
9 133253080 2.14994326075821
9 133253216 2.03517029424127
9 133254976 0.0077
9 133255354 1.76315834337667
9 133257791 0.5399
9 133261703 0.295
9 133265102 0.0727686361977464
9 133265724 1.18972275369353
9 133270015 2
9 133270497 0.295
9 133272138 2.9935
9 133272585 2.9935
9 133278100 2
9 133278724 2
9 133284655 2
9 133297985 5e-04
9 133299025 5e-04
9 133299887 5e-04
9 133303671 0.596514733683403
9 133304026 0.9217
9 133306143 0.298626603294085
9 133307810 0.0263
9 133307937 0.0263
9 133309569 0.0984073094194212
9 133310440 0.0263
9 133330998 6e-04
9 133374768 6e-04
9 133375798 6e-04
9 133399364 6e-04
9 133406668 1.0622
9 133408933 0.0244
9 133426474 0.0160042855030724
9 133429120 0.839487203525173
9 133430770 0.0547945897999691
9 133435568 0.4278
9 133435696 0.484902049187678
9 133437088 1.0894
9 133440617 2
9 133446558 2
9 133446998 5e-04
9 133474633 2
9 133495582 0.5818
9 133495736 1.4263
9 133496079 2
9 133498002 0.5831
9 133527785 0.227738541163508
9 133543547 2
9 133545403 2
9 133545583 0.0513533401051366
9 133546109 2
9 133549604 0.726526589332851
9 133549815 2
9 133550486 0.995059980773515
9 133552005 0.412315132764404
9 133561927 8e-04
9 133562510 1e-04
9 133563866 5e-04
9 133564091 1e-04
9 133564261 2e-04
9 133564482 6e-04
9 133564625 2.09130533308947
9 133572236 2
9 133575459 0.5831
9 133578005 2
9 133587777 5e-04
9 133588276 2
9 133592958 2
9 133596651 2
9 133600220 2
9 133608450 0.379
9 133622987 1.71063503077979
9 133640005 1.5233
9 133654468 2
9 133669071 2e-04
9 133669208 5e-04
9 133673212 2
9 133695539 0.0462
9 133700737 2
9 133701837 0.0447
9 133706899 2
9 133710834 0.8672
9 133715112 2
9 133722090 2
9 133730471 2
9 133732269 5e-04
9 133734535 0.881720171249701
9 133735926 0.7179
9 133745355 1.28968400435534
9 133747118 0.2147
9 133753192 0.4605
9 133759672 1.2833
9 133759883 2
9 133778117 2
9 133779957 2
9 133783489 1.4333
9 133791261 2
9 133793809 2
9 133815800 0.42638693668518
9 133815981 0.443900637575871
9 133818730 1.42412356908297
9 133820020 1.11910419009331
9 133820373 0.170051850421983
9 133825253 0.6835
9 133834107 0.9827
9 133848162 0.895116395481129
9 133857113 0.813268843614119
9 133871881 0.710224537919758
9 133874672 0.284403017749107
9 133879317 1.10547109642513
9 133880142 0.631259901963094
9 133881082 1.0879
9 133886632 0.558125089311117
9 133895517 0.548882040653207
9 133899311 0.657610979534977
9 133899471 1.03218252086808
9 133899606 1.92910339316864
9 133901277 1.1824
9 133902224 1.51034284833807
9 133910109 0.438446847645944
9 133911052 0.0107
9 133914788 1e-04
9 133924781 2
9 133930872 2
9 133932709 2
9 133935605 1.58071755469435
9 133938509 2
9 133940498 0.0397617808183896
9 133943332 0.422660556165421
9 133947503 2
9 133957058 1.07078776491397
9 133957097 1.4379492827601
9 133957806 0.383186036579012
9 133958233 0.477951537028394
9 133958682 0.0564210209751567
9 133960986 0.975984833528545
9 133967764 0.0263
9 133967790 2
9 133973413 0.7719
9 133976987 2.28273042571689
9 133977185 0.235078295639448
9 133982650 0.964379666305408
9 133984396 2
9 133984446 2
9 133985122 0.429491890917249
9 133986152 2.17461556885295
9 134000396 0.3436
9 134017901 0.4381
9 134018215 2
9 134027401 2
9 134032854 2
9 134032868 2
9 134041258 2.784
9 134059622 2
9 134063522 2
9 134067044 2
9 134067465 2.29946277849109
9 134072776 2
9 134075767 2
9 134076658 0.3627
9 134083946 2
9 134084109 0.327
9 134085181 2
9 134087708 2
9 134089502 0.6101
9 134089610 2
9 134094316 0.2406
9 134095123 0.5962
9 134104314 5e-04
9 134104318 5e-04
9 134104842 0.811937230906756
9 134105907 0.0481585315726518
9 134109776 2
9 134123587 1.3416
9 134126107 1.28458287496289
9 134126333 0.418038449105337
9 134130716 1.0042
9 134149108 1.024
9 134154383 2
9 134164616 2
9 134164719 0.4218
9 134175615 2
9 134177470 3e-04
9 134181012 2
9 134194542 0.3017
9 134207826 1e-04
9 134210105 0.0382763466232835
9 134212364 1.0976
9 134220809 0.109495823240039
9 134235674 2
9 134241184 1.21029176351758
9 134246388 2
9 134259205 0.3504
9 134263434 0.324186759825536
9 134264830 0.664104646499346
9 134270264 0.169664303189053
9 134272143 0.92096535217036
9 134278718 2
9 134279489 2
9 134281143 2
9 134285545 1e-04
9 134285792 2
9 134300325 2
9 134301007 2
9 134306160 2.3748
9 134331540 0.0991006741783835
9 134332584 2.12131450202677
9 134337731 2
9 134338725 0.081152033246392
9 134345090 0.277464787649777
9 134346745 0.135444568562823
9 134364558 2
9 134370261 2
9 134370270 2
9 134376595 2
9 134377761 2
9 134378527 2
9 134379910 2
9 134412280 0.86104296466262
9 134443675 0.0564100469592737
9 134449200 1.3292
9 134452035 5e-04
9 134460520 0.0228
9 134462384 0.0285
9 134463318 0.0285
9 134464562 0
9 134470395 2
9 134471059 0.1555
9 134483927 1.38336441346736
9 134515139 1.8589
9 134520718 0.2519
9 134523473 0.2519
9 134523906 8e-04
9 134524608 3e-04
9 134530185 0.2376
9 134532598 2
9 134537254 0.2816
9 134545694 1.0954
9 134548366 0.124616294412768
9 134550217 5e-04
9 134554067 2
9 134578526 0.1007
9 134586760 1.1824
9 134590345 2
9 134609640 2
9 134625452 0.902077352347708
9 134629224 0.3179
9 134632802 2
9 134638500 2
9 134646093 0.184348615350491
9 134651496 0.239895153914117
9 134657639 2
9 134662735 2
9 134662834 2
9 134673486 1.36905484167488
9 134690878 2
9 134691153 2.27885877530093
9 134692230 2.0175
9 134694081 0.6495
9 134701115 0.1617
9 134703701 2
9 134705174 2
9 134706007 2
9 134706152 2
9 134710201 2
9 134710793 4.2618
9 134710922 0.4029
9 134716899 2
9 134720040 2
9 134729561 0.2701842638364
9 134733307 2.3299
9 134749565 0.4721
9 134754665 0.7414
9 134759717 2
9 134759904 2
9 134759917 5e-04
9 134760230 2
9 134760404 6e-04
9 134761171 2
9 134764329 2
9 134766244 2
9 134767737 2
9 134769251 2
9 134774568 2.23789277425998
9 134799413 1.7634
9 134817336 0.984514699825304
9 134817437 2
9 134818625 2
9 134821710 2
9 134826478 2
9 134827047 0.552
9 134830324 0.0643382763339905
9 134847602 0.5406
9 134849451 0.921720528698879
9 134850781 0.4278
9 134864975 0.268428200950999
9 134870278 1.03722366401542
9 134870310 2
9 134873558 2
9 134874057 0.5549
9 134876793 2
9 134880220 0.558
9 134883003 2
9 134883979 2
9 134885525 2
9 134888741 2
9 134889067 2
9 134889424 2
9 134891276 0.342771374618479
9 134893553 2
9 134905834 5e-04
9 134908885 0.0507637701299748
9 134911511 0.193064239509924
9 134912514 0.74006317865768
9 134916159 0.46309823758096
9 134916581 0.872441666423569
9 134922507 0.0303367279732748
9 134935082 2
9 134935516 2
9 134944239 2
9 134947324 1.90944946213654
9 134947547 1.52058934559737
9 134960993 1.0499
9 134966572 2
9 134972209 2
9 134982153 0.8002
9 134986253 0.7384
9 134988486 0.6801
9 134991816 0.147
9 134992439 2e-04
9 135003579 0.4579
9 135012751 2
9 135035298 0.6176
9 135036940 0.567
9 135077105 0.860480234864142
9 135085119 0.24438926345889
9 135087737 2
9 135093269 0.816415466364697
9 135110250 0.4284
9 135115383 1.45787445184321
9 135120801 0.0894069940121986
9 135121768 2
9 135124605 1.64395777121057
9 135124811 0.730647615478815
9 135126499 0.2455
9 135127039 0.2455
9 135127533 2
9 135136831 0.4336
9 135145275 2
9 135146225 2
9 135153472 1.04722885288722
9 135178632 0.5648
9 135182401 0.3668
9 135184321 0.208804173817051
9 135189142 0.5949
9 135190130 2
9 135196617 3.122
9 135197933 1.024
9 135200795 0.8026
9 135202441 0.8077
9 135207584 1.7617
9 135208483 0.5006
9 135216263 0.9062
9 135219432 0.2411
9 135226046 2
9 135242503 0.2273
9 135243545 0.0945
9 135250382 1.7802
9 135253531 2.2073
9 135258656 2
9 135262124 2
9 135270750 0.179935380355762
9 135271673 1.37182304160828
9 135272192 0.9006
9 135273347 1.63718372967389
9 135279141 0.6681
9 135279222 0.580436170353827
9 135283147 0.5464
9 135285859 2
9 135294127 2
9 135305191 2
9 135307525 0.5919
9 135327049 0.7677
9 135349969 0.157917889418904
9 135350136 0.1599
9 135355064 2
9 135361610 2
9 135364103 0.9987
9 135375931 0.8864
9 135417109 0.422822095490885
9 135419839 0.8773
9 135424709 0.1689
9 135425173 0.4842
9 135426506 0.5041
9 135427459 0.5041
9 135430822 0.1942
9 135436639 1.53700428131886
9 135445239 2
9 135449910 0.4762
9 135456261 0.431160273512448
9 135462827 0.0112892375781123
9 135465590 1.3103834710144
9 135468167 1.68016179944094
9 135472755 1.03599213936353
9 135480543 2
9 135484803 2
9 135535157 2
9 135543970 2
9 135544603 0.450703646159433
9 135547531 2
9 135548778 2
9 135554128 2
9 135559337 5e-04
9 135565057 0.0078
9 135566415 0.0033
9 135576119 2
9 135576548 0.1839
9 135579083 2
9 135581907 0.265812101775214
9 135582698 0.6265
9 135612069 0.87542798770172
9 135622860 1.9426251860767
9 135631565 2
9 135636764 0.404515372156935
9 135642099 1.06980032480641
9 135649298 0.76147637926539
9 135652171 0.215457109390928
9 135660786 0.179232781469243
9 135670864 0.0529
9 135676232 0.0471
9 135680013 5e-04
9 135691361 2.5345
9 135691959 2
9 135695120 0.0471
9 135695121 0.0471
9 135698786 0.569195051617422
9 135702420 0.0391
9 135704403 0.0391
9 135714314 2
9 135715705 0.245115860624462
9 135727292 0.629779548306734
9 135729934 1.05468152557113
9 135731989 2
9 135733301 0.919787578234277
9 135741561 0.843320296017978
9 135764871 1.8433
9 135764992 0.7105
9 135766687 0.7105
9 135774103 2
9 135838366 0.589
9 135847863 0
9 135874478 0.2075
9 135925154 0.872
9 135926988 2
9 135931814 2
9 135939290 0.5596
9 135944849 0.90668102520367
9 135960368 2
9 135965904 1.94676497299576
9 135970920 0.3367
9 135989192 2
9 135997125 2
9 136001341 0.583414643692718
9 136004720 2
9 136007784 0.600883491696929
9 136033598 2
9 136035550 0.593092420152378
9 136043727 0.778154617631706
9 136051600 0.683609248503443
9 136057686 0.104785745579541
9 136064286 0.922824155445338
9 136071173 1.85780884245444
9 136072256 5e-04
9 136075422 0.180611989337044
9 136075628 0.505112287998244
9 136079665 0.294566347257033
9 136081979 1.0062869756465
9 136099968 2
9 136102065 2
9 136105739 0.658357475106001
9 136138198 0.7352
9 136143906 2.93936008425542
9 136145027 0.7228
9 136153982 0.5575
9 136159725 0.443126313521383
9 136160703 0.3792
9 136161432 0.0706725148298114
9 136165063 0.3506
9 136166511 0.152841318848451
9 136168063 2
9 136168284 2
9 136168513 2
9 136169153 2
9 136174689 2
9 136179709 2
9 136179814 2
9 136184849 2.1864
9 136185079 1.3313
9 136185741 1.8302
9 136188406 2
9 136197833 0.3944
9 136197872 0.3944
9 136199951 0.5442
9 136209724 0.869460700723517
9 136216033 0.186966568001755
9 136228835 1.18253291900471
9 136234247 1.12170652786707
9 136234749 0.1641
9 136241187 0.966643997612406
9 136264821 0.356281367658008
9 136276003 0.524837205519593
9 136276717 1.32810455451607
9 136280455 0.418621671896804
9 136281836 0.442891928003015
9 136281978 0.410375813332169
9 136283289 1.46763145433314
9 136285915 2.01278915010225
9 136296649 1.66406213259035
9 136298477 0.332156614840966
9 136309819 2
9 136311978 0.2019
9 136326420 0.818767059899414
9 136327776 2
9 136345448 1.0507
9 136347028 1.0507
9 136347412 1.0507
9 136351197 2
9 136352229 3.1204
9 136357493 0.1357
9 136362695 0.0802
9 136362970 1.05160180485083
9 136374683 0.0018
9 136386860 2
9 136390808 2
9 136401045 0.726830685585076
9 136407131 0.3412
9 136411234 1.18577295258876
9 136425017 2
9 136430228 0.7977
9 136434270 0.739
9 136443286 0.2485
9 136447160 2
9 136469087 2
9 136474229 1.4862
9 136476782 0.8858
9 136481510 0.7732
9 136489127 3.1278
9 136494732 1.2982879234542
9 136517167 1.4251
9 136519087 2
9 136523808 0.1012
9 136524699 1.4866
9 136534350 0.125407009793828
9 136535505 2
9 136557578 0.710053038678698
9 136571574 0.700794658619026
9 136579893 0.653321558656357
9 136598476 0.765238690487876
9 136606434 0.3267
9 136608119 0
9 136608319 2
9 136612314 2
9 136619086 2
9 136624005 0.278059393620129
9 136625034 1.70755272564968
9 136631439 1.04542895668447
9 136634741 2
9 136639707 0.507524478237248
9 136641280 0.0273
9 136653204 1.2350775645882
9 136653258 0.3464
9 136659271 0.1152
9 136659739 1.04181351210874
9 136660637 1.0439
9 136671240 0.0076
9 136671535 1.77094267989953
9 136675511 5e-04
9 136679525 1.50703793689698
9 136695056 0.660490409309861
9 136695160 0.277879878689594
9 136695940 0.872
9 136698892 0.492266795720549
9 136720660 0.3948
9 136726547 0.589
9 136727998 0.0210778156276326
9 136728414 0.2524
9 136737842 1.0074
9 136739281 1.0074
9 136752622 0.344270849840936
9 136758682 0.337762966906585
9 136759203 0.930680983233586
9 136765104 2.12365888218842
9 136768477 1.37441278312285
9 136768579 2.24759175049437
9 136770540 1e-04
9 136772115 0.457244840542656
9 136776077 0.233994307065467
9 136783106 0.8183
9 136784104 1.32817016517775
9 136785265 0.450346958662077
9 136788448 0.453073193772531
9 136799504 0.502632337840889
9 136803280 1.09295656162499
9 136808456 1.06053863644816
9 136840062 1.1195
9 136865589 0.271665592828972
9 136880120 0.568569701949319
9 136881482 1.40825461214445
9 136883586 0.265127409242517
9 136888840 0.309075293441627
9 136897973 0.119208205972652
9 136899879 0.716126858374614
9 136904365 0.625654119948399
9 136909822 0.683066078605775
9 136919242 0.175811728729888
9 136919403 0.779433780636823
9 136924396 0.3478
9 136927069 0.552235697524322
9 136930692 0.774982977495006
9 136948753 0.3551
9 136950052 0.172312800698151
9 136969280 0.0795
9 136971373 0.4917
9 136973274 0.0194
9 136976258 2
9 136981095 0.848597254917439
9 136982066 0.0725788894016419
9 137001062 2
9 137030054 1.1895
9 137039137 0.00461354667936215
9 137059328 0.258486846285925
9 137064840 1.72597961149762
9 137087753 0.414414147727511
9 137102549 2.27700696778808
9 137109469 0.5248
9 137111322 0.6907
9 137120202 0.370587711370973
9 137120902 1.4847
9 137136549 2
9 137143494 1.4745
9 137152230 2
9 137155084 1.4802
9 137180126 1.70319453478813
9 137183277 0.704570562436545
9 137191539 2
9 137208134 1.1612
9 137214463 0.378818505600679
9 137248932 1.24972972808566
9 137260393 1.04048108797561
9 137267518 0.00323439969480479
9 137287215 0.306011269292741
9 137342564 0.033
9 137350290 1e-04
9 137367974 0.287
9 137370643 0.0107
9 137390737 1.02099483989193
9 137392026 0.163910014276094
9 137394746 0.410651610558555
9 137398589 1.77720266582175
9 137411404 0.6679
9 137411454 2.9905
9 137425045 1.0042
9 137433595 2.4263
9 137434426 1.9968
9 137449558 1.8651
9 137451186 1.9629
9 137479695 1.4464
9 137495644 0.2947
9 137496141 1.80985631877878
9 137497685 0.2947
9 137503788 4e-04
9 137503817 0
9 137517967 5e-04
9 137518557 5e-04
9 137522265 5e-04
9 137529821 1.5635
9 137541986 1.5547
9 137563137 0.0107
9 137565336 2
9 137573336 5e-04
9 137669339 2
9 137689941 1.8331
9 137706235 2
9 137742937 0.714
9 137760826 2.2139
9 137774829 2
9 137781011 0.0108
9 137781074 0
9 137781111 1e-04
9 137795582 0.6919
9 137798329 1.0207
9 137800090 2
9 137842470 0
9 137843224 1.0263
9 137848019 0.5332
9 137848497 0.1704
9 137853031 0.0789
9 137857049 0.359336580163056
9 137857411 1.28
9 137858732 5e-04
9 137859158 0.110722172783315
9 137859944 0.0895
9 137861626 0.0937325965710367
9 137862373 0.8845
9 137864194 0.8845
9 137896112 2
9 137897521 1.0399
9 137933089 0.9376
9 137949148 0
9 137960245 5e-04
9 137978191 1.777
9 138000334 0.9376
9 138045960 0.743239339083108
9 138053745 0.237565638181121
9 138072381 2
9 138074662 0.8784
9 138104748 0.9371
9 138117072 0.1271
9 138132345 0.354680932419066
9 138134077 2
9 138136585 0.730072954028962
9 138139625 0.215739992549051
9 138142930 0.123416089609626
9 138142999 1.19079516895393
9 138148571 0.431530645241954
9 138149638 0.0263
9 138155904 2
9 138162847 0.18409211117113
9 138180609 0.0697
