chr pos logPval
8 205188 2
8 206653 2
8 214050 1.43695819418631
8 248581 0.0197041385821688
8 249547 1.55656150429264
8 250075 1.0557
8 256424 0.440358015077528
8 256820 0.1495
8 266184 5e-04
8 266914 2
8 267102 2
8 274184 0.14
8 277598 0.943675527558616
8 279234 0.1399
8 280019 0.1399
8 282920 0.0825324062480339
8 287671 0.714
8 290569 1.1401
8 296364 0.4964
8 331572 0.234634952477715
8 335665 0.344018417765771
8 346203 1.4911
8 381884 1.00307099399916
8 386032 2
8 387365 2
8 387367 2
8 388422 0.0658630224085008
8 388897 0.895985781379919
8 391898 2
8 395848 0.707329082083646
8 398540 0.086797474019595
8 402877 0.916359306740639
8 409037 0.981715912462175
8 413559 0.7846
8 413726 0.6509
8 414493 0.245040202751747
8 417137 1.21775888901379
8 435240 2
8 436300 1.69663496323025
8 440751 0.704473477356356
8 447209 1.17758050650001
8 450199 0.91953400294284
8 452692 0.311042207825174
8 454904 0.310234757445904
8 460640 0.9213
8 490678 0.5893
8 494130 1.66127926104126
8 499260 1.0894
8 504440 1.3909
8 506925 0.5994
8 511915 1.4472
8 521412 0.317
8 523071 0.5893
8 526914 0.3113
8 533218 2.51325571859461
8 551306 1.3572
8 556821 0.2649
8 572396 2
8 575112 0.8779
8 578063 2
8 579599 0.444791150813977
8 579965 2
8 581882 0.7162
8 584103 1.34791901370678
8 587556 2
8 588263 0.7237
8 588494 0.447359485329083
8 598788 0.823526500232846
8 612257 0.6508
8 613646 0.1919
8 626430 1.2495
8 630564 0.27411000305501
8 634642 2
8 638596 0.6697
8 638861 0.6697
8 639776 1.2186
8 639783 2
8 650729 0.0872281878602738
8 655791 2
8 655960 1.364
8 658993 2
8 662890 1.1615
8 664111 2
8 665117 2
8 665704 0.6327
8 666484 0.567795646359246
8 668728 2
8 671700 1.8361
8 676897 2.7838
8 683123 2
8 685274 0.3298
8 688867 0.6151
8 693831 2
8 695142 2
8 696291 1e-04
8 699812 0
8 723561 0.7587
8 726764 2
8 726888 1.0002
8 760588 1.6212
8 763564 0.1308
8 767960 2
8 777630 0.0899566416325958
8 782332 0.240754607811144
8 784736 1.1794
8 785878 0.2485
8 787551 0.738852236987477
8 794067 1.1794
8 796417 1.57731965728288
8 799020 1.2021
8 800948 0.654750506412731
8 801990 0.3992
8 802178 2e-04
8 803590 0.300186044107337
8 805788 0.9376
8 808307 1.4023
8 811737 0.565217992128966
8 815944 0.580684347671033
8 815965 1.0998
8 826124 1.76298026117593
8 830266 0.8775
8 837241 0.621721732014043
8 842630 0.5893
8 847895 1.51598367519277
8 849627 0.109704829314284
8 858573 2.70375607645067
8 861180 0.230160468245805
8 862636 0.283120486355709
8 871935 1.846
8 880153 2
8 882292 0.607061549734933
8 887554 0.0574
8 888419 0.6743
8 894773 0
8 895681 1.1662
8 904436 1.2154
8 906874 0.802038085601948
8 924567 1.4466
8 927112 0.115179692696198
8 929180 6e-04
8 946413 1.2751
8 952621 0.435
8 954179 1.05272690717126
8 968056 0.561972282367391
8 979794 1.2259
8 985105 0.3724
8 989606 0.815734642917248
8 990417 5e-04
8 990421 0.0252
8 993495 0.463193633194988
8 996529 2
8 1000784 1.2796
8 1012525 2
8 1012858 0.2912
8 1031503 0.114013955720717
8 1031730 2
8 1039034 2
8 1039635 0.0088
8 1039654 5e-04
8 1040700 2
8 1041290 0.2753
8 1042829 5e-04
8 1043946 1.32913908989048
8 1062045 0.3075
8 1066383 0.2599
8 1070625 0.0114902267797199
8 1076697 0.2912
8 1077964 0.2753
8 1088987 2
8 1090250 0.915890460355626
8 1093301 0.0264
8 1101152 2.4916
8 1113131 0.8268
8 1129401 0.273364671188879
8 1135374 2
8 1145461 2
8 1157048 0.0681
8 1171922 2.44647112127303
8 1173047 0.2739
8 1174916 0.7237
8 1176597 0.647811526924853
8 1178558 0.12
8 1187595 0.7162
8 1188140 0.0078
8 1191225 2
8 1192846 0.5705
8 1193930 0.5972
8 1201109 0.5619
8 1203336 2
8 1203413 2
8 1204901 2
8 1207083 2
8 1208693 2
8 1211954 2
8 1224072 2
8 1227913 2
8 1233650 0.121
8 1233843 2
8 1234624 0.0895
8 1242943 0.8682
8 1249941 0.121
8 1250198 0.1144
8 1250365 0.0994
8 1259510 0.439609060901279
8 1267606 1.2215053769535
8 1267620 2
8 1268733 2
8 1276437 2
8 1277513 0.319711322378454
8 1283699 2
8 1287729 5e-04
8 1294883 2
8 1300141 1.07294839100278
8 1302392 0.7791
8 1302399 0.85962877501853
8 1306099 2
8 1308314 2
8 1312729 1.10660463063516
8 1314313 2
8 1314318 0.270801821257623
8 1316149 0.635865331841699
8 1316284 1.2917
8 1316685 0.00387068462370262
8 1318092 6e-04
8 1329869 1.5712
8 1330791 1.8313
8 1337441 0.736989951655773
8 1338206 0.7065
8 1340102 1.01963951824478
8 1344209 0.895641183926774
8 1346103 0.5251
8 1349578 0.530193314955836
8 1350319 0.501310327287652
8 1350396 0.0078
8 1358534 0.171890522672422
8 1360311 2
8 1367967 0.101033166442398
8 1370638 1.13399865480766
8 1376071 5e-04
8 1392781 2
8 1410869 2
8 1411262 2
8 1413746 2
8 1417167 6e-04
8 1417643 2
8 1419489 0.280788651078447
8 1426230 0.781306886067877
8 1430136 2
8 1430337 2.38333387144058
8 1431458 0.12040440094517
8 1432164 1.78825422302922
8 1459087 1.07554449813847
8 1459730 1.7525353784233
8 1462504 0.934074155936855
8 1467352 2.859
8 1470040 0.0485149416236432
8 1470799 0.48876545147302
8 1471597 0.729940379439949
8 1491869 1.0257
8 1492585 2.0836
8 1506428 0.419717897142136
8 1508470 5e-04
8 1510794 0.785099117982743
8 1513001 0.5639
8 1515769 2.03903925724017
8 1531462 0.402060700371449
8 1547417 1.49461851211601
8 1548199 1.64057176191367
8 1556646 2
8 1557017 2
8 1559355 2
8 1565843 2
8 1569545 0.7028
8 1577042 0.7458
8 1591689 0.101704618946715
8 1591820 0.0654257663225843
8 1591917 0.589331884126346
8 1597832 0.6044
8 1598111 0.342770982861716
8 1626258 2
8 1640059 0.7184
8 1644243 2
8 1644391 2
8 1646141 0.736
8 1652449 2
8 1652535 0.736
8 1658763 2
8 1659488 2
8 1665483 1.5746
8 1677873 0.588
8 1680557 0.7314
8 1690254 1.2233
8 1697688 0.256690073114508
8 1702205 0.597459766989434
8 1702362 1.1433
8 1726526 2
8 1727090 2
8 1737047 0.9247
8 1744796 0.1452
8 1752652 0.1884
8 1752977 2.13
8 1759878 0.2441
8 1761106 0.2441
8 1763723 0.4221
8 1776141 2
8 1783689 0.7181
8 1798751 0.399441756994792
8 1800179 0.166465586650718
8 1800401 1.06511873496867
8 1808856 0.089
8 1812052 2
8 1815907 1.84092610780242
8 1816777 2
8 1824974 1e-04
8 1825314 1e-04
8 1832631 0.0255
8 1832954 0.0255
8 1833960 2.5352
8 1836050 2
8 1838544 0.1195
8 1841022 0.245514011754002
8 1841632 2.2627
8 1841810 2.8174
8 1841974 0.5553
8 1844114 0.386434445297972
8 1844545 2
8 1851513 2
8 1852031 0.272663329420796
8 1854545 2.43755537842656
8 1855031 2
8 1855446 2
8 1857722 2
8 1859689 0.884938262330458
8 1860357 1.972
8 1869524 2
8 1871758 2
8 1873326 2
8 1873864 2
8 1880641 2
8 1886800 0.965
8 1887720 0.3891
8 1893047 2
8 1902831 0.448263841797356
8 1908756 0.8628
8 1909483 0.7335
8 1919917 0.932370819962963
8 1922790 2
8 1949383 1.24888567525776
8 1950205 0.0453
8 1950349 0.254673972643334
8 1955040 1e-04
8 1969095 0
8 1970186 0.172299471308944
8 1972994 0.0641759913571925
8 1975478 0.866570656194815
8 1978663 1.4475
8 1979410 0.0983480787908438
8 1983224 2
8 1983774 1.69325307126882
8 1983881 1.03999494417522
8 1991323 2
8 1991438 2
8 2007988 2
8 2010902 2
8 2029600 2.24349735232848
8 2032473 1e-04
8 2049511 0.874952059832449
8 2056407 0.420975113117399
8 2062641 0.443235365370123
8 2063095 1.29173618607089
8 2072742 0.0222
8 2080444 1.29327344409249
8 2080956 0.0897
8 2082395 0.512032776322089
8 2083428 1.46467918147781
8 2085553 0.895239177024604
8 2085572 5e-04
8 2086232 5e-04
8 2086312 3e-04
8 2088956 0.0078
8 2092587 2.2137748736042
8 2096586 0.0143474534444672
8 2098480 0.249730122718582
8 2099050 0.518506208355729
8 2103889 2
8 2107923 0.421129814175504
8 2126829 0.2804
8 2131551 2
8 2133970 1.87707703434892
8 2140973 0.852140969552985
8 2152777 2.9907
8 2153050 2.9907
8 2158698 1.0789
8 2162267 0.162913216253798
8 2162379 0.0078
8 2171566 2
8 2173171 2.9898
8 2182030 2
8 2186855 1.2866
8 2187235 5e-04
8 2187813 2
8 2188210 1.2751
8 2191304 0.324736092342624
8 2215859 2
8 2225800 1.10309511628751
8 2345598 0.82935276371824
8 2348465 1.31100095269254
8 2355807 2
8 2369556 0.718414280795859
8 2371196 1.17698784375763
8 2377286 0.34654834401105
8 2378457 2.15178564079395
8 2385641 4e-04
8 2468806 0.342419993549348
8 2475196 5e-04
8 2485522 0.216994244204043
8 2489135 2
8 2491910 2.0924
8 2495091 1.55962084494532
8 2496529 0.000201452460459189
8 2513769 1.71640399646402
8 2520377 2
8 2522322 2.1915
8 2529174 2
8 2532734 2
8 2539469 1.19140031569935
8 2558274 0.726429928517969
8 2568593 2
8 2574964 2
8 2592883 8e-04
8 2605475 2
8 2621954 0.00340818086103474
8 2626230 0.24573563824417
8 2626900 0.348871313103863
8 2626976 0.616240152300448
8 2629405 0.580791501923167
8 2636419 2
8 2637799 0.0710778872597703
8 2638938 0.417397831106302
8 2638948 0.0938606868758563
8 2647279 0.731587272025013
8 2659075 2
8 2659106 0.48330388740591
8 2661754 1.04339948616594
8 2664526 0.0088
8 2676843 0.0088
8 2678904 0.7433
8 2685492 0.0088
8 2689479 5e-04
8 2693300 0.5811
8 2694274 1.0131
8 2694900 3.1176
8 2702158 1.0126
8 2703877 1.0126
8 2711141 0.4558
8 2716535 0.3367
8 2723217 2
8 2728924 0.0076
8 2745346 0.588
8 2752928 1.17845538186324
8 2755684 0.832638699442678
8 2756673 1.25537399971375
8 2777361 2
8 2781728 1.28
8 2783424 2
8 2783985 2
8 2788065 2
8 2797815 0.572732241691654
8 2811996 2
8 2814100 2
8 2821916 1.0016
8 2822733 2
8 2829420 0.93532120203247
8 2847656 0.350015498016515
8 2856726 0.77967925389055
8 2860835 1.5964010154
8 2863519 1.1662
8 2865038 2
8 2882904 0.2835
8 2883850 2
8 2886750 1.74636875668273
8 2891346 1.7634
8 2910512 2
8 2917710 2
8 2918273 2
8 2925661 0.261448015623362
8 2947404 1.5829983363224
8 2949097 2
8 2949677 2
8 2954186 2
8 2974863 0.0997
8 2974972 2
8 2981119 0.0997
8 2982942 1.4439
8 2983062 1.6243
8 2987063 0.1062
8 2995188 1.6243
8 3014204 0.1102
8 3032129 2
8 3033116 0.4326
8 3034603 0.4326
8 3037245 2
8 3039293 0.8148
8 3044037 2
8 3049572 2
8 3049863 2
8 3052158 2
8 3055007 0.1584
8 3055157 0.8115
8 3057146 2
8 3059063 0.797
8 3061937 2
8 3065657 0.0056
8 3066716 0.127191197317945
8 3069585 0.880026405194826
8 3073575 2
8 3075136 2
8 3077336 2
8 3083428 0.654901776501346
8 3088547 2
8 3088728 2
8 3092902 2.868
8 3093855 2
8 3100318 2
8 3100676 0.7833
8 3103948 0.8216
8 3105268 2
8 3107687 0.0165
8 3108550 0.0165
8 3110087 0.0807258721400459
8 3119404 5e-04
8 3141492 2
8 3188686 0.1632
8 3190529 0.0276
8 3195656 2
8 3196470 1.34100703982103
8 3197623 2
8 3200626 0.4992
8 3202944 0.610177967684016
8 3211165 2
8 3212652 2
8 3220277 1.3918
8 3220451 2
8 3226694 2
8 3237651 5e-04
8 3238004 2
8 3238284 1.596
8 3238378 2
8 3238468 0.0577
8 3238494 1.596
8 3239376 2
8 3241335 1.0861
8 3241973 0.0076
8 3242076 0.1203
8 3242094 0.0076
8 3244062 0.0461
8 3248622 0.8443
8 3254772 2
8 3260991 0.328585444558162
8 3263164 2
8 3269289 0.363
8 3273121 2
8 3273136 2
8 3273238 2
8 3275163 2
8 3275961 2
8 3276297 2
8 3276366 2
8 3276995 2
8 3278322 2
8 3282824 0.1426
8 3283439 0.1426
8 3298635 0.9056
8 3306497 0.720382153140949
8 3307416 5e-04
8 3311051 0.0386
8 3311778 1.08002864989949
8 3313659 0.9265
8 3316535 1.18869068295164
8 3321199 2
8 3321593 0.7034
8 3323597 2
8 3324124 2
8 3324540 0.8195
8 3325210 0
8 3326364 2
8 3330455 2
8 3339287 2.26081235838984
8 3354855 1.5191
8 3362448 2
8 3363796 2
8 3364619 2
8 3366713 2
8 3370045 2
8 3371445 0.266496647923849
8 3372125 2
8 3385445 1.7393
8 3391234 0.596437188448736
8 3394017 1e-04
8 3397051 2.07300667424924
8 3404559 0.6819
8 3406236 0.4011
8 3412731 0.19843587794366
8 3420793 0.4213
8 3420991 1.6999
8 3429525 2
8 3433545 0.739861280233241
8 3433957 0.887
8 3436147 0.6452
8 3436429 0.887213831884319
8 3436630 0.2574
8 3439044 2
8 3440961 1.5248
8 3441789 1.3043
8 3442494 1.5191
8 3445193 0.29209513461572
8 3447340 1.32871861517676
8 3448133 1.5306
8 3450858 0.3682
8 3455121 2
8 3460591 0.419537108981328
8 3462723 0.852647702468475
8 3463805 0.413928178689021
8 3467471 2
8 3471662 0.967851516108992
8 3474593 0.53491797257236
8 3477230 2
8 3477328 2
8 3478197 2
8 3482323 2
8 3482741 2
8 3485560 2
8 3486371 2
8 3493211 1.1712
8 3503692 0.1033
8 3503840 0.7425
8 3509296 2
8 3511250 0.4671
8 3552725 2
8 3558163 0.831
8 3560035 2
8 3561985 0.0752
8 3565626 1.49304001581354
8 3566485 1.14140497828639
8 3567466 0.7086
8 3567929 0.7344
8 3568814 0.7344
8 3577625 0.0270619251490114
8 3580047 0.245013263645834
8 3581431 0.9358
8 3583056 0.716315999045471
8 3588194 0.103830202934736
8 3595346 2
8 3597358 2
8 3602867 2
8 3608883 2
8 3612178 0.0807
8 3620976 2
8 3621720 2
8 3629350 2
8 3629988 2
8 3630246 0.1699
8 3630751 0.1266
8 3631498 2
8 3634909 2
8 3636197 2
8 3636585 2
8 3636629 0.294
8 3637704 2
8 3638127 2
8 3646911 2
8 3650312 0.094917758641892
8 3652839 1.21916910341372
8 3654665 0.0391
8 3657648 0.0887808587527434
8 3661546 1.97679410488076
8 3670167 1.0304224137546
8 3671000 0.619547946254164
8 3671691 1.67503193156269
8 3674060 1.32894980858078
8 3680483 2
8 3684180 0.873
8 3688044 1.33352972161909
8 3693798 2
8 3695813 0.6292
8 3700528 0.0333
8 3703951 0.0333
8 3705729 0.9124
8 3710659 0.6795
8 3710694 0.924
8 3711745 0.924
8 3713281 0.924
8 3713750 0.924
8 3715851 1.0177
8 3717268 0.906
8 3719373 1.0574
8 3722502 2
8 3725955 2
8 3727036 2
8 3728195 2
8 3732468 1.17170459372182
8 3733565 0.7894
8 3739571 0.872
8 3739999 0
8 3741036 0
8 3747433 0.513287596473294
8 3752173 0.9217
8 3756707 0.9239
8 3761275 0.944
8 3761334 0.944
8 3765024 0.46905801722069
8 3767234 1.49811559778291
8 3767762 0.704895356815566
8 3767885 0.120760432739609
8 3769629 1.68033609551348
8 3771083 0.516139833196294
8 3772414 1.25578680446092
8 3772450 1e-04
8 3780770 1.79989161895432
8 3783137 1.4544
8 3788281 0.693802963686922
8 3789442 5e-04
8 3790929 0.943587193674412
8 3792069 0.6021
8 3794227 0
8 3795107 0.209448030465358
8 3797835 2
8 3803077 0.399213144140752
8 3804977 2
8 3805949 0.15515328478899
8 3820369 2
8 3825416 1.19576256011232
8 3826636 2
8 3828837 2
8 3829028 0.0527
8 3829270 2
8 3829422 2
8 3830290 1.45102729429003
8 3834832 0.8685
8 3838905 0.1598
8 3841918 1.0133
8 3845557 2
8 3848771 1.0432
8 3853512 0.8716
8 3860328 0.8179
8 3867257 2.2967
8 3868024 2.1546
8 3873839 0.6475
8 3888157 1.793
8 3889027 0.2542
8 3889112 2.6444
8 3889286 0.084
8 3891548 0.0731
8 3891688 0.2692
8 3894976 0.597
8 3896258 1.1532
8 3898362 0.0223
8 3899122 0.3069
8 3900275 0.1356
8 3900870 2
8 3909430 1.09449903371011
8 3909709 0.949366995601367
8 3920491 0.313423056893373
8 3920747 0.0263
8 3926936 0.7139
8 3929301 2
8 3933031 2
8 3936354 2
8 3936629 0.7109
8 3937239 0.6526
8 3937865 0.826377712318581
8 3940889 2
8 3950385 2
8 3952266 1.1221
8 3958846 0.6976
8 3959980 2
8 3960633 8e-04
8 3966994 2
8 3971668 2
8 3973861 0.7604
8 3975485 2
8 3979216 0.7604
8 3980305 1.5306
8 3982160 1.07379997520375
8 3982190 0.002
8 3983591 1.21830073195413
8 3986726 0.713963248075364
8 3989216 0.340200768895535
8 3990780 2
8 3991836 2.0617
8 3992723 0.5046
8 3994567 0.124396155915592
8 3996186 2
8 3999113 0.044954196731072
8 4005163 0.447135104567105
8 4009726 1.65254652393768
8 4012024 2
8 4012846 0.710937486093696
8 4017011 1.2808
8 4019970 2.161
8 4022664 2
8 4023342 0.809242266033305
8 4024681 2
8 4027208 0.348279058350158
8 4027878 2
8 4030910 0.58945366641416
8 4034936 0.721707267529752
8 4036246 0.394164480736765
8 4038958 0.595958710663088
8 4040202 0.0208738336098296
8 4043952 2
8 4046666 2
8 4049619 0.0909
8 4051891 2
8 4051911 0.0432486580592732
8 4054935 0.093
8 4058013 1.07454422137475
8 4058392 0.0584
8 4063143 2
8 4074559 1.14666968701673
8 4075619 0.626584569460521
8 4084789 0.8635
8 4088981 0.305951223987604
8 4089328 0.435554916693014
8 4097159 0.9801
8 4105580 0.223006787860302
8 4111615 2
8 4113309 0.846175896726334
8 4114662 1.75312605305396
8 4114852 1.03296054697028
8 4115561 1.02561713890665
8 4117318 2
8 4118410 0.7757
8 4120836 0
8 4127068 1.2495
8 4127550 2
8 4128337 0
8 4128988 2
8 4130421 1.2495
8 4131786 1.2495
8 4133219 2
8 4135239 1.21114552215624
8 4138089 2
8 4141240 2
8 4141293 2
8 4141777 2
8 4142665 2
8 4144453 2
8 4145322 2
8 4148538 0.222607112910972
8 4157697 2
8 4168927 1.8382
8 4170376 0.9482
8 4170467 0.323853197138795
8 4173093 0.306849622254449
8 4176577 0.7757
8 4179553 0.485868868594158
8 4182936 1.3531
8 4182998 0.000824677275461954
8 4184177 1.01907540172497
8 4185967 0
8 4187502 0.609426402108691
8 4188461 2
8 4189054 0.978548185079636
8 4190601 1.0316016367053
8 4190664 0.25813534547911
8 4193188 0.481607894387658
8 4197985 0.0919630960816791
8 4202095 0.479501655063167
8 4202154 0.672546570591984
8 4202459 0.07373170422704
8 4209309 0.207391204798418
8 4215507 5e-04
8 4216823 0
8 4222622 0.813946461255279
8 4225807 1.45469097362952
8 4239618 0.0314
8 4244537 0
8 4245608 0.1173
8 4254736 0.1095
8 4267578 1.5605
8 4272772 0.588
8 4276240 2
8 4279539 1.5547
8 4283786 5e-04
8 4284229 0.588
8 4295230 0.5995
8 4295756 4e-04
8 4295849 0.9313
8 4301269 2.09601977632377
8 4302562 1.77593092666347
8 4304367 2
8 4305062 5e-04
8 4305340 2
8 4308724 2
8 4309169 2
8 4309607 2
8 4310368 2
8 4311761 2
8 4312450 2
8 4312995 2
8 4320517 1.0346
8 4323492 0.546051596771062
8 4323753 2
8 4324239 0.1444
8 4325514 2
8 4330717 1.0788
8 4331310 2
8 4331369 0.116597730616426
8 4337765 2
8 4349760 1.62835643598233
8 4356657 1.14509411181012
8 4364908 0.4342
8 4367371 0.696787524245437
8 4387009 1.33885585353228
8 4427828 0.678633100673413
8 4430244 0.452532760917494
8 4442736 0.5417
8 4444813 2
8 4445757 2
8 4445896 2
8 4447388 2.1807
8 4452363 0.296520566694237
8 4454033 2
8 4455366 1.5210059828206
8 4469560 0.6104
8 4479128 0.262585818465093
8 4482162 0.705421661200472
8 4489116 0.00401448487905311
8 4500314 2.9933
8 4511023 1.0188
8 4525397 2
8 4529927 0.2576
8 4532462 0.0781885201124834
8 4535131 2
8 4535442 1.02981243350358
8 4542383 0.5264
8 4542811 0.255633295075908
8 4544430 1.2545
8 4545522 1.5076
8 4550127 0.0615500157701187
8 4552992 1.09456501614268
8 4554647 0.1372
8 4555760 0.452741130652834
8 4565571 0.506886379916824
8 4568785 0.296596628108349
8 4569407 1.56232622378485
8 4571088 0.314063017435022
8 4573275 1.80486616788147
8 4582987 0.4684
8 4584047 0.2224
8 4584258 0.0930434437015369
8 4595204 0.0053
8 4597485 2
8 4604436 0.0274
8 4614678 0.556790411166748
8 4614772 1.72591946706688
8 4619348 0.85091940584568
8 4624459 1.3205
8 4625006 2.27764833816993
8 4628562 2.3847
8 4628924 0.449420482876359
8 4631942 1.3635
8 4633918 0.101380670720502
8 4635531 0.60309299628791
8 4656166 2
8 4657576 2
8 4679295 2
8 4689207 0.929673481336616
8 4692936 2
8 4693530 0.166635662370351
8 4704022 2
8 4709075 2
8 4712351 0.4853
8 4726936 2
8 4728135 0.769126588341983
8 4730997 0.397988878001848
8 4731415 0.991725464585016
8 4732609 2
8 4748140 2
8 4748749 0.2841
8 4750209 2
8 4751110 0.1475
8 4751762 2
8 4756386 2
8 4765634 2
8 4767755 2
8 4768723 2
8 4769675 2
8 4784052 2
8 4837885 2
8 4851188 2
8 4869940 2.1803
8 4876089 0.0684
8 4892788 2
8 4900428 0.6462
8 4902498 2
8 4906121 2
8 4906246 2
8 4908848 2
8 4909319 2
8 4912118 0.4565
8 4913266 2
8 4922959 2
8 4928176 2
8 4930938 2.27669311053392
8 4933708 2
8 4934489 2
8 4935779 2
8 4937312 0.5543
8 4938904 0.5818
8 4938953 0.5818
8 4939810 2
8 4941533 2
8 4942245 2
8 4948014 2
8 4950112 2
8 4952275 0.1435
8 4952313 0.438013322184342
8 4952794 0.308523994168818
8 4953576 0.273164368758816
8 4954431 0.5138
8 4958841 0.2037
8 4960070 2
8 4962114 2
8 4966311 1.1191
8 4966586 1.47552785439731
8 4969600 1.31390665943004
8 4976268 0.456789083479893
8 4978680 0.877896234993005
8 4980776 2
8 4982479 2
8 4985366 2
8 4990624 0.168402456703922
8 5001876 2
8 5010013 0.791549378505174
8 5012738 0.350023591074705
8 5016684 0.7039
8 5027441 0.855755582866765
8 5027993 0.1484
8 5028241 1.82588697883249
8 5043938 0.700850208171625
8 5045024 2.09914998827819
8 5045032 0.470446641382971
8 5045243 0.895597569545532
8 5048263 1.20501880919525
8 5052320 0.710656831616437
8 5065858 2
8 5071949 0.3217
8 5072374 1.64641479537065
8 5076336 2.10521299382366
8 5081907 0.978764490618574
8 5094088 0.623991519650568
8 5095942 2.9933
8 5104377 0.6336
8 5111004 1.0529
8 5116673 1.24338016554816
8 5118066 0.742083987895742
8 5120806 0.472953028283967
8 5121160 2.1724735205975
8 5125466 1.06668124670924
8 5132357 0.198862766448211
8 5136421 2
8 5140034 1.0844
8 5142948 1.14345127229173
8 5152638 0.5132
8 5154290 0.5159
8 5154589 0.5159
8 5156381 0.5159
8 5157285 0.5493
8 5157747 0.663474363633463
8 5161534 0.5159
8 5164916 0.5321
8 5166013 2
8 5175134 2
8 5178346 1.00711905734126
8 5185951 1.0917291678326
8 5215333 1.34434898761887
8 5216952 2
8 5222019 0.7765
8 5225495 0.6908
8 5228419 0.3269
8 5243658 2.4925
8 5245001 0.246450584717442
8 5246172 0.788225152934523
8 5246269 0.156050883993284
8 5246465 0.0218576212807584
8 5261844 2
8 5265804 0.293543293178492
8 5276747 0.366990381400178
8 5278271 0.354871680885903
8 5279650 0.441788979580913
8 5287891 2
8 5291196 0.5407
8 5292974 0.5349
8 5293600 0.5349
8 5293660 0.5407
8 5294457 0.5349
8 5297142 0.5572
8 5299264 0.5572
8 5299539 0.532
8 5300020 0.5572
8 5300680 0.5323
8 5301736 0.5572
8 5302161 0.5572
8 5302673 0.532
8 5307719 0
8 5307841 2
8 5311727 2.5343
8 5314724 1.3572
8 5320617 1.4115
8 5320683 0.803003612942559
8 5321374 1.0798
8 5322384 1.4032
8 5322771 1.4032
8 5323964 1.4032
8 5324334 1.395
8 5326449 1.305
8 5332249 2
8 5332846 2.8872
8 5342015 2
8 5346044 2
8 5357305 0.158775211035737
8 5360073 1.9629
8 5362341 1.9814
8 5367333 2
8 5367990 0.412825079519586
8 5368999 1.4032
8 5371374 0.749813053677949
8 5375020 0
8 5384151 2.22593463111653
8 5384437 0.182181969547801
8 5385577 0.611524887105479
8 5393325 0.450948766674585
8 5393540 0.396093595501596
8 5395528 0.385625773280496
8 5395857 0.120818450278805
8 5419372 1.15356621087295
8 5432140 0.453435796058244
8 5433404 1.4876194796942
8 5437023 1.37760386901675
8 5438322 0.523301634701278
8 5439367 1.1699
8 5443067 1.55951320902062
8 5445567 1.38062989426264
8 5458861 0.343473665768606
8 5461987 0.364531095356769
8 5467686 5e-04
8 5469380 2.6443
8 5479048 0
8 5485336 0.572
8 5492003 1.29010821904081
8 5494443 2.67702812537693
8 5500361 0.8332
8 5511006 2
8 5513417 0.302140344214975
8 5516516 0.959531284502075
8 5519204 2
8 5525128 2
8 5533401 1.0009302219974
8 5533670 1.5667
8 5536104 2
8 5538363 2
8 5538522 1.2126
8 5538677 2
8 5546516 2
8 5548669 0.663197757884937
8 5550378 0.651817486575083
8 5552162 2
8 5554944 0.119313628596192
8 5561425 2
8 5564722 2
8 5577738 0.0202167619876046
8 5578340 1.25855728156313
8 5603233 2
8 5605135 0.83388482847014
8 5610021 0.460642766545124
8 5611933 2
8 5616847 2
8 5618640 2
8 5621015 2
8 5622112 0.540753322763374
8 5622589 2
8 5623288 2
8 5628760 2
8 5633690 2
8 5638148 1.83888844571316
8 5641720 0.0266
8 5641852 0.594123264705395
8 5645811 1.19485768213823
8 5647688 0.0208247133104439
8 5648756 1.9922
8 5648786 1.9922
8 5649000 1.5935141256859
8 5653928 2
8 5655866 2
8 5660481 2
8 5666547 1.8599
8 5673249 1.3261
8 5674386 0.282562529975333
8 5676141 2
8 5677327 2
8 5677782 2
8 5678307 1.62254034918152
8 5680040 1.3365
8 5682918 0.708868466318954
8 5683697 2
8 5698679 0.918407587057814
8 5705595 2
8 5706480 2
8 5706556 2
8 5706845 2
8 5712583 2
8 5714530 2
8 5717473 0.385944116132925
8 5717885 0.93152560840369
8 5718706 2
8 5735148 0
8 5736157 0.367
8 5736166 2
8 5736846 0
8 5737309 2e-04
8 5737343 0
8 5740464 2
8 5743485 2
8 5746778 0.753098761945651
8 5747222 0.250570429309118
8 5749285 1.22244462341359
8 5752157 0.25535363865262
8 5755010 0.764311283728449
8 5756620 2.978
8 5758647 0.44510950311722
8 5763959 0.24946138242007
8 5766274 0.364225309735813
8 5766441 1.22946112639044
8 5768320 0.4467
8 5780915 2
8 5784254 2.4091
8 5785171 0.9649
8 5790212 1.1809
8 5792029 0.856740604175199
8 5803384 1.11652066756645
8 5803612 1.3148
8 5806462 1.52824324897235
8 5809243 1.2465
8 5809685 3.01255796717425
8 5813091 0.379859147997547
8 5823111 0.1537
8 5823815 0.990542393495842
8 5834327 0.5268
8 5835198 1.51438272983762
8 5836077 0.0273
8 5845072 0.897231943146407
8 5849259 1.6347
8 5850074 1.63970121252708
8 5852953 1.27100554258639
8 5866379 0.685126006384309
8 5867572 2.3643669180024
8 5871379 0.37149809873004
8 5873525 2.55114534338556
8 5873600 0.653839698598171
8 5876413 1.82347320771405
8 5879953 1.6039
8 5879996 0.276879471164405
8 5892755 1.09928886075391
8 5893393 0.0897363738636859
8 5900612 0.6194
8 5900962 0.87528948656547
8 5913717 1.3777496549169
8 5919134 1.48620648747052
8 5920479 1.18442364846106
8 5922313 0.0215308272364762
8 5923936 2
8 5924855 0.895198898868117
8 5930328 2
8 5932020 2
8 5933015 2
8 5934861 2
8 5938375 2
8 5944552 2
8 5946038 2
8 5951910 2
8 5953775 2
8 5957952 2
8 5959554 2
8 5962044 2
8 5962819 2
8 5966767 0.291
8 5968955 0.6922
8 5970526 2
8 5973426 0.67815422333767
8 5989612 1.4098
8 5989619 0.546084725867031
8 5992947 0.906798636193307
8 5993891 0.477981423326152
8 5994520 0.308819952002788
8 6000699 0.1649
8 6001012 0.1649
8 6002621 0.1649
8 6003549 0.1649
8 6004044 0.1649
8 6009039 0.6735
8 6012062 0.1817
8 6012826 0.1578
8 6015322 0.8936
8 6015885 0.580105975738011
8 6015947 0.8818
8 6018500 2.3651
8 6020703 0.846548587294016
8 6025299 0.578194610889038
8 6028158 1.0183
8 6030460 0
8 6036699 0.926831392146759
8 6040079 5e-04
8 6044051 0.555532343101806
8 6052771 0.833958616749762
8 6054177 0.0282053441656283
8 6054611 2
8 6056556 1.2161
8 6062884 0.625096831501025
8 6063715 0.111307483569078
8 6066193 0.00585179247712093
8 6067887 0
8 6082450 0.00435914305651875
8 6083589 1.3715
8 6083720 1.3046
8 6084897 0.115554836274736
8 6084955 0.64869650023297
8 6086600 0.636917912744907
8 6093123 1.5361261181154
8 6093242 1.65752020372402
8 6095363 1.3715
8 6104753 0.516754710206842
8 6109559 0.511895806313394
8 6112742 0
8 6113472 3.0788
8 6113732 5e-04
8 6117009 0.404430833034711
8 6118364 1.2233
8 6124334 1.24398224783168
8 6135438 0.5032
8 6135650 0.5032
8 6136368 0.5032
8 6137537 2
8 6140061 0.023
8 6145209 0.558633059941735
8 6145946 0.234806945146884
8 6146610 0.821913318017227
8 6149041 1.64897524773996
8 6149050 1.36735856744754
8 6152067 1.614
8 6153011 0.153825340700985
8 6153260 0.0290151742431894
8 6154841 0.854730444646237
8 6158476 1.69234885493639
8 6160148 2
8 6161648 2
8 6167129 2
8 6167208 0.0273
8 6175236 0.187649061502339
8 6176024 2
8 6176939 2
8 6179092 1.5744
8 6182265 0
8 6183806 0.299677296612842
8 6185760 2
8 6187310 0.0630580394445932
8 6193231 2
8 6196367 2
8 6203649 2.30565516957997
8 6206898 2
8 6213046 0.2171
8 6216653 0.288404923677672
8 6220641 0.0212
8 6227444 0.8737
8 6229028 0.0584
8 6229881 2
8 6231547 2
8 6232018 2
8 6234309 2
8 6234580 2
8 6237861 2
8 6238406 2
8 6240012 0.8903
8 6241054 0.8737
8 6246894 0.0201
8 6247524 0.0106
8 6251012 0.038
8 6252088 1.4178
8 6253001 1.7393
8 6257689 2
8 6257838 2
8 6258268 0.936235227526969
8 6259157 0.446315430107834
8 6259164 5e-04
8 6259934 1.1031658586541
8 6262905 1.58873436769187
8 6265616 0.5631
8 6269801 0.541865833635701
8 6273454 2
8 6283524 2
8 6283529 0.0027
8 6296436 1.37870563963969
8 6297410 0.0072
8 6302398 2
8 6307039 0.0447
8 6309471 0.0822
8 6313626 0.728725375140179
8 6315404 0.906325343695371
8 6320691 1.57225950513967
8 6320902 1.33545326324603
8 6322269 0.659563922668461
8 6322328 1.4177
8 6323784 0.596279896877759
8 6325385 0.118390190896784
8 6325620 1.67014485607312
8 6330459 1.1738
8 6330610 1.1662
8 6330951 1.6453
8 6331553 1.2154
8 6333054 1.2154
8 6345426 1.72602277074937
8 6360749 0.262076299584129
8 6361147 0
8 6362005 0.457949988433826
8 6365654 2
8 6365772 1.08534101384312
8 6372410 2
8 6380166 1.40450194666435
8 6381028 0.114039258421929
8 6384121 0.128676010900502
8 6388441 0.354926359277439
8 6395634 2
8 6396653 2
8 6396665 0.0406580015430671
8 6397005 2.616
8 6398462 2.52637479936697
8 6399711 0.770397540469163
8 6401615 2
8 6402100 0.601677180300908
8 6402107 2
8 6403044 2
8 6404097 2
8 6419094 0
8 6420928 2.1722
8 6425958 2.52110429984273
8 6431900 1.5674845985922
8 6432685 0.616004147413593
8 6432707 0.376284881306318
8 6447533 2.1129
8 6457826 1.41063814592897
8 6457927 0.239790066846171
8 6469227 0.542468974985302
8 6471107 1.8229
8 6473285 0.421948863621987
8 6473353 0.647996555909975
8 6478799 0.145185890481556
8 6483139 1.29787534086805
8 6491599 0.140856077878881
8 6493352 1.09171623738976
8 6499786 2
8 6504237 2
8 6510891 1.23302805259446
8 6515787 2
8 6529597 0.0556143463482902
8 6539384 2
8 6539932 2.01626207197085
8 6542345 0.2831
8 6544378 2.2966
8 6544845 1.6595073746023
8 6548087 0.1194
8 6580443 2
8 6580518 2
8 6581217 2
8 6586065 2
8 6586499 1.7124
8 6592620 3.5857
8 6607456 0.820080281421811
8 6608674 0.456730684265152
8 6612958 0.850611505938293
8 6614034 2
8 6615645 2
8 6626984 0.708657001217102
8 6628388 2.3298
8 6631469 2.61055165291025
8 6633514 0.183961598784422
8 6640232 1.3183
8 6644182 0.317266398701034
8 6654065 2
8 6655466 2
8 6664439 2
8 6676479 2
8 6676792 0.0906942363396534
8 6677138 2
8 6677465 0.5893
8 6703481 2
8 6709444 1.34008081758912
8 6713856 0.8324
8 6714747 2
8 6722042 2
8 6724282 2
8 6726131 2
8 6727125 2
8 6729509 2
8 6732878 2.4769
8 6736305 0.8324
8 6737812 2
8 6741484 2
8 6742037 2.7095
8 6742828 2
8 6750724 0.2296
8 6758087 2.2072
8 6764615 0.0078
8 6764621 0.513
8 6768718 1.25852905301062
8 6768743 0.0397528855337368
8 6780560 1.4793
8 6780771 1.4793
8 6782834 1.3563
8 6785865 1.1063
8 6787213 1.1063
8 6790357 2
8 6828163 0.559
8 6830715 0.3984
8 6833776 2
8 6836086 2
8 6837323 2
8 6838588 0.6021
8 6839794 2
8 6842016 2
8 6843164 2
8 6847727 2
8 6858455 2
8 6864639 2.21164172052544
8 6868435 2
8 6868447 2
8 6868692 2
8 6872395 2
8 6872791 5e-04
8 6873748 2
8 6879713 2
8 6883832 2
8 6885036 1.43727590468502
8 6894305 0.345959631946132
8 6897026 0.831810729879416
8 6898505 1.45388899565583
8 6898702 0
8 6902838 1.40904575167072
8 6904907 0.311432171556477
8 6906644 1.04616402141983
8 6908195 1.21914760840792
8 6936685 0.833095485947395
8 6938317 0.0595312010944539
8 6950859 3.00993434574907
8 6954899 0.7086
8 6968567 0.3853
8 6969497 2
8 6969777 0.00895192812600996
8 7025769 0.0276
8 7030434 0.0276
8 7035393 2
8 7036528 2
8 7038209 2
8 7038300 2
8 7038891 0
8 7040710 0.4465
8 7041967 0.4465
8 7042353 0.4123
8 7046250 0.4123
8 7049923 0.289171976558721
8 7061441 2
8 7066362 2
8 7067953 2
8 7075014 2
8 7077662 2
8 7083774 1.548
8 7086039 2.5331
8 7090838 2
8 7091189 3.07
8 7100921 2
8 7102724 2
8 7125020 2
8 7127304 0.4225
8 7127856 1.83395715084591
8 7131656 0.2461
8 7134007 0.6889
8 7139834 1.89643412026642
8 7139954 0.0957630476441083
8 7140363 0.433829666287212
8 7143208 2
8 7143611 2
8 7145016 0.850735473443126
8 7145269 0.423362031598765
8 7145402 0.374071158476288
8 7147899 2
8 7149136 0.059102934609991
8 7149981 1.65449024888478
8 7151001 2
8 7151163 2
8 7153028 1.72256262820245
8 7154797 0.380574819653966
8 7157609 1.11564030292914
8 7415729 1e-04
8 7922233 0
8 8212228 5e-04
8 8214755 1.1921
8 8220053 1.7351
8 8223449 0.9578
8 8234198 0.688252275426618
8 8234219 0.620420992912187
8 8237303 1.06858699564491
8 8273002 2
8 8276901 0.401949773364766
8 8277255 1.946
8 8278888 2
8 8281809 2
8 8284301 2
8 8288561 2
8 8293081 1.38663723096554
8 8319309 0.776487286151321
8 8328651 0.398976774295888
8 8330304 0.348301776351256
8 8339758 0.268649652401787
8 8370514 1.46438294253369
8 8371386 0.750602750081986
8 8372811 0.184895166285031
8 8378870 1.24692891024038
8 8388651 0.8364131382985
8 8400396 1.4408
8 8400590 1.4487
8 8410927 2
8 8416445 0.255500275217582
8 8416583 0.079574989514282
8 8429088 1.8922
8 8429631 2.0150964213771
8 8452998 2
8 8454673 2
8 8460661 2
8 8463428 2
8 8465901 0.329873069873486
8 8467176 2
8 8470469 2
8 8484996 0.8566
8 8494167 0.0043105910753818
8 8495795 0.436567084206819
8 8497723 1.98902424177324
8 8500083 1.7517
8 8501356 0.338981036881436
8 8508083 0.0457721168282794
8 8513770 2
8 8520592 2
8 8521482 2
8 8521766 2
8 8522086 0.0163890013880322
8 8522284 0.817
8 8527137 2
8 8528917 0.689882010474274
8 8529920 1.082
8 8530267 2.147
8 8530393 1.51232799999194
8 8533889 0.219349823454839
8 8535603 1.8589
8 8535907 1.2177
8 8537113 2.84175988004981
8 8543213 0.473
8 8553635 2
8 8554157 2
8 8559993 1.8922
8 8569567 2
8 8572468 2
8 8576366 1.56957153928086
8 8589264 2
8 8590552 2
8 8599113 1.30477822114402
8 8604981 1.43571330785059
8 8618112 1.10871025125187
8 8631931 0.955242571053899
8 8633872 0.877676017647686
8 8634101 0.292500812141259
8 8641141 1.35739882540376
8 8641293 0.214215743430124
8 8643720 2
8 8645936 0.7818635056222
8 8646085 1.33784097908471
8 8676745 5e-04
8 8685034 0.352422611288662
8 8690794 0.332034489586791
8 8694386 0.459018112684512
8 8707933 0.8503
8 8720925 0.10269865528679
8 8730793 5e-04
8 8731319 1.0712
8 8736181 0.0854246351253371
8 8736801 0.940786483926798
8 8738618 1.7833
8 8744126 1.0113
8 8745316 1.37459329750845
8 8745548 1.21490823002484
8 8745647 0.671231708096712
8 8749501 0.449571771387391
8 8750254 1.34421159274128
8 8750294 1.843
8 8750352 1.843
8 8755598 1.843
8 8760587 1.843
8 8761573 0.7578
8 8766227 0.4868
8 8768508 0.4868
8 8770321 0.7578
8 8771578 0.5106
8 8772426 2
8 8778932 1.8275
8 8781375 2
8 8783615 0.7578
8 8789570 2
8 8789707 2
8 8789739 2
8 8794126 0.740115100718104
8 8802103 0.131135107206005
8 8812667 2
8 8814709 0.377110838069081
8 8815810 1.24568069648061
8 8821020 2
8 8822478 2
8 8824525 5e-04
8 8834967 2
8 8835030 2
8 8843092 2
8 8843549 2
8 8846261 1.55760501036724
8 8853988 2
8 8865017 2
8 8883624 0.6565
8 8909387 1.18245746698942
8 8910035 0.0358464202789281
8 8912119 2
8 8915035 2
8 8928240 0.45401729797783
8 8945977 0.345713211887387
8 8961315 0.229
8 8968388 0.265972368166419
8 8970227 2
8 8999872 0.0263
8 9043062 2.10415389593208
8 9044080 1.00521337736098
8 9053494 1.21160675120595
8 9053963 1.78305912644764
8 9057703 2
8 9059742 2.00163055423468
8 9066075 0.1982
8 9071623 2.12702163726432
8 9085151 2
8 9088881 0.6622
8 9115452 2.05471656740737
8 9119492 1.12728130973295
8 9122179 0.4995
8 9124468 0.5599
8 9124886 0.687325631267056
8 9129727 2.535
8 9134315 0.1682
8 9143939 5e-04
8 9145035 0.1691
8 9151611 1.1662
8 9152396 2
8 9153784 2
8 9156256 2
8 9169083 2
8 9174485 1.30175137784963
8 9187346 1.24655838562957
8 9205135 0.0387699168958954
8 9214247 0.240686432947004
8 9223200 0.797972022588914
8 9236683 1.0134
8 9245490 0.312645551719181
8 9246202 2
8 9247080 0.215114221777316
8 9247182 0.173988796779181
8 9257745 2
8 9267491 1.37328581883392
8 9267636 2
8 9274799 0.929863129498826
8 9289561 2
8 9296109 0.597589609228481
8 9304567 0.405035142210553
8 9304845 1.47873725728416
8 9310284 0.393408715075152
8 9311386 0.288295735426585
8 9325829 2
8 9328023 2
8 9328573 2
8 9330423 2
8 9330447 2
8 9332917 1.66927651815759
8 9348367 0.3376
8 9351551 1.72034374278663
8 9358861 1.64738945248679
8 9361826 1.12468971912613
8 9362013 0
8 9362045 0.188188800209454
8 9364962 2
8 9365892 1.19245541045766
8 9366913 0.825092995526643
8 9370893 2
8 9372383 0.445336450910835
8 9381340 1.3247
8 9387906 2
8 9388921 2
8 9394212 0.20000865651293
8 9399644 5e-04
8 9403946 1.67885173119963
8 9415526 0
8 9419192 2.00284122318249
8 9423622 0.621
8 9424259 0.620863101383622
8 9429149 0.621
8 9435637 0.4202
8 9436961 0.4202
8 9454621 0.919
8 9458170 2
8 9460686 2
8 9464447 2
8 9466005 1.12142756846869
8 9466938 1.22115398735349
8 9471114 0.2049
8 9471823 0.5452
8 9479204 0.629937299344387
8 9482067 0.820586457514833
8 9498930 2
8 9501834 2
8 9509268 0.861477899761317
8 9509490 2.712
8 9516945 0.760621593191287
8 9528318 0.0490277970342722
8 9531731 2
8 9538022 2
8 9541866 0.0696
8 9548842 0
8 9554209 0.837443318795591
8 9557414 0.6946
8 9564375 1.222
8 9588790 2
8 9636388 0.0078
8 9660983 1.509012540728
8 9671324 1.71538341093287
8 9694275 2.5924
8 9694756 0.388059795078739
8 9694761 0.305460052710524
8 9700611 0.635537789646751
8 9713935 2
8 9725193 0.202737748649747
8 9727686 2
8 9730597 1.3559161633603
8 9745234 1.2929
8 9753960 2
8 9791023 2
8 9795777 2
8 9798102 2
8 9802425 2
8 9804508 0.686275437635654
8 9805078 5e-04
8 9806120 2
8 9814736 2e-04
8 9828158 2
8 9831421 0.383885805771245
8 9833388 0.952129974275755
8 9835031 0.927625285256596
8 9836427 1.2757
8 9845664 0.568456269762184
8 9853433 0.647007415238078
8 9863305 1.48266201826844
8 9865896 1.56445072695909
8 9866715 0.111545993639629
8 9871706 0.430037318107611
8 9875310 0.678853888637612
8 9881188 0.0053
8 9892099 2
8 9909996 1.2852
8 9912359 1.2312
8 9917354 0.0699
8 9924345 1.2312
8 9926029 0.1639
8 9927867 2.4848
8 9933041 2
8 9936583 2.94577759378108
8 9942643 2.27905393193463
8 9949314 2
8 9949355 0.819672587961152
8 9951532 0.7939
8 9956901 2
8 9961502 0.1601
8 9961663 0.2204
8 9971387 1.2126
8 9976971 1.1231
8 10004920 2
8 10009116 2
8 10029293 0.309841635500038
8 10029814 0.941667138258647
8 10033986 0.12321176827472
8 10039170 2
8 10040853 1.04263980111257
8 10060873 2
8 10066193 1.1972
8 10066357 1.4149
8 10076864 1.1695
8 10099042 2
8 10137779 1.6946
8 10147543 2
8 10151506 2
8 10155051 1.3225
8 10161828 0.4722
8 10175518 0.0177715968816929
8 10181008 2
8 10197265 2
8 10217194 0.761899437151158
8 10221056 2.0774
8 10221445 1.5527171974473
8 10225119 2
8 10227376 2
8 10250815 2
8 10252594 0
8 10266571 1.69929778551747
8 10277846 1.57939194852823
8 10280420 2
8 10281024 2
8 10290937 0.920366858642265
8 10295089 2
8 10298515 0.477533892613653
8 10307066 1.94293240227818
8 10314575 0.7876
8 10317208 0.694494160371867
8 10317883 1.37640437351896
8 10317896 1.17057993260795
8 10326066 0.7560625106588
8 10329279 1.26855704913234
8 10333788 0
8 10335009 2
8 10340958 0.389487801051891
8 10347118 2
8 10348644 2
8 10349411 0.839800483810983
8 10382902 2.0123
8 10384645 2.3299
8 10401422 2
8 10411295 2
8 10427322 2
8 10434572 0
8 10438364 1.57922482332146
8 10458449 0.5938
8 10461597 1.5703
8 10464806 2
8 10465438 0.285250504574004
8 10465777 2
8 10467459 1.0724420935468
8 10471315 2
8 10471617 0.5791
8 10473203 2
8 10480278 0.141242401489165
8 10491101 1.25443531153374
8 10493294 2
8 10497669 2
8 10501648 2
8 10536684 0.657221656280992
8 10536884 2
8 10541812 1.629
8 10542050 2
8 10542414 0.0076
8 10542420 0
8 10549148 0.9446
8 10552008 0.9767
8 10553756 1.16007880072056
8 10564348 2
8 10569567 1.9934
8 10578922 0.7492
8 10586604 0.182054712624646
8 10604836 1.4894
8 10606434 2
8 10606560 2
8 10621474 0.264145208746912
8 10627648 5e-04
8 10629619 2
8 10631387 1.10448815795114
8 10642392 0.374963736616748
8 10648697 0.358178897755741
8 10649676 1.5552
8 10653001 0.318988459396385
8 10658169 0.326376977385891
8 10663403 1.01856874155621
8 10669232 2
8 10669976 0.8632
8 10672477 0.216232394768294
8 10675087 0.745820627538409
8 10704667 0.018193900012923
8 10708877 1.20985831040561
8 10720531 2
8 10721882 2
8 10724372 2
8 10739044 2
8 10743233 2
8 10754565 2
8 10763057 2
8 10766123 2
8 10769056 2
8 10776172 2
8 10776223 2
8 10781763 2
8 10806519 0.47109778050214
8 10808664 1.12551292451006
8 10810537 2
8 10813750 2
8 10818113 2
8 10825617 2
8 10828739 2
8 10832168 0.255594416676128
8 10833259 0.954953616319954
8 10834039 2
8 10834090 1.1738
8 10840708 2
8 10842482 1.5578463900855
8 10845783 2
8 10859529 2
8 10884577 1.2664
8 10915515 0.9549
8 10918825 0.9549
8 10925713 0.8939
8 10950809 1.00710308409772
8 10956394 2
8 10984697 5e-04
8 10997865 1.16067817219296
8 10998450 1.3208
8 11008204 0.828579538207531
8 11009839 1.08992650307766
8 11018788 0.897669287632636
8 11019003 2.00250172269458
8 11022559 0.872804670291605
8 11027594 0.591623327274802
8 11035020 1.54194376001376
8 11038915 2.2317652130742
8 11050777 0.315021294536451
8 11054235 1.6243
8 11074693 2
8 11077542 1.1111
8 11079584 1.1111
8 11087106 2
8 11091871 2.0908
8 11092886 2
8 11105419 2
8 11114731 1e-04
8 11119059 2
8 11126024 2
8 11128976 2.2131
8 11137744 1.32658555853208
8 11140935 1.3835675106735
8 11142903 0.864719672539558
8 11166743 0.512640336472666
8 11179077 0.615861728479921
8 11211948 1.6941
8 11212851 2
8 11215040 0.457982191961959
8 11217116 1.7831
8 11218890 1e-04
8 11220419 1.98639516545694
8 11223696 0.824812302746857
8 11223846 0.512480899050626
8 11229966 0.919732588267226
8 11231729 2
8 11237057 0.527425562193811
8 11238644 1.63396078520069
8 11254538 0.129236332058031
8 11255580 2
8 11257954 2
8 11259339 2
8 11259826 1.0464
8 11262472 2
8 11269637 0.870558755419457
8 11280311 0.439827104112308
8 11285116 2
8 11286490 2
8 11287788 2
8 11288153 2
8 11305747 2.09546794308889
8 11307356 0.791768183368687
8 11308317 0.447042401472481
8 11310990 0.733710561403366
8 11312858 1.34002095107905
8 11315935 2
8 11319901 0.482900124250364
8 11327428 0.361273414860495
8 11330357 1.42593088625777
8 11331979 2
8 11347246 2
8 11349034 0.0134493547842407
8 11354572 0.900543321067838
8 11355366 0.852373445327331
8 11370376 2
8 11370591 2
8 11371248 0.534562415507717
8 11377376 2
8 11380520 2
8 11380823 2
8 11382587 0.688934454980225
8 11387794 2
8 11390540 0.0318
8 11400516 2
8 11408666 2
8 11418066 2
8 11420051 2
8 11434264 2
8 11438540 0.7878
8 11446607 2
8 11448334 0.0589270226669523
8 11448951 0.0939
8 11449255 2
8 11449337 2
8 11449465 2
8 11449802 0.7878
8 11450063 2
8 11452259 2.5891
8 11452781 0.0939
8 11453831 2
8 11456361 0.1213
8 11461366 1.7748
8 11468997 0.7656
8 11469199 0.7878
8 11470727 2.118
8 11472856 2
8 11484374 0.0683160042916357
8 11496598 0.1214
8 11497061 0.1214
8 11498312 0.0926
8 11501871 0.099
8 11530940 2
8 11530990 2
8 11539347 2
8 11542676 0
8 11547005 0.4077
8 11549559 0.5137
8 11550533 2.10614375467796
8 11552629 0.763618172730784
8 11553029 0.0369
8 11554314 2
8 11565764 5e-04
8 11567572 0.907
8 11569624 2
8 11573601 2
8 11574049 2
8 11577283 2
8 11580555 0.726
8 11583560 0.287951467332674
8 11634644 2
8 11637488 2
8 11637810 0.5999
8 11643283 0.0701
8 11644939 2
8 11645824 0.149410641646145
8 11649995 0.0701
8 11656208 1.17715455295686
8 11658583 0.902419235918967
8 11660955 2
8 11666438 2
8 11666627 0.065
8 11680582 0.454513520040951
8 11704671 1.2987
8 11742401 0.17221754234665
8 11746086 1.2021
8 11755454 2
8 11762439 1.4444
8 11767980 0.0078
8 11774053 0.231608672409692
8 11788431 0.0701
8 11791081 0.31933528945028
8 11795641 0.864896207399443
8 11797287 0.685197007104627
8 11797533 0.5757
8 11798746 1.65232166562775
8 11799067 1.4988
8 11803255 2
8 11813423 0.339362050986294
8 11827278 0.0661429476062783
8 11829650 0.945117495519961
8 11842592 1.39070737664483
8 11843218 1.08210749570032
8 11849325 0.2432
8 11853728 1.79415378412999
8 11855649 1.77842549812245
8 11858964 0.911758627725696
8 11877675 2
8 11878122 2
8 11885260 2
8 11888613 2
8 11896780 1.4777
8 11898295 0.831198750271999
8 11898717 0
8 11913958 0.217881081504014
8 11914461 1.22578007317476
8 11915313 0.441385180380644
8 11916404 0.899229556034573
8 11916557 0.146946464440205
8 11917933 2
8 11924817 1.47235644794983
8 11925377 0.508677221568041
8 11927513 2
8 11928040 1.09002488233133
8 11929878 0.368458768992107
8 11930531 0.007
8 11930955 0.374704659132321
8 11932743 0.852512928335564
8 11933018 0.0211167996421598
8 11934048 1.36843510427637
8 11935192 0.43094452566891
8 11935393 0.600610281364048
8 11939559 0.351048222319835
8 11939976 1.03407792991286
8 11946129 0.3816
8 11951754 0.237273995585191
8 11959103 0.5562
8 11959574 2
8 11960855 0.571
8 11967674 0.913009186114765
8 11968453 2
8 11969883 0.128583879044205
8 11988574 0.847980675747871
8 11994185 1.1866
8 12001901 0
8 12012380 0.0733016854375954
8 12012874 1.0257
8 12014542 1.29100938361215
8 12015225 1.88373100312389
8 12020321 1.47289375948784
8 12025091 0.0078
8 12026635 2
8 12031801 2
8 12034108 0.114946469666601
8 12035433 0.0273
8 12037344 0.682466207850422
8 12182312 2
8 12205275 2e-04
8 12230005 0.4869
8 12230157 2e-04
8 12230226 2e-04
8 12327835 0.362495758094627
8 12376917 0.9628
8 12575811 0.1124
8 12624891 2
8 12629545 2
8 12630293 0.6848
8 12633225 0
8 12639856 2
8 12646791 2
8 12659348 2
8 12660280 0.0072
8 12666227 2
8 12670599 2
8 12678262 0.5374
8 12683001 2
8 12683660 2
8 12692436 0.6999
8 12693173 2
8 12696966 2.9027
8 12703208 2.9027
8 12720875 2
8 12722540 0
8 12728752 0.053
8 12733328 2
8 12737789 2
8 12746900 2
8 12766916 0.6423
8 12768650 2
8 12768750 2
8 12770369 2
8 12770785 0.2281
8 12772050 0.2281
8 12772565 0.2281
8 12772576 2
8 12775272 2
8 12777945 0.2281
8 12799423 2
8 12805014 2
8 12816538 2
8 12821309 1.4807
8 12826571 0.0305
8 12833352 2.9198
8 12835496 2
8 12837681 0.4981
8 12840961 2
8 12881576 2
8 12905154 2.4519
8 12923853 2
8 12932568 2
8 12937438 2
8 12945324 2.0683
8 12968527 0.1239
8 12973661 5e-04
8 12976856 1.9701
8 12985002 0.0177
8 12990911 1.643
8 12992933 0.1372
8 12994160 2
8 12997299 2
8 12998033 1.6537
8 12998083 1.6537
8 13019283 2
8 13021321 2
8 13023029 1.2259
8 13029580 5e-04
8 13034339 2
8 13040921 2
8 13043738 2
8 13051346 0.338828783818808
8 13051535 1.53688843990371
8 13051879 1.45329166497562
8 13054974 1.90548585202516
8 13056268 2
8 13058696 2
8 13065139 2
8 13071645 2
8 13071680 2
8 13074746 2
8 13078122 8e-04
8 13081187 0.5339
8 13087470 0.612
8 13096975 2
8 13106682 0.5841
8 13123363 0.9311
8 13124342 0.523552558078322
8 13126201 0.0926593608687482
8 13152781 0.787308435311355
8 13154383 1.35572048063013
8 13167004 0.60702679400423
8 13172144 0.24254607236718
8 13181238 1.8392565328821
8 13182894 1.2443314315809
8 13183210 0.380480102584285
8 13183855 1.16304033985953
8 13184443 0.317111378332962
8 13185985 0.0233627689779982
8 13187220 0.512660608327539
8 13190275 2.00426299603498
8 13198837 1.1115470309345
8 13219371 5e-04
8 13249865 0.558809866166715
8 13253370 1.746
8 13255695 0.285196238848672
8 13258563 1.04623484085478
8 13263602 0.692616337729595
8 13274147 0.711631303273928
8 13280651 1.08505026996238
8 13291599 2.11861537558621
8 13292365 0.630548361911615
8 13293625 2
8 13319531 1.27277243539758
8 13324553 2.07007665632792
8 13327367 2
8 13330691 0.708677290150864
8 13333376 2
8 13336269 2
8 13337474 1.45456192369801
8 13339039 0.4484
8 13339202 0.4484
8 13347003 0.55
8 13348628 0.0914
8 13350718 0
8 13351980 1.08188271200127
8 13352172 2
8 13361475 2
8 13367771 0.27118106266463
8 13369845 0.527003283412897
8 13372655 0.51079381740991
8 13373412 1.34155380404981
8 13375724 0.00706937413186508
8 13377584 2
8 13378332 0.576745059716015
8 13386797 2
8 13393726 2
8 13395138 0.5808
8 13395224 0.676381030126354
8 13404559 0.5381
8 13405552 0.574545809441488
8 13411209 0.108273132844488
8 13418989 0.783149494222952
8 13425668 5e-04
8 13426177 0.0162510166393536
8 13441187 1.37736189160299
8 13443456 0.364729696062555
8 13446134 0.446959735965317
8 13463890 0.858885135832725
8 13467939 2
8 13469061 2
8 13469619 2
8 13470174 2
8 13471086 0.160910372620915
8 13474752 0.178841594970553
8 13475120 0.0255
8 13476072 0.37552357781301
8 13476470 0
8 13480469 0
8 13481544 0.466935620360156
8 13481634 0.876730118663042
8 13486342 0.119088915441754
8 13490839 1.29803054745948
8 13491562 2
8 13492763 2
8 13493428 2
8 13502705 0.5012
8 13505669 2
8 13508553 0.4768226243883
8 13510359 1.62246322880661
8 13511323 1.16653260790628
8 13512435 0.158659880057352
8 13513280 0.743456038334592
8 13517778 2
8 13520103 0.4189
8 13520389 2
8 13528135 1.9944
8 13537540 0.0727135213584134
8 13537715 0
8 13543376 2
8 13543503 2
8 13543616 2
8 13546425 2
8 13553321 0.804
8 13553502 0.7081
8 13558130 0.0418292013834137
8 13558200 1.39325971694979
8 13559157 0.239600663518164
8 13560277 0.660437679584173
8 13570921 1.94860701615013
8 13577833 0.1694
8 13579247 5e-04
8 13581715 1.104532164754
8 13583174 0.638071784942347
8 13583802 0.695611489619174
8 13587650 0
8 13596314 1.92848768524851
8 13614915 1.1241
8 13615441 0.714215204061574
8 13616826 0.467247581533687
8 13620004 0.0255
8 13622307 0.989986001267436
8 13625171 0.0083
8 13626152 0.3018
8 13629397 1.37579365209988
8 13635269 2
8 13635709 0.0263
8 13639942 0
8 13640534 0.5526
8 13646310 1.2581
8 13648786 2
8 13654362 0.5269
8 13658774 0.267
8 13659329 0.2729
8 13662651 0.267
8 13667293 2
8 13668737 2
8 13676226 2
8 13677464 0.784239127923258
8 13677470 1.6452
8 13678513 2
8 13680489 2
8 13683222 2
8 13683645 2
8 13686070 2
8 13687706 0.0561
8 13689405 0.8342
8 13690828 0.157544229875006
8 13697758 2
8 13698292 2
8 13698692 1.9275
8 13698808 2
8 13699576 2
8 13699591 2
8 13700368 2
8 13700732 2
8 13701274 2
8 13703111 0.5914
8 13705130 2
8 13706356 1.543
8 13707870 0.5971
8 13710828 2
8 13714399 2
8 13716928 2
8 13717349 2
8 13721922 2
8 13732052 1.7715
8 13733258 2
8 13733404 2
8 13735763 1.53305425697351
8 13737946 0.0490540690579744
8 13739181 0.7871
8 13739480 0.7746
8 13740089 0.827
8 13741637 0.7746
8 13745825 0.7065
8 13747170 0.538270117722188
8 13749217 0.7461
8 13749475 0.183213799394584
8 13753626 2
8 13759264 2
8 13767870 2
8 13772877 2
8 13775318 2
8 13787057 1.50001180077619
8 13787505 0.8333
8 13788733 2
8 13790957 0.9866
8 13797512 2
8 13797609 2
8 13810178 2
8 13810712 2
8 13811748 2
8 13812305 2
8 13818128 2
8 13822297 2
8 13827951 0.718770031131423
8 13829706 2
8 13837849 0.5354
8 13839961 0
8 13841788 0.353879532222912
8 13842788 2
8 13851256 2
8 13851730 2
8 13851917 2
8 13858743 2
8 13866757 1.83956177675276
8 13866942 1.2233
8 13867083 0.7472
8 13867214 0.137929803996194
8 13867456 0.111691567772992
8 13868068 0.418977587126838
8 13868753 0.804926396545961
8 13870692 1.17209088587718
8 13873586 2
8 13876694 2
8 13877813 0.755837597356363
8 13878725 1.83651064500005
8 13880662 2
8 13881272 0.257227256000473
8 13883014 0.693797287026559
8 13883952 1.95781331957971
8 13888324 3.11297781862314
8 13893235 0.0392177267631325
8 13900057 0.534732122638703
8 13901144 2
8 13904880 0.814923644857607
8 13909544 0.0440885456071725
8 13911306 0.951745924847877
8 13914379 0.134991964900565
8 13919759 2
8 13931940 2
8 13936358 2
8 13940410 1.6011136560498
8 13940493 1.9377
8 13940544 0.278089177278645
8 13941569 0.449941752702322
8 13941710 1.1743
8 13942221 2
8 13943874 1.0516330917648
8 13945360 0.441633685487406
8 13953918 2
8 13962128 1.10148774298898
8 13965234 0.268805391346092
8 13969614 1.61631326565532
8 13971122 2
8 13974211 0.62313906574605
8 13975128 1.24374916465265
8 13979553 0.863823482612944
8 13982772 2
8 13996544 0.458788114309217
8 14030194 0.7101
8 14030664 0.7101
8 14030927 1.44522558444453
8 14034032 0.8498
8 14037767 0.1533
8 14046271 1.34543000158742
8 14049429 2.12741147951216
8 14049545 1.34459597019811
8 14050576 1.04595653428649
8 14050816 1.27650154836735
8 14053237 0.845714029888876
8 14056532 1.63499016922501
8 14058075 0.37305168989265
8 14058326 0.962178852737971
8 14059144 2
8 14061493 1.5621
8 14062171 2
8 14062319 2
8 14062862 2
8 14064215 2
8 14068577 2
8 14074339 2.4244
8 14094025 0.1879
8 14102098 2
8 14104375 0.977542351415342
8 14105265 0
8 14105893 2
8 14106467 0.0078
8 14108990 1.0464
8 14114711 1.0853
8 14125145 0.745334787424418
8 14127083 1.0464
8 14136904 0.132587878129761
8 14146112 0.431606420644121
8 14158834 0.768771880207778
8 14170073 2
8 14170765 1.2574
8 14172796 2
8 14176997 2
8 14189509 2
8 14202721 0.290111956082122
8 14204771 2.24561108317574
8 14213265 0.2858
8 14221596 0.0640219781321544
8 14222690 0.2858
8 14227202 2
8 14228344 0.2235
8 14229969 2
8 14230135 2
8 14231399 2
8 14232557 2
8 14236584 0.2816
8 14236662 2
8 14240356 0.437093253077061
8 14240439 0.623832046317391
8 14241538 0.0654166315456829
8 14251023 1.04893513348235
8 14252388 1.58001901885432
8 14255438 1.4107
8 14257185 0.6037
8 14269758 0.2002
8 14278351 2
8 14282356 5e-04
8 14286345 0
8 14288367 2
8 14296632 0.776738396231836
8 14297035 2
8 14299615 1.2899
8 14310106 2
8 14313326 2.24065861709475
8 14314194 0.0598
8 14314841 2
8 14315966 0.99481944519609
8 14318260 0.797333232060787
8 14322000 2.14765405590823
8 14326169 0.623307209649223
8 14331205 0.384165146117867
8 14347553 2
8 14370302 0.623298247255859
8 14382153 1.01566680475641
8 14391655 0.399972432630779
8 14394166 1.9642
8 14406868 1.9642
8 14411712 1.91865253477101
8 14433168 0.542684229769725
8 14435454 1.15335695313526
8 14438328 1.91190581423596
8 14439990 0.836485788845277
8 14440694 1.98478089696659
8 14444675 0.10580315311309
8 14447761 0.521865868485493
8 14467792 0.0613309415541107
8 14471013 2
8 14482279 0.404084936697061
8 14482478 0.668867415008167
8 14484207 0.0313
8 14484726 0.0313
8 14491961 2.9123
8 14492861 0.3861
8 14492996 0.4399
8 14493313 0.820644391230029
8 14501501 0.188312539296801
8 14503314 0.5379
8 14508536 0.386
8 14512498 0.4296
8 14513681 0.4937
8 14514810 1e-04
8 14515505 0.4296
8 14518586 0.4296
8 14519652 0.4296
8 14527063 0.0263
8 14531551 0.0273
8 14536188 1.009
8 14540454 0.8221
8 14541089 2
8 14549231 0.0385123993246842
8 14553298 0.645424115792393
8 14556442 0.0255
8 14558633 2
8 14561693 1.2079
8 14567273 2
8 14568331 0.559140508737651
8 14581813 2
8 14583502 2
8 14587039 0.8453
8 14590107 1.10876919310282
8 14596135 2
8 14600447 2
8 14602037 2.335
8 14605151 1.38530670101565
8 14605311 1.0763
8 14605879 0.796055707291367
8 14607366 1.08944174984968
8 14607615 2
8 14608172 2
8 14609336 0.517446939960935
8 14611016 1.01921323995102
8 14616590 0.105559663184604
8 14618743 2
8 14620014 0.5967
8 14625682 2
8 14627778 0.6434
8 14641859 0.736
8 14643095 2
8 14643601 0.0303531168864589
8 14645971 0.1994
8 14652116 2
8 14658480 2
8 14658491 2
8 14660230 0.4088
8 14660507 2.5345
8 14662008 2
8 14667314 0.5428
8 14671232 0.857954048963464
8 14675175 0.9756
8 14677502 2
8 14678957 2
8 14687717 3.19167834944142
8 14688646 1.16994133041878
8 14696391 0.7904
8 14711075 0.7904
8 14711435 1.82220685385562
8 14712350 0.816807394897762
8 14717970 0.7904
8 14719254 0.8143
8 14720001 0.7904
8 14720865 2
8 14722659 2
8 14724194 0.662549809508943
8 14729350 0.8143
8 14734849 0.957816535067772
8 14736694 0.6265
8 14747912 0.3122
8 14751520 2
8 14766712 0.1974
8 14775465 0.840506421485468
8 14784915 1e-04
8 14788700 2
8 14817437 0.721337910004571
8 14821658 1.18524455323476
8 14824384 2.7095
8 14824427 1.20992637908063
8 14829588 2
8 14832570 0.59149162926803
8 14850381 2
8 14863177 0.4633
8 14864830 0.6273
8 14864913 0.4633
8 14866481 0.6273
8 14867759 0.6273
8 14873424 0.4633
8 14893861 0.8993
8 14904517 1.455
8 14917219 0.3653
8 14926644 2
8 14930699 0.574885622700793
8 14933982 0.0754
8 14939783 2
8 14940912 1.0499
8 14941404 2
8 14942426 0.9677
8 14945618 5e-04
8 14951394 0.415135869419454
8 14959790 0.672441467812467
8 14975652 2
8 14980917 2
8 14985890 0.529708534782417
8 14988235 1.15448700707287
8 14990706 2.02073367819484
8 15005639 0.832452499042826
8 15005748 0.377767650803614
8 15007174 1.70192897450328
8 15011842 0.495002058612246
8 15019151 0.316404336226226
8 15035071 0.5807
8 15084235 2
8 15086664 0.0577
8 15097857 0
8 15117314 0.0744520181354325
8 15118847 0.447663148112497
8 15121973 0.1002
8 15154889 2
8 15155565 2
8 15166232 1.50708260038998
8 15180087 2
8 15180594 2
8 15183035 2
8 15183922 2.36209657582151
8 15188885 2
8 15195966 2
8 15207896 0.1112
8 15211011 0.1112
8 15211030 0.124
8 15237088 2
8 15241806 2
8 15271546 1.1662
8 15305457 1.0789
8 15309483 1.0789
8 15338871 5e-04
8 15350329 2
8 15350834 2
8 15353119 5e-04
8 15356735 2
8 15364051 2
8 15365072 2
8 15369085 2
8 15369920 2
8 15381520 2
8 15385390 2
8 15387338 2
8 15394718 2
8 15396243 2
8 15405056 0.776
8 15423302 0.510933379538313
8 15426841 0.0388
8 15428066 0.8265
8 15429738 0.0355935431490746
8 15431862 0.6256
8 15437677 0.374628655335696
8 15464051 0.4947
8 15481313 1.3795
8 15482744 1.3795
8 15488136 2
8 15502680 0.672380333770221
8 15515144 0.948699688478405
8 15523692 2
8 15530839 2.4476
8 15561393 2
8 15563017 0.477
8 15575612 0.101
8 15581567 0.1642
8 15606517 0.4073
8 15610149 0.5181
8 15622129 2
8 15626980 5e-04
8 15629736 2
8 15631107 2
8 15636778 2
8 15643327 2
8 15646365 1.1957
8 15652258 2
8 15653379 0.0823
8 15664806 1.6709
8 15665734 2
8 15667718 1.2312
8 15673260 2
8 15684830 2
8 15692105 2
8 15694392 2
8 15695324 2.13
8 15696264 0.064
8 15699325 0.2609
8 15704848 0.6097
8 15712590 2
8 15720190 2
8 15721139 2
8 15735266 2
8 15738006 2
8 15754330 0.0244
8 15756199 2
8 15758574 0.0639
8 15762734 0.2284
8 15764945 0.648226126829794
8 15765444 1.2865
8 15768671 2
8 15782989 2
8 15790168 2
8 15804798 2.6381
8 15807188 2
8 15808505 2
8 15818841 0.0217
8 15820717 2
8 15822943 1.2325
8 15824213 2
8 15833160 2
8 15833562 2
8 15834116 1.2325
8 15834239 2
8 15843351 2
8 15844134 2
8 15850132 1.153
8 15852419 2
8 15870951 1.3174
8 15872702 2.2035
8 15873880 0
8 15879461 0.8748
8 15880851 0.2413
8 15881159 1.47227751351671
8 15881202 2
8 15887001 0.8493
8 15887318 0.5355
8 15889522 1.2013
8 15897759 0.2163
8 15903619 0.9693
8 15907472 0.154464441817088
8 15912489 0.2163
8 15914346 0.3318105832835
8 15918653 0.7133
8 15924169 0.6438
8 15926413 0.916
8 15928100 0.662007373665505
8 15928831 0.63315525860606
8 15930760 1.77882714482033
8 15935009 0.061315576254057
8 15939579 2
8 15949533 0.2376
8 15949862 0.3791
8 15958589 0.0665685343096814
8 15961070 0.1288
8 15966403 0.51523099883725
8 15984147 1.25231662496344
8 15992795 1.16361024720384
8 15993414 2
8 15996215 0.173293272758586
8 16003476 1.32763912928839
8 16003777 1.61616947849628
8 16004042 0.298317959928955
8 16006162 1.00977452122178
8 16014181 1.93633411249215
8 16015006 0.776746244985211
8 16015260 1.05404869052775
8 16029558 2.9795
8 16041245 0.640922412392851
8 16056734 0.477205448626216
8 16057964 2
8 16066997 0.4699
8 16071927 0.0499
8 16072210 0.2561
8 16077822 0.6521
8 16079390 2
8 16080111 0.989060255817394
8 16081456 0.0959
8 16083847 0.2955
8 16092359 1.32818212890977
8 16093568 2
8 16094489 2
8 16120242 2
8 16125081 0.0949
8 16132521 2
8 16140465 2
8 16141530 2
8 16151208 0.172
8 16169686 0.1593
8 16171223 0
8 16204810 0.451582298086768
8 16205683 0
8 16242060 0
8 16283116 0.0217
8 16297287 0.3001
8 16302332 0.0657
8 16308888 0.2683
8 16311734 0.916856732018924
8 16315689 0.0329
8 16339783 0.0329
8 16385440 0.1036
8 16388939 0.1036
8 16400629 0.1055
8 16437403 2
8 16438595 0.0273
8 16460820 0
8 16462281 0.1101
8 16465493 0.571756285250053
8 16476281 0.0973
8 16479736 1.4096
8 16489034 0.158294996712953
8 16492791 0.0329
8 16501916 0.0107
8 16539800 0.3977
8 16546084 1.6942
8 16550057 1.6942
8 16561378 0.338798869313026
8 16568226 0.0676776843872356
8 16574313 1.9584
8 16579153 1.7567796785282
8 16587216 1.01459984825775
8 16613263 0.288119091043693
8 16615127 1.40387424946657
8 16615769 0.729981433926065
8 16620766 0.134189526654075
8 16631878 0.109617343029503
8 16650069 2.18638969017828
8 16655243 0.729399200742915
8 16662935 0.119311544501568
8 16672328 1.2590288891811
8 16673401 0.615017032424583
8 16679120 5e-04
8 16706940 0.332394981401412
8 16707085 0
8 16707099 1e-04
8 16707481 1.04622901619436
8 16707891 2
8 16720280 0.0742
8 16735204 0.568651974184452
8 16735399 2
8 16742383 2
8 16744799 1.6142
8 16754981 1.14143802586458
8 16780003 0.0411
8 16804541 2
8 16809549 2
8 16812345 3.0378
8 16812489 1.53688993800138
8 16812520 2
8 16818461 1.39014539683937
8 16823039 0.389298735629924
8 16828208 2
8 16840471 2
8 16844134 0.5776
8 16846471 0.0100531274401307
8 16868598 2
8 16882950 2
8 16896453 2
8 16926848 2
8 16931184 2
8 16939325 2
8 16939411 2
8 16944715 2
8 16947256 2
8 16965065 2
8 16966477 2
8 16973586 2
8 16976376 0.727444003225624
8 16980783 2
8 16980872 2
8 17003251 2
8 17013939 0.5032
8 17023747 0.8065
8 17025148 0.641573765574457
8 17028752 0.9276
8 17048327 0.130821429603618
8 17053851 0.382494942744645
8 17064504 2
8 17066585 0.192266626790449
8 17088289 2
8 17105820 1.2924
8 17120102 0.180944464844939
8 17120218 0.931086578932809
8 17122115 0.7653
8 17129497 0.648770116953116
8 17143624 2
8 17167924 0.00488059041641663
8 17168260 2
8 17190263 0.222127053155782
8 17195092 2
8 17215786 2
8 17223320 2
8 17260421 0.426341923519335
8 17266305 1.1738
8 17272826 2
8 17273175 5e-04
8 17276106 1.1282
8 17276146 1.1282
8 17279904 0.9434
8 17296547 2
8 17297464 0.9434
8 17301889 0.590540079040274
8 17310516 0.266874475592745
8 17313516 2
8 17318524 0.9758
8 17319696 0.438503252449364
8 17320728 0.273038583418307
8 17323145 2
8 17327142 1.26919545775962
8 17327371 2
8 17329123 0.272812472264647
8 17331521 2
8 17352412 1.0102
8 17354624 0.781
8 17356211 0.781
8 17360783 2
8 17369469 1.0468
8 17374408 2
8 17378091 1.0861
8 17385657 2
8 17387873 2
8 17394829 2
8 17409391 2
8 17422271 0.076659496380353
8 17427566 0.445952872903333
8 17440184 0.284
8 17441190 1.2383
8 17442441 0.1938
8 17447051 0.9276
8 17451642 1.28285119592398
8 17455808 2
8 17459190 1.4329
8 17461570 2
8 17463785 2e-04
8 17473644 0.175888683602967
8 17474816 2
8 17479622 1.9373
8 17479801 0.426321762391289
8 17479941 1.59847133146916
8 17491433 2
8 17501350 1.1794
8 17506159 0.184206330516585
8 17508087 1.11509572725315
8 17516233 2
8 17517451 0.1833
8 17523835 0.398112209780933
8 17532258 1e-04
8 17541224 0.317111224248649
8 17545835 0.555779222281593
8 17553791 2
8 17554824 1.2774
8 17557660 0.777356071823042
8 17559076 0.406883596612866
8 17561291 1.0853
8 17561790 0.459842560553527
8 17570829 0.1642
8 17572875 0
8 17573665 0.054
8 17576830 0.85982010480015
8 17578176 1.1721
8 17578190 1.61444843001976
8 17579910 1.83033307819261
8 17580096 0.23
8 17580938 1.3034
8 17585376 0.5444
8 17587133 1.41487862441489
8 17591040 0.37007986252864
8 17591118 0.575770132247375
8 17595001 1.34435537096456
8 17599953 2
8 17601350 2
8 17604535 0.96940140998801
8 17606181 0
8 17607182 0.882904806375374
8 17607726 2
8 17607754 2
8 17608804 1.22211344335497
8 17614329 2
8 17616655 1.2151
8 17628167 0.1124
8 17628280 0.1055
8 17629864 2
8 17634973 1.1205
8 17637757 2
8 17638693 0.0505
8 17639565 0.0505
8 17640556 0.0505
8 17658968 0.1765
8 17662598 2
8 17670479 0.0994
8 17674293 0.1684
8 17678085 0.217
8 17679211 0.0078
8 17682485 1.05955972852204
8 17686668 2.7977
8 17692043 0.399991427433071
8 17692771 1.07384636634708
8 17699005 0.60243773265388
8 17700139 0.119913955247306
8 17700426 3.26015649058932
8 17706363 1.6104
8 17708223 0.4648
8 17709493 0.149029778882187
8 17712592 1.8912
8 17712926 1.6104
8 17714007 1.6104
8 17714069 1.6104
8 17720359 0.0078
8 17724628 2
8 17727655 2
8 17737791 2
8 17751590 1.03941960792222
8 17754450 0.3892
8 17756286 1.60330995795506
8 17756587 1.39065811858449
8 17760026 2
8 17763242 1.2232847220435
8 17767401 0.6546
8 17769979 0.6803
8 17804892 2
8 17808982 2
8 17809926 2
8 17810196 2
8 17810387 2
8 17821792 2
8 17822420 2
8 17825984 2
8 17831396 0.150488903448566
8 17833682 2
8 17833820 2
8 17834009 2
8 17841099 2
8 17843316 2
8 17856770 2
8 17861734 2
8 17862421 2
8 17863210 1.04162857514316
8 17875543 2e-04
8 17875551 1e-04
8 17878362 2
8 17881720 2
8 17894544 2
8 17912527 2
8 17912867 2
8 17915786 2
8 17926977 2
8 17948973 2
8 17982652 2
8 18000614 2
8 18014320 2
8 18016286 2
8 18018897 1.0434
8 18021063 2
8 18021373 2
8 18032294 2
8 18051983 2
8 18054448 2
8 18060945 2
8 18065376 2
8 18065638 2
8 18068651 2
8 18069281 2
8 18072189 2
8 18076257 1.4778
8 18079134 2
8 18087943 1.8039
8 18096276 2
8 18098920 2
8 18100727 2
8 18102204 2
8 18133065 0.3842617525775
8 18149052 0.638335203135299
8 18149114 0.00911720235434842
8 18167861 0.668233717756749
8 18169247 0.422515406670585
8 18176110 0.980567002264868
8 18177517 3.0894553582677
8 18184757 0.38732968947871
8 18187761 0.68153987965178
8 18188829 1.1158
8 18193507 2
8 18197144 0.520531777882101
8 18202822 2.3299
8 18209886 2
8 18211172 2
8 18217915 1.12148562714842
8 18235667 2
8 18238508 2
8 18255295 2
8 18290506 2
8 18290837 2
8 18291404 2
8 18291901 2
8 18300669 2
8 18301676 2
8 18306603 2
8 18336092 2
8 18336709 2
8 18344834 5e-04
8 18355422 1.7018
8 18359506 0.141276473209033
8 18360149 0.148914955882368
8 18360624 3.08633285472763
8 18371679 2.03483213159394
8 18377643 0.2395
8 18385603 0.103299693407028
8 18388539 1.7507
8 18388948 2
8 18390758 0.816412129873071
8 18407613 0.2249
8 18407716 0.1572
8 18409921 0.0313
8 18412328 0.0313
8 18412769 1.8182
8 18418088 0.5884
8 18419609 0.0514
8 18437569 2
8 18437584 2
8 18447924 1.06620986993895
8 18460913 2
8 18469776 2
8 18483187 2
8 18485693 2
8 18486243 2
8 18497437 2
8 18499409 0.011
8 18506607 1.1738
8 18511597 0.0107
8 18514075 2
8 18521916 2
8 18539305 2.1608
8 18542104 2
8 18544880 2
8 18548570 0.148895117447503
8 18566283 0.0078
8 18570844 2
8 18577248 1.7901
8 18587025 2
8 18587958 0.087
8 18589943 1.91465045684061
8 18592500 0.344053502737137
8 18593533 2
8 18594340 0
8 18598972 0.5613
8 18604893 2
8 18606155 2
8 18616498 2
8 18623234 2
8 18640106 0.2381
8 18641880 2
8 18650101 2
8 18653042 2
8 18653587 2
8 18655710 1.4937
8 18656498 2
8 18693563 0.250032664078152
8 18693601 1.34591233954039
8 18695764 1.96434457709822
8 18697543 1.47871358191502
8 18702623 0.2104
8 18713036 0.410852514475278
8 18729794 0.568701928410829
8 18731927 0.676507952599932
8 18746514 0.591545617418941
8 18752572 1e-04
8 18775226 0.0299189255465406
8 18776258 1.7307
8 18776384 5e-04
8 18778616 1.69382254087339
8 18795627 1.75341614110039
8 18800497 2
8 18801759 0.0830063805463739
8 18804694 1.1721
8 18809462 0.286941066454814
8 18810973 0.8722832328564
8 18821869 1.09038168843853
8 18836881 0.607438619177632
8 18838046 2
8 18847922 2
8 18857364 0.659
8 18871818 2.5928
8 18879049 0.834657488195169
8 18899108 0.6481
8 18914353 0.6299
8 18916519 0.217
8 18935861 2
8 18937117 2
8 18943029 1.16884588069104
8 18946918 0.2404
8 18950098 0.3002
8 18959203 0.3002
8 18976002 2
8 18976805 2
8 18998532 0
8 19010212 2
8 19053665 0.572309345256384
8 19056131 0.0762
8 19064984 1.9702
8 19068238 2
8 19069884 5e-04
8 19070385 0.1493
8 19078840 2
8 19085146 2
8 19085322 1.50429789315705
8 19088296 0.1255
8 19088616 0.23190836117186
8 19093222 2
8 19097104 0.625738010392713
8 19102506 0.0742
8 19102510 0.0799
8 19110650 1.04923187179333
8 19111697 0.0078
8 19113118 0.421340231357645
8 19119937 2
8 19127965 0.4857
8 19145258 0.108577858077311
8 19154184 2.0267
8 19156165 0.2025
8 19166945 0.3497
8 19183056 1.7658
8 19194326 2
8 19195702 0.2137
8 19198364 2
8 19200916 2
8 19217805 0
8 19221774 2
8 19231764 0.228432817741004
8 19238892 2
8 19242462 5e-04
8 19243447 0.6167
8 19261154 2
8 19261416 2
8 19261851 1.73765622093999
8 19273555 2
8 19276529 2
8 19282003 2
8 19287357 2
8 19287715 2
8 19318477 2
8 19340298 2
8 19371121 8e-04
8 19381017 1.4912
8 19389257 2
8 19392459 2
8 19397913 0.7679
8 19404623 0.2019
8 19412672 2
8 19428215 2
8 19428833 1e-04
8 19428839 0.0077
8 19440071 1.5596
8 19440072 2
8 19445110 2
8 19445915 0.9531
8 19446225 2
8 19468932 2
8 19475178 2
8 19494866 1.51917822324404
8 19500412 0.293827828112551
8 19502395 2
8 19508321 0.536516842375543
8 19514521 8e-04
8 19519442 0.6413
8 19533135 0.0978695185524636
8 19536671 1.5355
8 19543668 0.550434276527837
8 19544089 0.871059838061846
8 19548548 0.0162096924537323
8 19555682 0.152763071186122
8 19568411 1.4937
8 19578725 0.0931610992173738
8 19586405 2
8 19600454 1.4472
8 19601814 2
8 19619252 1.47
8 19636088 1.9275
8 19646778 1.4946
8 19651028 2.9018
8 19651267 0.53288049257004
8 19654670 1.8768
8 19662076 1e-04
8 19667028 5e-04
8 19670617 1.3783
8 19674953 0.494873911533895
8 19676091 0.99048172448189
8 19681299 2
8 19682751 2
8 19686624 2
8 19692315 0.9662
8 19697887 2
8 19707796 0.0280224622132375
8 19725976 0.640365867507291
8 19729532 1.0620794133153
8 19742818 0.687554594804911
8 19746189 0.1317
8 19748063 2
8 19751263 0.0272791928484426
8 19756502 0.84
8 19769218 1.3054
8 19776866 5e-04
8 19777045 2
8 19787046 1.3468
8 19787253 1.3602
8 19787680 1.1667
8 19793908 0.7544
8 19794927 0.7544
8 19799188 1.3011
8 19805938 2
8 19826111 0.853919765840352
8 19833629 1.22932389549562
8 19833866 0.042871255672572
8 19836225 0.0097
8 19852064 2
8 19866826 0.7016
8 19875076 2
8 19875595 2
8 19885706 1.79939076929123
8 19889987 2
8 19891879 0.692464798825208
8 19910829 0.7829
8 19911326 0.7829
8 19917742 0.7829
8 19918010 0.7829
8 19921044 0.760083948782592
8 19922274 0.7829
8 19928240 0.301777145481601
8 19929548 0.7829
8 19932978 0.8067
8 19936095 0.3031
8 19940927 3.1813
8 19942130 2
8 19995428 2
8 19996850 2
8 19997761 2
8 20006362 2
8 20008236 2
8 20011460 2
8 20034670 2
8 20041026 1.1265
8 20042186 2
8 20051915 2
8 20056571 2
8 20059199 2
8 20061473 2
8 20067528 2
8 20072166 2
8 20076385 2
8 20101119 0.5779
8 20108606 2
8 20109052 0.618074229780474
8 20110001 1.44166846704834
8 20116243 1.09402618063208
8 20122841 2.1455
8 20124357 2.5742
8 20126348 2
8 20149014 0.6554831049504
8 20152750 0.317691459592291
8 20170550 0.8111
8 20172092 0.468
8 20172398 0.3037
8 20173895 3.1145
8 20175318 0.3037
8 20179506 0.3037
8 20184238 1.2126
8 20187541 0.4416
8 20210195 2
8 20235581 1.6453
8 20241220 2
8 20242923 2
8 20244233 1.51210567741943
8 20245336 0.339685970208421
8 20253130 2
8 20274631 3.10471675837818
8 20280536 0.1055
8 20281092 2.07978487851944
8 20289551 2
8 20289659 2
8 20293700 0.293799740047961
8 20296714 0.00844781075629847
8 20363099 1.5514
8 20368497 5e-04
8 20381064 2
8 20436587 2
8 20439684 5e-04
8 20455160 1.6644
8 20463184 1.5203
8 20482999 1.6754
8 20503711 5e-04
8 20504864 5e-04
8 20515315 1.6537
8 20540892 0.8725
8 20554657 0.8445
8 20588057 1.2664
8 20588829 1.3185
8 20594694 2.784
8 20599690 1.3761
8 20604999 1.8857
8 20608594 2
8 20619203 2
8 20630105 0.706277483695109
8 20639137 0.1386
8 20640532 2
8 20662210 2
8 20691887 2
8 20691939 0.213130187454556
8 20692933 2
8 20708362 1.17541492022917
8 20712190 2
8 20712389 2
8 20721832 2
8 20727138 2
8 20728436 2
8 20733207 0.386519031976476
8 20741226 1.55266458985209
8 20743036 0.422371019764956
8 20753608 0.325834383301466
8 20754684 0.286384411141762
8 20758634 2.02389928129304
8 20764828 2
8 20773652 2
8 20775104 0.284932449695728
8 20811819 2
8 20816039 2
8 20818783 2
8 20820081 2
8 20827690 0.0274451767834135
8 20828075 2
8 20832288 2
8 20834127 1.3752894147715
8 20864195 0.4533
8 20872805 2.57858816699142
8 20874720 0.264573354746997
8 20876276 1.9096
8 20884718 2.1127
8 20889336 0.4856
8 20891379 0.4533
8 20907312 1.61234099315858
8 20909718 0.973107798373977
8 20913406 2
8 20915986 2
8 20948936 2
8 20989821 0.2421
8 20993872 2
8 21003708 2
8 21013227 0.956988224513606
8 21016580 2
8 21017341 1.2154
8 21021105 0.5139
8 21024028 1.36271540356296
8 21036012 0.2156
8 21036240 2.0901
8 21046203 0.290049456067982
8 21048140 0.743
8 21051131 0.342418477599858
8 21057098 0.0183633321214691
8 21061120 0.6201
8 21073141 2
8 21077120 1.30960050749832
8 21083515 2.19702554991893
8 21085072 2
8 21096005 1.04365048529162
8 21096605 1e-04
8 21103864 0.66206298130083
8 21106859 2
8 21119327 0.577961013914256
8 21127055 2
8 21132029 2
8 21135469 0.486864734340255
8 21143868 2
8 21156431 2
8 21159392 2
8 21159910 0.440078363636909
8 21163802 1.69359885581643
8 21168444 2
8 21169435 2.118
8 21179342 2
8 21191720 3.1053
8 21192337 0.738678302400763
8 21200733 0.823097101415862
8 21220557 0.0811814913285868
8 21224827 2
8 21232674 1.2941912329112
8 21236400 2
8 21285707 2
8 21306900 1.6007
8 21311279 2
8 21313231 2
8 21318934 2
8 21326830 1.0183
8 21334625 2
8 21341492 2
8 21361850 2
8 21372939 2
8 21384765 2
8 21393511 2
8 21400210 2
8 21405075 2
8 21416102 1.17810936056631
8 21418094 0.580432370787777
8 21423497 2
8 21424918 0.1917
8 21427013 1.906889399175
8 21431458 0.12438253461324
8 21435047 0.6126
8 21458737 0.9814
8 21460354 2
8 21466183 0.459957013691374
8 21487900 0.275890712736767
8 21488407 1.2325
8 21490914 0.475655546382028
8 21491711 0.492434066521858
8 21497909 1.03011351962451
8 21507717 2
8 21514026 0.723
8 21520055 0.723
8 21549100 2
8 21574009 2
8 21580341 2
8 21593675 2
8 21596887 2
8 21598825 2
8 21599210 2
8 21611550 2
8 21614289 2
8 21620158 2
8 21652576 0.5364
8 21677807 0.946241012023801
8 21689842 0.270874750605193
8 21690832 0.553869981169693
8 21711673 2
8 21712233 1.66927224091611
8 21727548 1.7018
8 21729516 0.271554568149189
8 21744680 1.2808
8 21765910 2
8 21779563 2
8 21785056 2
8 21787270 8e-04
8 21793895 2
8 21801319 2
8 21803174 2
8 21818127 0.9506
8 21835487 1.3316
8 21839811 2
8 21844791 0.0496
8 21846658 0.0439
8 21851313 0.226263568294615
8 21851641 0.109
8 21851836 1.08857804948219
8 21852570 1.13244591116328
8 21869862 8e-04
8 21873381 0.295480409876049
8 21874926 0.381475179875292
8 21876116 0.0793
8 21877494 0.935301736392035
8 21882721 0.288535259341084
8 21887473 0.9412
8 21897069 0.827375655854617
8 21899132 2.7123
8 21901312 0.607628428292339
8 21916342 0.594626741062311
8 21922309 8e-04
8 21942226 1.47377784129851
8 21944761 0.9855
8 21957867 1.0542
8 21963302 1.09468384904222
8 21967036 0.0346646565643548
8 21975863 1.0542
8 21996222 0.995771310887017
8 22031395 0.8869
8 22047476 2
8 22066490 1.90630252181878
8 22069700 0.0273
8 22107602 2
8 22160409 1.45054201047059
8 22163244 0.1027
8 22170467 0.886243664165391
8 22177388 0.1027
8 22210256 2
8 22227287 2.0836
8 22240929 0.00105948878828145
8 22247116 1.11203946580883
8 22263480 0.104695262635392
8 22268368 0.690229520693824
8 22294898 0.0629
8 22301403 0.382618251814351
8 22306284 2.0346498225448
8 22306776 0.198842415624793
8 22311574 0.284429222267618
8 22317269 0.717692240497719
8 22318020 2
8 22320399 0.629618647459307
8 22330983 0.370927585543701
8 22336424 0.49171209060034
8 22339034 1.6150184517205
8 22340074 0
8 22381402 2
8 22382355 2
8 22384545 2
8 22385813 0.7564
8 22392619 1.147
8 22397600 1.1614
8 22404358 2
8 22405117 2
8 22416609 5e-04
8 22430746 0.623130113515582
8 22454403 2
8 22454916 2
8 22517038 2
8 22520723 2
8 22525145 2
8 22576073 1.2455
8 22584353 2
8 22586073 2
8 22587645 1.6188
8 22592064 0.343532868727937
8 22592072 1e-04
8 22601560 0.750250314208654
8 22614311 2
8 22616582 1.5865
8 22623006 2
8 22626323 2
8 22640622 5e-04
8 22648097 2
8 22654918 0.0078
8 22666428 2
8 22672162 2
8 22683022 2
8 22685277 2
8 22703085 2
8 22705683 0.568356599527573
8 22708869 2
8 22710256 0.765687633837743
8 22717595 1.26886329354506
8 22723077 0.344939636046393
8 22728547 0.577229269340292
8 22728575 0.0263
8 22729568 1.0016
8 22730074 0.810642016116886
8 22731649 1.0299
8 22736679 2.4812
8 22744781 2
8 22755532 2
8 22760390 0.815724326053312
8 22783703 2.9027
8 22791243 2
8 22795001 0.9124
8 22795657 2
8 22830918 2
8 22849916 2
8 22867324 1.9934
8 22867653 2
8 22890402 1.1077880321007
8 22892448 0.189819700699849
8 22893843 2
8 22895285 2
8 22898431 2
8 22902917 2
8 22909036 2
8 22917155 2
8 22926841 2
8 22928351 0.1336
8 22932305 2
8 22933569 2
8 22935283 1.1363207719378
8 22942474 1.1377
8 22943884 2
8 22946051 0.516174522734413
8 22947069 2.5928
8 22948170 0.0896109991656683
8 22948564 2
8 22952469 2
8 22954477 0.5468
8 22957127 2
8 22965005 0.391662417030373
8 22971029 1.13632323055632
8 22973874 1.20095612865857
8 22982480 1.70865429807248
8 23031545 0.0561
8 23040267 1.31173215538782
8 23041871 2
8 23045941 0.5106
8 23055154 1.8667
8 23069485 0.435587852747324
8 23094939 0.702527571250722
8 23111505 0.759206414012706
8 23141257 2
8 23143612 2.84455417672255
8 23149007 1.3685
8 23193972 0.8379
8 23195783 0.9805
8 23202743 0.628716286741239
8 23213920 0.0505172090878254
8 23218163 2.07369544171357
8 23234322 2
8 23237305 2
8 23253895 0.78756401019651
8 23271371 2
8 23273994 0.648331898705001
8 23276104 2
8 23281222 2
8 23288582 2
8 23292588 2
8 23295137 0.38876884388173
8 23297863 2
8 23303691 0.438197371384776
8 23308030 1.7056
8 23314824 2
8 23316224 2
8 23320900 2
8 23326356 2
8 23327413 2
8 23332926 0.738261479175681
8 23334335 0.174811233859873
8 23344677 1.18843219000288
8 23345560 2
8 23346113 5e-04
8 23346372 1.10154526726942
8 23347264 2
8 23347384 0.6167
8 23350335 3.14604806524677
8 23353393 0.6167
8 23360894 1.50194504582837
8 23366748 2.79611668104189
8 23373302 1.8782
8 23377474 0.833513137983617
8 23377511 0.975491097296607
8 23384101 1.51352562184092
8 23404495 0.309699236649766
8 23406585 5e-04
8 23416245 0.426966685076806
8 23425043 1.2557541411337
8 23426830 2
8 23429678 0.735
8 23430833 0.872
8 23432567 0.603008637726872
8 23436109 1.0591
8 23445616 0.8305
8 23488013 1.39810755785903
8 23492993 3.50082749991557
8 23504411 1.0914
8 23514525 0.7298
8 23521801 0.7121
8 23523126 0.9225
8 23536020 2.0077
8 23538460 2
8 23540835 2
8 23543642 0.9208
8 23546340 2
8 23546529 7e-04
8 23556856 0.162806391652966
8 23557727 1.2374
8 23560405 0.9996
8 23561934 2
8 23577633 1.5536
8 23578754 0.2174
8 23583839 1.17080100616105
8 23584287 0.971
8 23587919 0.546672484635984
8 23587959 0.214178073008236
8 23589139 2.12554793035595
8 23590151 0.971
8 23590725 1.3439
8 23591537 0.109706661875225
8 23592698 0.160775985128496
8 23599076 1.1266
8 23604203 3.5212
8 23623811 0.308265359905755
8 23637315 1.2154
8 23641422 2
8 23660589 1.82226474347639
8 23670717 1.2154
8 23692783 2
8 23695550 2
8 23701393 2
8 23703319 2
8 23716649 0.654710893014231
8 23724954 0.669382554689233
8 23738550 0.7741
8 23740125 2
8 23746568 0.7741
8 23754625 0.872450491845888
8 23754660 0.791233473749637
8 23762187 1.3457
8 23766615 2
8 23786483 0.3042
8 23830801 2
8 23839320 1.0035
8 23849388 2
8 23856163 0.7722
8 23864930 1.3827
8 23888545 2.6992
8 23903397 2
8 23917410 2
8 23926727 0.353046365021568
8 23940192 2
8 23962267 0.175930868193103
8 23976814 1.71917707518716
8 23984367 1.31196824466903
8 24013295 1.65130083621438
8 24023521 0.661442311302712
8 24027505 0.68868699197943
8 24028085 1.35764473091383
8 24036100 1.40857227534071
8 24036382 1.97227676776893
8 24044095 1.8683376863193
8 24058418 1.83047449896811
8 24059108 1.12259355056087
8 24073521 0.323380110970033
8 24085881 1.39344701578865
8 24090819 0.977616909841495
8 24092168 0.189779602598733
8 24138773 5e-04
8 24176882 2.3095
8 24232729 0.8828
8 24233704 0.365380135372452
8 24235429 0.794851073824865
8 24246707 0.291582253218394
8 24247084 2
8 24264128 1.0537
8 24267746 1.0944
8 24274829 1.0944
8 24279973 1.0944
8 24280424 0.9831
8 24280591 0.9831
8 24289141 2
8 24304701 0.9831
8 24308583 0.9831
8 24309000 1.0944
8 24315723 1.9449
8 24342481 1.0944
8 24348372 1.9275
8 24349886 1.9275
8 24363064 0
8 24372196 2
8 24423658 0.0793
8 24441911 0.607630609568262
8 24449474 0.11564126204204
8 24454398 2.5175
8 24463050 0.39944408975012
8 24481897 0.0664392256938593
8 24483872 0.123439925323089
8 24490708 0.0317920170380004
8 24505621 0.573555419615727
8 24506279 0.495978872533548
8 24516850 0.793140327318537
8 24532154 0.937324748864937
8 24546019 1.52380673413662
8 24585726 0.8398
8 24588014 1.55726083790929
8 24598095 3.1164
8 24612973 2.3095
8 24629698 0.2727
8 24634769 1.0089
8 24652865 0.1406
8 24671913 1.19729002440313
8 24674976 0.0817
8 24689058 1.81814480185504
8 24695692 0.0282
8 24704719 0.0390980553757514
8 24712982 0.0858
8 24720592 0.8023
8 24727472 1.1651
8 24729267 1.1651
8 24730144 0.113
8 24734137 1.1972
8 24737556 0.0265
8 24740324 0.0471
8 24740358 0.0471
8 24752071 1.57760138971518
8 24759382 0.0202
8 24780745 1.0891
8 24781677 1.0216
8 24784762 0.994
8 24785839 0.9376
8 24790374 0.0264
8 24805910 1.1138
8 24823424 0.224533749726986
8 24825136 0.9931
8 24830087 1.5006
8 24830157 0.9931
8 24846400 0.046
8 24853496 1.2395
8 24868401 0.0518
8 24872490 0.224
8 24879073 0.1247
8 24910556 1.05302376727411
8 24932427 0.0756
8 24937047 0.0756
8 25011126 0.0574255372634144
8 25016463 0.805269823266626
8 25026550 0.489428900259312
8 25031516 2
8 25035318 0.4141
8 25073919 1.2015
8 25075580 2
8 25079721 2.7865
8 25098845 2
8 25100656 2
8 25104364 0.4599
8 25104593 1.2436
8 25106330 0.4599
8 25109609 1.2436
8 25115923 1.4705
8 25123561 0.3577
8 25136190 0.5957
8 25136508 0.5957
8 25152611 2
8 25154130 1.7515
8 25165822 0.2003
8 25171156 1.0454
8 25190854 0.466747259460791
8 25192193 2.0265
8 25194359 0.812181617981103
8 25194519 0.0832415316089877
8 25196644 1.0912
8 25214834 2.0006
8 25217991 1.81769841125752
8 25224845 2.0388
8 25234959 0.0053
8 25273067 0.0076
8 25279371 8e-04
8 25289956 0.1024
8 25291985 1.8835
8 25293529 2
8 25293665 0.0235
8 25299859 2.1963
8 25311438 2
8 25313984 2.1864
8 25337490 0.389069546844106
8 25356746 2
8 25357347 2
8 25359977 2
8 25369103 2
8 25370844 2
8 25378861 0
8 25380071 2.4956
8 25382921 2
8 25387342 1.62809925849437
8 25388669 2
8 25390741 0.0053
8 25394553 2
8 25406732 0.6237
8 25407774 0.6237
8 25410974 0
8 25414677 3.1164
8 25434181 2
8 25443333 0.4948
8 25445411 2
8 25453794 2
8 25458743 2
8 25459273 2
8 25463560 0.179228678343454
8 25464197 0
8 25464769 2
8 25470147 0.2003
8 25470766 2
8 25491362 0
8 25492134 2
8 25522332 0
8 25539200 2
8 25555926 2
8 25556440 1.3689
8 25566733 1.13857700049904
8 25567917 2
8 25578554 0.252417028731956
8 25591979 0.343
8 25593546 0.343
8 25593997 1.13825272941069
8 25596380 0
8 25596460 0
8 25596520 1e-04
8 25596524 2e-04
8 25596540 1e-04
8 25596613 3e-04
8 25599129 0.343
8 25599390 0.1326
8 25605794 2e-04
8 25627518 0.2731
8 25628007 0.0502
8 25636074 2
8 25637927 2
8 25662568 0.1027
8 25689650 0.2027
8 25692251 0.0739
8 25692365 0.0739
8 25695791 0.367441523935008
8 25707205 0.497181510416322
8 25716293 2
8 25716602 2
8 25723532 2
8 25727853 2
8 25729016 2
8 25729809 2
8 25763462 2
8 25766952 2.234
8 25768867 2
8 25770966 2
8 25782677 0.3376
8 25782725 2
8 25793750 1.25317487069437
8 25796518 0.4964
8 25802660 0.0448
8 25806988 0.0448
8 25807786 2
8 25814404 2
8 25815652 0.3371
8 25860697 0.3195
8 25864666 0.3371
8 25865763 2
8 25866633 2e-04
8 25866637 0.59
8 25867944 0.8503
8 25869873 2
8 25870978 2
8 25885729 0.3252
8 25894981 0.404775564736833
8 25910381 0.6814
8 25915954 0.130808765548416
8 25922676 0.421641009788899
8 25924485 0.1404
8 25958860 2
8 26004117 0.760481011944117
8 26009137 5e-04
8 26024873 2.0718
8 26033762 5e-04
8 26036759 2
8 26038489 2
8 26048325 2
8 26054543 2
8 26060947 2
8 26063637 2
8 26074564 0.0107
8 26078048 2
8 26090919 2
8 26095728 0.1769
8 26102713 0.601233634307264
8 26102864 2.9807
8 26112358 5e-04
8 26113073 0.439716719110776
8 26113226 0.7153
8 26115371 1.3058
8 26118926 0.2908
8 26130150 0.3998
8 26134831 0.3998
8 26141814 1.4236386831603
8 26143888 1.4713
8 26163356 0.240959054980624
8 26164955 0.4331
8 26169121 0.497704451288456
8 26186180 0.100322590330054
8 26186926 0.3595
8 26190331 1.8275
8 26193712 0.0775896245671437
8 26196046 0.22882389419456
8 26206218 1.52164560877027
8 26214831 1.0948
8 26216154 0.0732
8 26217184 1.0948
8 26219472 0.9194
8 26220808 0.5025
8 26221781 5e-04
8 26225752 1.0158
8 26227787 0.079
8 26245205 2
8 26249249 1.9546
8 26251229 5e-04
8 26263442 0.437307232724433
8 26276906 2
8 26281742 2
8 26316298 0.0273
8 26331714 2
8 26374081 0.7865
8 26375809 2
8 26423207 0.1059
8 26431010 2
8 26441034 0.0107
8 26443419 0.0811961786289337
8 26445356 0.061
8 26445560 0.061
8 26456695 2
8 26460028 2
8 26470976 0.352977978769548
8 26471953 1.40000846673281
8 26479666 1.26301728435586
8 26480870 1.29870451903927
8 26482226 2.96299687059533
8 26498138 0.16363927953356
8 26500677 0.1363
8 26500685 0.251566450566236
8 26520081 0.920035448877305
8 26529880 0.449653942151088
8 26530268 0.1363
8 26544705 0.428687130343371
8 26556295 2
8 26557623 2
8 26565082 1.68223749920059
8 26565169 0.1363
8 26569354 5e-04
8 26579060 0.979635022206086
8 26584639 0.4397
8 26595952 0.167232431169687
8 26603462 1.26897019111576
8 26603844 0.622451451486195
8 26607321 0.171607735633958
8 26610356 0.128907181154314
8 26618344 1.5926
8 26633529 0.248541396318385
8 26635681 5e-04
8 26641602 2
8 26648476 0.367656618692695
8 26655797 2
8 26661235 2
8 26666111 0.496932057119966
8 26676003 2
8 26687633 1.2694
8 26697443 1.1249
8 26701595 0.491659228988197
8 26705809 1.57357188905272
8 26709360 1.2699
8 26714775 2
8 26725533 1.02457622213427
8 26727632 2
8 26729595 2.0272
8 26733113 1.0303
8 26736242 1.04566026237826
8 26745464 1.5842
8 26767089 2
8 26767134 2
8 26787910 2
8 26792583 0.6894
8 26802094 1.5724
8 26849418 1.583
8 26852773 0.118348386775429
8 26854432 5e-04
8 26866167 0.0274
8 26873235 0.8996
8 26883633 1.1721
8 26894850 2.2059
8 26897601 2
8 26911203 2
8 26941017 0.0624
8 26962890 1.7134
8 26963566 2
8 26980653 2
8 26986776 2
8 26988900 0.1071
8 26998966 0.2393
8 27001473 0.2393
8 27004154 1.8796
8 27004185 0.2393
8 27010081 0.2393
8 27012840 1.4722
8 27013770 0.0684
8 27014323 0.233
8 27020037 0.233
8 27020815 2.0995
8 27021473 2
8 27021912 0.0684
8 27032386 2
8 27038475 0.1977
8 27038622 0.233
8 27041413 2.0995
8 27058885 0
8 27072783 2
8 27073220 0.1027
8 27076449 0.0383
8 27076889 2
8 27079848 2.1608
8 27091206 2
8 27092598 0.874306318604955
8 27102269 2
8 27102486 2
8 27108291 2
8 27112613 2
8 27113048 2
8 27113687 2
8 27113862 2
8 27130586 2
8 27135483 2
8 27178518 0.0078
8 27227962 2
8 27243687 0.804645556453396
8 27263058 2
8 27266004 3.603
8 27276583 1.3019
8 27292336 2
8 27327410 2
8 27331001 2
8 27347146 2
8 27348260 2
8 27350378 2
8 27350992 0
8 27385892 0.675506322787773
8 27388204 2
8 27414065 0.852268451137946
8 27427175 2
8 27438487 0.664130461117988
8 27441760 1.2374
8 27445368 2
8 27453859 2
8 27459678 2
8 27465874 2
8 27487409 5e-04
8 27501389 1.15323397265868
8 27501408 5e-04
8 27516348 1.73822326694808
8 27522140 2
8 27522876 1.2154
8 27555270 2
8 27560523 0.1392
8 27571711 2
8 27610304 1.52138913641208
8 27624467 0.654335650066805
8 27628917 2.0105
8 27630273 1.37791798422681
8 27647439 1.28953708589652
8 27647762 0.0148553836571936
8 27652913 0.690859661968391
8 27663078 1.1662
8 27692385 1.0455
8 27692942 1.0455
8 27693142 1.25640095057676
8 27694117 0.9936
8 27699279 0.798733951083596
8 27703381 0.437
8 27714410 2
8 27723514 2
8 27724254 2
8 27731558 0.6605
8 27742703 0.6605
8 27742878 0.6605
8 27744113 0.0621
8 27744963 2
8 27750662 2
8 27751834 0.0621
8 27759068 2
8 27759873 0.5861
8 27760358 2
8 27761274 0.6605
8 27768158 0.6605
8 27774765 0.6605
8 27775312 2
8 27779212 2
8 27788417 1.9106
8 27848362 0.606502202628283
8 27848771 0.716244164283923
8 27850244 0.587576279886452
8 27858374 0.434750471581464
8 27867996 0.541854842096347
8 27868189 1.29209881046255
8 27874085 2
8 27883247 0.389577474083557
8 27886254 2
8 27890524 1.3747198377061
8 27891827 0.438003201605789
8 27896171 0.322888999558839
8 27897644 2
8 27901609 2
8 27903122 0.6919
8 27905612 1.63203332887443
8 27907437 0.2651
8 27909363 0.2062
8 27915056 0.3569
8 27915329 0.3569
8 27918847 0
8 27923096 0.448167189497414
8 27932919 0.315244515162992
8 27936418 1.68373100634224
8 27946082 0.147133786885505
8 27954590 0.6683
8 27966953 0.293416269231694
8 27972618 0.9044
8 27982022 1.72888201127469
8 27983954 1.52054956157536
8 27987105 2
8 28019752 2
8 28050989 2
8 28116261 2
8 28133453 2
8 28149649 0.572907571222913
8 28163524 2
8 28165720 2
8 28166142 2
8 28189444 0
8 28203173 0.191983223156829
8 28206360 0.979250527940014
8 28246956 2.00229474106917
8 28263233 2
8 28309931 2
8 28310151 2
8 28311442 2
8 28313013 2
8 28314981 0.2274
8 28325332 2
8 28326915 0.2587
8 28327474 2
8 28330672 2
8 28336136 2
8 28342347 0.0742
8 28346420 2
8 28376767 0.581366755316776
8 28431038 0.0053
8 28437602 2.184
8 28477580 2
8 28482004 2
8 28484457 0.2501
8 28492743 1.47005184802604
8 28498190 0.557848397761272
8 28530796 0.868536798666246
8 28535804 0.430618860042917
8 28551179 2.305788338968
8 28561206 0.516214968106246
8 28570587 0.674575642664395
8 28589217 2
8 28590094 2
8 28591854 0.004
8 28616136 0.675871385361386
8 28621375 0.0937
8 28630442 1.1176698933797
8 28631855 0.806436650939497
8 28634795 3.1212
8 28656148 0.501881957178332
8 28658997 2
8 28666636 2
8 28679119 2
8 28703421 2
8 28731387 0.559
8 28734450 2
8 28768953 2
8 28792269 2
8 28796411 0.7086
8 28800559 2
8 28805807 0.7086
8 28895445 2
8 28924112 0.495700205434869
8 28955733 2.3389
8 29032923 0.0885087457499738
8 29040916 0.0216
8 29073116 5e-04
8 29073126 0.698291312488895
8 29089478 2
8 29093889 2
8 29095057 1.0956
8 29097375 0.0326
8 29118055 0.0746
8 29124778 1.0565
8 29134819 0.2543
8 29159570 0.2402
8 29172082 2
8 29179815 2
8 29184552 1.2754
8 29221185 2
8 29232441 0.8511
8 29267325 1.6071
8 29280064 1.3802
8 29298272 1.1595
8 29300470 1.1595
8 29305513 1.5759
8 29305869 1.5759
8 29311795 1.5759
8 29315035 1.5759
8 29315189 1.5759
8 29328452 2
8 29337930 2
8 29348455 2
8 29350328 2
8 29358533 2
8 29370833 0.6038
8 29376528 0.2989
8 29387462 2.3009438004352
8 29399835 1.25163628552261
8 29405106 0.498396215633546
8 29414613 0.1531
8 29418970 0.9014
8 29426644 0.714350382142002
8 29432064 1.34880501551085
8 29439389 0.374214784688379
8 29470379 0.6479
8 29471172 0.116952115077393
8 29477264 2
8 29496402 0.507714286071061
8 29505748 2
8 29521998 1.0623
8 29538060 0.6579
8 29543968 0.0217
8 29552845 0.509398792562488
8 29568883 1.614
8 29575672 0.3116
8 29583093 0.2617
8 29584841 2
8 29592255 1.0168
8 29595595 1.0168
8 29596193 2
8 29599403 2
8 29602803 1.3888
8 29606609 0
8 29613321 2
8 29637659 1.5787
8 29657026 0.5599
8 29682354 2
8 29684426 0.8584
8 29735896 2.8863
8 29738165 2
8 29762084 0.060332883708713
8 29783817 0.264674077366674
8 29791450 0.2353
8 29820543 5e-04
8 29820674 1.05508112179569
8 29834581 0.308461970598876
8 29850352 0.735466003570639
8 29887418 0.0149404578989431
8 29896006 0
8 29913620 1.3199
8 29917542 1.3199
8 29923870 1.329
8 29925752 1.329
8 29929185 0.1353
8 29974944 0.6698
8 29984346 0.809494602076531
8 29985394 1.00669948825742
8 29987648 0.715659267367102
8 30006847 5e-04
8 30018849 1.59790077037018
8 30026601 2
8 30033355 1.40468495981326
8 30036127 2.8751
8 30087104 2.5413
8 30090024 2.5413
8 30099081 0.9238
8 30102136 2.5413
8 30119476 2.4954
8 30131259 0.0076
8 30136727 1.2283
8 30172398 1.3313
8 30172554 5e-04
8 30178403 1.3503
8 30182621 1.301
8 30210485 0.0078
8 30226794 2
8 30228964 1.8706
8 30233861 2
8 30235956 0.4703
8 30325886 0.315253143779468
8 30361594 2
8 30388824 0.462671878894573
8 30402405 0.322939124463953
8 30410555 0.989071853719178
8 30426137 2
8 30443250 0.662
8 30445872 0.1876
8 30446844 0
8 30452431 0.662
8 30467287 0.1594
8 30475350 0.3909
8 30496936 1.0016
8 30516868 0.6809
8 30529395 0.6809
8 30534517 3.22139195206877
8 30549796 1.09463943881509
8 30550474 0.1594
8 30553021 0.0277276930562093
8 30563080 2
8 30563938 0.4088
8 30572963 2
8 30590301 0.4284
8 30612589 0.4284
8 30622580 2
8 30642666 0.423
8 30650499 1.2521
8 30651970 2
8 30661132 2
8 30673671 1e-04
8 30673932 0.8004
8 30678365 6e-04
8 30682454 0.0982
8 30686997 1.37137192038908
8 30716668 0
8 30721768 0.78957477389935
8 30730737 1.2884364731738
8 30739317 0
8 30741140 0.750672281775643
8 30751131 0.7339
8 30753771 2.56107138035034
8 30753820 0.7339
8 30765532 0.327742327186282
8 30779917 1.0903
8 30792066 1.0849
8 30801833 2
8 30803879 2
8 30805482 2
8 30805764 1.0849
8 30808976 2
8 30850059 2
8 30852227 1.1241
8 30866860 2
8 30872993 1.5288
8 30884107 1.5288
8 30889788 2
8 30927969 0.7332
8 30929916 2
8 30935835 2
8 30948874 2
8 30949968 0.1198
8 30950670 2
8 30951228 5e-04
8 30953703 2
8 30957432 0.828
8 30963746 2
8 30969483 2
8 30972107 2
8 30985408 2.6132
8 30985495 1.4389
8 30987795 2
8 31007428 2
8 31060763 2
8 31063269 0.581746403487069
8 31066288 0.952693161224183
8 31103569 3.5954
8 31129541 2
8 31130048 0.1151
8 31145581 2
8 31149462 0.5967
8 31156444 2
8 31164475 2
8 31165980 1.2858
8 31172759 0.8331
8 31180796 2
8 31188801 2
8 31197273 2.9961
8 31199924 1.1725440181265
8 31202124 0.531607523495143
8 31202699 0.1081
8 31203628 0.6526
8 31208550 5e-04
8 31226050 2
8 31262503 0.245889632180282
8 31287718 0.556510598360152
8 31292103 1.68447657914136
8 31295866 1.1721
8 31296323 0.1727
8 31297186 0.5165
8 31329503 2
8 31349900 0.797213998284143
8 31362098 1.28151069914464
8 31376240 2
8 31378076 1.23883028667183
8 31388043 2
8 31391472 1.6453
8 31392354 0.0152093377084743
8 31397181 0.40863548314207
8 31406327 2
8 31415963 2
8 31418345 2.1191
8 31418359 2.5866
8 31425957 2
8 31439770 0.8185
8 31441133 2.4916
8 31452530 2
8 31486929 0.599187766666426
8 31497912 2
8 31499876 1.004
8 31510091 0.337441646901926
8 31513625 2
8 31518563 1.29165805545226
8 31522885 0.8837
8 31525679 0.4497
8 31529701 0.1241
8 31529965 0.4497
8 31530146 0.4497
8 31530516 0.1947
8 31540983 0.4957
8 31541455 0.4957
8 31549723 0.2256
8 31558837 0.4957
8 31562098 0.6099
8 31565840 1.7134
8 31566104 2
8 31567768 2
8 31570084 0.4256
8 31572691 2
8 31577062 2
8 31580740 2
8 31588168 0.4411
8 31588171 0.4411
8 31592253 2
8 31607206 0
8 31607384 2
8 31614659 2
8 31627540 0.069
8 31648967 0.5582
8 31650657 0.5582
8 31652990 2
8 31653014 2
8 31658893 0.34257289928663
8 31679370 2
8 31699769 0.845900563181177
8 31715305 0.917115845522542
8 31717385 0.5074
8 31720280 0.5074
8 31725795 0.351085019520137
8 31742026 1.25902110768853
8 31749993 0.4837
8 31764844 0.60374642331289
8 31764889 0.55
8 31776369 0.8816
8 31786844 0.5074
8 31795668 0.5113
8 31797668 1.32770067264138
8 31816022 2
8 31827208 0.149965357286745
8 31893010 0.0998
8 31894609 2.21491622709515
8 31907070 0.24295704747506
8 31910998 2.59538672393289
8 31911387 0.692653321762096
8 31912421 2
8 31912642 0.3993
8 31913822 0.415535723514512
8 31922440 1.02947327662814
8 31955533 0.21397033116233
8 31957991 1.79946566607639
8 31959230 0.215063230482179
8 31964455 0.100125017880647
8 31983613 1.80204066831938
8 32004958 0.0812018587595455
8 32011340 2
8 32021712 0.428647879640206
8 32023748 0.3828
8 32032421 0.1162
8 32033321 2.2059
8 32050364 0.2185
8 32076720 0.1258
8 32096986 0.303648379007138
8 32103238 0.464
8 32103767 0.1702004142289
8 32115616 0.0677253525222402
8 32115728 0.655910978262946
8 32133142 0.740395714770286
8 32163153 1.4485
8 32165776 0.8888
8 32167003 1.30126350961894
8 32168933 0.00918124999616213
8 32174178 0.8888
8 32186909 0.8006
8 32187592 1.25995357759405
8 32218533 0.0529364661105188
8 32243470 0.2083
8 32250155 0.2083
8 32251287 0.956755042835002
8 32293724 2
8 32296882 0.8296
8 32298731 1.79577793596125
8 32312707 0.324558523880397
8 32313009 2
8 32340418 0.38977863468473
8 32348858 1.64940530418535
8 32362397 2
8 32365690 2
8 32371152 2
8 32378550 1.2809221508541
8 32378632 2
8 32378982 0.526676400434407
8 32382070 0.209001033290245
8 32384283 1.88273978896821
8 32392153 0.376822162282087
8 32394554 2
8 32398345 2
8 32404066 2
8 32404530 0
8 32410904 2
8 32412421 2
8 32416665 2
8 32423311 2
8 32433085 0.5981
8 32447318 2
8 32448204 2
8 32452693 2
8 32459218 0.5988
8 32470314 2
8 32483451 2
8 32492423 2
8 32492530 2
8 32501191 2
8 32504576 0.922
8 32507174 2
8 32514606 0.922
8 32535292 0.734
8 32535990 2
8 32539427 0.483840132442772
8 32552791 2
8 32555722 2
8 32560082 0.9721
8 32565368 2
8 32571450 2
8 32579015 2
8 32580712 2
8 32584057 2
8 32585496 2
8 32587302 2.3739
8 32588150 2
8 32608102 1.25678816163515
8 32615051 0.0348071697051489
8 32626463 0.721715031951012
8 32629421 2
8 32654121 2
8 32658621 0.544367727895611
8 32659146 0.355917030623271
8 32668806 2
8 32678402 0.055518642474441
8 32706861 0.9224
8 32715641 0.0897
8 32724146 1.0084
8 32725534 0.7337
8 32733080 1.34960014882827
8 32734847 1.233
8 32771721 0.0119
8 32772041 0
8 32772278 0.0078
8 32788552 2.4616
8 32800151 0
8 32802284 0
8 32806014 2
8 32837183 0.098
8 32838961 0.0263
8 32891557 2.4553
8 32914861 2
8 32926901 2
8 32964392 0.0263
8 33018513 2
8 33064179 5e-04
8 33095852 2
8 33168798 0.6595
8 33218888 1.24621172212663
8 33234792 0.203073055999687
8 33242153 1.03819700958764
8 33245476 0.830068650661948
8 33246579 0.354397388495146
8 33276798 0.465452048642154
8 33284620 0.4989
8 33286101 0.0823472911546698
8 33290945 0.109247917665935
8 33292952 1.21675212622145
8 33296833 1.00880620073658
8 33302087 1.3493393200327
8 33303555 0.472262141047696
8 33303624 0.407824000050462
8 33304227 0.446691229502756
8 33313016 0.244661462896324
8 33313028 1.77594066124815
8 33339498 2
8 33340700 2
8 33344988 1.04391958244486
8 33348133 0.143461586719711
8 33351558 1.8188
8 33359803 1.03946589969639
8 33364846 0.571574867737038
8 33374873 0.239094405468518
8 33380050 5e-04
8 33399662 0.8416
8 33407334 0.7039
8 33407573 0.7039
8 33413571 0.7039
8 33425760 2.56517573140094
8 33429616 0.666926948922312
8 33436311 2.42847985315993
8 33442509 0.85972144687122
8 33447685 0.903978325564479
8 33455524 1.15942142489968
8 33465429 0.915688297981921
8 33504221 0.817553079681709
8 33513628 1.32562697468719
8 33514705 1.90436284261438
8 33515622 1e-04
8 33516237 1.8626
8 33542490 0.843381510428461
8 33574558 2
8 33592431 0.234961343984601
8 33606149 2.1546
8 33631193 2
8 33636566 2
8 33638066 2
8 33654546 2
8 33657489 2
8 33658195 2.0987
8 33658338 0.963119833789837
8 33658816 2
8 33661934 2
8 33664360 2
8 33667877 2
8 33673929 2
8 33703889 2
8 33721751 0.451579765447152
8 33752721 1.6418
8 33768023 2
8 33784263 2
8 33791427 0.3689
8 33793735 2
8 33797460 2
8 33805863 2
8 33822226 2
8 33836012 1.5734
8 33836905 2
8 33841228 1.5734
8 33841901 1.5734
8 33877234 2
8 33878904 2.2265
8 33880486 2
8 33887359 2
8 33887673 2
8 33912191 2
8 33926196 2
8 33934080 2
8 33936689 2
8 33938442 2
8 33942258 1.1016
8 33955024 2
8 33958844 2
8 33962140 2
8 33962790 2
8 33963527 1.3025
8 33973495 2
8 33986546 2
8 33987110 0.000547406419795945
8 33996350 1.2142667877066
8 33999533 0.0053
8 34000872 1.5586
8 34010863 1.5586
8 34021472 0
8 34022679 0.230158796997385
8 34040418 1.0696
8 34040920 1.23790159538497
8 34046009 1.3025
8 34055052 1.4646
8 34069712 0.6823
8 34083134 0.6823
8 34095326 1.5301
8 34098331 0.6823
8 34103078 1.5301
8 34139533 2
8 34144074 2
8 34146361 2
8 34147350 0.9659
8 34170186 0.9659
8 34175100 0
8 34182647 0.138563206951695
8 34187011 1.21158226836121
8 34221690 0
8 34226079 2
8 34244835 0.101729852940786
8 34254498 2
8 34258393 2
8 34258676 1.80094211066579
8 34274557 2
8 34288246 2.0955
8 34300826 2
8 34312303 2
8 34319870 2
8 34348121 2
8 34350474 2
8 34373969 2
8 34377417 2
8 34379474 2
8 34381801 0.0444
8 34393098 2
8 34396174 2
8 34398000 2.118
8 34413044 2
8 34414573 1.48029602212846
8 34416833 2
8 34418247 0.942594033323738
8 34420388 2
8 34423698 2
8 34429286 2.118
8 34431547 2
8 34439658 2
8 34451965 2
8 34455889 2
8 34462116 2.118
8 34462139 2
8 34465207 2
8 34478338 0.654058399948284
8 34478352 0.0809901972013726
8 34482111 0.118549328866242
8 34509187 2.0133
8 34525216 0.778072776359423
8 34527207 1.33623347937762
8 34528741 1.1316
8 34529257 1.27805786202891
8 34531469 0.925047802837752
8 34538875 1.76104749852068
8 34550898 1.54173958846894
8 34555069 0.10341437140552
8 34556724 1.13399808240229
8 34559226 0.412509714369745
8 34564919 0.165704843441006
8 34565023 2.0561
8 34565449 0.0937683282577479
8 34575622 1.5157013774594
8 34580323 0.5018
8 34585552 5e-04
8 34585814 1.80754457838099
8 34593087 2.118
8 34598316 2.00824641781502
8 34657676 0.625382094218833
8 34681176 0.962879629115603
8 34687055 1.20649178215436
8 34693281 2
8 34719792 0.00544355544763918
8 34727890 0.997645641192139
8 34734985 1.17804423033121
8 34749416 0.295851395574877
8 34760759 0.97956661160612
8 34780010 1.00884600231214
8 34780563 0
8 34795536 0.51344772125723
8 34922991 1.43410815963665
8 34938770 2
8 34949488 2.1804
8 34955490 2
8 34958550 2
8 34964862 2
8 34967299 2
8 34974461 2
8 34979007 2
8 34986194 2
8 34996980 2
8 34997280 2
8 35006809 2
8 35008171 2
8 35015422 2
8 35019134 2
8 35034380 1.1853
8 35039821 0.7156
8 35046440 2
8 35076766 0.2095
8 35078378 0.2251
8 35090714 0.2251
8 35101503 2
8 35101570 2
8 35108753 2
8 35113902 2
8 35118719 0.358496678957345
8 35127591 2
8 35140618 2
8 35145883 0.868185699835402
8 35152644 2
8 35184387 0.192444690165805
8 35194275 2
8 35195789 0.432998605028037
8 35211664 2
8 35219406 5e-04
8 35225893 2
8 35262168 2
8 35262703 2
8 35271680 2
8 35296148 2
8 35297999 2
8 35301546 2
8 35304544 2
8 35315304 2
8 35358638 2
8 35363969 2
8 35378716 2
8 35400257 2
8 35421520 2.878
8 35428277 2
8 35477645 0.150083286489033
8 35481634 1.35532866681087
8 35483129 0.227206711742455
8 35516614 0.306133462787737
8 35569927 0.222116821693762
8 35601041 1.3717
8 35627290 1.3942
8 35642072 0.480437968059646
8 35663001 0.822147555778966
8 35674386 0.0405
8 35678285 0.431475825207132
8 35698992 0.00138233741134994
8 35702415 0.0370309200320643
8 35705032 0.257572746958192
8 35736868 0.273835471334565
8 35869072 0.860991582960673
8 35941030 0.6007
8 36118459 2.04715188414934
8 36150553 0.1027
8 36154050 0.548528982419105
8 36168329 0.0715311744278065
8 36227731 1.37749230349547
8 36362327 0
8 36581849 0
8 36624168 0.864010932563941
8 36647782 2
8 36651075 2
8 36656574 2
8 36702216 5e-04
8 36799484 1.19375075516631
8 36804168 0.144559491527722
8 36821834 0.73660872001453
8 36826266 0.182742087830638
8 36845093 0.0744529447941382
8 36846524 0.0273
8 36851387 1.81585370538547
8 36860081 0.5576
8 36904954 0.5576
8 36917156 0.9375
8 36938847 2.4988
8 36980967 0.350400816027944
8 37000515 0.1079
8 37007655 0.479530198986609
8 37010432 1.17882394445814
8 37021821 2.47975493962396
8 37024526 2
8 37035638 2
8 37037057 2
8 37039566 0.658930529990537
8 37041608 2
8 37052847 2
8 37059653 1.45961437304358
8 37072649 1.58899238464884
8 37077189 0.0684361775101187
8 37079015 1.49016583786055
8 37082437 1.06780989432543
8 37105938 0.660626558221416
8 37112271 0.187122795195314
8 37150102 0.0351
8 37180958 0.0107
8 37186350 2
8 37215643 2
8 37220511 2
8 37277539 2
8 37277735 1.48662053977979
8 37281307 1.24793834517583
8 37288091 2
8 37288281 0.90084498176165
8 37289471 0.387395132733591
8 37296036 0.694749013644813
8 37315799 0.601457256843676
8 37319771 2
8 37334235 2
8 37336376 2
8 37352229 2
8 37374171 2
8 37380389 2
8 37384019 0
8 37398797 2
8 37406217 2
8 37411774 2
8 37457647 2
8 37461114 2
8 37482269 2
8 37488441 2.339
8 37489610 2
8 37490362 2
8 37491930 2
8 37493992 2
8 37494404 2
8 37494471 2
8 37496459 2
8 37517134 0.1062
8 37526681 0.807853545889052
8 37533946 2.3389
8 37615552 0.0391128173138023
8 37623619 0.911302648634572
8 37624623 1.7271
8 37628070 0.0733490692022638
8 37633888 0.27
8 37634647 0.322
8 37635354 0.27
8 37638003 2
8 37644937 2
8 37763827 1.8739
8 37805898 2
8 37825256 2
8 37881098 2
8 37929940 0.6091
8 38038507 0.0072
8 38044935 0.1554
8 38116490 2
8 38123069 1.0082
8 38154515 7e-04
8 38178441 2
8 38215091 2.99
8 38243641 2
8 38271610 2
8 38277991 2.3464
8 38295074 2
8 38335489 2
8 38335493 2
8 38367911 2.2001
8 38369180 0.0078
8 38376991 2
8 38382490 2
8 38389244 2
8 38395155 1.9275
8 38402922 2
8 38443496 2
8 38466247 2
8 38466895 0.288409445882025
8 38481681 0.108320341563675
8 38505954 0.653
8 38522450 2
8 38556690 0
8 38556756 1e-04
8 38561569 2
8 38562332 2.0202
8 38571139 0.0833
8 38586808 0.0419
8 38587466 0.9386
8 38594347 1.98112860893609
8 38596801 5e-04
8 38602766 0.532607596527851
8 38606420 0.2962
8 38609716 2
8 38611087 0.559368181990026
8 38614386 0.286883719408742
8 38615054 1.28429397403197
8 38615276 0.218489887922916
8 38623011 0.582406459191133
8 38625917 2
8 38653630 1.48627336120173
8 38655728 0.2342012426232
8 38657022 0
8 38669849 0.9421
8 38683453 2
8 38683882 1.0328
8 38687771 0.8563
8 38689929 2
8 38709150 0.126629294131596
8 38714199 1.1973
8 38719887 2
8 38725053 1.28652485639266
8 38727760 2
8 38747850 1.0456
8 38753956 2
8 38764330 0.5518
8 38774302 0.8961
8 38780278 1.25780787751221
8 38788884 0.9762
8 38795231 2.4029
8 38798732 0.307
8 38815431 1.27153398517278
8 38833621 0.391
8 38838204 2
8 38852035 0.6814
8 38878571 1.59535190585047
8 38879827 0.0242
8 38889084 2
8 38901745 0.969933564676734
8 38918905 0.0447384535893365
8 38925109 0.161476158295765
8 38932145 0.994110342432674
8 38934191 0.536
8 38935637 0.0883516666406214
8 38936164 0.5724
8 38939774 0.0560002737965454
8 38940322 0.4981
8 38940657 2e-04
8 38944221 2
8 38957675 0.7414
8 38958885 1.09365754537037
8 38959035 3.1212
8 38963612 0.436
8 38971946 2
8 38975322 2
8 38979890 1.66958680548373
8 38983976 2
8 38987491 0.2637
8 38989496 0.2637
8 38995750 0.2637
8 39000289 0.779664570284646
8 39002475 2
8 39007175 0.312005486836637
8 39022097 1.09574506624123
8 39024646 1.5455
8 39027782 0.55286210908161
8 39045510 1.80576489080277
8 39112456 0.9242
8 39113230 2
8 39120655 0.0748
8 39126651 2
8 39141793 2
8 39145252 2
8 39160494 2
8 39165187 5e-04
8 39173157 0.918
8 39174801 8e-04
8 39181240 0.6825
8 39191964 0.6825
8 39198418 0.6858
8 39217104 8e-04
8 39249601 0.1796
8 39259409 0.7669
8 39300887 1.51429134287526
8 39310341 1.30036416371673
8 39316324 0.129969086758037
8 39337695 0.245656200849418
8 39337761 0.124685185949619
8 39395987 0
8 39419499 2
8 39419995 0.1333
8 39433547 0.1577
8 39445240 0.1624
8 39447705 0.1624
8 39447904 0.1443
8 39458529 2
8 39484597 2
8 39487295 2
8 39492699 2
8 39495351 2
8 39495430 2
8 39499005 2
8 39502753 2
8 39502834 0.9747
8 39519957 0.9898
8 39539496 0.650901527201829
8 39544374 1.33233993022602
8 39575057 0.494652187809048
8 39579778 0.85578211889209
8 39581646 0.997487308449828
8 39615226 1.22328384529454
8 39639603 0.269
8 39643142 1.9584
8 39644698 0.2347
8 39686468 0.1198
8 39696264 0.2834
8 39702173 0.1198
8 39705071 0.696452910138913
8 39716535 0.672155883811697
8 39722235 0
8 39726187 0.679
8 39742742 0.679
8 39750843 0.469
8 39754813 0.0274646318484567
8 39765231 1.0084
8 39824345 2
8 39834516 2
8 39845072 2
8 39845930 2
8 39850638 0.6159
8 39851534 0.6159
8 39867638 2
8 39868257 1.2694
8 39869433 0.319383643425046
8 39872690 1.2694
8 39875727 2
8 39876801 1.2694
8 39879952 1.3248
8 39899166 2
8 39906024 2
8 39906999 0.0053
8 39912216 2
8 39925963 0.69595041583851
8 39927802 2
8 39933827 2
8 39934845 2
8 39938550 2
8 39940171 2
8 39943804 1.69046006670873
8 39944276 0.0883
8 39944678 0.125960028936099
8 39959015 2
8 39959264 2
8 39959393 2
8 39973438 0.191
8 39973681 0.191
8 39981302 0.1268
8 39985693 2
8 39990129 2
8 39992493 0.1768
8 40003653 2
8 40008441 2
8 40010559 0.384674280715264
8 40012114 2
8 40014843 2
8 40016603 0.285637851739763
8 40021184 0.694708069204593
8 40022529 2
8 40022628 2
8 40026451 2
8 40027472 2
8 40027475 0.0272
8 40029472 2
8 40033937 2
8 40045547 2
8 40056745 1.6964
8 40063729 0.878055948289947
8 40063958 1.07094145695763
8 40065851 0.0749170862833129
8 40081911 0.329638212840262
8 40093094 0.0852608981737796
8 40099599 1.6749
8 40100689 1.6749
8 40103187 1.6749
8 40106216 1.6749
8 40107685 1.654
8 40110012 0.0280306695436693
8 40119286 5e-04
8 40128420 2
8 40134054 0.330795007435833
8 40139508 2
8 40150933 1.6721
8 40152734 0.5696
8 40156583 1.9584
8 40178830 2.5866
8 40184191 2
8 40200364 0.0359
8 40206758 0.0669
8 40221052 2
8 40228020 1.41029174445283
8 40234194 0.8551
8 40236302 0.326260175707518
8 40244463 1.8626
8 40249252 0.251203742625718
8 40254042 1.1502
8 40260229 5e-04
8 40297275 2
8 40307341 0.4497
8 40321864 0.7088
8 40328158 2.25098242046529
8 40346272 1.31690399915256
8 40346743 2
8 40358004 2.8716
8 40361355 2
8 40362285 2
8 40370246 1.3987
8 40370305 5e-04
8 40374086 5e-04
8 40378368 2
8 40382590 0.6058
8 40384200 2
8 40384342 0.864819955364301
8 40389035 0.6058
8 40394106 2
8 40395995 0.6058
8 40396346 2
8 40396639 2
8 40396951 2
8 40402499 0.6058
8 40405758 1.2455
8 40408180 1.2455
8 40414265 2
8 40424246 1.2455
8 40426982 0.8122
8 40429000 5e-04
8 40431033 0.592138880778
8 40439444 0.8551
8 40439513 0.8551
8 40440469 0.8551
8 40440542 0.8551
8 40445055 0.8551
8 40445668 0.0876320949607281
8 40445780 2
8 40447707 2
8 40448883 2
8 40451870 2
8 40457270 2
8 40457833 2
8 40462169 2
8 40462727 0.7722
8 40471343 2
8 40475772 2
8 40476750 2
8 40479806 2
8 40484470 2
8 40494418 1.6748
8 40503106 2
8 40505834 2
8 40506135 2
8 40507893 2
8 40508254 2
8 40510701 2
8 40511079 2
8 40512224 2
8 40512700 2
8 40515595 0.0897
8 40516243 2
8 40516476 2
8 40516487 2
8 40517650 2
8 40517724 2
8 40523220 2
8 40524066 2
8 40529947 2
8 40535446 1.1541
8 40542667 1.7303
8 40548803 0.1176
8 40551624 1.7303
8 40563332 2
8 40586241 2
8 40590768 2
8 40592510 2
8 40600478 2
8 40601455 0.91647127626581
8 40607211 2
8 40629498 2
8 40630630 2
8 40631513 2
8 40632679 2
8 40637319 2
8 40640720 2
8 40643649 2
8 40656589 0.472214242492801
8 40683990 2
8 40700160 2
8 40703675 2
8 40710948 2
8 40712078 1.16270945329877
8 40715671 2
8 40717787 0.0634
8 40718506 1.52156595000567
8 40719533 0.3522
8 40723183 2
8 40733828 2
8 40737100 0.177
8 40739339 1.33543427466397
8 40742297 2
8 40748623 2.9828
8 40763784 2
8 40770705 2
8 40776853 2
8 40783468 2
8 40785200 2
8 40789115 2.1722
8 40794051 2
8 40795232 0.4384
8 40800880 0.4503
8 40801149 2
8 40820797 0.528382305232153
8 40841385 0.5107
8 40881759 2
8 40894185 1.05868186313045
8 40903286 2
8 40907325 0.536371062597505
8 40911711 0.571446131103525
8 40917127 0.753749287873112
8 40917151 0.194043125907668
8 40934458 1.20120855977383
8 40947435 0.6201
8 40949670 0.19
8 40967517 0.638269779301093
8 40979525 0.0784430038921457
8 40984776 0.0276161752384983
8 41028104 0.0222
8 41055826 0.1977
8 41081379 0.2054
8 41084097 1.17636335044963
8 41084629 0.9935
8 41094583 1.0609
8 41116545 0.9613
8 41125457 2
8 41137620 2
8 41146843 0.4078
8 41150030 0.0545741128307337
8 41154012 0.6055
8 41159121 1.22330969488773
8 41175994 1.0017
8 41179837 1.0017
8 41191242 1.0017
8 41192618 1.0017
8 41196646 0.0597045918489877
8 41203626 1.95131536362347
8 41212019 2
8 41215240 0.279789424201652
8 41234434 1.5298
8 41237109 2
8 41258550 2
8 41272438 1.98298963620099
8 41273387 1.41493832484878
8 41278659 0.990744793174974
8 41279923 0.00906704754840525
8 41301086 0.00338091484003344
8 41302756 0.18962936192532
8 41303846 1.8542
8 41311977 2
8 41353620 2
8 41360170 0.0558
8 41369688 2
8 41375167 2
8 41396922 5e-04
8 41402740 2
8 41423272 0.119206793960547
8 41423689 1.77112781466414
8 41424815 0.760832938598764
8 41425169 1.59092969609495
8 41428345 0.419190682621916
8 41445577 0.738052409000108
8 41448150 1.01316323360918
8 41449670 0.0753913306899212
8 41453626 0.93276169320773
8 41454349 2
8 41455676 2
8 41458402 0.626684561599784
8 41468624 2
8 41469154 2
8 41473680 1.0468
8 41481788 0.191814137735702
8 41488051 0.809239096805065
8 41489289 0.93431502457399
8 41502489 0.244362254626005
8 41506659 0.93002875637929
8 41522179 0.5298
8 41545256 1.41878043244916
8 41553323 2
8 41555761 2
8 41556760 0.109637434609079
8 41557493 2
8 41558359 0.963086048008555
8 41567864 2
8 41577706 0.3369
8 41588875 2.9828
8 41592777 2
8 41617587 2
8 41622990 2
8 41623518 2
8 41631748 0.858688687108772
8 41633329 0.719530566295026
8 41635890 0.0221834193768013
8 41638725 2
8 41639017 2
8 41651020 2
8 41653638 0
8 41654181 1.8768
8 41690230 0.515698991649701
8 41703471 0.935224118986555
8 41708064 0.4793
8 41710640 0.4565
8 41716164 0.319146148251002
8 41720510 1.6468
8 41728838 2
8 41730668 2
8 41790259 2
8 41803336 2
8 41813985 1.93578574792908
8 41826970 2.77612733490266
8 41830529 2
8 41839126 0.418624578515513
8 41840774 1.17105169221337
8 41859003 2.25850211468219
8 41899637 5e-04
8 41906725 0.6358
8 41911815 2
8 41933765 2
8 41952832 2
8 42012732 0.125568089034295
8 42022380 2
8 42025440 2
8 42066768 1.92445391553386
8 42084480 2.2452
8 42086120 1.38813269068367
8 42087567 1.3717
8 42103633 0.867509322499395
8 42109434 0.163001542419236
8 42112252 0.90312959442855
8 42114964 1.08759052002633
8 42116153 1.5175629485344
8 42117271 0
8 42124910 2.5345
8 42126948 0.136881008895148
8 42150876 0.883006320481403
8 42150878 0.0897
8 42186826 0.0078
8 42188694 2
8 42230547 2
8 42240612 1.0596
8 42291570 2
8 42296267 2
8 42331218 1.50740941414749
8 42366953 0.1027
8 42426909 2.1203
8 42443265 0
8 42445642 2
8 42502150 0.393716970355376
8 42533158 0.5287
8 42537072 0.0053
8 42549594 0.509640954283264
8 42563029 1.49320781915825
8 42583629 5e-04
8 42584166 2.63940311166004
8 42586185 2
8 42590257 0.493146181720011
8 42597479 0.5287
8 42613404 0.2683
8 42622820 2
8 42645620 0.900481593723622
8 42649810 2
8 42650323 2
8 42655823 5e-04
8 42661599 0.673947874379629
8 42670376 2
8 42686303 0.840125319828099
8 42686449 1.55973804811344
8 42690034 0.318452079698415
8 42690153 0.291513253929907
8 42691890 0.973900523128261
8 42692190 1.2368526563929
8 42694270 2
8 42694914 0.397538800294245
8 42696018 1.15985505862398
8 42707795 0.847003788959779
8 42717910 1.41467027329135
8 42724824 0.430307231668955
8 42731057 5e-04
8 42751708 0.344790018781956
8 42758043 0.379721553089695
8 42758373 2.67428069542593
8 42760470 0.0263
8 42770248 1.12632023418114
8 42771275 0.400472934521904
8 42787592 0.0476316459814413
8 42792062 2
8 42799279 2
8 42808638 0.948589880806271
8 42835865 2
8 42860503 0.0890005241662703
8 42887062 0.0716337879547732
8 42915605 2
8 42941411 0.524554175582126
8 42976988 1.53723078787439
8 42991232 1.19356111532323
8 42995996 0.0413497856646192
8 42996924 5e-04
8 43022099 2
8 43041001 2
8 43075357 2
8 43089243 2
8 43090410 2
8 43094193 2
8 43100212 0.190826055305716
8 43115796 0.5013
8 43125619 1.5275308008675
8 43157491 2
8 43179652 5e-04
8 43181164 4e-04
8 43190837 2
8 43207184 2
8 43230235 2
8 43233037 2.39419968582627
8 43243912 2
8 43245264 2
8 43245587 5e-04
8 43245636 2
8 43247420 0.0537640024305382
8 43247613 2
8 43249925 2.69431929678797
8 43257937 0.258892222425355
8 43272870 0.938541296048256
8 43279623 0.373318254852438
8 43328375 5e-04
8 43398655 2
8 43404287 2
8 43408263 0.039006645502826
8 43416707 2
8 43426224 0.0263229696962102
8 43433313 2
8 43457726 1.10878371943087
8 43458887 0.2989
8 43460705 2
8 43464211 2
8 43465542 2
8 43472727 2
8 43474792 2
8 43510144 2
8 43516475 2
8 43549781 0.1894
8 43559027 0.923210381540537
8 43562586 2.4343534533942
8 43570210 0.418664376942098
8 43571547 2
8 43581081 2
8 43604537 2
8 43614604 0.126598583117489
8 43617322 2
8 43618035 2
8 43634460 2
8 43687128 2
8 43701769 2
8 43707666 0.2989
8 43712017 2
8 43714110 2
8 43714256 0.415077739955926
8 43728629 2
8 43739023 2
8 43748215 2
8 43750923 1.23874714085838
8 43758808 2
8 43764914 2
8 43781226 2
8 43787812 2
8 43788871 2
8 43874861 2
8 43877191 2
8 43877587 0.2989
8 43878937 2
8 43888283 0.2989
8 43911942 3e-04
8 43914402 0.508436870307433
8 43920243 2
8 43921095 2
8 43928356 2.9786
8 43930942 0.0996410545274733
8 43963600 0.4128
8 44738318 0
8 45935403 0.132038168482054
8 45967567 2
8 45973537 0.314352565052425
8 45983894 0.9902
8 46001505 2.02792100967187
8 46004192 0.00404477030955169
8 46007339 2
8 46014230 2
8 46015441 2
8 46049488 0.633273917154108
8 46063070 2
8 46075030 2
8 46080801 2
8 46104465 1.37312879972976
8 46138812 2
8 46143222 2
8 46146565 2.1456
8 46187752 2
8 46206290 1.58850582672906
8 46219424 1.53677500174236
8 46228143 0.0519
8 46228443 1.28838660156048
8 46230544 0.636949236924288
8 46237321 2
8 46243002 1.6555
8 46276572 2
8 46281585 1.4722
8 46307321 0.495940546888216
8 46327311 1.02446428151664
8 46328784 1.46117793131483
8 46353141 2
8 46363388 2
8 46372651 2
8 46389150 2.4182919956625
8 46402823 0.230220176684872
8 46411789 0.441491796215327
8 46411838 2
8 46423930 2
8 46424994 2
8 46445504 2
8 46464051 2
8 46475064 0
8 46483853 2.53361120406181
8 46490584 2
8 46494257 2
8 46496243 2
8 46497052 2
8 46524762 2
8 46525732 2
8 46531258 0.136238083476692
8 46553016 1.64705887776673
8 46557595 0.758372320741654
8 46563352 0.9249
8 46566381 2
8 46582842 0.311194537840127
8 46594602 5e-04
8 46608451 0.691505401013004
8 46648646 0.3508
8 46654336 5e-04
8 46666037 2
8 46673785 2
8 46717043 0.896460917642534
8 46721144 0.1198
8 46733774 1.82176330181422
8 46742326 2
8 46752959 2
8 46756496 0.680572679863667
8 46759386 2
8 46767995 2
8 46783860 2
8 46792777 0.2003
8 46801279 2
8 46801614 2
8 46813179 2
8 46834410 2
8 46870515 0.393754475978829
8 46872228 0.326376507797472
8 46884394 2
8 46900711 2
8 46907591 1.5260266318107
8 46915902 2
8 46954868 0.2989
8 46967591 0.1027
8 46974490 1.81148865867236
8 46974753 1.06396802685471
8 46982073 0.736600174442453
8 46988333 1.00725221768656
8 46989695 1.10033293200639
8 46994643 2
8 47040275 1.04252716091962
8 47072735 2
8 47074839 2
8 47098350 1.41284014605038
8 47103081 2
8 47113035 0
8 47132282 1.12367630445856
8 47153275 0.244205553451384
8 47178128 2
8 47184620 0.884124957788992
8 47241429 0.2989
8 47242193 1e-04
8 47269840 0.389236284014754
8 47297392 2
8 47393892 0.99855119003685
8 47475519 0.10109817555296
8 47569536 1.18416002479241
8 47587842 3.1148
8 47664829 2.1107
8 47697539 0
8 47709185 0
8 47729866 2
8 47757621 0.241588448272868
8 47804066 1.40601286154963
8 47826879 1.10824501496777
8 47941141 0.0129383004642749
8 48020817 0.967691091571869
8 48047995 2
8 48071690 0.0217
8 48125572 2
8 48142280 0.782783112699692
8 48143669 2.59731595808979
8 48145186 1.09449164142526
8 48150002 1.72200689009793
8 48155838 0.401661479496362
8 48156396 0.960758446592595
8 48159654 0.848457314101553
8 48173392 1.1876
8 48184016 0.859585338833851
8 48184268 1.1876
8 48191540 2.1546
8 48207623 1.1876
8 48207981 0.422387429048633
8 48212239 1.1876
8 48213482 0.28193712832896
8 48229531 1.142
8 48235372 1.1876
8 48235431 0.195404494279889
8 48247642 1.1876
8 48252328 1.1876
8 48256031 1.1876
8 48261558 1.142
8 48264057 1.1876
8 48265975 1.142
8 48267299 1.142
8 48268603 1.142
8 48280316 0.621534799227532
8 48297819 2.7145
8 48304171 1.142
8 48325178 0.813564511940617
8 48325236 0.183058299303708
8 48340778 1.98635409576409
8 48341078 0.0681
8 48346053 0.794951941073983
8 48348294 0.820992906477908
8 48354789 0.316216856532523
8 48368817 0.7483
8 48373948 1.142
8 48388359 0.687
8 48403610 1.0605
8 48427883 2.0728
8 48428981 0.18
8 48430762 0.7067
8 48431018 1.0238
8 48497704 0.0078
8 48538142 0.0078
8 48569319 5e-04
8 48574798 1.2371
8 48583026 2.4034
8 48607664 0.0078
8 48645564 0.31290438270696
8 48658624 0.579126382578345
8 48675903 2
8 48683581 0.705014952597917
8 48717591 0.2319
8 48857078 0.0095
8 48866014 2
8 48875743 5e-04
8 48904774 2
8 48925285 2
8 48934075 2
8 48999231 0.7053
8 49000732 2
8 49004380 2.5468
8 49010174 2
8 49076425 2
8 49082642 2
8 49111308 2
8 49137314 2
8 49152357 1.07727815268034
8 49157269 2
8 49159451 0.723080931315622
8 49165155 0.308852140284052
8 49174666 2
8 49191183 0.451768805664944
8 49192567 2
8 49194821 2
8 49195406 2
8 49204996 2
8 49205747 2
8 49208579 2
8 49209331 2
8 49213148 2
8 49215252 2
8 49215538 2
8 49217052 2
8 49255399 0.201808038573657
8 49263388 2
8 49263416 2
8 49264687 2
8 49269610 0.367873937475668
8 49271995 0.361782433546694
8 49290334 0.479047154416168
8 49292157 2
8 49305229 1.00715127079095
8 49336841 2
8 49354112 2
8 49361106 2
8 49367977 0.225770504115597
8 49380551 0.94725819944556
8 49385331 1.09216849166685
8 49391384 1.12105451928004
8 49393717 0.803056711051485
8 49395377 0.597762185111891
8 49421006 0.0837
8 49437384 0.1228
8 49468427 0.1152
8 49490522 2.8021
8 49490678 0.105334880531537
8 49491466 0.38693668150732
8 49601770 0.0657
8 49602878 0.0657
8 49604621 0.0657
8 49606061 0.0657
8 49608060 0.0716
8 49630845 0.0716
8 49641576 0.0263
8 49642255 2.4111
8 49684669 0.0961
8 49707746 0.0217
8 49748064 0.0107
8 49757409 0.0107
8 49762121 1.0971
8 49768165 5e-04
8 49787748 1.1359
8 49794693 0
8 49794987 0.1204
8 49807910 0.1189
8 49847708 0.9955
8 49863763 0.1324
8 49869295 0.1324
8 49875624 0.0425
8 49877266 0.0263
8 49879948 0.0425
8 49881310 0.0425
8 49884617 5e-04
8 49884772 0.9955
8 49888749 0
8 49890532 1.02091966321159
8 49892589 0.0425
8 49896662 0
8 49905355 0.0425
8 49920281 0.0425
8 49969389 0.166895712107525
8 49979420 0.1215
8 50006152 0.1147
8 50021663 0.1147
8 50060280 0
8 50074908 1.08862292333592
8 50081959 1.0417
8 50091706 0.349584309070886
8 50100807 0.170848877149416
8 50119665 0.651590502891398
8 50143166 0.136756213575812
8 50232753 1.17117892842983
8 50236126 2.19683132868571
8 50272630 0.0226996272227035
8 50278838 1.2705
8 50281034 0.140444336637904
8 50284094 0.052494150930461
8 50289186 1.02595243278207
8 50292316 0.709550018685755
8 50294222 0.581422042032036
8 50309225 0.752253746267507
8 50313439 0.985657049673543
8 50316020 0.626631140063639
8 50318252 0.201383998837468
8 50321998 0.348825721809132
8 50322945 0.05913871328064
8 50324452 0.0505
8 50341271 0.603077950357897
8 50350472 0.469095965824399
8 50351617 0.958420149065757
8 50357997 0.806514424657058
8 50363706 1.02545121086754
8 50400816 1.18216890356064
8 50464683 2
8 50466350 0.158313677169063
8 50483397 0.0762
8 50491885 0.416935241220061
8 50501618 2
8 50512108 1.1832
8 50517401 1.5197
8 50522820 0.6571
8 50545604 1.0565
8 50554234 0.511423567330466
8 50617378 1.0741277060838
8 50618802 0.823716752761394
8 50636426 0.784302335669314
8 50640038 0.175109400541951
8 50641552 2
8 50645699 2
8 50670616 0.770796161233154
8 50671665 0.760189258581009
8 50671938 0.276116792447761
8 50675283 1.01978677140478
8 50686060 0.248859006805551
8 50689459 0.280893645954588
8 50714872 1.81511726532598
8 50722001 2.81830149242441
8 50732934 0.575023433690138
8 50741495 0.388829207378213
8 50747001 1.1793
8 50764575 0.0511752156342051
8 50807470 1.7741
8 50813308 0.515659040923338
8 50833981 0.482000648818973
8 50837720 1.0341974526058
8 50849245 0.780621819284981
8 50855699 0.245585476738268
8 50871860 2.40906563113917
8 50876826 0.210996513026781
8 50889789 0.507790774939061
8 50896879 0.349170298424851
8 50925770 0.771514870275977
8 50929785 1.44742026594324
8 50934911 1.3819
8 50941367 0.374249032162887
8 50946673 0.222358312500864
8 50948833 0.340833340690487
8 50954161 0.174230063165028
8 50993017 0.0701338338479951
8 50999637 2
8 51004456 0.21298833823005
8 51004700 0.304421009201248
8 51004761 1.21120561942272
8 51011567 2.2551
8 51015341 0.23171053430992
8 51020006 0.756093240160322
8 51024072 2
8 51026816 2
8 51046353 1.22825915132352
8 51049244 0.270289054456592
8 51058789 0.2887
8 51107303 1.5871
8 51109570 1.38932153569603
8 51110087 1.5871
8 51111848 0.260405565497757
8 51113404 1.17629237979046
8 51138636 2
8 51141766 2
8 51142550 2
8 51144924 2
8 51147137 2
8 51147774 2
8 51152047 2
8 51157850 2
8 51159595 2
8 51185351 0.797988701289871
8 51197412 2.00640875777836
8 51209869 0.350355241808783
8 51220098 1.1586243674191
8 51221549 1.04635376908651
8 51222499 2.0752
8 51228655 0.477829793000686
8 51234424 0.113541167645315
8 51234481 3.06875359432805
8 51241505 1.81207096064885
8 51243607 0.90407427660779
8 51244999 2.0752
8 51262083 2
8 51313458 2
8 51317399 2
8 51324911 2
8 51347101 2
8 51347330 2
8 51348748 2
8 51351622 2
8 51355205 2
8 51356529 2
8 51356832 2
8 51358933 2
8 51405348 2
8 51413249 2.50718726042839
8 51413319 2
8 51440449 5e-04
8 51455591 2
8 51457982 0.283694067045953
8 51463142 2
8 51464653 0.0531511421218197
8 51465395 2
8 51469657 2
8 51482661 2
8 51483681 2
8 51486952 2
8 51492287 1.92116380787322
8 51496535 1.25411550305622
8 51501346 0.199538321588833
8 51507322 2
8 51508812 2
8 51548976 2
8 51551017 2
8 51553576 2
8 51600013 0.0263
8 51608653 2
8 51610905 2
8 51614172 1.8157
8 51615712 1.29941199845653
8 51629907 2
8 51636863 2
8 51637029 2
8 51644343 2.8238
8 51644625 0
8 51647018 1.10353219828488
8 51651988 0.361181162671997
8 51661209 2
8 51667404 0.891278412513488
8 51676154 2
8 51683416 2.1549
8 51691086 2
8 51696376 2
8 51708853 2
8 51719503 0.301189261763584
8 51734321 1.3047659300666
8 51741227 0
8 51744061 2
8 51755043 2
8 51755611 2
8 51756408 0
8 51776465 1.79053250120718
8 51780224 1.31122557623124
8 51790811 1e-04
8 51795092 0.323951426342715
8 51796493 0.406605323841074
8 51797726 0.56749762875107
8 51803124 0.175601345818489
8 51805874 0.919678036684867
8 51807356 0.570969549812664
8 51811887 0.6228
8 51814852 0.198110022195285
8 51821745 0.391737242852383
8 51825820 0.398676478820507
8 51826910 0.0587268343585867
8 51827972 0.875205165696123
8 51828123 1.2808
8 51830997 0.695443311776529
8 51844910 0.644100218342286
8 51859955 0.704700066559694
8 51863252 0.6228
8 51873031 0.442237750611581
8 51873598 0.322921153493476
8 51875389 0.6228
8 51875676 0.6228
8 51875813 0.218406439944324
8 51875960 0.397449082702253
8 51876909 1.8942
8 51877098 0.461225662611465
8 51878249 0.759652751702213
8 51878837 0.6228
8 51884117 0.9877
8 51892225 0.570676932708653
8 51895444 0.9877
8 51898475 0.9877
8 51899486 0.9877
8 51916330 2.784
8 51919420 0.0439
8 51919980 0.101110726218739
8 51930769 0.692950378900129
8 51954748 0.1251
8 51969401 1.6404
8 51986535 1.75365981752479
8 51988390 0.29006278664975
8 51990892 0.626087981655911
8 51993972 0.207232440248263
8 51996518 0.516137030780636
8 51999709 1.45812151249307
8 52005103 0.9586
8 52006201 0.8713
8 52015066 0.299647066316809
8 52029187 2
8 52035921 2
8 52037133 1.8796
8 52042878 1.8796
8 52043985 0.752730597251904
8 52050641 1.8796
8 52067952 1.9061
8 52088234 1.6844
8 52091944 2.4034
8 52092289 0.1218
8 52094206 0.8316
8 52116570 0.0752457581416355
8 52122829 0.670901333416398
8 52135418 2
8 52143719 2
8 52166393 1.24005562878372
8 52209897 2.218
8 52217109 2
8 52256681 2
8 52275727 2
8 52276188 0.1027
8 52335860 0.46708869375758
8 52349476 0.0389
8 52358953 0.0389
8 52375075 0.0389
8 52387677 0
8 52392494 2
8 52402482 2
8 52414458 2
8 52418831 0.336322327473433
8 52436078 1.9761
8 52446606 1.4713
8 52450865 0.79049408673903
8 52453014 0.677279427642699
8 52457267 0.564887705745982
8 52466119 0.000893730489446544
8 52474942 2.00855927588271
8 52483662 1.01694695835717
8 52500338 0.370250294062889
8 52506423 0.5754
8 52508039 1.20727824589806
8 52527668 0.191151562031255
8 52552089 0.761308028973089
8 52556641 0.574
8 52560130 1.62977172289212
8 52573022 2
8 52573937 0.474505879543808
8 52576783 0.946716216416766
8 52595611 0.6294
8 52603170 0.29593043957674
8 52641585 0.6294
8 52672124 0.9744
8 52672411 0.9744
8 52678737 2
8 52702204 0.844
8 52729843 2
8 52730281 0.375164951343626
8 52739253 0.9744
8 52754213 0.9483
8 52768248 1.01393434864903
8 52784400 0.989246194381572
8 52791102 0
8 52793206 2
8 52793603 1.1383
8 52797545 2
8 52826592 1.440414119225
8 52833419 2.08223717105651
8 52834223 1.04607314518341
8 52840264 1.47523042970835
8 52845234 0.831802024345216
8 52876837 0.0535284463057382
8 52884303 1.19890880903372
8 52884887 5e-04
8 52901530 0.9233
8 52910485 1.6202
8 52915463 0.9225
8 52929426 2.05837420220778
8 52931941 1.1377
8 52938902 2
8 52942078 0.0078
8 52943088 0.441245373562214
8 52948295 1.0565
8 52951362 1.0565
8 52959830 1.0565
8 52964529 0.0942
8 52968217 2
8 52980823 0.9978
8 52987862 0.577546844040382
8 52995768 0.8407
8 53007440 0.0078
8 53009518 0.705525384100133
8 53026951 0.0401840097354181
8 53027624 0.838383427485044
8 53029977 5e-04
8 53032535 0.527714407188576
8 53034737 0.8802
8 53043332 0.9783
8 53048001 0.8802
8 53052371 0.971029161660507
8 53062213 2
8 53068268 2
8 53076772 0.53
8 53079776 2
8 53081040 5e-04
8 53081287 0.1423
8 53081506 2
8 53093555 0.53
8 53093697 0.53
8 53095023 0.1423
8 53096381 0.53
8 53098397 1.0124
8 53103791 0.9408
8 53110283 0.9408
8 53112435 2
8 53113824 1.0124
8 53116609 2
8 53124898 2
8 53127675 2
8 53129650 0.6404
8 53134595 0.741118197265086
8 53142570 1.00294221414933
8 53151486 2.2299
8 53161208 0.50144489054737
8 53185272 1.37312345305664
8 53202772 0.35931891318701
8 53203134 8e-04
8 53203148 8e-04
8 53206654 1.69355554434312
8 53219853 2
8 53224336 0.127619236931051
8 53242588 1.4677
8 53258055 1.00648033033571
8 53278586 1.3375
8 53279750 0.5996
8 53280066 1.3375
8 53280100 1.3375
8 53282145 1.3375
8 53283962 1.3375
8 53291803 0.9966
8 53293806 0.1027
8 53297326 1.0227
8 53306117 1.1647
8 53318909 1.3279
8 53326036 1.0227
8 53327646 1.0227
8 53329959 1.0227
8 53339168 1.3375
8 53341509 1.0227
8 53351953 1.3375
8 53354683 1.1396
8 53380802 1.3353
8 53389874 0.0155
8 53396159 0.2311
8 53422918 1.3956
8 53436672 0.3555
8 53451783 1.02185212455816
8 53457312 0.1819
8 53457837 0.3555
8 53458211 0.2523
8 53469394 0.3185
8 53486573 0.9904
8 53499519 0.4265
8 53501695 0.2752
8 53502172 0.4291
8 53502633 0.4417
8 53512069 0.4029
8 53513644 1.0234
8 53520177 2
8 53522667 0.1521
8 53567874 0.1414
8 53569316 0.1414
8 53571319 0.1414
8 53572073 2
8 53572594 0.0088
8 53581991 2
8 53601353 0.1484
8 53606968 0.1484
8 53607514 0.1484
8 53609349 0.1414
8 53612276 0.0088
8 53631190 2.784
8 53647210 0.2345
8 53648378 0.2345
8 53650839 0.2032
8 53656732 0.2265
8 53671054 0.8034
8 53676784 0.5867
8 53687224 2
8 53693591 0.0263
8 53702187 1.6567
8 53718113 1.0956
8 53745595 1.609
8 53759571 2
8 53803293 2
8 53945689 3.1166
8 54029149 0.9853
8 54032455 1.7217
8 54041150 2
8 54062615 0.9853
8 54080599 2
8 54101145 0.415103227312697
8 54118676 1.5791
8 54122100 2
8 54125412 1.66253045490517
8 54125471 8e-04
8 54126662 0.0263
8 54163121 2
8 54180932 0.2579
8 54193986 0.282
8 54203130 0.282
8 54203188 0.282
8 54204156 1e-04
8 54207219 0.282
8 54244961 2
8 54254567 0.1005
8 54262528 2
8 54271521 2
8 54273795 2.0024
8 54276694 2
8 54283736 2
8 54286865 0.9511
8 54300976 2
8 54302987 2
8 54305364 0.5593
8 54308867 1.03988662169361
8 54312174 0.350216007641497
8 54318869 0.6742
8 54322638 0.00937721072518572
8 54323245 0.0441199392612401
8 54325499 0.5377
8 54329170 0.00825328687517965
8 54333475 0.225002185585534
8 54335450 0.241886469690948
8 54337363 0.81505409112459
8 54337754 0.993262508395256
8 54339243 2
8 54339686 2
8 54340379 2
8 54341742 2
8 54344046 0.5228
8 54346694 2
8 54365009 2
8 54365193 2
8 54365897 0.440716714482415
8 54393788 2
8 54394236 2
8 54398418 2
8 54426526 2
8 54431960 0.6597
8 54439306 0.8313
8 54453430 0.7926
8 54456086 0.7926
8 54470222 2
8 54484052 2
8 54484247 0.590231646011453
8 54484643 1.3398
8 54494272 1.08801719523688
8 54495714 0.2686
8 54501764 0.4554
8 54504712 0.2686
8 54504908 0.2686
8 54506602 0.2686
8 54522046 5e-04
8 54523073 0.3003
8 54526310 0.7792
8 54535464 0.4
8 54536567 0.4
8 54553839 0.6106
8 54554501 0.6106
8 54567968 2
8 54575385 0.4608
8 54575676 2
8 54582184 2
8 54586837 2
8 54599655 0.298132938379673
8 54601199 1.33983786006006
8 54603945 0.927367422399491
8 54609466 0.161804631553892
8 54624325 2
8 54645744 1.67761386468627
8 54645751 2
8 54649258 2
8 54655851 2
8 54667738 1.14641075083385
8 54684929 0.817793991428081
8 54686388 0.485685885635071
8 54690347 2
8 54751085 2
8 54771560 2
8 54780573 0.2826
8 54782981 2
8 54792461 2
8 54807674 1.07527581598553
8 54827724 2
8 54832232 2
8 54833349 0.3217
8 54850940 0.3217
8 54855283 0.339
8 54870561 0.3635
8 54873405 0.3635
8 54912822 0.202979704145207
8 54941732 1.8796
8 54942840 0.272671750508398
8 54948262 0.567765015223179
8 54989394 1.38310038115132
8 55014090 0.84747973192243
8 55041159 0.3831
8 55048353 0.3831
8 55050180 0.3831
8 55052909 0.465165641980152
8 55085783 2
8 55125333 1.23456276852309
8 55127240 0.284963054385611
8 55131248 0.5296
8 55136182 2
8 55136461 0.290990467750121
8 55145406 0.5832
8 55147871 0.967035576874872
8 55152011 2
8 55189139 0.923359562535252
8 55193110 2
8 55213880 0.0897
8 55236686 0.813590087725741
8 55244272 1.79398740887927
8 55248061 2
8 55253652 2
8 55263935 0.627755459439957
8 55273865 2.25409605513345
8 55293732 2
8 55296990 0.293531593893922
8 55333782 1.0685
8 55387125 0.337972193773401
8 55410874 0.797110908975601
8 55417501 0.176854329513069
8 55424172 0.50207326970784
8 55427722 0.763454903329726
8 55446137 2
8 55447674 2
8 55453226 2
8 55458893 2
8 55474229 0.1415
8 55475748 2
8 55481689 2
8 55482096 2
8 55482614 2
8 55483765 2
8 55492557 2
8 55498058 2
8 55498815 1.9801
8 55501410 2
8 55501556 2
8 55538618 1.3635
8 55550923 0.4495
8 55570768 0.5098
8 55580597 0.0114555772769255
8 55584509 0.663340478211813
8 55592750 1.39174640152875
8 55595017 1.2689
8 55604527 0.153672742316289
8 55618934 2.1448
8 55621221 1.26
8 55621441 1.26
8 55650484 0.8558
8 55651767 0.269341614384441
8 55663595 2
8 55689708 0.823310338815893
8 55699770 1.1037
8 55703152 0.9698
8 55722260 2
8 55727211 0.9733
8 55742280 0.298359843803864
8 55744309 5e-04
8 55746908 0.719376539663
8 55839587 1.26113828113754
8 55871976 5e-04
8 55876849 0.9855
8 55884881 1.34969082053385
8 55889510 0.1166
8 55890721 0.0435
8 55892947 1.19362430079819
8 55896179 0.0447
8 55897097 0.0564
8 55897890 0.0871
8 55898417 0.0942
8 55900446 0.2118
8 55904151 2
8 55909024 0.5544
8 55911083 2.8755
8 55911094 2e-04
8 55911097 3e-04
8 55911528 2.4476
8 55938222 2.02053645966908
8 55938860 0.0447
8 55948406 0.9949
8 55953401 0.9718
8 55954398 0.3645
8 55964007 2.2073
8 55970612 1.048076223543
8 55972036 0.464397337227915
8 55974098 0.372903320146556
8 55991470 5e-04
8 56004387 0.7515
8 56066948 0.0078
8 56067336 1.9072
8 56077518 0
8 56105610 0.7301
8 56174650 0.215583479437367
8 56181189 0.9067
8 56187754 5e-04
8 56189240 0.9067
8 56209656 1.0399
8 56212711 2
8 56244984 1.1209
8 56246262 1.0404
8 56249561 5e-04
8 56255473 1.004
8 56258187 0.0997
8 56282262 5e-04
8 56302170 1.0561
8 56335664 5e-04
8 56336904 2
8 56359523 0.2429
8 56372926 2
8 56373466 2
8 56377805 2
8 56401073 2
8 56401159 0.1164
8 56411922 0.1164
8 56438923 0.1569
8 56439577 0.1164
8 56453556 0.1433
8 56459235 0.1164
8 56460407 0.1336
8 56464917 0.1336
8 56475851 0.1336
8 56481908 0.1336
8 56491166 0.1336
8 56492816 0.1298
8 56494150 2
8 56498989 0.1336
8 56500915 2
8 56503617 0.1433
8 56505023 1.12165664458595
8 56505471 0.1298
8 56517024 0.1336
8 56521717 2
8 56546944 0.487631101306445
8 56565067 2
8 56574242 2
8 56578411 2
8 56590067 0.0621
8 56594334 2
8 56612095 0.1045
8 56612964 0.710263931764342
8 56615595 1.3151
8 56622292 0.1008
8 56624064 0.1008
8 56632772 0.1008
8 56636743 1.3151
8 56652778 1.08607668725411
8 56653198 0.2366
8 56661744 1e-04
8 56666302 1.86594233371904
8 56668206 0.0963
8 56684701 0.460409348235601
8 56697438 0.1571
8 56736236 1.2312
8 56782509 0.7581
8 56789142 0.8762
8 56794347 0.8112
8 56797343 2
8 56804514 2
8 56804984 0.183677294015215
8 56820231 0.11415195953278
8 56834401 0.115968920962353
8 56834844 0.426192558322573
8 56845283 1.76128192976959
8 56845592 1.23992891495809
8 56849060 0.510697338239697
8 56849079 1.352
8 56854800 2
8 56859449 0.329968283548208
8 56861843 2
8 56862053 2
8 56862488 2
8 56865171 0.664854289494752
8 56865197 0.516773544478687
8 56867671 0.633903659758562
8 56868177 0.615572142041999
8 56890157 0.11915734350865
8 56917090 1.15989337198185
8 56941985 0.9217
8 56952819 0.872
8 56973154 0.9762
8 56981008 0.6742
8 56981324 0.9762
8 57003279 2
8 57022600 2
8 57022765 0.174284017071645
8 57034765 0.29994701846767
8 57055803 1.9535
8 57060357 0.438702159301144
8 57070687 1.20510321301576
8 57071420 0.0907081680504866
8 57072830 2
8 57075246 0.630322330290221
8 57079889 0.9579
8 57081512 2
8 57092912 2
8 57097463 0.702844140123102
8 57099292 1.16037223751336
8 57105373 0.022
8 57131369 0.0727823617318853
8 57131825 0.9198
8 57138575 1.36210363970846
8 57143666 0.595357726521278
8 57147904 5e-04
8 57149319 0.797156326738854
8 57154633 1.3358
8 57155175 0.00341951891315242
8 57158780 5e-04
8 57164006 1.7873107451641
8 57164339 1.40986977121118
8 57166153 0.114346113400324
8 57166311 1.8303236726554
8 57172329 0.221513672484487
8 57173149 0.0534637386210622
8 57178866 1e-04
8 57178888 0.687473609628038
8 57189064 0.397805348872271
8 57190349 1.03268269287013
8 57191973 0.329114799397022
8 57205203 0.9693
8 57215743 1.19035987282622
8 57216303 0.9693
8 57219044 0.9693
8 57221083 0.9693
8 57228320 0.0610250409814549
8 57234433 0.9067
8 57257378 0.8864
8 57261307 0.8864
8 57265483 0.995365686397757
8 57267356 0.8864
8 57271999 0.8864
8 57273906 0.7592
8 57274043 2
8 57274558 0.8864
8 57275801 0.8584
8 57280952 0.8864
8 57282959 5e-04
8 57282962 5e-04
8 57287439 2.3377
8 57294752 2.3377
8 57308283 2.4988
8 57406955 2
8 57451377 0.335363747580312
8 57451741 2
8 57455612 1.28768428648792
8 57463404 0.10523380634888
8 57465823 1.17469481783697
8 57472369 0.00917619450657213
8 57483580 0.173491059775728
8 57489111 0.732216094947826
8 57493704 2.08884711221516
8 57496191 0.1855541963641
8 57499616 1.62752792728502
8 57502134 0.605862656439943
8 57527553 0.250453668160328
8 57535251 0.8561731460632
8 57535701 5e-04
8 57540008 2.12643609802044
8 57541434 0.19034016480727
8 57559368 0.3602
8 57629431 2.4996
8 57653180 2
8 57662670 2
8 57672190 0.555768857440583
8 57710523 1.29617255127062
8 57714483 0.506864986944776
8 57723393 0.1713
8 57734425 0.184818929070508
8 57743287 2
8 57751964 0.353670754371488
8 57755422 0.6614
8 57758205 0.6614
8 57758578 0.226762737903176
8 57770546 0.0072
8 57791518 2
8 57804234 0.2003
8 57835375 0.8888
8 57836523 0.8888
8 57837162 0.8888
8 57838263 0.8888
8 57839092 0.8888
8 57846655 0.2763
8 57847489 2
8 57867436 2
8 57893730 2
8 57894071 2
8 57899548 2
8 57900854 2
8 57902860 2
8 57904885 0.0817896943676589
8 57919531 2.5703
8 57922718 0.00436479645720724
8 57927536 2
8 57929588 2
8 57931827 6e-04
8 57938747 0.0095
8 57945254 1.35736534715772
8 57948151 0.289541046237381
8 57959219 1.31022743374736
8 57971578 0.335414777059763
8 57972443 2
8 57985397 0.018
8 57986238 0.213167060784099
8 58003243 5e-04
8 58035624 2
8 58052493 2.5345
8 58186296 0.0673
8 58190219 1.30550549859312
8 58195440 0.569620537793612
8 58200781 0.616883070243814
8 58202988 1.89412316144012
8 58209954 1.2871
8 58217246 1.78637091959612
8 58224279 0.281716172524094
8 58249322 0.180407825622364
8 58252006 1.7124
8 58264615 0.146242118053742
8 58270873 0.9291
8 58273777 2.24464558334529
8 58281061 1.7124
8 58283311 2
8 58289517 1.1102
8 58292571 2
8 58292758 2
8 58299870 2
8 58304104 0.9535
8 58308354 2
8 58309887 0.367550962132718
8 58311109 0.762345525674059
8 58326569 2
8 58330934 2
8 58336467 2
8 58337342 0.8474
8 58339142 0.8474
8 58339487 2.8716
8 58340687 1.99384204020814
8 58344756 2
8 58345659 2
8 58348972 2
8 58351025 2
8 58351035 0.9443
8 58356846 0.7813
8 58359530 0.7813
8 58360251 0.7813
8 58362657 0.9443
8 58363124 1.5076
8 58370522 0.7813
8 58372827 2
8 58373880 1.23921832887302
8 58374134 1.36908589338145
8 58375757 0.0265
8 58378693 0.9443
8 58380418 2
8 58384748 2
8 58387200 1.687
8 58387981 0.9471
8 58394269 1.2435
8 58395189 2
8 58396922 1.545
8 58460586 2.32903701802645
8 58464798 0.583530449497894
8 58475972 0.0220250722913439
8 58479765 0.591923143923798
8 58484703 0.940591222527659
8 58497459 0.4053
8 58522382 0.555803825797235
8 58524096 0.975767858821216
8 58527218 0.144376417768838
8 58531554 1.33990255775308
8 58556092 1.03531773784829
8 58557388 1.19857411639752
8 58561379 0.697889915205243
8 58585631 0.819042665081639
8 58586126 0.738266468311024
8 58590366 0.840645360558486
8 58591248 0.749815568828122
8 58599197 1.45880065597743
8 58617449 1.12241167469327
8 58630142 0.2327
8 58677925 2
8 58684350 2.0017
8 58691770 2
8 58693155 2
8 58696977 2
8 58729073 2
8 58729978 2
8 58736513 2
8 58773601 2
8 58775311 2
8 58785812 2
8 58790731 1.6399
8 58790825 2
8 58791749 2
8 58812043 2
8 58812489 2
8 58820829 2
8 58840149 0.248134006838945
8 58851809 2
8 58863753 2
8 58867457 2
8 58868149 2
8 58875313 0.749702085205131
8 58895250 2
8 58925352 0.9313
8 58929116 1.299
8 58929243 0.458163907982091
8 58944463 1.6007
8 58952579 0.0935845169726545
8 58953933 1.34572290694903
8 58963075 0.964
8 58967569 0.774961491420272
8 58973204 1.20567410772535
8 59002375 0.8304
8 59005044 2.38993532851117
8 59023325 0.409306598119076
8 59070142 0.3438
8 59107052 0.7921
8 59133567 0.57047614277336
8 59138042 0.337250427719184
8 59139315 1.0952
8 59152451 0.0078
8 59153486 0.70899286516856
8 59162538 0.0669007974328756
8 59173305 0.826376751796483
8 59174825 0.627188624517021
8 59215649 1.09889294250809
8 59226673 1.01846313574486
8 59235266 0.877809482078336
8 59271227 0.767387173603305
8 59308573 0.0545611828582096
8 59316474 2.06774824891122
8 59318183 0.287991447091493
8 59332865 3.1148
8 59332968 1.10620384083233
8 59341608 0.0263
8 59350887 0.363968087947844
8 59367443 2
8 59367584 0.22095572080983
8 59438172 1.4722
8 59456141 0.4919
8 59462948 2
8 59489938 2
8 59509326 2
8 59515141 2
8 59524776 2
8 59533175 2
8 59545619 2
8 59580350 2
8 59585944 0.548844668078165
8 59601928 1.08187097281634
8 59618295 1.90600021115219
8 59652462 5e-04
8 59654950 2
8 59666605 2
8 59698915 0.6421
8 59712759 0.0699195242583856
8 59739502 0.176
8 59772990 0.176
8 59786145 2.27266772139225
8 59795511 1.10136937349671
8 59796322 1.01923717218534
8 59800892 2.0202
8 59804285 0.00596147413699549
8 59863417 1.24508642364846
8 59874751 0.167684482063387
8 59922917 0.419536688531002
8 59927478 2.1414
8 59929256 2.57906778222456
8 59941429 0.340925209643816
8 59946091 1.11643902849005
8 59946471 0.115123941830012
8 59961997 1.32927657379085
8 59973661 0.540472933526503
8 59976637 0.490320474743859
8 59989305 0.766148726322944
8 60009247 2.20205834324722
8 60010412 1.66186974363922
8 60017082 0.3295
8 60046816 2.6132
8 60060559 1.10325056820318
8 60073781 0.783408170858115
8 60076550 2
8 60097269 2
8 60104862 0.70746580605338
8 60114367 2
8 60146564 0.481080997591776
8 60147342 0.6693
8 60151750 0.993254561606577
8 60190016 0.6331
8 60201325 0.326763664903401
8 60203789 0.404745352330224
8 60207518 2
8 60213021 0.2859
8 60214106 0.2859
8 60263533 0.0835
8 60277292 0.0181179698610955
8 60285322 2.37666357548375
8 60287103 0.166005714002951
8 60289370 1.62147189111995
8 60290999 0.536135352637915
8 60294905 1.7134
8 60313093 1.23384122165695
8 60331661 0.1126
8 60354807 0.628703791423211
8 60374486 0.9231
8 60376010 5e-04
8 60378801 1.1948
8 60387951 2
8 60406544 1.0932
8 60413083 1.51258149830163
8 60417402 0.279414965611633
8 60428117 2
8 60432049 0.77627648278884
8 60451180 0.334215987156902
8 60457510 1.25642921290612
8 60458624 0
8 60460781 0.697072893453902
8 60461038 1.1625
8 60462572 0.82439547881169
8 60465804 2
8 60509574 0.965376196773351
8 60509601 5e-04
8 60512009 2
8 60517990 3.1212
8 60520749 1.05977908407625
8 60527467 0.66004710570843
8 60530891 0.968367189634314
8 60534924 2
8 60544198 0.177973561912882
8 60575442 1.22598662387191
8 60579633 2
8 60598807 2
8 60609244 1.09625162663129
8 60627769 0.834851611215955
8 60639402 0.960133416698935
8 60643747 0.118176107768361
8 60673702 1.60863723172224
8 60679112 2.3652
8 60686563 0.678878929044058
8 60729768 0.481186608399984
8 60739148 0.0595
8 60755879 0.438216908490897
8 60796941 0.426686952890552
8 60814320 0.1595
8 60829231 0.0671302030460082
8 60829780 0.137598924840341
8 60838301 1.51708377496508
8 60840704 0.393497571471251
8 60868677 2
8 60870652 2
8 60880934 0.422
8 60890428 2
8 60903327 1.19096561076676
8 60908632 0.1073
8 60922531 2
8 60923272 2
8 60933109 2
8 60934267 0.6357
8 60935043 5e-04
8 60942941 0.0538894973417537
8 60950960 0.9292
8 60969998 0.423
8 61008230 0.110983866507364
8 61046819 2
8 61048255 2
8 61049557 2
8 61053861 0.37785106409639
8 61080867 2
8 61081453 2
8 61084451 1.41920576027387
8 61089887 0.412979799511508
8 61100878 0.9586
8 61105908 0.264920464772332
8 61111491 2.2653
8 61124296 1.40065719885359
8 61130841 2
8 61152479 2
8 61157454 2
8 61168664 2
8 61178487 2
8 61181611 2
8 61183627 1.0646
8 61184700 2
8 61186272 0.755079683468323
8 61189907 0.527674557937343
8 61193589 0.496675419193373
8 61200947 2
8 61203544 2
8 61205151 0.914471297863868
8 61214976 1.4395
8 61219056 0.495176424389148
8 61223214 0.182078696849427
8 61232820 0.575358528652165
8 61238333 0.263249917540645
8 61249329 0.108608224697807
8 61250278 0.884777321684198
8 61273057 0.33371880755196
8 61304964 2.55815425187062
8 61312273 0.876607711389516
8 61379543 1.03260254930551
8 61381624 1.2903204884294
8 61382651 0.611817904182552
8 61397314 0.942358418256615
8 61459575 0.952240521181086
8 61464088 2
8 61468207 1.11141002939692
8 61473958 0.866898122491812
8 61474827 0.925620091056191
8 61487643 0.506143304601615
8 61492437 0.865843902164457
8 61493640 0.101
8 61544255 0.813197141964737
8 61551072 0.501829925085097
8 61562086 0.207888005762978
8 61584631 1.39847064506046
8 61635389 0.2934
8 61645632 0.9543
8 61647879 0.2934
8 61659495 0.3494
8 61667047 0.0263
8 61678158 0.3633
8 61678200 0.3494
8 61692947 0.167205575297207
8 61717486 0.202933042558427
8 61745551 2
8 61769736 1.10652147479553
8 61778191 0.821529607878995
8 61786052 0.29024832938643
8 61788832 0.515593783636146
8 61808132 1.48785769683732
8 61808612 2
8 61812664 2
8 61813595 2
8 61822094 2
8 61824520 2
8 61824897 2
8 61842635 2
8 61847892 2
8 61852380 2
8 61861219 0.470347674249714
8 61866538 1.33907986617013
8 61889741 2
8 61925862 0.1301
8 61927924 1.86556507807409
8 61960890 1.44834505136062
8 61965410 0.831155010117723
8 61966333 0.688291991692906
8 61979273 2.0145
8 61983676 1.67400037719305
8 61983899 2.2816
8 61986390 0.354881707584268
8 62009551 1.9256
8 62011749 1.9256
8 62017929 0.495542998514547
8 62027727 0.00616281652399306
8 62032027 0.9259
8 62033045 0.9259
8 62034107 0.9549
8 62035924 0.9549
8 62042531 0.8
8 62042605 1.0879
8 62047561 0.246831228022703
8 62048040 1.41695256615087
8 62055144 0.8
8 62055761 1.9956
8 62064132 0.8
8 62075942 2.5935
8 62078077 0.9259
8 62079217 0.8
8 62087939 1.03432476701523
8 62091827 0.504446961409069
8 62093219 0.663715488458749
8 62094387 0.8
8 62096168 0.8
8 62104179 0.8984
8 62105212 0.8984
8 62109854 0.8984
8 62110766 0.8984
8 62120457 1.11016544560619
8 62122706 0.1067
8 62131537 0.407424078242932
8 62132188 1.7901
8 62140723 0.459462946608083
8 62150407 0.546403099588944
8 62150642 1.54392222159775
8 62159336 0.396078933323214
8 62161826 0.9853
8 62161882 0.1085
8 62166219 0.27010486772397
8 62173863 1.5352
8 62185162 1.00738967089923
8 62212622 5e-04
8 62212705 1.1935
8 62213218 0.519776113594548
8 62213823 1.94996708377434
8 62220603 1.86201500867927
8 62229532 1.8039
8 62238876 1.18829868818524
8 62244664 1.6675
8 62258543 0.0969
8 62278186 1.6841
8 62281488 0.0216
8 62283547 2.9805
8 62295608 2.4034
8 62333124 0.5852
8 62345496 0.151675667942112
8 62355998 2
8 62357863 1.0301
8 62359654 2
8 62372198 1.1661
8 62374158 2
8 62382939 2
8 62385895 2
8 62392386 0.051724413680166
8 62415138 2.31133308966963
8 62415844 2
8 62419410 2
8 62420363 2.6443
8 62422119 1.6501
8 62427262 1.6501
8 62433861 1.6501
8 62434075 2
8 62437155 2
8 62443337 1.6501
8 62461342 2
8 62467965 1.69413827982204
8 62472176 2.00710034535976
8 62474054 0.849378789479877
8 62483421 2
8 62484742 0.12972863743616
8 62491131 2
8 62498159 2
8 62501601 2
8 62504297 2
8 62522080 2
8 62532417 2
8 62533360 2
8 62534861 2
8 62535263 0.6087
8 62570555 0.3693
8 62574824 1.2705
8 62576154 0.6242
8 62595857 0.428893759897217
8 62596544 0.307410937275024
8 62608286 0.230154291303664
8 62615853 1.5601
8 62617079 1.16566023771489
8 62652515 0.162557848960535
8 62678668 1.4174
8 62708933 0.438758974291363
8 62709010 1.45337091502933
8 62709323 0.5412869550712
8 62724726 2.09484433917578
8 62748987 2
8 62753527 0.7993
8 62775772 0.7993
8 62777782 0.649686640277938
8 62785468 2
8 62804192 2
8 62809430 1.92362546420726
8 62810221 0.39495809116786
8 62814015 2
8 62824958 2
8 62830418 0.306267182405984
8 62833080 0.9382
8 62839312 0.993
8 62839911 2
8 62844402 0.993
8 62849502 2
8 62852019 0.993
8 62853002 1.3922
8 62858936 0.9382
8 62863975 2
8 62870326 2
8 62883708 2
8 62886974 2
8 62892371 1.3984
8 62895159 2
8 62909285 2
8 62914632 0.9382
8 62917630 2
8 62918856 1.3053
8 62925926 2
8 62928487 0.5972
8 62938978 0.0533949041368999
8 62941481 2
8 62955590 0.517871936915965
8 62964543 5e-04
8 62972711 1.3325
8 62972880 0.0073
8 62972917 1.7335
8 62973659 1.3325
8 62981001 0.440812952674972
8 62986923 1.3325
8 62990619 2
8 62992790 0.635635465673077
8 63005966 0.420385004590062
8 63017871 1.33224738894426
8 63019375 0.606381120696957
8 63027280 1.12892546284525
8 63028217 2
8 63030158 2
8 63031785 1.3325
8 63033628 0.00900025303760015
8 63035197 1.22462178450429
8 63040289 1.2823
8 63044586 0.7485
8 63052889 0.7485
8 63056353 2
8 63058541 2
8 63112389 0.209481677729215
8 63116779 0.352534212813543
8 63119323 2
8 63122578 2
8 63130101 2
8 63131402 0.3984
8 63134026 0.3984
8 63138475 2
8 63138516 2
8 63171829 0.734
8 63203861 0.9919
8 63212436 2.12986757920789
8 63213674 2
8 63225374 1.9312
8 63234837 1.9312
8 63248328 1.1338
8 63258564 1.1397
8 63268639 2
8 63269116 1.26814777762376
8 63271871 0.1273
8 63285110 1.36670888512545
8 63305792 1.69307305549626
8 63323634 2
8 63351410 1.35762157636698
8 63352326 1.4119
8 63352764 0.223437610657466
8 63365396 2
8 63393684 0.167663464905357
8 63393731 0.0587873730725432
8 63395246 0.194094347061139
8 63398874 0.9833
8 63407495 1.03895409356874
8 63410989 0.269697575425103
8 63413837 1.5146
8 63427004 0.714617556125704
8 63433955 0.830297376845396
8 63450261 0.0263
8 63451316 1.6983
8 63453072 0.521824093202986
8 63456803 1.27800663365028
8 63492931 0.1144
8 63504028 1e-04
8 63533248 0.7572
8 63533858 0.4423
8 63564134 0.45653115176995
8 63567858 1.24674217807369
8 63570705 0.638053931764829
8 63571922 0.1211
8 63579804 1.7205297425855
8 63589627 2
8 63601472 2
8 63651357 2
8 63751714 2
8 63789685 2
8 63803912 2
8 63805562 2
8 63808310 2
8 63811062 1.8483
8 63815402 1.9256
8 63820178 2
8 63846435 1.9424
8 63847764 5e-04
8 63861941 2
8 63868566 2.5407
8 63874389 2
8 63898364 2
8 63910541 0.6115
8 63912890 1.08192319077865
8 63937044 2
8 63947091 0.253311527525922
8 63951431 2
8 63956633 2
8 63970123 2
8 63996938 2
8 63997722 1.5467
8 64004614 2
8 64017160 2
8 64031059 2
8 64037125 2
8 64053871 2
8 64062909 2
8 64064802 2
8 64086410 2
8 64104870 2
8 64109968 2
8 64114730 0.644479251510854
8 64118644 0.132721785188033
8 64119437 2
8 64124071 0.705631861563311
8 64130037 1.863
8 64132677 1.50348080902342
8 64134796 2
8 64135239 1.51226475911972
8 64149619 1.88525078082671
8 64153315 1.0733278665867
8 64170358 1.3279
8 64174244 0.1198
8 64175633 0.893882479883747
8 64181528 0.2487
8 64196620 0.0515
8 64201614 0.2487
8 64239880 1.1595
8 64258229 0.0263
8 64302562 0.814890083502042
8 64317485 0.24293856676068
8 64320187 0.726273899919864
8 64330149 0.447782480187723
8 64370228 0.1028
8 64378496 0.0645
8 64382904 0.156
8 64385745 0.0645
8 64387542 0.1149
8 64418059 1.2877
8 64427606 0.923
8 64437781 0.8664
8 64440500 1.2766
8 64445053 1.2766
8 64450456 1.31759656645207
8 64490530 2
8 64509806 2
8 64524949 2
8 64540096 0.285060458149596
8 64540378 5e-04
8 64548992 2
8 64555239 0.432605783035702
8 64557571 1.6317
8 64583502 0.573256194865526
8 64585016 0.598731671855783
8 64617814 5e-04
8 64617894 1.0757
8 64641084 2.365
8 64645679 2
8 64649462 0.0691
8 64672852 2
8 64686153 0.3907
8 64703008 2
8 64722782 2
8 64742858 0.0053
8 64747793 2
8 64764396 2
8 64778790 1.6935
8 64783433 1.7222
8 64795670 2
8 64798447 2
8 64801433 2
8 64812048 2
8 64816834 1.6662
8 64825923 2
8 64838269 2
8 64856764 0.4265
8 64867980 1.61356901810032
8 64887492 0.617969028350683
8 64894622 0.468843258828864
8 64894828 1.1496321579736
8 64902817 1.65885162662937
8 64906508 2.244
8 64921278 0.702579366168484
8 64929306 1.09998537797454
8 64947067 1.0765829506191
8 64955340 0.1216
8 64955803 0.0777561473511553
8 64960636 1.0846
8 64982622 1.78305847224456
8 64995507 0.516623529476578
8 65006294 1.2759
8 65010024 1.2759
8 65012633 1.2759
8 65014371 1.2759
8 65015502 0.556252161051049
8 65015923 1.2759
8 65019854 0.9976
8 65026850 0.9976
8 65042142 0.14696690642686
8 65045806 1.4777
8 65071411 1.03
8 65096267 0.515104475021981
8 65103555 0.806720391143229
8 65140812 0.0943
8 65141849 0.0943
8 65156825 0.1404
8 65164006 0.8855
8 65164025 0.8323
8 65166163 0.1027
8 65167824 0.39533836779041
8 65213340 0.887304268587427
8 65231193 0.0386
8 65236401 2
8 65245826 1.66023420214628
8 65255003 2
8 65264536 2
8 65282186 0.0943346166602998
8 65285428 0.981335552959241
8 65287512 0.454205420334621
8 65287839 0.832740028755779
8 65294061 2
8 65312625 1.12192844771917
8 65312720 1.96600852092867
8 65313445 0.886669632834789
8 65317720 0.716210134031006
8 65334870 2.31560192554977
8 65370810 2
8 65377147 2
8 65385224 2
8 65387491 0.1729
8 65396208 2
8 65416090 2
8 65426544 1.67900975435839
8 65465321 2
8 65473829 2
8 65477741 1.28347557163781
8 65483856 0.256551149215678
8 65486482 0.410836297140807
8 65501761 0.0873711156590544
8 65540695 1.4777
8 65543669 0.426803627884585
8 65545511 0.880214119293446
8 65545679 1.67518570445114
8 65550247 0.0500451591546939
8 65566288 1.5289
8 65573610 1.5212
8 65587878 0.5537
8 65590496 0.3988
8 65600532 1.5212
8 65603548 0.5537
8 65623938 1.5212
8 65626921 0.2167
8 65629401 0.0804
8 65635502 0.303
8 65640080 0.3988
8 65641526 1.5212
8 65643647 1.5212
8 65649273 0.826
8 65691640 1.5212
8 65696938 1.5212
8 65715809 1.5212
8 65722883 1.00932123262099
8 65744571 1.5529
8 65787760 1.3852
8 65796116 1.4218
8 65808003 0.4989
8 65810366 1.0186
8 65814566 0.0078
8 65814576 0.0078
8 65836933 1.4218
8 65900347 1.3352
8 65901658 1.3966
8 65937968 0.5832
8 65944695 2
8 65963604 0.0502
8 65964820 1.403
8 65976464 0.9967
8 65993678 1.108
8 65998296 0.5986
8 66031432 0.5986
8 66042967 1.416
8 66051754 2
8 66052990 2.1649
8 66066809 1.4181
8 66089096 2
8 66117959 1.5375
8 66134480 1.106
8 66140966 1.6784
8 66154545 1.304
8 66224048 2
8 66232915 2
8 66233553 2
8 66244285 2
8 66259274 2
8 66280394 0.597569672940659
8 66291031 0.4593
8 66296438 0.4593
8 66301105 0.2113
8 66344000 1.0609
8 66347072 2
8 66351494 0.652645288139268
8 66356179 0.5325
8 66358248 2.0504
8 66366301 1.5467
8 66375910 0.5325
8 66397725 1.1209
8 66410197 5e-04
8 66436305 0.0629
8 66437760 2
8 66440044 2.0648
8 66443249 0.963
8 66448783 0.7837
8 66450725 1.439
8 66459410 0.653711809696647
8 66459434 0.646714007115361
8 66460783 0.5325
8 66463284 2
8 66469224 2
8 66482435 2
8 66484235 1.0911
8 66486915 2
8 66487281 1.0911
8 66489002 1.0911
8 66550195 3.12453699862283
8 66614186 2
8 66618405 2e-04
8 66638480 0.3536
8 66836770 2.5864
8 66957011 2
8 66997716 1.4482
8 67056678 1e-04
8 67088627 0
8 67122320 1.4786
8 67244320 2
8 67276889 2
8 67300684 2
8 67320755 2
8 67332967 2
8 67345754 2
8 67358448 2
8 67391377 5e-04
8 67446198 0.5823
8 67467738 0.2325
8 67495139 0.48542537671035
8 67543701 2
8 67552412 2
8 67565173 2
8 67579377 2
8 67615655 2
8 67628610 0.4506
8 67630194 2
8 67643956 2
8 67652142 2
8 67657572 0.409519905841243
8 67669795 0.417527748028626
8 67677127 0.628902322938421
8 67685684 0.8263
8 67689168 0.179412711183671
8 67694874 0.659216841247128
8 67702179 0.8263
8 67703227 0.252645335233606
8 67703935 1.25478955062199
8 67740083 0.212609003450598
8 67747785 0.1429
8 67750427 0.363530803887779
8 67752544 0.220410361936693
8 67757869 0.602186379320697
8 67759634 0.2144
8 67760665 0.273481101199666
8 67762120 0.202909603999375
8 67773836 0.0180987669730391
8 67774004 0.7316
8 67775271 0.7316
8 67775826 0.7316
8 67776669 0.7316
8 67789765 1.21760066116414
8 67798967 2.2992
8 67804369 0.286723027284425
8 67804856 0.751828819569446
8 67811047 2
8 67812881 2
8 67825094 2
8 67832053 2
8 67842993 2
8 67845056 0.894209651986991
8 67854797 2
8 67857843 2
8 67861278 2
8 67868145 1.46013055435075
8 67874990 2
8 67921317 2.8749
8 67922570 1.1662
8 67942250 0.8268
8 67974412 0.276
8 67976658 5e-04
8 67980419 0.120625536072004
8 67985935 0.3036
8 67992052 0.9279
8 67993366 0.9541
8 67993828 0.9541
8 67995060 0.9541
8 67996334 0.9541
8 67998702 1.7666814442105
8 68000198 0.13845005374037
8 68000700 0.0361110384479773
8 68001190 1.05738717349363
8 68003740 0.184868795120508
8 68003907 0.0644772735451505
8 68018396 2
8 68021291 0.7313
8 68040267 0.497617499150415
8 68050726 2
8 68061434 0.703
8 68061868 0.491740752696158
8 68068648 2.5464
8 68068684 0.6395
8 68070736 2.8755
8 68075471 0.1936
8 68075478 1.56065137325833
8 68084454 0.107729236690421
8 68093390 0.0264
8 68095516 3.4242
8 68097868 0.5608
8 68101843 0.5608
8 68108261 0.5327
8 68131577 0.31169946806089
8 68134507 1.1519
8 68137031 0.0745
8 68154462 0.1939
8 68164814 0.1939
8 68172992 1.3464
8 68182039 2
8 68187423 0.9896
8 68194715 2.4029
8 68204243 2
8 68207164 2
8 68245767 2.1063
8 68258657 0.1027
8 68260733 2
8 68283601 1.5201
8 68284854 2
8 68308975 1.8985891558652
8 68312483 0.0279068772069444
8 68323965 0.470569659562044
8 68334317 1.04425165541767
8 68334627 0.084114633346951
8 68343365 1.5293
8 68353623 0.334616311957886
8 68358502 0.6468
8 68404511 0.6315
8 68410873 0.3205
8 68447909 0.511740114526223
8 68465345 2
8 68478468 1.9275
8 68486934 1.04676510304501
8 68506929 1.1662
8 68510071 1.2154
8 68512189 1.1662
8 68522413 0.9014
8 68535088 0.9014
8 68550247 0.9014
8 68552084 0.9014
8 68557319 0.8635
8 68561488 0.8635
8 68562902 0.8635
8 68563153 0.8635
8 68591660 1.3919
8 68594462 0.185434939400795
8 68604156 0.8702
8 68607936 0.6759
8 68608032 0.6759
8 68608303 0.6759
8 68616939 0.7657
8 68618493 0.6759
8 68624262 0.2363
8 68655867 1.5928
8 68662101 0.1926
8 68666943 0.7343
8 68677102 1.6062
8 68688410 2
8 68692536 0.0131421155337939
8 68703876 1.6062
8 68714017 2
8 68737624 0.7986
8 68739212 0.5271
8 68744042 0.5273
8 68761209 0.660210583838532
8 68765215 0.0317742712091009
8 68770289 0.0855334785037935
8 68798734 0.6512
8 68812800 0.5192
8 68816427 1.58864878670896
8 68821022 0.46634097407462
8 68821843 1.00432490517627
8 68839958 2
8 68842738 2
8 68847591 1.20804573942526
8 68883780 1.3537
8 68892050 2.1828
8 68906599 0.451325875545645
8 68926385 2.4996
8 68931813 0.7871
8 68947358 2
8 68950499 0.7639
8 68959332 2
8 68961598 1.2759
8 68962200 2
8 68972041 2
8 68993225 2
8 68995976 0.136246367636602
8 68998067 2
8 68999742 0.797691643734433
8 69016144 1.031
8 69018031 1.62172923430383
8 69032068 0.999430242316191
8 69038763 0.2152
8 69041787 1.3298
8 69048184 0.1606
8 69054239 0.7608
8 69063728 1.7237
8 69089662 2
8 69094388 1.7634
8 69108603 5e-04
8 69115654 2
8 69117243 2
8 69120366 1.108
8 69120673 0.957848004509326
8 69125199 0.79007297372159
8 69126698 1.108
8 69135455 0.391553574575845
8 69137346 1.108
8 69144914 1.00929354188401
8 69149140 0.3533
8 69154129 2
8 69161078 2
8 69165888 0.2018
8 69169860 0.1288
8 69171822 0.4353
8 69171909 2
8 69177191 1.3043
8 69192123 2
8 69195871 2.1804
8 69198528 2
8 69202848 2
8 69218401 2
8 69221550 2
8 69226926 0.843709234812625
8 69234512 2
8 69237022 0.1357
8 69248228 0.5552
8 69251148 1.10810909365482
8 69252725 0.1357
8 69262241 0.1357
8 69262259 2
8 69264663 0.172915419768882
8 69267743 0.5238
8 69282916 0.5238
8 69303265 2
8 69307790 2
8 69310401 2
8 69348494 0.68077229891521
8 69363282 0.349315962349469
8 69366783 0.4277
8 69370434 1.03549929226598
8 69381913 2.23352066956446
8 69400632 0.0519
8 69407364 0.590603312918598
8 69413280 2.2296746116182
8 69414193 2.8268
8 69420417 0.284563437703494
8 69425620 0.464450669503592
8 69427471 3.0011
8 69434484 0.2523
8 69438644 0.759074891766188
8 69441116 0.97318968275479
8 69444216 0.6798
8 69450180 0.6798
8 69464590 0.6141
8 69469326 0.299458201423181
8 69470379 0.2882
8 69494191 0.785149539107216
8 69499125 2.4954
8 69504073 0.614039225605062
8 69506899 1.47495645420213
8 69508990 0.618991329194728
8 69599542 0.8286
8 69612633 2
8 69630063 2
8 69651254 1.9506
8 69663976 0.0328128935793973
8 69665407 0
8 69670149 1.02272451406827
8 69683887 0.2745
8 69687044 0.2745
8 69690709 0.575846053167573
8 69700457 0.297
8 69709288 2.4996
8 69713477 0.0172
8 69714213 0.161408662140284
8 69714546 0.50826982823246
8 69714682 0.534912358413839
8 69716225 0.1644
8 69732266 0.1829
8 69748887 1.6404
8 69753581 0.737414903730839
8 69824708 0.137
8 69840188 0.2988
8 69842218 2
8 69842879 0.318619402121729
8 69859153 0.1482
8 69868713 1.01725832008164
8 69877596 0.294173163226805
8 69879242 4.0145
8 69882549 0.1826
8 69888021 0.2815
8 69894482 2
8 69907272 2
8 69909007 2.4949
8 69922508 1.2978
8 69924389 0.619260398283857
8 69927786 5e-04
8 69939137 1.292
8 69947568 2
8 69947992 0.959081352784815
8 69961819 2
8 69981633 0.1556
8 69991365 2
8 69993033 1.33919975870642
8 69998136 2
8 70022824 0.187071385985
8 70024356 0.0243016890258211
8 70048180 1.0516
8 70060157 0.3812
8 70062827 0.3812
8 70109636 2
8 70175868 0.2063
8 70208908 0.1618
8 70231321 0.1059
8 70267392 0.597398023629441
8 70362633 1.4441
8 70363224 2.4916
8 70435342 1.2694
8 70478055 1.6787
8 70506268 0.117601825188118
8 70511511 0.3407
8 70545143 0.519930410959569
8 70558739 0.166168797698476
8 70561847 1.54426378892339
8 70588014 0.872073732411741
8 70592237 0.000595800327301981
8 70610029 1.0944
8 70628919 0.0427
8 70645241 0.0685859719038532
8 70649549 1.3929
8 70658823 0.0267
8 70668771 1.18581237929325
8 70670861 1.7632
8 70681428 3.1262
8 70691903 0.2833
8 70696497 3.5967
8 70699465 0.0162
8 70725324 0.0861
8 70738338 2.9546
8 70742264 1.0185
8 70746716 0.6887
8 70754297 0.0762
8 70762526 0.2833
8 70763252 1.0185
8 70768120 0.0712
8 70776097 1.0185
8 70777201 0.2833
8 70785777 0.2833
8 70786597 0.2833
8 70797988 0.0861
8 70803356 0.0107
8 70805950 0.441272305427924
8 70815719 0.0861
8 70815974 0.2833
8 70822207 0.2833
8 70826462 0.2301
8 70842803 0.2301
8 70851622 0.2833
8 70863024 1.0185
8 70876735 0.2833
8 70883334 0.2833
8 70904020 0.6887
8 70913829 1.0185
8 70919938 1.0185
8 70954045 0.2833
8 70973343 0.6887
8 70983134 0.2833
8 71006022 0.0712
8 71017700 0.0861
8 71017920 0.9811
8 71021390 0.9933
8 71025916 0.0861
8 71043592 0.0274
8 71050264 1e-04
8 71088005 1.0057
8 71096149 1.0057
8 71106180 1.1464603571684
8 71109477 2
8 71120545 2
8 71150960 0.9737
8 71156924 1.1693
8 71187738 2
8 71189790 2
8 71203992 2
8 71204746 2
8 71219191 2
8 71220245 2
8 71251606 1.2172
8 71252322 0.5529
8 71255437 1.2172
8 71278858 2
8 71284147 0.620469527955769
8 71289491 2
8 71291890 2
8 71294459 2
8 71296741 2
8 71307307 0.248
8 71308294 2
8 71314989 2
8 71330370 0.2033
8 71375667 2
8 71380324 0.0922618772942605
8 71380352 0.0386
8 71382853 0.469313756159817
8 71406784 2.9313881886173
8 71440801 2
8 71444703 2
8 71458942 0.838084399490821
8 71463619 5e-04
8 71463634 5e-04
8 71489533 2.7548
8 71495430 0.5962
8 71504284 0.4342
8 71516519 2
8 71530862 0.434776811621245
8 71538947 2.02782816192931
8 71558081 0.961883116307048
8 71561761 0.268863686732933
8 71564471 5e-04
8 71586370 0.0813870650072828
8 71601702 0.3624
8 71617447 0.247874046093395
8 71621001 0.188220925799378
8 71652762 0.7945
8 71654052 0.7945
8 71662092 1.1331
8 71664443 2
8 71671075 1.4557
8 71671433 0.218322174054552
8 71677698 0.7816
8 71679324 0.00239959278165719
8 71685451 2
8 71688547 0.7413
8 71689984 0.7413
8 71691761 2
8 71693799 2
8 71703959 2
8 71705402 0.964292455911101
8 71705696 0.0931
8 71709510 2
8 71713950 2
8 71716062 2
8 71721385 1.0935
8 71723119 1.0935
8 71728636 1.58207178200186
8 71731889 0.5564
8 71737400 2
8 71748336 0.147673038376258
8 71757570 0.725849756281986
8 71758473 0.983792044615553
8 71771592 0.726743599540429
8 71781635 1.40492187639014
8 71785996 0.313022601853142
8 71792852 7e-04
8 71804069 0.88711715275308
8 71804308 0.478798883063546
8 71806599 0.0184880485513778
8 71817580 0.823
8 71820403 1.3545
8 71820913 0.491748913899673
8 71822505 2
8 71824440 0.296741036817623
8 71845541 2.50887839407324
8 71849847 0.622469302596177
8 71853875 0.7412
8 71863931 1.9955
8 71870898 0.785
8 71875164 0.0306478110607588
8 71929576 2
8 71937148 0.241361126057417
8 71942411 0.00766673362975539
8 71951305 1.41581440672665
8 71974458 0.0162
8 71978897 2
8 71980548 1.05312843475615
8 71982724 0.273084960960797
8 71992870 0.690169736733934
8 71993375 0.5329
8 71993766 2
8 71995914 2
8 72004486 0.543293082886304
8 72008303 0.147319390490407
8 72018433 0.682129148244195
8 72023709 2.65288627550957
8 72030889 2
8 72031425 1.2821
8 72032774 0.0318880827398319
8 72044268 1.4315
8 72052196 2
8 72053738 2
8 72059224 2
8 72069092 0.604617767685068
8 72075042 1.5114
8 72083110 2
8 72086043 0.0755
8 72096936 0.1797
8 72100815 0.1868
8 72106942 1.10563140029981
8 72111451 0.0263
8 72130925 0.1996
8 72131734 0.3677
8 72133322 0.3677
8 72146306 1.794
8 72149702 1.44714875492366
8 72154299 0.8523
8 72156275 1.56296392340429
8 72187551 1.55591269564512
8 72193706 0.4342
8 72195487 0.1249
8 72204222 0.274272009145826
8 72211115 0.1249
8 72217743 1.50394372313705
8 72222086 0.1627
8 72227093 0.829885711836283
8 72238256 0.706179444994134
8 72245673 0.3175
8 72246579 0.0429
8 72261525 0.945559682142857
8 72261723 0.620808885291449
8 72271473 0.9668
8 72276206 1.78989947024259
8 72277325 0.918
8 72284812 2
8 72291318 1.71429035438734
8 72296455 2.5559
8 72303686 0.3811
8 72304580 0.717715450318608
8 72316503 0.509646202405859
8 72317325 0.4325379045371
8 72319801 2
8 72322669 1.0597
8 72327044 1.6766
8 72331104 0.462128646410562
8 72346956 0.9318
8 72374209 0.4266
8 72378326 2
8 72389908 2
8 72398873 0.0502
8 72419978 2
8 72450948 2
8 72451974 2
8 72464762 2
8 72471643 2
8 72479740 2
8 72489140 2
8 72492349 2
8 72496745 2
8 72529510 0.2278
8 72556939 1.30648569714069
8 72566950 0.2188
8 72576583 0.4907
8 72577038 0.4907
8 72619598 1.9275
8 72621162 2
8 72630465 0.4326
8 72649352 2
8 72659087 0.770131225230118
8 72662680 2
8 72676213 2
8 72683481 2
8 72715407 2
8 72717388 2
8 72725559 0
8 72730931 0.3729
8 72746370 1.11515554079379
8 72751760 2
8 72763325 0.6308
8 72788439 2.5234
8 72796932 1.08508345404993
8 72814568 2
8 72827816 2
8 72831547 2
8 72836388 0.7251
8 72836818 0.4797
8 72837677 0.774966740442786
8 72838813 0.448673980382582
8 72843559 0.6901160965454
8 72845598 0.235745830547108
8 72846037 0.311501915210159
8 72847968 2
8 72852450 1.09674411178253
8 72854126 2
8 72860280 0.0078
8 72867852 2
8 72910552 0.809926026193293
8 72926940 2
8 72957571 2
8 72970729 2
8 72982878 1.39988903724706
8 72990921 2
8 73004583 1.22554411219038
8 73014359 2
8 73037667 1e-04
8 73037700 0
8 73037851 1e-04
8 73051807 2
8 73059597 2.21180434942511
8 73066888 2
8 73092896 0.140734419697154
8 73093231 2.5866
8 73094563 1.3156
8 73107055 2
8 73125888 2.978
8 73129610 2.0175
8 73130016 2
8 73140412 2
8 73142338 2
8 73151912 2.4029
8 73153005 5e-04
8 73180418 1.2567
8 73180422 1.2567
8 73191616 0.685638377282876
8 73199442 2
8 73201545 2
8 73235106 1.4197
8 73235830 5e-04
8 73237447 1.0094
8 73238936 2.978
8 73263192 0.2057
8 73282276 2
8 73283008 1.18135143704024
8 73286235 2
8 73286687 0.128045100809635
8 73290461 0.8976
8 73294457 2
8 73301297 0.00934167731725189
8 73301612 1.29200956017241
8 73304933 2
8 73342377 0.2245
8 73345192 0.2003
8 73357254 2
8 73363737 1.7435
8 73384474 2
8 73385233 2
8 73388686 0.301992196342462
8 73388706 0.520298577632971
8 73405693 0.4048
8 73407654 0.9916
8 73413996 0.7721
8 73419972 2
8 73423418 0.3651
8 73445847 1.40626863188908
8 73461818 0.150243558434357
8 73471056 0.2194
8 73479845 0.463468310911309
8 73485750 0.2602
8 73486658 0
8 73486661 2.77901590995497
8 73507002 0.87094039832696
8 73539494 0.0824
8 73544667 1.2393
8 73548009 2.58563614408875
8 73555665 0.627675757891842
8 73555673 2.9915
8 73555680 1.64987485335605
8 73569967 1.15736110349424
8 73571638 1.2337
8 73572985 0.0399539401556731
8 73573996 0.280342884454907
8 73599792 1.3377499073326
8 73637520 0.918188469460916
8 73639418 0.9487
8 73644913 1.6498389785128
8 73648213 0.159221614281158
8 73649415 1.146
8 73683839 1.146
8 73710438 1.146
8 73717153 0.9487
8 73721401 2
8 73724693 1.0455678152402
8 73734800 0.9487
8 73757174 0.327519574595961
8 73768832 0.454913877419767
8 73781514 1.10021768766972
8 73814029 0.8263
8 73839600 2.4917
8 73844611 0.8263
8 73896168 0.6107
8 73905903 0.677314405092004
8 73906635 1.8942
8 73912644 0.0573558391384379
8 73921686 1.06080974957476
8 73931299 1.2154
8 73942153 5e-04
8 73949618 0.244584000160744
8 73956674 2
8 73969439 2
8 73978196 0.689289238556502
8 73978286 0.342759358432859
8 73993822 2
8 73999108 2
8 73999799 2
8 74002073 5e-04
8 74006509 0.439267268450494
8 74011509 2.07370227225948
8 74018228 1.41462541481477
8 74028771 0.562061753977075
8 74038028 0.214663306486319
8 74044034 0.626365809022928
8 74048248 1.48532054508326
8 74069448 1.7425
8 74070556 1.7548
8 74070737 1.7932
8 74083826 2
8 74090172 0.399297702751676
8 74094811 0.0041
8 74100314 0.0172
8 74114133 0.9102
8 74118932 0.0078
8 74119372 2
8 74125885 2
8 74135736 0.7995
8 74135937 0.7054
8 74148885 2
8 74161276 2
8 74164041 2
8 74164072 2
8 74166785 2
8 74166950 0.617775493670024
8 74168040 1.03647985031605
8 74174671 1.585
8 74177489 0.19833165848535
8 74192817 2
8 74199894 2
8 74200382 1.5062
8 74200723 1.5062
8 74201827 2
8 74205572 2
8 74210566 2
8 74213307 2
8 74219785 2
8 74220134 2
8 74226450 2
8 74230153 2
8 74239398 2
8 74274835 2.7888
8 74297576 1.9814
8 74304881 2
8 74312896 0.181517232711498
8 74324891 2.18108155030376
8 74343441 0.2089
8 74345373 2
8 74350301 0
8 74356690 8e-04
8 74358259 2
8 74358666 0.28246901713849
8 74382875 2
8 74399460 2
8 74404758 2
8 74410250 2
8 74414384 2
8 74421639 2
8 74467975 5e-04
8 74469706 2.14263476671265
8 74475165 0.216493622504258
8 74494895 0.1338
8 74501473 0.1338
8 74503330 1.6201
8 74514280 0.175577433812232
8 74516300 5e-04
8 74528416 0.1912
8 74530507 5e-04
8 74530551 0.1676
8 74535069 0.0234355023687696
8 74543880 0.63813025683226
8 74548705 1.1253
8 74552254 2
8 74555830 2
8 74560244 0.243367651337978
8 74565210 0.201749794646814
8 74573959 0.0224485879992824
8 74582712 0.33988116672152
8 74591397 0.487354744248238
8 74591846 0.9763
8 74599634 0.3012
8 74609384 2
8 74628620 2
8 74632545 0.232920964021623
8 74634014 0.750901793053576
8 74634540 0.989846209974616
8 74652857 2
8 74693606 0.8347
8 74706627 1.16458825265819
8 74711659 0.775339023311003
8 74713276 2
8 74715740 0.0518
8 74722717 0.467144429654924
8 74752459 0.0712
8 74762642 0.531946869568257
8 74764022 2
8 74795427 0.372522031876556
8 74800417 0.231308326910062
8 74804814 2
8 74816951 2
8 74828033 0.7528
8 74860474 0.7147
8 74863056 0.7147
8 74886991 0.325521200296728
8 74887630 0.513004998104042
8 74891301 2
8 74892386 0.309639631009875
8 74895756 0.938129552031567
8 74913564 0.37183561146322
8 74915031 0.64294310963027
8 74934374 1.19422092870663
8 74948614 2
8 74948664 0.943731683204168
8 74956020 0.7528
8 74966762 2.784
8 74982272 1.0572
8 74984536 0.791327713926381
8 74988166 2
8 75002352 0.949464745439056
8 75011407 1.8474
8 75036244 2
8 75039986 2
8 75044425 2
8 75073289 2
8 75081819 2.11008369027719
8 75125520 2
8 75126742 0.680217508700008
8 75153867 2
8 75162641 0.829043775457355
8 75178497 2
8 75178680 2
8 75202700 2
8 75209084 2
8 75231319 2
8 75233555 2
8 75233692 0.274381662712936
8 75254634 2
8 75266506 0.5561
8 75273736 0.414051588828192
8 75284347 0.50453741098329
8 75290071 0.760377153350985
8 75290080 0.115529292088625
8 75303180 1.52192758805022
8 75306239 0.5132
8 75309707 0.00729001781537073
8 75316060 0.353273265618889
8 75349818 0.779739885673678
8 75353594 2.86491336938034
8 75356750 2
8 75361489 0.12194267364371
8 75374942 1.5816
8 75376163 2
8 75377871 1.63508609583368
8 75383770 1.4711
8 75384296 2.16262906953854
8 75388152 2.3278
8 75394031 0.572026408358249
8 75399875 1.48079807299466
8 75400630 2
8 75402401 0.471374474056154
8 75425887 2
8 75431867 1.4622
8 75454155 2
8 75460850 2
8 75461927 0.732388039993468
8 75466568 1.1209
8 75479983 2.9967
8 75480082 0.6315
8 75486345 0.590138414442725
8 75489124 2
8 75505962 2
8 75521624 2.6137
8 75527066 2
8 75530059 1.10941696299106
8 75534998 0.722
8 75535398 0.0426
8 75552605 0.351484373849256
8 75556047 0.0304
8 75564222 0.1844
8 75569520 0.1844
8 75574761 0.904749816497359
8 75576187 0.352282812616129
8 75576698 0.256194361437
8 75579710 0.984561534550109
8 75582275 2
8 75591700 2.1355372009171
8 75596699 1.04775765355523
8 75603527 1.45116689093845
8 75606395 0.00666740363763352
8 75637926 0.491799544636363
8 75672651 0.34618895187572
8 75673057 0.4964
8 75677407 1.26636629847101
8 75679645 0.2325
8 75680646 0.406331864563512
8 75692290 2
8 75711992 2
8 75723328 2
8 75727685 2
8 75735884 1.20812267945804
8 75740469 0.4964
8 75741490 1.88147048344758
8 75756195 0.0856
8 75763952 0.0856
8 75775581 2
8 75831038 0.484325194819553
8 75859486 1.77167772985685
8 75870556 1.31266735804596
8 75911587 0.484358786345357
8 75939263 1.195499207561
8 75956263 0.396204441144052
8 75958401 0.153147964850965
8 75997916 1.25726807733286
8 76031084 2
8 76032058 1.2211
8 76069742 2
8 76088963 2
8 76092781 2
8 76116298 2
8 76141944 1.1825
8 76160214 0.0392836917944511
8 76165025 5e-04
8 76165027 0.691
8 76180359 2
8 76198874 0.171133297204436
8 76227425 2
8 76242698 2
8 76254711 2
8 76256750 2
8 76258570 2
8 76259248 2
8 76275256 2
8 76285860 0.0334
8 76294930 0.0334
8 76300680 0.0334
8 76306335 0.0334
8 76309840 2
8 76310435 2
8 76311954 2
8 76314935 1.0474
8 76318882 2
8 76322704 2
8 76326071 2
8 76336574 0.0263
8 76342898 2
8 76346778 2
8 76347683 2
8 76363937 1.1556
8 76382666 0.8572
8 76385700 1.1123
8 76417762 2
8 76441698 1.80316462236075
8 76444642 1e-04
8 76456674 0.8357
8 76490686 0.3104
8 76519886 0.3499
8 76527735 1.767
8 76534098 1.7798
8 76548827 1.7929
8 76582142 0.870036520550646
8 76600189 2
8 76668686 0.9239
8 76721108 1.1249
8 76729926 1.8312
8 76749798 1.1249
8 76756327 1.1249
8 76773064 1.1249
8 76780649 0.410154539007132
8 76783152 1.0915
8 76790554 0.698093926997059
8 76835723 0.303987573531817
8 76839024 0.0323070065488195
8 76855561 1.4995
8 76856154 1.41689631895771
8 76873771 0.655170474573369
8 76874295 0.679022131356918
8 76886524 1.18310595569582
8 76900586 0.1194
8 76901601 0.133824223404907
8 76902993 0.1194
8 76907621 0.868926991039153
8 76916592 2
8 76918503 2
8 76924768 2.1405
8 76925710 0.758915887461879
8 76936582 4e-04
8 76946661 2.1405
8 76948942 1.5469
8 76969113 2
8 76977494 0.011
8 76980884 0.011
8 76984609 0.5288
8 76997201 0.011
8 77003414 0.011
8 77009478 0.011
8 77013907 0.011
8 77017169 2
8 77024113 2
8 77026008 2
8 77026084 2
8 77032790 0.011
8 77045488 0.011
8 77049079 2
8 77064966 2
8 77068808 0.011
8 77074021 0.011
8 77076519 2
8 77086083 2
8 77104512 2
8 77119523 2
8 77124469 1.14936139201865
8 77126931 2
8 77133581 0.142237340832634
8 77140101 1.51631357048643
8 77143135 2.30405944219011
8 77144972 0.778111961117854
8 77155484 2.7151
8 77157540 2
8 77168773 0.0045
8 77182802 0.841797240980082
8 77192663 1.13259671736764
8 77202188 0.0255
8 77204621 0.127
8 77238141 0.127
8 77244105 2
8 77255338 0.4784
8 77255930 0.127
8 77263651 0.127
8 77279850 0.805358481738829
8 77295823 1.8613
8 77315052 0.0228598834665775
8 77317756 1.23074966949159
8 77318926 0.3188
8 77319833 2.9908
8 77325009 0.456068544371555
8 77327273 0.952473674013594
8 77343304 3.1216
8 77362550 0.708203027631344
8 77362875 1.3951
8 77366174 0.3479
8 77373412 1.3858
8 77409706 2.39096412598367
8 77453958 0.92412476910211
8 77465759 0.899712576706211
8 77486248 0.1027
8 77518556 0.115294342005938
8 77520916 0.110376263159949
8 77523158 0.196637487551061
8 77539969 1.53109343484326
8 77544433 1.19845262348537
8 77548214 1.08722741656085
8 77551617 0.422835057096167
8 77552154 0.0112420862467152
8 77557239 1.52409517991557
8 77564397 1.86313853656839
8 77570880 0.567468314670921
8 77571704 1.495024539313
8 77573115 0.534189407677445
8 77575135 0.528525989613317
8 77575661 2.0765054192767
8 77577520 1.34242409579736
8 77577624 0.661171096346003
8 77583812 0.681313421625092
8 77584983 1.06847050034739
8 77591070 0.34706288584704
8 77606044 1.41202782172227
8 77606708 0
8 77607559 0.2718
8 77607683 0.2718
8 77610745 0.181635981607917
8 77618856 0.4068
8 77623608 0.4068
8 77624763 0.2718
8 77632203 0.4068
8 77637764 0.064
8 77640557 0.11787178727538
8 77667868 0.5474
8 77673743 1.5198
8 77676418 0.3526
8 77681522 0.2294
8 77682885 0.2294
8 77682953 0.3526
8 77691389 6e-04
8 77696220 0.5474
8 77704083 0.2213
8 77713219 1.5435
8 77714816 0.0260719351154572
8 77732189 0.0295669790464445
8 77733938 2
8 77740946 0.183314071919807
8 77743022 0.4266
8 77748454 1.1604
8 77760882 0.100605095232019
8 77771150 1.25661733836246
8 77803378 1.8804
8 77807316 0.0617954801534753
8 77807759 1.1604
8 77810514 1.70871050978356
8 77812058 2.5345
8 77831635 1.2472
8 77839459 0.0110444284718973
8 77845334 0.398731859268596
8 77845510 2.4989312925786
8 77857856 1.3015
8 77891159 0.1015
8 77895215 1.2472
8 77906161 0.1511
8 77916089 1.1604
8 77916160 1.1604
8 77934234 2
8 77935921 0.1831
8 77957421 0.8137
8 77960223 0.7939
8 77966954 2
8 77968509 2
8 77970315 0.7939
8 77974825 2
8 77980449 2
8 77985453 0.8773
8 78022784 1.2922
8 78029299 2
8 78032446 2
8 78036246 2
8 78047943 2.5345
8 78052018 2
8 78059514 2
8 78106313 0.2299
8 78110421 0.7594
8 78112983 1.0016
8 78159869 1.1245
8 78162725 1.1245
8 78163578 1.1245
8 78165410 1.1245
8 78166853 1.1245
8 78174064 1.1245
8 78174135 1.1245
8 78176269 1.1245
8 78178762 1.1245
8 78182945 1.1245
8 78184269 1.1245
8 78185714 1.1245
8 78188349 0.2155
8 78203213 0.2155
8 78205077 5e-04
8 78215353 1.4972
8 78217793 0.2155
8 78222403 0.112419882416882
8 78256012 5e-04
8 78267031 0.7839
8 78282816 2
8 78319490 2
8 78332611 2
8 78357383 2
8 78381214 2
8 78385158 2
8 78387848 2
8 78390079 2
8 78390605 2
8 78391265 2
8 78391615 2
8 78392550 2
8 78392706 2
8 78393112 2
8 78396813 2
8 78407154 2
8 78415127 2
8 78416295 2
8 78416538 2
8 78420524 2
8 78421165 2
8 78432757 0.6623
8 78470026 0.6882
8 78524383 2
8 78538414 0.9259
8 78542292 1.6243
8 78560798 2
8 78563850 2.2846
8 78572389 2.2189
8 78591920 1.3416
8 78642095 0.0874
8 78644656 0.363416750571384
8 78660244 0.350348708520505
8 78669967 1.027
8 78680311 0.0078
8 78681364 0.606103991579734
8 78687739 0
8 78696019 0.518221858559647
8 78766936 2.5345
8 78831794 0.577307929552921
8 78840944 0.559366506289731
8 78841770 0.0721
8 78845939 0.0823
8 78849616 0.1402
8 78866791 0.0565
8 78870852 2.7412652740612
8 78880993 0.1259
8 78884421 0.424695525112628
8 78886431 0.0295
8 78938735 0.66657707554269
8 78941654 1.37670086674797
8 78950627 1.54621884049501
8 78950676 1.22043690690264
8 78952029 0.509482588383461
8 78967257 0.2122
8 78967912 0.770538870410633
8 78969244 2.45345655360841
8 78971288 0.48570552594314
8 78971514 1.04152737988201
8 78974726 0.253999942095348
8 78975943 0.1667
8 78976109 0.1667
8 78988933 0.00400862448480765
8 79003606 1.08981681978421
8 79024539 0.7578
8 79027262 1.32164376511263
8 79058874 1.29368512817573
8 79064789 0.148429099213788
8 79089754 0.513459542029048
8 79108989 0.345998978712297
8 79113591 1.51193665785435
8 79133430 0.881477431179785
8 79174349 0.9404
8 79204963 1.5945
8 79212060 1.4399
8 79216901 1.12066616103306
8 79223585 1.47297464040336
8 79224152 1.7067
8 79224664 2.15489178987773
8 79232228 0.185340355190596
8 79240821 1.7067
8 79333434 0.691054360426931
8 79336146 1.1366
8 79339816 1.7067
8 79348827 1.43808441693385
8 79349742 1.58817886624455
8 79350561 0.918369028557208
8 79362226 0.856663497637991
8 79377444 0.475084273888877
8 79392196 0.2165
8 79442702 1.4975
8 79465784 0.349546289323563
8 79475390 0.302613283255217
8 79480246 2.01188063389983
8 79513809 1.42148563168558
8 79532916 1.38233701100274
8 79585042 2.4996
8 79593743 0.326842692133493
8 79610370 0.645449416586109
8 79622101 0.234550783759729
8 79638872 0.9819
8 79642873 2
8 79643197 1.0769
8 79654311 0.0472962617909034
8 79684707 0.6521
8 79684708 0.6521
8 79690029 1.12352869228119
8 79696609 0.9838
8 79702886 0.2546
8 79703341 0.7393
8 79705054 0.2546
8 79721740 0.5548
8 79740207 0.434920652071958
8 79752733 0.773214794808375
8 79770925 1.99760078126364
8 79773716 2
8 79779421 0.820262650400015
8 79782846 1.38566972632699
8 79793701 2
8 79797425 0.1521
8 79805328 0.0501419357213114
8 79811455 2
8 79815817 1.2281
8 79830657 0.0078
8 79832835 0.885464493031543
8 79845409 2
8 79888316 1.80147844554785
8 79889675 1.24662957512933
8 79891201 2
8 79895462 2
8 79934255 2
8 79958847 0.0078
8 80005842 2
8 80008164 2
8 80056716 5e-04
8 80065303 1.14011406405078
8 80068427 2
8 80073953 2
8 80076676 2
8 80101399 0.0977110740131514
8 80104457 0.0821
8 80112656 0.2744
8 80114505 0.2744
8 80120066 0.2744
8 80132428 1.3428
8 80133304 0.2744
8 80136323 0.2744
8 80137145 0.3356
8 80138188 0.2744
8 80139044 0.2744
8 80140699 0.2744
8 80148158 1.17126533402585
8 80152499 0.2744
8 80154419 0.3356
8 80161761 0.3356
8 80165734 0.4413
8 80172423 2.2073
8 80173674 2.3652
8 80174684 0.584
8 80219298 0.5371
8 80229797 0.6708
8 80242431 0.2812
8 80253076 0.2226
8 80256125 2.3299
8 80259789 0.2901
8 80264304 0.2901
8 80273981 0.2901
8 80278102 1.9106
8 80299320 2.1546
8 80301187 2.2073
8 80303023 2.1912
8 80303475 2
8 80309305 2.1804
8 80335194 5e-04
8 80337549 0.880017137147653
8 80343712 0.354123377204973
8 80353342 1.8115793204814
8 80366650 0.348229657356994
8 80370485 0.595875378433345
8 80373252 0.270437400806223
8 80417925 2.0836
8 80441419 1.4674
8 80448408 2.0815
8 80489096 0.8138
8 80514575 0.7042
8 80542352 0.9746
8 80583689 1.3165
8 80600242 0.9371
8 80665951 5e-04
8 80721376 0.0078
8 80758483 1.5325
8 80765599 0.6777
8 80780378 1.1063
8 80800152 1.1569
8 80814457 2.9892
8 80819184 1.9318
8 80828089 0.6777
8 80834204 0.6777
8 80860860 1.1569
8 80866007 0.6777
8 80866424 0.2222
8 80878351 2
8 80893971 2
8 80901314 1.881
8 80906113 2
8 80909399 2
8 80911896 2
8 80912758 0.6777
8 80930968 2
8 80937059 2
8 80953656 2
8 80963814 2
8 80965161 2
8 80985958 0.270119270828103
8 80989909 0.00715429562124853
8 80990382 0.649738879321421
8 80992463 0.00887727397089822
8 81001295 0.724968643652618
8 81026546 1.60250610066579
8 81030731 0.0924336882321421
8 81056325 0.6674
8 81064737 2
8 81089574 0.515305972675132
8 81098298 0.82759591763475
8 81100919 1.45085781511179
8 81101485 0.532673797575839
8 81123195 2
8 81134351 0.687360699623492
8 81135223 0.780605789430497
8 81135368 2
8 81144105 1.37485230564283
8 81199389 1.4737
8 81234350 0.421148100623899
8 81247162 1.52226445836745
8 81302950 0.493539804721045
8 81310424 1.20897121202678
8 81321074 0.405708085417557
8 81324801 1.1387
8 81360251 0.141645125700142
8 81372178 1.208
8 81373352 2
8 81377987 2
8 81381254 2
8 81387738 0.385815635111303
8 81395832 1.42575846183817
8 81404512 1.208
8 81418219 1.208
8 81423467 1.02
8 81443283 2
8 81443386 0.999781752877386
8 81447883 0.276532468636905
8 81460124 2
8 81462341 2
8 81468508 2
8 81474220 1.0205
8 81478525 2
8 81484005 0.189338173249559
8 81485557 1.0205
8 81485860 1.0205
8 81488004 2.4561
8 81501828 1.0572
8 81544055 1.1018
8 81544206 1.1018
8 81559310 0.7957
8 81578357 2.0448
8 81582055 0.0228
8 81585559 1.8342
8 81591764 2
8 81616086 2
8 81624225 2
8 81633003 2
8 81635674 2
8 81642078 2
8 81659199 2
8 81692007 2
8 81699422 2
8 81704112 2
8 81704302 2
8 81704379 1.873
8 81715863 2
8 81721837 2
8 81726289 2
8 81775735 2
8 81789480 2
8 81793894 2
8 81795645 2
8 81800891 2
8 81802976 2
8 81807348 2
8 81812091 2
8 81817720 1.9956
8 81828785 2
8 81835948 0.908661270969781
8 81842359 0.001
8 81851244 2
8 81866332 2
8 81869873 0.35281323885244
8 81870225 0.604299112974345
8 81875102 1.50487181346196
8 81877218 0.744271371559766
8 81885594 2
8 81909462 2
8 81909661 1.08627639857205
8 81920596 2
8 81962998 3.1214
8 81963950 2
8 81989529 2
8 81989676 2
8 82002929 2
8 82015552 2
8 82017332 2
8 82017898 2
8 82037629 2
8 82039201 2
8 82055014 0.487699505605648
8 82117970 0.0263
8 82141483 0.7702
8 82152175 0
8 82190121 2
8 82210647 2
8 82228587 2
8 82254544 2
8 82261992 1.3611
8 82265187 1.3544
8 82265230 1.3544
8 82275763 1.3611
8 82277755 2
8 82286538 2
8 82301894 2.8866
8 82309097 2
8 82323593 2
8 82345285 2
8 82352014 2
8 82353094 2
8 82355723 1.4931
8 82357381 1.4931
8 82362674 1.1022
8 82363124 1.1022
8 82367620 0.8801
8 82371311 0.8575
8 82375537 1.4997
8 82382546 2
8 82384186 1.4722
8 82421825 2
8 82427382 1.1055
8 82430753 2
8 82437533 2
8 82438020 2
8 82441376 2
8 82444156 2
8 82446065 2
8 82448402 2
8 82452919 0.629
8 82466737 2
8 82466801 2
8 82478686 2
8 82485107 2
8 82488008 0.48400983999743
8 82496839 2
8 82516577 2
8 82522191 2
8 82531352 2
8 82545816 2
8 82552902 2
8 82554222 2
8 82562417 2
8 82578972 2
8 82604391 2
8 82622011 2
8 82624039 2
8 82629893 2
8 82666645 0.0263
8 82674647 2
8 82679327 2.7305
8 82683383 1.4853
8 82684889 1.4853
8 82692910 0.0518
8 82696337 1.0773
8 82697312 0.243089696111594
8 82701903 0.680077736841299
8 82705278 1e-04
8 82710832 0.66180052720478
8 82715178 0.532975990643269
8 82720657 1.57292901165837
8 82730901 1.5165
8 82741554 0.36041186704098
8 82751604 0.18520776294295
8 82754237 0.183141581282893
8 82755681 1.04457306768071
8 82756388 1.04636984597078
8 82756659 1.05250274596317
8 82757695 0.709510059950607
8 82764903 1.03719653500751
8 82774103 0.463185913356685
8 82779405 0.703352095614428
8 82789573 1.03549596982108
8 82796443 0.406229733480106
8 82811813 0.1783
8 82824163 0.65749046406747
8 82824170 2
8 82824589 2
8 82834412 1.2474
8 82834600 1.32
8 82838609 2
8 82841257 2
8 82845988 2
8 82855228 2
8 82892359 0.257923141729052
8 82896202 0.719371252207793
8 82924463 0.128047192858229
8 82944957 0.802437340990077
8 82945494 0.717655292030811
8 82972110 0.9653
8 82985619 2
8 83012667 2
8 83012993 2
8 83015083 2
8 83019261 0.808466694861924
8 83054848 0.33311819222734
8 83056763 1.03782234665211
8 83059092 0.987
8 83060318 0.871819821263397
8 83065409 0.552326811509976
8 83071906 0.401916377638642
8 83079806 0.358812190708665
8 83082421 1.89011498818753
8 83088737 0
8 83100062 1.4565
8 83117959 1.5289
8 83120822 2
8 83122812 2
8 83124795 1.5204
8 83137633 2
8 83145264 2
8 83160452 2
8 83160979 2
8 83180955 2
8 83188891 2
8 83191131 2
8 83197662 2
8 83199173 2
8 83209724 2
8 83213880 1.39434173321376
8 83214473 2
8 83218963 1.5463
8 83223501 1.5463
8 83225100 2
8 83229097 1.06683290838361
8 83229679 2
8 83240806 2
8 83250647 1.5463
8 83253591 2
8 83257276 2
8 83259466 1.5375
8 83265799 0.619619136243262
8 83266937 1.5375
8 83268263 2
8 83271256 0.829335046885315
8 83272540 2
8 83285229 2
8 83294949 2
8 83300173 1.5552
8 83300405 1.5463
8 83307612 2
8 83313856 2
8 83316718 1.4876
8 83318640 1.4876
8 83318868 2
8 83325681 1.4876
8 83326973 0.420947464490739
8 83329477 1.4876
8 83331078 0.0497785102138307
8 83337418 2
8 83338978 2.14198455083945
8 83352584 0.585246694825119
8 83377521 1.15864662308667
8 83389911 2
8 83402962 1.15371850083487
8 83404606 1.4641
8 83418212 0.06013425932793
8 83419737 0.565751420727246
8 83420627 5e-04
8 83422318 1.4641
8 83425053 1.4641
8 83432939 1.4641
8 83434674 1.4641
8 83437080 1.4641
8 83441207 1.3589
8 83446716 0.70155380703539
8 83447213 1.05703328226032
8 83474219 2
8 83476121 1.4641
8 83482290 0.626105641073232
8 83487477 2
8 83493045 2
8 83496687 2
8 83509197 0.7532
8 83511461 1.5038
8 83521191 1.5121
8 83521540 0.776
8 83521665 1.5121
8 83529790 2
8 83547247 2
8 83556565 1.14911103182354
8 83574846 0.7997
8 83579824 2
8 83586937 2
8 83588809 0.7997
8 83593244 2
8 83593759 2
8 83597909 1.70481050894978
8 83598394 2
8 83599869 2
8 83605996 2
8 83607794 2
8 83610267 2
8 83613417 2
8 83616793 2
8 83617251 2
8 83619474 2
8 83622490 2
8 83624500 2
8 83628626 2
8 83636901 0.978567901042767
8 83647865 2
8 83655977 2
8 83662849 2
8 83687519 2
8 83701019 2
8 83711893 0.200914829010145
8 83717930 2
8 83721186 2
8 83729943 1.3543
8 83730673 2
8 83731159 2
8 83739103 2
8 83749224 2
8 83771769 2
8 83788747 2
8 83795513 2
8 83805606 1.63883834485217
8 83813759 2
8 83838306 0.8648
8 83845832 0.816048224305656
8 83853005 0.1882
8 83857710 0.0476112717360344
8 83861891 0.287922125121586
8 83862866 2.0395224935806
8 83865938 0.158506027751007
8 83871219 0.397390692959061
8 83894167 2
8 83897943 2
8 83898633 0.9067
8 83905663 2
8 83907961 2
8 83926165 1.2386
8 83938242 0.0383270912121063
8 83939211 0.189665974165171
8 83940205 1.6008
8 83967368 1.3293
8 83977936 1.2386
8 83978285 1.5776
8 83981836 1.3218
8 83987211 1.5929
8 83991651 0.755066759583015
8 84030380 2
8 84035896 2
8 84041186 0.0244
8 84044728 0.3321
8 84055246 1.7087
8 84056104 0.3321
8 84057462 2
8 84066552 2
8 84068879 2
8 84070974 2
8 84079099 2
8 84085874 2
8 84086364 2
8 84087485 2
8 84089998 2
8 84141006 2
8 84144048 2
8 84146727 2
8 84147828 2
8 84154596 2
8 84157367 2
8 84163808 2
8 84165451 2
8 84184345 2
8 84194353 1.6831
8 84201240 0.7853
8 84203865 2
8 84206384 2
8 84212594 2
8 84217424 2
8 84221925 0.14834801106875
8 84225270 0.959911570609626
8 84225583 0.5399
8 84226156 1.34813972268429
8 84227358 0.5665
8 84229281 0.326157260777093
8 84237524 1.5038
8 84237976 1.5038
8 84238743 0.290900805542501
8 84240618 1.49662236065694
8 84241414 0.195374432102741
8 84243156 1.62633018695051
8 84248793 2.413
8 84249498 0.395949326790755
8 84257111 0.236182210153994
8 84258615 1.31072363091914
8 84273983 2.413
8 84275474 0.0489628339495421
8 84278074 2.413
8 84282054 2.413
8 84282921 5e-04
8 84299100 2.413
8 84311093 0.360825504784538
8 84319865 1.1895
8 84346835 2.6916
8 84364542 1.1895
8 84389627 2.3398
8 84400089 0.0901083457255611
8 84412965 0.369839120850779
8 84420159 1.36369171552626
8 84437212 1.8022
8 84440919 0.0343019265026383
8 84443294 1.61744715591952
8 84476198 0.803999865013002
8 84484507 1.6805
8 84487741 1.54324015507832
8 84508851 0.254578380538481
8 84513362 0.0329
8 84515421 1.8156
8 84523109 1.33449985156952
8 84525464 1.71496114682048
8 84525864 2.1405
8 84546959 0.771858275985784
8 84566443 1.11519524953741
8 84572227 0.0643127303127186
8 84572955 0.856966470643313
8 84579731 1.62249091341155
8 84625743 0.693240379163528
8 84690076 0.473280716224666
8 84691327 2
8 84696678 0.778718849012822
8 84701966 2.56258052124304
8 84714936 0.236934759239348
8 84722649 0.0898
8 84722887 0.479331423882947
8 84728264 2
8 84729318 0.139035491232992
8 84729462 0.0653558694345889
8 84740173 1.48039804635616
8 84760580 1.58733905342653
8 84762716 0.515703567059505
8 84769891 0.486483223284079
8 84782033 0
8 84784192 0.9079
8 84785075 2.0004
8 84796790 0.8872
8 84805560 0.3199
8 84850368 1.04049994054494
8 84872565 1.51199795465712
8 84877131 0.228463610357505
8 84880237 1.70164174366402
8 84885325 0.864314669067426
8 84906282 1.86587771845169
8 84919761 1.45305021155302
8 84920619 1.87210105749045
8 84923511 0.65037212484447
8 84924250 0.221064914145251
8 84941733 0.600546617581957
8 84950309 0.405111697355774
8 84952101 0.570169146455997
8 84956607 0.220960863142812
8 84967638 1.6682924963344
8 84976956 0.873002620487113
8 84980203 0.577444870571263
8 84984382 1.37623458225604
8 84996523 0.57256297848089
8 85002923 0.744534024631599
8 85008811 0.744287672883525
8 85016163 2.9892
8 85034314 0.599810420315435
8 85036685 3.5723
8 85039062 0.934106529641118
8 85039294 0.554435134371491
8 85040190 1.07605512109372
8 85049673 0.232608795926034
8 85053884 0.650705233779206
8 85056856 0.0980727618635848
8 85063941 1.67088088954866
8 85066548 1.01240200762765
8 85119048 2.3318
8 85130275 2
8 85161023 2
8 85173208 2.9344
8 85216055 2
8 85236182 2
8 85240734 0.916741345149325
8 85242800 2
8 85243699 2
8 85278647 2
8 85299698 2
8 85335016 2
8 85344227 1.92174464442129
8 85347872 2
8 85364078 1.1502
8 85372309 2
8 85391669 2
8 85398333 2.05892633071339
8 85405016 2
8 85413886 1.9885
8 85424246 2
8 85437006 0.0884
8 85439768 2
8 85451930 2
8 85462435 2
8 85497917 0.0265
8 85508522 1.449
8 85517984 1.9987
8 85521359 0.1277
8 85542794 1.0361
8 85643747 0.630234855467316
8 85836293 1.4641
8 85850997 5e-04
8 85905599 0.209445767936547
8 86011045 0.0426
8 86018330 0.0426
8 86025649 0.0426
8 86035911 2
8 86086586 1.81517679602484
8 86091574 0.759734779534308
8 86094209 0.4265
8 86116029 2
8 86120702 1.2386
8 86126177 0.4005
8 86127616 0.0876
8 86135536 2
8 86136762 0.0876
8 86138866 0.0752
8 86144809 0.652840221303713
8 86147424 0.0752
8 86155317 2
8 86161806 0
8 86168185 2
8 86169999 1.27056874056901
8 86170859 0.211471220287439
8 86171733 2
8 86174542 0.781901788508165
8 86177406 1.45719332696745
8 86177802 0.0693893905502577
8 86180071 2
8 86181762 0.715726040756391
8 86188026 2
8 86194651 0.850888359339684
8 86206494 2
8 86206637 2
8 86206843 2
8 86207907 2
8 86210403 1.07861403372685
8 86213676 0
8 86217473 1.18987015651874
8 86229294 2
8 86232353 2
8 86242501 2
8 86250297 2
8 86253831 2
8 86285219 1.9275
8 86290516 2
8 86294211 2
8 86297633 1.9275
8 86301977 2
8 86303691 0.1206
8 86306692 0
8 86320316 2
8 86326379 1.2663
8 86357088 0.0078
8 86371118 2
8 86375562 0.9213
8 86377088 1.2478
8 86377245 1.2478
8 86395138 1.9195
8 86402670 2
8 86423889 0.9213
8 86435831 2
8 86443220 2
8 86455495 2
8 86465571 2
8 86480866 0.9213
8 86480875 0.9213
8 86487106 2
8 86487980 2
8 86489813 2
8 86501678 5e-04
8 86513963 2
8 86534323 2
8 86569498 0.2098
8 86577126 3.1214
8 86604960 2
8 86617975 0.188149813845934
8 86635863 5e-04
8 86661483 2
8 86664815 2
8 86684799 2
8 86694394 2
8 86695528 0.077159969674966
8 86709209 0.412944670468356
8 86709399 2
8 86720440 1.9957
8 86722488 1.9957
8 86725895 2
8 86727089 2
8 86735043 5e-04
8 86737994 2
8 86743820 0.7993
8 86747387 2.1203
8 86753002 0.7599
8 86760126 0.302750410265262
8 86763791 1.99345781466677
8 86766612 2
8 86770168 0.0527947275561346
8 86770257 1.32683251482144
8 86773769 2
8 86778324 0.691738558432044
8 86797391 2
8 86798530 0.0566515710801757
8 86801369 2
8 86801860 2
8 86805188 2
8 86808852 1.2194
8 86821483 2
8 86822780 1.2194
8 86829366 1.20766054557906
8 86829487 1.2194
8 86836014 2
8 86836643 2
8 86847607 0.0207867843773748
8 86857448 2
8 86862391 2
8 86875261 2
8 86878492 2
8 86880305 0.241143324328106
8 86890181 1.46779611996221
8 86891489 0.57237490452858
8 86894971 0.684
8 86899612 0.684
8 86906492 0.5924
8 86911068 0.1299
8 86917041 0.0215883546034302
8 86917160 2.9965
8 86940461 2
8 86946709 0.0387241849154513
8 86964671 2.33510033272843
8 86967098 0.709015447552722
8 86998329 1.74129024190427
8 87026714 0.149365964889952
8 87033214 2
8 87039704 1.53499360939751
8 87092338 1.8321
8 87092563 5e-04
8 87112477 2
8 87120226 2
8 87121127 2
8 87135617 2
8 87135996 2
8 87137048 0.873643278758622
8 87142863 2
8 87173999 2
8 87191233 0.0435
8 87191453 0.0435
8 87199451 0.1204
8 87206660 1.5337
8 87220866 0.1204
8 87249720 0.4644
8 87254592 0.4644
8 87256108 0.4644
8 87257215 0.4644
8 87258735 0.4644
8 87258897 0.4644
8 87258987 0.4644
8 87260560 0.4644
8 87267289 0.56201384984006
8 87272180 1.552
8 87276841 0.310465881629578
8 87279576 0.4644
8 87280730 0.4644
8 87283754 0.4644
8 87284089 2.0051
8 87284224 0.4644
8 87285130 0.4644
8 87291270 1.15267463379174
8 87291498 0.4872
8 87297705 2
8 87298994 2
8 87300859 2
8 87301292 2
8 87303954 2
8 87304150 2
8 87309231 0.993
8 87311893 2
8 87317572 2
8 87320293 2
8 87334024 1.5341
8 87338619 2
8 87340469 2
8 87343651 2
8 87343949 2
8 87349522 1.5341
8 87350350 2
8 87352556 1.7678
8 87362486 2
8 87371208 1.1066
8 87376594 2
8 87387267 2
8 87392676 2
8 87393665 2
8 87394825 2
8 87424221 2
8 87424581 2.184
8 87428043 2
8 87434582 2
8 87436610 2
8 87449204 1.0046
8 87452729 2
8 87467785 0.4216
8 87496576 1.5293
8 87504523 2
8 87509968 2
8 87527693 0.7534
8 87528704 0.7534
8 87537161 8e-04
8 87552318 0.5021
8 87559142 2.404
8 87569561 0.5044
8 87569804 0.5044
8 87589400 2
8 87590091 2
8 87593582 2
8 87616801 1e-04
8 87617408 0.564106813533731
8 87623714 1.05098127268543
8 87627923 1.3405988473772
8 87634502 2
8 87635349 2
8 87638308 0.352846141875182
8 87639766 2
8 87640588 0.149713739521097
8 87649903 1.50396863527471
8 87651178 0.282247750029831
8 87652372 0.9297
8 87666804 0.518018249349122
8 87666974 0.934148528013175
8 87672980 2.58951016605864
8 87676229 2
8 87679316 0.146867363338237
8 87683413 0.284454159837312
8 87684611 2
8 87710896 2
8 87711530 2
8 87721733 2
8 87733273 1.37747639887607
8 87747745 2
8 87755088 0.538770210075431
8 87763027 2
8 87766262 0.697846776163081
8 87768404 2
8 87785288 0.330149611130319
8 87790172 0.333864041300575
8 87794075 2
8 87794567 0.222780607154237
8 87794650 2
8 87796455 1.2958
8 87801696 0.316697002219139
8 87802907 0.266977522340823
8 87803797 0.387143336621374
8 87810423 1.1025
8 87812644 1.11634692857491
8 87829532 5e-04
8 87830527 1.4957
8 87840148 0.947775009326159
8 87855073 0.296126332393355
8 87875073 2
8 87890105 2
8 87892130 2
8 87900162 2
8 88007191 1.74183520718845
8 88027938 3.0702
8 88066795 1.23569251507744
8 88072632 3.1148
8 88075278 0.215
8 88087319 0.7838
8 88104483 2
8 88105151 0.768474789246194
8 88110498 0.0977
8 88112685 6e-04
8 88112693 5e-04
8 88119580 2
8 88138095 1.4797
8 88158482 2
8 88159947 2
8 88174855 1.0825
8 88194412 0.242748716173807
8 88230541 0.1027
8 88231415 1.0299
8 88236877 0
8 88257263 2
8 88264033 0.195378027964281
8 88291484 2
8 88292492 1.5076
8 88293101 1.7809
8 88322681 2
8 88335080 2
8 88335729 2
8 88349980 1.7841
8 88354586 0.0053
8 88359365 2
8 88360617 2
8 88360654 0.0053
8 88369887 2
8 88371082 2
8 88379619 2
8 88385328 2
8 88388883 1.5905
8 88389139 2
8 88395582 1.5905
8 88398821 1.5905
8 88403376 1.5905
8 88403592 1.5905
8 88405120 0.0244
8 88405181 1.5905
8 88406580 1.5905
8 88417856 1.6466
8 88427502 1.5905
8 88436648 2
8 88437206 1.5905
8 88442963 1.5905
8 88451203 2
8 88455252 2
8 88485996 1.0427
8 88490235 2
8 88496025 2
8 88502504 2
8 88502551 2
8 88516834 2
8 88518236 2
8 88518874 2
8 88524938 1.6086
8 88564423 0.7006
8 88580315 1.2744
8 88584995 2
8 88630465 1.8961
8 88685976 2
8 88744584 2
8 88798285 1.2212
8 88803298 2
8 88805846 0.0988
8 88867816 0
8 88867849 0
8 88867892 5e-04
8 88892444 0.439228545318246
8 88897190 2
8 88915287 2
8 88920235 2
8 88925654 2
8 88928104 2
8 88929352 1.85620769355371
8 88934363 2
8 88940903 5e-04
8 88949172 0.0263
8 88956194 0.872
8 88957557 2.3278
8 88964545 0.872
8 88965955 2
8 88974611 0.872
8 88980242 0.666409115023219
8 88999452 0.499743078571005
8 89001104 1.14555289738677
8 89037738 0.8596
8 89049292 0.8156
8 89049525 0.7961
8 89054448 0.9469
8 89077883 0.0217
8 89086937 2.4525
8 89120173 2
8 89146877 2
8 89149163 2
8 89209743 2.3071
8 89220868 2.3399
8 89231073 1.6624
8 89239835 1.6518
8 89245856 1.5826
8 89295339 2
8 89297017 2
8 89319532 2
8 89338351 2
8 89342538 0.0792
8 89343667 0.0792
8 89363797 8e-04
8 89373911 2
8 89375841 0.6771
8 89378821 0.409175300145658
8 89387403 0.483811251211619
8 89389104 0.312898068164281
8 89406725 0
8 89411088 0.552039999142792
8 89437982 1.106
8 89443173 1.0278
8 89443390 2.184
8 89456191 2e-04
8 89460100 5e-04
8 89461469 0.0990262203998464
8 89467788 0.506794098947795
8 89475011 1.61220395499268
8 89477951 0.730008805105736
8 89479834 0.270716407658347
8 89481894 0.286554771809661
8 89486323 2
8 89492982 1.2368
8 89495745 0.3143650152362
8 89498185 1.029655852741
8 89501385 0.559050783670085
8 89511007 0.133305536427974
8 89511742 0.673661462368331
8 89511821 0.453591735008302
8 89516616 1.77912073588551
8 89517640 0.279431059457393
8 89526492 1.29897930273606
8 89527722 2.66912335965924
8 89535536 1.3040477187377
8 89537065 0.439259246295846
8 89545506 0.493560327863885
8 89552202 0.166629307622688
8 89559431 1.15
8 89566968 1.2376
8 89584389 0.829998503836879
8 89584673 1.15406223844818
8 89589066 0.570141524331272
8 89597232 0.022
8 89599195 2
8 89607303 1.5483
8 89612463 2
8 89622936 0.0444622763576782
8 89655885 2
8 89658244 1.257
8 89663517 2
8 89703457 2
8 89704734 1.1387
8 89738823 1.1994
8 89742762 2
8 89746396 2
8 89758441 2
8 89760437 2
8 89766494 0.9252
8 89768304 2
8 89779359 2
8 89787016 1.2839
8 89806496 0.0983737917350289
8 89828768 2
8 89840352 0.7335
8 89844223 2.7951
8 89849258 0.1466
8 89857752 0.502857681350483
8 89867474 0.428406123951897
8 89902883 2.0933
8 89933828 2
8 89945261 1.6124
8 90043687 0.6946
8 90049918 2
8 90069834 0.00442092414403592
8 90085370 0.967304773816065
8 90091359 2.34955266177999
8 90092290 0.213414278726093
8 90095788 1.64166305544837
8 90114093 0.726455689213424
8 90140594 0.347548451629393
8 90149055 0.410410670523664
8 90191060 1.45702632105638
8 90210426 0.496532471931513
8 90211001 1.6243
8 90215807 0.3443
8 90216583 0.3443
8 90222153 1.6453
8 90222884 0.8635
8 90223107 0.3443
8 90238798 0.3443
8 90240611 0.0263
8 90245823 0.8393
8 90262050 0.2999
8 90266945 0.2999
8 90266989 0.2999
8 90267480 2.0145
8 90330110 0.0833
8 90333402 0.2037
8 90363023 0.2577
8 90363074 0.2577
8 90379670 0.2577
8 90380000 0.1386
8 90383289 0.2577
8 90393610 0.2273
8 90399478 0.1386
8 90400397 0.2001
8 90426636 0.2273
8 90429277 2.7095
8 90437275 0
8 90478924 0.771
8 90503143 1.9195
8 90519859 0.7877
8 90539318 0.715
8 90539927 1.1555
8 90567208 0.213022478950801
8 90635403 5e-04
8 90636552 1.09818191033261
8 90639022 0.723
8 90666347 0.3834
8 90668291 0.3834
8 90680951 1.46640825945382
8 90739628 0.1138
8 90743119 0.1138
8 90747060 0.1138
8 90767577 0.492700951218546
8 90774633 0.588947880683417
8 90781784 0.1138
8 90798837 0.412617323255466
8 90806103 1.41565113111451
8 90806407 5e-04
8 90814479 0.354771607426196
8 90820211 0.357826473125356
8 90938987 1.11553724288515
8 91020939 0.012100991761974
8 91026076 0.189985013414582
8 91034830 0.137894888748905
8 91038376 0.946027015893548
8 91060078 0.235695106649549
8 91062834 2
8 91063415 0.298256429692114
8 91072971 2
8 91079482 0.438456829501537
8 91087620 0.0384637008876633
8 91097216 2.49528841372771
8 91110980 2
8 91115209 2
8 91124078 2
8 91141163 1.1793
8 91147051 2
8 91168736 2
8 91170773 2
8 91174494 2
8 91174721 2
8 91176212 2
8 91181125 2
8 91190413 2
8 91198577 2
8 91209054 2.1586
8 91214847 2
8 91219336 0.0263
8 91234479 2
8 91259481 2
8 91276650 1.6518
8 91281302 2
8 91281814 2
8 91293035 1.6518
8 91303393 1.6624
8 91303701 1.6624
8 91321908 2
8 91327022 0.9729
8 91346531 0.4276
8 91347536 0.8398
8 91347965 0.4109
8 91366188 0.379
8 91369369 2
8 91466465 2
8 91470437 0.0263
8 91521896 0.376348413745876
8 91558962 1.6091
8 91603506 2
8 91632837 2
8 91646202 2
8 91687079 5e-04
8 91687110 2
8 91690290 2
8 91690582 2
8 91726103 2
8 91743968 2
8 91755157 2
8 91761081 2
8 91770971 2
8 91772691 2
8 91790711 1.4185
8 91795551 2
8 91821084 2
8 91821386 2
8 91834361 5e-04
8 91834478 0.2966
8 91848194 2
8 91864286 0.211860973827795
8 91876560 2.2548
8 91878079 0.881191996790833
8 91878860 0.697524159544166
8 91892387 0.110284629729711
8 91913323 0.619582153352192
8 91916441 0.797157656245764
8 91935845 1.4205
8 91936389 1.69340594260297
8 91955344 0.867059782393122
8 91969499 1.06999275480935
8 91996369 0.4769
8 92009859 0.4769
8 92021987 0.4769
8 92025725 0.4769
8 92026271 3.0702
8 92034690 0.4769
8 92035876 0.4769
8 92037238 0.4769
8 92042104 0.4769
8 92046410 0.4769
8 92051574 0.4769
8 92115586 0.653358878422594
8 92139820 0.336848950865755
8 92145824 0.678205957684665
8 92147790 0.875068551217937
8 92150279 0.840843209869782
8 92153366 0.38875705846002
8 92166358 0.105518289385544
8 92177403 0.877692227228275
8 92187768 1.7538
8 92191668 0.4752704159946
8 92203617 0.39020607020341
8 92213810 2
8 92216110 0.313611350462729
8 92217210 0.839770779395122
8 92230758 0.204522465068992
8 92242594 0.780079200665548
8 92247738 2
8 92261042 2
8 92267324 0.3602
8 92271350 2
8 92276874 0.2159
8 92324994 0.0244
8 92332881 0.7329
8 92347337 0.884417193538425
8 92354032 0.738847639849641
8 92365554 2
8 92375354 2
8 92391567 1.12630476385541
8 92400124 2
8 92402604 2
8 92412859 2
8 92413019 2
8 92416104 0.303026566570288
8 92419508 2
8 92428477 0.5919
8 92429570 2
8 92430845 0.103696698459141
8 92470152 0.386825616764263
8 92476678 0.158152179333165
8 92478011 3.1212
8 92489327 1.6103138041314
8 92491651 2
8 92529107 0.1821
8 92533010 2
8 92537614 2
8 92551009 0.579142527264477
8 92554370 1.01586415537052
8 92566076 1.22240943293837
8 92566105 0.517735561097236
8 92589558 2
8 92617432 1.2663
8 92624940 1.5726
8 92685322 0.157151934806549
8 92694841 1.9424
8 92710821 2
8 92738137 0.51943685613606
8 92771321 0.930259927709828
8 92783996 0.482735986299513
8 92864379 0.255286066081023
8 92871307 2
8 92874515 0.590542187055891
8 92911507 0.299
8 92913797 0.1783
8 92935861 2
8 92985580 2.2
8 93021675 0.661926930747314
8 93022079 2
8 93024557 1.32651500888919
8 93033506 0.962010897334953
8 93035340 1.2526
8 93036777 1.356323654054
8 93041768 1.0826
8 93050793 1.2625
8 93053943 1.2625
8 93054597 1.04
8 93057768 1.04
8 93066688 0.7308
8 93069161 2.096
8 93074038 0.342155707045845
8 93088418 2.50859264021989
8 93094222 0.9339
8 93123257 2
8 93128027 2
8 93149698 2
8 93158369 1.4641
8 93185493 0.0383
8 93240301 2
8 93243899 0.3298
8 93279194 1.3758817883787
8 93279803 2.542
8 93284664 2
8 93323040 2.09694305413638
8 93344475 0.6493
8 93349449 0.6364
8 93349916 2
8 93363616 1.1053
8 93366507 0.6364
8 93366981 0.0263
8 93397019 2
8 93437290 2
8 93441531 0.1453
8 93448226 2
8 93470810 0.1317
8 93508676 0.519714557069632
8 93521983 0.2345
8 93561228 0.1808
8 93600235 2
8 93610907 0.208
8 93624480 2.5234
8 93637166 2
8 93642301 0.388881919273335
8 93649415 2
8 93650221 2
8 93661698 2
8 93673844 2
8 93688929 2
8 93696416 2
8 93705688 2.4996
8 93707907 2.111
8 93721823 2
8 93722779 1.1502
8 93741561 2
8 93749495 2
8 93749771 1.33153410521919
8 93758387 1.1502
8 93823415 1.9256
8 93835144 2
8 93844424 0.535058343160175
8 93852764 0.79719197861749
8 93861607 0.109133486229364
8 93885993 0.877831236936431
8 93888598 0.413340323313505
8 93913567 0.460822818700847
8 93915069 0.955981982514292
8 93916683 0.455739544866744
8 93919644 0.649171633429357
8 93931387 2.520717625046
8 93936171 0.972319025350161
8 93971240 0.9834
8 93993871 1.41998342641986
8 94001747 0.159989316667202
8 94009289 0.6873
8 94032735 0.1773
8 94035184 1.19524667408657
8 94040744 0.475488239260304
8 94048866 0.266787444211681
8 94049236 1e-04
8 94068600 0.0255
8 94087528 0.0138747423099144
8 94101913 0.67181878023473
8 94103596 5e-04
8 94116085 2
8 94139899 2
8 94162307 0.974198992748448
8 94191166 1.3611
8 94195164 1.3611
8 94204038 2
8 94206703 1.2294
8 94211518 2
8 94224831 2
8 94229773 2
8 94232307 2
8 94245837 0.3554
8 94301396 1.23071677484986
8 94303898 2
8 94312871 2
8 94317257 0.0784149892125688
8 94338402 2
8 94375731 2
8 94377083 2
8 94385660 2.27568236889682
8 94385953 2
8 94390459 2
8 94396503 2
8 94400010 0.887687629888446
8 94409954 1.57086040279185
8 94414018 0.227903635229476
8 94428325 2
8 94455221 0.71907903604067
8 94459955 1.10249509325407
8 94461175 2
8 94466198 2
8 94467013 2
8 94471459 2
8 94477994 2
8 94482834 2
8 94485761 2
8 94486950 2
8 94497458 2
8 94505245 5e-04
8 94505481 0.1689
8 94518525 2
8 94524382 0.770483423017571
8 94534891 0.7803
8 94536898 0.5167
8 94537319 2
8 94548257 0.575716228970038
8 94550503 0.715933052948752
8 94553045 2
8 94571282 1.6719
8 94579677 2
8 94580479 0.4197
8 94595629 0.4051
8 94605497 2
8 94605866 0.0078
8 94607147 2
8 94609150 0.4197
8 94616255 2
8 94619957 0.0109
8 94620177 2
8 94620853 0.0109
8 94629381 2
8 94641717 0.829681122713405
8 94641815 0.315867190344388
8 94648544 2.51584153833234
8 94650616 0.0757
8 94681953 0.0281116246782665
8 94682643 1.89763471295697
8 94689912 0.0700870016280484
8 94690741 0.482408777362021
8 94707159 0.503659908338992
8 94708434 0.72396496164299
8 94710700 0.43971839622472
8 94715089 0.644310120816228
8 94720055 0.218113189603686
8 94720538 1.12051964850614
8 94721035 0.781026773400144
8 94735232 2
8 94747404 0.998810065085123
8 94747906 0.237258742102685
8 94752669 1.8857
8 94763935 0.351539773366296
8 94768073 1.7798
8 94774377 0.777220360397388
8 94781056 0.532
8 94782358 0.1601
8 94783479 0.253395044113316
8 94820588 0.9842
8 94821594 2
8 94832737 1.8483
8 94861057 3.886
8 94865314 2
8 94870061 0.6885
8 94871312 2
8 94897270 1.0186
8 94914434 2.1191
8 94922936 2
8 94923846 0.764069099371324
8 94933932 2
8 94935410 2.1191
8 94937438 1.0186
8 94941928 5e-04
8 94943473 2
8 94948658 2
8 94955144 2
8 94965875 0.0078
8 94969050 2
8 94972883 0.9842
8 94975243 0.9842
8 94977355 0.9842
8 94986074 2
8 95016774 0.8417
8 95029039 2
8 95029209 0.8417
8 95035705 1.1364
8 95037111 2
8 95039822 2
8 95054436 2
8 95074959 2
8 95079818 0.7378
8 95085668 2
8 95088044 2
8 95089566 2
8 95092605 0.3606
8 95100568 2
8 95103634 2
8 95148077 5e-04
8 95160472 0.0078
8 95160570 0.0263
8 95163207 2
8 95163837 0.4266
8 95186707 0.536819534656759
8 95188896 2
8 95194325 2
8 95201966 1.45088956916158
8 95202563 2
8 95202845 2
8 95203991 0.0285
8 95205436 2
8 95206988 0.361937973722794
8 95207673 2
8 95208824 1.32302995558933
8 95208894 2
8 95217266 0.332179186095629
8 95226885 0.945219627734668
8 95233024 1.16571652704224
8 95236215 0.474452029849954
8 95240311 1.2784
8 95244638 0.0775963729263769
8 95248915 0.0078
8 95258120 1.6284
8 95259689 1.6096
8 95261027 2
8 95276072 1.6201
8 95297378 0.221701611534006
8 95328223 1.1011704101595
8 95346965 1.89372432946246
8 95351015 0.7795
8 95380152 0.3685
8 95395122 0.4869
8 95405004 1.24196185705805
8 95411122 0.5237
8 95416632 0.9902
8 95425450 1e-04
8 95433230 2.9805
8 95438074 0.788596461193389
8 95443225 2
8 95443735 0.7046
8 95450279 2
8 95454736 2
8 95460814 2
8 95462617 2
8 95464608 2
8 95475466 2
8 95479298 0.1533
8 95482719 0.1533
8 95488485 2
8 95522098 2
8 95535234 0.094
8 95562584 0.506033808262034
8 95566282 1.0302
8 95566573 1.4030618014761
8 95571323 0.1514
8 95595206 1.3503
8 95597390 0.8661
8 95608008 0.5031
8 95609337 1e-04
8 95628577 1.26784333208442
8 95630511 0.0078
8 95630619 5e-04
8 95635828 1.07108790680957
8 95636962 1.36077628619718
8 95637758 0.941576653919591
8 95638402 0.212563080089789
8 95639363 0.0495177691729799
8 95640467 0.7118
8 95646676 2
8 95657725 0.153167818165568
8 95665947 0.195320477348907
8 95723935 0.132056158821226
8 95729065 2
8 95737898 2
8 95743022 0.532445952354579
8 95751738 0.256871701859671
8 95755392 0.147375112588246
8 95762770 2
8 95765044 0.0600559249362595
8 95771220 2
8 95771278 2
8 95783288 1.28437709574033
8 95813143 2
8 95818173 2.5818
8 95823485 0.307507081916433
8 95833427 2
8 95864773 2
8 95865492 0.93665292002574
8 95884245 2
8 95885038 2
8 95886083 1.0439
8 95888210 0.7551
8 95897429 1.1818
8 95912318 0.535315375918384
8 95917011 0.1273
8 95930823 0.2431
8 95935019 0.637540606687651
8 95939422 0.191760382949335
8 95947054 1.45804249415875
8 95962937 1.0944
8 95964491 0.563926116993743
8 95979673 0.0615
8 95979928 0.918514284131086
8 95986416 2
8 95989987 0.0615
8 95995158 2
8 95996202 0.0615
8 96002361 0.0556
8 96002814 1.8578
8 96053559 0.623454919899078
8 96053721 6e-04
8 96054232 2
8 96057744 5e-04
8 96069736 0.7046
8 96072718 2
8 96079811 2
8 96090804 0
8 96090996 0.5989
8 96113713 2
8 96113958 0.796675199730632
8 96120499 2
8 96134413 1.7307
8 96161051 0.82
8 96162131 0.82
8 96170041 2
8 96190663 2
8 96191153 2
8 96210683 0.300508157147635
8 96216185 2
8 96218754 0.299905471964348
8 96219413 0.4002
8 96223128 1.22899926941636
8 96247612 0.391943736913847
8 96252226 0.565230151312614
8 96255740 2
8 96258763 0.201798522481066
8 96282604 1.64010613676902
8 96288829 0.148942298620592
8 96315451 2
8 96317033 2.70773414724368
8 96330354 2
8 96340308 2
8 96340559 0.0349481186050482
8 96341206 2
8 96348244 1.59548345238183
8 96351456 2
8 96351952 2
8 96356883 0.527639167136779
8 96367916 1.49821730079486
8 96381084 0.8268
8 96424892 2
8 96467433 2
8 96469828 2
8 96501232 0.147849478608298
8 96503629 1.79213356118498
8 96509161 0.3712
8 96519925 0.6557
8 96522805 0.1106
8 96523439 2.989
8 96534261 0.325923689400788
8 96538858 2
8 96544337 2
8 96553469 0.4266
8 96557567 2
8 96575579 0.934137451039806
8 96576520 1.44813341282334
8 96583392 0.2315
8 96584445 2
8 96585444 0.0883
8 96591950 1.05861544131127
8 96599300 0.338422623107963
8 96607506 0.0107
8 96622373 0.174655785067892
8 96636458 2
8 96638553 0.814720418506312
8 96642039 2
8 96643844 2
8 96682978 0.705937208172787
8 96696295 1.5
8 96696480 0.373810902033837
8 96709919 0.265064453481479
8 96740947 1.4415
8 96743141 2
8 96767493 0.0462
8 96767998 1.07892761942997
8 96770700 1.4198
8 96784399 0.392605907129311
8 96814056 2
8 96854555 0.0077
8 96864617 2
8 96888774 2.7151
8 96907702 2
8 96920478 2
8 96926665 5e-04
8 96953560 2
8 96977324 2
8 97074685 1.45254973272629
8 97122941 5e-04
8 97122971 5e-04
8 97125709 2
8 97130864 2
8 97178299 2
8 97183626 2
8 97184116 2
8 97196367 2
8 97200997 2
8 97202084 2
8 97216955 2
8 97220720 2
8 97221376 2
8 97223320 2
8 97234089 0.7137
8 97262210 2
8 97263638 2
8 97263769 2
8 97268338 2
8 97301525 0.3791
8 97313924 2
8 97315368 2
8 97323406 2
8 97331833 0.067
8 97359116 1.1842
8 97369797 0.64440810392894
8 97373643 0.0258260151575182
8 97383386 0.1214
8 97389962 1.57740504605336
8 97398965 0.157589075704855
8 97414027 0.2559
8 97426684 0.919979488037475
8 97427339 2.42993865879566
8 97435290 1.084213970758
8 97447274 0.0448
8 97495859 2
8 97500395 0.171883175498346
8 97570320 2
8 97574596 0.171824975035192
8 97575552 0.267991211398595
8 97576773 0.9668
8 97587489 6e-04
8 97588429 0.148569083345092
8 97596816 1.64625005945023
8 97598514 2.97685212989084
8 97599652 1.4342
8 97610005 2
8 97615976 0.789698058235935
8 97620536 2.10961763063597
8 97621407 1.26184824720963
8 97624533 1.12342356212655
8 97626638 2
8 97635809 0.211618715587697
8 97727306 1.3461
8 97728385 0.4126
8 97735333 1.26148129036938
8 97752565 1.232
8 97759642 0.9903
8 97761887 0.628375661430231
8 97771573 2
8 97772934 2
8 97773295 2
8 97790150 2
8 97794601 2
8 97795929 0.8551
8 97800675 0.8753
8 97801274 0.8753
8 97801839 0.9092
8 97819349 0.8753
8 97833268 0.8753
8 97837194 0.0255
8 97838102 0.6064
8 97844095 0.402014657161607
8 97844983 1.0548
8 97848700 2
8 97850203 2.21885526892102
8 97866889 0.336874532094908
8 97877479 2
8 97880083 5e-04
8 97884773 0.0664947826642628
8 97884914 0.044
8 97885233 0.0497
8 97901751 1.4519
8 97918229 0.8137
8 97919336 1.18105841012354
8 97920362 2
8 97927196 0.265626287906359
8 97930561 2
8 97931317 2
8 97936450 1.3592
8 97951589 0.0569
8 97953458 0.0569
8 97957011 0.0569
8 97958465 1.14593325831855
8 97960157 1.62626607323704
8 97983627 1.1242
8 97988995 1.3062
8 97995505 1.92397937718281
8 97995787 1.23111090750075
8 97996499 1.08753891713404
8 97996664 0.236923980282627
8 97999880 1.3002
8 97999941 1.3183
8 98009904 2
8 98031774 5e-04
8 98049447 1.31193696793279
8 98059735 1.4301
8 98071975 2
8 98074747 2
8 98082557 1.98769367019335
8 98088331 0.1914
8 98097220 0.407768859828121
8 98099678 0.138007584832989
8 98105273 1.4371
8 98107592 0.986783207288456
8 98115849 0.357919706221633
8 98127980 0.1418
8 98132698 0.2837
8 98139146 1.055
8 98145331 0.20493523862011
8 98153061 0.086519763366938
8 98158763 0.4266
8 98159067 2
8 98159784 2
8 98165634 1.01214194485586
8 98177984 0.0053
8 98187308 0.218332238326514
8 98192883 2
8 98196834 0.330475256699886
8 98198572 0.6106
8 98217339 2
8 98220868 2
8 98227466 0.3762
8 98244202 2
8 98252260 2.0204
8 98277320 0.0263
8 98308425 2
8 98329760 2
8 98332610 2.542
8 98335236 0.0255
8 98339530 2
8 98343153 2
8 98351924 0.349260941081785
8 98353792 1.1824
8 98354190 1.09558794996734
8 98357047 1.3337
8 98359341 1.3988
8 98370549 0.1341
8 98375093 0.0994
8 98382142 2
8 98434684 2.01289006999286
8 98474522 2
8 98493232 5e-04
8 98531272 2
8 98532537 2
8 98557169 1.336
8 98593312 1.7951
8 98620926 2.2356
8 98625988 2.1722
8 98634926 0.8745
8 98677622 1.8061
8 98688093 1.7634
8 98731321 2.989
8 98744676 5e-04
8 98823901 1.5335
8 98855191 0.7555
8 98859686 0.813
8 98911383 0.13367250798768
8 98940114 1.5191
8 98975919 5e-04
8 98981171 0.6759
8 98992704 2.0426
8 99004277 0.6759
8 99004488 1.5335
8 99021360 0.736473755985151
8 99028300 0.785083150811448
8 99032701 1.87482731408513
8 99049395 0.976839784782959
8 99054062 1.5335
8 99085014 0.0109
8 99085972 0.577294534039588
8 99086819 0.275631211431544
8 99089183 1.14853590681712
8 99106959 1.50868523044497
8 99115133 2.1015762572151
8 99122944 0.604599267854565
8 99128120 0.587566833473698
8 99128391 1e-04
8 99140687 0.6759
8 99140782 0.6759
8 99163043 1.0954
8 99168697 1.1366
8 99176402 1.0954
8 99177109 1.0954
8 99178028 0.469417806878993
8 99180235 1.1366
8 99211170 1.71520569319262
8 99214487 0.0776327176229495
8 99224000 0.113389613351605
8 99228607 1.4026
8 99228628 1.27407435005279
8 99261094 1.4911
8 99267386 0.307233189913746
8 99283052 1.5191
8 99309789 0.113124301537627
8 99314541 0.972319843220755
8 99330494 1.45040838533271
8 99336661 1.4516
8 99379894 1.4645
8 99392052 1.5335
8 99419443 0.0821713836327623
8 99423104 1.0954
8 99435274 0.0636
8 99442882 1.0954
8 99452443 0.0636
8 99459973 0.6759
8 99461539 1.0954
8 99478465 2.34319394861941
8 99521549 0.6759
8 99521590 1.8325
8 99522438 0.6759
8 99533950 0.6759
8 99540111 1.0954
8 99551253 0.6759
8 99563624 1.0954
8 99565484 1.5483
8 99580229 2
8 99582147 1.9429
8 99595717 0.18718887586929
8 99631185 0.925238661178946
8 99640069 2
8 99701482 1.5483
8 99706319 0.4126
8 99730781 1.5483
8 99740861 1.6115
8 99740867 1.6115
8 99757789 1.5483
8 99758970 1.5483
8 99771405 1.5483
8 99787288 1.5483
8 99790094 1.5483
8 99801764 1.5483
8 99817228 1.8881
8 99822960 0.5545
8 99901346 1.7067
8 99905404 1.04471500938932
8 99919477 0.9852
8 99933824 1.6414
8 99946383 5e-04
8 99976667 1.5284
8 99985486 0.8804
8 100009729 0.198554205652149
8 100018414 2
8 100028597 0.64633633964125
8 100038796 2.59697462857165
8 100039636 1.16933200144616
8 100042060 1.09439083745127
8 100052113 4e-04
8 100062365 0.810755788702588
8 100070924 0.776283618663061
8 100072419 2
8 100081024 0.43029686768936
8 100088377 0.505845028753884
8 100090901 1.2415
8 100111363 2
8 100115212 1.83870315765255
8 100125868 2
8 100133297 2
8 100140245 2
8 100144999 2
8 100149397 2
8 100155167 2
8 100155301 2.978
8 100172727 2
8 100189054 2
8 100190211 2
8 100192424 2
8 100196945 1.0236
8 100201961 2
8 100202567 1.0236
8 100209303 1.0236
8 100218035 2
8 100235888 1.1384
8 100240956 2
8 100245471 0.3545554488283
8 100252434 2
8 100256817 0.736935683486282
8 100277608 2
8 100285756 2
8 100319884 2
8 100320083 2
8 100320290 2
8 100329068 1.06579155649121
8 100331414 0.541350352530269
8 100339328 0.791
8 100350617 1.086
8 100360146 0.6994
8 100370771 0.6994
8 100380723 0.9337
8 100382666 1.5281
8 100383565 0.499845146396765
8 100385502 1.4235
8 100391389 1.4559
8 100402131 0.3844
8 100417215 2
8 100420074 2
8 100438014 2
8 100453531 0.0683328379398153
8 100453539 2
8 100459746 1.1258
8 100462554 2
8 100465971 2
8 100497550 0.6009
8 100549140 0.570961074389038
8 100571371 2.0406
8 100591537 2
8 100598972 2
8 100605108 0.2292
8 100631364 0.805
8 100631944 0.538
8 100639060 0.3441
8 100641601 1e-04
8 100644362 0.3441
8 100662703 2
8 100665546 2
8 100675380 2
8 100688300 1.7179
8 100698458 2
8 100713925 2
8 100721035 2
8 100737627 0.83
8 100738097 0.83
8 100752619 0.163768614028476
8 100753164 0.448801602087552
8 100755678 0.429681952982519
8 100765039 2
8 100765260 1.8419
8 100783897 2
8 100787916 0.7028
8 100798001 0.9699
8 100801402 1.5646
8 100802688 1.5646
8 100815812 1.3745
8 100831898 0.244612405120868
8 100832190 1.12892854862021
8 100836470 4e-04
8 100841243 1.5047
8 100842841 1.4915
8 100852420 2
8 100852681 1.44342021821328
8 100863749 0.949654924836625
8 100867258 0.53
8 100899408 2
8 100915467 0.6104
8 100917430 0.0077
8 100951998 0.0078
8 100956445 0.0805
8 100960281 0.0066
8 100976150 0.0113
8 100977169 2
8 100996271 2
8 101003616 2
8 101009422 1.3404
8 101010916 1.5421
8 101013680 1.317
8 101015868 1.317
8 101042882 0.3843
8 101049920 0.4241
8 101072315 1.1971
8 101078011 0.1215
8 101088545 2
8 101090098 2
8 101096363 2
8 101106384 0.0963376521799727
8 101108047 1.11702852608468
8 101110246 0.705275531267214
8 101120192 2
8 101133535 1.03907297748122
8 101134313 1.8433
8 101140501 2
8 101145969 2
8 101245294 2.7548
8 101251978 2
8 101257766 0.3796
8 101262384 2
8 101274094 2
8 101282399 2
8 101339031 2
8 101345029 0.8012
8 101410502 0.228551979638357
8 101435993 1.17670874765562
8 101436069 0.405057293125745
8 101445554 0.593951915206873
8 101456420 0.915701319459643
8 101490220 2
8 101495982 1.23494437161582
8 101498389 0.623370165294404
8 101499442 1.11407616530142
8 101532347 0.839399290370671
8 101540549 0.188233378354906
8 101543073 1.52829084793869
8 101564695 0.274351620028646
8 101567824 2.14316944819372
8 101579585 1.491
8 101579678 1.5037
8 101596807 1.0498
8 101609299 1.96196460262733
8 101609770 0.501562979789628
8 101609879 1.27199875714716
8 101610955 0.0518
8 101641130 1.5951
8 101650928 2.6683
8 101657473 1.0439
8 101658288 0.235959989080031
8 101663336 1.0439
8 101671103 1.0067
8 101673078 0.0066
8 101678702 1.0067
8 101685014 2
8 101694754 0.311547823105423
8 101699079 0.0621
8 101699203 0
8 101718522 2
8 101729578 0.2136
8 101762352 1.21156283742949
8 101764014 0
8 101796507 0.803845034020629
8 101830336 1.01303372579137
8 101850891 0.5302
8 101851011 0.185136075632939
8 101853464 0.22504927431276
8 101877341 0.596307208991668
8 101882179 1.27926631953593
8 101894574 0.642285201608918
8 101928600 0.0447831409932752
8 101929350 1e-04
8 101934273 0.0388
8 101946263 0.2971
8 101958623 0.2819
8 101959319 0.2971
8 101973785 0.2819
8 101975514 0.2819
8 102008204 0.605189287852992
8 102032611 0.0837
8 102039368 0.3184
8 102042991 0.3033
8 102057546 2
8 102081957 0.109
8 102083477 0.6737
8 102106256 1.4943
8 102120626 0.46985904615397
8 102125465 0.5185538355175
8 102127019 1.3715
8 102132288 2
8 102133595 1.4103
8 102134391 2
8 102135628 2
8 102136535 2
8 102138089 1.0399
8 102152210 2
8 102153223 2
8 102155445 0.4732
8 102161832 0.685126120778097
8 102176132 1.3827
8 102203932 0.0413801739321142
8 102252904 2
8 102255838 2
8 102270290 2
8 102278803 1.1662
8 102304209 0.91344795769141
8 102319796 2
8 102322829 1.11670218565542
8 102325363 1.53792088817746
8 102329693 1.2808
8 102334179 1.2154
8 102338256 1.1662
8 102339543 1.32461927949569
8 102344699 2
8 102390667 2
8 102444124 1.0391612001019
8 102445077 2
8 102483669 0.400608344244849
8 102486560 1.81868588852469
8 102488068 0.611092189860107
8 102500642 2
8 102508759 2
8 102512233 2
8 102512949 2
8 102518416 2
8 102521960 2
8 102522938 2
8 102526122 2
8 102529257 2
8 102532489 0.7883
8 102533208 0.192697166955143
8 102536334 2
8 102539157 0.1752
8 102545735 2
8 102552359 0.549889520767065
8 102555126 2
8 102569405 1.74893029358158
8 102571705 0.281322558876382
8 102577362 2
8 102585264 0.337382522141115
8 102585358 1.421
8 102594237 2
8 102594292 0.9089
8 102594727 2
8 102604140 0.9465
8 102627837 2
8 102628205 2
8 102633523 1.5792
8 102634489 0.0684
8 102636294 0.657
8 102646891 0.542846427613966
8 102652082 0.743015262068413
8 102687660 2
8 102692624 2
8 102708208 2
8 102710331 2
8 102710941 2
8 102716918 2
8 102719853 0.730950796637061
8 102720549 2
8 102733015 1.18992780717788
8 102777393 2
8 102793131 0.9237
8 102794686 1.26603996349963
8 102805637 2
8 102834595 2
8 102842783 2
8 102859130 2
8 102860863 2
8 102861022 2
8 102867458 2
8 102867569 2
8 102886765 1.4167
8 102902376 2
8 102938127 0.954811909472086
8 102947796 1.1326
8 102960836 2
8 102963097 1.1438
8 102966471 2
8 102972668 1.0757
8 103001574 0.7699
8 103002321 0.7699
8 103002485 0.7699
8 103004102 0.7699
8 103004116 0.7699
8 103006337 0.7699
8 103008414 0.7699
8 103020483 1.3883
8 103067617 1.41994094953978
8 103074198 0.252929816042011
8 103077254 2
8 103086287 1.3791
8 103094939 2
8 103102729 0.718517979167772
8 103103452 0.311756692581169
8 103104657 0.927199605865245
8 103108142 0.0465657030624444
8 103108502 2
8 103112886 1.8942
8 103114489 0.256790921554121
8 103115789 2
8 103119331 0.1109
8 103123960 0.1109
8 103126358 0.0852
8 103130064 2
8 103147486 2
8 103151209 2
8 103163592 2
8 103164340 2
8 103175740 1.13989886519629
8 103177197 2
8 103177235 2
8 103184993 0.34476833134596
8 103189173 0.7845
8 103195331 0.423302866759874
8 103196102 0.3515
8 103201661 1.50665386293179
8 103250223 1.1175355532889
8 103264084 1.2126
8 103266156 1.2173
8 103266551 1.6394
8 103274109 1.617
8 103287178 0.360276774529259
8 103287198 0.846952735689435
8 103289222 0.582892756755274
8 103302213 0.186827330566108
8 103306627 0.0815192332734579
8 103307416 0.814612265385631
8 103307580 2
8 103310304 0.7669090661974
8 103331187 2
8 103337416 1.739
8 103343731 0.711914600697398
8 103345496 0.273900623915064
8 103350805 1.26217609906779
8 103352828 0.879032142177158
8 103356094 0
8 103380269 0.327582891590964
8 103382284 0.6038
8 103396257 1.0175
8 103396282 0.6038
8 103405965 1.0191007516718
8 103407972 2.23061800289415
8 103412109 1.74756073922245
8 103413817 1.33402231313111
8 103415131 0.397588979615567
8 103449656 0.868837588515089
8 103451877 0.432075051485757
8 103456468 1.0226
8 103458676 1.383
8 103465575 1.3717
8 103467033 3.1264
8 103467195 0.1984
8 103488531 2
8 103497902 1.0226
8 103507332 0.721635923217751
8 103509863 2
8 103514215 1.0226
8 103520826 1.3661
8 103523982 1.0226
8 103535530 1.3661
8 103553652 1.3661
8 103569073 0.0271
8 103570502 1.0226
8 103571573 1.0226
8 103572981 1.0226
8 103579095 2
8 103588620 1.0226
8 103588838 1.0226
8 103599932 1.0226
8 103616950 1.3661
8 103621290 1.0226
8 103622799 1.0226
8 103632299 2.68699530497781
8 103656844 2
8 103666400 1.0226
8 103678365 1.0226
8 103685360 2
8 103686946 0.168710769153242
8 103687970 1.0226
8 103697366 2
8 103698500 1.3661
8 103725002 1.0226
8 103725399 1.0226
8 103726055 1.0226
8 103728444 2
8 103731129 0.675923543044303
8 103734417 1.75223710582273
8 103745198 2
8 103746662 2
8 103747075 1.57919083317206
8 103750609 0.691387966569564
8 103759340 0.0379515354084075
8 103773222 1.0226
8 103774172 0.724833224542303
8 103786850 0.0542528562371663
8 103791611 1.09793784295377
8 103792880 0.632659939882977
8 103797779 0.029
8 103799563 1.36478880012734
8 103804789 1.4005
8 103818212 1.68351136235542
8 103818554 1.72542977603987
8 103836318 1.4005
8 103838881 0.9622
8 103840352 0.358099920673819
8 103861370 1.29075012696952
8 103863678 0.478671505348656
8 103876457 1.4981
8 103877302 1.14950843590571
8 103883032 0.2051
8 103885163 0.2051
8 103901704 0.2051
8 103901935 0.2051
8 103904671 0.850488802290479
8 103936870 0.1973
8 103940831 0.327323975751197
8 103942089 0.1973
8 103946885 0.1973
8 103957125 3.1252
8 103966848 2
8 103968515 0.2041
8 103974408 0.1973
8 103975543 0.1897
8 103985464 0.3407
8 103989542 0.1973
8 103989549 0.1973
8 103994923 2.05056885866003
8 103996529 2
8 104003862 0.1973
8 104006797 0.1973
8 104016851 0.1973
8 104033502 1.49593864550346
8 104037688 2
8 104039978 2
8 104051969 2
8 104070106 3.1212
8 104093024 2
8 104093618 2
8 104096161 2
8 104097428 2
8 104112798 2
8 104114567 2
8 104114745 0.547976085586076
8 104123245 3.51044880535761
8 104165979 1.614
8 104166011 2
8 104171357 2
8 104173228 0.9247
8 104185011 2
8 104188852 2
8 104189291 2
8 104193872 0.9283
8 104207172 2
8 104210778 0.477
8 104210873 0.9283
8 104220289 0.200003533953932
8 104220322 0.458
8 104230251 0.904
8 104231525 2
8 104245912 0.477
8 104247630 2
8 104251020 0.9283
8 104267357 2
8 104268488 2
8 104274461 2
8 104280118 0.32808152782314
8 104283968 2
8 104288830 2
8 104288955 0.509242981180403
8 104303219 0.276823087452695
8 104305739 0.0536410125282575
8 104306540 1.9629
8 104306587 2
8 104312623 0.426189706493184
8 104337436 5e-04
8 104339770 0.736065722628144
8 104350614 1.4846889904355
8 104355557 0.842536508380713
8 104356895 2.17405141478431
8 104362889 2
8 104364968 0.468302904437916
8 104372272 2
8 104377350 2
8 104382160 1.1045677842016
8 104417992 2.00065831504382
8 104427750 0.0479323764803039
8 104457328 2
8 104481950 0.455683462961509
8 104524441 0.920991285525201
8 104527288 1.8027
8 104533219 1.7505
8 104533580 1.1243
8 104564934 1.04484295335203
8 104572335 0.164188332331713
8 104580455 0.783597839661802
8 104580619 2.57589605944752
8 104598876 0.861
8 104614433 0.861
8 104616541 1.4026
8 104621298 2
8 104627115 0.184193163461822
8 104633705 1.4094
8 104640413 1.1101
8 104663234 0.122
8 104667269 2
8 104671906 2
8 104675740 0.1155
8 104679169 2
8 104681619 6.80131588724581e-05
8 104683741 2
8 104686304 0.149
8 104691915 2
8 104692405 2
8 104708090 2
8 104711841 2
8 104721622 0
8 104724232 2
8 104728961 0
8 104776331 0.345238616085828
8 104784403 1.22691973670842
8 104789670 0.132320884084025
8 104792029 0.0866712999411912
8 104798169 0.403637230331645
8 104805152 0.155840653636568
8 104818668 0.7813
8 104822071 0.7813
8 104825990 0.6456
8 104827887 0.6456
8 104844178 0.8147
8 104845614 0.113327840096726
8 104849142 1.24919490658197
8 104854171 2
8 104859951 2
8 104860792 0.335785922426189
8 104880496 1.2904
8 104883686 0.2988
8 104887532 0.7155
8 104909843 2.0896
8 104911191 2
8 104911242 2
8 104913411 2
8 104916498 2
8 104921984 2
8 104922619 2
8 104928367 2
8 104937762 2
8 104942590 1.1486
8 104945204 0.324036619968634
8 104956701 0.6958
8 104964104 0.6958
8 104970380 0.6958
8 104980270 1.1559
8 104980837 2
8 105014530 0.0077
8 105028166 0.2778
8 105028913 0.2778
8 105031004 0.0823
8 105036854 0.280675177092457
8 105041946 0.2778
8 105042673 0.2778
8 105062798 2
8 105079818 0.3064
8 105106723 0.0949
8 105116631 2
8 105118151 1.88531427202046
8 105119736 2
8 105122123 2
8 105139702 0.7272
8 105151936 0.0053
8 105170032 0.708005552659674
8 105192392 0.9788
8 105210292 2
8 105221217 2
8 105222262 0.7471
8 105222414 2
8 105231053 0.7471
8 105242253 2
8 105242906 0.0868
8 105249731 1.8159
8 105251021 2
8 105256123 0.148014236646257
8 105257015 0.2333
8 105264613 0.0934
8 105266587 2
8 105276380 1.8159
8 105284743 1.8389
8 105291674 1.8629
8 105295144 0.775849061963796
8 105295296 2
8 105311455 0.0808
8 105349165 1.2433
8 105353030 1.1607
8 105358880 1.1607
8 105364107 1.1607
8 105380626 1e-04
8 105386304 1.5121
8 105389659 1.5121
8 105419595 5e-04
8 105435003 2
8 105443319 2
8 105455844 0.8544
8 105460846 0.8544
8 105461498 0.8544
8 105464521 0.943890361183745
8 105473798 0.8544
8 105486978 0.152701220766511
8 105487933 0.0164
8 105509617 0.973143840421681
8 105510410 1.18172850097012
8 105524455 0.66279465967848
8 105525262 2
8 105534034 5e-04
8 105547571 2
8 105555268 1.0738
8 105559145 0.2946
8 105561081 2
8 105568519 1.0738
8 105569212 1.0738
8 105575601 1.037
8 105603955 0.6535
8 105611684 2
8 105616737 0.6249
8 105625971 0.6249
8 105626544 0.6249
8 105629332 0.6249
8 105640496 1.16
8 105649425 2
8 105652969 2
8 105673065 2
8 105695511 2
8 105698065 0.1027
8 105737450 2
8 105740706 2
8 105785964 0.0736957798592811
8 105791367 0.121106599780162
8 105812530 0.166968474735762
8 105845552 1.70392614276917
8 105846407 0.461935247681641
8 105862056 0.9437182233277
8 105868421 2
8 105879418 1e-04
8 105879716 2.19368461792056
8 105898145 2
8 105913868 2
8 105923763 2
8 105953234 2
8 105953832 2
8 105968591 2
8 105969222 2
8 105977075 2
8 105986542 2
8 105990376 2
8 105994950 2
8 106001121 1.05886723438904
8 106022923 2
8 106042001 2
8 106049681 0.1083
8 106063226 2
8 106070190 2
8 106071589 2
8 106077405 2
8 106079408 2
8 106087012 2
8 106156537 2
8 106177963 2
8 106216719 0.593357060542038
8 106234074 5e-04
8 106251569 2
8 106251656 2
8 106252724 2
8 106253257 2
8 106292066 0.472819071077232
8 106294030 1.14570389679425
8 106298012 1.90283246220876
8 106299469 0.691247408466896
8 106306576 0.739079865651067
8 106313562 0.5996
8 106313619 1.0142
8 106323114 1.9713
8 106323153 1.9713
8 106324279 0.9235
8 106339516 2e-04
8 106339526 0
8 106346099 5e-04
8 106346741 2
8 106356619 1.2212
8 106358879 2
8 106362387 2
8 106390508 0.7601
8 106399977 0.0796
8 106411959 2
8 106434917 0.299486429253549
8 106457280 2
8 106481843 0.1774
8 106484384 1.21971218658537
8 106485875 1.2247
8 106487426 0.0078
8 106490539 0.0078
8 106491746 0.882763784642838
8 106491831 1.2247
8 106498817 0.1027
8 106511556 3.4226
8 106517583 1.0029
8 106534953 2
8 106545746 0.4591
8 106549824 1.2841
8 106556983 0.4073
8 106563518 0.3723
8 106570193 0.3723
8 106577119 0.3723
8 106609133 1.94478701099295
8 106639723 0.56625850590094
8 106694459 0.2346
8 106760163 0.8319
8 106818693 1.3675
8 106823068 1.5451
8 106827277 0.385232563115533
8 106840278 2
8 106842237 1.484
8 106843863 0.0867885866712679
8 106858125 1.1451
8 106867369 0.8794
8 106895167 0.9634
8 106908789 0.1202
8 106910118 0.1269
8 106924746 0.323711962017351
8 106928703 0.0541345983408351
8 106946035 2
8 106948360 2
8 106962607 2
8 106975683 2
8 106986773 2
8 106995586 2
8 107014241 2
8 107016217 2
8 107022522 2
8 107034385 2
8 107034804 2
8 107038743 2
8 107055749 2
8 107059925 2
8 107061011 2
8 107062209 2
8 107065023 2
8 107069546 0.4422
8 107071346 0.2938
8 107093069 2.6138
8 107111219 0.5143
8 107115655 0.1997
8 107124432 0.2259
8 107133568 0.3019
8 107142389 0.293
8 107142655 0.3019
8 107162503 0.1942
8 107163095 0.923537771628912
8 107193940 0.3812
8 107198827 1.1347
8 107199783 0.431350975908579
8 107207168 1.0615
8 107209180 1.1347
8 107247513 0.1759
8 107260211 0.7272
8 107260567 0.0658
8 107264645 0.0658
8 107267684 0.6627
8 107276096 0.0638
8 107291601 2.7095
8 107299854 0.0919
8 107303049 0.637980878643807
8 107353051 0.536057352072865
8 107354816 0.58116278908592
8 107369325 0.758824901151416
8 107384345 1.16232556113045
8 107397703 0.512759558349426
8 107398449 1.565
8 107402390 0.411746556625375
8 107404777 0.653392355376266
8 107406294 2
8 107411943 1.19941270158133
8 107415732 0.181805112791339
8 107427034 1.281
8 107429573 2
8 107444122 2
8 107464008 2
8 107478770 2
8 107479140 0.121172569379218
8 107491168 0.856936403251492
8 107500363 1.565
8 107512892 2
8 107514032 2
8 107516329 2
8 107528054 2
8 107540860 0.638727600477984
8 107541903 2
8 107543116 2
8 107551376 2
8 107551774 0
8 107555387 2.16890498762019
8 107557494 1.42100621018596
8 107561083 1.14675983701691
8 107568091 2
8 107568113 6e-04
8 107575231 2
8 107592638 2
8 107616022 0.817171008863104
8 107618734 0.027760566048471
8 107655800 0.57005098182665
8 107664798 0.165
8 107666801 0.165
8 107677361 2
8 107678002 2
8 107681490 2
8 107699212 1.36121395792732
8 107713589 2
8 107714290 2
8 107716393 2
8 107717556 2
8 107720685 2
8 107746350 2
8 107751590 2
8 107768324 2
8 107771460 2.1063
8 107795165 2
8 107829626 2
8 107836480 1.3464
8 107844113 1.3254
8 107861311 1.1547
8 107863148 0.738583477342707
8 107877694 1.19588023089591
8 107879658 0.748074355714455
8 107880995 0.186225421891563
8 107889523 0.795570188755564
8 107889653 1.37182705324024
8 107896138 0.793879550827321
8 107896867 0.496719073251906
8 107902847 1.3449
8 107909233 2
8 107924093 0.3003
8 107926806 2
8 107933999 2
8 107937502 2
8 107939159 5e-04
8 107950022 2
8 107955572 2
8 107959827 2
8 107972062 2
8 108022921 1.30403023736663
8 108035023 2
8 108051595 1.24888962290628
8 108056465 0.45646457928142
8 108070353 1.70239939275179
8 108070418 0.554557988609617
8 108088784 2
8 108090764 0.719712246003907
8 108095594 0.5778
8 108097995 5e-04
8 108098003 1.46274074913484
8 108098061 0.0087
8 108098100 2.00225845819084
8 108102894 2
8 108106802 2
8 108106860 0.5471
8 108107899 2
8 108111790 0.5471
8 108111994 2
8 108114223 0.5471
8 108123862 0.5471
8 108128405 0.5471
8 108129342 0.5471
8 108129630 0.3015
8 108129832 0.820996424551155
8 108132159 2.0562
8 108139814 0.6171
8 108142005 2
8 108147917 2
8 108165343 2
8 108167914 2
8 108168508 2
8 108180128 2
8 108183436 0.6505
8 108184342 2
8 108186057 2
8 108198676 2
8 108208040 2
8 108226351 0.6505
8 108228466 0.6505
8 108230752 2
8 108235644 2
8 108240242 0.307901348910313
8 108250814 2
8 108256576 2
8 108268966 0.6505
8 108278605 1.48513693224365
8 108316739 2
8 108347951 0.026
8 108352222 2
8 108371861 1.1613
8 108372762 0.214528333859844
8 108375285 1.6062
8 108382044 1.1613
8 108383484 2
8 108387240 0.211076124263935
8 108392211 0.050654727468684
8 108397928 1.169
8 108416421 1.03921336861306
8 108422277 5e-04
8 108433143 2
8 108434265 0.636913144671741
8 108439690 0.389765261761298
8 108442661 1.36460904256943
8 108443005 1.52821475834676
8 108455733 2
8 108456001 0.677800442421958
8 108468157 2.0836
8 108485332 1.79476462157935
8 108497914 1.41214790772268
8 108512795 2.6689
8 108527731 2
8 108532905 0.387366191272266
8 108546381 1.77822070940411
8 108554015 1.1315
8 108565801 0.878942503893116
8 108566985 0.675255471384748
8 108609839 1.82332333961374
8 108620342 0.0931324493519804
8 108630324 1.50818193945908
8 108636541 0.777007402519434
8 108637482 1.52947119953297
8 108641798 0.115412283894626
8 108642649 0.21175181055647
8 108645620 0.420148723754655
8 108647860 0.860790993289395
8 108647981 0.743524419835143
8 108662640 0.421405567363223
8 108689331 0.794449981924061
8 108707331 0.8778
8 108714349 0.42519680294403
8 108726836 1.4613
8 108748258 0.194254283848133
8 108750983 1.71084803465835
8 108754065 1.69284050415407
8 108756656 5e-04
8 108765785 1.53283902069612
8 108768864 0.1952
8 108771453 1.36288932260264
8 108775627 0.203098947494415
8 108791859 2
8 108792269 2
8 108797052 0.895031448209464
8 108820495 0.1952
8 108874183 2
8 108882853 2
8 108894680 2
8 108914929 0.558945656089502
8 108916411 0.6262
8 108954471 1.2134
8 108993411 2
8 108998968 0.0794
8 109014699 3e-04
8 109029655 2
8 109035451 2
8 109053373 2.0641
8 109059829 0.304701180227958
8 109067491 2
8 109073137 2
8 109074275 2
8 109090021 2
8 109090452 2
8 109094580 2
8 109106658 0.819410968488865
8 109137681 0.0116073795825107
8 109143418 2
8 109156237 2
8 109160372 0.968173476652466
8 109164649 0.393582898460556
8 109199628 0.951489689257716
8 109243861 2
8 109249961 5e-04
8 109266469 2
8 109272414 0.831857795920499
8 109273922 0.729569784061957
8 109274587 1.66368607281546
8 109283884 0.732573963875424
8 109291327 1.3592
8 109305415 2
8 109310090 1.3534
8 109311291 0.171897425993267
8 109354468 0.0428
8 109368192 2
8 109374021 0.6236
8 109390262 2
8 109397339 2
8 109397587 2
8 109399766 1.62708745996033
8 109401320 2
8 109416148 2
8 109426231 2
8 109426743 2
8 109427532 2
8 109463429 2
8 109486327 0.0958872467365106
8 109492474 0.49168504883195
8 109515754 2
8 109515808 0.604413921393645
8 109530114 2
8 109531292 2
8 109535170 2
8 109540348 2
8 109544290 0.725095011924191
8 109561671 0.0263
8 109563641 0.766027915182126
8 109628281 2
8 109628618 2
8 109632962 2
8 109641468 0.5355
8 109643546 0.8579
8 109650909 0.108510622331808
8 109654849 0.5615
8 109660414 0.5355
8 109666336 1.4444
8 109669487 0.5355
8 109675743 0.5355
8 109688349 1.1721
8 109711679 0.147394988014491
8 109746316 0.215048171024231
8 109767032 0.4004
8 109795791 5e-04
8 109809367 0.8604
8 109812815 2.4397
8 109822516 2
8 109834654 1.00334282878348
8 109836820 2
8 109847094 1.0018
8 109852717 0.5072
8 109860911 0.5072
8 109874686 2
8 109875832 2
8 109877993 2
8 109879748 0.5072
8 109919263 0.9767
8 109959395 2.1203
8 109970293 0.9941
8 109983004 1.0761
8 109984820 1.0761
8 110003121 0.2284
8 110014242 1.5293
8 110015892 0.4478
8 110045456 2
8 110057391 0.774283538699906
8 110065075 0.087893305421225
8 110110675 1.17872186477736
8 110110907 1.687
8 110120911 0.353263526969717
8 110121274 2
8 110125077 2
8 110131475 0.264817967067253
8 110139899 2
8 110152395 0.411230017453264
8 110154050 2
8 110156370 0.446414188876894
8 110157816 1.3645
8 110163606 1.3304
8 110169156 2
8 110175698 2
8 110194910 0.0186
8 110229762 2
8 110277958 0.0331
8 110279857 1.1646
8 110280085 0.416076458487538
8 110290596 2
8 110308626 2
8 110458937 0.8824
8 110464062 2
8 110471696 5e-04
8 110475239 0.911
8 110489908 2
8 110497584 2
8 110509135 5e-04
8 110523388 2
8 110531438 2
8 110535560 0.911
8 110537375 2
8 110568393 2
8 110603514 2
8 110608145 2
8 110613832 2
8 110615059 2
8 110623849 2
8 110624434 2
8 110635435 2
8 110637200 2
8 110649049 2
8 110651595 2
8 110652876 2
8 110655696 2
8 110684940 2
8 110738974 2
8 110777540 0.0902
8 110788396 0.0902
8 110794474 2
8 110794931 1.9345
8 110799373 2
8 110802433 1.9345
8 110808260 2
8 110817306 2
8 110824396 2
8 110827854 1.9345
8 110829219 2
8 110845853 2
8 110846840 0.0963
8 110855136 1.0067
8 110855701 5e-04
8 110866565 2
8 110883174 2
8 110901466 2
8 110909299 2.8716
8 110930341 2
8 110936384 2
8 110979142 2
8 110983765 2
8 111010171 0.022
8 111011419 0.464
8 111021150 0.1241
8 111050677 0.0407
8 111052995 0.1175
8 111056514 0.1241
8 111082608 0.1241
8 111088991 0.0407
8 111117088 0.1241
8 111117864 0.1241
8 111123653 0.1241
8 111133329 0.1241
8 111171830 0.1241
8 111174227 0.0217
8 111179203 0.1308
8 111214544 1.0097
8 111231612 1.3137
8 111242685 1.3137
8 111278511 0.2133
8 111342372 0.0222
8 111357867 2
8 111358287 2
8 111366393 0.478895916244223
8 111385106 2.6995
8 111394142 0.1281
8 111399020 0.043030057911726
8 111399334 1.4216184064042
8 111404407 0.1281
8 111407703 2.19349924658809
8 111410528 0.1281
8 111417618 0.307123331637431
8 111419426 0.1216
8 111421606 0.0777
8 111428399 0.795202957883141
8 111468220 0.182260976872534
8 111470292 2
8 111477810 1.02846474202992
8 111489421 0.613964986101221
8 111496269 0.498447537477543
8 111523740 0.0716
8 111529562 0.634855872853549
8 111536122 0.0716
8 111544236 2.0817
8 111591880 2
8 111598527 0.0425
8 111602620 2
8 111603094 0.808242282112906
8 111612773 0.220396640669694
8 111622421 0.0316747271239429
8 111623419 0
8 111637430 2
8 111650346 2
8 111650426 5e-04
8 111681693 2
8 111700418 2
8 111705661 0.0683789270081163
8 111706425 2
8 111720456 0.7324
8 111723336 2
8 111726666 2
8 111729942 2.1618
8 111736221 0.753854252919806
8 111747983 2.03191646952689
8 111756050 2
8 111773260 0.1918
8 111784324 0.0147
8 111796397 1.18080738898665
8 111797292 2
8 111798180 2
8 111805681 0.0147
8 111810316 0.1918
8 111836020 0.1844
8 111836996 0.1844
8 111843544 2
8 111876703 2
8 111884464 0.1918
8 111890416 0.1918
8 111890992 5e-04
8 111947543 0.0263
8 111948184 0.0634
8 111948231 2
8 111950206 2
8 111953582 2.0118
8 112004056 2
8 112035665 0.0169
8 112096106 2
8 112115483 2
8 112147615 2
8 112163821 1.43720405695685
8 112165613 0.1358
8 112167173 2
8 112168743 0.0138878467360022
8 112173063 2
8 112174700 0.1358
8 112176699 2
8 112178623 0.310013779718348
8 112184309 0.71842486341826
8 112202276 0.5261
8 112214546 2
8 112216369 0.0223
8 112227019 2
8 112231766 2
8 112238679 0.0263
8 112241856 0.261237308934602
8 112258957 0.0087
8 112272261 2
8 112297038 0.8
8 112326010 0.5029
8 112336470 0.8
8 112346827 2.3416
8 112362687 2
8 112365264 2
8 112366953 2
8 112411128 1.78484483180586
8 112437696 1.34208774676517
8 112441623 0.9212
8 112455638 0.0677538167969092
8 112459359 1e-04
8 112475221 0.6535
8 112475308 0.6535
8 112498320 0.4582
8 112498837 0.3464
8 112500904 2
8 112504811 2
8 112510328 2
8 112525828 0.613233927056846
8 112531640 0.3986
8 112545478 1e-04
8 112568770 1.047
8 112589788 0.45112825315804
8 112602917 0.624507488706372
8 112607558 1.8157
8 112626651 0.565787692419451
8 112627983 5e-04
8 112637173 0.8344
8 112643523 0.5157
8 112649665 0.8133
8 112657535 0.8338
8 112697054 2
8 112708142 2
8 112739268 2
8 112743216 2
8 112749062 2
8 112750135 2
8 112751074 0.426958225807425
8 112754281 0.0291046655795148
8 112768097 2
8 112796650 0.936011187083426
8 112803453 2
8 112806012 2.5331
8 112807051 2
8 112825948 2
8 112840548 0.392080181985937
8 112844966 2
8 112852568 2
8 112864242 2
8 112872059 2
8 112879508 2
8 112903104 2
8 112929314 2
8 112935189 2
8 112945303 0.7368
8 112948404 0.4283
8 112950795 2.085
8 113008830 2
8 113018688 2
8 113021501 2
8 113054977 1.3859
8 113060405 2
8 113069043 2
8 113070007 2
8 113072480 2
8 113073253 2
8 113087692 2
8 113092169 2
8 113099021 2
8 113099988 0.7574
8 113100699 2
8 113108036 2
8 113112017 2
8 113121972 0.7574
8 113149574 2
8 113159761 0.8264
8 113215606 1.3859
8 113220960 2
8 113229818 2
8 113236512 2
8 113271033 2
8 113301655 0.0373
8 113302262 2
8 113310126 0.8264
8 113315676 1.30313073637246
8 113322642 2
8 113355205 2
8 113355335 2
8 113356391 2
8 113358307 2
8 113359699 0.0373
8 113364245 2
8 113373225 2
8 113389914 2
8 113398297 2
8 113400785 2
8 113444226 1e-04
8 113444358 5e-04
8 113450647 0.395330763620035
8 113451230 2
8 113462824 0.9069
8 113472093 2
8 113536579 2
8 113537551 2
8 113540594 2
8 113552562 0.9069
8 113563161 2.1379
8 113568911 2
8 113585176 2
8 113587218 1.1234
8 113590216 2
8 113590265 2
8 113632302 2
8 113666991 2
8 113673175 2
8 113679542 2
8 113682275 1.032736877776
8 113687257 0.1514
8 113687778 0.1778
8 113691664 2
8 113691874 1e-04
8 113692262 0.2543
8 113701941 1.1306
8 113710317 5e-04
8 113719798 2
8 113722108 2
8 113730134 2
8 113734519 2
8 113737900 1.0957
8 113750475 2
8 113760218 2
8 113766356 2
8 113771717 0.291786786698928
8 113772075 0.288093067505724
8 113776472 1.31819615296405
8 113784932 2
8 113786596 2
8 113787859 2
8 113791525 2
8 113792538 2
8 113793188 2
8 113807467 1.57784809733392
8 113812834 0.984298401198387
8 113812868 2
8 113814431 2
8 113819438 0.842727394846836
8 113820414 0.4842
8 113820585 0.4842
8 113848452 0.190190154719148
8 113857192 1.0301
8 113860459 2.11430264235934
8 113861151 2
8 113865132 1.614
8 113877755 1.6347
8 113879341 1.1982
8 113879903 1.6347
8 113882511 2
8 113883488 1.6767
8 113888750 2.39084203626125
8 113892577 1.53438724908377
8 113893815 0.288500324711936
8 113894925 0.0314997348956622
8 113903709 2
8 113912760 2
8 113915291 2
8 113922527 0.8287
8 113922617 1.4167
8 113925594 0.093
8 113933067 0
8 113958567 2
8 113990359 2
8 113991624 0.900591272510444
8 113997333 0.2117
8 114000135 2
8 114001851 2
8 114003819 2
8 114006917 2
8 114013525 0.269418327718741
8 114023231 2
8 114036857 2
8 114037110 2
8 114082587 0.0078
8 114083988 2
8 114087735 1.3596
8 114096048 1.4362
8 114100616 1.4362
8 114109541 0.126
8 114124282 1.4362
8 114125418 2
8 114137013 2
8 114150552 2
8 114155532 2
8 114163789 2
8 114166720 2
8 114172435 0.2953
8 114178637 2
8 114180032 0.3147
8 114188328 1.3794
8 114203117 1.03112232055851
8 114244704 2
8 114248129 2
8 114252528 2
8 114277127 2
8 114283911 2
8 114307483 2
8 114307777 2
8 114312352 2
8 114320078 2.4029
8 114322778 2
8 114334143 2
8 114339513 2
8 114351624 2.4029
8 114364919 2
8 114365716 2
8 114391343 2
8 114393636 2
8 114409815 2
8 114429408 2
8 114429839 2
8 114430445 2
8 114430493 0.0079
8 114435274 2
8 114464017 2
8 114467375 2
8 114475022 2
8 114503300 2
8 114504445 2.17876878289186
8 114504502 2
8 114509912 2
8 114510107 2
8 114517609 2
8 114542619 1.04915644578364
8 114558596 2
8 114562597 2
8 114565769 0.280628872115117
8 114592931 2
8 114608352 0.351225876482798
8 114613033 2
8 114613529 1.74025988625891
8 114632239 0.281238667927918
8 114646739 2
8 114654058 2
8 114659852 2
8 114668048 0.883721661450469
8 114692945 0.9238
8 114701496 2
8 114712410 2
8 114721843 2
8 114724452 0.373066938775071
8 114724597 2
8 114725887 2
8 114727228 2
8 114745475 2
8 114756025 2
8 114756913 2
8 114781391 2
8 114782567 1.7901
8 114785339 2
8 114801904 2
8 114806920 2
8 114809122 2
8 114811445 2
8 114815794 2
8 114823420 2
8 114828606 1.1265
8 114831640 2
8 114832389 1.1265
8 114833758 2
8 114844749 2
8 114863674 2
8 114867202 2.5866
8 114868722 0.893201917647934
8 114872246 0.042
8 114877471 0.464211339960905
8 114879885 2
8 114882857 0.123781928032365
8 114893157 1.13711195656306
8 114896559 1.42356757239677
8 114920444 1.614
8 114927563 2.2561
8 114932651 2
8 114932788 1.614
8 114939825 1.614
8 114940084 2
8 114942117 2
8 114945705 2
8 114959366 2
8 114969281 2
8 114969392 2
8 114976244 2
8 114976376 2
8 114980679 2
8 114987833 2
8 114989433 2
8 115005766 0.8263
8 115014767 1.7634
8 115019830 2
8 115026763 2
8 115063358 0.9217
8 115064776 0.272
8 115066019 2
8 115067081 2
8 115072155 2
8 115091811 2
8 115099063 2
8 115100731 2
8 115104507 2
8 115118148 0.711873585681211
8 115120122 2
8 115144681 2
8 115145371 2
8 115201732 0.0801
8 115205101 5e-04
8 115273488 2
8 115286551 0.912758993260422
8 115307295 0.287133986540166
8 115319527 0.761512149630208
8 115340491 0.0908359174262985
8 115355258 0.592182671624467
8 115365369 1.64791572491761
8 115373465 1.32636225875146
8 115374297 1.49654152445782
8 115387280 1.3076359893426
8 115388651 0.475835167752966
8 115392962 0.2641
8 115397551 5e-04
8 115408257 0.0057
8 115434997 2
8 115460892 2
8 115468254 2
8 115498417 1e-04
8 115552935 0.845767583941369
8 115585182 0.1499
8 115587833 1.91149267038527
8 115623461 0.250597477651548
8 115626091 0.858767725446397
8 115642330 2
8 115648695 2
8 115685649 0.31677329377467
8 115718202 0.0424
8 115737849 0.667004588436787
8 115759040 2.566
8 115768272 0.2648
8 115768779 2.566
8 115780695 1.43638045812696
8 115800917 0.486916355032243
8 115804366 0.634013481560843
8 115805128 5e-04
8 115817876 0
8 115822230 2
8 115841438 1.30344800697304
8 115849082 5e-04
8 115849990 2.6689
8 115851143 0.655946651748166
8 115879134 2
8 115930542 0.1015
8 115941283 0.1081
8 115969713 0.25113262981633
8 115971462 0.750621763950818
8 115979657 0.0439004380444548
8 115983234 2
8 115992303 5e-04
8 116008127 2.371
8 116010170 2
8 116016391 2
8 116026212 2
8 116027020 2
8 116034106 2
8 116037278 2
8 116038270 2
8 116039286 2
8 116047531 2
8 116054763 1.54735676672647
8 116065657 2
8 116083757 2
8 116110787 2
8 116117779 2
8 116176826 0.0794
8 116180282 0.0107
8 116262580 1.64328730929115
8 116275376 1.714
8 116311320 2.3398
8 116328341 2
8 116336909 2
8 116370259 2
8 116409304 0.0176721111871496
8 116418140 0.0914
8 116420218 0.9668
8 116441379 0.0936921290775157
8 116464325 0.9593
8 116468073 0.103979557578133
8 116476549 0.0263
8 116476941 0.9593
8 116482530 0.9593
8 116493198 1.0435
8 116500037 1.22290199273672
8 116560300 0.5988
8 116568808 1.57289916850194
8 116588023 0.8506
8 116589882 0.5995
8 116614486 2
8 116615803 2
8 116619725 2
8 116631032 0.1124
8 116637767 2
8 116639935 2
8 116654230 0.0502
8 116654907 2
8 116664561 2
8 116669424 2
8 116679560 0.0897
8 116682121 2
8 116693177 2
8 116723425 1.04274515567895
8 116743698 2
8 116743801 0
8 116743803 0
8 116752734 1.61234099993688
8 116755889 0.9533
8 116774364 2
8 116785799 2
8 116789909 0.304171330484018
8 116793503 0.0794
8 116794980 2
8 116806892 1.0601
8 116811470 2
8 116812112 1e-04
8 116829159 1.78020487634894
8 116832736 2
8 116860247 2
8 116875369 2
8 116876588 0.540268934156599
8 116911056 2
8 116923136 2
8 116935759 0.778906941428126
8 116949020 2
8 116970072 2
8 116975037 6e-04
8 116982482 1.01981688516593
8 116985406 2
8 117007021 2
8 117018226 2
8 117019950 1.3434372208846
8 117023543 2
8 117035020 0.0846220017862813
8 117046357 2
8 117053536 1.9499
8 117083391 2
8 117097875 2e-04
8 117106241 2
8 117142199 2
8 117144111 1.06768372747623
8 117177292 0.426068896838287
8 117191771 1.4253
8 117195345 2.85826575160893
8 117203498 0.188965790030504
8 117206783 2
8 117207144 0.0807285470428343
8 117208084 1.22441037953668
8 117210464 0.06765532997065
8 117222679 2
8 117222911 2
8 117232397 0.7265
8 117234519 2
8 117238083 2
8 117242461 0.7079
8 117243725 0.2493
8 117255430 1.2693
8 117266463 0.3493
8 117267974 2
8 117287414 0.435
8 117294766 2
8 117302063 0.242
8 117302253 1.1277
8 117308917 2
8 117315349 0.5091
8 117315738 2
8 117318491 0.1648
8 117320722 1.3645
8 117342869 2
8 117343651 0.283697445454905
8 117350963 1.8682
8 117371200 2
8 117389590 1.4117
8 117399876 2
8 117402444 0.807234813607201
8 117425086 2
8 117430742 1.176
8 117452226 0.2583
8 117457091 0.279627920423248
8 117468560 0.416474157443349
8 117470561 2
8 117471970 2
8 117517298 1.17475195187837
8 117519837 2
8 117529598 0.9596
8 117539066 0.111643485451856
8 117610113 0.939
8 117623742 1.5377
8 117656737 2
8 117694537 0.2099
8 117699404 0.306
8 117701587 1.1581
8 117704036 0.3429
8 117708953 1.0889
8 117718105 1.4485
8 117759801 1.199
8 117759848 1.07980001079821
8 117759948 0.120616782617762
8 117766483 0.882042016059061
8 117775260 0.748012585993163
8 117775455 0.0060391399661194
8 117777158 2
8 117777520 1.11308816532738
8 117777956 0.701469792874144
8 117779595 2
8 117779601 0.847133142599919
8 117787042 0.416004245886431
8 117788662 0.275969986191936
8 117790333 2
8 117797256 2
8 117812364 0.880160568336889
8 117831204 0.8965
8 117856285 2
8 117858880 0.458772596089821
8 117867167 1.1285
8 117868838 2
8 117887682 2
8 117898118 2
8 117898362 2
8 117902640 2
8 117905613 2
8 117918690 2
8 117918964 2
8 117920932 1.5453
8 117929457 2
8 117980703 1e-04
8 117980717 2
8 117995037 2
8 118005734 2
8 118009499 2
8 118016676 2
8 118033957 0.678513911308003
8 118062338 1.8682
8 118065067 2
8 118069989 2
8 118072146 2
8 118078385 2
8 118091791 2
8 118113357 0.9734
8 118114658 1.0018
8 118120877 0.141839977597142
8 118143704 0.183561966496784
8 118159246 1.22027486849953
8 118184817 2
8 118193547 2.1967
8 118202135 0.663677870137217
8 118202706 0.743223270725103
8 118203896 0.729579257617899
8 118216482 0.734176316803005
8 118216838 1.82488788107995
8 118216839 0.150620581258757
8 118222331 0.670350136026838
8 118225319 0.0444
8 118226655 0.0444
8 118229348 0.0444
8 118237789 1.5566
8 118270722 0.646013747001034
8 118291021 1.39883081434215
8 118291218 0.560059562241647
8 118292383 1.0757
8 118301852 2
8 118306923 1.8969
8 118315065 2
8 118322943 0.0446662822813066
8 118324763 0.8048
8 118344982 0.890218824837474
8 118361883 0.5343
8 118368889 2
8 118370725 2
8 118393910 1.40103009518106
8 118394646 1.11016181005174
8 118403163 2
8 118409393 0.440701565871899
8 118411182 0.736848005626454
8 118411295 1.11382203920783
8 118416525 2.0144227362969
8 118423092 2
8 118423447 2
8 118423641 2
8 118424472 1.31632806785141
8 118429808 2
8 118432902 2
8 118440312 0.98624348547524
8 118448368 1.3575
8 118448734 1.34194448886343
8 118452208 2
8 118457312 0.9902
8 118459222 0.29572306589476
8 118463042 3.09654898511575
8 118469492 5e-04
8 118502196 1.00856341595831
8 118506609 1.33800158698541
8 118507848 0.989699616646606
8 118514221 2
8 118514867 1.91669393844894
8 118522006 1.02313625514116
8 118522197 3.2899
8 118535048 3.2892
8 118545312 1.5429
8 118552707 1.0754
8 118556253 1.5429
8 118558591 1.01624883258453
8 118564739 0.2405
8 118568710 0.1421
8 118585374 1.01815657459698
8 118604162 0.83844842858533
8 118610711 0.481
8 118636115 0.5146
8 118638021 0.0495
8 118646617 0
8 118680361 1.36729479654333
8 118685595 1.5231
8 118691125 2
8 118693626 2
8 118711550 2
8 118746302 1.4652
8 118769017 0.632162654366313
8 118769539 1.44208982883068
8 118778548 1.7163
8 118799144 0.635901789501505
8 118843970 1.31767577828144
8 118855450 0.799014597024354
8 118874888 0.87602198581585
8 118875125 0.0386
8 118885754 0.0319258732049757
8 118891186 0.225654370231721
8 118895819 0.205451365859527
8 118904823 2
8 118927026 1.72349930996883
8 118948792 0.452997541214186
8 118950247 0.253
8 118984381 2.4819
8 118991488 1.38230364435454
8 118993841 0.595827219795469
8 118997146 1.06117814625461
8 118999092 0.545393727664821
8 118999909 1.189
8 119002597 2
8 119010247 0.948
8 119019336 2
8 119021679 2
8 119038683 2
8 119059700 0.876
8 119064779 0.974
8 119070458 2.99
8 119070578 2
8 119081308 2
8 119084575 2
8 119084905 2
8 119109299 2
8 119134656 2
8 119160716 2
8 119170771 1.4407
8 119171671 2
8 119172286 2
8 119172642 2
8 119173395 2
8 119174851 2
8 119175949 2
8 119177451 2
8 119177454 2
8 119193892 0.177
8 119196960 2
8 119198840 0.177
8 119216943 1.268
8 119236483 5e-04
8 119252380 2.5875
8 119271601 0.370288916016955
8 119273984 1.06984750393194
8 119286658 2
8 119293306 0.0107
8 119309624 1.8314
8 119310922 0.0107
8 119314160 5e-04
8 119341668 0.524765303971582
8 119350755 2.29185947125416
8 119356160 0.1021
8 119369752 1.80408960852432
8 119401352 0.6782
8 119422079 0.6782
8 119422192 0.6782
8 119426769 0.6023
8 119471593 0.0515257639850211
8 119477080 0.8003
8 119482483 0.596473172410157
8 119488252 0.111785037494577
8 119488413 1.64429977615854
8 119489828 0.667138112905046
8 119491705 5e-04
8 119491954 0.694662657819228
8 119496844 0.410837319967575
8 119498028 0.5168
8 119498230 2.4931
8 119499045 2.09879916444747
8 119503559 1.52188135777376
8 119532901 2
8 119549173 0.523519542087641
8 119552244 0.347649533322105
8 119553429 1.1314615550442
8 119561357 0.6518
8 119564687 2
8 119564790 1.4516
8 119570945 0.564345442495206
8 119573141 2
8 119604018 0.0897
8 119604812 2
8 119605467 1.31374303395703
8 119606613 1.1883
8 119625294 2
8 119647803 2
8 119654837 0.5682
8 119666294 0.2709
8 119668601 0.5682
8 119686059 2
8 119692480 0.589172023413145
8 119700371 2
8 119754778 2
8 119760884 2
8 119767018 0.727938101876381
8 119779741 2
8 119781056 0.730591528802323
8 119787127 2
8 119788049 2
8 119805095 2.29494614119011
8 119807356 1.2505
8 119822368 2
8 119834948 2
8 119872494 0.3632
8 119872743 0.3632
8 119875840 0.1029
8 119878549 0.0907
8 119895734 0.0907
8 119896349 0.0907
8 119897910 0.0907
8 119903994 0.2159
8 119907686 0.2159
8 119907708 0.2159
8 119914108 0.2011
8 119915186 0.5818
8 119917827 0.2159
8 119921723 0.2402
8 119931903 0.3722
8 119949284 2
8 119950286 2
8 119971940 1.89960782003095
8 119973008 2
8 119974601 2
8 119978910 2
8 119980605 2
8 119985526 2
8 120013623 0.8816
8 120013840 2
8 120022533 0.6213591240822
8 120031272 2
8 120034725 2
8 120049026 1.8809
8 120057408 0.7602
8 120074807 0.91562170031941
8 120075364 0.572
8 120092146 2
8 120093043 2
8 120112565 0.6806
8 120115223 2
8 120118799 1e-04
8 120118805 1e-04
8 120126682 2
8 120129734 2
8 120170931 2
8 120186406 2
8 120188186 2
8 120195167 0.4942
8 120204271 2.25885729196183
8 120242184 1.2064389836028
8 120259824 1.0763
8 120297623 0.654673897812204
8 120302880 0.192702627079315
8 120321470 1.78913064089897
8 120340778 0.111361142860097
8 120342267 0.525615843934573
8 120361683 0.589007863911536
8 120368240 0.244957611198081
8 120371661 0.965541455961171
8 120388761 2
8 120416350 0.817882648665367
8 120420506 2.371
8 120435315 0.232631565432733
8 120438326 2
8 120470071 1.21504612560818
8 120479704 1.47502094645588
8 120489483 1.18286166412941
8 120491343 2
8 120511068 2
8 120514507 0.512929007053202
8 120534467 1.33333917544318
8 120536982 0.701214421537084
8 120557546 1.64000868145895
8 120571485 1.0071
8 120573394 2
8 120579855 0.4888
8 120581676 0.4888
8 120594386 2
8 120606494 0.9238
8 120613854 3.03889262017795
8 120614229 0.5225
8 120615066 0.725256605103974
8 120615599 0.688728015350742
8 120619205 1.14376682405731
8 120626224 0.1109
8 120629507 0.771168730790929
8 120637885 2
8 120644033 2
8 120649720 0.320466341766064
8 120652458 0.180222006477883
8 120658543 0.438282017786534
8 120664673 2
8 120674515 2
8 120677232 2
8 120687667 2
8 120705023 1.4897
8 120728293 0.4362
8 120742592 1.3509
8 120753461 1.0456
8 120758345 0.540979768216384
8 120763787 0.219414154686392
8 120798309 1.27440445485749
8 120817635 2
8 120820560 0.7335
8 120842838 0.8632
8 120850059 1.41200178646014
8 120858205 3.97574480085227
8 120858409 0
8 120863335 0.197484914628329
8 120866164 2
8 120883712 0.694278167075684
8 120885136 0.554149054430002
8 120896895 0.586102510493743
8 120898433 1.279
8 120902041 0.526902333843768
8 120906128 0.9857
8 120906260 0.587775014109383
8 120920153 0
8 120944826 0.7039
8 120946868 0.7039
8 120959906 3.09632345036108
8 120980427 2.1006
8 120982353 0.5331
8 120992206 1.15790721130983
8 120992822 0.5331
8 120993823 0
8 120996958 0.5331
8 121012748 1.4777
8 121025770 0.0874787235130774
8 121034780 0.6765
8 121054915 1.5049
8 121096714 0.9431
8 121136271 0.211952361831057
8 121137012 0.777976510965562
8 121146747 1.15196855377465
8 121169621 1.40958695622252
8 121172778 1.47220284626725
8 121175466 2.3421
8 121201265 0.0466944050974595
8 121201674 0.172826155195872
8 121229532 0.0046
8 121236661 1e-04
8 121245620 0.981580806170276
8 121263104 0.7158
8 121264629 0.6899
8 121277830 1.63553173683016
8 121288687 0.0723
8 121288763 0.340551658623122
8 121288912 1.9511
8 121290069 0.0818
8 121300357 1.0537
8 121315415 0.339653715212194
8 121321619 1.21713106337728
8 121359977 2.859
8 121364656 0.195189631186741
8 121376794 1.17383859915308
8 121411639 2.4476
8 121423462 1.85721756347513
8 121432395 1.35845296541389
8 121432679 0.555440744647
8 121437582 0.0351
8 121455273 0.419268318384727
8 121460576 1.26366381220948
8 121464465 0.570076863023146
8 121467010 0.26492945724213
8 121492599 2
8 121523499 2
8 121556921 2
8 121566258 2
8 121568113 2
8 121591907 0.67550311873524
8 121599132 0.890828212682402
8 121600954 1.279
8 121605987 0.776772078888806
8 121609828 1.14313347724188
8 121629530 2.05068657257402
8 121643742 2
8 121653240 2
8 121658105 2
8 121666807 1.248
8 121667571 0.35878633827363
8 121669390 0.0380122049232521
8 121677048 0.643487489485817
8 121683602 1.1697
8 121690541 1.1697
8 121696272 0.283020963037267
8 121698194 1.95338485238104
8 121698598 2.0859
8 121713056 0.9116
8 121727229 1.3388
8 121732457 1.05833177552468
8 121753835 0.325250585669635
8 121755340 0.655674826459576
8 121779264 2
8 121819483 0.0078
8 121819777 0.0078
8 121823922 0
8 121825044 0.0347
8 121825140 0.0347
8 121838675 0.595951188234683
8 121842505 0.201164180265164
8 121846040 0.478681494388892
8 121865007 0.60065646355848
8 121866311 2.26486923089881
8 121880525 1.61100681451793
8 121885033 0.545945762163586
8 121888291 1.9045
8 121890733 0.736563688887108
8 121892619 1.53404588985983
8 121916378 1.69547285846168
8 121941399 0.0222207353894862
8 121948105 0.317045697749331
8 121950442 0.387574802922772
8 121955100 2
8 121964102 2
8 121978708 2
8 121984789 2
8 121988375 2
8 121994333 2
8 122010038 0.8263
8 122029931 0.608128688905148
8 122086542 0.241777356445127
8 122116081 1.2177
8 122123527 0.156863375487779
8 122127589 0.503936326584199
8 122135588 0.0984418186163293
8 122167013 1.54364774723837
8 122168751 0.35329379659714
8 122170270 1.791
8 122172014 1.09907274213059
8 122176650 0.962885990132272
8 122190253 0.998948442320604
8 122207264 2
8 122217434 0.2104
8 122218255 2
8 122237418 2.99
8 122246072 1.72478628180194
8 122246186 2
8 122250549 2
8 122262379 2
8 122263408 1.40694435723879
8 122267427 1.00154863978783
8 122296452 0.633656331267846
8 122302318 0.889479331182701
8 122305682 0.451855869390088
8 122306119 0.421964090851409
8 122321480 0.0447
8 122324958 0.0447
8 122334807 0.4771
8 122346148 0.4771
8 122349865 1.2386
8 122362440 0.0600378419830253
8 122370250 0.66185485910824
8 122383278 0.1346
8 122393769 0.1346
8 122395317 0.1346
8 122398061 0.1346
8 122398330 0.1346
8 122400754 0.1346
8 122403265 0.1346
8 122417231 0.0648692552034443
8 122423469 0.5055
8 122423570 0.559906838547777
8 122433171 0.0805365876656436
8 122434324 0.126463701944179
8 122434420 0.318569208035557
8 122440342 0.3632
8 122472376 0.6532
8 122514440 1.042
8 122524395 2
8 122528192 0.8506
8 122528533 0.0447
8 122539657 0.925894706137325
8 122563002 0.00437718525278872
8 122570941 2.6989
8 122574245 2
8 122585177 2
8 122588552 2.1602
8 122591736 5e-04
8 122591798 0
8 122592808 2
8 122598102 2
8 122621976 1.7669
8 122639686 2.36004270327707
8 122660543 2
8 122661970 2
8 122679219 2
8 122680653 2
8 122681864 2
8 122692841 2
8 122696927 2
8 122714255 2
8 122737717 0.269474236317316
8 122740357 1.60668745481576
8 122747595 1.17708046761302
8 122751193 0.947
8 122760713 0.45927046346679
8 122798804 2
8 122858226 0.6278
8 122861098 0.5617
8 122862655 1.30696347320369
8 122874575 0.0797
8 122880789 2
8 122882653 0.743772312784692
8 122896955 1.72800100814938
8 122918719 0.5283
8 122928838 0.8247
8 122933856 0.2651
8 122938027 1.44851272194398
8 122952579 1.9128
8 122956182 0.544020443874934
8 122957408 2
8 122962966 2
8 122969859 2
8 122973468 2.24463746275531
8 122974915 2
8 122977071 0.566763357556405
8 122982801 0.906079621270877
8 122988711 0.000515914673721987
8 122990278 0.452145102573377
8 122991509 0.0375264979792552
8 122998686 1.4725
8 123004278 0.308611988214912
8 123012566 0.773992342213424
8 123027247 0.9035
8 123028228 0.386396648381614
8 123032084 0.2946
8 123033285 0.987503052476501
8 123036028 0.966749235034953
8 123043146 0.1092
8 123057244 0.231928242677349
8 123058873 2
8 123075296 0.519699864237305
8 123084484 0.529825197884256
8 123089640 2
8 123090709 1.48151326567765
8 123095286 0.214878676366471
8 123098052 2
8 123102358 2
8 123108049 0.3706
8 123110485 2.43039204555838
8 123110554 0.621881687961978
8 123116890 0.0829
8 123126651 1.4986
8 123131766 2
8 123138173 2
8 123138391 2
8 123141523 2
8 123144991 1.74502473482101
8 123145367 2
8 123157328 2
8 123159292 2
8 123159969 2
8 123160027 2
8 123175531 2
8 123175827 2
8 123177925 2
8 123189996 2
8 123191067 2
8 123242288 2
8 123315083 0.355173995478015
8 123328958 1.56994265934297
8 123351371 1.81473293982821
8 123362300 2.05641520491029
8 123404455 0.4239
8 123421094 5e-04
8 123432895 2
8 123434690 2
8 123438124 2
8 123442339 2
8 123449426 2
8 123450485 2
8 123450765 2
8 123462746 0.6184
8 123464904 0.314271471110877
8 123471621 0.117729699136458
8 123481198 2
8 123526350 0.0443751546155614
8 123531011 2.99
8 123562039 0.330866061006555
8 123563462 0.99248753776622
8 123570008 0.0807
8 123578268 1.6568
8 123579596 1.0295
8 123584193 1.037576961806
8 123584345 0.965180854829855
8 123590733 2
8 123591598 2
8 123592584 1.22595194692387
8 123606733 2
8 123607115 2.0344845343146
8 123608611 0.819271141200136
8 123614743 0.996287432758253
8 123615301 0.233226467141647
8 123619624 1.91106229068142
8 123620876 2
8 123631960 1.9133
8 123650532 0.0383
8 123651927 1.11013187634982
8 123660044 0.0693573096334979
8 123663147 0.0383
8 123670191 0.0387
8 123675250 5e-04
8 123681401 0.7457
8 123684627 2
8 123694389 0.897349662561903
8 123695906 5e-04
8 123696557 2
8 123696560 0.713537945370141
8 123699357 2
8 123710757 0.908240510815419
8 123711700 2
8 123717789 2
8 123725064 0.695300266640459
8 123727053 0.778403074008738
8 123757027 0.425813421306071
8 123782190 2.0896
8 123782946 0.511091946866465
8 123809296 1.512
8 123814564 0.9088
8 123817486 1.51044255501236
8 123818541 0.536828827558292
8 123836569 2
8 123837176 2
8 123852164 0.0279703531957167
8 123853642 0.273476694077706
8 123859691 5e-04
8 123884857 2
8 123908012 2
8 123912894 0.716408414244334
8 123920665 1.92539983770603
8 123927124 0.301145741606215
8 123931043 0.194378649313059
8 123933863 0.408772366161898
8 123934404 0.258630871563241
8 123946292 1.20318250223004
8 123958965 0.85563857340575
8 123965590 0.403925691708277
8 124021155 0.258
8 124024539 0.258
8 124024964 0.2444
8 124025844 0.258
8 124027748 0.258
8 124039475 2
8 124049453 2
8 124068736 2
8 124070344 2
8 124076975 2
8 124082114 2
8 124082124 2
8 124133661 2
8 124136255 2
8 124140895 2
8 124142054 2
8 124142389 2
8 124144145 2
8 124145406 2
8 124146183 2
8 124154611 2
8 124156151 2
8 124157185 2
8 124159057 2
8 124160157 2
8 124163295 2
8 124165194 2
8 124171173 2
8 124174036 2
8 124179061 2
8 124186921 0.1686
8 124195905 0.0078
8 124202020 1.4027
8 124202116 0.7034
8 124202388 0.7034
8 124220358 2
8 124224888 0.0263
8 124225016 1.1662
8 124230369 1.0587
8 124230894 1.216
8 124237667 0.956435727679085
8 124256571 2
8 124257747 2
8 124258711 2
8 124260097 2
8 124270674 2
8 124271331 2
8 124272144 2
8 124273064 2.4931
8 124293115 0.718012175253151
8 124299519 2
8 124302658 2e-04
8 124307735 2
8 124326202 2
8 124331834 2
8 124346035 1.58356671870312
8 124350877 2
8 124361935 1.4333
8 124363653 0.780550268546103
8 124377632 2
8 124382211 2
8 124389320 2
8 124390259 2
8 124395943 2
8 124402605 1.4333
8 124409670 1.22904134178907
8 124410679 1.68874047096254
8 124411553 0.558575387772657
8 124412228 0.252429825894493
8 124413705 0.872468136702108
8 124418519 0.789096310241232
8 124419100 0.579920262503223
8 124433279 2.00020067741568
8 124437462 0.534048891882307
8 124451303 2
8 124467427 0.332249033209538
8 124476666 0.587062938402599
8 124478543 2
8 124483010 1e-04
8 124500978 0.307860880648703
8 124520486 5e-04
8 124531246 2
8 124558559 2
8 124562684 0.368715799228934
8 124564722 0.834050615278803
8 124565229 0.526105788898795
8 124575571 2
8 124576649 2
8 124596862 0.622708497794368
8 124658396 2.6472
8 124672878 2
8 124673769 0.241015538060922
8 124693723 2.87094862075157
8 124695551 0.497909475048295
8 124700242 0.515
8 124701917 0.515
8 124705465 1.9161803987826
8 124717142 0.8179
8 124728658 2
8 124737411 2
8 124739381 2
8 124741303 2
8 124741782 0.542559915937935
8 124742604 2
8 124743250 2
8 124747436 0
8 124747803 1.3239
8 124756340 0.259594311970833
8 124758951 0.195753814924468
8 124759465 0.737777346098071
8 124775926 1.88505660922591
8 124782106 0.4368002955574
8 124788925 1.11803637061152
8 124790707 0.895585984700332
8 124790899 2
8 124797874 0.649839457606584
8 124798459 0.437118930852261
8 124799475 1.61804277586344
8 124809470 0.188651951906154
8 124819018 2
8 124825340 0.784
8 124825438 0.6738
8 124827709 0.65411477188849
8 124830311 0.0867268811682563
8 124833065 0.5823
8 124842273 1.49605831244971
8 124842460 0.6737
8 124846296 0.574052533328841
8 124860395 1.33783804022983
8 124860542 0.5641
8 124860977 0.153366149232103
8 124866405 0.137191777243958
8 124867597 0.447433951330459
8 124872477 0.0165
8 124875216 5e-04
8 124881237 0.0165
8 124890980 0
8 124893416 2
8 124903604 0.484655103701644
8 124904645 0.843718959088816
8 124910936 0.0505918627003738
8 124914874 0.508983268215721
8 124915497 0.610130101048655
8 124940620 1.05376758937921
8 124954586 2
8 124956813 2
8 124960959 2
8 124996097 1.61483307211916
8 125006419 2
8 125013216 2
8 125019868 0.9519
8 125029790 2
8 125034511 2
8 125060048 2.3419
8 125073344 2
8 125080791 2
8 125106639 0.137903351034641
8 125122170 0.641068490830483
8 125174833 0.7282998188507
8 125179330 0.00192219055573255
8 125188746 0.610319694712078
8 125206412 0.563390557642885
8 125228091 1.17782695440934
8 125230858 1.21053069612393
8 125236523 5e-04
8 125246165 1.25431230407435
8 125251681 0.103636672864232
8 125254002 0.67831100309754
8 125262494 0.0745
8 125283876 0.0985029731410926
8 125285756 0.0649853609497894
8 125286319 2
8 125294381 2
8 125300535 0.0684
8 125314204 2
8 125315853 2
8 125316713 2
8 125324942 2
8 125339188 0.4479
8 125364235 0.4479
8 125375293 1.24410547480332
8 125375831 2
8 125386977 0.976782865791657
8 125389306 2.4931
8 125392314 2
8 125396503 2
8 125397262 2
8 125408134 0.244236934573185
8 125419215 2
8 125428660 2
8 125433295 2.16224727655664
8 125446584 0.186165336411059
8 125458589 1.35702053040455
8 125463171 0.959917340823202
8 125464911 2
8 125470688 2
8 125472985 2
8 125473041 0.674896400124597
8 125473225 2
8 125474697 5e-04
8 125480685 2
8 125481150 2
8 125483576 2
8 125487187 2
8 125493377 2.8723
8 125502870 2.9955
8 125508135 1.0786
8 125512450 1.3494
8 125513687 0.434032651964319
8 125519803 1.56777640471106
8 125539590 0.158708481532636
8 125593973 2
8 125594462 2
8 125601316 2
8 125606492 0.1922
8 125617801 0.759879209490086
8 125618895 2
8 125619555 1.05745186259897
8 125632120 2
8 125665693 0.22909798301912
8 125669113 0.242989975546634
8 125681376 0.2277
8 125684869 1.6136
8 125689003 0.097
8 125697272 0.848622260341054
8 125719514 0.555778647180302
8 125737749 0.0354124620388603
8 125742245 0.569886486873247
8 125789925 0.4213
8 125791566 2
8 125791651 0.1138
8 125794591 0.251
8 125809242 0.1138
8 125831404 0.2426
8 125845997 3.2918
8 125850394 5e-04
8 125855311 1.14005020467584
8 125868202 2
8 125872775 2
8 125890999 6e-04
8 125891018 0.34154427774149
8 125900568 0.855169599667723
8 125923908 2
8 125944467 2
8 125963158 2
8 125983265 2
8 125997491 1.2046
8 126002286 2
8 126015311 2
8 126016872 0.9529
8 126018009 2
8 126034265 2
8 126035877 1.0565
8 126055639 0.323616585747747
8 126055741 2
8 126080638 1.46567542813521
8 126091197 2
8 126164539 1.02159502388361
8 126170165 0.850323066313772
8 126175871 0.902423674841236
8 126190298 5e-04
8 126192120 0.0791510233555832
8 126194428 0.0132999583344015
8 126196009 0.8461
8 126201596 0.55850156074189
8 126203400 1.04949403256328
8 126207274 0.170784174263772
8 126221378 0.505049537029528
8 126225844 0.975633085842114
8 126236432 0.928390433931411
8 126242240 2
8 126254422 2
8 126259806 2
8 126268392 2
8 126268633 0.5237
8 126273078 2
8 126281098 2
8 126284771 2
8 126285162 3.1292
8 126285200 3.1292
8 126294101 2
8 126295311 2
8 126296740 0.5508
8 126297125 2
8 126298439 2
8 126319063 0.867245162706357
8 126363188 2
8 126378963 2
8 126400311 0.85911616520233
8 126403843 1.0763
8 126406071 5e-04
8 126409559 0.630044173436774
8 126410459 0.189139619600966
8 126414471 0.2537
8 126419870 0.34537455783217
8 126424860 0.0846142527285676
8 126425515 0.427326609439377
8 126429211 0.403243806006636
8 126429306 0.164350970468038
8 126470118 0.1234
8 126500170 0.408918580131698
8 126507948 0.931515000947106
8 126508130 1.5327
8 126524406 5e-04
8 126539390 2.07697199523448
8 126541235 0.506545119912657
8 126568445 0.545425261391583
8 126594353 2
8 126595980 2
8 126597048 2
8 126606472 2
8 126608428 2
8 126608490 2
8 126610205 2
8 126625722 0.619406590565879
8 126625724 2
8 126662921 0.7688
8 126666662 2
8 126669993 2
8 126674893 2
8 126680360 2
8 126681862 2
8 126700439 1.18490594892526
8 126704394 1.20364538081634
8 126713558 2
8 126730203 1.11773864517514
8 126732176 1.15293253434195
8 126739984 1.47034074504388
8 126742762 1.91957771935945
8 126749607 1.9696
8 126804693 2.42512184101184
8 126817766 0.679
8 126823144 2
8 126824865 2
8 126840927 0.296836275460347
8 126842768 2
8 126844084 2.00973545827716
8 126846864 2
8 126854772 0.0797
8 126857920 2
8 126869010 0.539642385088655
8 126869707 2
8 126869729 0.062893282267511
8 126870219 0.531849907520901
8 126885078 2
8 126893448 2
8 126898209 1.34029067263152
8 126906848 2
8 126908754 2
8 126909590 1.31316657025048
8 126911820 0.0266176453333709
8 126913871 0.3028
8 126914741 2
8 126915292 2
8 126930438 0.963125745517252
8 126933428 2
8 126938021 2
8 126953983 2
8 126955948 1e-04
8 126958584 2
8 126968439 2
8 126968829 2
8 126971774 2
8 126973303 2
8 126975814 2
8 126980497 2
8 126982601 1.66836202877891
8 126984280 0.3162
8 126985566 1.40733781965985
8 126994949 2
8 126997594 2
8 127007038 2
8 127058892 1.0381
8 127065276 2
8 127067712 2
8 127068893 2
8 127069204 2
8 127087212 0.99657504624113
8 127088719 0.3035
8 127138186 1.50572361337352
8 127149780 2.1804
8 127167386 0.2145
8 127169760 2.8282
8 127185295 0.21356462629158
8 127188311 0.2582
8 127191612 0.2582
8 127209178 0.740425828171362
8 127213195 0.464297723358152
8 127254455 0.6434
8 127258735 0.1764
8 127261481 0.725090575246035
8 127262273 2
8 127275702 1.0136
8 127296672 2
8 127296943 2
8 127301115 0.69333353140753
8 127308303 0.0078
8 127310912 1.0418
8 127311706 0.0263
8 127319552 1.78236368932228
8 127323001 1.80347174286676
8 127326448 1.20890248030348
8 127328663 1.0418
8 127330381 1.0084
8 127331096 2
8 127332356 0.2837
8 127338462 3.0028
8 127341840 0.1445
8 127345571 0.331866250067282
8 127345678 1.18712166057105
8 127348279 0.0156
8 127351406 0.0325637792586997
8 127352660 0.0853471468848595
8 127361871 0.2429
8 127364486 0.285450144172127
8 127377262 0.200226915911421
8 127382083 1.348
8 127395871 0.7319
8 127410764 0.9907
8 127417980 2
8 127419066 2
8 127424545 5e-04
8 127436878 2
8 127437126 2
8 127437375 2
8 127440740 2
8 127452590 2
8 127458363 2
8 127465011 0.7612
8 127485284 1.6326
8 127489604 2
8 127492891 2
8 127496815 2.4916
8 127513076 2
8 127523711 2
8 127524209 2
8 127525917 1.2905
8 127526564 0.225706857620123
8 127527115 0.0626
8 127532105 2
8 127533029 1.2905
8 127551553 0.00479487275916144
8 127558814 2
8 127584169 0.55803152021671
8 127584317 0.138458400209741
8 127584695 0.215907009169492
8 127589626 0.646022230418492
8 127589967 1.04386437184246
8 127592404 1.06489348466492
8 127592438 0.401329827283113
8 127599331 0.360466133202575
8 127605818 1.42203957788157
8 127611686 0.149055170671176
8 127612306 0.0181217078501013
8 127612373 1.15589394564124
8 127614567 0.475132654355718
8 127615724 2
8 127617878 0.700786605469385
8 127618972 0.0216362494087564
8 127619560 2
8 127629375 2.11051634182732
8 127632710 2
8 127636990 2
8 127653101 0.2876
8 127657876 0.760209306067168
8 127687765 0.776861571795174
8 127692213 1.31658592478958
8 127692599 0.162113373033348
8 127745892 2
8 127752797 2
8 127754325 1.20837225511363
8 127756440 0.0804
8 127759326 2
8 127769369 2.3663
8 127797311 2
8 127802563 2
8 127805196 0.0078
8 127831139 2
8 127868835 1.8486
8 127887549 0.3669
8 127889422 1.08641497260332
8 127907861 5e-04
8 127921339 2
8 127952986 2
8 127955573 0.6146
8 127996044 2
8 127996764 2
8 128000388 2
8 128003067 2
8 128005912 2
8 128018860 2
8 128026091 1.4534
8 128041235 0.688611593210734
8 128047317 2.0499
8 128068623 2
8 128098597 1.24687478524252
8 128101210 0.046
8 128115547 1.95389632380698
8 128115948 0.990478837756578
8 128118679 0.225118792940127
8 128126123 0.7563
8 128126417 0.4738
8 128133630 2
8 128146699 0.3687
8 128147003 0.573096882558426
8 128151178 1.76157272846701
8 128158044 1.4857
8 128160234 1.32439683288928
8 128161691 0.80814649892585
8 128164094 2
8 128172858 2
8 128173672 0.76190268294715
8 128180103 2
8 128196424 2
8 128206991 2
8 128215094 1.255
8 128227416 2
8 128249829 2
8 128251801 2
8 128268703 0.856821735618109
8 128274687 0.445211525550261
8 128275164 1.12930952857774
8 128283754 0.4601
8 128285272 1.1364
8 128299229 0.288379491011258
8 128309028 0.12142178724234
8 128350654 2.00925129305538
8 128371429 1.68830905723777
8 128387968 1.10766685850857
8 128388052 1.63227745449514
8 128391135 0.288695949560749
8 128403807 0.314773244843164
8 128409965 1.4475
8 128410096 1.0731395744651
8 128410491 2
8 128412341 0.704326281368047
8 128415349 2.12893946711391
8 128422010 1.4475
8 128423274 1.4399
8 128424303 0.0390898018386822
8 128431268 0.373138873812292
8 128439369 0.289874169403753
8 128442048 0.608850987188816
8 128450208 0.237670077472784
8 128491429 0.0428
8 128512248 1.25336012070993
8 128521934 2
8 128548609 0.0162
8 128560303 1.33264963727028
8 128606680 2
8 128613593 5e-04
8 128616339 2
8 128616460 2
8 128649868 2
8 128653264 1.0399
8 128701743 1.171
8 128712583 0.691667450657917
8 128713265 1.85172199654418
8 128729853 0.4981
8 128730157 0.233
8 128732033 0.264315125662826
8 128738242 1.095
8 128746383 0.4981
8 128749559 0.576706858137061
8 128755357 0.1763
8 128758463 0.1763
8 128759072 0.0246120192826452
8 128759541 1.1081
8 128761066 0.1763
8 128762392 5e-04
8 128762801 0.631843941509492
8 128766867 0.60898922945769
8 128766986 0.233
8 128775730 0.9288
8 128780138 0.357501809647477
8 128781915 0.57942763413038
8 128783646 0.9288
8 128795555 1.28533785570266
8 128869053 0.370299076631343
8 128876235 1.10237548606843
8 128894339 2.0009786007599
8 128901202 0.1907
8 128910144 1.36729316479837
8 128918949 0.120882926935465
8 128919685 0.0632206365963157
8 128954293 0.3862
8 128963292 2
8 128963338 5e-04
8 128965218 0.3862
8 128968050 2
8 128979473 0.458558511325103
8 129027819 1.3525172996572
8 129034390 0.939433627389377
8 129050747 1.36806853121937
8 129051725 0.455414732746962
8 129055794 0.0254149311997429
8 129057961 0.429002002893626
8 129072788 0.7284
8 129083538 2.0836
8 129087898 1.36311404323978
8 129095214 0.860686973767353
8 129130681 0.248562628809007
8 129143897 2
8 129145558 2
8 129157139 2
8 129164423 5e-04
8 129167267 0.0188
8 129182069 0.0091
8 129185402 0.4122
8 129193303 0.917902963549583
8 129198806 0.0808990780963854
8 129203503 1.39787507060394
8 129204078 1.95615437129544
8 129210864 0.358332779717716
8 129212646 2
8 129214881 2
8 129220446 2
8 129223997 0.3024
8 129224640 0.3191
8 129230323 0.3208
8 129231447 0.3191
8 129241041 2
8 129243993 1.6868
8 129249537 2
8 129260199 2
8 129262922 0.2538
8 129279850 2
8 129282259 2
8 129285548 2
8 129292120 2
8 129294775 2
8 129299404 2
8 129302398 2
8 129320476 2
8 129321221 2
8 129329235 0.531
8 129336817 0.531
8 129345667 2
8 129347413 2
8 129351526 2
8 129354677 5e-04
8 129359815 2
8 129365408 2.3299
8 129378388 0.744
8 129384711 0.0519
8 129393393 0.309778530841096
8 129408503 0.8142
8 129419107 0.8142
8 129419617 1.38757930718276
8 129423335 0.728524324752309
8 129426193 0.078607845615491
8 129426895 1.026
8 129428611 1.78594034753347
8 129445251 0.29875601054053
8 129456994 1.3958
8 129458043 0.016731988950605
8 129459268 1.403
8 129471092 0.5169
8 129479506 0.4929
8 129503207 1.6601
8 129525102 0.352422710207833
8 129561878 1.24782897054698
8 129573109 0.397542932206647
8 129584302 0.1172
8 129587086 1.6392
8 129590035 1.35299147851234
8 129598547 1.2872594819406
8 129649655 0.0804
8 129652179 1.02369757266015
8 129654050 2.05921942079259
8 129661701 0.102525820966537
8 129662170 0.237048005454997
8 129663794 0.609075480024337
8 129689947 2
8 129690512 0.8125
8 129691576 2
8 129693500 0.983301951542023
8 129694124 2
8 129702580 0.1593
8 129707625 2
8 129713406 2
8 129730108 2
8 129734342 1.9629
8 129747256 0.515556606532158
8 129774026 0.4883
8 129805784 2
8 129815941 0.9761
8 129834735 2
8 129835142 5e-04
8 129856117 0.8247
8 129857518 0.0644
8 129859584 0.8247
8 129865572 0.0435
8 129876158 0.0644
8 129896601 2
8 129897500 2
8 129931594 2
8 129941327 0.486013864537663
8 129975642 0.2185
8 129998851 0.5223
8 130011539 0.656169012747458
8 130013572 2
8 130022665 2
8 130040157 2
8 130040820 2
8 130044292 2
8 130050192 2e-04
8 130071008 1e-04
8 130071607 2
8 130072838 1.3289
8 130091503 2
8 130107007 0.6737
8 130120336 1.348
8 130133244 0.376579021891669
8 130133668 2
8 130143197 0.577284242014602
8 130173458 0.5818
8 130213467 2
8 130226076 1.5842
8 130250321 2
8 130250620 1.5842
8 130257069 0.5818
8 130284057 1.5842
8 130284605 2
8 130293869 2
8 130300161 0.82123463177641
8 130303784 2
8 130320098 1.68641823368795
8 130325972 1.5842
8 130332778 2
8 130333660 0.196029837081315
8 130336058 0.398351782332088
8 130370326 1.37783036220502
8 130382285 0.441021909529658
8 130388642 0.889416636465434
8 130392356 0.905681114278408
8 130400207 0.690852391599634
8 130400622 1.08481408655082
8 130451484 1.5467
8 130470557 2
8 130483140 2
8 130488545 2
8 130491669 2
8 130496617 2
8 130501713 1.09829859651899
8 130513176 0.734993627938768
8 130532011 2
8 130557816 0.187531228021176
8 130573588 2
8 130574872 0.954308989841078
8 130575591 0.8923
8 130579844 0.8923
8 130580123 0.8923
8 130580926 0.0528799878542748
8 130581054 0.8923
8 130586940 1.1275
8 130592613 0.244515808718317
8 130596066 2.4982
8 130656032 2
8 130669246 2
8 130675112 2
8 130675666 2
8 130676242 1.35420190123328
8 130676476 0.938841859159971
8 130682264 2
8 130694861 2
8 130704334 2
8 130721165 0.166270246694149
8 130722044 2
8 130736741 0.80145897229305
8 130740576 0.482748449807635
8 130741812 0.48321365253107
8 130749753 1.05077913031628
8 130751255 2.7095
8 130759581 2
8 130769228 1.76059464747227
8 130773299 2
8 130777320 1.26173777353429
8 130777603 0.924672408739044
8 130777884 0.395875857875583
8 130782089 1.04160713356315
8 130793357 0.908234252295028
8 130805295 2
8 130807800 2
8 130807962 0.7149
8 130815347 0.0291
8 130854836 2
8 130857194 1.51693979171724
8 130858166 2
8 130865187 2
8 130870018 0.560056194818563
8 130876308 1.06416982798864
8 130890121 2
8 130891000 0.0062
8 130899748 2
8 130901361 1.0186
8 130904365 0.157751620121702
8 130907283 0.675361309473461
8 130911513 0.0404807846553045
8 130913251 2
8 130916864 2
8 130924409 0.767179720115335
8 130932100 2
8 130941717 2
8 130960254 1.3041912518267
8 130968391 2.01208644259212
8 130970355 0.410640478531825
8 131003765 0.0544
8 131005569 5e-04
8 131006858 0.490111607670475
8 131014074 0.548921297524149
8 131059624 0.0866
8 131102515 0.2456
8 131141156 0.6189
8 131162077 1.89102597653391
8 131168691 0.623430539360665
8 131178704 1.33384659297891
8 131186784 0.1219
8 131191968 2
8 131216472 1e-04
8 131225062 1.6212
8 131231011 0.2778
8 131231041 1.26514513770311
8 131234147 2
8 131237213 2
8 131238109 0.1441
8 131238260 2
8 131239706 1.5085
8 131247437 2
8 131247470 2
8 131252851 2
8 131263099 2
8 131277350 2
8 131298343 2
8 131313401 0.264436340453726
8 131313983 2
8 131315758 2
8 131318723 2.7151
8 131319992 0.95727903920611
8 131320024 0.3498
8 131326206 0.822399832267271
8 131328158 0.904222176126779
8 131331707 2
8 131333282 0.162897326812736
8 131338736 2
8 131339333 1.0717
8 131340763 0.701
8 131342832 1.02693634281117
8 131357545 1.2133
8 131365408 0.6785
8 131367698 0.6785
8 131377555 0.508562240761302
8 131397610 2
8 131404645 0.772584974220483
8 131409477 2
8 131447717 2.86046157504023
8 131455461 2
8 131459855 0.8764
8 131470348 0.324071094993584
8 131476034 2
8 131484182 2
8 131494509 0.7747
8 131501184 2
8 131507328 0.0588320996310401
8 131514896 2
8 131516129 2
8 131547971 0.3738
8 131550319 0.0229951998455424
8 131551039 0.3369
8 131552982 0.3738
8 131566935 0.3738
8 131578497 2
8 131590517 1.77264600076378
8 131591458 1.02394770027009
8 131598304 0.3369
8 131607451 0.958205988127313
8 131610938 5e-04
8 131620443 2.052999759237
8 131626457 1.62588653100623
8 131631812 0.794
8 131632937 0.399979398187393
8 131636603 0.3604
8 131637206 1.51917087655576
8 131639710 1.17703794450023
8 131641315 0.7804
8 131641769 1.4466
8 131643914 0.0792
8 131652882 0.0792
8 131654922 0.0792
8 131655831 0.0792
8 131658808 1.5652
8 131659708 0.262835363334532
8 131664919 0.0792
8 131668928 0.3604
8 131677196 0.3865
8 131686538 0.104
8 131694519 1.5437125378955
8 131695552 0.423870876505691
8 131708756 1.21388747828535
8 131724120 1.3093
8 131729023 1.3093
8 131731193 2
8 131735114 0
8 131762883 2
8 131819772 0.217800477524586
8 131836909 2
8 131867548 1.2235
8 131872718 1.8369
8 131874818 1.094
8 131879718 1.112
8 131887213 0.0191547882860535
8 131902776 0.3709
8 131903977 0.598007260579713
8 131906998 0.026
8 131920136 1.1988
8 131937697 0.167551523484591
8 131946362 0.768542464633595
8 131955445 0.683306237204203
8 131958436 0.784856193053592
8 131961405 0.623653149943292
8 132005144 0.522402763998887
8 132010413 3e-04
8 132034056 0.1735
8 132035748 2
8 132036857 0.1735
8 132042709 0.1809
8 132043331 1.03832155185861
8 132046864 0.886876509688313
8 132081684 0.5558
8 132092186 2
8 132096404 2
8 132096939 0.0105584338497943
8 132119781 2
8 132122131 1.4315
8 132128836 2
8 132143824 0.624395871533878
8 132145272 2.3428676625456
8 132154225 0.039270630928406
8 132161759 0.30675478170072
8 132166515 2.3054
8 132178707 0.940652154988321
8 132179044 0.102572831030977
8 132197305 1.4863
8 132230300 2
8 132231342 0.427117669179062
8 132237086 2
8 132253601 0.394675874187134
8 132260094 1.05566324632934
8 132268228 0.3397
8 132283091 0.765164228529465
8 132283256 0.0078
8 132299775 0.1403
8 132300248 0.2303
8 132306100 0.1741
8 132307866 0.1741
8 132311980 3.0696
8 132312260 0.1741
8 132329108 2
8 132334339 2.5464
8 132337738 0.726017079080323
8 132342323 2
8 132346256 0.892388274475065
8 132348000 2
8 132358076 2
8 132365193 2
8 132378681 2
8 132383928 0.513481222988865
8 132401139 2
8 132410288 1.40075504773045
8 132411407 2
8 132414608 2
8 132433167 1.78333908243845
8 132445714 1.7148
8 132460338 0.273339778379528
8 132461389 0.5599
8 132481480 1.64615009794961
8 132490780 2
8 132494857 2
8 132506851 2
8 132506963 1.1495
8 132520343 2
8 132528096 2
8 132528537 1.273
8 132528607 2
8 132549614 2
8 132586481 5e-04
8 132625413 0.362501506084644
8 132633724 1.07440533462348
8 132637219 0.527378613904605
8 132642732 1.28817074750648
8 132658539 0.0777241131046252
8 132671432 2
8 132706302 2
8 132715635 2
8 132724839 2
8 132730922 2
8 132755514 2
8 132757783 1.01753886798998
8 132759071 0.3506313071927
8 132763491 0.162213994796311
8 132767571 1.64972089266001
8 132778929 0.13773947653174
8 132780292 2
8 132829317 0.967530305322475
8 132848400 2
8 132848751 0.19716558243201
8 132851973 0.391333016577297
8 132894539 2.44953385284389
8 132918505 2.7115
8 132942311 2
8 132943592 2
8 132944017 2
8 132947273 2
8 132953130 2
8 132963161 2
8 132963979 2
8 132969451 0.4266
8 132981898 2
8 132986410 0.883002005246588
8 132992378 2
8 132993067 2
8 133000729 2
8 133010298 0.463294690759442
8 133011415 1.03640541232656
8 133012217 2
8 133015652 2
8 133027845 0.691294584180097
8 133034061 2
8 133048473 0.155
8 133052528 2
8 133055287 0.1727
8 133055363 0
8 133056947 0.1727
8 133066973 2
8 133067893 0
8 133067931 0.259848930477937
8 133075205 0.217645719377931
8 133082013 0.452140164797191
8 133085947 2
8 133091709 2
8 133093139 1.76182476252865
8 133094089 0.1583
8 133096885 0.1583
8 133106774 0.640055784366794
8 133108083 2
8 133131869 0.21009981523521
8 133149217 0.5273
8 133164707 2
8 133167200 0.0913
8 133169682 2
8 133172872 0.114981595701053
8 133178473 0
8 133200143 2
8 133204955 2
8 133216687 0.2325
8 133217265 0.0816
8 133224493 0.066760812113581
8 133224849 0.380398843766257
8 133228968 1.11471808777792
8 133229790 1.06465360737382
8 133234004 0.6092
8 133247565 0.903314790470402
8 133247607 0.8713
8 133275055 1.36976590122719
8 133291638 0.421997954543252
8 133294466 0.9957
8 133308505 0.9841
8 133309420 0.7175
8 133317733 1.41724906342449
8 133335085 1.0016
8 133337824 0.925534711170035
8 133351503 2
8 133353853 2
8 133357874 2
8 133437587 2
8 133438631 0.372044284691073
8 133445511 0.0588116223194255
8 133448214 1.49174416228672
8 133475480 2
8 133475764 2
8 133483371 2
8 133508469 2
8 133519376 2
8 133522113 2
8 133528207 2
8 133529953 0.158984898109263
8 133540388 1.69898321972239
8 133540748 5e-04
8 133541058 1e-04
8 133559599 0.0435
8 133560743 0.141481894576579
8 133572775 0.8054
8 133575748 2
8 133576716 1.4472
8 133578911 2
8 133581490 2.80323694758111
8 133585004 0.907737445451118
8 133591537 2
8 133595329 2
8 133596884 2
8 133604743 2
8 133609421 0.291681487627258
8 133614531 0.249109238318406
8 133615731 1.17461425406955
8 133621249 1.20979862693015
8 133632326 0.5277
8 133646172 0.957602801516105
8 133652756 0.0256242905022397
8 133664260 0.5668
8 133674916 2
8 133676388 1.0158
8 133678370 2
8 133686836 2
8 133692176 2
8 133694419 0.5269
8 133699195 2
8 133701655 2
8 133707794 0.6517
8 133708009 2
8 133708439 1.3574
8 133711789 2
8 133714002 2
8 133714729 2
8 133715124 2
8 133715153 0.8885
8 133715156 3.4155
8 133717833 2
8 133720804 2
8 133774275 2
8 133776251 0.8864
8 133785181 2
8 133792346 2
8 133792512 2
8 133792972 2
8 133816322 0.336209854805355
8 133825466 0.8446
8 133831674 1.0944
8 133833531 1.3545
8 133836132 1.77930201924463
8 133839210 1.25272996047575
8 133850102 0.794362837351547
8 133852454 2.4956
8 133858441 0.1012
8 133858980 0.59715589487279
8 133861956 1.07719076726993
8 133870902 0.588350953750474
8 133873690 0.798165876941389
8 133876275 0.668507573691717
8 133893508 2
8 133902229 2
8 133908855 2
8 133935612 0.966
8 133937665 0.835134048788652
8 133938874 0.42722905553884
8 133956710 0.168286070348191
8 133990877 2
8 133993052 1.56700205571774
8 134001150 2
8 134005060 0.8151
8 134013579 0.6189
8 134016967 0.6842
8 134019220 2
8 134026535 0.6842
8 134027349 0.966
8 134028443 0.966
8 134048565 0.0964675973508908
8 134048578 2
8 134057599 1.44734847377181
8 134064833 1.13702560852954
8 134067892 0.2983
8 134079407 1.0392
8 134093964 0.237738082115462
8 134102058 2.65602505340712
8 134102659 1.0632
8 134104734 0.346695578856261
8 134105449 1.0693
8 134107456 0.904101098939389
8 134110471 1.5197
8 134112118 0.632464389908749
8 134124694 1.72419541228817
8 134133338 0.399658341559975
8 134144688 1.71442054916535
8 134154533 0.4177
8 134159771 0.379481251192728
8 134160794 2.4105
8 134170356 0.0469
8 134178696 0.701254653889436
8 134182230 0.736865336034954
8 134191634 1.7009998649008
8 134214225 0.75378750380399
8 134225927 0.526402210327509
8 134243262 0.969791316628085
8 134243386 5e-04
8 134246441 0.321308483438664
8 134260802 0.7245
8 134260922 0.7245
8 134263924 2
8 134272585 0.3182
8 134274746 2
8 134287368 1.4250441038507
8 134310296 0.715683960439111
8 134317341 1.17821133752268
8 134353439 2
8 134360738 2
8 134367090 2
8 134369305 2
8 134379474 2
8 134384312 1.6672
8 134388960 2
8 134390967 2
8 134393677 2
8 134406476 2
8 134407440 1.85217733020798
8 134410334 2
8 134414429 2
8 134417600 2e-04
8 134421651 0.511191581548066
8 134440246 0.603904466776323
8 134444256 0.2175
8 134446160 0.245535049761447
8 134481635 2
8 134485767 1.10406699558995
8 134490137 0.00310601859101174
8 134494411 0.6506
8 134496558 2
8 134499919 2
8 134505284 2
8 134517091 2
8 134527167 2
8 134545206 0.709932785702314
8 134553447 0.645482172553921
8 134561415 2
8 134579456 0.0797665456065609
8 134586977 2
8 134596892 1.38012422462815
8 134607031 0.145218139105565
8 134618797 1.03839478971284
8 134625815 2
8 134628338 2
8 134629563 2
8 134634070 2
8 134637605 0.361020250390225
8 134651180 1e-04
8 134657986 2
8 134660104 1.1818
8 134670859 2
8 134670930 2
8 134691353 5e-04
8 134695739 1.1282
8 134699095 1.9574
8 134714267 1.1282
8 134737827 2
8 134739238 0.0681
8 134752801 1.2710847763009
8 134757119 0.930179000233529
8 134760289 2
8 134775211 2.12790721221972
8 134817447 2
8 134818808 0.597104176753439
8 134870842 0.579967351612014
8 134881984 1.78748487016738
8 134887199 0.484975605952133
8 134892178 2
8 134895915 0.689654347250404
8 134896141 2.0005
8 134902889 1.26398331624346
8 134905890 2
8 134915642 0.8416
8 134924491 2
8 134944196 0.2768
8 134950218 1.08540790753368
8 134981206 0.8603
8 134995061 1.6351
8 135001584 2
8 135002118 2
8 135022166 2
8 135022232 0.0844
8 135026571 0.219
8 135037894 2
8 135052091 2
8 135073268 1.6734705175431
8 135091627 2.1546
8 135113233 2.1804
8 135132938 0.6594
8 135133294 0.2594
8 135140508 0.2594
8 135157857 5e-04
8 135180207 0.2429
8 135186480 0.227
8 135196996 0.162188709837325
8 135205619 2
8 135226205 1.56929213748579
8 135266356 0.8646
8 135267147 1.5722
8 135271935 1.4408
8 135277614 1.5625
8 135280654 1.4331
8 135282327 1.5722
8 135283712 0.8925
8 135284231 2
8 135292907 1.5722
8 135298388 0.0681
8 135311541 0.8925
8 135312641 0.0681
8 135338210 0.9531
8 135338832 0.8925
8 135359236 2
8 135363415 2
8 135377092 0.0273
8 135395133 5e-04
8 135421851 1.0022285661771
8 135481647 0.296897893597397
8 135482165 0.32639290730193
8 135482170 0.690598311760561
8 135510624 0.343572217721638
8 135512988 0.587894509612348
8 135536998 2e-04
8 135551324 2
8 135552281 2
8 135561957 2
8 135586328 0.492370762621521
8 135621507 2
8 135621987 2
8 135622679 2
8 135626775 1e-04
8 135634305 0.802382249208597
8 135656737 2
8 135657101 1.18361423910076
8 135671161 0.160364024959619
8 135681153 2
8 135693732 0.389572862683955
8 135698772 1.6039
8 135709996 2
8 135710000 1.5114
8 135717517 2
8 135721352 2
8 135727337 1.2889
8 135727949 2
8 135735348 0.308763935931487
8 135768996 2
8 135777975 2
8 135782336 0.521143184447163
8 135788482 0.5562
8 135792983 0.1931
8 135793629 2
8 135795985 5e-04
8 135803337 0.3769
8 135811137 1.0032
8 135817408 0.51
8 135819701 0.271310510389241
8 135823682 1.125
8 135835194 3e-04
8 135841404 0.0625650767774817
8 135847952 1.05539081942627
8 135849345 0.239884116974628
8 135849346 1.10686216235061
8 135852726 0.836493114116683
8 135854411 1.7277
8 135857522 0.0075
8 135862654 0.0442
8 135867157 1.54673229719174
8 135867396 2.34972239478387
8 135868368 0.00425096681295111
8 135875489 1.9751
8 135883860 0.3008
8 135900888 1.05016649121818
8 135903876 0.465751888566774
8 135905315 0.296931707183057
8 135905676 0.106930830594019
8 135912072 1.40959369167601
8 135914462 1.55527526683863
8 135920274 0.2434
8 135927495 0.2218
8 135929333 0.6431
8 135948293 0.0217
8 135961229 0.296812012427651
8 135962248 0.427350879571115
8 135978352 0.6236
8 135980552 0.6236
8 135983207 1.27532075499432
8 135986555 0.6236
8 135988627 2.2073
8 135990788 1.54794944549051
8 136005388 0.6236
8 136013970 0.139936957323666
8 136015581 0.282049799861945
8 136016026 0.940098722397337
8 136016907 1.26658475346715
8 136020879 0.319172635088154
8 136028569 0.0887
8 136031526 0.540965221892052
8 136036665 0.055980716480684
8 136040677 0
8 136042028 1.19077001454565
8 136043623 0.455113855278805
8 136047139 0.0887
8 136047871 0
8 136053312 0.0887
8 136054864 0.0633475009009459
8 136059028 0
8 136061372 0.126379324501901
8 136061917 1.02885627067419
8 136062856 0.484866550948908
8 136064245 0.951118106752114
8 136065203 1.36072809518809
8 136067209 0.407289467273901
8 136069080 1.07806917920096
8 136071161 0.232858821802385
8 136072208 0.384332985921378
8 136072448 0.538291228520557
8 136073728 1.93317522972205
8 136073825 0.990645678814957
8 136074333 0.705961378464808
8 136075623 1.7932
8 136108562 2
8 136111476 0.344768288753766
8 136115050 2
8 136117193 2
8 136123778 2
8 136129151 0.066226620089182
8 136144540 2
8 136165989 2
8 136172893 2
8 136180372 0.26830559226454
8 136189423 2
8 136203308 2
8 136205074 2
8 136213538 2
8 136230131 1.3611
8 136240293 2
8 136255151 0.5641
8 136264209 2
8 136273104 2
8 136278119 2
8 136279436 1.4398962405942
8 136280118 1.15420350419719
8 136285163 1.16626067381331
8 136291637 2
8 136291638 0.121537643949995
8 136292052 0.378938051033221
8 136301582 1.18607704262102
8 136312616 0.348638728200253
8 136324691 0.088338637684846
8 136329478 2
8 136338213 2
8 136383445 1.6917
8 136396684 2
8 136420139 1.00618389905536
8 136423931 2.37703895395607
8 136431829 0.473341324630778
8 136432528 1.23295329163804
8 136449952 2.0202
8 136451267 2.20722420808349
8 136452779 0.1194
8 136452853 0.725019440752646
8 136455656 0.763299013904045
8 136478811 2
8 136498184 8e-04
8 136499170 0.8854
8 136499775 0.8854
8 136506996 1.158077474811
8 136556759 2
8 136571773 2
8 136574558 2
8 136586136 2
8 136588578 2
8 136604937 2
8 136618157 2
8 136643912 0.0444
8 136666626 0.4324
8 136670241 0.0641057203680485
8 136670426 0.901319607174939
8 136678077 0.4324
8 136681395 0.903383835876619
8 136701674 1.27951384077249
8 136706055 0.0561503813458707
8 136707649 1.0452184622593
8 136710972 0.200825392040472
8 136728740 1.65162214198392
8 136731088 1.98949609282196
8 136731137 0.341521307307037
8 136750667 0.0165
8 136752959 0.4517
8 136758361 0.708670243322854
8 136759359 0.409962877901809
8 136769935 0.4517
8 136771595 0.643997222815883
8 136773153 1.03732546058184
8 136775005 0.37407429365285
8 136778608 0.804026374938875
8 136781643 0.606012400368246
8 136785061 1.03760579945166
8 136785312 0.973373968812994
8 136785929 0.260052256031745
8 136792852 0.4324
8 136793141 2
8 136802499 0.203951128369609
8 136819424 0.175933356803255
8 136823831 0.00579369007943903
8 136825120 2
8 136825772 2
8 136828392 2
8 136834026 2
8 136835349 2
8 136840687 0.0162
8 136844623 0.0162
8 136850930 2
8 136851880 0.0162
8 136856266 2
8 136856744 2
8 136857716 2
8 136863081 0.0162
8 136869327 0.489474203238631
8 136873251 2
8 136873905 2
8 136877923 0.0162
8 136883586 2
8 136893127 2
8 136908827 2
8 136916548 0.0162
8 136920569 2
8 136924692 5e-04
8 136927207 0.0162
8 136951193 0.0804
8 136951607 0.0804
8 136954170 0.0804
8 136955624 1e-04
8 136960712 0.6
8 136961206 0.9412
8 136967605 0.569007983936602
8 136973170 0.493034053336924
8 136977502 0.1282
8 136986324 0.331221573311532
8 136988809 0.0416
8 137028238 1.42907236529215
8 137035265 0.41707632267487
8 137035934 0.5554
8 137041469 0.553186092395813
8 137042585 2
8 137054060 0.549076053740706
8 137061691 0.30530398155361
8 137065682 0.628702370001871
8 137067504 1.50593025356958
8 137071827 5e-04
8 137077998 2
8 137085082 0.83440963412045
8 137086492 2
8 137088738 2
8 137110017 2
8 137127996 2
8 137128757 5e-04
8 137137902 1e-04
8 137171914 0.0739
8 137190240 2
8 137190897 0.1055
8 137206211 2
8 137206955 0.8796
8 137207504 2
8 137208724 2
8 137214212 1e-04
8 137218690 0.0856502992669691
8 137220905 1.60094955000464
8 137223172 2
8 137223702 2
8 137232681 1.0489
8 137234426 2
8 137237512 0.293
8 137238674 2
8 137238709 2
8 137242927 1.63109613494365
8 137244331 2
8 137245206 2.25398867198302
8 137253671 2
8 137253810 2
8 137261709 0.0104894994673152
8 137266187 0.1693
8 137275446 0.0462
8 137283419 0.257101976034898
8 137289933 5e-04
8 137298111 2
8 137299702 2
8 137303846 0.373866268606537
8 137304134 0.549640670479618
8 137318180 2.5175
8 137331323 1.24816880770285
8 137336983 0.1543
8 137341379 2
8 137355948 0.1614
8 137357364 0.1614
8 137371082 0.1124
8 137373408 0.1124
8 137379667 2
8 137386790 2
8 137409867 0.118389277439793
8 137409907 2
8 137411269 0.2223
8 137412807 2
8 137425007 1.11627328166378
8 137427742 0.692702788676565
8 137456445 0.394424976313082
8 137481437 2
8 137488014 2
8 137489352 2
8 137504158 0.0561
8 137517380 0.995359823192334
8 137548934 2.42196575356082
8 137564963 1.1792
8 137582042 0.0916731795685761
8 137591265 2
8 137591274 0.4394
8 137592074 0.4394
8 137595727 0.845959546761246
8 137602101 2
8 137603943 1.0993
8 137605201 0.321189970092624
8 137624794 2
8 137625561 2
8 137632762 2
8 137644276 2
8 137652533 2
8 137659275 2
8 137669294 2
8 137678853 2
8 137680316 2
8 137683659 2
8 137690844 1.201606676217
8 137697258 2
8 137704764 2
8 137715448 2
8 137717967 2
8 137722088 2
8 137737727 2
8 137737959 2
8 137738530 2
8 137740796 0.1045
8 137751503 1.3814
8 137754688 0.1045
8 137755640 0.1045
8 137757609 0.435908449377371
8 137758556 2
8 137760023 0.1045
8 137760943 0.1045
8 137761433 0.1045
8 137762198 0.1045
8 137775304 2
8 137778128 2
8 137784395 0.405638876622932
8 137784661 2.5924
8 137784901 2
8 137795894 0.4121
8 137805348 0.0249
8 137822172 0.526
8 137824720 0.4457
8 137831455 1.27425182236174
8 137833133 2
8 137836152 5e-04
8 137837862 2
8 137838570 2.5742
8 137839313 0.4583
8 137851559 0.111668871150839
8 137859741 0.52276920546561
8 137861565 2
8 137869151 2
8 137872540 0.220892923859033
8 137872815 0.0389
8 137879562 0.811948630378728
8 137883736 0.0389
8 137890521 0.553513567185406
8 137896283 0.124011911058607
8 137899110 0.29688381734569
8 137900165 1.95723677532639
8 137904900 0.0389
8 137917258 0.0821
8 137918536 0.0518
8 137964699 1.846
8 137970796 2
8 137981288 2
8 138009670 2
8 138014504 2
8 138017105 2
8 138019219 2
8 138022125 0
8 138023065 0.9371
8 138028561 2
8 138042398 0.217705431179589
8 138054048 0.1185
8 138058330 0.889037099916462
8 138059067 1.14011075927278
8 138065109 0.1329
8 138065485 0.3513
8 138066091 5e-04
8 138066282 0.3271
8 138074605 0.268950897207892
8 138076912 0.701784138951442
8 138083939 0.0255
8 138090024 1.5074
8 138092201 0.7865
8 138095109 0.2846
8 138095242 0.2846
8 138122024 1.6065
8 138133509 0.103291039621324
8 138137267 1.42450526156021
8 138144290 0.429015917377511
8 138148349 1.5935
8 138153621 0.0925237575775568
8 138157291 1.32165100088687
8 138157584 2
8 138161725 0.408190338706046
8 138175034 0.749620596227057
8 138188270 1.08449971208335
8 138203406 0.720360876246563
8 138206257 1.98024562677238
8 138215495 2
8 138222675 2
8 138223822 0.198829000047923
8 138229583 1.12545236071089
8 138237818 2
8 138245525 0.212617682968075
8 138260056 1.25344373852465
8 138275874 0.0579543480566422
8 138277263 2
8 138298624 2
8 138302498 0.0162
8 138335760 2
8 138339356 0.612621413754326
8 138374837 1.14201546250203
8 138392364 2
8 138401473 2
8 138405554 2
8 138447929 0.4572
8 138454691 0.7562
8 138459738 0.73
8 138461280 0.6536
8 138469022 0.7562
8 138474629 0.73
8 138487640 5e-04
8 138504980 1.0399
8 138534610 1.0399
8 138614901 0.4558
8 138618590 0.3769
8 138620223 0.3708
8 138622609 0.3892
8 138623824 2
8 138627544 0.383
8 138652814 3.1145
8 138660851 0.5017
8 138660964 0.518379528948402
8 138661970 0.15
8 138674463 0.557
8 138675623 0.4111
8 138684741 0.2831
8 138688668 0.4355
8 138694021 0.1308
8 138699293 0.504713177525382
8 138701197 0.306782459143286
8 138708941 0.161985605031427
8 138709352 1.44653711708728
8 138714400 0.0107
8 138717442 0.0386474545306919
8 138718722 0.13459721822035
8 138720846 0.585671316392759
8 138724690 1.26189354702652
8 138757306 0.0564
8 138757519 2
8 138763339 0.80041152643344
8 138766637 2
8 138766713 0.394121661028844
8 138768464 0.9693
8 138768862 2
8 138771254 0.8153
8 138785966 0.0540755445513155
8 138796089 0.23770970979034
8 138805064 2.07048213706794
8 138805421 0.343200655127272
8 138806153 0.762756071375361
8 138814253 0.626074060407217
8 138818775 2.7977
8 138821789 0.604202067737781
8 138829948 0.0807531614773987
8 138857067 2
8 138857110 0.6416
8 138862350 2
8 138872336 1.2992
8 138891896 2
8 138895051 2
8 138895060 2
8 138903641 2
8 138906563 2.09021628565057
8 138907891 0.5483
8 138909751 0.91430295704778
8 138912955 1.46296419342207
8 138920019 0.743208443514971
8 138933942 0.0493
8 138973356 0.159
8 138973902 0.0751
8 138974460 0.159
8 138987499 0.2286
8 138989674 0.0751
8 138998802 0.7997
8 139004155 2
8 139007237 1.2449
8 139014415 0.260000133485525
8 139021189 0.964028400567185
8 139042023 0.698687980521893
8 139042902 1.44
8 139043171 1.44
8 139052821 0.4384
8 139058319 0.4316
8 139062076 0.3271
8 139118060 0.835752910298933
8 139119151 2
8 139130854 2
8 139133683 0.519584606126518
8 139133944 0.399859733084855
8 139146787 2.21664650601412
8 139168729 1.78038612793872
8 139183001 0.0444
8 139184255 0.8795
8 139206384 0.99041480897323
8 139252337 2
8 139261610 0.26010652324617
8 139265919 1.06717440131949
8 139290277 2
8 139296167 0.0406
8 139309016 0.0127
8 139335814 2.5413
8 139344719 0.0936
8 139348111 0.6382
8 139351656 0.3929
8 139355456 0.6382
8 139365627 0.0936
8 139381858 0.2115
8 139384763 0.2115
8 139387198 0.2115
8 139387723 0.312
8 139417116 0.0626
8 139419922 0.8292
8 139445996 0.4171
8 139459947 2
8 139465547 0.4171
8 139472822 3.1148
8 139482513 0.7152
8 139485532 1.17821364847706
8 139485873 1.0975797718828
8 139491392 0.8837
8 139500487 0.395889362237009
8 139505197 0.3802
8 139507179 0.402
8 139519165 2.31512109886413
8 139519852 1.26997554900583
8 139522343 0.9356
8 139523597 0.4775
8 139528199 0.9722
8 139533499 0.7997
8 139540256 0.7997
8 139543704 0.6778
8 139546723 0.9356
8 139546773 0.3716
8 139547397 0.9356
8 139558501 0.6886
8 139576176 2
8 139577838 0.125040020332333
8 139583467 0.231205696720414
8 139584438 2
8 139618747 0.448296156462788
8 139628391 1.54525748776627
8 139633184 1.73350369853193
8 139660160 1.7256
8 139662764 2
8 139669965 2
8 139675976 0.641424410105447
8 139687665 0.861089232600749
8 139723254 2.0005
8 139723906 2
8 139728025 2
8 139741139 2
8 139741861 1.5296
8 139747447 1.521
8 139747875 0.0263
8 139753413 1.0145
8 139755534 0.0078
8 139756397 0.0078
8 139757080 2.7837
8 139789187 0.3946
8 139793767 1.1769
8 139793783 1.5383
8 139794832 1.5839
8 139804949 0.3082
8 139809334 0.6953
8 139812601 1.5745
8 139836016 0.0078
8 139845238 0.3221
8 139847018 0.8578
8 139861686 2
8 139867795 0.288765991605515
8 139892268 0.862964399617048
8 139897516 0.97866132605835
8 139901001 6e-04
8 139902386 1.16613538352541
8 139907355 0.00287716117882636
8 139907541 1.45351303650838
8 139926612 0.093386491319633
8 139946821 1.0038721223912
8 139947868 2
8 139947896 7e-04
8 139954281 0.3977
8 139956453 1.43197746565842
8 139959286 1.58450357619387
8 139959581 2.42261152755276
8 139961670 3e-04
8 139965024 0.562495319111707
8 139971125 1.16918293107522
8 139977662 0.587797661578591
8 139977795 2
8 139981074 2
8 139994315 1.01133251937636
8 140015906 2
8 140017223 2
8 140021165 0.3488
8 140032406 2
8 140033665 0.6903
8 140034266 2
8 140046047 2
8 140051527 2
8 140066525 0.767634609431953
8 140070849 0.910270413831538
8 140084196 1.2325
8 140085312 0.0406
8 140099477 0.953227786218634
8 140102899 0.432110270763468
8 140103965 0.3117
8 140106348 2
8 140112360 2
8 140115068 2
8 140118258 0.646
8 140149619 2
8 140150346 2
8 140159398 0.1107
8 140175359 2
8 140196067 0.32549426152161
8 140208915 2
8 140213370 2
8 140220396 2
8 140232429 2
8 140236223 2
8 140238432 2
8 140266833 2
8 140279681 0.3195
8 140282459 2
8 140290552 0.0119570269889524
8 140296244 2
8 140298048 2
8 140329893 0.0469539523393308
8 140334009 2
8 140335344 2
8 140338687 2
8 140348582 2
8 140358454 0.2337
8 140365987 0.712894016925065
8 140376873 0.0263
8 140389393 0.2337
8 140417923 0.278207919186593
8 140431858 2
8 140451086 0.3524
8 140457909 5e-04
8 140460217 2.3299
8 140473017 5e-04
8 140485159 0.835216342050098
8 140506894 2
8 140508416 2
8 140510275 2
8 140516132 2
8 140516212 2.978
8 140524099 2
8 140534360 0.440034738784537
8 140535855 2
8 140551112 2
8 140559079 1.4159
8 140564251 2.18636833116917
8 140565770 2
8 140570303 2
8 140577602 2
8 140580562 2
8 140581586 0.305901842933074
8 140591029 2
8 140595845 0
8 140596951 0.594203281628504
8 140601810 0.2672794738342
8 140610939 2.30381865783593
8 140619533 2
8 140645013 2
8 140650671 2
8 140650991 2
8 140655911 2
8 140657377 2
8 140677998 2
8 140679315 2
8 140682695 2
8 140690018 2
8 140694142 2
8 140715441 2
8 140753501 2
8 140762806 2
8 140764183 2
8 140805135 2
8 140807957 0.2372
8 140821142 2
8 140830640 2
8 140841060 2
8 140866442 2
8 140868211 1.9132
8 140877170 2
8 140888419 2
8 140909369 2
8 140932255 2
8 140933996 2
8 140934302 2
8 140945576 2
8 140948766 0
8 140959895 2
8 140965358 2
8 140980419 1.3395
8 140995572 2
8 140995643 2
8 141008036 2
8 141011556 2
8 141028018 2
8 141043071 0.236257800305951
8 141044689 0
8 141070088 1.0399
8 141072239 2
8 141074122 2
8 141077680 1.6784
8 141113443 1.59153721150455
8 141115787 1.37273623568144
8 141115799 0.569815954248221
8 141129583 2
8 141130108 1.0759
8 141137369 0.022
8 141145853 1.23394596208414
8 141154347 2
8 141159660 2
8 141169703 0.6646
8 141253186 0.669238990911826
8 141256592 2
8 141285866 2
8 141288096 2
8 141304070 2.9904
8 141341229 0.173371490483038
8 141347569 0.891543218930671
8 141388760 1.9887524459818
8 141415225 0.586791472907481
8 141419224 0.362433234954704
8 141420888 0.0075
8 141422651 0.4299
8 141432438 0.2412
8 141438796 0.736248839362351
8 141448932 0.5783
8 141465160 0.64703062131754
8 141470006 0.0273
8 141471411 2
8 141477756 2
8 141484550 2.2384
8 141489186 2
8 141511187 2
8 141514659 0.172592053792878
8 141527615 1.97999193830723
8 141527766 0.58527550717591
8 141529616 0.635269741310121
8 141538251 0.9327
8 141548873 0.0162
8 141549180 0.198210341142121
8 141551505 1.10664781524171
8 141554981 0.935251658539247
8 141556387 0.0162
8 141562859 0.0633
8 141567369 2
8 141567595 2
8 141571409 0.0789331774497356
8 141572472 0.424924076138484
8 141593007 1.102
8 141596093 1.04553898159884
8 141604853 0.3988
8 141606021 0.4169
8 141607161 0.215854494371355
8 141612500 1.35324699245735
8 141617646 1.21009511602708
8 141622261 1.58374876380426
8 141637183 1.66214083868501
8 141642051 0.206339938238147
8 141644491 0.462119322439656
8 141657853 2
8 141658203 5e-04
8 141660555 0.2429
8 141663908 1.29512887775542
8 141667786 0.462502990827134
8 141671171 0
8 141716298 2
8 141720708 0.662241508203112
8 141723364 2
8 141726333 2
8 141735172 2
8 141737147 2
8 141739233 1.2324
8 141758131 2
8 141768002 0.1004
8 141793572 0.5574
8 141808188 0.0162
8 141813474 1e-04
8 141816060 0.0329
8 141833999 2
8 141853425 2
8 141866448 2
8 141871756 1.05863472112035
8 141871787 0.68997276811998
8 141872116 0
8 141872140 0.596126157570623
8 141877326 2
8 141885018 2
8 141891022 0.9313
8 141920354 0.931350811242856
8 141925010 0.509186711843503
8 141936364 2.5867
8 141940061 0.322836134509843
8 141943609 0.631704337388455
8 141945615 1.3629
8 141952687 0.406523479894351
8 141956264 0.667086975812572
8 141958103 0.25194368939493
8 141967522 2
8 141979962 2
8 141983496 2
8 141983795 0.0813839653499131
8 141993744 2
8 141994663 2
8 141998159 0.904774585495877
8 142012830 5e-04
8 142013365 0.024
8 142020589 0.1258
8 142023859 0.235065866629963
8 142027346 1.21164007937523
8 142033256 0.556967302406411
8 142037416 0.356820815586772
8 142041454 1.5222
8 142045822 0.3345
8 142053539 0.4034
8 142053663 3.2913
8 142054753 2
8 142056833 0.068
8 142057293 1.4315
8 142064651 0.5299
8 142067450 0.5299
8 142070557 0.3093
8 142075342 0.3093
8 142117049 0.9134
8 142121862 0.990574834261831
8 142121867 1.3453
8 142143177 1.47391605074272
8 142165194 2
8 142168366 2
8 142170913 2
8 142171165 2
8 142172476 2
8 142175752 1.00727141106495
8 142178167 2
8 142179473 2
8 142179477 2
8 142188082 2
8 142189810 2
8 142190496 0
8 142190919 0.0386
8 142195245 2
8 142205079 0.0273
8 142217922 0.471010012035795
8 142221744 0.579193863645428
8 142222555 0.6165
8 142222699 5e-04
8 142223951 0.0444
8 142224147 0.0575
8 142232025 0.0869
8 142238806 2
8 142255683 5e-04
8 142275414 2
8 142295441 1.56936092503779
8 142299220 1.36133136137882
8 142301456 0.132157294316099
8 142309199 0.9769
8 142315085 0.5159273079027
8 142319879 0.0941656706566484
8 142328828 7e-04
8 142343753 0.0063
8 142350428 0.8566
8 142359137 0.9134
8 142410186 0.0926
8 142411375 0.0801
8 142424376 0.2078
8 142427763 0.1779
8 142435437 0.1258
8 142449996 2.9785
8 142452378 0.6849
8 142456063 1.0252
8 142457654 1.0933
8 142468755 2.5901
8 142489560 0.531450940806873
8 142491793 0.443841766253648
8 142498928 1.09280292268942
8 142501898 0.1445
8 142502414 2
8 142502673 2.29515026065182
8 142520407 0.826068584350806
8 142530462 1.4219
8 142531677 0.0407
8 142547929 0.342
8 142563182 0.373
8 142577279 0.6161
8 142587285 1.0861
8 142589775 0.369454920920858
8 142600435 2
8 142615471 0.8288
8 142617360 2
8 142618591 0.566498757431785
8 142639499 2
8 142642007 2
8 142642193 2
8 142643216 2
8 142645344 2
8 142647307 2
8 142651049 0.3012
8 142654916 2
8 142656025 2
8 142656299 2
8 142663460 0.3012
8 142670127 1.7609
8 142701196 0.7433
8 142709988 0.4423
8 142719597 0.4423
8 142719878 2
8 142732235 0.089
8 142740610 2
8 142757748 0.2468
8 142767785 0.5368
8 142770004 0.7959
8 142774337 2
8 142780835 1.7255
8 142781699 2
8 142782455 2
8 142789852 2
8 142791522 2
8 142810970 1.7634
8 142812111 2
8 142813313 2
8 142816614 1.7505
8 142817281 2
8 142821110 0.260946923822322
8 142821875 0.872421605648695
8 142824980 2
8 142825266 2
8 142826317 2
8 142839508 2
8 142841372 2
8 142846817 2
8 142855638 2
8 142861186 2
8 142873857 2
8 142878066 5e-04
8 142879589 0.581598225198057
8 142887184 5e-04
8 142889694 2
8 142910442 2
8 142911245 2
8 142919258 5e-04
8 142937443 2
8 142938855 2
8 142944922 2
8 142954999 2
8 142974706 2
8 142975085 0.102844428840356
8 142975519 2.42366323989251
8 142978700 0.655032491089463
8 142979534 1.4241
8 142980444 1.4241
8 142981514 1.4241
8 142982920 0.0621
8 142985174 0.0078
8 142999736 2
8 143008423 0.320529872706603
8 143010192 2
8 143015159 2
8 143015755 2
8 143015803 1.35891388515299
8 143019697 0.782459588400923
8 143026084 0.490829751395049
8 143034236 2
8 143041576 1.1326
8 143042081 0.7786
8 143046804 2
8 143061038 1.1326
8 143061726 1.1326
8 143063794 2
8 143070476 0.229113949303383
8 143070491 0.5041
8 143074410 1.1326
8 143074710 1.1326
8 143079988 2
8 143085026 1.5411
8 143108779 1.1326
8 143135528 0.3958
8 143135549 0.3958
8 143159860 1.9275
8 143161898 1.60502415717764
8 143165353 2
8 143169371 2
8 143171015 2
8 143186139 1.09109607322042
8 143194771 5e-04
8 143198657 1.8382071776742
8 143199256 0.3012
8 143204942 0.130905777491919
8 143205925 0.418756459606168
8 143207961 0.9024
8 143208287 2
8 143230289 0.648431199812445
8 143233099 0.727428734195234
8 143233385 1.1925
8 143242766 0.1468
8 143247684 0.675903838517549
8 143251264 1.23363555074129
8 143270166 0.960609963303087
8 143274262 0.754736493079538
8 143275309 0.242193166102328
8 143281653 1.00659510030318
8 143289501 1.58629839224224
8 143291367 0.400752910384958
8 143292102 1.20294096183928
8 143293997 0.484796293060384
8 143299255 1.40617094409889
8 143299574 0.0804
8 143305610 1.24534024449993
8 143306551 1.194
8 143307110 0.0439172877722514
8 143307980 1e-04
8 143317715 0.0843412924899067
8 143320168 0.0804
8 143321458 2
8 143321688 5e-04
8 143322390 0.5037
8 143322531 5e-04
8 143322745 5e-04
8 143322834 5e-04
8 143322947 1e-04
8 143323776 0.798684514527818
8 143340253 0.1448
8 143342774 0.0252
8 143344679 0.0804
8 143349861 1.4194
8 143370035 0.0223
8 143377061 0.717903375377578
8 143384400 2.1912
8 143387331 1.2624
8 143392423 0.026
8 143397866 1.9961
8 143404369 1.01757430973261
8 143405340 1e-04
8 143410900 1.18831794486435
8 143411505 1.3318
8 143413833 2
8 143415818 1.3257
8 143427614 2
8 143430840 2.1912
8 143433397 0.972144623197764
8 143434956 0.211070611820907
8 143437977 0.33145541282745
8 143441319 1.23080058515933
8 143455410 1.2867
8 143455717 0.347603199697689
8 143456836 0
8 143458389 1.2867
8 143460660 1.2926
8 143468972 1.09100019399375
8 143477879 1.30641833613224
8 143481633 2
8 143486655 0.6107
8 143494679 0.1784
8 143494889 2.8716
8 143532226 2
8 143536062 0.0872
8 143539669 2
8 143541129 2
8 143541958 2
8 143546038 0.5818
8 143547705 1.97694636550254
8 143547937 2
8 143549168 0.0872
8 143557784 2
8 143560999 0.8508
8 143563789 0.6107
8 143564031 0.254
8 143564182 0.8027
8 143567022 1.29950791561295
8 143567095 0.283671982516825
8 143575631 0.6737
8 143584705 0.0502
8 143617254 0.8506
8 143617735 0.6993
8 143624277 1.1458
8 143629100 1.1458
8 143643588 0.5317
8 143645956 0.712472731608934
8 143647171 0.5495
8 143653807 0
8 143662463 1.25757285845872
8 143669431 1.1913
8 143670239 1.43298753912726
8 143674769 0.919681602538454
8 143681800 1.2411
8 143681949 0.2287
8 143697078 0.227413211524633
8 143701730 0.493357696006166
8 143718250 2
8 143742728 0
8 143749432 5e-04
8 143751656 1.04578063133983
8 143751658 0.494265684131385
8 143754051 2
8 143762604 2
8 143770638 2
8 143771614 2
8 143772435 2
8 143775335 2
8 143776425 2
8 143780790 2
8 143782454 2
8 143826551 2
8 143875940 0.210889239954478
8 143878091 2.0265
8 143886319 0.829738234059701
8 143896912 0.781
8 143898286 2
8 143908663 1.617
8 143929609 2
8 144021628 5e-04
8 144027068 2
8 144062998 2
8 144077730 2
8 144088899 2
8 144089031 2
8 144089667 0
8 144090784 2
8 144120110 2
8 144125164 2
8 144125797 1e-04
8 144125966 0
8 144172401 2
8 144176372 2
8 144198047 0.660897240497171
8 144218666 1.9724
8 144256838 0.683810989020761
8 144273004 1.07913046163498
8 144285016 2
8 144285362 0.938596822320841
8 144286640 2
8 144306958 2
8 144312907 2
8 144344833 2
8 144349411 1.8665
8 144372868 0.277542092323878
8 144396341 1.33473721646084
8 144399250 0.479826290066273
8 144413184 5e-04
8 144419045 1.10842048888974
8 144420217 0.22274940633537
8 144430239 0.828519354994608
8 144441636 0.0808863060393877
8 144441971 0.604378024596055
8 144447474 0.0255
8 144455546 1.13198104764508
8 144456992 0
8 144480893 2
8 144485003 2
8 144512966 2.3317
8 144613373 2
8 144677692 2
8 144729400 0
8 144732539 1.2853
8 144767614 5e-04
8 144774710 2
8 144801926 0.903270904528668
8 144917597 1.41643193590996
8 144923356 2
8 144937826 0.00348806573958505
8 144951772 1.0947
8 145008692 2
8 145018746 2
8 145024065 2
8 145035284 2
8 145035645 2
8 145044084 2
8 145069728 2
8 145073172 2
8 145075197 2
