chr pos logPval
19 247288 0.0457463586071649
19 256592 0.162752833512858
19 261563 0.441547991565657
19 266544 0.0476689165254431
19 267474 2
19 269777 0.0897
19 269785 0.8553
19 271881 2
19 296458 0.5924
19 301262 0.5871
19 301639 0.571
19 309952 0.4207
19 310004 5e-04
19 312313 1.2999
19 314933 1.2944
19 317498 1.2424
19 318778 1.2424
19 333907 2
19 335055 1.2424
19 337806 1.2424
19 339372 2
19 340700 0.4174
19 344053 2
19 349041 0.7082
19 349160 0.6768
19 350262 5e-04
19 350267 0.625431316190319
19 351632 1e-04
19 360846 1.7841
19 360880 1.5391
19 372348 1.6366
19 374604 1.1033
19 376769 2e-04
19 383057 0.5377
19 387268 0.503809185763481
19 387541 0.446
19 388480 1.58666954858557
19 389231 1.33430215284373
19 399785 5e-04
19 403641 0.254246312532245
19 406783 2
19 420755 0.674700035347215
19 422543 0.697106309663517
19 442888 2e-04
19 447538 2.2653
19 450180 2
19 454821 2
19 457343 1.3586
19 457732 1.2381
19 458076 0.026
19 458681 0.0897
19 465427 0.1349
19 466332 2
19 466885 1.03299358008029
19 481448 0.922313882565305
19 483488 0.177798711088051
19 484287 2
19 485118 0.7838
19 489166 2
19 491038 2
19 494057 0.3446
19 502623 1.5341
19 504256 0.224
19 504830 2
19 510190 2
19 520513 0.8677
19 524362 2
19 525154 1.02761867618233
19 534350 2
19 536536 0.0469
19 539250 2
19 539871 2
19 540011 5e-04
19 544277 2
19 544649 1.9357
19 551702 3e-04
19 551706 0
19 552519 0.2859
19 552656 0.259
19 553118 0.693009412809047
19 561632 2
19 563032 2
19 564058 2
19 566196 1.22738978108794
19 567107 1.93766362278571
19 567699 2
19 569500 2
19 570124 2
19 571770 0.0263
19 576716 0.5248
19 578268 2.6704
19 578718 0.5248
19 579627 1.8086
19 580870 0.6897
19 582927 1.328
19 584051 1.8086
19 584355 1.4876
19 585346 0.9908
19 593275 2
19 593757 2
19 600670 1.4409
19 604064 1e-04
19 605255 0.5357
19 605377 2.6989
19 612658 2
19 613701 5e-04
19 616999 2
19 632494 2
19 644462 1.79067167807881
19 645780 2
19 653805 1.6141
19 662523 0.0263
19 681193 1.1595
19 684778 2
19 686181 2
19 687799 2
19 688355 2
19 689377 2
19 690045 0.7966
19 710651 2
19 717024 2
19 718617 2
19 718794 2
19 724299 1.1130148909668
19 728416 0.672716844592712
19 731078 2
19 733674 2
19 741211 1.15877207611887
19 750562 2
19 752878 1.0827
19 760251 2
19 760364 2
19 761486 2
19 765458 2
19 766557 1.76723846372719
19 774755 2
19 778455 5e-04
19 780599 0.7312
19 785723 0.5818
19 791798 0.3595
19 806256 2
19 816805 0.154493510122711
19 819997 0.00245405081333901
19 835532 2.9985
19 840127 2
19 841877 2
19 851563 0.198369328984545
19 857215 0.0630961497599185
19 863388 0.7644
19 863435 8e-04
19 864899 0.7026
19 866556 1.94535419684291
19 866755 2
19 869496 0.909344587536482
19 878000 0
19 878093 5e-04
19 878450 7e-04
19 878721 0
19 878765 0
19 879123 2.9952
19 879649 0.212
19 885698 2.9344
19 893183 1.4012
19 898897 2
19 899978 2
19 903855 0.0109234541655577
19 913048 1.1257944812905
19 914142 0.29702618325903
19 916262 1.49247105995636
19 929753 0.2031
19 930911 1.3859
19 955552 0.7751
19 962161 2
19 964092 2
19 970525 0.115720337912466
19 977877 0.850752561180035
19 982362 0.697717848415514
19 984537 2
19 989123 2
19 997910 0.62119845014498
19 999000 2
19 1002848 2
19 1005231 2
19 1007430 0.9237
19 1008880 0.7116
19 1013561 0.1189
19 1014399 0.0402
19 1014797 2
19 1016275 2
19 1017058 2
19 1022899 2
19 1024107 1.0071
19 1029151 0.21902820373362
19 1036914 0.911
19 1037552 0.911
19 1038894 0.592552181642155
19 1043932 1.8325
19 1052674 6e-04
19 1059005 0.640283858612232
19 1061381 0.548116524356633
19 1061586 1.7766
19 1063009 0.880699839463457
19 1063304 0.175
19 1078298 1.1655
19 1084027 1.205
19 1084966 1.3025
19 1088018 1.021
19 1088319 1.021
19 1092750 1.0551
19 1095582 2
19 1096912 2
19 1100146 0.55
19 1103769 1.6604
19 1110830 0.1674
19 1122148 0.1194
19 1123218 0.447964314546364
19 1124054 0.1299
19 1135900 0.203182999339817
19 1139546 2.52385547977338
19 1141650 0.858231761919138
19 1155408 1.8349
19 1163657 2.978
19 1163935 0.798198109723029
19 1165873 0.045257945244465
19 1166195 0.0928599658380679
19 1178655 1.26
19 1183547 2
19 1183851 1.6825
19 1191683 1.3044
19 1191855 0.483986400330777
19 1222538 2
19 1225548 0.790668458012109
19 1238162 0.9756
19 1238258 1.00107619506958
19 1252312 0.585073623400769
19 1271530 1.43234009398068
19 1280553 1.8486
19 1282263 0.577156585728795
19 1282286 3.23957515918698
19 1294200 2
19 1311965 0.0263
19 1319453 0.0078
19 1321165 0.0847
19 1322866 0.1281
19 1327071 0.4622
19 1335616 0.0078
19 1341510 0.6178
19 1347440 2.53512088852355
19 1365047 1.3357
19 1365828 2
19 1368399 2
19 1375531 0
19 1376306 0.905675447766228
19 1387919 2e-04
19 1388539 2
19 1399650 2
19 1441601 2
19 1477001 2.9894
19 1502071 0.7732
19 1505284 0.244682459989075
19 1519695 1.22071335092472
19 1521020 2
19 1522736 2
19 1525005 0.805533670119265
19 1534690 0.514830187628733
19 1535769 1.0584947422706
19 1538276 0.611435889272769
19 1548026 5e-04
19 1550091 2
19 1562280 1.28502103016323
19 1577118 2
19 1588612 0.8654
19 1609436 0.1582
19 1640306 1.7635
19 1642157 2
19 1645470 0.596272361879575
19 1667093 2
19 1674685 2
19 1676420 2
19 1683303 0.1856
19 1684055 0.3618
19 1689399 2
19 1690896 2
19 1700392 0.108750158493027
19 1702493 1.07383743996302
19 1705618 2
19 1716866 2
19 1717827 2
19 1720333 2
19 1724717 0.424748489162428
19 1739967 0.464363003663888
19 1747416 7e-04
19 1753332 2
19 1754907 2.4949
19 1763182 2
19 1776003 0.880850327189859
19 1777883 1.35319252157716
19 1790153 0.1684
19 1790509 0.1857
19 1796167 2
19 1797605 2
19 1807019 0.9971
19 1808684 0.1585
19 1811548 0.1516
19 1818404 0.2242
19 1829861 0.763380030376885
19 1834715 0.967451965346408
19 1841197 0.0265
19 1847903 0.2242
19 1855335 0.598648386009428
19 1857298 2.4003
19 1868484 5e-04
19 1876655 1.03076903149052
19 1889566 0.251779759592164
19 1891867 0.629203626968734
19 1892474 0.458857607138155
19 1906916 0.0053
19 1914796 0.1392
19 1915373 0.1392
19 1927564 1.7159
19 1934569 1.6815
19 1948476 2
19 1951552 2
19 1951688 2
19 1955526 2
19 1959755 0.604911499286524
19 1959775 2
19 1959888 1.3717
19 1968271 0.0265
19 1971812 2
19 1976641 2
19 1979387 1.3746
19 1988445 2
19 2004738 0.9698
19 2005521 1.7163
19 2010859 1.7163
19 2024027 1.0432
19 2033162 1.2156
19 2054295 0.981885672610823
19 2092175 2
19 2099768 2
19 2105627 2
19 2113701 2
19 2118693 2
19 2126609 2
19 2128988 7e-04
19 2129474 0.3322
19 2151516 2
19 2165282 0
19 2174644 0.339846030779806
19 2188492 5e-04
19 2190775 0.0836222207755854
19 2201187 1.468891755419
19 2205669 0.0786
19 2218628 2.412
19 2253591 0.67190891320589
19 2253733 2.2
19 2271578 2
19 2273837 0.225188937743511
19 2274768 2.14080930346732
19 2296860 1.51723571522534
19 2322086 0.9447
19 2328282 0.2718
19 2335215 1.1209
19 2335625 1.1662
19 2348133 2
19 2348176 1e-04
19 2349075 0.3186
19 2349958 0.2104
19 2350365 0.923657804379506
19 2350387 0.2213
19 2360856 1.3982606754365
19 2369999 1.76210177045043
19 2370478 0.42318522182618
19 2377631 0
19 2380820 0.766528127923859
19 2383131 0.339937820918009
19 2389224 2
19 2391307 1.50420375014407
19 2391798 2
19 2395198 2
19 2396558 0.467198746725621
19 2405643 0.682276248729116
19 2408072 1.46800066175058
19 2418958 2e-04
19 2420676 1.26705357679662
19 2427154 0.860151475722487
19 2431274 0.3619
19 2434247 1.3695877815383
19 2434980 0.0269
19 2438886 0.983225319005132
19 2444365 1.08671132319191
19 2447090 1.4789276761783
19 2465854 2
19 2466298 2
19 2467684 2.40488079662422
19 2483849 0.8378
19 2485700 1.0626
19 2488320 2
19 2495952 2
19 2505887 1.2222
19 2518986 1.3944
19 2525602 0.310492163453855
19 2535272 0.3873
19 2539838 2
19 2545572 0.9217
19 2547079 1.61504495003415
19 2548744 0.789764325686403
19 2553400 1.8607
19 2554558 0.799192419818032
19 2561842 2
19 2565659 2
19 2574414 1.5288
19 2583335 0.0558
19 2594354 2
19 2617838 1.2863
19 2634825 2
19 2657359 5e-04
19 2671017 2
19 2675697 2
19 2683225 0.9337
19 2691262 0.9337
19 2711085 0.939
19 2713578 1.39175452703422
19 2742520 0.116279673705944
19 2748652 2.2073
19 2752045 0.0821304423966763
19 2754980 0.5315
19 2761360 0.5697
19 2761934 0.5069
19 2772811 2
19 2794399 2
19 2821729 0.5836
19 2825378 1.9507
19 2842542 0.485671349417697
19 2844093 0.0712
19 2846052 2
19 2860168 0.1218
19 2863257 0.719752656838331
19 2863753 0.952874407409564
19 2863803 0.1218
19 2865196 0.1351
19 2900350 0.0217
19 2908820 1.4349
19 2909373 0.0257
19 2911538 1.64158380686161
19 2923636 0.0107
19 2925618 0.1968
19 2926170 0.2522
19 2930351 0.0742
19 2937258 0.0386
19 2939732 0.724846333212326
19 2941125 0.282168159789564
19 2962055 2
19 2982354 2
19 2993080 0.413
19 2994604 2.9894
19 3001392 3.2546616977776
19 3007321 0.108441391247751
19 3012559 1.9846
19 3014968 5e-04
19 3020230 2
19 3021110 5e-04
19 3021798 2
19 3022542 1.35410385542941
19 3023753 0.532552765866467
19 3025705 2.6469
19 3029452 1.395
19 3030054 0.4833
19 3039043 0.0263
19 3051185 0.253444944554909
19 3057230 0.0561
19 3061356 1.1547
19 3061749 0.0269
19 3062049 0.347856055062884
19 3063411 1.2820395630401
19 3063501 0.7875
19 3072337 1.0987
19 3077945 1.04699301783538
19 3079201 1.96788154826304
19 3083275 1.1761
19 3084076 2
19 3084154 1.5127
19 3085408 1.1364
19 3085746 0.39396376612377
19 3088880 2
19 3096281 2
19 3096287 2
19 3099557 0.972636484270407
19 3099984 1.05102076383332
19 3100049 2
19 3105579 1.4057
19 3106590 2
19 3111962 1.4057
19 3118393 1.2922
19 3122720 2.8721
19 3125052 2
19 3126712 2.8721
19 3126740 2.8721
19 3135849 2
19 3138370 2
19 3139727 2
19 3142863 2
19 3142874 2
19 3143848 2
19 3144127 2
19 3148554 1.1496
19 3149697 1.58493453092074
19 3156467 0.0447266332234897
19 3159714 2
19 3168140 0.0269
19 3169707 2.1687
19 3169989 0.3957
19 3178168 0.0095
19 3178246 2
19 3188494 2
19 3190134 2
19 3193148 2
19 3198779 2
19 3202108 2
19 3211223 2
19 3211367 2
19 3217518 2
19 3220543 2
19 3227744 2.094
19 3229226 0.8578
19 3230137 2
19 3238850 1.1662
19 3247459 2
19 3253534 1.0789
19 3256320 2.4292
19 3265855 2
19 3287843 0.522648092189405
19 3294529 0.191720034243709
19 3305054 2
19 3306068 2
19 3309023 2
19 3311004 2e-04
19 3311325 3.0822
19 3326033 0.0273
19 3326604 0.102831431043355
19 3327290 5e-04
19 3330966 1.63665679702353
19 3331087 3.0715
19 3331651 0.106878984518112
19 3332333 0.868184534938296
19 3332794 0
19 3335466 0.6072
19 3337513 2.0967
19 3338382 0.501879918650832
19 3351892 0.791934054074648
19 3371322 1.1155
19 3379125 1.4892943508154
19 3386103 0.9641
19 3388248 0.9127
19 3398393 1.3264
19 3404822 1.318
19 3406395 1.20279814262749
19 3408667 1.52569983135337
19 3411648 0.206021178335058
19 3417107 1.3151
19 3420970 1.0527
19 3426319 0.8273
19 3438283 0.514646377743103
19 3439383 0.125518482411255
19 3439921 1.15319919131501
19 3453085 1.45954835068685
19 3462047 0.534036153400547
19 3464525 2.4621
19 3473284 1.7381
19 3481215 1.4288
19 3509655 1.5008
19 3529797 2
19 3541472 2
19 3543399 2
19 3553473 0.0621
19 3554469 0.835895823376236
19 3577376 0.5494
19 3582481 0.3877
19 3596078 1.9956
19 3618491 2
19 3641975 2.1591
19 3642059 2
19 3663612 0.1273
19 3664096 2.3726
19 3679609 2.4108
19 3701969 2
19 3703016 0.3375
19 3703130 2
19 3705592 2
19 3711722 2
19 3723810 0.0162
19 3729621 0.202071962716571
19 3741157 1.6137
19 3745035 1.0024
19 3746209 0.9392
19 3752876 1.68906327737042
19 3760912 0.0269
19 3763120 1.1343
19 3764659 1.1208
19 3765913 1.35763248027142
19 3769755 1.1771
19 3769901 0.9089
19 3781046 2
19 3802900 0.0273
19 3811408 2
19 3820391 0.4681
19 3825036 0.4681
19 3832634 0.7753
19 3840996 0.9514
19 3844769 0.9857
19 3861798 0.9627
19 3864994 1.1786
19 3903901 2
19 3907249 1.7661
19 3916076 0.888762906116861
19 3929206 1.2025
19 3929890 0.1918
19 3938784 1.67956535181833
19 3954081 0.0742
19 3955299 1.3607
19 3955479 1.3375
19 3958710 2
19 3958892 1.349
19 3963448 0.764929828004874
19 3972972 1.9709
19 3984983 0
19 4018102 1.5321
19 4019963 1.5507
19 4022629 1.5507
19 4024762 0.951613372875329
19 4030181 0.81374304843319
19 4031771 1.9646
19 4042079 0.0217
19 4044581 1.9646
19 4077098 1.8301
19 4080393 1.9646
19 4111761 1.6551838002672
19 4118718 1.1668
19 4133544 0.0679443211095295
19 4138377 1.3097
19 4147094 2
19 4147249 2
19 4170001 0.1102
19 4186218 1.1254
19 4191781 1.1654
19 4191948 0.0624
19 4196286 2
19 4225751 2.1673
19 4227667 2
19 4228074 2
19 4247603 0.524786561310314
19 4247607 7e-04
19 4250994 1.02243267100889
19 4269717 0.0078
19 4276604 2.4105
19 4288558 1.0591
19 4295097 0.940089541605821
19 4295138 0.264
19 4297971 2
19 4304669 0.0465733563150017
19 4314504 0.0265
19 4321058 1.3683
19 4331623 3.0468
19 4336374 2
19 4351659 0.89418174384802
19 4351944 0.1366
19 4356764 0.4424
19 4403020 0.888040529712787
19 4403264 0.4424
19 4408057 0.1372
19 4419781 0.0165
19 4420396 0.0165
19 4427483 3.5156
19 4456156 0.4597
19 4462905 2
19 4469136 2.266
19 4470298 2.5093
19 4470388 1.5121
19 4479450 2
19 4481997 0.9229
19 4483988 0.9229
19 4486988 0.9229
19 4488635 2.266
19 4489259 0.318259352288952
19 4492891 2.2953
19 4505582 2.5093
19 4508075 1.4491
19 4509366 1.392
19 4510377 0.1472
19 4512601 1.2863
19 4527437 2.8749
19 4530753 0.671
19 4536210 1.5039
19 4541056 5e-04
19 4554603 2.059
19 4563047 0.9909
19 4565215 0.249898859534101
19 4571744 0.0423217026346615
19 4593703 1.9318
19 4593846 1.9499
19 4594639 1.988
19 4598375 1.988
19 4599777 1.988
19 4607465 0.460627494584099
19 4630987 0.589931666533881
19 4645313 2
19 4656343 0.394772233924061
19 4660918 1.1988
19 4663763 6e-04
19 4665684 1.1988
19 4666791 1.1988
19 4676128 0.139359911760327
19 4729319 1.10653102470248
19 4735327 2
19 4747134 2
19 4751220 0.239702424791763
19 4755348 0.639133667371892
19 4756428 0.0607719707831715
19 4774565 0.182842827671608
19 4778581 2
19 4782978 0.872
19 4787751 0.258590080804387
19 4798101 2
19 4798284 2
19 4799283 2
19 4805343 0.625801625971159
19 4806168 2
19 4810361 1.50542160227907
19 4811303 2
19 4812350 0.820249943761106
19 4819260 2
19 4821886 1.1056
19 4844621 1.7397
19 4849787 2.4292
19 4858697 0.97488453771473
19 4866646 0.0078
19 4873936 1.5257
19 4876868 2.8806
19 4885441 0.42477613697899
19 4886538 1.21889120318952
19 4889932 0.4283
19 4893481 1.232
19 4893808 3.7176
19 4899225 1.232
19 4900672 0.652
19 4903746 1.1824
19 4912717 2
19 4926700 2
19 4931789 2
19 4941279 0.6903
19 4944957 0.7019
19 4953339 0.315
19 4960572 3.1242
19 4961782 0.7532
19 4967690 2
19 4967767 0.3227
19 4975752 0.2389
19 4985515 0.6265
19 5013820 0.6864
19 5033598 0.0947
19 5035896 5e-04
19 5049472 2
19 5055985 2
19 5062477 2
19 5062803 2
19 5071854 0.695484639743664
19 5079067 0.900199047454456
19 5080055 1.30778601668925
19 5090412 4e-04
19 5090413 2
19 5091321 1.0283
19 5092920 0.9909
19 5100380 1.7216
19 5100948 1.7216
19 5101275 1.2429
19 5105066 0.0108
19 5114105 1.7417
19 5120500 1.7417
19 5132532 0.539637048653284
19 5142238 0.0712190869097417
19 5146189 1.2414
19 5170911 0.73267584431532
19 5186199 1.5979
19 5196895 1.1066
19 5197817 0.810308947898004
19 5200747 1.1983
19 5205677 2
19 5210611 0.436409878962584
19 5211557 0.453309219643917
19 5213075 1.37552955326697
19 5217748 2
19 5222077 0.655707305502556
19 5225970 2.8836
19 5228318 1.1727
19 5248534 5e-04
19 5277412 1.6405
19 5277789 0.0773
19 5284057 1.0274
19 5293266 2.1723
19 5297080 0.8553
19 5300240 0.428666557684867
19 5305871 2.0977
19 5308925 1.6637
19 5325359 0.534816346234034
19 5330249 0.7903
19 5331297 1.2554
19 5340644 1.0358907324403
19 5350687 0.0172
19 5359200 2
19 5370269 2.2758
19 5383218 2
19 5385978 2
19 5388664 2
19 5392584 0.00934759428837643
19 5393521 2
19 5395761 0.9329
19 5398568 2
19 5398867 2
19 5420695 0.836
19 5420791 0.836
19 5452318 0.0269
19 5455960 2
19 5459678 2
19 5474530 2.2967
19 5478236 0.3991
19 5479573 0.0737
19 5479576 0.0838
19 5487712 0.913015764546138
19 5489440 0.0539
19 5499236 2
19 5506042 2
19 5508369 1.3545
19 5511272 2
19 5517908 1.1218
19 5519433 0.5324
19 5530259 1.0626
19 5554891 0.750371698168287
19 5559105 0.824
19 5565073 0.9371
19 5576462 2
19 5579292 2.9825
19 5589953 3.214
19 5607677 0.462991002514974
19 5638804 1.38601144038987
19 5639022 0.234594190859974
19 5700366 2.5179
19 5734228 1.2581
19 5735720 0.388437124566476
19 5743648 0.3256
19 5743813 0.3108
19 5745201 0.5491
19 5745653 0.3256
19 5759220 0.675757987927017
19 5761042 0.614547714184125
19 5764547 1.02908840773961
19 5768384 0.821977555234269
19 5773678 0.0684
19 5817463 0.7377
19 5817944 1.5622
19 5823074 4.6227
19 5825176 1.4847
19 5828910 1.28631041235477
19 5834137 0.919858447880835
19 5840915 1.429
19 5849655 2.0394
19 5850002 1.4136
19 5851790 0.0776169837212082
19 5856726 1.53880315299346
19 5898622 2
19 5908150 0.0474967122163965
19 5927085 1.68846680573293
19 5980975 2.2602
19 5986078 2
19 5992217 2.36743173659118
19 5993885 2.3073
19 5996428 0.1526
19 6003515 2
19 6003668 2
19 6009434 1.95253409362871
19 6128467 0.3727
19 6138674 1.47813787107995
19 6145047 0.4605
19 6149504 0.22891157194873
19 6149684 0.823263185509309
19 6200808 1.61434168935241
19 6214714 1.3287
19 6229370 2
19 6231045 2
19 6232160 2
19 6238403 2
19 6253141 2
19 6254452 2
19 6257464 2
19 6265056 3e-04
19 6267132 2
19 6271467 2
19 6306846 2.6692
19 6308498 0.0869
19 6311598 0.0269
19 6313181 0.841
19 6314402 0.6371
19 6318257 0.62760896009933
19 6320226 1.6091
19 6323196 0.0866211846832624
19 6324334 1.256
19 6347381 0.0265
19 6348358 1.0896
19 6371327 1.4978
19 6448811 2.2189
19 6458718 1.495
19 6463126 2
19 6485062 2
19 6496765 0.1516
19 6500881 0.1075
19 6513185 2
19 6517911 2
19 6519754 0.0831
19 6526801 0.0831
19 6533710 5e-04
19 6535626 2
19 6552467 0.0269
19 6561240 2
19 6570913 2
19 6573288 2
19 6579018 0.588030219868095
19 6580845 0.437683611903292
19 6581704 1.43896322335244
19 6583770 2
19 6588256 2
19 6607398 0.9974
19 6612646 0.7018
19 6617150 2
19 6619282 2
19 6624801 0.6013
19 6629767 2
19 6634488 0.8764
19 6634515 0.660812724443629
19 6634847 1.9814
19 6635847 0.5875
19 6637091 1.85801423222754
19 6638093 2
19 6643861 2
19 6647001 2
19 6651496 2
19 6651556 1.4332
19 6651963 1.61927054722928
19 6661521 0.0679
19 6662391 2
19 6670899 1.74495944095215
19 6671131 0.1977
19 6689335 1.52632934235248
19 6696331 1.6295
19 6696546 1.6295
19 6699333 1.9948
19 6700352 0.5427
19 6700629 3.9933
19 6700652 6e-04
19 6700682 6e-04
19 6701502 1.6295
19 6701624 1.6295
19 6708639 1.18589756738542
19 6717644 0.559053505683913
19 6731293 0.2486
19 6738222 0.6212
19 6739923 0.6212
19 6758492 0.961658370305588
19 6761000 0.372614820337764
19 6768811 1.89314610877367
19 6770969 1.4515
19 6782262 1.7842
19 6786664 1.8301
19 6789893 1.8301
19 6792816 1.8301
19 6793818 1.8301
19 6794470 1.8301
19 6796967 0.0447
19 6800683 1.4265
19 6804081 2.793
19 6805748 1.2922
19 6808645 0.8209
19 6904630 0.4702
19 6905579 0.4702
19 6906839 0.4702
19 6910399 0.1702
19 6910635 0.268202749942812
19 6914955 0.895
19 6917664 1.9107
19 6919119 1.1938
19 6920522 5e-04
19 6929160 1.1487
19 6933896 1.8606
19 6936829 1.246
19 6937981 1.246
19 6938773 0.9916
19 6938898 1.255
19 6939587 1.1771
19 6940829 1.246
19 6944650 1.246
19 6946395 1.246
19 6948531 0.8118
19 6949163 1e-04
19 6962138 0
19 6967291 2.4949
19 6972346 0.8042
19 6973585 0.6749
19 6973734 1.2364
19 6978439 0.6944
19 6978742 1.2364
19 6979202 3.8427
19 6983726 0.6944
19 6992042 1e-04
19 6992071 5e-04
19 6993629 2.0939
19 6996498 0.4198
19 6997038 1.4066
19 7006457 0.6742
19 7009625 0.6312
19 7015414 5e-04
19 7018560 1.2922
19 7051931 0.0256
19 7102085 0.5297
19 7106314 0.537634212233297
19 7130038 0.266013597182194
19 7132559 0.869111957737694
19 7134002 1.256
19 7169415 0.6413
19 7199523 0.4687
19 7199856 0.2203
19 7200547 0.2203
19 7208733 0.4561
19 7220734 0.4988
19 7227860 0.448
19 7230822 0.2138
19 7233290 1.2335
19 7235135 1.0264
19 7237695 0.1606
19 7238684 0.1606
19 7244952 0.963
19 7245480 1.0264
19 7245645 0.963
19 7246650 0.963
19 7254370 0.7509
19 7264538 1.261
19 7268862 0.0564042213016155
19 7276754 0.116368424952855
19 7282221 0.0688
19 7293549 0.498201118117422
19 7318667 0.173713572458695
19 7326106 0.954834600562263
19 7326128 0.458615723467179
19 7327940 0.898165125573295
19 7334908 1.9194
19 7350761 0.87291749757147
19 7352340 2e-04
19 7354243 2e-04
19 7368357 0.489
19 7369409 0.1787
19 7377965 0.2969
19 7377988 0.2969
19 7398989 4.4774
19 7401949 1.3165
19 7410067 1
19 7411338 2.8117
19 7412788 0.3481
19 7413735 0.3481
19 7416641 0.5387
19 7422885 0.3576
19 7424287 0.3481
19 7427516 0.3481
19 7435969 0.349
19 7438414 1.2922
19 7443436 0.5179
19 7448518 0.4459
19 7479371 1.565
19 7484232 0.941476301712062
19 7493206 1.5937
19 7497110 1.4832
19 7506429 1.9572
19 7513847 0.4696
19 7526672 2.9781
19 7529273 0.5519
19 7534329 0.5612
19 7545891 0.1114
19 7547447 0.0755
19 7548963 0.718378195673234
19 7552767 3.2924
19 7552852 0.3658
19 7556589 1.0399
19 7567995 1.0789
19 7568184 0.6242
19 7568340 1.0399
19 7568914 2.42622880198437
19 7569333 0.6635
19 7575570 0.739
19 7582823 1.7542
19 7590924 1.183
19 7601475 0.9974
19 7613241 0.296890370545829
19 7613526 1.029
19 7620957 1.2088
19 7626981 1.32087971879697
19 7631091 0.0129
19 7631915 2.7851
19 7634673 0.499442867956803
19 7635163 3.9813
19 7647307 1.4651
19 7647391 2.1373838242895
19 7647539 0.0132
19 7666106 0.288729323818431
19 7687177 2.0124
19 7690583 0.7069
19 7691442 0.7069
19 7692014 0.0422
19 7692842 0.7069
19 7693231 0.7069
19 7731480 0.6752
19 7736984 0.0879
19 7768570 0.589970438558858
19 7771091 0.7923
19 7771775 1.2241
19 7772857 0.218377704039941
19 7773195 0.394
19 7774686 1.6672
19 7780973 1.698
19 7781124 0.3492
19 7781941 0.4702
19 7782250 0.4702
19 7785703 0.3085
19 7802969 1.4352
19 7806644 1.82561709172565
19 7848866 1.20037673789565
19 7850791 0.591208736616172
19 7856705 0.361130007110216
19 7867573 0.615543542278201
19 7878118 2e-04
19 7880388 6e-04
19 7887048 1.9693
19 7894751 1.1051187262545
19 7915192 1.61446082367973
19 7948914 0.518251312390078
19 7956409 4.4774
19 8022499 5e-04
19 8022618 0.5545
19 8034940 0.4248
19 8039623 0.5752
19 8046906 5e-04
19 8058625 0.8669
19 8063707 1.0576
19 8064724 0.7695
19 8065212 1.0576
19 8068635 0.6611
19 8069732 0.6368
19 8072218 1.449
19 8077228 0.8965
19 8077604 0.8965
19 8079387 0.8965
19 8082666 0.7323
19 8082889 0.8789
19 8086094 5e-04
19 8089876 0.0281
19 8090676 1.269
19 8100618 0
19 8104979 0.3831
19 8106249 2.4063
19 8106272 0.0269
19 8115276 0
19 8115958 0.734672569476552
19 8123084 1.4448
19 8123366 0.483228855168466
19 8125423 1.73379177118399
19 8130607 1e-04
19 8133099 1.4241
19 8145042 0.3392
19 8152714 1.07612556633684
19 8157739 3.4575
19 8160562 1.2322
19 8164743 0
19 8166975 0.992141692967848
19 8167023 2.0008
19 8173390 2.0008
19 8184081 0.602
19 8184128 5e-04
19 8188592 0.253172855951581
19 8190441 1.1712
19 8191849 4.4906
19 8193352 1.2666
19 8198764 0.5028
19 8208032 0.3944
19 8209156 0.3844
19 8215405 1.3575
19 8221010 0.311362785418519
19 8221884 0.813507544824164
19 8234670 0.2296
19 8260967 3.1145
19 8262020 0.1406
19 8268817 0.3056
19 8269554 0.7177
19 8270619 1.2922
19 8271792 0.9892
19 8274663 0.0916
19 8324223 0.817
19 8330053 2.2143
19 8333122 1.5131
19 8336267 1.4875
19 8340297 0.6293
19 8345025 1.7672
19 8346482 0.921709276546989
19 8349293 1.5933
19 8353724 1.29912216206654
19 8354621 0.770648740288319
19 8360328 0.4138
19 8376739 0.0412
19 8380882 0.0688
19 8387161 0.0412
19 8394156 0.367045631321823
19 8398286 0.52259263282519
19 8399794 0.5838
19 8401908 1.05046374973773
19 8412494 0.195095096009004
19 8413096 2.7039
19 8414636 0.204951445009841
19 8415731 0.3015
19 8415735 0.582496389154587
19 8419826 1.4669
19 8441452 0.8993
19 8450735 3.5957
19 8458122 1.0146752028279
19 8472229 1.6458
19 8489903 0.501780425034065
19 8501318 3.0702
19 8521913 0.0339
19 8543714 5e-04
19 8555480 2.6507
19 8560807 0.3094
19 8564444 1.22375117974301
19 8571576 1.7472986952733
19 8573180 0.0445639847447873
19 8575632 0.242983068189473
19 8576953 2.0107
19 8580436 0.197414598229821
19 8605046 1.615
19 8615537 0.5996
19 8624090 1.2469
19 8624494 1.2469
19 8624751 0.248549814907462
19 8646052 1.2539
19 8650948 5e-04
19 8652955 5e-04
19 8656167 0.0386
19 8656601 1.49859212712209
19 8666336 5e-04
19 8677083 0.8486
19 8679934 0.8486
19 8705279 0.2961
19 8711694 0.3015
19 8723613 1.50802839320583
19 8739972 1.1603
19 8786780 1.62799500175594
19 8790019 0.4027
19 8802480 0.3963
19 8805365 0.7483
19 8817536 3.291
19 8818981 1.20076089057688
19 8851305 1.54336244020207
19 8853222 1.51955964846725
19 8855799 0.436831140351349
19 8862285 1.03672151039956
19 8865828 0.42631815410469
19 8876542 1.46521059545981
19 8894365 0.551362254978342
19 8896954 0.077572306926902
19 8903875 0.8248
19 8905575 0.866161725369814
19 8919043 0.8009
19 8923770 0.0843
19 8925998 0.0781
19 8932507 0.0201949781921889
19 8934441 0.617499561685949
19 8942865 0.890215238016429
19 8947948 0.626722700276996
19 8949896 0.824606938305486
19 8962299 0.123821037250657
19 8969677 0
19 8972467 0.6965
19 8974328 0.616911593335466
19 8981536 0.310808208754521
19 8981983 1.46886745115348
19 8983470 1.46486040632888
19 8987461 0.846806824228699
19 8991743 1.03674824735771
19 8993847 0.140513645554183
19 8999016 0.4116
19 9000303 1.1182
19 9008566 0.126839783495315
19 9030824 2
19 9034148 0.7009
19 9053630 2
19 9056772 2
19 9058636 2
19 9074521 2
19 9084021 2
19 9092440 2
19 9096741 0.6153
19 9099757 0.6153
19 9102350 0.5863
19 9103790 0.5863
19 9108285 0.5863
19 9108591 2.0504
19 9108768 0.6005
19 9109065 0.181885633329459
19 9112581 0.6448
19 9115341 1.01593501075278
19 9116997 0.921
19 9120220 0.7685
19 9121772 1.7193
19 9127242 0.0666
19 9139538 0.0263
19 9143275 0.5973
19 9144582 2
19 9145440 2
19 9150464 2
19 9164989 0.2994
19 9168063 0.2832
19 9172302 0.465382502236207
19 9173837 0.626
19 9175942 0.626
19 9176463 0.626
19 9176491 0.0263
19 9176733 0.626
19 9189309 1.42800120689415
19 9189608 1.00913367043637
19 9193409 1.7917761017936
19 9201321 1.3542599019872
19 9205133 1.90361337615913
19 9215268 0.487264166680976
19 9220157 0.623817768240901
19 9221791 0.15693686545882
19 9230918 0.383433121865143
19 9243785 2
19 9254444 0.84267506350276
19 9259524 1.60555305148653
19 9264154 0.7840371196107
19 9269608 0.657562605904431
19 9317551 0.289050985033591
19 9317656 1.08075277216829
19 9327638 0.575714453065199
19 9333751 0.438066173858506
19 9343497 1.50091478566324
19 9372391 1.20830197976244
19 9381465 0.520403303935709
19 9390717 0.63173535979464
19 9393922 0.740291340325215
19 9395219 0.595058883587861
19 9397994 0.325083912278913
19 9420569 0.698825371852366
19 9424305 0.362967410848057
19 9424454 2.48251414006311
19 9429015 0.459064398354507
19 9430730 0.422858879691553
19 9431157 1.09424140966147
19 9432175 0.0931096613511187
19 9437746 0.351674973856699
19 9442155 0.0955578688624318
19 9443992 0.53666011918691
19 9445179 0.17936138077449
19 9448442 0.716039709853831
19 9449457 0.374939434287377
19 9474894 1.8387
19 9480222 0.460076964548492
19 9480687 0.990527115418274
19 9487911 0.970378351040087
19 9488358 0.049120669088999
19 9488641 0.552401193646365
19 9495063 0.577500727230617
19 9495553 1.86452181495577
19 9495622 0.512016999779397
19 9500017 0.417321563930452
19 9506204 0.0138418385658914
19 9513050 0.230582083584562
19 9516262 0.447494021364268
19 9525227 2.09140961530604
19 9535864 1.07858647738048
19 9535965 0.278344278548879
19 9536823 0.514472120524956
19 9541007 0.747737026730576
19 9541508 0.685469310723148
19 9541610 0.490341919674639
19 9546855 0.91989359524101
19 9547507 1.63212671309066
19 9547734 0.453707826929753
19 9548964 0.176804939705445
19 9551160 0.0515735100811164
19 9553123 0.811238139845762
19 9568428 0.290482874650166
19 9571186 0.0849136397178229
19 9581581 0.110011057112712
19 9583195 0.0104039500754786
19 9584252 1.6243
19 9597010 0.7697
19 9606668 0.815
19 9662446 1.0132
19 9680026 0.8605
19 9680194 1.0494
19 9701737 1e-04
19 9735922 0.7176
19 9746309 0.4492
19 9804477 0.8605
19 9814231 2.0318
19 9831546 0.576681680338594
19 9848338 1.56263546153934
19 9860151 2
19 9863257 0.769021418845343
19 9865294 0.0273457715839481
19 9873420 0.271786285425906
19 9873833 0.525713886048889
19 9881224 0.0313
19 9882537 0.0313
19 9889814 0.0313
19 9892116 0.378691179244337
19 9898071 0.2178
19 9898534 0.8345
19 9901990 0.991112927163489
19 9902516 1.628570123664
19 9916794 0.359501158820247
19 9929521 0.9679
19 9949193 2
19 9959145 0.431261740053455
19 9963997 1.62646571380166
19 9965210 1.1392
19 9969467 2
19 9970042 1.7354559127934
19 9970057 0
19 9970416 0.0078
19 9970454 1.1977
19 9974752 0.0073
19 9976346 1.01827995680252
19 9983376 2
19 9983519 0.0073
19 9983972 2
19 9987582 2
19 9988789 2
19 9989234 2
19 9994272 2
19 9996869 2
19 9998503 1.3453436126811
19 10000389 2
19 10016233 0.8318
19 10029783 2
19 10034495 0.590867062818806
19 10037318 2.3071
19 10038547 0.2346
19 10045045 2.3071
19 10048603 1e-04
19 10048637 0.0897
19 10049902 1.23108510320346
19 10057359 2
19 10059879 0.649666739710551
19 10060308 0.411113021503906
19 10060365 0.70611312815981
19 10094283 1.1209
19 10135353 2
19 10142880 2
19 10149330 0.0263
19 10156401 2
19 10169449 0.2251
19 10173008 1.7623
19 10174102 2
19 10183126 5e-04
19 10195614 0.999143123249704
19 10209784 2
19 10210260 2
19 10217217 2
19 10219336 0.8456
19 10229570 2
19 10231337 2
19 10235986 0.3084
19 10261681 2
19 10279982 0.1859
19 10301795 0.0077
19 10303492 2
19 10303774 2
19 10313199 0.9542
19 10341154 1.5574
19 10346796 2
19 10352442 1.9141
19 10352728 0.138583788575339
19 10367696 0.9993
19 10377604 5e-04
19 10377608 1.28104649433579
19 10377615 5e-04
19 10377627 0.252586445238542
19 10389556 0.9549
19 10404183 2
19 10433356 2
19 10483439 2
19 10488673 0.7534
19 10502515 2
19 10507333 0.9902
19 10507805 2
19 10510907 8e-04
19 10511308 1.91054299402524
19 10525647 0.8409
19 10527573 3.6023
19 10528638 0.157828321345521
19 10529830 0.0335157859055749
19 10532270 0.0273
19 10542342 0.0250521368122747
19 10544029 1.0448
19 10553956 0.901159989854904
19 10560702 1.39713539406533
19 10578422 1.43758600822899
19 10583568 0.670987411850845
19 10597177 1.4544
19 10615630 1.8038
19 10631005 2
19 10631767 2
19 10643724 2
19 10656793 2
19 10660107 2
19 10683954 2
19 10693713 2
19 10725957 2
19 10726173 0.0263
19 10734342 0.0712
19 10756772 0.358811412531006
19 10757258 5e-04
19 10780563 2
19 10794013 1.99662916389627
19 10797318 2
19 10815845 0.3513
19 10832196 2
19 10844274 0.2589
19 10845249 1.3935
19 10851350 0.1529
19 10859374 1e-04
19 10884030 2
19 10890079 1.9357
19 10893554 2
19 10899278 1.12811116923231
19 10934440 1.76431656228147
19 10948671 0.174174856137246
19 10957073 0.7573
19 10960946 0.0078
19 10985700 1.7757
19 10993132 1.7757
19 11001167 2
19 11015284 0.481458393906259
19 11038258 2
19 11053013 1.1824
19 11054114 1.7003
19 11057353 2
19 11059271 0.0815716764301398
19 11061623 2
19 11073617 2
19 11078651 2.08311183972559
19 11079088 0.684801534649304
19 11082389 0.982338665182002
19 11090448 0
19 11096053 2
19 11111275 0.4801
19 11113815 2
19 11116926 2
19 11134336 1.1836
19 11134928 1.1836
19 11137622 1.1836
19 11139720 2
19 11146211 2
19 11151801 2
19 11153387 0.617080080235598
19 11156761 1.5887
19 11159217 0.5444
19 11182163 3.07827978737443
19 11184142 1.1957
19 11193267 0.4939
19 11205641 0.8749
19 11209825 0
19 11215248 0.914
19 11220021 0.0332
19 11221894 2
19 11259871 2
19 11262117 0.09
19 11269801 2
19 11269848 2
19 11270179 2
19 11272124 2
19 11280277 0.0897
19 11280618 2
19 11297079 2
19 11298385 2
19 11302660 2e-04
19 11302684 2
19 11303469 2
19 11396130 1e-04
19 11414528 1.5081
19 11434229 2
19 11434238 0.519383552604641
19 11464884 2
19 11487668 1.2191
19 11536010 2.1038
19 11537611 1.542
19 11544692 2.4954
19 11546999 2.4521
19 11574355 0.0873
19 11577385 0.8881
19 11582992 2
19 11593896 2
19 11603457 2
19 11605889 1.232
19 11621271 0.0897
19 11640524 5e-04
19 11640578 0
19 11652428 2
19 11662174 2
19 11671585 2
19 11689696 2
19 11711497 2
19 11768817 2
19 11769963 2
19 11771971 2
19 11772340 2
19 11774450 2
19 11774962 2
19 11775578 0.7375
19 11778074 2
19 11804370 2
19 11827302 2
19 11828309 2
19 11829455 2
19 11843747 2
19 11845809 2
19 11853393 2
19 11855611 2
19 11886795 2
19 11896203 2
19 11897245 2
19 11897744 0.0078
19 11935331 1.4722
19 11947721 2
19 11967560 1.5233
19 11968463 1.5233
19 11969909 1.5233
19 11975443 1.7757
19 11984973 1.7757
19 11985257 1.7757
19 12017206 1.7896
19 12031311 5e-04
19 12058348 1.5507
19 12064051 1.0705
19 12084158 0.0053
19 12145549 1.0688
19 12171816 2.3748
19 12244691 0.4721
19 12252443 0.45
19 12263730 0.8445
19 12267333 0.8445
19 12286645 0.3697
19 12288673 0.8445
19 12291297 0.3697
19 12342973 1.71802377067636
19 12343001 0.367053679252714
19 12381044 2
19 12389933 1.3145
19 12393701 0.588998646066587
19 12409809 2
19 12410178 2
19 12415923 2
19 12420524 2
19 12422586 2
19 12423875 2
19 12426211 2
19 12426624 2
19 12433839 2
19 12437823 2
19 12441132 0.4337
19 12441995 0.4476
19 12445606 0.685434392958534
19 12446223 2
19 12447370 2
19 12448064 0.4337
19 12449149 0.4337
19 12455082 0.4337
19 12457530 2
19 12466909 0.3015
19 12467051 0.4337
19 12469662 0.4145
19 12470081 2
19 12474847 0.4337
19 12483392 2
19 12489476 0.1939
19 12504400 2
19 12504875 2
19 12506989 2
19 12529605 0.198
19 12541040 0.135704027812199
19 12549061 2
19 12554162 2
19 12571167 2
19 12573918 2
19 12584117 5e-04
19 12589369 2.3278
19 12591285 2
19 12597090 2
19 12598650 3.1163
19 12602081 0.2274
19 12626178 2.3278
19 12629822 0.3999
19 12652618 2
19 12678794 5e-04
19 12707634 0.3999
19 12764383 0.615890113346446
19 12787880 2.1804
19 12802542 2.0202
19 12809053 2.0202
19 12828093 2
19 12852847 2
19 12904716 2
19 12961018 2
19 12964351 2
19 12973956 1.5935
19 12979602 2
19 12982413 2
19 12984381 0.0921
19 12987245 2
19 12989511 0
19 12999619 2
19 13002134 1.2856
19 13004495 2
19 13013649 2
19 13046466 2
19 13060771 2
19 13082386 5e-04
19 13088221 2.4916
19 13124073 1.4414
19 13128326 2
19 13131211 1.1159
19 13144061 2
19 13144722 2
19 13163712 0.7162
19 13172861 0.225601452470452
19 13174694 0.7644
19 13175179 1e-04
19 13176870 2.0562
19 13185110 0.4972
19 13209188 0.542529099720706
19 13214048 0.287004519263763
19 13219963 1.09977199886104
19 13243549 2
19 13259139 2
19 13268028 0.8663
19 13305536 0.0322257265568336
19 13307002 0.656137354819386
19 13310119 0.7956
19 13312171 0.924624666786244
19 13313428 1.99136184054265
19 13316853 1.37692039501915
19 13320452 2
19 13321979 1.2851
19 13344793 1.7947
19 13346740 0.113847878081658
19 13347230 5e-04
19 13356174 1.23804011046195
19 13373389 2
19 13385557 2
19 13394397 5e-04
19 13394953 1.3632
19 13409537 0.9504
19 13423422 0.055
19 13452367 2
19 13454312 2
19 13459525 2
19 13464730 0.8398
19 13475236 0.0444
19 13490024 2
19 13493600 0.153291875859647
19 13504492 1.29986679083373
19 13506809 2
19 13510132 2
19 13511747 2
19 13516375 0.656
19 13516741 2
19 13521466 1.2369
19 13539749 1.1821
19 13540436 1.0195
19 13547302 2
19 13560947 2
19 13563982 2
19 13591596 0.0043
19 13599395 2
19 13599566 1.46381393393523
19 13602179 1.6106
19 13612650 0.0681
19 13617819 1.60337454071738
19 13686234 2.9923
19 13702538 2.9923
19 13704730 1.83700864245546
19 13733459 2
19 13735507 2.29209607186228
19 13754462 2
19 13755322 2
19 13756888 2
19 13769368 0.6616
19 13784284 1.2866
19 13804331 0.6834
19 13821946 0.4691
19 13866137 2
19 13900409 0.9539
19 13903688 0.8806
19 13925935 1e-04
19 13936743 0.9849
19 14017916 2
19 14021219 5e-04
19 14028192 2
19 14032204 2
19 14062084 2.27868038861519
19 14067101 0.350498773440436
19 14084671 0.511904834992257
19 14130393 1.1824
19 14146031 1.232
19 14193154 0.9507
19 14198175 0.9507
19 14203826 0.601
19 14216156 0.690143844399587
19 14230524 0.486623112489304
19 14231866 2
19 14257041 1.3484
19 14257911 0.2848
19 14260522 1.11316089901495
19 14270232 0.525187103192141
19 14270359 0.893988017218876
19 14271345 1.20180669705596
19 14290782 0
19 14295274 0.600090959725714
19 14299982 0.782714492351913
19 14301085 0.0587
19 14310702 0.0587
19 14311700 2
19 14314106 0.727664926291607
19 14320898 2
19 14322473 0.1168
19 14322815 0.694459732546986
19 14327452 2
19 14334535 0.3467
19 14355344 0.0807
19 14357136 0.9495
19 14365928 1.2709
19 14372464 0.1768
19 14379600 0.676272305830672
19 14389266 5e-04
19 14415760 5e-04
19 14417596 1.3903
19 14426767 2.0737
19 14462842 0.935745542371725
19 14490312 0.4926
19 14497196 0.6252
19 14497382 1.6039
19 14505559 0.8053
19 14505916 2
19 14507008 0.3771
19 14508330 1.5588
19 14512202 0.8053
19 14513367 1.15539135632483
19 14522695 0.0078
19 14533407 0.283343641986876
19 14534164 0.603797363428084
19 14540063 0.834124432355966
19 14543437 7e-04
19 14565360 1.11724462466177
19 14582711 1.2388
19 14582852 0.9762
19 14590281 0.0329
19 14591751 1.1874
19 14613482 2.8021
19 14617322 2.44117270022758
19 14625899 2
19 14627900 2
19 14630012 2
19 14630253 2
19 14632191 2
19 14634572 2
19 14641837 2
19 14644787 0.7973
19 14657743 0
19 14661077 2
19 14661813 2
19 14708498 1.15963868607702
19 14732480 0.618448255321885
19 14735880 1.14156671219081
19 14750070 5e-04
19 14751876 0.7758
19 14766231 0.478
19 14768222 0.23790504207521
19 14782020 2
19 14783040 2
19 14784112 2
19 14797141 2
19 14802560 0.8829
19 14810379 0.0255
19 14810881 2
19 14825425 0.2336
19 14835136 1.6751
19 14837744 2.58080869672467
19 14839616 2
19 14856165 0.134
19 14859358 0.1718
19 14859629 0.339368910840196
19 14883302 0.9071
19 14903402 1.15333825902468
19 14909774 0.2392
19 14914456 2
19 14914903 0.2678
19 14920169 2
19 14921997 0.3343
19 14923280 2
19 14930709 1.60314852456122
19 14933574 2
19 14936943 2
19 14946047 2.9949
19 14949321 2
19 14953385 1.5137
19 14963971 0.2192
19 14968114 2
19 14975750 3.6006
19 14977646 2
19 14977669 0.3406
19 14986101 3.1203
19 14987468 0.455469868932112
19 14989002 0.1689
19 14989265 0.2083
19 14989765 6e-04
19 14990859 1.3793
19 14991795 2.4812
19 14991919 0.6724
19 14993982 2
19 14995550 1.0973
19 15000099 2
19 15001366 2
19 15001529 2
19 15006268 0.5381
19 15009975 0.2969
19 15012555 3.1242
19 15015330 0.3161
19 15020368 2
19 15022950 0.4199
19 15027973 0.4199
19 15031569 0.932
19 15043806 0.1402
19 15044150 2
19 15047997 2
19 15048331 2
19 15050795 1.2075
19 15056221 2
19 15060320 1.0885
19 15066315 0.0502
19 15069538 1.1401
19 15070314 1.1401
19 15074027 1.1469
19 15074719 1.1469
19 15083595 1.94633212741717
19 15086926 2
19 15093908 0.1911
19 15102772 2
19 15115800 0.1055
19 15137480 0.494476990796332
19 15137738 1.6345
19 15145908 0.736192372420294
19 15150327 0.41606043446595
19 15160960 0.1708
19 15163390 0.0681
19 15169954 0.0745
19 15173067 3.1198
19 15177150 1.53327418454198
19 15193779 0.221755309919847
19 15206949 0.693269132070997
19 15238018 3.1166
19 15249379 0.1027
19 15266349 2
19 15313314 0.270697333541259
19 15362861 0.82235527307329
19 15367514 0.92026457908868
19 15370663 0.049413302791761
19 15383118 2
19 15383755 2.00773663613381
19 15389658 0.665467750473331
19 15394268 1.9944
19 15394959 1.27019124800317
19 15417838 0.0342439424152847
19 15425815 0.0136254879229441
19 15438444 1.52701349652175
19 15460833 2
19 15486586 0.3401
19 15503402 6e-04
19 15511208 0.2956
19 15513365 0.0262
19 15514469 0.2956
19 15515875 2
19 15516397 0.4102
19 15519407 0.2624
19 15524680 0.2544
19 15544798 0.5388
19 15545104 0.978131042909283
19 15558471 1.8994
19 15566109 1.1556
19 15568767 2
19 15570156 2
19 15572417 2
19 15572578 0.6142
19 15573073 2
19 15573087 2
19 15573101 2
19 15576822 2.6443
19 15580658 0.0643105805658015
19 15583283 0.244
19 15585384 0.6168
19 15592948 2.48058302943144
19 15593052 0.0078
19 15600038 2
19 15600279 1.3439
19 15603744 1.3251
19 15604068 2
19 15605423 1.1427
19 15608706 1.1427
19 15612788 0.761
19 15616631 0.865996483980685
19 15620515 2
19 15621260 2
19 15624316 2
19 15628274 1.28854302313216
19 15630575 1.42434795933768
19 15633838 0.793632468121072
19 15634856 0.00475052713395657
19 15639157 0.278549627738867
19 15642873 2
19 15649403 1.0548
19 15650071 1.0548
19 15656241 0.986444842910436
19 15658719 2
19 15659890 2
19 15660922 0.507311893552972
19 15663646 1.0943
19 15665809 2
19 15667954 0.596739594884469
19 15669490 0.563562939066414
19 15670390 0.1744
19 15671501 2
19 15673342 0.5337
19 15674561 0.453902406689684
19 15675103 2.18253377365521
19 15675218 1.6341582200573
19 15687053 0.50375473218712
19 15687105 1.44449317149893
19 15688313 0.243160184002389
19 15695377 0.5526
19 15700216 0.368170224234042
19 15700311 2.40420676383419
19 15702025 0.942002255504566
19 15703253 1.6188
19 15712471 0.121939568536194
19 15714809 0.6698
19 15719658 1.2806
19 15719773 0.221301474167353
19 15720059 0.5241
19 15727880 0.1986
19 15732156 1.88802602863262
19 15736682 2.23821123248873
19 15744418 0.7334
19 15752477 1.3228
19 15759436 1.3228
19 15761287 1.46632185381206
19 15763800 0.6835
19 15775132 0.6595
19 15776914 1.13893194543599
19 15779815 0.429344043932753
19 15794851 0.490374210905495
19 15798168 1.4296
19 15799053 1.4296
19 15799847 0.0460169248628164
19 15800186 0.140871612769909
19 15805066 0.55612986740648
19 15805432 0.15855018509641
19 15805667 0.229852360955137
19 15807570 0.0607232716327873
19 15816645 0.978005489972261
19 15824020 0.2144
19 15824441 0.2144
19 15826788 0.8029
19 15828838 0.8029
19 15830356 0.8029
19 15830441 1.3791
19 15839376 2.7094
19 15842433 0.4083
19 15854448 0.602449764692801
19 15854905 0.0797061969260882
19 15855104 0.5021
19 15863894 0.6489
19 15866361 1.4296
19 15869614 0.20085327024025
19 15869682 1.67039643448687
19 15869719 1.0592
19 15870712 1.6662
19 15871159 1.73905883826966
19 15872616 1.74455868251943
19 15885672 0.936156518864696
19 15906807 1.03866070963219
19 15911999 2.4476
19 15920378 1.19248215215922
19 15933885 0.1179
19 15934939 0.4338
19 15935840 0.4338
19 15946867 0.4338
19 15947561 1.0534
19 15947830 2
19 15955283 0.4338
19 15956979 0.4338
19 15959057 1.0534
19 15967662 2
19 15968201 2
19 15970800 2
19 15974151 2
19 15976888 0.670273677317685
19 15977090 2
19 16002805 1.5556
19 16016011 0.0431
19 16026276 2.06981313482384
19 16029049 1.31325063600544
19 16030528 1.0331
19 16030660 2.10345499109326
19 16031354 0.0423239819237168
19 16032275 0.452824647138968
19 16033361 0.119817348984007
19 16034107 1.9814
19 16040413 0.197416282091799
19 16047820 0.611928862326954
19 16057153 0.369095482905437
19 16058155 0.0803323501871026
19 16058463 0.0076
19 16062608 0.43119320820161
19 16063531 6e-04
19 16063535 6e-04
19 16063737 0.898476837601455
19 16073963 0.579091345653754
19 16074007 0.604355918905985
19 16090326 0.671307509333771
19 16091114 0.312446985723615
19 16110469 0.963202348536432
19 16114716 0.1904503016306
19 16126733 0.0258
19 16150871 0.1726
19 16165892 0.1654
19 16169957 0.2177
19 16176634 0.1583
19 16177907 0.180440920580838
19 16222211 0.946925810700481
19 16225088 0.1654
19 16225432 0.1654
19 16227755 2
19 16228258 0.2266
19 16242827 0.2266
19 16252980 0.1873
19 16257213 0.1873
19 16265962 0.0716
19 16267401 5e-04
19 16284785 1.29876083384452
19 16293849 1.09943309721882
19 16294306 0.57601394378653
19 16296965 2
19 16299386 0.120537055085484
19 16300196 0.0076
19 16302031 0.0234372575885608
19 16303114 0.6969
19 16303248 0.9314
19 16306627 0.7332
19 16307807 1.945
19 16308707 0.474390023275267
19 16312134 2
19 16316060 0.2126
19 16318386 0.7048
19 16327850 0.0788914291339811
19 16329727 2
19 16343917 0.6558
19 16345449 1.35709202239157
19 16385981 0.316
19 16393048 0.8567
19 16450099 0.994604611755343
19 16455312 2.9921
19 16462375 2.0005
19 16464811 2
19 16477078 0.4397
19 16478939 0.4397
19 16482129 0.4397
19 16487622 0.4397
19 16547110 0.2933
19 16555046 0.2933
19 16640429 1.2203
19 16645371 1.5778
19 16662781 2
19 16674201 1.4904
19 16727776 1.4243
19 16733192 2
19 16753876 2
19 16840010 2
19 16844592 2
19 16858588 2
19 16870716 0.0078
19 16872442 2
19 16886878 2
19 16889086 2
19 16889821 2
19 16901049 0.6269
19 16915827 3.422
19 16916130 0.781
19 16918418 3.4222
19 16939260 0.4532
19 16944909 1.19348649776917
19 16946688 0.827307549015446
19 16955251 1.41192304741584
19 16965619 0.0222456541067706
19 16967816 2
19 16972901 0.666581831769886
19 16980331 0.757249928221486
19 16994385 0.550573331033348
19 17002111 0.5938
19 17008750 0
19 17009124 2
19 17013562 0.9784
19 17013983 0.0263
19 17017357 0.781
19 17038052 0.0078
19 17043385 2
19 17061707 2
19 17062124 0.825405784075236
19 17062608 2
19 17075317 0.49350168395879
19 17091870 1.3939
19 17094431 2
19 17099045 1.33792435589706
19 17103263 1.22081420623384
19 17104392 0.637272920353875
19 17107741 0.258052818880661
19 17116737 2.6381
19 17119477 0.309839195287231
19 17123661 2
19 17126656 2
19 17132278 2
19 17147856 2.8863
19 17179050 1.0401
19 17179449 0.0072
19 17185204 0.108027769561567
19 17189720 1.13894275060501
19 17197296 0.233673536766454
19 17197395 0.0964692963298161
19 17199583 2
19 17211991 1.8187
19 17224245 0.9008
19 17231475 1.2808
19 17239648 0.0165
19 17249422 0.340700562937117
19 17249446 0.237870464821403
19 17250717 0.0761171028536185
19 17256005 2
19 17266749 2
19 17274868 2.59140234535334
19 17275197 2
19 17278895 2
19 17282721 2
19 17286674 2
19 17288344 0.702193892257766
19 17293263 2
19 17303968 2
19 17309145 2.4034
19 17314138 2
19 17315151 5e-04
19 17316977 2
19 17320166 0.233420066780517
19 17337851 2
19 17340289 0.759365076905668
19 17344645 0.0703408115105797
19 17349088 0.0864
19 17349093 2
19 17352857 0.0052
19 17362612 1.44394489099852
19 17372912 2
19 17376811 0.3227
19 17378428 2
19 17380663 1.1471
19 17392474 0.3117
19 17394439 0.3871
19 17395675 0.3117
19 17402340 0.3227
19 17407209 2
19 17411798 2
19 17414220 2
19 17414505 2
19 17415112 2
19 17415200 2
19 17415313 2.0957
19 17421740 0.2614
19 17423884 0.3379
19 17434004 5e-04
19 17443979 0.0046
19 17460329 2
19 17463801 0.1242
19 17464196 1.0312
19 17471555 2
19 17477583 2
19 17488435 1.0029821765077
19 17489497 0.531594923040978
19 17501442 1.52611757306564
19 17507567 2
19 17518358 2
19 17530582 0.5089
19 17538982 0.46100149096593
19 17543372 2
19 17551807 1.4676
19 17554436 0.463
19 17558480 1.98220541217254
19 17564066 1.59093831228188
19 17570945 1.4676
19 17571333 0.1037
19 17573887 0.7116
19 17589026 0.289293257706101
19 17590202 2
19 17595601 2
19 17595711 0.1027
19 17596081 2
19 17596606 1.7018
19 17603219 2
19 17620907 1.4315
19 17626316 1.1396
19 17631660 2
19 17646913 2
19 17651517 2
19 17658513 1.2374
19 17659361 0.0436
19 17660535 0.1654
19 17665681 0.8612
19 17666130 1.62030758662194
19 17666136 2
19 17666994 2
19 17672011 2
19 17679089 0.133313087169162
19 17680540 0.8458
19 17683430 0.366
19 17685868 0.6543
19 17699705 2
19 17704957 0.8354
19 17708391 1e-04
19 17716448 2
19 17736231 2
19 17743206 2
19 17743714 2
19 17747551 2
19 17750857 0.9295
19 17752736 1.13891552411945
19 17755538 0.191162546766787
19 17760115 2
19 17763094 0
19 17769572 1.56374647152565
19 17782679 0.2967
19 17785562 1.5755
19 17791270 0.2915
19 17791778 0.682246764768561
19 17793265 5e-04
19 17793450 2
19 17798684 1.3833
19 17801057 2
19 17805225 0.1314
19 17809620 2
19 17814379 0.2721
19 17820541 1.6371
19 17820552 0.8643
19 17828590 2
19 17828999 1.0596
19 17840943 1.4787
19 17854688 1.0158
19 17864821 0.372
19 17875158 1.37567978801138
19 17876659 0.654682214073554
19 17878672 0.8065
19 17895351 0.5332
19 17904877 2
19 17913797 2
19 17928331 0.596
19 17936825 2
19 17939483 2
19 17942555 1.1861
19 17961929 2
19 17964333 2
19 17970331 5e-04
19 17972810 2
19 17991980 2.1602
19 17996826 2
19 17997104 2
19 18002620 0.1936
19 18005417 2
19 18011959 1.0420795924239
19 18012808 1.74010412818002
19 18024929 2
19 18030535 0.6617
19 18031265 2
19 18045899 5e-04
19 18055642 2
19 18060585 1.2897
19 18065276 2
19 18070054 2
19 18074615 2
19 18075557 2
19 18078584 1.2897
19 18105536 0.794787822644126
19 18106337 0.164385869614443
19 18107018 2.31117819072628
19 18107095 0.142704739597198
19 18115779 0.0190778155848984
19 18115796 2
19 18117521 0.3396
19 18127225 0.332299484936996
19 18129488 2
19 18131624 0.2144
19 18139356 0.3454
19 18152161 2.3014
19 18165166 1.23143935696501
19 18178218 2
19 18191429 0.699978349275084
19 18203002 2.12561536296807
19 18222995 1.32986380486088
19 18246173 0.2784
19 18253036 0.911409274581513
19 18258000 0.4657
19 18263709 0.4898
19 18269262 0.8225
19 18273312 0.8606
19 18277201 0.9146
19 18280361 0.9146
19 18282222 1.4871
19 18287220 0.9163
19 18287818 0.9163
19 18294806 0.815
19 18295660 0.815
19 18302366 1.1729
19 18304837 1.1729
19 18310880 1.1738
19 18311821 1.1729
19 18312828 1.2774
19 18327135 0.406
19 18330419 0.4936
19 18346216 0.7943
19 18352010 0.2571
19 18353107 0.0282
19 18361233 2
19 18369361 1.40958237023096
19 18370523 0.8709
19 18391491 0.4368171747719
19 18391527 0.31145516529181
19 18410055 0.756858304348083
19 18416447 0.455313972342086
19 18467063 0.49288701405581
19 18468087 0.410908258956397
19 18505589 0.111715383495366
19 18512154 0.390362228134958
19 18517395 0.407930344881049
19 18522945 0.566411598968691
19 18525165 0.1289
19 18526004 0.71113385771004
19 18551328 1.21820961117088
19 18568569 0.4345
19 18571532 0.4345
19 18580553 0.4345
19 18585710 0.429704360409158
19 18605396 2
19 18624018 0.0416
19 18632883 2.4476
19 18677398 0.548459124119035
19 18693485 0.133
19 18701156 2
19 18733366 2
19 18774028 2
19 18806543 1.62812659988935
19 18808331 0.882761909980849
19 18815127 0.522479936547489
19 18877890 0.0637
19 18882694 0.0944
19 18886377 2
19 18892042 2
19 18902764 0.0078
19 18918204 2
19 18934876 2
19 18938389 2
19 18941426 0.608962333666874
19 18943911 0.8993
19 18973432 1.6509
19 18974281 0.1475
19 18999613 1.7104
19 19028187 0.0637
19 19035768 0.1475
19 19085384 0.920773640833529
19 19104803 1.60801532919406
19 19118252 0.1298
19 19126164 2
19 19127316 0.380277771640705
19 19131463 1.2808
19 19140646 1.3428
19 19149974 2
19 19149999 1.1823
19 19154769 2
19 19168600 2
19 19177929 2
19 19183428 2
19 19190487 1.6904
19 19205095 1.6789
19 19237502 0.551722872150105
19 19247398 0.552747139136968
19 19261914 2
19 19264563 0.658713983876531
19 19269787 1.98972921160256
19 19276547 0.158508673602204
19 19280593 2
19 19283559 1.7066
19 19283831 1.02745553506577
19 19287196 2
19 19294596 2
19 19302283 0.0507349478315621
19 19372102 0.929891131676623
19 19430338 2
19 19475482 0.9005
19 19482934 5e-04
19 19494539 2
19 19497728 2
19 19526628 0.526830316692611
19 19561458 2
19 19575291 0.926149220984517
19 19576231 1.35491348724647
19 19600816 0.371883110092032
19 19681441 0.0289683987143341
19 19691761 0.5749
19 19692560 0.5728
19 19693160 0.5728
19 19711240 2
19 19713380 1.381
19 19713467 2
19 19717139 0.5257
19 19729319 1.12663629168895
19 19745130 0.4091
19 19747954 2
19 19749686 0.7154
19 19760067 2
19 19763745 2
19 19780878 0.1637
19 19785306 0.2617
19 19793460 0.2703
19 19803286 1.2116
19 19812540 0.2617
19 19813644 0.0291
19 19820231 1.543
19 19865549 0.9657
19 19868850 0.0078
19 19949402 2.1122
19 19971824 0.2851
19 19975314 0.2495
19 20017649 2
19 20019429 2
19 20021482 0.1138
19 20022459 0.1138
19 20022665 0.1138
19 20033140 0.1073
19 20035007 0.0015
19 20035734 0.0015
19 20040448 0.1138
19 20041266 2
19 20042578 0.1138
19 20057989 0.329781228909224
19 20062760 0.910506222702413
19 20064531 2
19 20068983 2
19 20096226 0.0256
19 20102422 0.6781
19 20103719 0.6284
19 20109016 0.6956
19 20111865 0.0264
19 20118677 1.2554
19 20121368 0.0264
19 20126802 1.2554
19 20128153 5e-04
19 20131665 0.0264
19 20151182 1.0204
19 20175604 1.0494
19 20179542 5e-04
19 20184743 0.8095
19 20189650 1.0494
19 20199325 1.0494
19 20206263 1.2121
19 20231882 2
19 20234317 1.2121
19 20240977 1.176
19 20243221 1.1419
19 20244528 1.8887
19 20274980 0.0688
19 20275826 1.2121
19 20276723 1.2121
19 20292138 1.0788
19 20320044 1.1095
19 20327085 5e-04
19 20334394 1.0494
19 20346124 0.8834
19 20351563 0.8834
19 20351786 0.8834
19 20354133 0.8591
19 20355343 0.8591
19 20361264 0.223829066420562
19 20362452 0.7587
19 20365277 0.5952
19 20386591 0.196753444666828
19 20390098 0.75
19 20396431 0.0274
19 20396523 1.2374
19 20408126 0.3279
19 20408237 0.3259
19 20411061 0.3279
19 20411869 0.3279
19 20414980 0.0421
19 20419625 0.6313
19 20428912 0.6222
19 20432140 3.2135
19 20437554 2
19 20438790 2
19 20442367 2.4648
19 20442725 0.222151692373731
19 20449511 0.326370190820873
19 20474387 0.549240366658737
19 20475466 2
19 20478218 2
19 20481885 2
19 20484277 2
19 20485235 0.7201
19 20486302 0.1491
19 20488492 0.316342255312376
19 20489064 0.7802
19 20500456 0.946925577095591
19 20506119 0.7201
19 20507474 0.7201
19 20509180 1.44874285782714
19 20509182 2
19 20520609 0.252805813808324
19 20524032 0.0163733871685317
19 20530391 0.1389
19 20531456 0.7201
19 20536769 0.6799
19 20537854 1.5246
19 20547743 1.5246
19 20547969 2
19 20548129 2
19 20548751 2
19 20548985 2
19 20550181 2
19 20554312 0.6237
19 20561507 2
19 20567382 2
19 20568848 2
19 20569813 2
19 20570719 2
19 20570891 2
19 20572825 2
19 20574042 2
19 20574677 0.6311
19 20574899 2
19 20575673 1.7977
19 20575935 2
19 20575976 2
19 20576147 2
19 20576338 2
19 20577116 2
19 20577181 2
19 20581348 2
19 20581707 2
19 20582125 2
19 20585928 2
19 20589505 2
19 20597178 2
19 20599717 0.1963
19 20606241 0.5988
19 20613946 2.999
19 20618336 2
19 20620554 2
19 20621662 2
19 20625962 0.2234
19 20627999 2
19 20630412 0.155005967755358
19 20630421 0.9486
19 20633041 2
19 20633107 2
19 20635306 2
19 20640345 2
19 20649935 2
19 20650106 0.9745
19 20651156 2
19 20651908 1.08839511813183
19 20658630 2
19 20664830 1.4946
19 20666943 0.0078
19 20684771 1.9629
19 20688899 2
19 20692300 0.2861
19 20708730 0.0386
19 20727645 2
19 20727930 2
19 20732646 0.985959000762534
19 20734200 2
19 20735613 1.13904116797981
19 20742450 1.1289
19 20742821 0.9407
19 20745285 1.0596
19 20746270 1.0596
19 20748493 1.1289
19 20771906 1.1289
19 20773022 1.1289
19 20774868 0.899807115807968
19 20774959 0.438132008192727
19 20775204 2
19 20776746 2
19 20783029 1.3392
19 20790101 1.3392
19 20798826 1.0401
19 20800648 0.384075571806738
19 20803746 1.3392
19 20807999 1.3392
19 20808163 1.3392
19 20808993 2.38413199812071
19 20809810 0.0727226776639077
19 20813098 1.8039
19 20813343 0.0073
19 20813360 1.2397
19 20814877 1.3392
19 20819477 1.842
19 20821809 0.377934205244394
19 20821826 1.3392
19 20822659 1.3392
19 20823699 0.2641
19 20823841 0.14208094505399
19 20824227 1.3392
19 20829644 2
19 20835362 1.0401
19 20839319 1.24133267606154
19 20839810 1.3392
19 20840401 1.3392
19 20842676 1.3392
19 20844760 1.5027548873659
19 20851452 1.3392
19 20854606 1.3392
19 20857362 1.3392
19 20863248 0.8508
19 20863930 0.8508
19 20864439 0.344262682668808
19 20865925 0.8508
19 20866270 0.8508
19 20868031 0.8508
19 20869426 0.641152963242352
19 20871421 0.8508
19 20871691 0.8508
19 20883471 2
19 20901194 1.1625
19 20909865 1.1625
19 20925077 1.2017
19 20930357 1.2017
19 20930563 0.497484336015596
19 20938884 0.7152
19 20944530 0.448428531083552
19 20945486 0.47197314782036
19 20945631 1.2017
19 20946043 1.4550594180365
19 20946994 1.2017
19 20950572 1.2017
19 20952007 1.70930851136935
19 20952951 0.936883316029568
19 20953990 1.2017
19 20955653 1.2017
19 20958607 1.2017
19 20959826 1.2017
19 20962568 1.2017
19 20963669 0.873
19 20966673 2
19 20978358 0.4563
19 20984486 0.767138831164918
19 20997711 0.1174
19 21014586 1.4815
19 21017889 0.0461
19 21020746 0.0273
19 21031032 2.2708
19 21035357 0.0461
19 21039224 2.7094
19 21043336 0.0461
19 21049130 2.1122
19 21075109 1.65173022398819
19 21082391 0.1174
19 21083042 0.0578
19 21104547 1.38666927075583
19 21107641 0.1174
19 21110941 0.9708
19 21130729 0.0697
19 21131382 0.2583
19 21147306 0.1316
19 21158729 0.1316
19 21172256 1.6571
19 21188198 0.9695
19 21188315 0.889753701064079
19 21200784 0.8979
19 21201189 0.9397
19 21210722 2
19 21211375 0.9442
19 21211945 0.1722
19 21211982 0.894919376447266
19 21216919 0.1722
19 21220587 2
19 21236411 0.5181
19 21244592 0.1722
19 21251370 0.5181
19 21270296 0.5432
19 21274052 0.164017823397859
19 21277544 0.5432
19 21281520 0.4492
19 21297283 4e-04
19 21310453 0.9168
19 21317388 2
19 21322225 1.3165019591912
19 21322641 0.9168
19 21325816 0.0162
19 21328185 0.469710654028662
19 21333160 0.0795816669556993
19 21337183 0.9751
19 21340723 0.9168
19 21345832 2.69364903342757
19 21347239 0.9168
19 21349780 0.559014703036042
19 21352941 0.9168
19 21357280 0.330433508286497
19 21358819 1.33746523558688
19 21359410 1.28801992893825
19 21359842 0.891099544664987
19 21361001 0.896658493077653
19 21361261 0.136113564202982
19 21362094 1.39416970125577
19 21388816 0.669143946609988
19 21396736 1.32786346101085
19 21420655 0.156384609571985
19 21425517 0.4077
19 21433228 0.696909164360587
19 21447089 0.0975825038026904
19 21468580 0.1748
19 21473484 2
19 21484363 0.5933
19 21486751 0.1893
19 21491080 0.7057
19 21495996 0.1893
19 21496220 0.7057
19 21511366 0.478801137752773
19 21517598 0.543938240767755
19 21523178 0.7057
19 21524314 0.7057
19 21528400 0.1893
19 21531093 0.7057
19 21535867 0.7057
19 21536020 0.194185391195548
19 21539425 0.7057
19 21550930 0
19 21551408 0
19 21553549 1.25634004738419
19 21557214 5e-04
19 21595239 1.55348644780298
19 21597153 0.444294850606615
19 21601584 5e-04
19 21608642 3.2215
19 21611840 0.42386608690018
19 21618115 1.28604146364361
19 21618648 1.1618
19 21627483 0.560014445134364
19 21630616 0.1111
19 21632547 0.0247
19 21634489 0.0247
19 21636143 0.0247
19 21638056 1.33391071068631
19 21638664 0.0247
19 21638877 0.138258836752622
19 21641904 1.11501318128866
19 21642497 0.96403583197377
19 21645294 1.24183359936193
19 21645486 0.248042036711399
19 21645657 0.700037618357156
19 21646653 0.46323013736002
19 21648143 0.18566310129911
19 21648888 0.0205497646384141
19 21649718 0.216606802233316
19 21649793 0.951482134105548
19 21650939 0.793437614366042
19 21656028 0.431977819061551
19 21656312 0.721657243454083
19 21656660 0.688822884910599
19 21658994 0.186319422138157
19 21660544 0.157122006057022
19 21660699 0.346934541084239
19 21660767 0.519936324496553
19 21660978 0.461890238749551
19 21661281 0.656084954920043
19 21665896 2.14053344780307
19 21671213 1.24369692815737
19 21677401 0.593228432369112
19 21684695 2
19 21685066 2
19 21701468 1.0644
19 21717299 2
19 21732108 1.271
19 21733328 0.0078
19 21738907 2
19 21740629 1.5647
19 21741387 0.431485724227601
19 21741643 2
19 21752774 1.5556
19 21755325 2
19 21756343 1.5647
19 21760075 0.623318988163141
19 21762219 2
19 21775791 0.8154
19 21781455 1.27565719607854
19 21801163 2
19 21812336 2
19 21828986 3.1146
19 21833369 1.2174
19 21834690 0.7246
19 21836642 0.515132951053899
19 21836912 0.129459094567459
19 21861838 2
19 21865430 2
19 21867888 2
19 21870127 2
19 21872294 1.67637497229525
19 21879549 2.0678
19 21881571 2
19 21883903 0.9493
19 21884872 0.9493
19 21914536 2
19 21918671 2
19 21919335 0.833322646452171
19 21920673 0.967378755601665
19 21921987 0.714949641446677
19 21926158 0.632011518618816
19 21934956 0.915937332929178
19 21938656 2
19 21955473 2
19 21956543 2
19 21959459 2
19 21962925 2
19 21964648 2
19 21969277 2
19 21977736 2
19 21991583 2.5345
19 21999251 2
19 22019981 2
19 22029703 2
19 22037673 2
19 22048510 2
19 22049801 1.66009630392555
19 22053820 1.4057
19 22062943 2
19 22067107 2
19 22097258 2
19 22107811 0.12348043228497
19 22128721 2
19 22141989 2.4916
19 22143198 0.538284972652716
19 22143637 0.5803
19 22147087 0.645955845652966
19 22156203 0.5803
19 22156824 0.393529846364963
19 22207282 0.0555712636250524
19 22210799 0.5803
19 22220491 1.10159775910215
19 22244317 0.0053
19 22252009 0.9134
19 22261850 2
19 22327616 1.7634
19 22331928 0.353800195538589
19 22338585 1.2154
19 22338592 1.2154
19 22347640 0.132688384767478
19 22352704 1.29947501269183
19 22361363 0.5288
19 22372147 0.802102543874756
19 22372903 2.8216
19 22378705 0.987632065102339
19 22382246 1.73139348416891
19 22384645 0.990652687820396
19 22385538 2.29217474107928
19 22386816 0.481335398304363
19 22390449 2.33069547056445
19 22410421 1.25469681648438
19 22441238 0.9478
19 22452746 0.5851
19 22480190 2
19 22483680 0.142
19 22484133 2
19 22490839 2
19 22493503 1.0169
19 22495811 0.4328
19 22510794 2
19 22513298 2
19 22520591 2
19 22528111 0.792
19 22549832 0.1224
19 22574419 2
19 22614698 1.512
19 22615378 1.5036
19 22642452 2
19 22647083 2
19 22652721 0.1908
19 22657671 2
19 22658054 1.7844
19 22659365 2
19 22659734 1.7844
19 22660072 2
19 22660928 2
19 22661264 2
19 22669180 2
19 22669722 2
19 22675419 2
19 22680225 2
19 22684903 2
19 22685403 2
19 22691364 2
19 22699113 2
19 22700813 2
19 22701754 2
19 22711414 2
19 22713640 2
19 22719908 1.7459
19 22722496 2
19 22728314 2
19 22742805 2
19 22748090 2
19 22749265 1.7459
19 22751576 2
19 22759533 2
19 22763583 2
19 22765533 2
19 22779566 2
19 22786883 2
19 22790584 1.7844
19 22798046 2
19 22802091 2
19 22811153 2
19 22817985 2
19 22842098 2
19 22848729 2
19 22854645 2
19 22859728 2
19 22862092 2.978
19 22862387 1e-04
19 22863519 2
19 22864047 2
19 22871748 2
19 22872336 1.84
19 22873927 2
19 22894781 2
19 22920680 0.1249
19 22927880 0.192123857603389
19 22932842 0.156707439084853
19 22934210 0.1383
19 22939178 0.1315
19 22948181 0.1249
19 22949915 0.1249
19 22954648 2
19 22962536 0.1315
19 23065267 0.514278525705835
19 23072868 2.6956
19 23073879 2.6969
19 23085862 2
19 23087106 1.46736115541023
19 23088764 1.56699554563426
19 23094392 0.0484
19 23115136 0.479870630914889
19 23128473 2
19 23142426 2
19 23145630 2
19 23158334 0.773617412816359
19 23161479 0.2635
19 23166429 2
19 23169630 1.03574857256681
19 23170057 0.0578
19 23171207 2
19 23171768 0.2635
19 23176375 2.6969
19 23184202 0.2361
19 23187229 0
19 23193379 2
19 23195927 2
19 23202437 0.367565857954219
19 23210016 0.0054
19 23211917 0.0882
19 23228748 2
19 23231365 2
19 23231924 0.0819
19 23232799 2
19 23238354 0.0819
19 23253740 1.30883940071364
19 23259441 2
19 23270886 2
19 23279541 0.8104
19 23283970 0.8334
19 23294801 2
19 23299175 2.1122
19 23306216 1.6261
19 23321439 2
19 23324038 1.6261
19 23353122 1.6343
19 23365788 2
19 23368440 0.8822
19 23370043 2
19 23372020 0.356713408450827
19 23375321 1.6834
19 23376453 1.6261
19 23382437 0.972764848889437
19 23410028 0.8733
19 23417476 1e-04
19 23427794 1.4645
19 23458781 1.4584
19 23465225 1.4593
19 23466550 2
19 23467379 0.0078
19 23476607 0.8038
19 23483973 1.11031822104792
19 23516221 0.5331
19 23522974 0.1958
19 23526518 0.5081
19 23528913 0.7138
19 23534202 0.7138
19 23551882 2.07701882709895
19 23553172 0.1013
19 23553889 2
19 23565290 0.1227
19 23571219 0.1227
19 23571639 0.1227
19 23572044 0.1227
19 23577518 0.7053
19 23579638 0.793373175760425
19 23579699 0.7165
19 23579730 0.8648
19 23585124 0.5958
19 23587437 0.5958
19 23591600 2.22253445713269
19 23595689 0
19 23599234 2.8716
19 23613954 2
19 23630589 5e-04
19 23643197 0.8755
19 23658875 0
19 23665206 1.3895
19 23676996 1.3895
19 23678372 0
19 23679712 0
19 23679714 0
19 23682851 0.8755
19 23691176 0.8755
19 23691843 0.2964
19 23703868 0.7792
19 23713993 0.3183
19 23715653 1.3895
19 23735394 0
19 23735870 0.125
19 23736505 0.7792
19 23746079 0.7792
19 23752518 5e-04
19 23759600 0
19 23761910 2
19 23769912 0
19 23789220 5e-04
19 23827864 0
19 23830229 1.232
19 23830794 0
19 23833391 0.3548
19 23834835 0
19 23845142 5e-04
19 23851882 0
19 23852345 5e-04
19 23852670 0
19 23864020 0
19 23864700 0.5608
19 23877153 0.2435
19 23878895 0.2536
19 23883615 1.2381
19 23884108 1.2527
19 23887131 1.2527
19 23889008 1.2527
19 23915199 0.7163
19 23915252 0.8878
19 23920702 1.0612
19 23930882 0.7797
19 23932000 0.7797
19 23950901 1.0612
19 23977527 0.8166
19 23980135 2.989
19 23993531 1.1209
19 23995585 0.9693
19 24001493 1.0612
19 24004201 0.9371
19 24008258 1.1461
19 24009131 2
19 24009862 1.6571
19 24010414 2.989
19 24011575 0.9371
19 24012066 0.0998
19 24013717 0.9371
19 24023588 0.8245
19 24046372 7e-04
19 24055788 0.8245
19 24065562 0.8245
19 24086697 0
19 24108247 0.8815
19 24110025 1.1398
19 24112745 1.1398
19 24117111 1.7628
19 24117919 0.7944
19 24131724 1.89310647559798
19 24133074 1.1398
19 24143548 2
19 24179778 0.1027
19 24189026 1.5047
19 24192055 0.284788194721178
19 24193086 0.1073
19 24193182 2
19 24227698 1.1279
19 24235573 1.5197
19 24236781 0.26577737899012
19 24239137 1.5197
19 24239768 1.1279
19 24244809 1.5197
19 24250045 0.7828
19 24257643 0.7828
19 24271621 1.0564
19 24273177 1.3074
19 24274801 1.0399
19 24278913 1.2408
19 24280845 1.4704
19 24283359 1.0399
19 24317067 0.7828
19 24338015 0
19 24399120 5e-04
19 24407421 1.30330480862838
19 24416377 0.9747
19 24895514 0.0244
19 24898262 5e-04
19 27250412 1.2831
19 27262789 1.0016
19 27264090 1.2831
19 27286834 1.2831
19 27287672 1.5297
19 27291328 1.0016
19 27292959 1.5297
19 27314545 2
19 27318338 0.0107
19 27318912 1.5297
19 27320782 0.971
19 27323209 1.0016
19 27328367 1.0016
19 27333333 0.7857
19 27344287 1.5297
19 27390775 0.0908
19 27401349 1.5297
19 27422515 1.0609
19 27434892 0.6455
19 27443742 1.4804
19 27455779 1.5297
19 27460793 0.8394
19 27460958 1.0609
19 27461141 1.4804
19 27465404 1.5297
19 27473893 0.5081
19 27481645 1.4804
19 27491086 1.4804
19 27492398 0
19 27510779 1.2508
19 27516758 1.5297
19 27524795 1.5297
19 27530402 0.8629
19 27554435 1.2831
19 27557776 0.971
19 27562525 1.2508
19 27563403 2
19 27565460 1.2172
19 27569859 1.2831
19 27570205 1.2831
19 27576251 1.435
19 27583696 0.4674
19 27585599 1.4804
19 27586851 1.2508
19 27591578 1.4981
19 27592193 1.4981
19 27594996 0.0804
19 27595745 1.4804
19 27603523 0.0804
19 27608745 0.5081
19 27617283 0.3087
19 27618601 1.2508
19 27626973 0.5081
19 27627427 1.4804
19 27635036 1.2508
19 27635255 0.0078
19 27636196 1.4779
19 27636958 2.6908
19 27648964 0.8544
19 27650132 1.05367141228525
19 27654574 0.8206
19 27662597 1.2508
19 27677199 1.4804
19 27680570 1.2508
19 27693728 1.2508
19 27694175 1.2508
19 27694288 0.8544
19 27702360 5e-04
19 27712155 1.4804
19 27716696 0.4149
19 27718680 0.6108
19 27720856 0.6108
19 27722363 0.4149
19 27729624 0.383
19 27729937 0.0053
19 27739901 0.4149
19 27740987 2.989
19 27755987 0.4149
19 27767119 0.7016
19 27769498 0.4281
19 27781097 0
19 27787912 0.4282
19 27796224 1.393
19 27796507 0.0053
19 27797197 0.6812
19 27805162 0.3955
19 27811290 0.3955
19 27820476 0.3087
19 27824389 0.435
19 27832325 0.6913
19 27834238 0.435
19 27835211 0.435
19 27846197 0.0053
19 27857934 1.1888
19 27863937 0.0053
19 27894360 1.0789
19 27897201 0.0053
19 27911229 0.8596
19 27923668 0.4298
19 27931449 2
19 27941049 2
19 27944157 2
19 27951047 2
19 27960110 1.3889
19 27961885 0.778
19 27968671 2
19 27975002 2
19 27988866 2
19 27998147 2
19 28001949 2
19 28005651 2
19 28053259 2
19 28068963 2
19 28072747 2
19 28083018 1.614
19 28084249 2
19 28093293 2
19 28094242 2
19 28104837 5e-04
19 28111438 1.6842
19 28113930 0.5952
19 28122901 0.5324
19 28127856 2.8863
19 28142374 5e-04
19 28143869 2
19 28150324 0.844
19 28160960 0.061
19 28160975 0.7761
19 28164032 0.768
19 28178644 2
19 28210860 0.59156801623536
19 28230419 2.2653
19 28235935 2
19 28237261 2
19 28237361 2.3298
19 28246916 2
19 28247887 2
19 28263447 2
19 28265648 2
19 28265836 2
19 28272241 2
19 28273790 2
19 28275064 2
19 28293840 2
19 28307358 1.0332
19 28307952 1.0332
19 28308695 1.0332
19 28310870 0.942
19 28319256 2.0836
19 28340508 2
19 28344614 0.6778
19 28351015 2
19 28368137 0.55298302549485
19 28374580 2
19 28374655 2
19 28383260 0.0263
19 28393003 0.5383
19 28406680 2
19 28408078 2
19 28411352 0.652
19 28415464 2
19 28417285 2
19 28424006 2
19 28424621 2
19 28424959 2
19 28426904 2.3344
19 28454811 0.2063
19 28460910 2
19 28465145 1.19399472711611
19 28466601 2
19 28468713 2
19 28473534 1.6044
19 28475378 2
19 28476668 2
19 28484495 0.0866
19 28484653 2
19 28486872 2
19 28498460 5e-04
19 28510729 0.3438
19 28517123 0.6413
19 28519188 0.6107
19 28531160 0.906247592140583
19 28532011 1.36769394813051
19 28550539 0.0621
19 28581445 2
19 28603130 0.3147
19 28622089 0.3444
19 28727278 2.2653
19 28727387 0.2018
19 28727835 0.5281
19 28731754 2
19 28735392 2
19 28739535 2
19 28741174 2
19 28741221 2
19 28747315 2
19 28748252 0.7637
19 28753262 1.913
19 28757607 0.0811
19 28757721 2
19 28762358 2
19 28762986 2
19 28763454 0.0621
19 28763473 2
19 28763675 0.157
19 28764724 2
19 28767101 2
19 28768167 2.7095
19 28770174 2
19 28800822 2
19 28813409 2
19 28814358 2
19 28818592 2
19 28820806 2
19 28820879 2
19 28822770 2
19 28827629 1.0399
19 28830018 0.6903
19 28830712 0
19 28833826 0.6903
19 28846311 0.0712
19 28852157 1.0516
19 28853620 2.2653
19 28857708 0.0621
19 28862826 0.0561
19 28868352 0.0561
19 28873636 0.0561
19 28878869 0.0263
19 28880154 0.1698
19 28885411 0.5141
19 28887899 0.5141
19 28888346 0.365526572313231
19 28888816 0.568
19 28889056 0.0561
19 28890880 0.6275
19 28896748 0.4647
19 28907719 2
19 28908302 2
19 28909195 2
19 28910613 2
19 28911128 2
19 28914876 2
19 28917408 2
19 28917490 2
19 28919457 2
19 28924641 0.5668
19 28993414 0.6073
19 28995032 0.5663
19 29008694 0.7238
19 29012444 2
19 29015617 1.53859056446749
19 29016597 0.622205646497703
19 29022851 0.25670849184942
19 29023661 0.9376
19 29025240 0.233391491114493
19 29027962 1.3008
19 29030656 1.2154
19 29036932 0.175267383446568
19 29043437 0.821481917321221
19 29046735 1.9853
19 29055891 1.2154
19 29061260 2
19 29061844 1.70229955548933
19 29078313 0.611288962130337
19 29079345 0.630828070814009
19 29084593 1.8868
19 29108437 1.2129485577632
19 29114232 0.0077
19 29121448 2
19 29131836 2
19 29132331 0.0171180342411946
19 29159559 0.582583429599626
19 29174941 0.37114057694106
19 29192497 0.0719
19 29224203 2
19 29231599 2
19 29233179 2
19 29233606 2
19 29245551 0.344720580950225
19 29255150 2
19 29256908 0.641655162778304
19 29257932 1.40181374702023
19 29265847 2
19 29267933 2
19 29280500 2
19 29280645 2
19 29285712 2
19 29292656 2
19 29293424 2
19 29305437 2
19 29307698 2
19 29314627 2
19 29318944 2
19 29319780 2
19 29321490 2
19 29323333 2
19 29331951 2
19 29335322 2
19 29335520 2
19 29335617 2
19 29336127 2
19 29342664 2
19 29349795 2
19 29350067 2
19 29352181 2
19 29352311 2
19 29354626 2
19 29358655 2
19 29368257 2
19 29370030 2
19 29373511 2
19 29375946 2
19 29390557 5e-04
19 29390892 2
19 29394769 0.7372
19 29407654 0.6128
19 29423759 0.702613091532772
19 29423845 0.874
19 29426013 2
19 29428299 0.920736479216642
19 29428925 0.539109628146033
19 29448708 2
19 29457118 2
19 29472763 1e-04
19 29477539 1.58802392311896
19 29477606 2
19 29478791 1.26767241881385
19 29496564 2
19 29500989 0.374354647927036
19 29512675 2.13743196722172
19 29513306 0.538097702559761
19 29513549 7e-04
19 29513595 7e-04
19 29515393 0.998054580671434
19 29518705 0.674951441575874
19 29520778 2
19 29526852 0.9867
19 29541456 1.95313610904678
19 29566324 2
19 29569028 2
19 29570641 2
19 29571048 0.15748199992748
19 29578856 0.5163
19 29580124 0.559
19 29584048 5e-04
19 29585132 0.4133
19 29588193 0.0141
19 29593511 0.58571421303841
19 29605656 2.30409866971155
19 29619590 0.0133
19 29626833 0.968638674815066
19 29632531 2
19 29633470 0.9425
19 29662876 0.0761
19 29688069 0.2584
19 29717136 0.6716
19 29741636 2
19 29748709 2
19 29760667 0.2066
19 29761686 0.0066
19 29784306 2
19 29788292 0.2813
19 29797060 2
19 29802555 2
19 29803908 0.693
19 29806670 2
19 29822696 2
19 29825821 2
19 29828989 2
19 29836445 0.7134
19 29852593 2
19 29859232 0.258118479294229
19 29862154 0.0257
19 29862405 0.0542
19 29871205 2
19 29872700 2
19 29889796 2
19 29897922 0
19 29903701 0.0502
19 29906665 2
19 29906879 0.0217
19 29908349 0.0502
19 29919069 5e-04
19 29934816 0.0053
19 29936920 0.246601291579091
19 29941391 0.0329
19 29960232 0.1027
19 29980612 1e-04
19 29989769 5e-04
19 30048129 0.0621
19 30050747 0.0621
19 30079766 0.1597
19 30093737 1.4709
19 30100338 2
19 30118304 0.0877
19 30136056 0.8905
19 30138688 0.8619
19 30141156 0.0054
19 30144672 2.784
19 30160582 0.663
19 30165806 2
19 30166008 2
19 30170704 2
19 30171260 2
19 30174126 0.7621
19 30174939 2
19 30180645 2
19 30189323 2
19 30204124 2
19 30214840 2
19 30249100 0.743191496355488
19 30281443 2
19 30350093 0.0932497759400426
19 30361755 1.4026
19 30364744 0.1725
19 30369542 0.313133119342542
19 30379341 1.4266
19 30389755 2
19 30391705 2
19 30404488 2
19 30423237 0.2591
19 30423803 0.2591
19 30452770 0.7352
19 30454752 0.7352
19 30473659 0.1027
19 30489060 1.1126
19 30504771 2
19 30544460 0.721
19 30548088 0.721
19 30562617 2.24453517445665
19 30568394 1.28886282548088
19 30573684 0.840428897499777
19 30578375 0.107608530646847
19 30601609 2
19 30605403 2.7094
19 30606545 2.7094
19 30613201 2
19 30613672 0.468
19 30620347 5e-04
19 30644304 0.685
19 30649760 2
19 30673143 2
19 30692772 1.0609
19 30695162 1.0609
19 30697178 0.4869
19 30700238 5e-04
19 30714493 1.0609
19 30733479 0.5572
19 30747349 2
19 30763485 2
19 30797665 0.3299
19 30816137 1.8974
19 30824088 0.0802
19 30824885 0.0919
19 30831277 0.5792
19 30832515 0.7021
19 30843307 0.7021
19 30846661 2
19 30852548 0.5594
19 30888803 2
19 30895445 1.1265
19 30900368 1.168
19 30937518 3.1212
19 30943250 1.1697
19 30952169 0.0078
19 30961574 0.8426
19 30963102 2
19 30970237 0.8437
19 30976787 0.8437
19 31080454 2
19 31081794 2
19 31147797 2
19 31197874 0.5629
19 31251722 2
19 31266710 2
19 31269935 2
19 31277510 2
19 31279103 0.8816
19 31297422 1.1142766967637
19 31298784 0.4746
19 31343460 0.0078
19 31359401 0.3227
19 31384950 0.1602
19 31398230 2
19 31398809 2
19 31398891 2
19 31400698 2
19 31402952 2
19 31425368 2
19 31427837 2
19 31439482 2
19 31463789 2
19 31465465 1.4066
19 31465971 0.2872
19 31481669 2
19 31495056 2
19 31499732 2
19 31512888 0.1027
19 31514949 0.695693315457849
19 31546664 0.4244
19 31551225 0.5431
19 31552798 0.8815
19 31560010 0.6422
19 31564118 0.6793
19 31666593 0.8304
19 31669606 2
19 31748242 0.1345
19 31755409 2
19 31758574 0.1695
19 31808650 1.2576
19 31827754 1.0789
19 31874409 2.0202
19 31991302 2
19 32010383 1.703
19 32010993 2
19 32011324 2
19 32015104 2
19 32019264 8e-04
19 32046146 1e-04
19 32076927 2
19 32087506 2
19 32099965 0.239413629659013
19 32109276 2.5228
19 32113664 2
19 32130176 1.739
19 32136766 2
19 32142639 2
19 32165808 0.8336
19 32178257 0.8336
19 32184245 0.467282990785612
19 32185528 1.9246
19 32187453 5e-04
19 32191266 1.52781241643515
19 32192782 0.401440911692168
19 32199815 2
19 32202902 0.6826
19 32205004 1.3459714406013
19 32205160 1.7623
19 32205977 0.7014
19 32209890 2.1298
19 32217535 0.0146716453960912
19 32218136 0.7014
19 32234605 2
19 32275192 2.0946
19 32281530 0.0078
19 32283072 0.5617
19 32306209 1e-04
19 32318015 0.1027
19 32329970 2
19 32338568 0.1108
19 32342765 2
19 32379172 2
19 32405940 1.0189
19 32407271 2
19 32411642 0.881716959742139
19 32413444 0.807947536544318
19 32422887 0.1108
19 32428821 0.543438719605071
19 32431684 0.1108
19 32441305 2
19 32464500 0.1108
19 32468519 0.189152383417134
19 32483392 0.659174014496012
19 32497945 1.1975
19 32513177 2
19 32513629 0.2384
19 32516571 0.2526
19 32517125 2
19 32519152 0.9462
19 32538740 0.557957714932923
19 32541337 2
19 32544943 2
19 32552506 0.7946
19 32554313 0.1431
19 32569307 2.2653
19 32596853 2
19 32602659 2
19 32604668 2
19 32605812 2
19 32608948 0.1682
19 32611351 2
19 32616351 0.410054590994847
19 32618097 1.96955012708885
19 32622389 2
19 32623500 2
19 32627272 2
19 32627398 1e-04
19 32637530 2
19 32638251 2
19 32646416 2
19 32663778 2.4105
19 32663973 1.614
19 32670047 0.1326
19 32670777 1.9108
19 32675212 1.8974
19 32702614 2
19 32708571 2
19 32720326 0.9381
19 32726476 2
19 32767097 1e-04
19 32798905 2
19 32803176 2
19 32811917 0.7821
19 32814621 0.7821
19 32818124 0.78
19 32847183 0.78
19 32847213 0.78
19 32855893 0.8139
19 32862437 0.0289
19 32863495 0.8139
19 32863498 0.8139
19 32867536 2.29278045816846
19 32868173 0.0471349604322859
19 32868926 0.167932093528271
19 32876327 0.8139
19 32883942 2
19 32884435 0.9956
19 32885297 0.8139
19 32899787 0.9956
19 32901845 1.30614557808516
19 32913447 0.9956
19 32922340 0.9139
19 32932596 0.6674
19 32944164 1.269
19 32945381 0.244044345937118
19 32954162 0.3644
19 32961156 0.6674
19 32965680 2.978
19 32976609 2
19 32981427 1e-04
19 32985506 1.51591171174656
19 32992265 0.768774098428554
19 33000221 0.115638788298321
19 33005826 2.0005
19 33009594 2
19 33014062 2
19 33014195 2
19 33023173 2
19 33034807 0.9819
19 33038680 2
19 33043570 2
19 33045470 2
19 33047487 2
19 33047877 0.9762
19 33048155 0.9762
19 33054975 0.267982340481406
19 33072208 0.9762
19 33079648 0.306868197884959
19 33083200 1.9349
19 33083982 1.0115
19 33089029 2
19 33092124 2
19 33110996 2
19 33118535 2
19 33122704 0.215291716196257
19 33139787 1.1724
19 33140789 0.0078
19 33141241 0.8909
19 33152678 2
19 33162633 1.1809
19 33173761 1.401
19 33192085 0.871
19 33200318 2.0836
19 33202099 1.7735
19 33220780 1.2374
19 33223463 2
19 33232274 2
19 33235469 2
19 33239456 0.534615718357712
19 33241872 0.0528
19 33244575 1.95543200952299
19 33250037 0.3907
19 33252092 0.9584
19 33258253 1.145
19 33263941 2
19 33264178 2
19 33264533 0.663639447763359
19 33265471 0.319990542756704
19 33266415 5e-04
19 33266830 0.709542961232845
19 33272365 1.15994376583676
19 33278039 0.302892815186223
19 33285985 1.2154
19 33300977 2.1406
19 33325685 1.5184
19 33327986 2
19 33333097 2
19 33355412 0.794
19 33365382 2
19 33366492 2
19 33367018 2
19 33384487 0.771
19 33394212 2
19 33404407 1.0071
19 33415204 2
19 33441518 2
19 33444196 2
19 33458238 2
19 33462282 2
19 33467249 2
19 33479056 1.2312
19 33481422 2
19 33482179 2
19 33497223 2
19 33510360 2
19 33551022 2
19 33553411 1.274
19 33555929 2
19 33557402 0.141798974846267
19 33568081 0.0263
19 33570032 0.0273874361641399
19 33570292 0.0567443375622384
19 33581216 1.1479
19 33589158 0.0634
19 33603279 0.0634
19 33608083 0.7198
19 33621399 1.0171
19 33627113 2
19 33632148 2
19 33694525 0.463865596893704
19 33713653 2
19 33757436 5e-04
19 33757520 6e-04
19 33758044 0.76
19 33778372 0.524939210597626
19 33780301 2.0005
19 33781330 2
19 33813998 0.6653
19 33824991 0.647008241132639
19 33825570 2e-04
19 33826065 2
19 33834601 0.45459603031833
19 33836622 2.0622
19 33845434 1.5652
19 33849309 0.121585248895625
19 33861124 1.19525238653955
19 33863284 0.283725289092072
19 33870864 0.1849
19 33874735 0.0386
19 33911051 2
19 33913402 2.0005
19 33926895 2
19 33939390 2
19 33990006 1.2663
19 33993482 2
19 34046431 2e-04
19 34067013 2
19 34075742 0.482220168476927
19 34079279 0.0258
19 34079434 5e-04
19 34095952 2
19 34102882 2
19 34119436 0.4188
19 34123753 1.12874417104818
19 34132886 0.3786
19 34137867 0.3786
19 34161352 0.3597
19 34168496 2.10095809471896
19 34172946 0.3753
19 34183408 0.3753
19 34191391 0.933002358130825
19 34193330 0.3444
19 34194712 0.0451102740658332
19 34195879 0.3597
19 34232003 0.364220786115086
19 34246520 0.0012
19 34252777 0.0015
19 34254818 5e-04
19 34301535 0.5531
19 34368552 0.259252885283393
19 34392540 0.1043
19 34421319 0.483767516943094
19 34422273 0.873519412787717
19 34431960 0.0396
19 34437408 2.5345
19 34463968 0.0396
19 34468026 0.3825
19 34468907 0.1108
19 34479181 0.0692
19 34482571 0.1108
19 34483321 0.1108
19 34492777 1.49837043106591
19 34494561 0.387671013827643
19 34511550 2
19 34519048 0.1916
19 34519185 0.205
19 34560702 0.52487196658725
19 34583035 0.205466037254442
19 34613102 0.36061925146773
19 34615504 0.0227
19 34616074 2
19 34623673 0.166480182210725
19 34625295 2
19 34631633 2
19 34631734 2
19 34633790 0.354761213035485
19 34637642 1.27943485018589
19 34638130 0.80768054049995
19 34655118 1.7505
19 34669247 0.219998475960487
19 34676056 0.21688997265873
19 34690196 2
19 34700959 2.21166387710669
19 34706191 1.13442242226852
19 34718125 2
19 34739858 0.784442465987311
19 34744385 0.0227
19 34789201 0.0227
19 34801094 0.670418605881751
19 34835316 2
19 34846155 0.2919
19 34858925 2.4931
19 34868432 0.6312
19 34914847 0.6548
19 34934097 0.6395
19 34934814 0.6395
19 34938296 0.6548
19 34944685 0.1154
19 34944872 1.2884
19 34947505 0.2969
19 34954428 0.4811
19 34965273 1.6701
19 34966381 2
19 34992853 0.222568097779523
19 34994733 0.521648038473985
19 35020215 2
19 35023907 2
19 35025384 2
19 35025554 2
19 35056214 0.860186340595649
19 35063499 1.60353164106211
19 35064149 1.37145731441451
19 35066896 1.28087910355018
19 35075247 0.216324327589839
19 35083457 2
19 35093002 0.1398
19 35100960 2
19 35108813 0.0813
19 35109606 0.0813
19 35157462 0.7159
19 35159690 1.0943
19 35169849 0.3292
19 35172338 0.622227774751678
19 35174941 0.214684439423638
19 35180077 0.6118
19 35180456 0.512081719807696
19 35183587 0.48201150601878
19 35184906 1.0552
19 35185791 0.6118
19 35188029 1.0552
19 35188816 0.6496
19 35194836 0.6289
19 35196182 0.0078
19 35202457 0.515
19 35212761 0.0621
19 35218038 2e-04
19 35218184 1.72270256776337
19 35230222 1.18656748753519
19 35233121 0.5613
19 35238809 1.2454
19 35241342 0.8868
19 35248809 2.5386
19 35255896 2
19 35257803 2
19 35265832 1.7196450978954
19 35283923 2
19 35290413 1.5162
19 35344679 0.476495020981996
19 35350954 2
19 35362583 0.0132641878217539
19 35362615 0.599651156729433
19 35364013 2
19 35369520 0.0052
19 35373852 0.7043
19 35376111 2
19 35379878 2
19 35380319 2
19 35381993 2
19 35401348 2
19 35402056 2
19 35404604 2
19 35407016 2
19 35407507 2
19 35407580 2
19 35407739 1.2074
19 35408821 5e-04
19 35412191 1.0399
19 35416059 1.9814
19 35426191 2
19 35427552 2
19 35430795 2
19 35440171 2.13
19 35451998 2
19 35475682 0.717
19 35486407 2
19 35519757 1.08714929678967
19 35521717 1.216
19 35524100 0.7729
19 35524619 1.1249
19 35531736 1.1249
19 35539605 1.96044620937131
19 35597304 0.7834
19 35652860 1.4167
19 35657094 1.1662
19 35657482 1.1662
19 35659862 0.3711
19 35666590 1.4167
19 35677145 5e-04
19 35685677 5e-04
19 35693963 1.1209
19 35699873 1.1724
19 35710137 0.0269
19 35769664 1.2154
19 35779150 0.5238
19 35779445 0.5448
19 35815108 2
19 35817577 1.3545
19 35829320 2
19 35831008 2
19 35837074 2
19 35855644 2
19 35920278 0
19 35954316 0.642445429609227
19 35956301 1.6919
19 35992930 1.0024
19 36005070 0.6296
19 36046206 1.0359
19 36061948 0.0078
19 36069809 1.0759
19 36072847 0.1614
19 36087032 1.0759
19 36099266 0.2173
19 36157372 2
19 36159442 2
19 36163170 3.4194
19 36164813 0.1027
19 36194414 2
19 36194788 2
19 36195792 1.2646545787161
19 36203462 1.6222
19 36205393 0.9068
19 36210755 1.2212
19 36217684 0.9068
19 36220395 0.9068
19 36233764 0.9068
19 36239103 2
19 36246029 2
19 36246301 0.9851
19 36254858 0.9851
19 36322595 0.692849295779861
19 36323331 0.0424191365897622
19 36324599 1.2853
19 36325964 0.100534348833422
19 36328267 0.699773492751879
19 36337048 0.139751151038088
19 36343348 1.2853
19 36364524 1.2853
19 36375596 0.2397
19 36381914 0.9817
19 36389582 0.2397
19 36398537 0.613673233102906
19 36401931 0.2397
19 36403871 0.8445787648448
19 36459884 1.9275
19 36465483 0.973232015860365
19 36466354 2.64581557567304
19 36494122 0.213535205516708
19 36504953 0.0394630227176819
19 36506642 0.385883666216966
19 36526256 0.71285129018479
19 36570213 0.228390084672078
19 36575916 2
19 36593041 0.662060751702659
19 36593218 1.18141017319952
19 36602443 0.601
19 36633042 0.601
19 36641492 2.5899
19 36642902 0.8041
19 36656428 2.13577603088299
19 36669627 0.50146772674399
19 36669859 0.8041
19 36675775 0.558398606734456
19 36686533 3.417
19 36719903 0.8041
19 36724454 0.8041
19 36728646 0.8041
19 36734415 0.0880236231860196
19 36739816 0.112928323861281
19 36757647 0.449787905838785
19 36781610 0.0078
19 36791259 2
19 36798649 0.731789168992135
19 36820505 2.7548
19 36866387 1.0573
19 36872255 1.1387
19 36899758 2
19 36917887 1.0943
19 36933911 0.037
19 36948350 2
19 36948579 2
19 36963245 2
19 36971832 2
19 36972776 2
19 36976227 0.7243
19 36978521 2
19 36992501 2
19 36994058 2
19 36997073 2
19 36997397 2
19 36998802 0.7612
19 37001192 2
19 37023147 2
19 37026276 2
19 37026555 0.8006
19 37038986 2
19 37048153 2
19 37065259 2
19 37066434 2
19 37069009 2
19 37080933 2
19 37088726 2
19 37102194 2
19 37116625 2
19 37135274 2
19 37194064 2
19 37210363 2
19 37210672 2
19 37214991 0
19 37226455 2
19 37227213 2
19 37235420 2
19 37243986 2
19 37254215 0.7612
19 37262208 1.36799646999571
19 37262643 2
19 37324214 2
19 37336445 0.7243
19 37338890 2
19 37365615 1.3043
19 37383786 2
19 37403566 2
19 37415593 2
19 37423780 0.7612
19 37503209 2
19 37539101 0.1326
19 37546069 0.1609
19 37554917 1.4839
19 37557902 1.4839
19 37558814 0.764098408223787
19 37570855 2
19 37596046 1.4839
19 37617948 0.1258
19 37623350 2
19 37655485 2
19 37676721 2
19 37683496 2
19 37738477 2
19 37742599 0.8264
19 37750576 0.791756303670874
19 37755130 0.8525
19 37758208 0
19 37772176 0.5479
19 37783825 2
19 37824127 0.2
19 37830998 2
19 37845923 0.5756
19 37860818 1.14338592830546
19 37862518 1.615
19 37897194 2
19 37905755 2
19 37906573 2
19 37927683 2
19 37942796 2
19 37945078 2
19 37950327 2
19 37960872 2
19 37966057 0.5756
19 37971570 2.9966
19 37977660 2
19 37982635 2
19 37984951 1.23045079864453
19 37990004 1.47608001190622
19 37996130 1.13362687043376
19 37996745 0.171033241908388
19 38029566 0.210196874359769
19 38030652 0.9023
19 38044368 0.3037
19 38051363 0.3037
19 38054412 0.3037
19 38054463 0.3037
19 38075141 0.0470619643985695
19 38094550 0.153
19 38118357 0.118
19 38124211 0.4191
19 38138877 2.6693
19 38140947 0.5152
19 38141788 0.5152
19 38161289 0.2822
19 38187854 2
19 38206414 0.0727201877007077
19 38216037 1.17098514830865
19 38261858 0.48056896465793
19 38275417 0.9703
19 38286797 0.512
19 38289216 2.439
19 38303081 0.2142
19 38304255 0.7348
19 38314657 5e-04
19 38315691 2
19 38324843 0.7658
19 38334807 0.9357
19 38335447 2.4034
19 38337037 2.4263
19 38358221 0.7978
19 38370693 0.209485873891133
19 38426957 1.84712199977331
19 38429568 0.372974190512861
19 38441746 1.43914886232753
19 38452074 1.67598716717573
19 38458323 2
19 38495629 1.0789
19 38497927 0.797067674978859
19 38504107 0.174270467224935
19 38509576 0.0507068340712358
19 38515297 0.015022075023351
19 38517213 0.0469382979569035
19 38522455 1.57370115857861
19 38542817 2
19 38558811 2
19 38565213 1e-04
19 38569057 2
19 38602756 2.09206220582822
19 38607730 2
19 38608795 2.0402
19 38628854 0.984336835570512
19 38630342 0.0078
19 38635826 2
19 38643918 0.600982842507104
19 38645846 2
19 38672279 2
19 38672420 2
19 38673665 2e-04
19 38688732 0.938104151927982
19 38689294 1.09590541656928
19 38689818 0.784926495042323
19 38699106 0.814980981006546
19 38699948 1.74805366734753
19 38703530 2
19 38711141 0.475574650135656
19 38711701 0.107863679659373
19 38714654 2
19 38718646 1.15816212010003
19 38719953 0.653157327756199
19 38721752 1.55182008811455
19 38722616 2
19 38730068 2
19 38732762 1.44147148474154
19 38735956 5e-04
19 38735983 1e-04
19 38736886 0.480252357949497
19 38738228 0.2127
19 38739710 0.615421734881911
19 38751543 2
19 38754400 0.981818037366254
19 38757512 1.36147962009807
19 38760557 0.505125940972234
19 38769325 0.2078
19 38769830 0.2078
19 38779777 0.129938049705105
19 38782172 2
19 38792993 0.6046
19 38796309 0.077
19 38797687 0.829371654185731
19 38806920 0.379844399593451
19 38810389 2
19 38822221 0.8247
19 38824937 2
19 38827465 0.8247
19 38832411 2
19 38846951 2.7141
19 38848023 0.643422119524811
19 38854964 2
19 38856372 2
19 38879816 2
19 38884069 2.8716
19 38894658 0.3054
19 38899246 2
19 38920952 2.8767
19 38922743 0.5859
19 38923469 0.5859
19 38933181 1.20290546073567
19 38939900 1.13249112637735
19 38942143 0.5859
19 38947784 0.6305
19 38964639 2
19 38964680 2
19 38981350 0.0748948361530514
19 38985198 0.50304077072951
19 38986370 0.0280528774984137
19 38987009 0.454471857048318
19 38992735 1.72483879416895
19 38994406 1.22700877409055
19 38994716 0.3612
19 38995485 1.1981
19 39001206 0.7993
19 39004430 0.1312
19 39007079 0.0365
19 39008884 1.49872964908853
19 39017662 0.299027421765316
19 39018725 0.8875
19 39036263 0.101911977415651
19 39040792 0.222470510627128
19 39041001 0.0766860942827536
19 39043022 0.247064651898243
19 39043179 0.1077
19 39049598 0.0920416490624759
19 39049599 0.309495000675755
19 39050099 0.1501894744369
19 39051113 0.202808196329936
19 39051332 0.1872
19 39055346 1.2808
19 39058521 6e-04
19 39060110 0.9989
19 39062981 1.5678
19 39072200 0.4393
19 39079150 0.4393
19 39085130 1.339
19 39085949 0.8384
19 39087909 0.8709
19 39096863 1.877
19 39097799 0.8809
19 39099652 0.096846105656511
19 39102781 0.0897
19 39105336 0.0147959560856912
19 39111823 0.2331
19 39118428 1.59884677763234
19 39130636 1.09894909522428
19 39138043 0.4568
19 39138803 2.6132
19 39141045 0.4568
19 39144125 0.736058446061004
19 39160846 0.653580209184682
19 39176327 0.593645443383691
19 39188279 0.6367335366786
19 39191488 0.6444
19 39209665 1.84651195693026
19 39212874 1.19506493612231
19 39213178 0.87324613819204
19 39214238 0.759487329726352
19 39217014 0.652018100190752
19 39229031 0.695071684076475
19 39239137 1.8942
19 39241264 0.6352
19 39253755 2.5331
19 39259282 0.9362
19 39299049 2.0023
19 39334315 1.3545
19 39339719 1e-04
19 39344529 0.931061216063309
19 39384911 0.0742
19 39395556 0.4068
19 39395773 0.4068
19 39410971 0.4026
19 39414849 1.2212
19 39417934 0.21024269683943
19 39424997 2
19 39438779 0.6635
19 39440419 2
19 39443999 1.68420984525182
19 39455195 2
19 39456413 2
19 39456416 2
19 39480075 2
19 39491441 2
19 39500433 2
19 39517014 0.764
19 39518293 0
19 39545270 0.6712
19 39551306 0.5593
19 39561153 0.5181
19 39564217 0.795078151948031
19 39565426 2.02457866723013
19 39589195 0.540906659967702
19 39609490 0.285641487100277
19 39619996 1.68599492443961
19 39626789 0.2718
19 39630334 0.0043
19 39641357 1.9106
19 39649347 0.2955
19 39650709 0.286753332514276
19 39654992 0.2718
19 39662524 3.1154
19 39663971 2
19 39672783 2
19 39676151 1.4863
19 39686581 0.5717
19 39687917 0.5536
19 39691282 0.1991
19 39697814 0.5717
19 39711776 0.1916
19 39716407 0.1916
19 39721312 0.4062
19 39722181 0.4062
19 39722662 0.3882
19 39728304 0.0934
19 39729856 0.1916
19 39733316 0.1916
19 39733657 0.795
19 39738389 0.7949
19 39744942 0.315173550038578
19 39746461 0.4062
19 39747923 1.1595
19 39749007 0.0743658691065718
19 39760521 1.1595
19 39764818 1.1595
19 39765688 0.208680444248094
19 39770890 0.6084
19 39771337 1.16860167143366
19 39772796 0.5593
19 39773485 0.2785
19 39782176 0.690187468969814
19 39782286 1.10358129306547
19 39789118 0.742976358735375
19 39802784 0.622315456897853
19 39817689 1.17728457707675
19 39838538 2
19 39850047 0.43
19 39852436 0.0015
19 39856063 0.59460836411116
19 39856572 1.43651375748758
19 39876573 2
19 39877222 2
19 39893983 2
19 39906217 5e-04
19 39906242 5e-04
19 39922358 8e-04
19 39922658 0.3176
19 39966543 1.5469
19 39971558 1.6061
19 39976512 0.0264
19 39997036 2.0274
19 40001381 0.0264
19 40004127 0.0264
19 40014028 2.0274
19 40016656 1.3796
19 40019286 2.0274
19 40020441 2.0274
19 40024036 2.0082
19 40024649 1.6856
19 40045049 1.5789
19 40051927 1.9895
19 40078581 1.845
19 40079401 2.0274
19 40089421 1.831
19 40092900 1.3536
19 40093696 1.831
19 40098884 1.339
19 40112963 1.3447
19 40113056 2.0082
19 40113591 2.0082
19 40113745 2.0082
19 40120765 0.0264
19 40126984 2.0082
19 40131955 2.0082
19 40134668 2
19 40143191 1.3506
19 40147989 1.845
19 40157152 2.5386
19 40163220 2e-04
19 40163958 2.6469
19 40164669 0.9634
19 40168025 0.9634
19 40168594 0.9634
19 40177897 0.913
19 40189596 0.0132436772318715
19 40195363 2
19 40207373 2.9781
19 40213169 0.564944308884552
19 40213274 2
19 40228683 2
19 40250923 2.9781
19 40254178 0.631734282159494
19 40257717 2.9781
19 40261532 0.908277422783558
19 40267403 0.599543898180377
19 40276036 0.382821719428035
19 40291392 1.4659
19 40319670 0.476438556602856
19 40322593 0.0641590705718854
19 40327491 2.9781
19 40334832 0.0152691967384394
19 40348525 1.485
19 40358370 2.9781
19 40359212 2.2384
19 40364322 2
19 40369893 2
19 40400430 1.2994
19 40401501 2
19 40409134 2.1687
19 40426756 0.0263
19 40435146 0.2547
19 40437459 1.08129012786289
19 40455017 0.0722
19 40460759 1.1559
19 40467317 1.6464
19 40470549 0.698221104544087
19 40476959 2
19 40487427 0.9172
19 40498846 2
19 40499149 1.4258
19 40503752 2.8716
19 40505042 0.8072
19 40507334 2
19 40512925 1.4258
19 40515928 2
19 40528817 1.0081
19 40542872 0.215070253061062
19 40552569 0.100869559890044
19 40578957 0.904890345841176
19 40586548 0.1334
19 40592273 1.1195
19 40613367 0.7961
19 40620542 0.562
19 40634896 1.1673
19 40635529 0.4728
19 40641036 2
19 40644470 1.004
19 40658290 1.0404
19 40661297 0.3465
19 40669244 2
19 40683649 2
19 40700850 2
19 40715659 5e-04
19 40722529 2
19 40724241 0.0344
19 40742104 1.162
19 40751911 0.4216
19 40776370 2
19 40776604 2
19 40777460 2
19 40785214 0.455109948690562
19 40786358 0.1693
19 40786499 2
19 40790212 0.269133658376924
19 40793110 0.1626
19 40799149 2
19 40803335 2
19 40804666 0.6584
19 40812744 2
19 40815918 2
19 40818226 1.45856262338567
19 40822918 0.965543563671721
19 40823828 2
19 40840863 0.594315860569012
19 40849042 3e-04
19 40851890 2
19 40857860 0.141
19 40862110 0.0018
19 40864597 1.6776
19 40865205 1.0429
19 40867668 2
19 40868922 1.1842
19 40869922 2
19 40871522 1.6776
19 40879430 2
19 40879722 2
19 40880582 2
19 40881751 2
19 40881764 0.1712
19 40882931 2
19 40893117 2.00105803017455
19 40904210 2
19 40919970 0.5509
19 40922721 0.1712
19 40932235 2
19 40938501 1.2927
19 40962524 0.6518
19 40967528 0.411083569790733
19 40988246 2
19 41015802 0.4136
19 41017899 2
19 41019535 2
19 41020239 2
19 41025617 2
19 41032833 2
19 41063713 0.8416
19 41075419 2
19 41100315 1.7369
19 41103998 2.3652
19 41114514 1.0081
19 41129138 2
19 41129404 0.9614
19 41130916 0.9614
19 41132626 2
19 41137161 2
19 41142088 0.0066
19 41148165 0.0015
19 41150114 1.617
19 41157063 1.66506449593788
19 41162134 0.793604511861654
19 41164676 0.733018103126391
19 41168466 1.4322
19 41176620 1.7766
19 41180611 0.177922084402523
19 41181655 0.647052406076057
19 41194438 0.513520758797785
19 41198399 0.0539
19 41205445 2
19 41216060 2
19 41219847 2
19 41233275 0.4905
19 41245615 1.166
19 41246824 0.0017
19 41262082 0.6645
19 41263120 0.9693
19 41302344 0.9693
19 41304090 0.9693
19 41308507 0.9371
19 41327262 0.145503386624955
19 41342943 0.141620237267736
19 41359423 2
19 41363487 0.937852627147573
19 41395047 0.295185445564712
19 41397516 0.438777970397034
19 41405477 2.7837
19 41407362 0.626792072849402
19 41411963 0.975174734135138
19 41442208 0.0053
19 41444361 0.800571363105974
19 41445670 0.0894839877698196
19 41468396 2
19 41477199 2
19 41496460 5e-04
19 41507303 2
19 41519052 2
19 41540624 2
19 41547232 2
19 41559079 1.8068
19 41569079 2
19 41582095 5e-04
19 41586759 2
19 41592224 2
19 41626680 2
19 41633184 2
19 41636462 2
19 41640721 0.5593
19 41643871 5e-04
19 41646664 0.5593
19 41651893 2
19 41659890 2
19 41675017 0.554091121401884
19 41683560 2
19 41685134 1.38027697846232
19 41685195 1.30804374973761
19 41693468 2.3652
19 41695637 0.681190775639966
19 41697772 2.0202
19 41701954 2.0202
19 41702039 2.0202
19 41703684 0.5329
19 41703975 0.5593
19 41706905 0.5871
19 41730909 2
19 41733633 5e-04
19 41737525 2
19 41771194 1.3566635843837
19 41775894 1.23471356503481
19 41776377 0.6438607831426
19 41786052 0.114692797761997
19 41802394 2
19 41819450 2
19 41822880 2
19 41834480 2
19 41855846 2
19 41860924 2
19 41860935 2
19 41864668 2
19 41869228 2
19 41881609 2
19 41916992 2
19 41928397 2
19 41984145 1.24068558028872
19 42017022 2.5866
19 42131687 2.7548
19 42220331 1.545
19 42258878 1.5288
19 42263441 1.5114
19 42370869 0
19 42385311 2
19 42394583 2.5866
19 42399830 2.9776
19 42457930 2.1063
19 42500246 0.4319
19 42544871 5e-04
19 42551480 2
19 42577680 2
19 42608140 2
19 42620321 2
19 42636070 2
19 42639558 2
19 42647910 2
19 42652141 2
19 42656241 2
19 42658629 2.067
19 42659723 2.6444
19 42703041 0.877738277322162
19 42707734 0.672341365363756
19 42728896 2
19 42742756 2
19 42742848 2
19 42742860 2
19 42744873 2
19 42751016 2
19 42755986 2
19 42764064 2
19 42765980 2
19 42775242 2
19 42777364 2
19 42784824 2
19 42814714 0.817
19 42815525 2
19 42821453 2.09559306592899
19 42828312 1.1531
19 42843382 1.13130906972949
19 42846422 0.923
19 42851407 1.3364
19 42857778 1.3364
19 42873756 0.7947
19 42874081 0.7947
19 42877372 0.7947
19 42878588 0.8082
19 42878606 0.832
19 42889739 0.7947
19 42909159 1.2967
19 42917166 0.7947
19 42934865 2
19 42945271 1.0814
19 42971628 2
19 42978638 2
19 42985008 1.66474355297457
19 42990881 1.1217
19 42993325 1.1217
19 42997301 1.1217
19 42999379 1.4654
19 43002213 1.1217
19 43004804 1.1217
19 43005273 2
19 43006895 1.1217
19 43008279 2.5359
19 43013961 1.1079
19 43019754 1.1217
19 43022579 1.1079
19 43024577 1.1079
19 43027889 2
19 43065876 0.915799988510562
19 43081837 0.0263
19 43083757 2
19 43090267 0.368699473453993
19 43120544 1.2424
19 43131454 0.6457
19 43134841 2
19 43141202 0.341550191878092
19 43161509 0.940237051304553
19 43165543 1.01170010263121
19 43166617 0.773126405370113
19 43168289 2
19 43169374 1.96496932240018
19 43172915 0.1739929268136
19 43183915 0
19 43190048 0.905871425250637
19 43193077 0.635579753527642
19 43195265 2
19 43195587 2
19 43197086 2
19 43200790 2
19 43201474 2
19 43207746 0.17446887884499
19 43209076 0.477173509779376
19 43209507 2
19 43209526 1.1244315684493
19 43211999 0.184204892606959
19 43219996 0.106338803797812
19 43226866 0.711150089555446
19 43229227 0.224602712516608
19 43236747 2
19 43237107 2
19 43247840 2
19 43255903 2
19 43262462 2
19 43265291 2
19 43274358 2
19 43285788 0.513000532639781
19 43288527 0.0284655684273088
19 43294333 2
19 43298799 2
19 43313846 2
19 43323247 0.8909
19 43335893 0.995
19 43353721 0.6096
19 43360966 2
19 43362465 0.5596
19 43363373 2
19 43366802 0.5596
19 43371770 2
19 43372842 0.20370978032436
19 43372849 0.259282475344369
19 43378859 1.7699
19 43380933 1.12141808177156
19 43402634 2
19 43406936 0.813497809559795
19 43407173 0.913245989520298
19 43408081 2
19 43409715 1.00092416832295
19 43425967 1.3931
19 43429091 1.6598
19 43429715 2
19 43432587 1.6933
19 43436889 1.6078
19 43436975 1.6078
19 43438179 1.3781
19 43441073 1.6598
19 43441745 0.0078
19 43457467 0.175594228839943
19 43464586 2
19 43469714 0.7765
19 43471928 2
19 43481678 2
19 43488383 2
19 43491949 0.0926168608730131
19 43507306 8e-04
19 43519013 2
19 43525125 2
19 43527172 2
19 43527218 2
19 43531006 2
19 43532265 2
19 43534795 2
19 43544925 2
19 43554989 0.262365090534573
19 43577584 0.9698
19 43581675 0.9698
19 43604483 2
19 43605704 2
19 43611806 2
19 43612804 2
19 43618284 2
19 43624285 2
19 43670636 0.1549
19 43681921 0.0561
19 43693653 0.5601
19 43696912 2
19 43697360 0.504906170141983
19 43706321 2
19 43706940 2
19 43709297 2
19 43724828 0.0114
19 43744473 0.7578
19 43747273 0.6935
19 43753678 0.6935
19 43759957 1.8757
19 43772218 0.0883
19 43778377 0.822231863953055
19 43788429 0.498115715430496
19 43790348 0.8247
19 43800036 0.0689710317816794
19 43829040 0.461851971577889
19 43845611 0.224244586153945
19 43846537 0.753367108659548
19 43848979 0.347387406796714
19 43850143 0.211183634139485
19 43850352 0.619068042439165
19 43851610 1.93915998900514
19 43852475 0.611615814970259
19 43852735 1.18827353132853
19 43867058 0.445352894649316
19 43867241 0.551353979052832
19 43904603 1.454880999116
19 43917785 0.584087099758651
19 43931395 2
19 43942799 2
19 43950130 2
19 43978938 2
19 43983737 0.0347
19 43986606 2
19 43991918 2
19 43995535 0.1273
19 44001283 0.0053
19 44007071 0.0053
19 44014455 0.625125376185588
19 44057847 0.657311627181735
19 44083494 5e-04
19 44083498 5e-04
19 44088250 0.936957698327471
19 44091533 0.884518838257018
19 44106645 0.0691
19 44107267 0.861240064716857
19 44138491 0.0181512479403444
19 44140123 0.22177731871173
19 44141595 1.00721553633104
19 44169264 1.4989
19 44210980 1.1401
19 44213825 0.5126
19 44215454 0.5823
19 44222808 1.2182
19 44242851 0.0171
19 44245061 1.1653
19 44246418 1.1653
19 44256775 1.2085
19 44259911 0.4877
19 44265374 2
19 44267347 1.1653
19 44270677 0.5402
19 44294115 0.4877
19 44313344 1.1653
19 44315966 1.2085
19 44320231 0.4877
19 44325928 0.2023
19 44335013 0.4877
19 44337839 0.447408018549098
19 44345562 0.6357
19 44346825 1.2085
19 44361557 1.14365152210941
19 44363181 0.831322015279968
19 44365480 0.7223
19 44367214 0.921088073511223
19 44374318 0.168986483542149
19 44384114 1.6392
19 44404152 0.142519868902571
19 44443000 1.64707075056565
19 44463231 0.393692709160265
19 44480551 0.176396213479119
19 44486969 0.727284581106018
19 44489851 0.931758041465162
19 44494903 0.8799
19 44495998 1.51269968669497
19 44510608 9e-04
19 44532542 0.567574326406828
19 44532573 1e-04
19 44551231 0.0255
19 44555500 0.3274
19 44564045 1.2295
19 44592116 2.1342
19 44592516 0.325008136405208
19 44595209 0.156198396168873
19 44601112 3.0022
19 44623697 0.444953714559016
19 44625006 0.6285
19 44631846 0.9251
19 44686891 1.0848
19 44689640 1.9333
19 44705292 0.6008
19 44717166 0.0589500302896696
19 44733473 1.43803429585012
19 44734556 0.576
19 44738850 0.523462673694782
19 44755745 0.709234541759254
19 44784959 0.0241
19 44784960 0.12211753571655
19 44801839 0.391664849459279
19 44812188 1.798
19 44819986 1.2496
19 44828464 0.5449
19 44834993 1.04279266758636
19 44838857 1.51367799069823
19 44848680 0.2834
19 44850787 0.0869
19 44855117 0.0712
19 44860534 0.4857
19 44867021 1.3333
19 44867911 0.2079
19 44868872 0.586850379659047
19 44877713 0.604001090822197
19 44880305 2.6497
19 44880848 1.11067724279775
19 44881522 1.7597728866644
19 44898526 2
19 44899220 0.109887420434375
19 44908684 1.0478
19 44915704 0.2929
19 44917997 1.3092
19 44921918 0.3029
19 44923886 0.0263
19 44928426 0.4362
19 44932987 0.2916
19 44941389 0.3195
19 44949012 0.4476
19 44963535 0.6737
19 44994594 0.3731
19 44997667 0.2866
19 45020325 0.4346
19 45020747 0.701032405574238
19 45037243 1.7209
19 45041093 0.4593
19 45053404 1.1098
19 45059099 0.936
19 45060735 0.936
19 45083788 1.2242
19 45084833 0.875061107529601
19 45084960 0.639100475745569
19 45086979 1.2490821552448
19 45094524 1.247
19 45149976 0.937870110769615
19 45152075 1.247
19 45157381 1.011
19 45182645 1.409
19 45188021 0.8249
19 45194004 0.564985465564253
19 45195172 2.36704473285529
19 45195443 0.632964914342858
19 45204659 0.911753611006471
19 45205253 0.391058632660555
19 45207226 2.13
19 45235326 0.788006032575513
19 45238075 0.813925011512808
19 45258235 1.71679884164669
19 45284308 0.421627750027872
19 45288580 1.0530472570191
19 45289447 0.4368
19 45293162 1.47560373094536
19 45295134 0.7926
19 45295407 0.7926
19 45305535 1.3024
19 45310154 2.0211
19 45314466 0.5575
19 45315577 0.7466
19 45319916 1.94592813849438
19 45322996 0.683085045999961
19 45325175 5e-04
19 45326040 1.7901
19 45341392 1.53440046697809
19 45341576 1.2526
19 45356626 0.837299107183138
19 45360562 0.0974194243356333
19 45375713 0.398342216918165
19 45379435 0.7039
19 45388887 0.3656
19 45401630 0.162698872135533
19 45401800 0.153782899973527
19 45402942 0.82053147695801
19 45405203 0.959108120435847
19 45411343 1.39962160797251
19 45426568 0.112548920189463
19 45452657 0.295522956275881
19 45462383 1.61991862811926
19 45462916 1.2607
19 45483225 0.3136
19 45489934 1.5402
19 45508569 0.516365314010706
19 45511430 0.3907
19 45516222 0.605097404690997
19 45519963 3.1148
19 45542267 1.31438534100672
19 45552219 0.934144371601293
19 45564297 1.08637095143262
19 45568803 1.43058176094398
19 45572509 3e-04
19 45597135 0.363824534061416
19 45605197 1.24069878985641
19 45621905 0.427552854555101
19 45627321 1.714
19 45649019 0.3684
19 45653788 0.194416150171738
19 45656728 0.754711273970265
19 45660732 1.4521
19 45661897 0.0263
19 45662815 0.607741786561388
19 45669020 0.241529079316336
19 45678134 0.262453721537774
19 45687957 1.2934
19 45699825 0.900556102907423
19 45752033 0.300487623395688
19 45764195 0.4773
19 45783456 0.4773
19 45786245 0.643512220138098
19 45797590 0.462237644582067
19 45803461 1.075964623375
19 45807637 0.4061
19 45823951 0.56105638643672
19 45824799 0.966719468038563
19 45830954 0.996797562032071
19 45834504 0.0417280888202804
19 45877352 0.976648301038253
19 45878606 1.1137
19 45882739 0.25900615798075
19 45888620 0.0244
19 45891010 0.72791705070508
19 45894274 0.738119793292675
19 45898685 0.6827
19 45901321 0.299664311140527
19 45905098 0.0689639217915859
19 45911995 0.439536970500468
19 45917174 0.125654335121536
19 45921512 0.2617
19 45928114 0.1746
19 45945502 0.927433693029642
19 45966912 0.3858
19 45970380 2
19 45978711 0.3822
19 45988357 0.0634119312664326
19 45992535 0.3822
19 45994039 0.3822
19 45996951 0.432062879080134
19 45999459 1.93939853039107
19 46008430 0.0072
19 46042122 2
19 46042127 2
19 46043765 0.996596307746371
19 46045456 2
19 46051416 0.100322215425858
19 46064164 0.554540462584448
19 46066568 0.693504150373296
19 46068707 2.0826
19 46079279 2.18
19 46083030 2.18
19 46083286 2.18
19 46085853 2.18
19 46086911 2.18
19 46090700 2.18
19 46090837 2.18
19 46099824 1.6942491367198
19 46109612 1.74533804702836
19 46111053 3.34673584461276
19 46134925 2
19 46143679 0.252996288016318
19 46204246 0.454313979523858
19 46204943 0.304912003631145
19 46221406 0.714453909533103
19 46226041 0.210090835299613
19 46226587 2.08553999501953
19 46228910 0.276012354108977
19 46231749 2.02173720775882
19 46269094 1.0794
19 46269625 1.0789
19 46269735 0.141712866494068
19 46280635 1.9275
19 46281358 2
19 46283670 2
19 46286779 2
19 46296940 1.0854
19 46297376 1.1662
19 46302187 2
19 46303543 5e-04
19 46304710 1.9275
19 46308727 2
19 46311549 0.0339
19 46313249 0.0015
19 46329959 0.2894
19 46332144 1.35478771953414
19 46353103 0.0581
19 46354000 0.6637
19 46354739 2
19 46358173 2
19 46367875 0.2154
19 46389460 0.2419
19 46394602 0.5822
19 46397260 2
19 46397567 2
19 46402993 2
19 46403266 1e-04
19 46405711 0.890296331258409
19 46409539 0.3907
19 46414997 2
19 46421821 0.421530526981107
19 46431545 0.5291
19 46432929 0.5291
19 46437604 0.602651475554197
19 46445808 2
19 46451863 0.0273
19 46455812 0.0273
19 46457668 8e-04
19 46457709 0.503320644882009
19 46469469 0.0273
19 46471067 0.601995095795803
19 46475532 0.264594797099912
19 46496720 0.265006502530664
19 46497246 0.270363277843027
19 46497711 1.09583542141924
19 46502549 0.863543455454298
19 46507248 0.352120631150088
19 46510743 1.9005245157224
19 46526977 1.0699
19 46531256 1.18318391232126
19 46532179 2
19 46534048 0.5159
19 46535429 0.3413
19 46559980 0.2703
19 46565124 2
19 46570688 2
19 46590124 2
19 46595967 1.945
19 46615775 0.9186
19 46618488 0.4706
19 46632960 2
19 46635751 0.4954
19 46635833 0.0263
19 46642179 5e-04
19 46642193 2
19 46642716 0.1059
19 46652350 2.4037
19 46654314 0.9616
19 46657144 2
19 46658945 1.34718895264324
19 46661729 0.630717449852222
19 46670736 1.48989106139466
19 46673623 2
19 46677706 2
19 46691052 0.494450444527411
19 46708521 1.2785591531982
19 46708972 0.189630968496003
19 46712717 0.624002147621177
19 46744524 0.830432585994446
19 46753207 1.72416042986389
19 46755417 2.19784561431728
19 46758940 1.8474
19 46764201 2
19 46764983 1.25256472832923
19 46771639 0.253073983631534
19 46782332 2
19 46790499 2
19 46796933 0.454703966425667
19 46809234 1.12147237326274
19 46825458 2.3813
19 46825639 0.0897
19 46828464 1.40310198550521
19 46829115 0.504935250992456
19 46842901 2
19 46849403 0.676710182831727
19 46853736 5e-04
19 46910456 1.7379
19 46923339 2.1546
19 46940009 1.7379
19 46943901 0.449960011852674
19 46958110 0.0274
19 46973021 0.399311664814053
19 46979848 2
19 46982070 2
19 46985634 0.012726121982031
19 46992690 1.8124
19 47016828 2
19 47024916 2
19 47032908 0.994057097903976
19 47081442 0.2342
19 47099320 0.1803
19 47117962 2
19 47155721 5e-04
19 47191977 1.1237
19 47196450 2
19 47213695 2
19 47246051 0.0078
19 47260028 0.7536
19 47268924 0.5768
19 47272755 0.7808
19 47274615 0.7808
19 47285087 0.063
19 47290182 1.094
19 47296163 1.094
19 47302835 0.746738720247275
19 47308566 1.0693
19 47321058 0
19 47336418 5e-04
19 47347030 0.7202
19 47364245 1.9701
19 47378945 2.2104
19 47379156 1.1282
19 47385898 1.6644
19 47391252 0.5588
19 47421021 2.1342
19 47430471 0.0386
19 47434209 2
19 47445405 1.672
19 47551111 1.5106
19 47574679 0.3917
19 47607610 1.7846
19 47616712 0.257595363237105
19 47617777 0.1987
19 47618352 0.987455863528378
19 47641980 0.4178
19 47643471 0.6514
19 47654031 1.1747
19 47661096 0.6514
19 47662367 0.3108
19 47668766 2.6497
19 47669760 0.8971
19 47671525 0.8971
19 47685093 0.7764
19 47689070 0.3306
19 47692139 1.22770667420575
19 47693895 1.50855356743782
19 47702031 1.5751
19 47709977 0.113269117100977
19 47711403 1.29345221171243
19 47712376 2.21850087718635
19 47715078 0.3908
19 47721920 2
19 47727752 2.234
19 47735392 0.3073
19 47737973 0.2926
19 47746150 5e-04
19 47753528 2.7009
19 47758358 0.7145
19 47762607 0.6545
19 47772057 5e-04
19 47790902 2.1838
19 47809060 0.8263
19 47812239 1.7833
19 47813073 2
19 47816154 2
19 47816228 2
19 47824662 1.0451
19 47830720 0.7147
19 47831505 2.12726423311905
19 47833643 0.6801
19 47836841 1.0185
19 47841013 0.6801
19 47841089 1.42149214603819
19 47842073 0.3671
19 47842904 0.3671
19 47843664 0.3671
19 47843794 1.72577363661204
19 47844342 0.3671
19 47845106 0.3671
19 47847590 0.6475
19 47847666 1.0185
19 47847750 1.0185
19 47848797 0.3671
19 47865928 1.9692
19 47892435 1.2532
19 47964316 0
19 47966837 0.1903
19 47967852 0.2157
19 47973141 1.8045
19 47984678 2.3299
19 47990174 0.4412
19 47991560 0.123625952869861
19 48001758 2
19 48006385 1.425
19 48008961 0.3078059191542
19 48010720 1.57772162088388
19 48010938 0.153886996729623
19 48011842 1.10757204895295
19 48012866 0.264351698259437
19 48016565 0.388829323744957
19 48023126 0.527565697295146
19 48023287 1.11596758669303
19 48027794 2
19 48032664 0.0406
19 48033343 0.0406
19 48034815 0.0406
19 48038270 0.0406
19 48040339 2
19 48044939 0.3332
19 48063234 2
19 48066452 0.930919749869235
19 48091484 1.8474
19 48098438 2
19 48100919 2
19 48103467 2
19 48107142 2
19 48113686 2
19 48118700 2
19 48119967 2
19 48131703 0.2114
19 48132176 2
19 48139696 2
19 48141296 0.2114
19 48142713 2
19 48147933 0.2114
19 48155038 0.102399529639078
19 48156959 2
19 48159526 0.1978
19 48164034 2
19 48169907 2
19 48169910 5e-04
19 48169913 5e-04
19 48170201 0.1978
19 48174463 0.325710965604288
19 48174737 2
19 48176452 2
19 48184522 0.1978
19 48187596 0.5706
19 48189575 2
19 48191090 1.11086315094665
19 48191092 0.1431
19 48192529 0.7833
19 48202617 2
19 48207502 2
19 48208703 2
19 48209339 5e-04
19 48209357 2
19 48210693 2
19 48212012 2
19 48215909 2
19 48225137 0.4740503935563
19 48226404 2
19 48227802 0.0613932213782843
19 48229087 2
19 48234449 2
19 48242052 2
19 48247775 6e-04
19 48258587 1.15465452377242
19 48262100 2
19 48264040 2
19 48269705 2
19 48270617 2
19 48274103 0.438795505604946
19 48276191 2
19 48277399 0.9087
19 48280884 0.526302716441106
19 48287428 0.1476
19 48288440 0.335308357376271
19 48290917 0.2262
19 48292284 0.2262
19 48301250 0.9323
19 48311215 0.9323
19 48347869 0.2423
19 48352583 0.2423
19 48352978 0.2241
19 48357206 0.2241
19 48365042 0.898883957357866
19 48379564 0.877112375661045
19 48388596 0.2694
19 48425449 0.528070348502217
19 48433533 1.859
19 48434645 0.1759
19 48447269 0.274952734217085
19 48451164 0.7923
19 48473762 3.4606802481013
19 48478676 1.39310176968218
19 48549278 2
19 48550944 1.31462387520061
19 48567788 2
19 48573528 2
19 48581582 1.0303
19 48583940 1.0303
19 48585684 1.0939
19 48587049 1.0939
19 48590136 0.0467394799862937
19 48602415 2.5867
19 48612661 1.00113776263102
19 48613503 1.06168316321751
19 48617517 0.457191207155609
19 48655238 2
19 48655275 2
19 48659241 2
19 48701137 1.0081
19 48704535 0.515333081773135
19 48707650 2.5867
19 48710576 0.126780175855309
19 48710809 0.6381
19 48714263 0.0444
19 48721709 0.0824313509920466
19 48743829 1.07337077734314
19 48745383 0.653376237047285
19 48747281 0.230380855865477
19 48747415 2.0885
19 48757781 0.3292
19 48761290 2
19 48781672 0.1846
19 48783954 0.1666
19 48790520 0.771633175558469
19 48816239 0.416093060993861
19 48817179 0.2299
19 48821940 0.0278
19 48823643 0.00516200371324427
19 48824238 5e-04
19 48843961 2
19 48863689 5e-04
19 48875737 0.17152831695801
19 48903474 2
19 48903877 5e-04
19 48911475 1.2217
19 48918471 0.6116
19 48935816 0.6267
19 48939478 1.9122
19 48940313 0.5424
19 48942085 0.5424
19 48973008 2
19 48977073 2
19 49008479 1.5754
19 49016616 2
19 49017606 1.5659
19 49026479 2
19 49028220 1.6268
19 49039867 1.6541
19 49041173 1.38598784309052
19 49049398 0.764796474179333
19 49051542 0.23394538835286
19 49052442 0.125356050680465
19 49052525 5e-04
19 49058685 0.266
19 49059481 0.430513496199541
19 49064143 0.9323
19 49068295 0.651299583288832
19 49083988 1.1521
19 49100731 2
19 49102273 0.0273
19 49117263 1.56517652314838
19 49122890 0.3419
19 49123130 0.341
19 49129243 0.348749920918016
19 49144361 0.502779395557741
19 49144807 0.2501
19 49154453 0.695864171068452
19 49161635 0.0866
19 49163667 2
19 49178757 2
19 49182224 0.1027
19 49203182 1.9852
19 49241401 2.0074
19 49242305 2.2131
19 49260899 0.582907621167348
19 49263043 0.407200479104069
19 49263233 2.2412
19 49265217 0.7335
19 49267855 2
19 49269921 0.6782
19 49274230 0.6782
19 49280521 2.5383
19 49315038 0.5471
19 49320504 2
19 49335634 0.5281
19 49335758 0.5191
19 49339567 1.1184
19 49361166 0.3131
19 49362529 1.1184
19 49375352 1.062
19 49381824 1.1184
19 49384959 1.1184
19 49385251 1.1184
19 49386235 5e-04
19 49390400 1.0989
19 49390770 2
19 49404887 2
19 49437936 2
19 49444347 2
19 49446149 2
19 49455384 2
19 49456107 2
19 49460422 2.04428962868784
19 49461720 2
19 49462244 2
19 49462864 2
19 49462979 2
19 49464423 2
19 49467748 2
19 49470527 0.276
19 49471129 0.276
19 49485157 5e-04
19 49507546 2
19 49510136 1.0944
19 49522653 1.142
19 49539610 0.349933711875738
19 49546164 1.4104
19 49566511 2
19 49571361 2
19 49586653 0.68327445938218
19 49599995 0.266915324788523
19 49602951 0.7165
19 49618387 1.0557
19 49622936 0.0428
19 49623314 1.4983
19 49625286 1.1182
19 49627176 1.1878
19 49634886 0.7365
19 49637299 0.0447
19 49651647 0.0056
19 49656173 0.0452613223310061
19 49658964 0.9217
19 49696628 0.6299
19 49701085 5e-04
19 49701086 5e-04
19 49701936 1e-04
19 49703500 0.473960900582275
19 49704517 0.6264
19 49768099 1.5722
19 49768667 0.5481
19 49772258 0.594
19 49804877 0.0798
19 49810467 2.1127
19 49862520 2.2035
19 49865104 0.0155
19 49930468 0
19 49933458 0.053591433263412
19 49935990 0.309948140337614
19 49953513 2
19 49961199 0.709
19 49968043 1.2789
19 49969938 2.8011
19 49989874 2
19 50025797 1.2282
19 50038886 2
19 50065590 1.3072
19 50091313 0.0542
19 50140011 0.29181730942982
19 50140175 1.0578
19 50154247 0.061
19 50188919 1.1383
19 50205416 0.790225868783303
19 50212219 0.0539
19 50219118 2
19 50221719 2
19 50233591 2
19 50237069 1.0081
19 50242151 0.7013
19 50245439 0
19 50251005 1.1662
19 50251438 1.44399434120508
19 50255806 2
19 50256499 3.1272
19 50263671 2
19 50270702 0.0263
19 50273137 1.0789
19 50273983 2
19 50296013 1.08533729073733
19 50311674 2
19 50313426 2
19 50319151 2
19 50333427 0.9259
19 50338780 0.521515766082964
19 50397620 2
19 50412605 0.874444940145101
19 50420720 0.247
19 50433542 0.509
19 50439526 0.6165
19 50440054 1.455
19 50445209 0.7505
19 50451327 0.7505
19 50466719 0.709
19 50470657 2
19 50472141 2
19 50498740 0.0078
19 50499153 1.2153
19 50500494 1.49901626021618
19 50506063 1.91326718149302
19 50512317 0.841158388508737
19 50512612 1.43216992586283
19 50515560 0.2759
19 50516147 0.285
19 50519885 2
19 50523642 0.2749
19 50526345 0.814694590711079
19 50527348 1.0609631344076
19 50538139 3.002
19 50564879 1.70714375931302
19 50565068 0.5462
19 50565158 0.4196
19 50567998 0.0078
19 50572593 0.3882
19 50582793 0.338988371686758
19 50582841 1.31209696542324
19 50584763 2
19 50585656 2
19 50586024 2
19 50587650 0.273497384125287
19 50592918 2.04114794764638
19 50596979 2
19 50597190 2
19 50598911 2
19 50603521 1.3622
19 50610269 0.1023
19 50623567 0.135
19 50629621 0.0897
19 50636269 1.7009
19 50652974 2
19 50659499 0.0817
19 50662811 2
19 50667931 2
19 50675584 2
19 50676801 2
19 50701876 0.3617
19 50706692 2
19 50725545 2
19 50732071 2
19 50745459 2
19 50750785 2
19 50750914 2
19 50750930 2
19 50752519 0.435554351471029
19 50753769 0.784
19 50754206 1.3104
19 50754736 1.2126
19 50757018 0.5032
19 50757030 0.5032
19 50760666 1.8051
19 50765145 0.943496870932221
19 50769834 2
19 50776764 0.138794667288208
19 50782021 0
19 50787194 0.6575
19 50809722 0.399
19 50818001 2
19 50819534 2
19 50831875 0.1068
19 50832534 0.0258
19 50832941 0.1003
19 50839061 6e-04
19 50839092 6e-04
19 50846302 2
19 50848470 2
19 50848678 2
19 50849559 2
19 50852909 2
19 50854757 1.43654562221793
19 50858681 1.13723430017633
19 50863283 2
19 50864145 1.4251
19 50867180 0.8595
19 50870841 2
19 50871711 0.3217
19 50902873 0.50967747433355
19 50906620 0.4502
19 50918847 0.6434
19 50919435 1.02912400400817
19 50932999 0.7516
19 50937402 0.214587987163424
19 50940588 0.5088
19 50945081 0.5206
19 50947081 2
19 50949450 2
19 50952178 0.9391
19 50970985 0.1206
19 50972799 0.5131
19 50976466 1.1906
19 50982805 0.4021
19 50983211 2
19 50983314 1.64858008475152
19 50992453 0.816973568332297
19 51019030 0.00546954578528627
19 51020235 2.17182476157085
19 51037493 0.507819796074908
19 51037563 0.868770382192821
19 51041291 2
19 51041693 2.40527904120616
19 51044838 2
19 51046422 0.358270051189763
19 51051440 0.390982674446625
19 51057766 1.07732411033652
19 51081694 2
19 51081855 2
19 51084386 2
19 51091850 1.1216
19 51095552 1.0839
19 51097145 2
19 51111791 0.0245553822285351
19 51129600 0.6275
19 51169371 2
19 51188393 0.413
19 51196555 0.4548
19 51201503 0.0472
19 51214320 1.5536
19 51224066 1.03159576887804
19 51246983 1.671
19 51248603 0.4843
19 51259145 0
19 51262616 1.5114
19 51272277 0.8347
19 51272863 0.8347
19 51272908 0.8347
19 51310587 0.4104
19 51311709 5e-04
19 51312636 0.3145
19 51313633 0.857
19 51314517 0.857
19 51319304 0.0088
19 51322795 2
19 51324881 2
19 51335748 1.65267806004658
19 51342302 0.439971021082782
19 51343784 0.941171905323647
19 51347036 0.4699
19 51353617 2
19 51356122 0.5843
19 51360595 0.03
19 51375469 2
19 51376626 1.30714253908379
19 51390677 0.8955
19 51394138 1.3595
19 51396045 1.3007
19 51400841 1.9332
19 51411667 1.6189
19 51425609 2
19 51435181 2
19 51437521 2
19 51447741 2.9027
19 51456136 0.7378
19 51470565 2
19 51481849 0.0396178479370758
19 51484768 0.294747528526764
19 51488897 0.152941094913961
19 51494418 2
19 51495082 2
19 51495369 0.0712
19 51497650 0.0580344615707854
19 51497740 0.871446471413359
19 51503097 2
19 51503309 2
19 51515463 2
19 51523699 0.8506
19 51529278 2
19 51536605 0.174612727311298
19 51538631 0.708512322305469
19 51551679 0.2823
19 51553286 0.681000295801083
19 51557604 2
19 51558357 0.146846695646286
19 51575102 0.471
19 51577809 0.687286747656739
19 51584795 0.7284
19 51608516 2
19 51608750 0.3908
19 51608754 2
19 51617982 2
19 51642078 2
19 51644660 2
19 51650084 2
19 51654914 2
19 51660800 0.646729311798358
19 51660836 5e-04
19 51675042 1e-04
19 51675297 0.0561
19 51677555 2
19 51677705 5e-04
19 51678545 2
19 51681291 2
19 51689152 0.1387899734219
19 51691808 0.240335448720245
19 51699862 2
19 51715089 1.66264565131397
19 51716685 2
19 51724663 2
19 51727003 0.180590134329296
19 51729072 1.7012
19 51734303 1.2757
19 51735579 2
19 51738444 2
19 51743721 0.9299
19 51744456 0.9846
19 51750454 2
19 51753248 0.6603
19 51755288 0.7943
19 51758810 2
19 51759372 2
19 51763821 2
19 51782576 0.2912
19 51788832 0.2772
19 51818058 2
19 51837060 2
19 51850096 1.3456
19 51854333 0.0264
19 51856844 2
19 51861724 2
19 51862401 2
19 51870368 1.3396
19 51874296 1.3337
19 51880833 2
19 51910466 2
19 51916100 2
19 51916424 5e-04
19 51922899 2
19 51929462 1.1709
19 51935094 2
19 51938630 2
19 51942475 2
19 51956892 0.7383
19 51987699 2
19 51998379 2
19 52005996 2
19 52016355 2
19 52031385 2.8204
19 52049331 0.4913
19 52058912 5e-04
19 52064073 2
19 52064379 1.01649448356452
19 52072639 1.4067
19 52074367 1.4067
19 52074621 0.6484
19 52082941 0.567
19 52090465 0.567
19 52091913 1.4016
19 52143584 1.14219919833023
19 52164949 0.14561994477385
19 52167585 1.8907
19 52179259 1.0414
19 52181450 0.461497143057144
19 52186592 1.20262065034186
19 52191211 1.4315
19 52196262 0.194151556744837
19 52206493 1.5729981238768
19 52209376 2
19 52220331 2
19 52226446 2
19 52229642 2
19 52242496 1.4315
19 52243544 1.1677
19 52244295 0.784
19 52258401 1.2274
19 52259518 1.11481503451696
19 52259858 0.5557
19 52263473 2
19 52268480 5e-04
19 52276202 0.9518
19 52276207 1.3184
19 52278003 2
19 52278231 1.0186
19 52288876 2
19 52290008 2
19 52297050 5e-04
19 52306943 1.5818
19 52318108 2
19 52335087 1.2722
19 52337709 2
19 52342924 2
19 52350988 2
19 52355754 2
19 52360689 0.8709
19 52362746 1.4637
19 52365630 0.8709
19 52387747 0.677523148882456
19 52393859 0.6407
19 52394860 0.0015
19 52406736 0.1776
19 52433378 1.7519
19 52458584 0.169
19 52472328 0.9195
19 52483983 2
19 52487011 2
19 52494369 0.5096
19 52496360 0.5412
19 52496491 2.10078014411829
19 52496917 1.4315
19 52498121 0.5096
19 52498417 0.5096
19 52499959 0.5096
19 52500630 0.5096
19 52505738 2
19 52507149 0.5096
19 52507246 2
19 52529744 0.7948
19 52529799 0.7948
19 52539224 0.7517
19 52542761 2
19 52555176 2
19 52563640 0.2093
19 52573365 0.628
19 52587082 2
19 52588477 2
19 52589642 2
19 52589689 2
19 52599097 0.8075
19 52599615 1.4412
19 52600622 2
19 52608369 5e-04
19 52611518 2
19 52617140 2
19 52618505 0.731387356420471
19 52622966 2
19 52628269 2
19 52628703 2
19 52630344 2.8716
19 52630958 1.0759
19 52632173 2.14229645337262
19 52634594 1.0759
19 52635169 0.357242071687619
19 52649670 0.135461948816665
19 52650261 6e-04
19 52658156 1.3056
19 52659355 2
19 52669068 1.25741414891023
19 52676686 0.437687384267262
19 52676821 0.3732
19 52676836 2
19 52683549 0.327470470321766
19 52685356 2
19 52685915 0
19 52687053 0.160881933310332
19 52696646 2
19 52703065 0.324993579161336
19 52703929 0.0660107770280304
19 52708402 0.5747
19 52710686 0.5747
19 52714754 2
19 52729068 1.0175
19 52731070 0.7567
19 52750163 1.0351
19 52754796 1.3052
19 52756500 2
19 52758158 0.4214
19 52758970 0.5629
19 52758987 0.5336
19 52761390 0.0883
19 52762280 0.1049
19 52762304 0.0527
19 52763836 2
19 52769686 2
19 52777894 1.373
19 52778226 1.373
19 52781981 0.8751
19 52789591 0.0655
19 52790166 0.974647432108368
19 52796557 0.100348496710991
19 52799200 1.059163944438
19 52802783 0.151274160679418
19 52809578 0.104724653582027
19 52817551 0.302080318835011
19 52819617 0.3638
19 52821185 0.0077
19 52828661 0.8451
19 52830199 0.5473
19 52830618 1.38086627865733
19 52831746 0.7484
19 52836508 0.460846838732137
19 52836577 5e-04
19 52840865 0.888366111867085
19 52850670 0.575227342724667
19 52850830 0.284196031317374
19 52857045 0.2244
19 52865087 1.31795811245722
19 52869103 0.591659262935147
19 52875437 0.5736
19 52885759 0.6737
19 52887253 0.6737
19 52889873 0.6737
19 52890784 0.6737
19 52892836 1.30362726544689
19 52894390 0.5861
19 52894699 0.9075
19 52897507 0.3795
19 52916680 1.0107
19 52928725 1.0682
19 52935214 0.5653
19 52937574 0.30027902613126
19 52939456 2
19 52941910 2
19 52942014 2
19 52950630 2.5952
19 52964472 0.7804
19 53034338 2
19 53044593 0.0453
19 53054879 0.6804
19 53058014 1.23671759506869
19 53061869 0.969487139649828
19 53074166 0.126185366687482
19 53088445 2.00761481202618
19 53092464 1.01587073741382
19 53092916 2.02903745156754
19 53095205 0.14261527498494
19 53096365 1.14087820841915
19 53096782 5e-04
19 53097229 0.049
19 53097592 0.219785285790793
19 53097912 2
19 53100734 1.1234
19 53100906 1.1234
19 53105713 0.906874839938882
19 53111180 0.140882575799879
19 53113687 0.853318146910563
19 53127247 1.60324945354513
19 53129643 2
19 53152079 2
19 53164098 1.34319123580735
19 53164551 0.682880075016517
19 53167460 0.611916480138766
19 53167462 0.348400753849424
19 53167928 2
19 53172579 2
19 53183384 0.0107
19 53184828 2
19 53184832 2
19 53191294 2
19 53204585 0.0910430231889988
19 53206970 1.68240862147246
19 53208917 2.16917534478081
19 53209608 1.34672393304173
19 53215180 0.111483215053097
19 53225122 0.609594469831749
19 53232102 1.35348949664064
19 53240546 1.1314
19 53245706 2
19 53245825 1.1314
19 53246529 0.3908
19 53246899 0.233983324301619
19 53247098 0.382772937686866
19 53247360 1.03686707788576
19 53254028 1.1314
19 53258353 0.720031958932939
19 53261877 0.740448696519232
19 53271166 0.9586
19 53285963 1.49678148720112
19 53291605 0.279707836341176
19 53300759 1.85526672437329
19 53304023 0.88660721797553
19 53309914 1.2282
19 53319445 2
19 53324486 1.94180806324813
19 53331266 0.309090910419322
19 53331881 1.27732030464574
19 53333341 1.17503369990482
19 53333554 2
19 53338544 2
19 53338619 2
19 53346346 2
19 53346703 0.0742
19 53355929 1.49687971598591
19 53356798 1.10649157963478
19 53360145 0.539943959284029
19 53366217 2
19 53366363 0.232343188115059
19 53368807 2
19 53374196 0.145
19 53377471 2
19 53388260 2
19 53390582 2
19 53406178 0.210623048736368
19 53406420 1.03535800696194
19 53414234 0.0107
19 53414458 5e-04
19 53414462 5e-04
19 53414495 5e-04
19 53416048 0.457839284139084
19 53416062 0.9371
19 53416100 0.793216437008127
19 53416272 0.977659557910207
19 53419034 1.33560223417506
19 53421020 2
19 53421523 2
19 53436207 0.159
19 53442656 0.2333
19 53450079 0.5185
19 53454438 2
19 53457084 2
19 53465628 2
19 53471341 0.7477
19 53478165 0.4361
19 53480601 0.8827
19 53485878 1.6749
19 53489304 1.8045
19 53495239 2
19 53497480 2
19 53501750 2
19 53502507 2
19 53503290 2
19 53506456 0.307250928703405
19 53512805 0.3908
19 53515658 2.3847
19 53520776 1.8447
19 53520979 1.7793
19 53532827 1.3061
19 53540581 1.31137202565158
19 53544404 1.6784
19 53545004 0.3217
19 53551321 0.323
19 53559777 2
19 53564068 8e-04
19 53569503 2
19 53572179 0.5493
19 53572614 0.218084277291938
19 53581723 2
19 53588225 2
19 53588621 2
19 53607810 2
19 53607954 0.386286357897349
19 53609326 2.31381073207574
19 53609351 2
19 53610623 0.284081060288683
19 53610665 1.55710746735821
19 53610897 0.8417
19 53631245 2
19 53648942 1.20031011094241
19 53652612 0.247166554199402
19 53655224 1.22266616268311
19 53658331 0.156831693236473
19 53663431 1.17498286216277
19 53664389 0.626630650566923
19 53664417 1.4786
19 53669063 0.770494952603313
19 53671626 2
19 53672509 1.3359
19 53674941 2
19 53675996 2
19 53680228 2
19 53682718 2
19 53682897 2
19 53695756 2.0661
19 53703872 2
19 53706127 2
19 53709237 2
19 53712211 2
19 53713701 2
19 53721462 2
19 53728695 2
19 53743897 2
19 53744677 2.8758
19 53754494 0.9698
19 53758390 0.772462182697523
19 53762888 2
19 53765126 2
19 53774032 2
19 53774733 2
19 53776701 2
19 53778197 2
19 53779673 2
19 53781351 1.3137
19 53792974 2
19 53793724 1.6119
19 53794947 1.6065176546603
19 53795075 0.45911244017028
19 53795112 1.18683275573687
19 53795120 0.6258
19 53799051 2
19 53802144 0.9145
19 53813869 5e-04
19 53814702 2
19 53818675 2
19 53820021 2
19 53823510 5e-04
19 53827348 1.7304
19 53830381 5e-04
19 53833980 2
19 53834067 2
19 53834745 2
19 53836670 1.31232729902821
19 53836835 2.55127856189011
19 53837337 2.0367
19 53843594 0
19 53846343 2.1171
19 53876895 0.0286
19 53891844 0.190333500700061
19 53918597 0.607536227570524
19 53919566 0.0369951855695695
19 53920106 0.652307236740731
19 53921775 0.198651068238827
19 53923619 0.742498509196569
19 53924281 2
19 53925562 5e-04
19 53950554 5e-04
19 53959115 0
19 53964548 2
19 53984846 0.722116678359843
19 53987582 2
19 53991076 1.23826565857705
19 53993568 0.1188
19 54004815 1.90209911862616
19 54007034 2
19 54009728 0.504665813796708
19 54011694 2
19 54018806 2
19 54022110 2
19 54025065 2
19 54029884 0.7577
19 54036503 1.95187426381011
19 54036964 0.195677345600216
19 54037672 2
19 54042525 2.6692
19 54042844 0.794016833225768
19 54044765 0.1858
19 54047576 2
19 54047863 2
19 54051696 0.149
19 54059856 0.0261
19 54059992 0.632312596837714
19 54067244 2
19 54070330 2.2095
19 54071342 2
19 54080164 2
19 54080486 2
19 54081169 0.0284461616316707
19 54085342 2
19 54090789 2
19 54092558 1.49212322106229
19 54100109 2
19 54111244 1.1785
19 54114852 0.0066
19 54119210 2
19 54133776 0.153555858663765
19 54133888 2e-04
19 54133892 3e-04
19 54162234 2
19 54194290 1.7112
19 54202904 2
19 54204837 2
19 54215195 2
19 54220007 0.2811
19 54226623 0.0284409743595862
19 54227335 2
19 54227676 2
19 54233855 0.562587367456594
19 54239341 0.152788431002752
19 54259052 0.0078
19 54261651 1.3933
19 54262496 1.4082
19 54262510 0.218938695133297
19 54263050 1.4082
19 54265466 1.4159
19 54266973 0.818886721816085
19 54270738 1.1361
19 54277700 0.0018
19 54279064 0.0017
19 54280275 0.0017
19 54281081 0.0017
19 54283071 0.699978228530491
19 54289184 0.162521650600553
19 54309202 0.874223954162942
19 54315389 2
19 54317278 2
19 54330955 1.3958
19 54332776 2
19 54334624 2
19 54337715 2
19 54340057 2
19 54345731 5e-04
19 54353877 0.0508201904838716
19 54360741 2
19 54360742 2
19 54373218 1.1364
19 54373270 0.0078
19 54383249 5e-04
19 54386696 2
19 54397718 0.585172341720154
19 54398911 0.4087
19 54409009 2
19 54413377 0.4347
19 54413415 0.0237
19 54419778 2
19 54432481 2
19 54437026 2.0005
19 54441577 2
19 54443861 0.806918290039608
19 54449325 1.3359527147111
19 54449524 0.243265419207181
19 54450707 1.04168777622998
19 54451290 0.463200400106088
19 54470776 1.06305462099975
19 54472581 5e-04
19 54474288 0.626584036680768
19 54477468 2
19 54481061 0.0078
19 54491873 0.0228680480063511
19 54494052 1.87011188261525
19 54495251 2
19 54495886 2
19 54499406 2
19 54505454 2
19 54508223 0.308410551024714
19 54512184 2
19 54512643 0.403750992426356
19 54521110 2.15229540866302
19 54521681 1.31605461573229
19 54522316 0.272807609679132
19 54522975 1.41201490115193
19 54526604 0.615284446566385
19 54548687 0.000413165306388792
19 54549558 2
19 54551545 0.167017964463405
19 54554248 2
19 54562203 2.8716
19 54581520 2
19 54605014 2
19 54606761 2
19 54608437 0.47289425302715
19 54617828 2
19 54618069 2
19 54619115 0.369286944147589
19 54622451 0.229891531058991
19 54625773 2
19 54631479 0.337067237333413
19 54637391 1.60439954406963
19 54660452 1.2694
19 54660706 0.64063134386748
19 54664811 2
19 54679631 2
19 54681410 1.2141
19 54688107 2
19 54690893 2.0859
19 54699375 5e-04
19 54700079 5e-04
19 54710324 0.10696854140942
19 54711675 5e-04
19 54712596 2e-04
19 54713042 1.3778
19 54724925 2.01638937015347
19 54727304 0.112365752295582
19 54732246 0.026
19 54732258 0.656701936235524
19 54736515 2
19 54736785 2
19 54744776 2
19 54744919 2e-04
19 54747198 0.959806918635231
19 54752589 2.5969
19 54754653 0.676397557831503
19 54755277 0.0734086907882525
19 54755711 0.537485770386651
19 54756585 2
19 54767413 2
19 54769439 0.641303151427958
19 54769918 2
19 54772536 2
19 54772883 2
19 54787834 0.510907208291347
19 54789423 0.2455
19 54791863 0.665048340140169
19 54799923 2
19 54804542 0.8245
19 54806214 0.551975209175062
19 54807723 5e-04
19 54813785 0.266339342742232
19 54815104 2.07979541282441
19 54817200 2
19 54817504 5e-04
19 54819301 0.093
19 54821146 1.2632
19 54828002 2
19 54829386 0.5375
19 54830120 0.7428
19 54832595 0.171
19 54833099 1.0721
19 54833422 2
19 54835518 0.7903
19 54837018 2
19 54838057 0.5375
19 54839254 1.687
19 54839908 0.267833739184568
19 54841840 0.7428
19 54842797 0.7428
19 54844593 0.102642067541805
19 54844699 1.31122419131206
19 54844960 1.14222765511671
19 54849944 2
19 54851404 0.7603
19 54856723 2
19 54858404 2
19 54860712 2
19 54861211 0.544247270052242
19 54870060 2
19 54879145 1.22741858544146
19 54883938 2
19 54889090 0.1456
19 54894375 0.261031283527865
19 54895295 0.58759828911324
19 54895488 0.103709295798741
19 54896866 1.3703
19 54896991 2
19 54897049 1.8524
19 54897135 0.4212
19 54897454 2
19 54897756 0.363554241016177
19 54902446 1.7901
19 54902813 1.2762
19 54903266 1.7901
19 54903433 1.396
19 54905508 1.7901
19 54906111 1.8021
19 54915980 2
19 54917548 2
19 54919672 1.5809
19 54921899 1.58567034920978
19 54922953 1.6159
19 54923207 0.666594839241683
19 54931042 2
19 54934407 1.1555
19 54968218 0.4246
19 54973075 2
19 54982820 2
19 54983283 2
19 54983372 2
19 54983513 2
19 54985671 2
19 54993840 0.25898420411375
19 54995171 1.68837981827751
19 55002847 1.0552
19 55008678 1.75552860896262
19 55009790 2
19 55011117 2
19 55024316 2
19 55028500 2
19 55028915 2
19 55033194 6e-04
19 55033198 2e-04
19 55033319 0.0011
19 55038129 2
19 55038912 0.0933
19 55040776 0.0933
19 55041068 2
19 55042770 2
19 55043031 0.3135
19 55051006 0.27084639696338
19 55076204 0.5734
19 55104180 0.829731096949482
19 55112745 0.8384
19 55147449 0.710654569825694
19 55147475 0.519847870678404
19 55164068 2
19 55178752 2
19 55184356 2
19 55186521 1.2792
19 55189004 1.2523
19 55202868 2.5345
19 55208691 6e-04
19 55213075 0.9157
19 55265775 2
19 55314387 2
19 55327173 0.026
19 55337777 1.2252
19 55361907 0.785786823076984
19 55370977 2
19 55374954 1e-04
19 55384220 0.4111
19 55391573 1.594
19 55414197 0.216012277025551
19 55416127 2
19 55430460 0.4464085615302
19 55440885 2.4785
19 55454979 0.1865
19 55483905 0.409097091091816
19 55497231 2
19 55504896 2
19 55514444 2
19 55515295 2
19 55516741 1.442
19 55528106 1.4496
19 55533567 1.12411002497617
19 55535797 2
19 55536812 2
19 55549705 2
19 55556033 1.48897864698858
19 55556034 0.519028315133336
19 55556869 2.11918492608585
19 55558838 1.7535
19 55559076 1.7604
19 55559927 2
19 55561634 1.7604
19 55561737 0
19 55563747 2
19 55563887 6e-04
19 55564118 5e-04
19 55565466 2.8858
19 55565700 2
19 55580308 2
19 55586899 0.819673813126603
19 55602871 0.1755
19 55624617 1.6321
19 55634062 0.0389
19 55637599 0.9222
19 55654109 2
19 55663783 0.0162
19 55738079 0.00106562846133081
19 55742640 2
19 55776725 2
19 55782048 2
19 55785216 2
19 55785242 2
19 55794802 2
19 55796806 2
19 55797833 1.5363
19 55799504 2
19 55808834 1.5363
19 55811843 0.6582
19 55816336 0.5583
19 55820923 0.9693
19 55821262 0.9693
19 55848541 0.9518
19 55850078 2
19 55850152 0.0078
19 55850849 0.327
19 55874587 0.295569839465954
19 55878487 0
19 55878592 2
19 55881554 0.489
19 55883153 3.1263
19 55889967 0.329698595118008
19 55890738 2
19 55900052 0.936380941773296
19 55900244 0.448811049699909
19 55901180 1.33292868542295
19 55906461 2
19 55911610 0.1244
19 55930611 0.9336
19 55930933 1.52021880200033
19 55935245 0.0499370922801843
19 55936507 0.637768233990353
19 55936562 0.198153757597993
19 55938854 2
19 55943522 1.01272022655052
19 55963960 0.54532480147831
19 55965660 0.860165637407035
19 55967796 1.4076
19 55972414 1.0135
19 55987913 2.09612936578858
19 55988444 0.17953767141062
19 55992229 2
19 55998531 0.1629
19 56003220 0.7811
19 56005532 1.2942
19 56006428 0.962605883517679
19 56006725 0.0913735136747391
19 56007994 0.4494
19 56008290 1.5747
19 56008492 2
19 56008725 2
19 56010885 5e-04
19 56021217 0.85
19 56024454 0.8825
19 56037026 0.8018
19 56040824 1.8181
19 56042604 0.7047
19 56043863 0.4842
19 56044700 0.538549147541447
19 56046344 0.0365646775007083
19 56051395 0.286878898163499
19 56056307 0.571
19 56061958 3.2943
19 56063448 1.7056
19 56067761 0.0676881682225367
19 56090672 2.5965
19 56098640 0
19 56103844 5e-04
19 56104499 1.0759
19 56119948 0.448769312762662
19 56119981 0.0107
19 56121100 7e-04
19 56133737 2
19 56186434 2.2407
19 56207500 2
19 56209685 2
19 56211273 2
19 56214064 2
19 56215774 2
19 56218288 2
19 56221072 2
19 56230439 0.258
19 56230619 0
19 56232732 1.08008744262355
19 56234709 2
19 56235086 6e-04
19 56239306 2
19 56239464 2
19 56239609 2
19 56239738 0.1135
19 56239934 0.1553
19 56247868 1.10998392194975
19 56284505 2
19 56302607 7e-04
19 56320139 0.0986522351467373
19 56321653 2
19 56330448 0.00064601500219774
19 56339810 0.457618578391056
19 56347496 2.02329155632606
19 56379781 2.0859
19 56387612 0.4519
19 56394867 1.0468996125356
19 56428798 0.698701428300574
19 56442494 2
19 56454512 0.7716
19 56464017 0.5751
19 56466423 0.5751
19 56470346 0.832
19 56471241 2
19 56474582 2
19 56496622 2
19 56501578 0.415567918563588
19 56503330 2
19 56506713 1.26234925415535
19 56507628 2
19 56509385 2
19 56513843 2
19 56518468 0.3947
19 56526892 2
19 56528421 0.60900743840886
19 56529631 2
19 56530878 2
19 56531038 0.223993258027297
19 56532197 5e-04
19 56536871 0.17958123341637
19 56557944 2
19 56561052 2
19 56573855 2
19 56578007 2
19 56582750 1.4946
19 56587060 2
19 56588912 2
19 56591910 1.02469979958691
19 56594596 2
19 56601881 2
19 56604084 1.58790923900604
19 56617388 2
19 56617969 2
19 56619239 0.474968746559978
19 56626522 0.323008423335788
19 56634619 0.768289480556865
19 56634895 0.404277094033719
19 56640285 1.43840629053799
19 56651174 0.529310768018358
19 56658704 2
19 56661949 2
19 56662214 2
19 56662407 2
19 56665679 0.7401
19 56681976 0.3492
19 56698748 1.8291
19 56699575 0.0638
19 56708769 0.0263
19 56713022 0.3863
19 56723668 0.2788
19 56724649 0.2788
19 56732438 2
19 56742235 0.720408973371355
19 56742569 0.177487445830234
19 56753765 0.1021
19 56772857 9e-04
19 56835798 2
19 56846170 2
19 56852728 2
19 56870557 0.269962922695008
19 56873948 0.7757
19 56875178 0.0564
19 56879907 2.1889
19 56888081 0.339914406253447
19 56915151 0.694596386638212
19 56919508 2
19 56931795 1.51535517133375
19 56936179 1.53102429214133
19 56936921 0.303541176184892
19 56937925 1.65485713821197
19 56941173 2
19 56943001 0.446034012531189
19 56956328 0.376627000917127
19 56959122 2
19 56973370 0.742606868537061
19 56985693 2
19 56994803 2
19 56997804 2
19 57001018 0.526783166927951
19 57003859 1.85377378468506
19 57010716 0.1231
19 57013265 2
19 57013536 2
19 57013985 2
19 57014917 2
19 57018381 2
19 57020201 1e-04
19 57036921 0.183
19 57045509 2
19 57050386 2
19 57052211 2
19 57064186 0.4168
19 57070632 0.2855
19 57082483 1.07748406626092
19 57089337 2
19 57090156 0.8263
19 57097533 0.314998905464356
19 57100565 1.7012
19 57125298 2
19 57126391 2
19 57131731 2
19 57140972 0.6173
19 57146460 1e-04
19 57146852 2
19 57147877 2
19 57148161 2
19 57149870 2
19 57165028 0.244950385340952
19 57172758 1.3476
19 57174246 1.335
19 57178810 1.3541
19 57185412 0.1902
19 57211074 1.4011
19 57230274 0.192860983041247
19 57230467 1.36911102534259
19 57240604 2
19 57244853 2
19 57245415 0.0124177657241687
19 57278919 0.409810517360665
19 57290165 2
19 57297650 1.2727
19 57305270 1.10428046965996
19 57311476 0.3126
19 57319209 3e-04
19 57319329 0.0532570175820521
19 57325950 2
19 57330861 1.37558473243353
19 57331247 2
19 57331606 0.97494655224487
19 57336839 1.28611982972906
19 57351914 2
19 57363284 2
19 57363586 0.0948
19 57367204 0.0948
19 57382303 2
19 57387165 0.488320882311491
19 57398459 2
19 57409403 2
19 57415453 2
19 57432318 2.859
19 57450880 2
19 57451438 2
19 57460030 0.878669397204652
19 57468614 1.04783489230696
19 57471710 2
19 57472543 2
19 57499617 5e-04
19 57511069 2
19 57550906 1.54518201785562
19 57568291 0.21863126853076
19 57601706 0.193571916566144
19 57626435 0.59732210706046
19 57631413 2
19 57633347 0.179413629948318
19 57638720 2
19 57643105 1.73785185993761
19 57645722 0.161032002990703
19 57662654 1.74903089546406
19 57669494 1.05743358106401
19 57669785 1.27290908313635
19 57689260 1.89889611046632
19 57702911 0.8866
19 57710928 1.6483
19 57725236 1.2451
19 57725401 2
19 57737218 2
19 57740129 0.8951
19 57763541 0.0544275733705888
19 57764436 1.05721737098349
19 57789907 0.216102215851472
19 57796517 2
19 57803905 0.582088829700124
19 57804822 0.6984
19 57813061 2
19 57813776 0.0078
19 57816864 2
19 57826975 2
19 57831043 0.444381836650691
19 57852541 0
19 57867556 0.5645
19 57867721 2
19 57867803 0.5645
19 57872553 2
19 57878529 0.328139922904865
19 57883316 1.3903
19 57895545 2
19 57925343 0.7097
19 57941974 2
19 57950917 2
19 57964956 2
19 57972341 0.7805
19 57985710 0.7805
19 57997988 2
19 58002727 2
19 58005354 1.404
19 58014719 2
19 58016935 2
19 58022242 1.411
19 58024536 2
19 58031057 0.465988378644866
19 58068555 2
19 58070536 2
19 58074376 2
19 58078232 2
19 58087303 1.28373553625148
19 58088076 2.83819771195008
19 58089310 1e-04
19 58093630 0.7086
19 58112641 0.0933
19 58114497 0.087
19 58115375 0.087
19 58147780 5e-04
19 58147995 0.8897
19 58148366 5e-04
19 58150365 0.6129
19 58181319 0.003
19 58189093 2.1724
19 58211307 1.0955
19 58215379 0.769612644638357
19 58226845 0.0586411611675376
19 58229657 2
19 58242571 2
19 58256811 2
19 58264371 2
19 58266242 2
19 58275809 1.00886634277383
19 58282230 2
19 58285157 2
19 58287319 2
19 58290152 2
19 58298848 1.3866212314865
19 58301291 2
19 58375064 1.2134045977372
19 58387069 2
19 58392099 2
19 58393742 2
19 58395222 2
19 58398379 2
19 58405362 0.7462
19 58406051 2
19 58406970 2
19 58425275 2
19 58440265 1.80979438000437
19 58449114 2
19 58452108 2
19 58452347 2
19 58493661 5e-04
19 58494082 1.80392009106058
19 58504507 0.17227081680345
19 58504849 2
19 58511799 2
19 58526534 0.0241
19 58537888 2
19 58542353 5e-04
19 58542583 4e-04
19 58542606 5e-04
19 58545385 2
19 58559954 2
19 58564922 5e-04
19 58572814 0.0435243498107428
19 58581872 2
19 58583759 2
