chr pos logPval
20 100014 0.0502
20 101371 0.6326
20 102619 2.0917
20 153759 0.4631
20 155820 1.0716
20 157033 0.213444575244151
20 158721 0.0496
20 163409 1.0716
20 174069 0.5393
20 178648 0.567311210967803
20 187439 0.401777031164859
20 187498 0.8817
20 226672 3.1148
20 228821 2.7095
20 231902 0.0072
20 232009 1.1818
20 234836 1.8112
20 238142 1.1523
20 240872 1.2001
20 244773 1.2001
20 248099 1.2001
20 254948 2.7865
20 255687 0.5264
20 262711 0.2363
20 263038 0.425452863748514
20 279759 0.5838
20 286812 0.606
20 287629 0.606
20 287837 0.9872
20 293331 1.4645
20 301778 0.8811
20 305871 1.2752
20 306627 0.4906
20 306642 1.67504180471786
20 308718 0.3897
20 352819 0.00562201288456787
20 359913 0.116334420507346
20 362051 0.975649826541637
20 367230 0.2363
20 373694 0.8426
20 374221 0.7964
20 374743 0.819
20 374955 0.5073
20 377922 0.8291
20 394462 1.1262
20 398287 1.4724
20 398327 1.6561
20 407083 0.731387308235864
20 408003 2e-04
20 411691 2.382
20 417955 2.5866
20 444790 0.4547
20 446426 0.4424
20 449266 0.3954
20 456818 0.3592
20 463252 0.0137
20 470178 2.4664
20 505905 1.79533862354677
20 506123 2.6905
20 512114 0.4253
20 529190 2.991
20 542261 5e-04
20 550530 0.4052
20 562657 0.4019
20 566915 2.6476
20 566947 1.9181
20 569263 0.812955180078211
20 585289 0.11366933971817
20 594996 0.7308
20 614517 1.0717774767099
20 624679 0.247226542350961
20 628723 0.5363
20 640179 0.816479353776027
20 641930 5e-04
20 641944 1e-04
20 644623 1.1802
20 649983 0.9376
20 674731 6e-04
20 677689 1.4173292250401
20 680841 1.05745598218529
20 688666 0.344379817859907
20 727183 0.1283
20 733492 4.7963
20 749854 0.087
20 750249 0.7517
20 750361 0.6801
20 752300 0.7517
20 756909 0.087
20 768330 0.2469
20 771724 0.1827
20 783488 1.1955
20 817808 0.9022
20 818112 0.121721554854791
20 827056 1.3792
20 831358 0.0616665854083444
20 835258 0.562735924227675
20 852722 0.3935
20 859762 0.2061
20 877417 1.1347
20 894385 1.5467
20 948861 1.53409533264045
20 965819 1.0186
20 973721 2
20 979029 5e-04
20 983640 2
20 984153 1.1223
20 984922 0.074005767337301
20 987205 0.9854
20 1044615 2
20 1050806 1.3309
20 1058773 2
20 1070253 2
20 1095841 0.1075
20 1100177 1.1818
20 1131525 2
20 1133216 1.1818
20 1138834 2
20 1141922 2
20 1182535 0.3396
20 1187759 2
20 1219937 2
20 1226494 1.0675
20 1273070 2
20 1285759 2
20 1310055 0.527861435624917
20 1311805 0.4781
20 1332593 5e-04
20 1334508 0.7977
20 1351297 2
20 1352235 1.06859839736393
20 1353234 0.82
20 1355047 0.82
20 1355462 0.82
20 1400920 2
20 1401014 0.3287
20 1402681 2
20 1404144 2
20 1404300 2
20 1416766 2
20 1420617 2
20 1439691 2
20 1488647 0.164936204535383
20 1494117 1.22747149022784
20 1495699 0.443833747008084
20 1497015 2.2270905997418
20 1517347 0.5488
20 1520565 0.837802294574074
20 1526988 0.6342
20 1563883 1.2074
20 1616529 1.2074
20 1627369 2
20 1650690 2
20 1652007 2
20 1661838 0.776
20 1675971 0.7319
20 1684928 0.393
20 1699463 0.742365086789538
20 1708624 2
20 1717222 2
20 1718864 2
20 1746396 2
20 1747529 0.297
20 1747836 2
20 1766823 2
20 1786651 2
20 1803854 2
20 1822442 2
20 1854355 2
20 1867557 2
20 1872449 0.1054
20 1881774 2
20 1895264 5e-04
20 1904497 1.0509
20 1929566 0.8034
20 1936644 1.20335224271418
20 1949016 2
20 1954231 0.5282
20 1954848 2
20 1959858 2
20 1977499 2
20 1986403 2
20 2011308 0.9288
20 2037121 0.011
20 2048192 2
20 2065726 0.575970025056045
20 2077715 1.13879632681426
20 2086135 0.0576
20 2092646 0.137593664619407
20 2145938 1.54251553074121
20 2152978 0.41540550668663
20 2161006 0.0259623837478613
20 2178693 0.3348
20 2182010 0.2782
20 2207298 2
20 2207774 2
20 2208408 2
20 2210716 0.153258501829468
20 2212281 0.0369
20 2215186 2
20 2220568 0.670259173463315
20 2233495 1.75217850193358
20 2242155 1.2233
20 2246787 0.2629
20 2252038 3.0014
20 2264355 0.722699878196116
20 2278370 0.489268848387669
20 2280322 1.11353016185075
20 2297382 0.419800402216707
20 2297674 0.0117
20 2298789 0.693524105039164
20 2299248 0.783453736431075
20 2301324 0.27947568916494
20 2311627 0.86914340801043
20 2313682 1.3535
20 2316438 0.0120757175179365
20 2319962 0.2857471800171
20 2347557 2.302
20 2359419 2
20 2360450 2
20 2361220 2
20 2361235 0.322033395777025
20 2364541 0.238017478374686
20 2367503 0.560692109036514
20 2376845 0.171411852687667
20 2381382 0.1905
20 2393172 0.6184
20 2398314 1.2017
20 2417010 1.2161
20 2418893 1.14242915108554
20 2434947 1.2555
20 2443894 2.0647366025932
20 2478525 0.0881
20 2497588 1.1507653142652
20 2499288 0.752723712216908
20 2501679 0.678970073894489
20 2503871 2.1347742655006
20 2510563 0.0724406157227526
20 2520050 1.4748
20 2526440 0.5649
20 2530384 2
20 2532764 2
20 2533484 2
20 2534533 2
20 2537179 2
20 2548138 2
20 2548922 2
20 2553799 2
20 2560438 0.130578880125226
20 2561564 2.0815
20 2561780 2
20 2564573 0.883851535139008
20 2570695 2
20 2572296 2
20 2574774 2
20 2576811 2
20 2580070 2
20 2596397 0.7659
20 2616352 1.0045
20 2623037 0.9567
20 2625334 0.9567
20 2629019 0.2495
20 2633012 0.1625
20 2633818 0.1553
20 2634091 0.1553
20 2636771 0.886907930040958
20 2639168 0.3142
20 2641744 0.7489
20 2645204 0.9567
20 2647002 0.3142
20 2648217 2
20 2649790 0.1557
20 2676041 0.384228457586953
20 2683728 0.849561207973703
20 2695241 5e-04
20 2695721 2
20 2697414 2
20 2698855 2
20 2704278 0.1728
20 2713498 1.2774
20 2723342 1.3712
20 2734801 2
20 2737020 1.0455
20 2748339 0.183
20 2750224 2
20 2753973 0.3218
20 2754999 0.0263
20 2771208 1.1905
20 2774553 1.7846
20 2786501 0.8868
20 2787443 1.2664
20 2788939 8e-04
20 2800795 0.7218
20 2803760 0.7218
20 2808336 0.5903
20 2822568 5e-04
20 2832174 1.1307
20 2853344 0.6099
20 2885330 0.8647
20 2912530 0.752
20 2935318 1.469
20 2947150 0.0502
20 2978880 0.8645
20 2980287 0.819
20 3013003 0.7813
20 3019233 0.7068
20 3032582 0.842760778644906
20 3032708 0.793
20 3054867 0.6486
20 3056514 0.1243
20 3063498 0.3862
20 3069920 1.175747213531
20 3072988 0.1355
20 3093104 0.5316
20 3104599 0.1359
20 3107364 0.9476
20 3119837 1.2774
20 3120219 1.2774
20 3124655 0.837
20 3133034 0.6194
20 3136376 5e-04
20 3143769 0.6007
20 3149944 0.6099
20 3152182 0.7838
20 3172959 0.9174
20 3178700 0.1609
20 3180364 0.7905
20 3196538 0.1609
20 3198715 0.0078
20 3217796 0.5927
20 3233198 0.3654
20 3239046 0.7158
20 3245990 1.8523
20 3246027 1.0691
20 3260967 1.0691
20 3263452 1.4384
20 3267276 1.4384
20 3280033 0.7493
20 3285902 1.4384
20 3294406 1.2978
20 3368990 1.4384
20 3369838 1.4384
20 3389093 1.4384
20 3407644 2
20 3430922 1.2186
20 3431647 1.0853
20 3441052 0.0076
20 3441401 0.3699
20 3464132 2.5897
20 3484766 0.8526
20 3492306 1.3064
20 3492866 0.0078
20 3509310 1.3064
20 3519008 0.8891
20 3527642 1.3064
20 3527903 1.3064
20 3552438 0.8951
20 3557893 0.9173
20 3560219 0.8912
20 3576660 0.0263
20 3580008 0.8912
20 3613647 0.8265
20 3613925 0.5863
20 3620519 1.0058
20 3623800 0.8065
20 3624689 0.7111
20 3629005 1.1861
20 3632763 0.0078
20 3661572 5e-04
20 3662665 0.9531
20 3665477 0.3645
20 3679000 2
20 3682317 1.6284
20 3684596 0.7448
20 3696448 0.9581
20 3729522 0.0053
20 3743184 0.741480054492115
20 3774404 2.1864
20 3787034 1.5946
20 3793748 5e-04
20 3811014 0
20 3828907 1.846
20 3830786 0.9246
20 3835241 1.1388
20 3852900 2.6444
20 3862612 2
20 3865213 2
20 3891919 2
20 3905138 0.407
20 3906964 0.407
20 3909867 0.407
20 3934417 2
20 3935733 2
20 3937511 0.4632
20 3939578 2
20 3940924 2
20 3943111 0.4755
20 3946441 2
20 3983878 2
20 3985050 2
20 3985062 2
20 3986706 2
20 3988023 2
20 3989947 2
20 3998771 4.4888
20 4002436 2
20 4031890 1e-04
20 4032407 1e-04
20 4037182 2
20 4038614 2
20 4043634 2
20 4051334 2
20 4053550 0.9213
20 4053726 0.9805
20 4057076 0.8318
20 4058797 0.8923
20 4059423 0.4812
20 4063506 0.0107
20 4066786 0.0171
20 4069264 0.0459
20 4080245 2
20 4086570 0.5073
20 4087836 0.5073
20 4089737 2e-04
20 4096702 0
20 4098134 0.927458092076014
20 4099375 0.3752
20 4101471 0.319185558520062
20 4103636 5e-04
20 4105650 0.561869727054833
20 4111227 1.0559
20 4112472 0
20 4123349 1.1313
20 4126402 5e-04
20 4130562 2.09242298892286
20 4131534 1.17480884321418
20 4132783 0.706491683197279
20 4135328 0.773551621605692
20 4145881 0.0249204155048628
20 4147964 2.4029
20 4154577 2
20 4156774 2
20 4157922 2
20 4172965 2
20 4182655 2
20 4196457 1.399
20 4226212 0.9038
20 4245350 2
20 4247316 1.6452
20 4259011 1.2011215735215
20 4259200 0.490915263873304
20 4279817 1.5338
20 4290027 1.0259
20 4296155 0.5674
20 4296980 1.07659116864794
20 4301445 1.4894
20 4311930 1.5621
20 4312411 2
20 4320160 2
20 4321018 2
20 4323719 2
20 4332885 0.345871976086173
20 4342230 1.0874
20 4345884 1.0874
20 4349386 0.281440784219834
20 4353737 0.0792707366212338
20 4364529 1.12093252507732
20 4372091 1.0659
20 4401253 2
20 4406793 0.0946
20 4412471 0.5902
20 4420953 0
20 4424033 0.8283
20 4427103 1.2797
20 4437233 2
20 4437447 2
20 4438597 2
20 4456110 1.5559
20 4457622 1.5467
20 4460111 2.2653
20 4463880 0.8994
20 4467801 1.0163
20 4469284 0.8154
20 4479906 0.0686
20 4481406 0.0477
20 4482162 5e-04
20 4488113 0.3117
20 4510738 1.2882
20 4533335 0.7587
20 4543759 0.1652
20 4547144 0.4018
20 4552686 2
20 4554639 0.3339
20 4564133 2
20 4566410 0.3339
20 4566959 0.4014
20 4567669 2
20 4571221 0.1364
20 4573279 0.3172
20 4579256 2.4547
20 4580161 0.0436
20 4589122 0.8893
20 4589917 1.0231
20 4600057 0.8048
20 4601379 0.8048
20 4610330 1.39499755327584
20 4612467 2.4244
20 4616680 0.5456
20 4622793 1.3769
20 4624871 1.14132753169022
20 4636212 1.12817325442682
20 4636745 1.0992
20 4642596 0.0856
20 4644677 1.3575
20 4650913 1.3575
20 4658102 0.0999091291756339
20 4694082 2
20 4713562 0.1085819325785
20 4721060 0.64526245212822
20 4733171 1.2154
20 4741264 0.1586
20 4741579 0.1586
20 4745470 0.0585
20 4745864 0.0585
20 4746489 0.0273
20 4754434 0.0851
20 4760129 0.2087
20 4760658 0.1191
20 4763334 8e-04
20 4765741 0.155
20 4768960 0.2252
20 4769055 0.0329
20 4771533 1.3479
20 4775495 0.4326
20 4783357 2.33905445458399
20 4784564 2
20 4785364 0.857726809399348
20 4791710 0.660564451699012
20 4798963 2
20 4799922 1.35458829224073
20 4801388 0.4929
20 4813782 0.287961013947662
20 4821360 0.446110863731525
20 4821840 0.698345676822409
20 4823256 2
20 4828088 2
20 4841617 2
20 4844867 2.7014
20 4846275 2
20 4848538 0.0053
20 4849766 0.815327664849116
20 4875546 2
20 4882458 2
20 4887663 0.601653534651431
20 4909321 2.0123
20 4915157 1.5199
20 4926197 1.5285
20 4929875 2
20 4940884 2.0683
20 4950470 1.5285
20 4958624 1.381
20 4973034 2
20 4987356 1.0244
20 4988369 0.226543587035395
20 4994785 0.2522
20 4999759 1.8206
20 5002102 1.8206
20 5002126 1.8206
20 5011319 0.6737
20 5011987 1.0537
20 5016260 2
20 5016687 2
20 5017131 2
20 5018018 2
20 5023327 1.1348
20 5027776 1e-04
20 5039023 0.1546
20 5041406 0.608011797170391
20 5050815 0.3274
20 5056558 0.8322
20 5067504 0.7522
20 5081143 1.1252
20 5081806 1.6851
20 5082194 0.3274
20 5092886 0.8442
20 5094413 0.8442
20 5096116 0.8442
20 5099234 3.3014
20 5102527 1.1348
20 5107207 1.6797
20 5111650 1.6727
20 5113847 1.3717
20 5121961 0.0263
20 5128057 1.4293
20 5140890 0.7144
20 5150615 2.7115
20 5168419 2
20 5192303 1.5184
20 5201015 2
20 5202781 0.0263
20 5203067 2
20 5206269 2
20 5208294 1.6341
20 5210225 2
20 5253698 1.77934530911521
20 5262185 1.2208
20 5269777 0.738593093384293
20 5276756 0.0103170171136128
20 5277022 0.122084607381351
20 5282744 2.07367856296991
20 5285579 2
20 5288319 1.3399
20 5291064 1.89782456023495
20 5300098 2
20 5302988 0.326259712488703
20 5303353 0.171655660205358
20 5303642 2
20 5306467 0.217367303957671
20 5308152 0.8496
20 5310395 1.0594
20 5310499 1.0444
20 5310611 0.8496
20 5311542 1.0444
20 5316526 0.1536
20 5319814 0.7578
20 5321805 0.7654
20 5334579 0.8285
20 5335064 1.12
20 5345932 2
20 5359548 0.7372
20 5360604 1.1162
20 5376185 2
20 5376452 1.2852
20 5380869 2
20 5394893 1.96868474005763
20 5395198 0.420402181752551
20 5407229 1.0093
20 5411009 0.523808668049269
20 5412021 2
20 5432077 2
20 5454184 5e-04
20 5466971 2
20 5485978 0.8506
20 5490174 2
20 5504924 2
20 5518589 2
20 5525717 0.7497
20 5527368 0.7591
20 5527711 0.7591
20 5529178 0.7591
20 5542434 2
20 5542747 2
20 5547998 0.9082
20 5563745 2
20 5563856 2
20 5577213 0.511
20 5581955 2
20 5584728 1.0659
20 5613464 0.3424
20 5615206 3e-04
20 5621840 0.4884
20 5640819 0.5471
20 5654630 1.08391259486596
20 5654792 0.588
20 5656029 0.895
20 5656737 2
20 5665885 2.13681045921094
20 5666007 1.8747
20 5696235 2
20 5697737 2
20 5697821 2
20 5698272 0.922210928463012
20 5701701 0.0078
20 5703560 1.1858
20 5711111 0.8592
20 5723371 1.6784
20 5730256 1.4437
20 5746510 0.7142
20 5753063 2
20 5753347 2
20 5764209 1e-04
20 5771370 2
20 5783576 2
20 5784851 0.7244
20 5786584 0.0958529208182305
20 5793005 0.1624
20 5795238 2
20 5798936 0.1887
20 5800239 0.1887
20 5804550 1.75650515433333
20 5806690 2
20 5817710 0.5525
20 5817833 2
20 5826906 1.6687
20 5830017 0.2886
20 5832936 1.1149
20 5857788 2
20 5866839 0.705823081938462
20 5866865 0.0874
20 5871803 2e-04
20 5871811 0
20 5887230 2
20 5892260 2
20 5909003 0.484
20 5915647 0.6863
20 6002624 5e-04
20 6007206 1.9814
20 6019512 0.237688080431535
20 6030122 2
20 6047079 2
20 6047432 2
20 6047434 0.7027
20 6049328 0.3091
20 6078671 0.623
20 6083773 0.7531
20 6084063 2
20 6110536 1.0786
20 6111939 1.0786
20 6113988 1.843
20 6119384 2
20 6126843 1.5822
20 6139100 1.2844
20 6142805 0.057764256837362
20 6147576 2
20 6167853 0.5181
20 6179187 0
20 6190472 2
20 6192709 1.95911062312557
20 6204247 0.0661
20 6206942 2
20 6209613 0.0113
20 6248671 0.149239622412678
20 6259246 0.137198486219738
20 6267009 0.152188435431898
20 6267512 0.156994447097597
20 6268643 1.16332911369103
20 6274664 0.568605884918052
20 6277318 0.831375528875106
20 6281825 0.393216185190145
20 6282921 0.44278341023465
20 6285213 2
20 6298680 2
20 6301051 1.14116854716822
20 6312613 0.336376974951182
20 6313898 1.22758528252612
20 6315820 2
20 6318362 0.458970540826372
20 6320769 2
20 6321781 0.400314696797396
20 6322133 2
20 6323037 2
20 6341435 0.6269
20 6350996 2
20 6351338 0.6437
20 6363613 2.3299
20 6365062 2
20 6381301 2
20 6384543 2
20 6386343 2
20 6396982 2
20 6399354 2
20 6399389 2
20 6399676 2
20 6402021 2
20 6412034 2
20 6423157 2
20 6425963 2
20 6430258 2
20 6438129 0.0966299331796389
20 6443210 0.194283176991477
20 6444210 1.44241582006913
20 6444511 1.36918705454424
20 6452088 0.1115
20 6461692 2.784
20 6462859 5e-04
20 6465503 0.7703
20 6465515 0.5535
20 6468581 0.7909
20 6494587 1.0874
20 6505893 0.751528587006435
20 6506621 0.742459707601355
20 6509098 0.70821043223997
20 6526242 1.4470353532535
20 6547919 1.06119399867651
20 6550591 0.0897
20 6559911 1.94411106641224
20 6574567 1.07629320373039
20 6585002 2
20 6596257 2.78229092972975
20 6611540 1.05484768366
20 6612260 0.611634304558011
20 6624325 1.65372377766085
20 6629230 0.5334
20 6630207 0.5334
20 6652254 0.2812
20 6654619 0.2901
20 6674433 2
20 6684885 2
20 6692673 0.456
20 6694944 2
20 6700701 2
20 6701344 2
20 6713171 2
20 6716508 2
20 6718660 2
20 6721017 2
20 6721781 1.2282
20 6728301 1.2225
20 6734312 2
20 6754370 1.9011
20 6759911 2
20 6765851 2
20 6780865 0.950220702378814
20 6785194 2
20 6791616 0.0745
20 6797708 0.0745
20 6814050 0.1124
20 6826492 0.2975
20 6856716 2
20 6861691 1.7336
20 6885316 1.7261
20 6894918 2
20 6900120 1.0556
20 6907628 2
20 6914252 2
20 6931150 2
20 6933796 0.1011
20 6934358 0.1011
20 6935010 0.1011
20 6940549 2
20 6946329 2
20 6947303 2
20 6948461 2
20 6949777 2
20 6958787 0.3217
20 6960759 0.4004
20 6967940 0.2961
20 6968217 0.2669
20 6971924 0.2961
20 6979881 0.2961
20 6985192 0.2961
20 6985671 0.1364
20 6987859 0.0162
20 7031976 2
20 7037968 2
20 7050117 0.9592
20 7054746 0.9592
20 7060866 1.3193
20 7069645 1.3307
20 7081705 1.7637
20 7123941 2
20 7128076 2
20 7141190 2
20 7170697 2
20 7186356 1.6025
20 7194715 1.8996
20 7214742 1.3021
20 7238829 0.6039
20 7238831 3e-04
20 7246517 0.7659
20 7252921 0.1591
20 7262893 2
20 7291741 2
20 7292386 0.5809
20 7293008 1.2383
20 7296653 0.5082
20 7297307 0.5082
20 7308386 1.08058094002372
20 7312888 2
20 7314792 1.2383
20 7319338 1.2383
20 7331006 2
20 7353474 0.566972915886292
20 7354926 2
20 7356150 2
20 7356625 2
20 7362445 2
20 7379698 1.2438
20 7386980 2.1119
20 7394929 1.3892
20 7395324 0.365
20 7401489 1.435
20 7408112 0.8864
20 7408309 1.19043293791127
20 7412117 1.8867
20 7413254 1.0043
20 7414524 0.9839
20 7427659 1.0113
20 7435417 0.8864
20 7438592 0.8864
20 7465764 0.2532
20 7475275 0.916
20 7478148 0.00116000596990117
20 7478329 0.354123587679569
20 7479336 2
20 7480947 2.217
20 7482957 0.463411359827916
20 7484418 0.2448
20 7503771 0.884808771096547
20 7516547 2
20 7549054 1.0264
20 7551614 1.4271
20 7553752 1.4271
20 7557164 1.2604
20 7579426 0.0921
20 7586225 2
20 7595164 1.2452
20 7610730 1.2779
20 7616205 1.0259
20 7628028 2
20 7640818 0.0879
20 7641160 0.6209
20 7651523 2
20 7655614 2
20 7659548 2
20 7662768 2.1608
20 7664330 2
20 7666549 2
20 7666785 0.5994
20 7666812 0.0804
20 7667438 2
20 7684338 1.2899
20 7692829 1.2152
20 7701790 0.8216
20 7702724 0.959
20 7707288 0.9894
20 7711841 0.9894
20 7714039 1.4892
20 7715621 0.7779
20 7717350 0.8216
20 7784640 1.2325
20 7787990 1.2325
20 7788299 1.2325
20 7789666 0.0053
20 7799993 1.2325
20 7861786 0.2034
20 7869245 0.2204
20 7926296 1.3285
20 7939209 1.4241
20 7945936 1.2171
20 7946376 2
20 7965401 2
20 7968328 0.0386
20 7974992 0.4029
20 8059049 0.911318703405543
20 8070729 0.4107
20 8081108 0.8223
20 8084102 0.6763
20 8096748 1.1192
20 8102319 0.5423
20 8102339 0.6521
20 8107687 1.1192
20 8141136 0.1861
20 8147408 2
20 8156039 2
20 8176450 2
20 8177419 0.588
20 8189340 0.8633
20 8197662 2
20 8229869 2
20 8237158 1.20176734116205
20 8240344 2
20 8240742 0.2951
20 8254299 1.4937
20 8264646 0.1076
20 8281342 0.588
20 8283736 2
20 8286929 0.862
20 8312693 2.3701
20 8322473 1.35401370224744
20 8338274 2.3538292958722
20 8344922 1.2397
20 8345530 1.2397
20 8351308 1.2397
20 8372046 1.2665
20 8372902 0.7878
20 8400820 0.8924
20 8408515 1.8654
20 8428647 2
20 8432221 0.905662070289292
20 8458657 0.457954424351585
20 8488093 0.9679
20 8495670 1.4498
20 8501378 1.4498
20 8516863 1.3145
20 8536048 2
20 8540376 0.1187
20 8562337 0.2552
20 8573317 0.2698
20 8582000 2.1119
20 8588959 0.6252
20 8590836 0.0466
20 8591578 0.8138
20 8635994 1.3822
20 8643454 1.3822
20 8643800 1.3604
20 8644461 1.3822
20 8690150 0
20 8691460 1.13230890080588
20 8697398 1.7637
20 8698527 1.6326
20 8717466 0.0745
20 8721953 0.3789
20 8747141 1.17791893870072
20 8748686 0.0961
20 8750348 1.68206757233432
20 8751060 0.0331
20 8751532 2
20 8752590 2
20 8764084 0.0482
20 8766595 0.343942349377378
20 8785035 0.3722
20 8785089 0.791622364268162
20 8785108 1.00309589713356
20 8789461 0.0482
20 8790844 2
20 8794235 0.0369
20 8797442 2
20 8804438 0
20 8818652 1.78560776378053
20 8827149 0.5617
20 8831602 0.5617
20 8832178 0.5617
20 8838053 0.5831
20 8842490 0.1006
20 8845146 0.5993
20 8853104 0.6694
20 8859110 0.558
20 8862589 0.9809
20 8869916 0.5963
20 8871842 2
20 8872076 0.6016
20 8883530 2
20 8885221 2
20 8890853 2
20 8906230 0.036
20 8906576 0.2515
20 8907244 0.036
20 8915502 2
20 8939636 2
20 8942362 2
20 8957016 0.159903556947972
20 8986488 2
20 9021382 0.3433
20 9021878 2
20 9059957 1.0537
20 9060697 0.6721
20 9063732 0.5673
20 9076237 2
20 9076869 2
20 9079856 2
20 9080944 2.1871
20 9082110 2
20 9083093 2
20 9083378 2
20 9091219 2
20 9132982 1.0944
20 9134212 1.0944
20 9137711 1.0944
20 9143226 0.8253
20 9147964 1.3766
20 9151389 2
20 9162787 2
20 9180538 2
20 9187993 1.1498
20 9224277 0.8261
20 9258742 0.7854
20 9272941 0.6772
20 9451305 1.3514
20 9462749 1.3514
20 9486644 1.1593
20 9506386 0.5348
20 9508135 1.2147
20 9509297 1.2779
20 9519151 0.709191524859847
20 9519937 2
20 9521097 2
20 9527284 2
20 9535483 2
20 9537952 2
20 9548368 2
20 9550246 2
20 9553574 1.1871
20 9562081 2
20 9595128 1.4174
20 9595973 2
20 9596367 1.2433
20 9608392 2
20 9611616 0.8234
20 9624550 0.5337
20 9652383 0.0445
20 9670753 0.7581
20 9678771 1.6792
20 9682306 2
20 9683917 0.828832428308477
20 9687308 2
20 9708144 0.0236314208896035
20 9714423 0.3355
20 9715670 0.14432471529865
20 9722322 1.38918428041453
20 9723629 2.8033
20 9728248 2
20 9734334 0.3268
20 9738895 0.3183
20 9765697 0.0703
20 9766394 4e-04
20 9766544 0.2506
20 9767852 2
20 9771847 0.7488
20 9774943 0.7798
20 9779487 0.2365
20 9788334 0.46227902977969
20 9809025 0.0303
20 9811252 1.0034
20 9813132 2.9027
20 9822517 0.626
20 9827628 1.6063
20 9840359 0.3613
20 9855338 2
20 9872594 0.5463
20 9879551 1.3621
20 9905413 0.6742
20 9912124 0.312104838973452
20 9912245 1.73561479492634
20 9913194 0.3026
20 9920587 0.253
20 9923988 0.889466094486447
20 9930462 0.913725759973313
20 9933467 1.8578533959748
20 9938735 0.1393
20 9939838 0.382
20 9946009 0.492259539347267
20 9959258 0.0015
20 10005015 0.591619185917182
20 10005838 1.95285623534858
20 10006826 2.24543697613844
20 10009051 0.6762
20 10012804 0.131229926462277
20 10013389 2
20 10027123 0.8875
20 10028273 0.342521414609083
20 10028752 0.1558
20 10028864 0.1558
20 10060124 2
20 10062113 2
20 10071701 2
20 10094395 0.224
20 10096212 0.3983
20 10105635 0.1062
20 10113603 2.48862351147035
20 10114126 0.357127872488318
20 10117462 0.087
20 10117617 0.956719743247814
20 10118297 0.0933
20 10118381 8e-04
20 10122256 0.0933
20 10126967 1.7789
20 10130698 0.743170940732254
20 10131743 0.540952590599669
20 10142021 1.3247
20 10154942 0.67241069580861
20 10169178 0.588
20 10178566 0.2295
20 10205498 0.3554
20 10234185 5e-04
20 10238564 1.4831
20 10257168 0.0681
20 10314609 2
20 10334326 2
20 10335578 2
20 10339835 0.6773
20 10342028 0.6773
20 10359526 2
20 10363891 2
20 10368966 2
20 10376189 2
20 10377838 1.9526
20 10379403 2
20 10381171 2
20 10382727 2
20 10385234 2
20 10391862 2
20 10392239 2
20 10392439 2
20 10392568 2
20 10394326 2
20 10400806 2
20 10402076 2
20 10425508 2
20 10429783 0.0119
20 10430320 0.0119
20 10440323 2
20 10445182 2
20 10450915 2
20 10456260 2
20 10464823 2
20 10466932 2
20 10469429 2
20 10475837 0.2244
20 10476142 0.1899
20 10481796 2
20 10492392 2
20 10496667 2
20 10498897 2
20 10504443 0.1221
20 10504445 0.1221
20 10514417 0.0497
20 10517687 0.0497
20 10520699 0.0497
20 10520896 2
20 10521711 0.5281
20 10524169 0.1221
20 10526813 0.0497
20 10580721 2
20 10588135 5e-04
20 10595134 1.439
20 10606469 1.4315
20 10617361 2
20 10659193 1.8889
20 10659735 0.588
20 10660229 0.4368
20 10669113 2
20 10710842 1.0247
20 10720643 1.3155
20 10720946 2
20 10738879 2
20 10743989 2
20 10745480 2
20 10746269 2
20 10761642 2
20 10761930 2
20 10762842 0.0121466387127042
20 10766892 0.8075
20 10783728 2
20 10789229 0.5713
20 10852337 2
20 10863604 0.7442
20 10875474 2
20 10882090 1.61773188182492
20 10902483 2
20 10939092 2
20 10944198 2
20 10951022 2
20 10988243 2
20 10989139 2
20 11010033 0.7747
20 11015907 2
20 11016686 0.2334
20 11023051 2
20 11061680 0.432400496760264
20 11065224 0.588
20 11074358 2
20 11092137 2
20 11098831 2
20 11100369 2.4029
20 11104984 2
20 11106484 2
20 11120074 0.0509402953153036
20 11125337 0.2502
20 11145412 0.763907784887367
20 11150404 1.02463094910896
20 11155266 0.2363
20 11163184 0.994619823886758
20 11187757 1.05982904676082
20 11191180 0.0739
20 11199438 0.0785
20 11199809 2
20 11206162 2
20 11209093 2
20 11216041 2
20 11222973 0.588
20 11240017 0.5646
20 11243498 0.8095
20 11243580 0.5947
20 11247049 0.500555021223757
20 11251811 0.5796
20 11253884 0.5947
20 11255120 0.5947
20 11256929 0.5796
20 11257036 0.6101
20 11275013 1.1909
20 11275080 0.5939
20 11276641 1.56165353720934
20 11276697 0.743496356438667
20 11292213 0.0105
20 11299398 1.53542472310837
20 11304812 1.84096923259687
20 11309801 1.21958339597038
20 11318245 2
20 11320167 2
20 11321152 2
20 11322414 2
20 11322907 0.599443745320496
20 11336911 0.433942508332209
20 11344345 0.4439
20 11353467 0.140576575809533
20 11358254 2.1222053730568
20 11360630 0.100373743178252
20 11361212 0.469819200648778
20 11364747 0.5623
20 11364825 0.047302638929924
20 11368774 0.704787417776144
20 11374838 0.8518
20 11375499 0.8518
20 11383393 2
20 11396435 2
20 11425446 0.720806082743603
20 11459505 2
20 11460938 1.1508
20 11461771 1.1508
20 11466553 0.0897
20 11487015 0.469887616358146
20 11490364 0.5548
20 11504070 0.482968906579914
20 11511597 0.931791218028201
20 11512727 0.3015
20 11514017 0.0716801157575846
20 11518058 0.5539
20 11520494 2
20 11543166 0.5367
20 11550533 0.553548522149104
20 11572306 0.5049
20 11589977 0.5974
20 11626220 0.563549709936933
20 11681105 0.693135567792199
20 11684962 0.9325023748093
20 11709946 1.57454250902846
20 11737061 2.4988
20 11784140 0.518794002944108
20 11792555 0.8776
20 11802270 0.8778
20 11821791 0.9015
20 11868100 0.471817649593481
20 11875392 2
20 11886593 2
20 11888819 2
20 11892634 2
20 11893157 2
20 11894642 2
20 11894849 0.0801
20 11914337 2
20 11914959 2
20 11939872 0.1055
20 11940739 0.1055
20 11942724 0.099
20 11951251 2
20 11963725 2
20 11964377 0.0709
20 11968075 0.4536
20 11974873 0.0709
20 11975415 0.4626
20 11981133 0.4449
20 11981273 0.4449
20 11984211 6e-04
20 12024931 2
20 12038601 1.2459
20 12061078 1.6718
20 12066561 0.6586
20 12067738 1.7043
20 12109865 8e-04
20 12118632 0.211650751155581
20 12122138 0.8511
20 12125178 0.855879248919838
20 12128304 0.8784
20 12146504 0.8784
20 12151901 0.8784
20 12158304 0.105974768486835
20 12159408 0.4652
20 12171660 1.15260214426407
20 12180083 0.8551
20 12188155 0.9159
20 12194111 0.5539
20 12202042 2
20 12213009 2
20 12224187 2
20 12228666 1.4533
20 12234194 2
20 12242691 1.4106
20 12246297 0.369685943250073
20 12251203 0.104446819095643
20 12294153 2
20 12319633 2
20 12335462 0.7004
20 12402352 2
20 12402628 0.0217
20 12411326 1.58564025046786
20 12412157 2
20 12426010 1.14933856895189
20 12428616 2
20 12429762 2
20 12430755 2
20 12431610 0.127318920171824
20 12441297 2
20 12441957 1.6233876247293
20 12443059 2
20 12447656 0.329899754815735
20 12447709 0.5503
20 12448970 2
20 12451221 2
20 12451839 2
20 12455596 2
20 12460420 2
20 12461093 2
20 12463888 2
20 12472635 2
20 12474350 2.3453
20 12483534 2
20 12505243 0.5484
20 12507926 0.5484
20 12510631 0.5232
20 12518344 2
20 12519413 2
20 12521927 2.3365
20 12526837 2.00382465131676
20 12531677 0.6715
20 12545950 0.6358
20 12567113 0.6906
20 12588410 2
20 12588443 0.259393960085448
20 12597768 0.6605
20 12607535 2.4793
20 12633437 1.4103
20 12634045 1.4177
20 12642514 0.6605
20 12657021 0.5738
20 12661604 2
20 12669458 0.00180758215263881
20 12673975 1.5606
20 12676075 0.0613358871375982
20 12677640 0.9044
20 12680014 1.106
20 12680986 0.72965440339983
20 12681612 0.443959341881218
20 12683011 1.10539048980666
20 12705703 1.106
20 12709454 1.31873241975988
20 12711493 0.399686517553329
20 12714248 0.421272222940282
20 12723828 1.45696706057943
20 12726319 0.989270586281219
20 12728696 0.487371016822367
20 12738305 2
20 12739255 2.6671
20 12742526 2
20 12748753 2
20 12756194 2
20 12756694 2
20 12772202 2
20 12777580 2
20 12800232 0.3103
20 12809771 2
20 12815976 0.9681
20 12818053 0.3836
20 12821974 2
20 12837832 0.3674
20 12839361 0.4006
20 12842651 0.3674
20 12855479 2
20 12906961 0.687710126426409
20 12914737 2
20 12936720 0.43
20 12937346 0.43
20 12937964 0.43
20 12942267 0.8897
20 12957407 1.14815613815962
20 12963419 0.231432623294288
20 12974953 0.863756635439255
20 12994609 2
20 13005538 1.0223
20 13020605 0.2706
20 13046137 0.7851
20 13048789 2
20 13049142 0.9965
20 13052473 2
20 13052817 0.792035962389462
20 13055695 0.393931865532612
20 13056903 0.560118822410771
20 13062366 0.1634
20 13065389 0.363020120326972
20 13065788 0.370865834413648
20 13067543 0.126717903799213
20 13068499 2
20 13069712 0.115561747706117
20 13078557 2
20 13079524 2
20 13081921 2
20 13089805 0.373019161245413
20 13090069 2
20 13093588 0.0441
20 13096392 1.6441
20 13116746 0.1218
20 13118449 0.0978
20 13119678 0.2763
20 13124809 2
20 13165633 2
20 13167205 2.1804
20 13181383 0.1005
20 13201580 2
20 13208651 2
20 13209744 2
20 13214763 2
20 13216576 2
20 13246096 0.7506
20 13247145 2
20 13248679 0.7238
20 13262788 1.2776
20 13277501 2
20 13281840 0.9574
20 13297044 1.2452
20 13300856 1.12362842535645
20 13318444 2
20 13328596 1.472
20 13358805 1.3535
20 13360363 0.8071
20 13369604 2
20 13381015 1.3221
20 13388094 2.43547971171484
20 13405777 2
20 13420269 2
20 13459202 2
20 13460130 2
20 13473325 0.7846
20 13482255 0.0335
20 13509432 0.0078
20 13512554 1.435
20 13527225 2
20 13557487 1.7715
20 13564314 2
20 13574633 2
20 13576634 2
20 13597723 1.5985
20 13600196 0.7876
20 13607836 1.0503
20 13617070 0.464
20 13621213 0.0078
20 13629817 1.6184
20 13666341 0.999009068015385
20 13669309 0.990374757008582
20 13712843 7e-04
20 13715482 0.1351
20 13717164 1.1664
20 13720839 1.2808
20 13722004 2
20 13736323 1.2154
20 13747093 1.1792
20 13759054 1.2154
20 13760419 0.0502
20 13761142 2
20 13763020 2
20 13765258 2
20 13792926 1.1838
20 13805941 1.1195
20 13813228 1.1976
20 13825507 1.2253
20 13831836 2
20 13834158 0.0104
20 13838465 1.3197
20 13848505 1.0029
20 13848606 0.588
20 13886615 2
20 13888560 1.068
20 13891447 0.1835
20 13902712 0.8891
20 13914934 0.8183
20 13929586 0.9006
20 13929966 0.0104
20 13930904 0.0104
20 13932444 5e-04
20 13935756 0.0441
20 13937253 2.01917369694898
20 13937894 0.550644028400758
20 13939488 0.222426820826716
20 13957388 0.0104
20 13973740 0.9313
20 13988521 0.005
20 14019856 1.45859444444621
20 14022275 1.03003367401433
20 14024772 0.9313
20 14024793 0.1083
20 14044728 0.0441
20 14124918 1.8038
20 14150039 1.34867428343229
20 14154587 5e-04
20 14210926 0.0347
20 14246987 1.1196
20 14261138 0.1711
20 14265869 0.2098
20 14270458 0.588
20 14278867 0.0063
20 14279405 0.428992312882362
20 14282902 1.27905341119439
20 14302659 0.227895564624713
20 14304772 5e-04
20 14347685 0.1711
20 14361034 0.2098
20 14364372 0
20 14364471 1.13491995845836
20 14367702 0.1864
20 14383181 0.842140920747736
20 14401376 0.689997264197385
20 14436551 0.534116529799635
20 14439910 0.801528470286318
20 14442848 0.364204455642731
20 14459187 1.24845552628434
20 14466132 2.0205
20 14483040 1.0076
20 14496529 0.0947
20 14505126 0.6678
20 14507526 0.1328
20 14511289 0.0076
20 14511683 0.1328
20 14519038 0.6678
20 14525413 0.1321
20 14526701 0.1321
20 14535716 0.6178
20 14536499 1.6071842325909
20 14544659 1.39664798283461
20 14561984 0.575110805339988
20 14577338 0.369405555348853
20 14578071 0.620168262703281
20 14578157 0.543007004927178
20 14594181 0.522479559844189
20 14599633 2.08758723435953
20 14667164 1.00031933726527
20 14697004 0.528918596734758
20 14708172 0.115830130536193
20 14708500 1.34427074980572
20 14714733 0.6963
20 14731092 1.4389
20 14825112 1.1072
20 14833444 2
20 14853154 2
20 14862536 0
20 14862630 2e-04
20 14870079 1.76552647224682
20 14882901 1.0676
20 14885934 2.5866
20 14921130 2
20 14930094 0.8184
20 14939287 2
20 14940588 0.0273
20 14947374 2
20 15002878 2
20 15048127 0.77911496448188
20 15058119 0.5281
20 15076029 0.8875
20 15078818 2
20 15080748 2
20 15085793 0.3291
20 15097058 2
20 15102457 2.978
20 15105877 2
20 15112765 0.3053
20 15120447 2
20 15123647 0.588
20 15124509 2
20 15125539 0.3792
20 15130492 0.53141940168484
20 15136913 2
20 15142442 0.1721
20 15143961 0.1721
20 15144247 0.1721
20 15144692 0.1721
20 15145015 0.1721
20 15146211 0.1721
20 15152822 0.1721
20 15163160 2
20 15166504 0.395
20 15178588 2
20 15184689 2
20 15197069 1.16987337417409
20 15199705 0.146036509872991
20 15200287 1.3814
20 15200944 0.916621745330543
20 15208085 0.802444850527362
20 15235269 1.6003649730311
20 15246990 1.0071
20 15261266 0.060544476741807
20 15293250 2
20 15298849 2
20 15302772 0.057333744671273
20 15311050 1.17155019731374
20 15314273 2
20 15328373 0.538777286551377
20 15334011 5e-04
20 15334032 1.09059476718213
20 15356598 2.75483096888613
20 15363535 1.05593314288653
20 15363590 1.23700598554468
20 15366792 2
20 15368572 0.5443
20 15377136 0.9698
20 15417031 2
20 15419645 0.5514
20 15434427 0.3723
20 15438151 0.810277200919657
20 15451432 2.978
20 15456258 2
20 15490570 1.0763
20 15494766 0.6109
20 15503259 2
20 15511699 0.5126662660707
20 15521308 1.8184
20 15584895 0.643854523055889
20 15588656 0.666012346119513
20 15596312 0.0131
20 15616533 2
20 15634583 1.216
20 15637369 1.9394
20 15643631 2
20 15654174 2
20 15659729 2
20 15663892 1.5285
20 15670511 2
20 15675547 0.969
20 15683209 2
20 15707026 2
20 15713995 0.4028
20 15729774 1.5442
20 15736560 2
20 15740614 1.5994
20 15751805 2
20 15758044 2.9884
20 15759101 1.12529062151887
20 15759849 1.45105405418355
20 15766579 2
20 15772105 4e-04
20 15776355 0.2946
20 15776645 0.0115740853763515
20 15789738 0.417289992689073
20 15795454 0.629169276065541
20 15800960 0.254603030526098
20 15801186 5e-04
20 15808477 0.588
20 15821990 1.0946
20 15832999 0.840129450884702
20 15834671 0.0219911978635504
20 15842803 0.156347417562983
20 15845158 0.494
20 15845895 0.026887509815715
20 15847897 0.565985503827595
20 15848193 0.953871988050817
20 15852600 0.571199473083881
20 15858285 0.747252774514052
20 15861326 1.27525638551647
20 15878332 1.90970016378109
20 15899256 1.4395
20 15908320 1.12264029874925
20 15914940 0.0075
20 15915041 0.956089740558065
20 15931949 2.16035657453147
20 15977196 2
20 15979188 0.4796
20 15991056 0.116042426655181
20 15994660 0.5075
20 16005365 2
20 16010139 2
20 16022207 0.1003
20 16043191 0.37703699551453
20 16043952 2
20 16047924 0.0814
20 16055490 2.5979
20 16063882 2
20 16073903 1.247058545689
20 16083847 0.389573895460445
20 16089248 0.965964203724481
20 16099426 1.35570062769645
20 16110096 0.51807072527479
20 16126591 2
20 16127026 0.307984773160125
20 16132933 0.965751547766295
20 16135763 2
20 16146844 2
20 16149987 0.340077734477861
20 16153027 1.57961218189851
20 16158708 0.0149086141985472
20 16162057 0.105636602628687
20 16173441 1.2802
20 16181102 1.2871
20 16181263 1.0462
20 16189304 0.4032
20 16194141 2
20 16213231 2
20 16229372 0.0697
20 16233060 0.0697
20 16243421 0.9724
20 16254674 1.0206
20 16256506 2
20 16258417 1e-04
20 16259700 0.8955
20 16259760 2
20 16259802 0.588
20 16275456 2
20 16293470 2
20 16303210 2
20 16307624 1.2455
20 16313954 2
20 16317514 1.0453
20 16318661 2
20 16327030 0.0552543157332203
20 16329001 1.2455
20 16338938 0.8495
20 16342093 1.709
20 16346019 2
20 16360495 2
20 16363854 2
20 16395356 0.154704626310963
20 16396455 0.310768588141404
20 16410074 6e-04
20 16410792 0.222040394170099
20 16420791 1.5646
20 16437989 0.6295
20 16464818 0.872459445026737
20 16467377 2
20 16467560 2
20 16470338 0.52230293248933
20 16470388 1.41259703927686
20 16471443 2
20 16474744 2
20 16487163 2
20 16514588 0.8058
20 16516573 0.816
20 16516621 1.0944
20 16525653 0.816
20 16545169 2
20 16554911 2
20 16558008 0.588
20 16559390 0.382187319272052
20 16564203 2
20 16577348 1.53705436115779
20 16598294 2
20 16602645 2
20 16614529 2
20 16620874 2
20 16626700 0.278486555568587
20 16627103 0.744977196774533
20 16631333 0.6071
20 16636833 0.7177
20 16658370 0.318
20 16669645 0.481442104848626
20 16670984 0.751371156112501
20 16674805 1.88101209469555
20 16679340 1.01804728506615
20 16697201 2
20 16720949 1.2898
20 16727464 2
20 16727519 2
20 16749009 0.989275585537493
20 16759993 0.6395
20 16766871 1.53288375822498
20 16768344 0.1424
20 16769665 1.314
20 16772311 0.0648397230187298
20 16773234 0.1424
20 16773340 1.06604756738922
20 16774303 0.1571
20 16774862 0.00591634964585362
20 16776856 0.506581502209479
20 16784035 0.550666419537505
20 16785347 0.628313464222398
20 16789157 0.1326
20 16790379 0.9245587577633
20 16803492 0.564472794781081
20 16814163 0.0945922180890552
20 16823714 1.31831488835093
20 16827891 1.10340531767664
20 16832657 0.825356306021754
20 16852174 2
20 16870766 2
20 16871984 2
20 16872321 1.10945113103431
20 16881895 0.4683
20 16885175 0.0107
20 16885638 0.4683
20 16911816 1.0504
20 16918932 0.851
20 16936684 0.6237
20 16954005 0.6709
20 16963544 1.0738
20 16988740 0.0386
20 16988797 0.9487
20 17005095 3.1214
20 17008748 0.3004
20 17008828 0.8473
20 17015143 0.9487
20 17020511 0.8473
20 17051494 0.621358041078003
20 17055540 0.8473
20 17062698 2
20 17074460 2
20 17090536 0.00403436788821832
20 17092531 0.517426252515255
20 17097266 0.561000843572334
20 17100136 1.39352009248665
20 17101687 0.77235787429086
20 17107643 0.26
20 17108308 0.8891
20 17119805 0.2564
20 17122013 0.2564
20 17143331 0.8891
20 17158629 1.8654
20 17164717 0.0854
20 17174050 1.7811
20 17178431 0.2634
20 17188467 1.3514
20 17200113 0.340479258223235
20 17200899 0.881819711291782
20 17241719 0.0681
20 17245799 1.17988974285742
20 17249736 0.0273
20 17277663 2
20 17280108 0.5684
20 17282290 2
20 17298300 1.495
20 17303585 1.4627
20 17310942 2
20 17312173 2
20 17313641 1.495
20 17355676 0.27714470427167
20 17366978 2
20 17367857 0.418017921388205
20 17371735 2
20 17389052 2
20 17399949 2
20 17408936 2
20 17431553 2
20 17444594 2
20 17447432 2
20 17450178 2
20 17470324 2
20 17470640 2
20 17480548 0.8725
20 17498224 0.3201
20 17503149 0.1976
20 17506113 2
20 17508299 2
20 17511229 0.9693
20 17511521 2
20 17516383 1.439
20 17530842 2
20 17532504 2
20 17532958 2
20 17580396 2
20 17586209 1.7913
20 17586999 1.8312
20 17601939 2
20 17610357 2.6681
20 17616686 2
20 17618911 2
20 17625727 2
20 17630754 2
20 17640556 1.4023
20 17682430 2
20 17690202 2
20 17695334 2
20 17698755 0.297125922606345
20 17701048 2
20 17716693 2
20 17721465 2
20 17733880 0.432903363988386
20 17743252 2
20 17756736 1.1209
20 17761294 2
20 17762602 2
20 17771028 1.1209
20 17774711 1.3745
20 17775143 5e-04
20 17779766 0.1976
20 17785104 0.8511
20 17787535 2
20 17788683 2
20 17789030 1.0035
20 17793397 2
20 17796047 0.9217
20 17805648 2
20 17814408 1.0844
20 17817862 2
20 17824467 2
20 17834026 0.448675222989728
20 17848765 0.365282272597324
20 17850659 0.1705
20 17852890 0.2182
20 17856706 0
20 17864720 0.477409076255514
20 17865970 0.087
20 17867562 0.529261316159923
20 17870475 0.6245
20 17877850 2
20 17880170 2
20 17881280 2
20 17888083 1.10361819485269
20 17888178 1.69815403666264
20 17891108 2
20 17895690 2
20 17904561 0.1897
20 17921645 2
20 17921848 0.0859
20 17946317 1.3087
20 17973908 1.0789
20 17977768 2
20 17988781 0.234343071763135
20 17999726 2
20 18002238 2
20 18005105 2
20 18022672 0.0053
20 18026062 2
20 18036034 2
20 18040381 1.182
20 18047841 1.5963
20 18051627 2.8871
20 18060461 0.3771
20 18063283 0.3771
20 18066110 1.7621
20 18072364 1e-04
20 18072547 2.9895
20 18076467 1.85511887004925
20 18078007 0.179607760830912
20 18078876 1.4595
20 18081270 0.0799
20 18084380 1.4595
20 18088571 0.62238749686603
20 18091107 0.904215050169355
20 18092656 1.40124903731428
20 18102081 0.7599
20 18102632 1.69515576904706
20 18104493 1.57977284760724
20 18112274 2
20 18114058 1.2446713203674
20 18119537 1.2751
20 18120287 0.0987
20 18122812 0.0987
20 18136116 0.30375093485156
20 18150919 0.588
20 18151122 0.8667
20 18152798 0.6885
20 18162280 0.0200113539335365
20 18164398 0.6252
20 18171780 0.847279364427431
20 18193813 0.337129530173703
20 18195909 0.208142097592664
20 18197318 0.738607466365538
20 18205600 0.9268
20 18208865 0.0769079481318871
20 18214193 0.816999534424918
20 18216927 0.788297255287154
20 18221193 2
20 18225565 2
20 18226799 1.7447040389078
20 18227253 0.149514905269271
20 18228125 0.978008912201793
20 18229096 2
20 18244118 0.0913126442145638
20 18253754 1.61594560106776
20 18258919 2
20 18272674 0.494441095569077
20 18286609 1.15679026688206
20 18293447 1.13060975695642
20 18295862 1.30020024519646
20 18299616 2.21937920527018
20 18310758 0.8607
20 18311863 1.2999
20 18320359 1.63112902938956
20 18322226 0.471312182230798
20 18328416 2
20 18329006 0.759401896878773
20 18335803 0.287203982889511
20 18339101 0.662977671205066
20 18343878 0.0021
20 18344338 0.759405599481574
20 18354263 1.24348780323014
20 18360682 0.532542029380885
20 18361170 0.208823710132662
20 18397253 1.1657
20 18403162 1.1657
20 18422174 0.317621073185944
20 18428334 1.1657
20 18448203 0.439096476349872
20 18462956 1.81482162083831
20 18465382 1.29106692444102
20 18471864 2
20 18488378 2
20 18500422 0.0518
20 18503008 0.0518
20 18505923 2
20 18517283 2
20 18519581 2
20 18530579 2.62846266386696
20 18531895 2
20 18534241 0.7247
20 18545380 2
20 18548139 2
20 18561947 0
20 18566035 2
20 18571715 2
20 18574873 0.756204001587339
20 18578391 0.602895893139025
20 18579011 2
20 18581771 2
20 18589921 2
20 18593603 2
20 18595562 0.857893656196062
20 18619207 2
20 18626458 0.23452375444391
20 18628301 0.684371137104437
20 18634419 0.11864590029406
20 18634746 0.046
20 18638324 0
20 18645769 0.00536548120189852
20 18652932 2
20 18697210 2
20 18701000 0.0443490090883131
20 18708200 0
20 18708362 0.627892245805653
20 18718257 0.046
20 18722224 2
20 18724011 2
20 18726636 1.38079388921821
20 18727072 2
20 18732272 2
20 18738545 2
20 18745143 0.0518
20 18748627 0.990750616209701
20 18751854 2
20 18764438 2
20 18779277 2
20 18802611 2
20 18810502 1.25486082591428
20 18813001 0.7788
20 18817566 2.784
20 18819333 0.872
20 18821803 0.5406
20 18837550 0.5556
20 18843326 1.97447959969637
20 18871808 0.50273556535585
20 18898787 2
20 18932516 2
20 18937774 2
20 18942129 2
20 18950122 2
20 18959943 2
20 18974257 2
20 18994920 0.0217
20 19006349 2
20 19012162 2
20 19012211 2
20 19013733 2
20 19041143 2
20 19044108 2
20 19045143 0.793767723397288
20 19074200 0.3984
20 19076781 2
20 19081085 1e-04
20 19086137 1.08009623270225
20 19100825 0.543069488612365
20 19109596 1.742
20 19117374 0.222218726723045
20 19118391 1.13913650271811
20 19120751 1.0798
20 19123176 0.914291059244298
20 19134763 2.1106
20 19144140 2
20 19148266 1.9872
20 19160097 2
20 19162790 1.6315
20 19185319 2
20 19225349 2
20 19226238 1.1544
20 19229163 2
20 19229617 0.0078
20 19262087 2
20 19275156 1.5008
20 19292147 1.14987605300942
20 19302628 0.606214069558748
20 19303003 0.0642580938674964
20 19304867 0.715737686878326
20 19311301 0.22089868139499
20 19325765 0.738395602406759
20 19333936 0.422949814322803
20 19340290 0.464582138391567
20 19342920 0.709422175133863
20 19343257 0.0738198737315841
20 19344000 0.799731768805842
20 19355575 1.31247402223196
20 19361197 1.32315379842274
20 19368185 0.115884317543372
20 19368247 1.60350124474548
20 19372150 0.993009891523624
20 19382742 0.725411303394081
20 19384752 1.19406244913116
20 19388537 1.00183437171971
20 19392118 0.364484893012296
20 19418505 2
20 19422498 0.45735823123136
20 19427456 0.067126899007272
20 19450224 2
20 19454828 2
20 19460146 2
20 19488965 0.15038382543734
20 19489173 0.480961686192672
20 19489777 0.360680638058473
20 19500260 0.976
20 19526063 1.113
20 19532297 2
20 19534440 2
20 19542520 2
20 19543914 2
20 19546294 2.64758482363016
20 19546854 0.0393
20 19547123 0.0511
20 19559671 1.47733064687403
20 19586160 0.872
20 19591493 1.2381295109335
20 19592797 0.707736286329394
20 19595728 0.290136575767356
20 19597292 2.978
20 19598385 0.44620447641132
20 19619326 0.451107726635193
20 19630678 0.0794029286778505
20 19637136 2.30602438478299
20 19652584 2
20 19661692 2
20 19663444 0
20 19677696 2
20 19678408 2
20 19679175 2
20 19693127 2
20 19701839 2
20 19710802 2
20 19719004 2
20 19735780 0.0585842722579361
20 19736491 0.570021681260996
20 19743399 1.01413521440316
20 19749040 1.14781995065587
20 19763697 2
20 19770800 0.5609
20 19770880 0
20 19778239 0.791093440912187
20 19779298 0.72
20 19781506 1.0775
20 19795042 1.0905
20 19801470 1.0775
20 19814640 0.697557209870179
20 19816496 2
20 19848848 2
20 19860486 0.1782
20 19865340 2
20 19869903 2
20 19892217 2
20 19892640 2
20 19920988 2
20 19924175 6e-04
20 19924803 2
20 19950144 2
20 19950168 1.8027
20 19952626 1.8027
20 19955276 2
20 19959576 1.77917701736149
20 19984480 0.9561
20 19984898 0.9561
20 19986097 0.9561
20 19986978 2
20 19989055 2.878
20 20052779 0.5751
20 20067284 0.181639038342224
20 20075438 1.04101849959225
20 20082346 0.523189286659328
20 20092295 2
20 20096219 2
20 20097253 2
20 20099322 2
20 20101795 2
20 20111457 2
20 20133920 1.32059028423923
20 20135990 2
20 20137138 2
20 20138879 2
20 20155721 2
20 20159859 2
20 20161907 2
20 20239924 0.554976759168276
20 20245335 2
20 20250829 0.887429273194407
20 20254175 0.945275079059747
20 20256793 1.08368502545616
20 20257322 1.08995499092372
20 20261663 0.286182593290931
20 20263983 2
20 20264854 0.1976
20 20275030 2
20 20288121 2
20 20295187 0.588
20 20296140 5e-04
20 20350006 2
20 20367609 2
20 20382482 2
20 20387209 1.0921796623328
20 20387891 2
20 20397666 3.1214
20 20411322 2
20 20468438 0
20 20504464 0.325100278959215
20 20545391 1.7223
20 20589058 1.9184
20 20605627 1.9021
20 20653462 1.7344
20 20731203 2.878
20 20734393 0.676928009175627
20 20743371 1.9967
20 20770361 1.9704
20 20807279 2
20 20809213 0.207668881410392
20 20819038 1.05206576592538
20 20823002 2
20 20824748 1.11438290138143
20 20826525 1.189
20 20828505 1.189
20 20832525 2
20 20832582 2
20 20843075 0.142707155494194
20 20846504 2
20 20863258 1.03072868058624
20 20881723 1.1754
20 20883847 1.1754
20 20885959 0.6033
20 20909160 0.5292
20 20943821 0.5833
20 20950465 0.157851032711572
20 20961930 1.00750236652778
20 20983844 2
20 20986802 2
20 20987937 0.101563107082384
20 20988401 2
20 20990677 2
20 20994147 2
20 21002358 2
20 21009986 0.561302527411214
20 21045441 0.868739726269155
20 21047374 0.930851497470977
20 21055058 1.50812689824577
20 21060004 0.399642917780233
20 21091904 2
20 21096902 2
20 21100716 2
20 21105925 1.843
20 21120316 1e-04
20 21120439 1e-04
20 21127709 0.168191522312124
20 21136193 1.7977
20 21141825 0.7859
20 21155415 1.59554296543416
20 21165647 0.842656429570424
20 21169331 1.91887609209028
20 21197259 1.66290616217541
20 21221070 1.51588602237063
20 21252915 0.494933403018357
20 21283188 1.97459363453656
20 21298252 0.0735916374756728
20 21302797 0.0180947043694019
20 21320839 0.354266403393169
20 21326469 0.377026726358136
20 21332255 1.01323679137251
20 21352448 0.027
20 21353030 1.18416431282716
20 21357138 1.0756179936038
20 21400568 3.1156
20 21407186 0.670365128122823
20 21414556 1.8626
20 21416799 0.225368064237432
20 21419188 0.679020693904352
20 21422237 0.672804107474379
20 21434636 1.14014892736621
20 21441424 0.060590132450507
20 21449876 1.83746570887267
20 21459182 1.0399494840362
20 21529324 0.367156332332231
20 21536409 2
20 21598701 5e-04
20 21598735 5e-04
20 21721296 1.988
20 21721356 1e-04
20 21744301 2.1063
20 21780545 0.945949473380243
20 21788470 1.24210310324696
20 21796237 1.53487533995893
20 21804435 0.6905
20 21806908 0.406118599574492
20 21810344 0.6905
20 21843193 2
20 21847088 2
20 21848591 1.7613
20 21871683 2
20 21880525 0.0387699348089956
20 21882430 2
20 21887793 2
20 21890164 2
20 21904673 2
20 21904862 2
20 21913540 2
20 21916286 0.3572
20 21937809 2
20 21971416 0.3572
20 21981201 2
20 22014937 2
20 22015181 1.2739581845636
20 22030221 2
20 22031199 2
20 22040740 2
20 22056937 2
20 22058088 2
20 22063250 0.0972999219183482
20 22078243 2
20 22083067 0.4445
20 22084828 2
20 22115111 2
20 22119904 2
20 22131609 1.17027736953056
20 22134564 2
20 22150628 1.4832000997791
20 22155635 0.475625297135916
20 22161957 0.0518289288212641
20 22163468 0.959163644611902
20 22165234 0.508150036786842
20 22200261 0.542885797907561
20 22204694 2
20 22208507 0.044171018430833
20 22230776 2
20 22274362 2
20 22281626 2
20 22295661 2
20 22327942 2
20 22328447 1.3889
20 22330973 2
20 22342087 2
20 22343146 0.956010826709817
20 22359634 0.22648350978281
20 22383214 1.7634
20 22429466 2
20 22461314 0.6418
20 22505614 0.5751
20 22513016 0.473716886319086
20 22517819 0.630333624961882
20 22521364 2.6381
20 22525412 1.2126
20 22525502 0.061152450309843
20 22529126 1.1957
20 22538828 5e-04
20 22538920 4e-04
20 22538967 8e-04
20 22570456 1.1478
20 22573304 1.9814
20 22608927 0.430181970210964
20 22609066 1.9275
20 22614393 1.9823
20 22614618 0.406088315305274
20 22615951 0.932303883951479
20 22621385 0.566427919207278
20 22648249 1.0869
20 22652517 0.123971108631144
20 22656665 0.810590108601335
20 22688299 0.3946
20 22696707 2.7862
20 22702072 0.70568607939123
20 22703143 0.433137962828874
20 22703866 0.913343647730345
20 22705672 1.12153528400966
20 22707077 0.769311794737283
20 22707827 0.8668
20 22724687 1.29595674052802
20 22727166 1.32047382847177
20 22744989 0.655544458828114
20 22753522 1.18385937720138
20 22758034 2.13162261678346
20 22758097 0.342703228152266
20 22765310 1.24743407075953
20 22770784 0.619067271148631
20 22778312 0.9876
20 22795708 0.9876
20 22798874 0.0933
20 22802737 0.1068
20 22805796 0.7974
20 22817838 0.895
20 22837134 1.7412
20 22841024 0.5773
20 22858010 1.08114298409053
20 22870101 1.0844
20 22892660 0.679807718011906
20 22899677 1.06285661178072
20 22909665 2
20 22920539 2
20 22927646 2
20 22931027 2
20 22932354 2
20 22982309 2.34035668327072
20 22983218 2
20 22985142 0.280082914056669
20 22986130 0.156588171494731
20 22992688 2
20 23006658 2
20 23078618 0.2558
20 23103973 2
20 23115134 2
20 23121331 0.763
20 23130619 0.475516044153735
20 23132057 2
20 23144417 2.60632359274126
20 23156963 0.2663
20 23174278 1.57348196254531
20 23182032 2
20 23187849 0.0199
20 23220575 2
20 23226089 2
20 23243151 2
20 23253373 2
20 23259660 2
20 23262261 2
20 23264128 2
20 23277751 0.7086
20 23281358 2
20 23282864 2
20 23292497 1.614
20 23308987 2
20 23335911 0.220601728703983
20 23348228 0.0820420736084853
20 23350601 2
20 23354945 1.12635982552726
20 23356785 2.99087858320098
20 23360892 0.759731125940259
20 23362161 0.912330404461806
20 23382799 1.3731010483892
20 23385126 0.689797653547297
20 23392117 0.568111460129058
20 23398229 0.319137321596571
20 23401439 0.5021
20 23420492 1.17907860559343
20 23420844 1.30527518489245
20 23422298 0.35088846511688
20 23432135 1.52843577903957
20 23461543 1.08501595002677
20 23462003 0.694865804571191
20 23472778 1.384
20 23476713 0.0250046840510621
20 23483554 0.25085068658792
20 23501169 0.353
20 23502588 1.05582205286856
20 23536498 0.0747882223652853
20 23542388 0.223285205990912
20 23557264 0
20 23557288 0.450490201882227
20 23559164 0.407631708216792
20 23560917 0.546074876309779
20 23562151 0.197169857759255
20 23565699 0.994886938183568
20 23566234 1.21100588625681
20 23568579 0.0893203068155679
20 23570496 0.901744974104866
20 23572415 0.698446112760593
20 23572610 0.216342866271682
20 23575484 2.41097330959304
20 23578137 0.939073168006526
20 23588114 0.0053
20 23596117 0.4936
20 23598359 0.4936
20 23603948 2
20 23611906 2
20 23640468 2
20 23646973 2
20 23649669 0.427981186078349
20 23652595 2
20 23653202 0.307
20 23653440 0.3879
20 23667395 0.61214146815717
20 23695777 0.920515673972294
20 23696880 2
20 23698253 2
20 23701503 0.125142169852049
20 23704284 0.691401772300337
20 23704288 2.046045030277
20 23704298 2
20 23706877 0.418614614895286
20 23712938 2
20 23720120 0.260583147692255
20 23720235 1.26838710833521
20 23721534 2
20 23731071 1.48662242289129
20 23736801 2
20 23737998 2
20 23738921 2
20 23740111 0
20 23745251 1.19770137904765
20 23747596 0.0869085697953084
20 23748210 1.62637308837482
20 23759474 0.826343604994439
20 23763716 1.17218879238915
20 23778339 2
20 23780764 0.4376
20 23781743 2
20 23787149 2
20 23788610 2
20 23788900 2
20 23793373 0.4376
20 23794463 2
20 23796493 2
20 23798920 0.4376
20 23804102 2
20 23808977 2
20 23811133 2
20 23816238 2
20 23826723 2
20 23839595 2
20 23846475 2
20 23851065 2
20 23859214 2
20 23866826 2
20 23880361 0.066952240503102
20 23881068 2
20 23884079 1.44439976734129
20 23884840 0.967128991576824
20 23941288 0.0804
20 23958640 0.0621
20 23963827 0.0217
20 23984028 0.437923218608699
20 23987877 1.15743261187116
20 23988414 0.0221798274061915
20 24005745 1.3149
20 24014723 1.3226
20 24015987 0.183228394518241
20 24042404 0.9484
20 24043146 0.9987
20 24045932 1.8039
20 24060033 2
20 24070119 1.7255
20 24145028 0.3192
20 24195517 2
20 24206701 0.3192
20 24208114 0.325
20 24211072 0.3703
20 24213975 0.254248702000165
20 24214672 0.3703
20 24218857 0.3703
20 24221988 0.3703
20 24222401 0.3703
20 24224600 0.3703
20 24226699 0.3703
20 24248073 0.3057
20 24342321 0.2446
20 24360855 2
20 24361957 0.2426
20 24368722 2
20 24376986 2
20 24383418 2
20 24385218 2
20 24404658 0.2208
20 24410674 0.7179
20 24428848 2
20 24432159 1.9683
20 24434035 2
20 24434641 2
20 24448159 2
20 24456567 2
20 24471771 0.0744008294457332
20 24477069 1.79
20 24491355 1.00223631096488
20 24494027 1.0219903667993
20 24534575 2
20 24552561 1.1994
20 24553977 0.0443887385261214
20 24577338 0.298096987234391
20 24592166 1.2792890721621
20 24604641 0.0489806439902571
20 24609154 0.487406457327316
20 24613380 1.9278
20 24623853 0.5758
20 24627307 5e-04
20 24647328 2
20 24660970 0.780646910045861
20 24669069 0.154913323960993
20 24675593 0.209260402860948
20 24679092 1.23448054626363
20 24680026 0.28283411345385
20 24680503 0.396288922474806
20 24685464 2
20 24686092 0.467103279287257
20 24686992 1.96729996544517
20 24688105 0.453812442647437
20 24690490 0.06715257282576
20 24702653 1.3276
20 24718409 0.435972045534158
20 24729629 2
20 24731850 0.2981
20 24734864 0.4798
20 24735832 0.3057
20 24736449 0.0561377171330835
20 24746308 1.47935745718338
20 24747351 2.5734
20 24749285 0.3688
20 24761663 0.954039602175879
20 24764291 0.622099195397047
20 24777328 1.29518986988097
20 24777767 0.00518055995677989
20 24778973 0.43143644956554
20 24785684 0.397823643691883
20 24790331 0.747572621770266
20 24792218 0.602914468623677
20 24817090 2
20 24850702 2
20 24869225 2
20 24871128 2
20 24871954 2
20 24873707 2
20 24874326 2
20 24881366 2
20 24882990 2
20 24884675 2
20 24888662 2
20 24890384 2
20 24893459 2
20 24894697 2
20 24904883 2
20 24906615 2
20 24909955 2
20 24911332 2
20 24912599 0.0898007709075542
20 24913105 0.494659586853684
20 24913943 0.0465085945056574
20 24916164 0.146547265148391
20 24917324 0.721757951686567
20 24919627 0.5851
20 24925286 0.742165970739091
20 24926538 0.444652212897483
20 24926898 0.0540615339718868
20 24941940 0.5851
20 24945419 0.5091
20 24946180 0.5851
20 24957077 1e-04
20 24976528 0.5851
20 24979978 0.5851
20 24992833 1.1805360531782
20 25021883 2
20 25046890 0.1995
20 25093281 0.0997
20 25104549 0.572559648921552
20 25115858 0.1062
20 25132951 0.5883
20 25138510 0.9195
20 25148444 1.3951
20 25149747 2.2394
20 25153170 0.407960733440222
20 25164146 1.2173
20 25176214 0.7409
20 25176300 1.3951
20 25184657 5e-04
20 25193794 1.2227
20 25196753 1.5191
20 25203073 1.315
20 25206577 0.2902
20 25211286 0.2902
20 25222256 0.3165
20 25242794 0.3465
20 25245302 0.3465
20 25268162 0
20 25270197 2
20 25270201 2
20 25278564 0.3465
20 25283012 0.3465
20 25301797 0.3465
20 25312934 0.1511
20 25316334 0.1511
20 25322379 5e-04
20 25326746 0.362692349306386
20 25338576 0.1511
20 25343834 0.8525
20 25353479 0.1511
20 25355550 0.1511
20 25358688 0.1138
20 25374058 0.1511
20 25393152 0.756141171287675
20 25395482 0.1642
20 25401632 0.1511
20 25419851 0.0356
20 25421191 2
20 25421226 0.0356
20 25424833 0.1138
20 25433752 2.1284
20 25434443 0.1642
20 25435788 2.62305878293141
20 25445598 0.3465
20 25455997 0.9478
20 25471514 0.9478
20 25486628 0.3465
20 25486723 0.3465
20 25499469 0.259
20 25586273 0.8525
20 25590329 2
20 25595194 0.8525
20 25603367 2
20 25621692 0.3314
20 25624587 2.3652
20 25642614 1.617
20 25721634 0.0441
20 25859581 0.9174
20 25880461 0.242680122538589
20 25883583 0.6187
20 25883839 0.9174
20 25941508 0.9174
20 25968774 1.5951
20 25975427 0.9174
20 25991308 0.9174
20 26005383 0.9174
20 26007495 1.5335
20 26082345 2.7024
20 26082479 2.9976
20 26082562 2.9976
20 26102080 0.717668290221143
20 26135551 0.324243172551169
20 26165368 0
20 26191812 3.0017
20 26202632 0.7294
20 26211983 2
20 26233815 2
20 26242063 2
20 26244015 2
20 26274937 1.1664
20 26280001 0.669528243797654
20 26283565 2
20 26287332 2
20 26287877 2
20 26315644 1.1664
20 26323169 1.1664
20 26338521 1.1664
20 26345332 2
20 26349742 0.100675390572618
20 26350397 0.0078
20 26352282 2.56494758566541
20 26358599 5e-04
20 26362506 2
20 26367530 2
20 26381899 5e-04
20 26383481 5e-04
20 26384553 0.571842369937057
20 26485651 2
20 26517504 2
20 26544882 2.8254
20 26544977 0.122566943328696
20 26554822 3.0005
20 26557082 7e-04
20 26578748 5e-04
20 26596716 2
20 26597935 2
20 26608362 2e-04
20 26631394 0.954255643694697
20 27261555 0.0400061838382858
20 28101101 0
20 28101110 0
20 28336776 6e-04
20 28336994 0.7272
20 28505060 5e-04
20 28557192 0.7027
20 28573539 2
20 28580337 2
20 28602879 0.737052293429729
20 28625511 0.0078
20 28628955 1.16953298585888
20 28730869 2
20 28734049 2
20 28737388 2
20 28742418 2
20 28746746 2
20 28747040 0.8806
20 28758559 2
20 28758700 2
20 28759943 2
20 28774503 2
20 28776476 5e-04
20 28785247 0.3293
20 28794320 5e-04
20 28802404 2
20 28806578 2
20 28806917 2
20 28809926 0.478269937092411
20 28824156 5e-04
20 28835983 1.25460454717928
20 28836975 0.174613201177051
20 28840891 5e-04
20 28842001 0.972771688746761
20 28862489 2
20 28879227 2
20 28886023 0.527412913182378
20 28888323 0.0795755564670887
20 28908540 1.13470538019769
20 28925726 2
20 28934532 1.14419135335312
20 28935947 2
20 28941497 1.82659162464666
20 28949753 0.326350468780848
20 28959832 0.412119349031634
20 29026392 2
20 29026990 2
20 29085830 5e-04
20 29094543 0.55436897021858
20 29104490 0.710260427384052
20 29106036 2
20 29130377 1.823884689752
20 29155840 0
20 29221083 0.42132032959134
20 29230003 5e-04
20 29234513 2.34939412873942
20 29235765 5e-04
20 29238490 5e-04
20 29245261 0.408232639867376
20 29249598 0.785696347967
20 29249694 0.0525673429386337
20 29252797 2
20 29257599 5e-04
20 29263701 0.0078
20 29263880 5e-04
20 29263898 5e-04
20 29271900 2
20 29306341 5e-04
20 29311341 0.599585592689687
20 29316579 1.8245788198483
20 29330205 5e-04
20 29343821 5e-04
20 29343940 0.089732824005399
20 29346663 5e-04
20 29355893 0.66475206079363
20 29362024 1.46801345081607
20 29362338 1.1042223389686
20 29368157 2
20 29387749 0.408889614211723
20 29454144 5e-04
20 29454838 5e-04
20 29464103 5e-04
20 29523747 5e-04
20 29553657 0.020541809025188
20 29560071 5e-04
20 29585978 0.592996636526248
20 29597302 0.567114799082564
20 29621633 1.88850885631061
20 29638941 2e-04
20 29651867 5e-04
20 29689846 0.435923458932814
20 29691120 2
20 29692340 0.761489538385595
20 29699414 2
20 29699844 0.0660966350224505
20 29699885 0.125388742503733
20 29708969 1.59149396081912
20 29713116 1.51413404385715
20 29714831 1.0630860323603
20 29723916 2
20 29732255 1.27337885108706
20 29735117 2
20 29738301 2
20 29738621 0.800785628493528
20 29738786 0.0663496133077844
20 29746401 1.45554253294407
20 29752220 0.452473744373032
20 29754940 2
20 29755917 0.180606636295458
20 29756202 7e-04
20 29759602 0.352069716588726
20 29768436 2
20 29770558 0.77555880556246
20 29778189 2
20 29796858 0.758160173897332
20 29799831 2
20 29803039 2
20 29808283 0.0119687841275982
20 29813953 1.21553561756739
20 29832603 0.83998768030128
20 29835076 0.94679123682174
20 29835784 0.806511037974149
20 29839908 0.0078
20 29842440 1.53726067155034
20 29851482 0.84110250336907
20 29855895 2
20 29861498 0.338434905316334
20 29875060 5e-04
20 29876796 5e-04
20 29877740 0.588
20 29898556 2.25921212693421
20 29902203 5e-04
20 29902850 5e-04
20 29904849 0.54504494092753
20 29907810 5e-04
20 29909630 5e-04
20 30138358 5e-04
20 30140994 0.293408952899884
20 30143260 5e-04
20 30145439 2e-04
20 30146736 2e-04
20 30148849 5e-04
20 30155162 5e-04
20 30177574 0.250615679267169
20 30198476 1e-04
20 30226235 0.1785
20 30229729 0.7756
20 30241188 2
20 30255596 0.1657
20 30265129 0.0078
20 30279614 0.0947
20 30285611 0.7546
20 30288790 0.4253
20 30309143 0.0107
20 30315086 1.0035
20 30320509 0.26481825992784
20 30320912 1.2261
20 30342481 2
20 30351585 0.0947
20 30359747 0.9217
20 30374391 0.0947
20 30380644 0.0729
20 30417998 0.7208
20 30460085 5e-04
20 30460764 5e-04
20 30460775 2
20 30475007 5e-04
20 30477348 0.0078
20 30479048 2
20 30484921 2
20 30499268 0.320236215412398
20 30512286 2
20 30525919 0.781868363322649
20 30533306 2
20 30561106 2
20 30600164 2
20 30604965 2
20 30610175 0.750233676573703
20 30624823 5e-04
20 30634369 5e-04
20 30639238 2
20 30639582 2
20 30640187 2
20 30651142 0.690537456546266
20 30651679 2
20 30656915 2
20 30660496 2
20 30667346 2
20 30682903 2e-04
20 30682980 2
20 30711302 2e-04
20 30724634 2
20 30731055 5e-04
20 30740751 2
20 30740887 2
20 30741181 5e-04
20 30752748 2
20 30752792 2
20 30753142 2
20 30759795 2
20 30827802 1e-04
20 30852655 2
20 30862592 0.0078
20 30874465 2
20 30894775 0.450054772546102
20 30896002 0.610536421714034
20 30898121 2
20 30914115 0.924958457164
20 30928327 2
20 30928379 2
20 30951108 2
20 30955215 5e-04
20 30956130 0.0078
20 30956944 2
20 30960920 2
20 30980379 5e-04
20 30981432 1.93874011607676
20 30988011 0.0078
20 30988487 2
20 31054483 2
20 31064934 5e-04
20 31098586 2
20 31106512 0.231759877000052
20 31158745 0.354163363578178
20 31165751 0.628430041653922
20 31166953 2
20 31169392 2
20 31169637 2
20 31172061 2
20 31176775 2
20 31179078 0.830117301417978
20 31179278 0.735030801737893
20 31179282 2
20 31180662 2
20 31186526 3e-04
20 31187539 2
20 31187779 2
20 31189016 2
20 31213459 0.0828058780110859
20 31224654 1.6742821005529
20 31229344 2
20 31232375 2
20 31274572 2
20 31277067 0.69130989769374
20 31277413 2
20 31279443 2
20 31282064 2
20 31288835 0.0178761434457497
20 31301905 2
20 31348591 1.30668441567054
20 31352140 0.761836974975749
20 31375181 2.26156583764805
20 31383632 0.222580271259536
20 31396377 0.324812134921299
20 31407002 0.958330828343437
20 31415332 1.15248873642266
20 31416852 0.205654308774313
20 31433873 0.764734562309377
20 31442435 0.200395644981411
20 31448717 0.330717488355173
20 31448767 0.9602
20 31449296 2.04300355609638
20 31468915 2
20 31471136 0.0078
20 31473250 2
20 31514816 2
20 31539589 2
20 31542927 2
20 31545611 2
20 31554218 2
20 31555436 2
20 31559099 2
20 31575903 2
20 31579801 2.4029
20 31580833 2
20 31583026 1e-04
20 31589779 2
20 31591224 2
20 31605268 2
20 31607096 2
20 31616162 2
20 31629014 2
20 31649473 0
20 31681257 2
20 31688606 2
20 31702021 2
20 31705000 2
20 31707210 2
20 31723455 2
20 31725142 2
20 31737962 2
20 31761667 2
20 31810044 2
20 31818645 2
20 31823074 2
20 31827139 2
20 31846166 2
20 31858769 2
20 31864289 2
20 31873420 1.7124
20 31923305 0.432901743627176
20 31944240 0.1699
20 32033295 2
20 32058230 5e-04
20 32073494 2
20 32094764 0.2044
20 32096985 2
20 32126749 2
20 32135545 2
20 32158445 2
20 32173380 2
20 32189997 2
20 32201385 2
20 32273988 2
20 32280555 2
20 32306160 2
20 32322680 1e-04
20 32330959 2
20 32346265 2
20 32354795 2
20 32375123 2
20 32375689 2
20 32378061 2
20 32411051 2
20 32419704 0.1197
20 32423563 0.1197
20 32440207 2
20 32449070 2
20 32488786 2
20 32511508 2
20 32563138 6e-04
20 32577303 2.7133925293563
20 32596479 0.777242466874639
20 32597748 2.22274188961134
20 32623933 1.48546662837048
20 32624378 0.63465075445436
20 32638298 1.00380868403346
20 32648607 1.2934821615821
20 32654080 0.872814508381153
20 32661077 1.01085786650493
20 32667182 1.03226471522253
20 32670332 0.402047813128483
20 32676281 0.0732629593584066
20 32677363 1.12803982460937
20 32683223 0.487407306574421
20 32685358 2
20 32690810 1.15102737440568
20 32709766 0.919008338930007
20 32710728 2
20 32717011 0.41526873855508
20 32727351 1.36315774014247
20 32728960 0.589889408362015
20 32730930 0.288677492422849
20 32736228 0.305675375136724
20 32736626 0.51964049601769
20 32737612 0.728034489154813
20 32737665 0.342214812752994
20 32754456 0.35517315467948
20 32756536 1.93639727251775
20 32762102 0.403763059070408
20 32771768 1.06674872639996
20 32780754 0.399955405267638
20 32782738 0.753377135788921
20 32785041 0.772564967997222
20 32785976 0.407156821717363
20 32792266 0.859468913068173
20 32792395 1.72328467478251
20 32809213 1.31548394875401
20 32810299 0.144412944880659
20 32811837 0.0801
20 32826512 5e-04
20 32830490 0.93369307361859
20 32865319 0.399894854919539
20 32871317 0.92719276087632
20 32875478 0.63854365822678
20 32882678 1.4845203064737
20 32883507 0.695096715940521
20 32885376 0.472670548916424
20 32885677 0.366821293642783
20 32895608 0.333588024065758
20 32900590 0.8394
20 32909094 0.150325863070322
20 32921700 1.2238597960051
20 32929470 2.0265
20 32934287 0.344236594814769
20 32934965 0.5543
20 32936192 1.3278093745068
20 32990535 0.264443138029191
20 32994803 0.0917341870260057
20 32994805 1.41247167362477
20 33019848 2
20 33024838 0.934379651623143
20 33028987 2
20 33031156 2
20 33032116 0.174828467716015
20 33034962 2
20 33049024 2
20 33061566 2
20 33071544 2
20 33071739 2
20 33082525 2
20 33083887 2
20 33083960 2
20 33107159 2
20 33111976 2
20 33132137 0.720125970864
20 33142167 0.8143
20 33213126 5e-04
20 33258794 0.8046
20 33285717 0.0447228766485566
20 33308855 2
20 33343013 1.4645
20 33350418 2
20 33352452 1.1566572931504
20 33363362 2
20 33405815 2
20 33415127 2
20 33421781 2
20 33436147 2
20 33452745 0.650392277176964
20 33473856 0.0078
20 33515801 0.720747733572496
20 33524092 0
20 33575313 0.9545702597437
20 33584380 2.3154207595077
20 33600336 0.9404
20 33667025 2
20 33706226 2
20 33707735 2
20 33708487 2
20 33709703 2
20 33710010 2
20 33729089 2
20 33741457 2
20 33762440 0.907934113196059
20 33776511 2
20 33779897 2
20 33784350 2
20 33788422 2
20 33802601 0.055302512579813
20 33864370 1.0071
20 33879028 5e-04
20 33883112 0.4899241740816
20 33887114 0.73396674467006
20 33905356 2
20 33913103 2
20 33926255 2
20 33932182 2
20 33932668 0.0464899073523635
20 33939843 2
20 33949377 2
20 33950606 1.639
20 33958418 2
20 33960529 2
20 33960569 1.5931
20 33963473 2
20 33966667 2
20 33974220 1.6311
20 33976272 0.0881
20 33979755 2
20 34027417 2
20 34052241 2
20 34054109 1.6311
20 34074145 1.639
20 34085143 0.715652983869232
20 34094519 0.2273
20 34098852 0.487428056553348
20 34127738 2
20 34132653 2
20 34135535 2
20 34138141 1.6469
20 34146979 2
20 34154262 2
20 34186283 0.9313
20 34267843 2
20 34306079 5e-04
20 34330492 2
20 34338530 2
20 34342563 2
20 34360947 2
20 34364319 2
20 34377226 2
20 34387704 2
20 34405229 2
20 34409139 1.75663069879197
20 34410848 2
20 34417828 2
20 34428552 2
20 34446794 2.0202
20 34486802 1.5747
20 34488528 2
20 34495284 2
20 34500864 2
20 34502913 2
20 34552668 2
20 34559933 0.0681
20 34561057 0.0681
20 34587662 2
20 34607804 2
20 34632211 2.978
20 34632459 0.575392281551247
20 34650769 0.818055704898862
20 34654071 1e-04
20 34654081 1e-04
20 34656431 1.42177280079277
20 34674254 0.164988017237415
20 34674947 2
20 34678167 0.221547797412167
20 34678690 0.703588026615064
20 34686757 0.0681
20 34693932 1.23508777217735
20 34694770 1.97062343132527
20 34731232 2.06379068116484
20 34731912 1.617
20 34737712 0.117034375761409
20 34740220 1.03451887924608
20 34750796 5e-04
20 34779102 0.0742
20 34785053 0.886140079983155
20 34786599 0.859957528853785
20 34790930 0.0879139890513201
20 34815214 0.596390865629637
20 34815706 0.816446868831922
20 34831877 0.693160169590728
20 34877769 1.37731460848963
20 34882361 2.22623398316551
20 34966958 0.134271251966772
20 35002614 2
20 35028511 2
20 35031308 2
20 35032223 0.22822399059458
20 35032283 0.500717593555209
20 35049488 2
20 35050210 2
20 35055837 0.94211062460858
20 35061330 2.32676710087103
20 35084608 0.74079040218698
20 35086475 2
20 35088246 0.725331139450897
20 35097318 0.0712
20 35097325 0.588
20 35097637 0
20 35097662 5e-04
20 35097693 0
20 35110316 2
20 35112124 2.1804
20 35142661 1.40844313634466
20 35161425 0.340301034694223
20 35165459 0.493046390166478
20 35167264 1.9093974743722
20 35182255 0.1976
20 35191465 2.15615513828628
20 35216707 1.1703
20 35231612 0.1135
20 35244692 0.9166
20 35301076 1.48700411194502
20 35323068 0.5836
20 35346043 0.325
20 35353059 0.0949332664860661
20 35391725 0.331
20 35397765 0.325
20 35400015 0.325
20 35416964 0.3192
20 35442537 0.255890931044528
20 35451052 0
20 35456125 0.5877
20 35498753 1.708
20 35509307 0.5877
20 35511264 5e-04
20 35516644 5e-04
20 35518147 0.5877
20 35520432 0.5877
20 35536699 1.2462
20 35563359 1.21200858130153
20 35579947 8e-04
20 35592317 0.5458
20 35604878 1.529
20 35697871 1.7688
20 35706487 0.5321
20 35733216 0.5405
20 35736116 0.5877
20 35755370 6e-04
20 35787158 5e-04
20 35829137 2
20 35850395 1.1346
20 35853846 0.892727156507742
20 35870737 2
20 35885303 1.7688
20 35951544 1.4404
20 35987059 2
20 35996516 2.5682
20 36093606 0.220073499752201
20 36109383 0.798384835361201
20 36131693 0.1027
20 36137680 0.86730580347018
20 36162441 0.118304331947235
20 36181889 0.451251969215318
20 36234393 1.1346
20 36269225 2e-04
20 36395210 0.168971448212215
20 36419655 0.1258
20 36420016 5e-04
20 36494570 2.5965
20 36566371 0.840889007275745
20 36608922 0.0444
20 36626495 0.0681
20 36646270 0.0318277984390246
20 36702281 0.0621
20 36810599 0.0621
20 36811544 1.29615064481304
20 36825999 5e-04
20 36845806 1.68308684611906
20 36868627 2
20 36879885 2
20 36880079 1e-04
20 36903556 5e-04
20 36921689 1.1401
20 36951278 2
20 36959695 1.0757
20 36974991 0.2313
20 36992190 0.369088989785398
20 37013586 1.25793961180104
20 37017401 0.8868
20 37040648 0.8868
20 37062972 0.8868
20 37113567 0.0804
20 37125363 0.349299066634818
20 37127442 1.42498696316412
20 37145265 0.1191
20 37146085 0.454423499660723
20 37147008 2.4951
20 37149272 1.20762470385728
20 37176090 2.5965
20 37181969 1.34796675752494
20 37212132 0.1191
20 37225921 1.9838
20 37233070 0.754193619097827
20 37243771 2.3652
20 37245367 1.2304
20 37258137 0.1695
20 37260411 2
20 37266240 2
20 37276349 0.0994
20 37281443 1.45318997049676
20 37285611 0.738640475377364
20 37315675 2.8716
20 37368686 2
20 37373155 2
20 37373215 1.1307
20 37411721 0.0252
20 37422495 0.713849936680646
20 37438394 0.303430039365964
20 37439471 2.58852638179269
20 37453564 0.6267
20 37456380 0.781
20 37473881 1.21797537593129
20 37480580 5e-04
20 37520095 0.352898763523544
20 37526295 1.88189626291521
20 37550059 0
20 37572691 0.8029
20 37575345 0.7743
20 37579107 2
20 37581336 2
20 37592700 2
20 37593564 2
20 37593665 0.962
20 37598248 0.4177
20 37604673 0.4216
20 37605934 2
20 37606378 0.4216
20 37608770 2
20 37620525 0.4014
20 37622296 2
20 37624180 2
20 37626575 2
20 37628762 2
20 37629863 2
20 37656837 0.095
20 37664936 0.0887
20 37681520 0.0347
20 37684455 0.8323
20 37692942 0.9696
20 37718573 0.492437805455877
20 37745075 0.674478334919672
20 37811120 2
20 37830463 0.5852
20 37838169 2
20 37849796 2
20 37876551 2
20 37877487 0.153709222818491
20 37910588 2
20 37914402 1e-04
20 37931038 1.17805107339495
20 37936194 1.0828454814251
20 37938922 2
20 37960900 1.24549336173628
20 37962806 2.0896
20 38053899 2
20 38060362 0.326790682591179
20 38097749 1.0136
20 38170952 0.0217
20 38172021 0.495
20 38180176 2
20 38183180 1.16679115925454
20 38186479 2
20 38212056 0.572848947328678
20 38214380 0.404743868251362
20 38214854 0.564728350308997
20 38221307 0.8263
20 38230376 0.0447
20 38238290 0.575323973448029
20 38250512 1.6715881988531
20 38259820 2
20 38279409 0.407660448640623
20 38295280 0.261964554628099
20 38307878 0.3743
20 38317012 0.015
20 38328866 2
20 38329182 0.824076698457628
20 38351384 3.1157
20 38356058 1.2151
20 38369011 1.3067
20 38378343 2
20 38378997 1.3638
20 38386275 2.1872
20 38413988 2
20 38424935 2
20 38438846 2
20 38444643 1.0796
20 38447164 0.7659
20 38474164 0.0897538958974713
20 38487334 0.19046977192754
20 38487930 0.892296007586944
20 38522955 1.9281
20 38573530 2
20 38596573 2
20 38597619 2
20 38598465 2
20 38599214 1.7846563553485
20 38604976 1.1771
20 38625345 0.956146475861647
20 38632629 2.4916
20 38632888 1.8453
20 38640121 1.03100177060599
20 38640164 0.257563388731663
20 38649464 1.68210424919477
20 38656489 0.50435899315218
20 38658065 0.6747
20 38668145 0.117739174823827
20 38669133 0.7288
20 38669217 0.263078543484555
20 38677429 0.331508747718211
20 38689716 2.15875074361572
20 38694620 0.645011243209776
20 38694651 1.30890956020922
20 38703562 0.0228070362258784
20 38704369 0.25629682718927
20 38708385 6e-04
20 38709897 0.266787778892029
20 38712815 1.33857057082072
20 38718188 1.84529804278444
20 38745491 0.979782243509289
20 38748165 0.6921
20 38749066 2.317
20 38751142 0.0078
20 38754874 0.6748
20 38755198 0.6921
20 38758944 1.5205
20 38759219 0.98
20 38759788 0.6921
20 38762789 0.98
20 38767477 0.48
20 38768868 0.7101
20 38770882 0.48
20 38771231 0.7289
20 38777822 0.848190065964215
20 38791407 0.5706
20 38795553 0.859891275455517
20 38796225 1.8184
20 38826945 1.53200745559193
20 38835171 1.27015802637806
20 38839802 0.744132033274056
20 38852812 1.5034
20 38856735 1.8184
20 38865750 1.87300598786782
20 38868719 2
20 38868756 0.79608885025569
20 38871604 2
20 38882811 0.817990651483323
20 38929456 2
20 38933623 2
20 38936080 2
20 38937112 2
20 38943852 2
20 38954695 2
20 38990061 2
20 38990466 2
20 39036603 2
20 39043566 0.5987
20 39053571 2
20 39056216 2
20 39067549 0.7059
20 39095570 0.556581243622856
20 39130993 0.0385596402099207
20 39142935 2
20 39152089 2
20 39242257 1.25629977009791
20 39249194 0.696572233227226
20 39298131 0.503792203561514
20 39311814 0.588
20 39312775 1.1498
20 39316321 1.7913
20 39316624 1.18307324263721
20 39329548 1.01648946048083
20 39332769 1.0950360891814
20 39344515 0.0447743722802986
20 39350839 1.23885558553787
20 39361201 0.50763882566382
20 39361611 2.616
20 39365360 0.390411609474794
20 39365539 2.90618022727493
20 39382984 0.323666512164093
20 39388017 0.461918947659518
20 39394802 1.1957
20 39396321 1.1957
20 39399989 1.1957
20 39407868 1.63575356953997
20 39418775 0.341460171621397
20 39426372 0.135604988836274
20 39427673 0.0290459361020799
20 39428022 1.2502
20 39436223 0.787776688096003
20 39443381 0.644842633416465
20 39445431 0.735052842542397
20 39451321 0.546427780437288
20 39452250 0.186828100461833
20 39454819 1.4491466501482
20 39463126 0.821500665691495
20 39465305 1.50060922659719
20 39486590 0.0257032374868267
20 39512626 4e-04
20 39521918 2
20 39595354 5e-04
20 39602966 2
20 39607959 2
20 39617342 1.4581
20 39617568 2e-04
20 39628647 0.0707047071086558
20 39633437 0.588
20 39638907 1.5647
20 39649234 1.4407
20 39665119 0.792349843858483
20 39670865 0.579468873934015
20 39672855 0.0136650352674633
20 39706181 0.0131
20 39714167 0.951154689493561
20 39735075 0.3469
20 39748545 0.3651
20 39799218 0.7436
20 39807434 5e-04
20 39814770 2
20 39819843 2
20 39837444 0.6166
20 39867782 2
20 39900433 0.7646
20 39949194 2
20 39959540 0.0543814246149708
20 39962689 2.63734740810229
20 39965286 0.03170596172213
20 40006981 0.306223814442185
20 40008455 0.517558758729427
20 40030720 1.2554
20 40037073 0.5611
20 40046125 1.44503272587499
20 40050182 1.3066
20 40060772 0.1342
20 40062960 0.1413
20 40073986 0.1342
20 40075159 0.1342
20 40092607 2
20 40094158 2
20 40094645 0.022
20 40096330 2
20 40097018 2
20 40098324 2
20 40100114 2
20 40107442 0.921548976650547
20 40129667 0.1132
20 40135365 2
20 40135413 0.1063
20 40161042 2
20 40161283 5e-04
20 40169263 2
20 40169452 2
20 40169582 2
20 40175116 2
20 40176426 2
20 40219722 0.343868347232895
20 40230827 5e-04
20 40240452 5e-04
20 40241613 0.6319
20 40251314 2
20 40259749 0.686250676086104
20 40271719 1.0134
20 40275224 2
20 40281310 1.4123
20 40290287 1.4123
20 40312048 1.4123
20 40346689 1.18838762297677
20 40360206 1.4262
20 40381925 1.4262
20 40389654 1.4262
20 40425639 0.5763
20 40437052 1.3411
20 40555309 0.3356
20 40601827 0.3356
20 40626352 2
20 40642128 2
20 40652091 0.9613
20 40670934 1.0035
20 40698572 0.247521914985346
20 40705129 1.34263010129862
20 40714199 0.630362789900371
20 40717241 1.0134
20 40723544 0.8825
20 40730544 0.8825
20 40732350 1.15238245961566
20 40733238 0.7887
20 40736500 0.132174563074914
20 40742130 0.6423
20 40756982 0.5941
20 40766791 0.7537
20 40768464 2
20 40771605 2
20 40773889 2
20 40782724 2
20 40786355 0.6042
20 40792455 2
20 40804326 2.784
20 40844640 0.255799433080506
20 40875209 0.142469533525902
20 40879959 0.411858038389184
20 40889323 0.00741024648482892
20 40893769 0.2903
20 40909976 1.15258786706479
20 40912956 0.68667027453742
20 40933345 0.0199
20 40946019 0.579400705219285
20 40947825 5e-04
20 40970662 0.334600283265167
20 40976905 1.97295475940248
20 41010396 0.175632030860693
20 41011236 0.291857120423517
20 41018876 0.698670069008718
20 41019663 0.566068035176994
20 41086542 1.65164289280165
20 41090690 0.57091562107082
20 41095043 0.230492847222609
20 41141335 2
20 41147406 2
20 41147805 0.7474
20 41160821 0.916618076536786
20 41165849 2
20 41189959 2
20 41240507 0.190931606912805
20 41251160 2
20 41268383 2
20 41270190 2
20 41289167 0.750002647081577
20 41296395 2
20 41301389 0.7474
20 41305386 0.905203981987993
20 41309482 0.0011
20 41332169 0.0816487586396766
20 41334235 0.558215635451661
20 41368131 2
20 41377030 0.9727
20 41392539 2
20 41424509 2
20 41427997 2
20 41470546 2
20 41555338 0.5877
20 41632680 2
20 41632681 2
20 41679941 2
20 41692648 2
20 41718070 2.024
20 41719425 1.3307
20 41720532 1.4558
20 41720766 1e-04
20 41722422 1.3133
20 41722442 1.3133
20 41725522 2.024
20 41733857 1.4558
20 41739015 1.4558
20 41742066 2
20 41804792 0.2095
20 41808026 2
20 41818780 0.7515
20 41829898 0.6409
20 41850754 0.0844
20 41854069 2
20 41890924 2
20 41909185 1.0078
20 41909452 2
20 41911115 2
20 41918064 2
20 41918137 2
20 41920549 2
20 41922174 2
20 41922228 2
20 41944749 0.7883
20 41951611 0.7683
20 41968436 1.5386
20 41970510 2
20 41970523 2
20 41971198 2.06717272279427
20 41974565 0.0844662021014639
20 41998625 1.1108
20 42005890 1.5386
20 42009164 2
20 42067802 0.546570748444901
20 42070848 2
20 42077292 2.1508
20 42077854 1.07716741648653
20 42085839 2
20 42087437 2
20 42092313 2
20 42093335 2
20 42097505 2
20 42099800 2
20 42135201 0.873544372343383
20 42176453 2.3139
20 42206566 2
20 42214391 2
20 42217432 1.1309
20 42217633 1.1309
20 42221622 0.9004
20 42230711 1.1309
20 42231138 0.588
20 42234542 2
20 42239709 0.620346615282149
20 42265114 1.5021
20 42291040 0.951682514080421
20 42298829 0.456154598302073
20 42301067 2
20 42313270 2
20 42335437 0.5893
20 42351346 1.4746495592352
20 42359336 2
20 42363887 2
20 42365386 2
20 42365741 2
20 42368439 1.533
20 42369644 1.4557
20 42369645 1.4557
20 42369882 2
20 42378056 2
20 42381610 0.8185
20 42382505 2
20 42383624 0.3152
20 42383881 2
20 42389087 1.1662
20 42394273 1.7372
20 42394777 2
20 42415842 0.561665553917409
20 42417170 0.203379838637601
20 42417797 0.656834337244539
20 42422533 2
20 42428021 0.798499212233959
20 42428517 0.0513177778387126
20 42429344 1.3016
20 42433308 1.3297
20 42435511 0.368154680477819
20 42435630 2
20 42443134 0.3506
20 42448111 2
20 42458810 2
20 42481062 1.4167
20 42488736 1.4167
20 42492867 1.8611
20 42557809 0.494916733586146
20 42565408 0.519677944593197
20 42584537 0.6772
20 42588817 0.8627
20 42596353 0.4306
20 42601542 0.7957
20 42605337 2
20 42610986 2
20 42620591 2
20 42626626 0.7442
20 42634083 1e-04
20 42666344 2.2541
20 42697302 1.032
20 42697332 1.032
20 42726997 2
20 42752575 0.78664639479721
20 42757953 2
20 42768104 0.588
20 42781887 0.9516
20 42787105 2
20 42794064 2
20 42813216 1.38666593599691
20 42851257 2
20 42874919 0.6267
20 42883710 2e-04
20 42924260 1.2098
20 42934712 2
20 42979926 0.526351070820612
20 42980548 2
20 43011059 2
20 43021714 0.635232017823222
20 43023208 0.495795841765173
20 43030506 1e-04
20 43074245 2
20 43079849 2
20 43082552 2
20 43087355 2
20 43112185 0.462
20 43118629 2
20 43124603 0.2823
20 43152568 0.2321
20 43158162 0.1687
20 43161764 1.4362
20 43178365 2
20 43199518 2
20 43206161 2
20 43206501 2.6546
20 43286704 1.9474
20 43288323 0.352
20 43299093 2
20 43301734 0.8762
20 43314876 0.8762
20 43317736 2
20 43320608 2
20 43325743 2
20 43331374 3
20 43343388 0.1127
20 43346734 0.5823
20 43352597 0.1194
20 43360411 2
20 43366415 0.8169
20 43368532 2
20 43369942 2
20 43370818 2
20 43384041 0.6748
20 43391040 2
20 43392228 2
20 43405566 1.13000664848356
20 43410218 2
20 43414935 0.0263
20 43424841 0.0745
20 43429777 2
20 43430898 2
20 43434411 0.191000550128317
20 43439206 1.3458
20 43440739 1.3458
20 43441353 0.359596927042919
20 43441623 0.354093145419619
20 43447025 1.42319503245351
20 43474374 0.8532
20 43476521 0.8693
20 43477326 0.729645337611848
20 43477860 0.8693
20 43487878 0.246656136852245
20 43490807 1.8039
20 43494333 1.8181
20 43496844 2.0896
20 43527344 0.6537
20 43531696 2.1054
20 43543106 0.4173
20 43544868 0.0107
20 43547966 0.3329
20 43549730 3.0012
20 43553842 0.397764092090696
20 43560072 2
20 43576421 0.1191
20 43583943 0.0681
20 43588445 0.093
20 43601999 2
20 43608031 0.0866
20 43618516 0.1406
20 43623685 0.1406
20 43643164 1.4343788001654
20 43643263 5e-04
20 43652469 1e-04
20 43656816 0.1137
20 43667902 0.0561
20 43674391 0.130798119213011
20 43677652 0.0502
20 43679912 5e-04
20 43684801 0.0273
20 43695752 0.0866
20 43705672 0.389851058183705
20 43753546 2
20 43761338 1.93088238719414
20 43766049 1.4546
20 43799154 0.881913246344844
20 43844583 0.276503098004349
20 43852455 2
20 43882064 2
20 43909704 2
20 43919190 2
20 43919606 2
20 43924229 0.0564
20 43924237 1.3765
20 43937937 1.3902
20 43998724 0.3747
20 43999957 2
20 44029541 0.424397907390582
20 44032864 0.647474357229251
20 44034386 2.587
20 44071112 2
20 44071684 2
20 44083019 1.2099572808907
20 44092571 0.5509
20 44099625 1.6483
20 44111590 1.67023525412864
20 44111885 2
20 44121068 2
20 44125336 2
20 44127652 2
20 44132791 1e-04
20 44132921 6e-04
20 44133242 2
20 44134804 5e-04
20 44165321 0.20652877860415
20 44166681 0.1061
20 44173331 1.70019905184184
20 44177789 0.378
20 44203668 2
20 44211921 2.6446
20 44216214 0.6519
20 44217900 2
20 44228854 0.867732104602249
20 44261482 2.2996
20 44314999 2
20 44404455 1.2009
20 44410080 1.0097
20 44415722 0.309
20 44424948 0.281
20 44434417 0.8288
20 44438548 0.723473533679987
20 44444363 2
20 44454014 0.863348180647995
20 44508506 0.587321953131982
20 44524565 0.185183601074601
20 44546812 1.574
20 44560065 0.972231642026747
20 44568472 0.0078
20 44579709 0.0034462925943872
20 44596825 0.1071
20 44600723 0.55941438855681
20 44602037 0.0328585423739796
20 44608814 0
20 44632053 2
20 44638278 0.547274209304974
20 44640414 5e-04
20 44647479 0.289820505753323
20 44656383 0.0053
20 44657774 0.564171410169939
20 44659440 0.0837953968969866
20 44670146 0.00637708247675273
20 44688723 0.827272563497035
20 44713264 0.5516
20 44718925 0.667511846320395
20 44740082 1.6643
20 44741856 0.5283
20 44741878 0.514
20 44742018 0.0063
20 44868544 2
20 44873875 2
20 44880046 2
20 44884973 2
20 44898696 2
20 44903747 2
20 44918896 0.2561
20 44927664 0.7963
20 44931007 0
20 44939609 0.5364
20 44970889 0.115674887322631
20 44984872 0.1156
20 44988535 1e-04
20 44995635 0.2094
20 45002795 0.1047
20 45012795 0.00127769093126729
20 45028639 0.1156
20 45030192 0.1156
20 45052277 0.098187267486217
20 45056184 0.3612
20 45062589 0.3612
20 45067815 0.1156
20 45072246 0.1156
20 45124579 1.0384
20 45149903 1.0384
20 45159446 2
20 45159624 1.0384
20 45166132 1.5252
20 45168384 1.0384
20 45171591 1.0384
20 45176914 1.0036
20 45201727 0.786303279967217
20 45203180 1.034
20 45207532 0.91
20 45210556 1.0036
20 45225390 0.0067
20 45226588 1.0036
20 45270494 0.0273
20 45283177 0.8064
20 45284677 0.8064
20 45296317 1.03581170678208
20 45302770 1.23773846684996
20 45315601 0.319969319583197
20 45317515 2
20 45318728 2
20 45325767 0.8061
20 45330232 2
20 45331778 2
20 45334000 2
20 45336636 2
20 45348229 2
20 45351509 2
20 45353576 1.8739
20 45355137 0.1475
20 45360590 0.1406
20 45360874 0.1475
20 45362480 0.1475
20 45367549 2
20 45379687 0.1475
20 45394026 1.12444651553756
20 45401893 0.0311759139582734
20 45402601 0.1475
20 45405435 0.403947206905812
20 45415239 1.10872040036545
20 45427323 0.0573438354387699
20 45443556 1.1721
20 45471868 1.1049
20 45476996 1.1577
20 45486489 0.848312540981172
20 45488078 2
20 45493390 2
20 45499038 2
20 45504266 2
20 45515478 2
20 45549907 1.8699
20 45555646 2
20 45556371 2
20 45557170 2
20 45557648 2
20 45563270 2
20 45565277 2
20 45569613 2
20 45571792 2
20 45572129 2
20 45576825 0.371957680974892
20 45581184 1.7912
20 45587855 2
20 45596339 2
20 45600683 2
20 45614011 1.7072
20 45623152 0.335410398502502
20 45624706 2
20 45629133 2
20 45636279 2
20 45639265 2
20 45639421 2
20 45640140 2
20 45650395 0.32502610875313
20 45659429 2
20 45667172 2
20 45693964 0.376928880147397
20 45697659 0.801031731510345
20 45703066 1.68130104437968
20 45715908 2
20 45717501 2
20 45722089 2
20 45734110 1.22846884320812
20 45736350 1.32425834421206
20 45737316 0.757471218746275
20 45738432 2
20 45756674 2.25156737724381
20 45761036 1.82261357192514
20 45785447 1.01956324873902
20 45797680 0.595629595791055
20 45810575 0.162391195574776
20 45812098 1.6747
20 45818986 0.55738399379485
20 45865929 2
20 45870073 2
20 45876536 2
20 45879572 2
20 45883726 2
20 45894803 2
20 45894908 2
20 45906742 0.5877
20 45921540 0.1326
20 45930959 1.3104
20 45932075 0.0072
20 45934368 2
20 45973992 1.8116
20 45991015 2
20 45993599 1.3531
20 45995478 2.3673
20 46000706 0.737359907366132
20 46003728 0.0922521293593515
20 46006406 0.63161755819544
20 46007015 1.8888
20 46016700 0.1487606556856
20 46033306 1.63337652915491
20 46037956 0.6217
20 46064657 3.18593097787228
20 46100769 0.594
20 46104675 1.51082393799458
20 46106037 1.36290218779654
20 46111616 1.77023461089827
20 46150434 0.404866644489795
20 46170564 2
20 46200195 1.3437
20 46205485 0.816677799009967
20 46211546 0.2608
20 46247776 0.790550501936662
20 46262271 1.77861319611033
20 46270491 0.4447
20 46275792 1.66465012496458
20 46276827 0.816994840716489
20 46279392 0.4987
20 46296886 0.627
20 46307555 0.5416
20 46308954 0.5452
20 46334127 0.0351642159128291
20 46338020 2
20 46339104 2
20 46343089 2
20 46370152 0
20 46440740 5e-04
20 46471127 1.0501
20 46487542 0.8822
20 46493674 2
20 46505448 1.4136
20 46551540 0.0107
20 46558866 0.6009
20 46567099 2
20 46569892 2
20 46603310 2
20 46652957 1.6573040480691
20 46655218 2
20 46656127 5e-04
20 46656260 1.15046199565635
20 46690069 1.91895919669429
20 46696662 0.126715766630056
20 46737675 2
20 46749491 2
20 46749522 2
20 46750470 2
20 46753017 2
20 46756190 2
20 46804946 2
20 46815930 2
20 46826857 0.1345
20 46833337 2
20 46843534 0.1704
20 46848947 2
20 46849406 2
20 46851608 2
20 46854967 2
20 46864843 2
20 46889828 2
20 46890111 0.1738
20 46895063 2
20 46900932 2
20 46917533 1.34015994577343
20 46922830 0.659763592502213
20 46923439 1.75067804452045
20 46938867 0.358975729868184
20 46943721 2
20 46945235 2
20 46951073 2
20 46953704 2
20 46961769 2
20 46986266 1.4775
20 46987917 6e-04
20 46988537 0.0701321856359794
20 47006502 2
20 47010815 2
20 47029807 1.1103
20 47038867 2
20 47039834 2
20 47049719 2.34223643921463
20 47062677 0.818652398976336
20 47063208 1.06132689187215
20 47066911 0.520540954862492
20 47067238 0.323840433800608
20 47080563 5e-04
20 47080952 2
20 47098432 2
20 47098781 1.6275
20 47107767 0.0914496036793564
20 47116993 5e-04
20 47136430 0.770259216870686
20 47148013 0.6107
20 47158517 5e-04
20 47165902 0.9027
20 47165984 0.9027
20 47169235 0.9027
20 47177235 0.0108766816681633
20 47180207 0.591696594157298
20 47182176 0.0141170052160234
20 47182392 1.65592756990165
20 47191697 0.346011110017328
20 47202433 0.137796182672633
20 47255639 1.0854
20 47255929 3.1145
20 47258950 0.702646061600327
20 47263795 1.0854
20 47267979 1.76078142413204
20 47280869 0.182362349126332
20 47344960 2.0836
20 47346208 1.271
20 47350345 1.2099
20 47358240 1.1088
20 47362146 0.9955
20 47363234 1.5362
20 47369924 0.9635
20 47381230 0.0219
20 47385676 2.2073
20 47405219 1.0619
20 47411542 2
20 47415070 2
20 47428185 2
20 47428490 2
20 47428501 2
20 47448359 1.5652
20 47457872 2
20 47467573 1.22483508350134
20 47471433 1.89893244390104
20 47474384 0.622682855236311
20 47476473 2
20 47480995 1e-04
20 47495345 0
20 47512313 0.3933
20 47524404 1.08333622812142
20 47525915 1.06237810619347
20 47543572 0.7121
20 47544780 2.4974
20 47549975 0.358325450300369
20 47581409 0.6903
20 47582542 2
20 47593015 1.1971915027791
20 47614076 0.79072657129913
20 47618411 2.7608
20 47639206 2
20 47659822 0.7105
20 47707305 2
20 47707786 2
20 47712740 2
20 47713013 2
20 47715443 0.940473604679911
20 47715448 0.475405802620615
20 47715830 2
20 47716932 2
20 47719087 2
20 47723209 2
20 47724449 1.37478913946014
20 47726502 1.2585
20 47732051 2
20 47733403 1.0298
20 47739813 1.0064
20 47745498 0.885
20 47751375 1.11659026526021
20 47755652 2
20 47764986 2
20 47771710 2
20 47778546 2
20 47799329 2
20 47800327 2
20 47802839 2
20 47804183 2
20 47806184 2
20 47820248 0.695
20 47839431 1.3251
20 47864652 1.1886
20 47873508 0.407570318081678
20 47879993 1.0501
20 47891822 2
20 47904843 0.290090089219201
20 47908310 1.3746
20 47909983 2
20 47910720 2
20 47911193 2
20 47912433 2
20 47913797 0.588
20 47916904 0.447552886472671
20 47941682 0.703949987172955
20 47941688 1.39513759506487
20 47951212 2
20 47953210 1.8112
20 47953827 2
20 47962987 2
20 47963425 2
20 47977488 1.7878
20 47986816 1.1364
20 48031647 2.3429
20 48032444 2
20 48033406 2
20 48037393 2.4998
20 48042065 0
20 48064318 0
20 48065324 0
20 48072002 0.5877
20 48084143 2.0001
20 48096656 2
20 48111327 2
20 48129679 2.9756
20 48133903 0.7059
20 48148149 0.5033
20 48148525 0.8536
20 48149399 0.2295
20 48149760 0.1225
20 48150359 0.1225
20 48159082 2
20 48166765 0.0724248516926242
20 48170466 2.239
20 48172100 1.61998778153454
20 48198398 0.525559216438028
20 48208229 2
20 48210236 2
20 48212534 2
20 48216744 2
20 48216920 2
20 48225836 2
20 48235169 0.446295053200695
20 48243070 2
20 48247492 0.9177
20 48258912 2
20 48319083 0.471368173597763
20 48340842 0.2708
20 48359249 0.7107
20 48391131 0
20 48415646 2
20 48450029 5e-04
20 48451893 1.1072
20 48458177 2
20 48476787 2
20 48477956 0.165285989933528
20 48487636 0.731892219641992
20 48495135 0.542760438947595
20 48495487 0.926533636423576
20 48496668 2
20 48498831 2
20 48513775 0.0076
20 48515824 2
20 48527525 2
20 48549993 0.82008234246516
20 48559136 0.770554198475115
20 48561988 0.6014
20 48566472 0.051408777737362
20 48577661 0.982447263680231
20 48578318 1.30550340875025
20 48586627 1.40492730498073
20 48605073 2.09226561162684
20 48607406 2
20 48610847 1.40856323825824
20 48610880 1.53536041986767
20 48621372 2
20 48621479 0.898037441179701
20 48623543 0.0335
20 48633007 0.0927179178852932
20 48634068 2
20 48640758 0.0899642787346056
20 48643971 2.4600565595951
20 48657188 1.32046737716093
20 48663292 0.209477906403394
20 48666599 1.79815778046164
20 48673218 2
20 48674081 1.8657729083985
20 48689421 2
20 48695065 0.557847375893784
20 48702604 2
20 48704394 2
20 48730238 1.05815660675688
20 48750070 2
20 48753992 2
20 48754898 0.771028971084546
20 48756469 2
20 48767718 2
20 48768237 2
20 48779638 2
20 48780102 2.1276
20 48787376 2
20 48790504 2
20 48793694 0.7448
20 48803368 0.2215
20 48810866 0.7448
20 48833686 0.3674
20 48843239 0.8263
20 48871774 0.0075
20 48882444 2
20 48882584 0.406
20 48883219 2
20 48890122 1.39941134809616
20 48892448 1.287
20 48892516 0.41333580030655
20 48895255 0.269139926859552
20 48896800 0.176371302024878
20 48897142 0.979
20 48897198 6e-04
20 48898389 0.7664
20 48905549 2.38154973069915
20 48911114 0.859469153350592
20 48916866 0.26378170620299
20 48921796 0.8645
20 48923822 1.1712
20 48938976 0.525714205666632
20 48959465 5e-04
20 48959523 2
20 48964162 2.20475798659974
20 48964359 0.204373754212391
20 49009002 0.0165
20 49023523 0.796613928354864
20 49030084 0.6645
20 49031339 0.6645
20 49046845 1.09875992554126
20 49058639 1.40664346199064
20 49062233 1.343508087541
20 49069504 0.082
20 49092172 1.6384
20 49100816 0.8645
20 49101834 0.8645
20 49108471 1e-04
20 49121541 0.565289995364363
20 49144320 1.41535780037494
20 49145858 0.0835
20 49153300 0.00664740309524912
20 49162065 1.02232801269168
20 49163770 2
20 49188683 0.329733371478587
20 49193185 1.45148088362133
20 49207756 1.08603650687951
20 49217657 0.0078
20 49240530 0.498143956895237
20 49251055 2.37692929791657
20 49251842 1.11089089589284
20 49257702 2
20 49278429 1.78250287900673
20 49289768 1.4195256901031
20 49289818 0.528506279254451
20 49321189 2
20 49322089 0.156769015773719
20 49323126 1.0399
20 49331586 2
20 49336439 0.268064913530477
20 49339452 0.212055647081308
20 49389215 2
20 49429036 0.211455826067556
20 49442801 0.193201044952295
20 49443609 2.27022852568302
20 49445275 1.49143882722393
20 49472572 1.1116
20 49493237 0.2506108338972
20 49515112 0.4506
20 49520187 0.839
20 49548080 2.2155
20 49559061 2
20 49561676 1.0679890501473
20 49565448 2
20 49604806 2
20 49604922 1.6631413016761
20 49616836 2
20 49626647 0.58869637816667
20 49629587 0.400577232779051
20 49646908 0.9297
20 49663144 0.2846
20 49663706 6e-04
20 49676109 0.962148691708878
20 49688980 1.19214590098941
20 49703723 0.9297
20 49716777 0.5919
20 49718982 0.5919
20 49723180 1.7015
20 49726174 2
20 49727898 0.4735
20 49731012 1.0611
20 49731997 1.0611
20 49732697 1.0611
20 49732775 0.0222
20 49735947 0.3619
20 49739471 1.5344
20 49750393 1e-04
20 49753384 0.274968809413798
20 49754020 0.681364063619843
20 49754403 0.0518
20 49756001 1.77091650939121
20 49757144 1.33813152864963
20 49765588 0.2484
20 49766291 0.0222
20 49768980 0.2662
20 49778054 0.2669
20 49784731 0.4733
20 49797002 0.1693
20 49798807 1.2082
20 49805902 0.7116
20 49807035 2
20 49812972 0.8373
20 49816994 1.4681
20 49818705 0.526
20 49824631 1.1667
20 49825230 0.3317
20 49828221 0.0053
20 49846682 0.9175
20 49847907 0.6893
20 49857663 0.8494
20 49871957 0.8578
20 49900509 1.9834
20 49921407 5e-04
20 49923118 3.72192250241604
20 49928694 0.918526280818582
20 49931054 0.5358
20 49943964 1.9834
20 49952703 2.43512324351136
20 49959987 1.9753
20 49968829 0.2654
20 49973801 0.923
20 49977973 1.9675
20 49982693 1.0888
20 49998893 1.5882
20 49999923 1.5882
20 50029906 0.700135467492548
20 50030536 0.5297
20 50059703 2.2967
20 50061924 0.399559930445055
20 50080098 0.732
20 50080711 1.1616
20 50101024 1.4494
20 50106412 0.367668515096255
20 50108711 0.226583686161489
20 50113140 0.0776
20 50117213 0.696096813550121
20 50131160 0.292429297131519
20 50136100 0.9412
20 50157183 0.182823980299599
20 50162003 1.34720462460271
20 50164838 1.82802160050884
20 50165537 1.85415613542434
20 50166706 1.42666206300862
20 50171608 2
20 50175430 1.35043630394233
20 50175629 1.52099280888635
20 50175649 0.59597150649614
20 50223834 1.59002964476034
20 50254598 2
20 50259894 1.0399
20 50261558 2
20 50263193 2
20 50269507 1.1205
20 50303414 0.5814
20 50306716 2.2958
20 50338887 2
20 50342964 2
20 50347398 1.4832
20 50352487 1.4458
20 50353535 0.5454
20 50357567 2
20 50364937 0.276
20 50373915 2.9713
20 50446517 1.24200818760941
20 50459145 1.2446
20 50460356 2
20 50468082 0.639067041663137
20 50477252 0.7094
20 50485452 2
20 50503858 0.0249196717524242
20 50511703 0.0653713998931316
20 50526726 0.509922216036986
20 50539126 0.294827513501523
20 50599182 1.64736446501473
20 50616515 0.66825483719738
20 50617134 0.686271966027116
20 50620882 0.457196933479713
20 50623739 2
20 50632742 2
20 50633988 2
20 50651969 1.6458
20 50679151 0.45137898795439
20 50679823 1.6413
20 50684481 0.1298
20 50687593 0.8324
20 50688042 0.215100796477965
20 50703328 0.1783
20 50748197 2
20 50758946 1.6637
20 50769086 2
20 50775906 5e-04
20 50775933 1.35478005942185
20 50777960 0.939945444296804
20 50808519 0.617867269319658
20 50810451 0.54206464981857
20 50815866 0.175247910318223
20 50825941 0.805881519742203
20 50827425 0.28759444869573
20 50853845 0.823447702191848
20 50857149 1.13317875505335
20 50860856 0.514498089001498
20 50878782 1.68971815356146
20 50878921 2
20 50925542 1.44205872600697
20 50936367 0.0118404705248968
20 50963207 0.103740608633887
20 50994060 0.463267914783737
20 51003582 0.337467713250137
20 51008794 0.333291556165817
20 51008911 0.250021528871407
20 51018348 2
20 51035611 0.326083164825308
20 51046943 0.3244
20 51055409 0.0519
20 51062009 0.993310399388319
20 51081286 0.452554661509962
20 51110689 2
20 51117638 2
20 51128302 1.72036167396014
20 51132126 0.0669407839440586
20 51134442 1.34900482119001
20 51136946 0.1027
20 51138467 0.7453
20 51140869 2
20 51162073 1.30061950169711
20 51174187 2
20 51177453 2
20 51178596 2
20 51178732 2
20 51202352 0.147632520051665
20 51216361 0.978875261427631
20 51244157 0.5264
20 51247464 0.4391
20 51252774 0.9637
20 51256756 1.1754
20 51257669 1.233
20 51306151 2
20 51329224 2
20 51356648 2
20 51356798 2
20 51357808 0.458
20 51373052 2
20 51376071 2
20 51379232 2
20 51379622 2
20 51381742 2
20 51391648 2
20 51393263 2
20 51409827 0.5591
20 51415639 3.1176
20 51419208 5e-04
20 51422569 0.0222
20 51456230 0.5281
20 51464374 0.4452
20 51464482 1.7255
20 51472467 2
20 51482248 0.212924446035834
20 51485811 2
20 51492425 2
20 51518552 2
20 51529358 2
20 51566258 0.4062
20 51578914 1.00892681798931
20 51579253 0.0053
20 51579415 0.3936
20 51585189 1.5467
20 51595995 0.979319379853598
20 51607436 2
20 51610753 0.0329
20 51618319 2
20 51643071 0.303006900403248
20 51644606 1.9696
20 51646890 2
20 51648828 1.11828637536341
20 51652580 1.4901251690607
20 51654143 0.342448343781911
20 51660921 0.2319
20 51663403 0.381030146300302
20 51665104 0.1459
20 51666154 0.2552594463858
20 51671900 2
20 51681838 2
20 51683089 0.2481
20 51693556 2
20 51698112 2
20 51707515 2
20 51727930 2e-04
20 51734803 2
20 51751234 2
20 51766487 0.261571614931118
20 51770242 0.97
20 51783541 0.696236670217978
20 51786688 0.3237
20 51793763 2
20 51801133 0.968476968207253
20 51809225 2.54813048770078
20 51809735 0.824866896872798
20 51816427 2
20 51825056 1.05714769976857
20 51827578 5e-04
20 51828563 0.49947553383729
20 51831384 1.00324949082126
20 51834971 1.9018531672768
20 51839149 1.1818
20 51839698 1.14907614952896
20 51846621 1.19604783027604
20 51850466 0.545342560106828
20 51854860 2.0273
20 51864850 0.181540071084147
20 51872502 0.0277253453313916
20 51873874 2
20 51874883 0.5365
20 51878871 0.565744415755751
20 51881568 0.392625538380224
20 51882248 1.8158
20 51891264 0.4446
20 51891652 0.161
20 51894648 0.4912
20 51896229 1.7474
20 51897335 0.4912
20 51897886 0.4912
20 51900867 1.11970386686049
20 51902719 0.5875
20 51913436 1.7412
20 51926620 0.977339126317594
20 51948629 1.2308
20 51948807 1.168
20 51952603 2
20 51958783 1.8942
20 51988254 0.0078
20 52041698 1.7099
20 52049440 0.6335
20 52051304 0.5323
20 52053848 1.4493
20 52059224 0.5334
20 52060608 0.5334
20 52064557 1.4415
20 52072625 0.6949
20 52074345 0.636
20 52082504 0.184369797529852
20 52098895 0.679206562208055
20 52100254 0.594134064197739
20 52123294 2.28448249333804
20 52125276 0.545875522634999
20 52127201 0.818898958742033
20 52134013 0.9738
20 52137559 0.355359444001241
20 52143885 0.0015
20 52145184 0.326848829851624
20 52145505 0.4571
20 52151867 0.4571
20 52181156 1.3166
20 52185603 2.2653
20 52193584 0.9191
20 52194606 1.9607
20 52196969 1.42245489269126
20 52197605 1.6011
20 52207330 1.32443015226583
20 52210502 1.6077
20 52228265 0.085387388844901
20 52242011 0.174781848998538
20 52245082 0.439443389902648
20 52268258 0.504192025610725
20 52314959 0.256276526872262
20 52318223 0.0447
20 52337194 0.133815816778297
20 52352925 1.5953723237023
20 52365460 1.42966001365806
20 52366864 0.227274620735559
20 52374369 0.17071774232215
20 52393218 0.702983712665149
20 52405679 0.526347344218957
20 52416584 0.382066765761585
20 52423705 0.2630077822103
20 52424154 0.0595
20 52429495 0.367932027805314
20 52440974 1.6182
20 52449597 1.6182
20 52480184 0.395908449677705
20 52525676 1.4833
20 52537730 1.4833
20 52540769 0.0933641392031744
20 52541547 1.1964637854009
20 52544474 0.429448386639852
20 52544869 1.3282460905361
20 52547061 0.489061800275286
20 52548844 1.07387713382451
20 52551155 1.56869710658732
20 52554487 0.258863141760198
20 52561088 0.756538380811785
20 52563886 0.680152389920397
20 52580257 0.928947422036438
20 52587718 0.391518986632823
20 52595580 0.278
20 52597754 0.637519366454867
20 52599984 0.652583175959427
20 52602214 0.278
20 52603448 0.539526417122622
20 52642637 0.9203
20 52648218 1.0779
20 52662292 1.3967
20 52674869 1.4362
20 52675546 1.4554
20 52683345 1.631
20 52683446 1.5133
20 52701562 1.0004
20 52727693 0.523
20 52737678 0.3515
20 52795573 1.20053941453917
20 52817616 1.9378
20 52860064 0.110002745920559
20 52879607 1.91540810593394
20 52880109 0.056378301615077
20 52883832 5e-04
20 52894386 0.257133475215898
20 52909758 0.5436
20 52986210 0.523927620256661
20 53005383 0.691405051637468
20 53006930 0.507618076282453
20 53013325 3.0905
20 53014952 5e-04
20 53016806 1.45173187497815
20 53032642 0.8288
20 53043054 1.97366405998069
20 53050143 6e-04
20 53063451 5e-04
20 53109402 0.222073656497023
20 53116658 1.51075255132415
20 53118477 0.904061561888947
20 53129098 1.0295
20 53162260 0.8473
20 53185117 0.674191111049387
20 53215820 1.11191302137947
20 53273509 1.4793
20 53305098 0.775319521947707
20 53307536 0.6716
20 53312099 1.455
20 53316651 0.4346
20 53349852 0.2736
20 53361091 0.332255539984599
20 53371256 1.6209
20 53386874 0.3283
20 53390080 0.248072814058775
20 53400436 1.3108347189013
20 53430827 0.4548
20 53441335 0.9012
20 53444028 0.5826
20 53450617 0.5826
20 53469612 0.7001
20 53472352 1.0094
20 53472769 3.3014
20 53478880 0.557343316518362
20 53479729 1.0094
20 53479854 1.0094
20 53480050 0.5666
20 53491926 0.9791
20 53497357 2.8875
20 53501512 1e-04
20 53521969 0.0031
20 53524265 0.3404
20 53528404 5e-04
20 53545259 0.3634
20 53555047 0.8935
20 53556075 0.8935
20 53557198 0.680360248963613
20 53562257 1.1116
20 53587802 0.200676254434633
20 53600987 1.55567436502847
20 53620539 1.0051
20 53624384 0.8099
20 53631127 0.8787
20 53640519 1.2416
20 53641990 0.8737
20 53657469 0.949
20 53672185 0.199
20 53673163 0.8865
20 53681552 0.175615307213412
20 53681975 0.962787384255043
20 53684646 0.7137
20 53693500 0.2463
20 53694037 5e-04
20 53727804 0.988010970826753
20 53745823 1.24842007817415
20 53749009 0.6503
20 53757421 1.0622
20 53770441 0.174859107226737
20 53792469 0.2519
20 53806302 0.6265
20 53807396 0.6102
20 53808459 0.564
20 53834823 0.5352
20 53848158 0.4215
20 53851504 0.5494
20 53855055 0.4366
20 53862278 0.275618723089781
20 53863702 0.7156
20 53869231 0.0263
20 53881244 0.185981826510845
20 53896207 0.9048
20 53897098 0.804381635221835
20 53899954 0.1819877266529
20 53902918 0.893769376752346
20 53923579 0.316176501339725
20 53927304 0.0690257555739002
20 53932173 0.0301
20 53932536 0.225392361977711
20 53945962 1.8076
20 53979826 0.616631182500443
20 53979869 2.74580927382669
20 53979902 0.310619323865667
20 54001664 0.118844658393696
20 54002155 2.25012817543038
20 54007143 0.449261201155122
20 54008588 0.2237
20 54010501 0.631
20 54027037 0.1649
20 54033707 0.384
20 54041258 0.2402
20 54042273 0.810654425798457
20 54045210 3.2555
20 54045222 0.1649
20 54049733 0.102385951692593
20 54054593 0.485428996932668
20 54063759 0.2749
20 54064046 0.2749
20 54071256 1.0676
20 54088294 0.3807
20 54091809 2.6866
20 54093853 0.4698
20 54095766 2.6866
20 54097768 0.319205034949125
20 54104556 1.25863101377887
20 54106317 0.589045047762672
20 54111226 1.2874643684214
20 54121444 0.633579588138669
20 54129961 0.522585823403316
20 54130066 0.77634605664142
20 54130967 1.2494250343643
20 54147912 0.240408305851495
20 54151757 1.28074693959069
20 54170249 1.1189
20 54171775 0.8046
20 54185632 0.4215
20 54200104 1.11651025699879
20 54201991 0.557535334917326
20 54203395 0.997034819083806
20 54206103 0.797981892725445
20 54224906 2.73484375449783
20 54225041 0.125712504939192
20 54248593 0.891167565660259
20 54249057 0.00241882615657845
20 54250666 1.5003
20 54274886 0.321299841094603
20 54287143 0.953398945746927
20 54296996 0.395931354392423
20 54330195 0.6317
20 54355978 1.2455
20 54356103 1.66576140861007
20 54359134 1.2455
20 54362866 0.5006
20 54370620 1.2999
20 54381962 2.4698
20 54404430 2.92426466137296
20 54432483 0.648
20 54432999 1.1957
20 54433734 1.1498
20 54446220 5e-04
20 54450655 1.5141
20 54501553 1.5506
20 54503874 1.1549
20 54514625 0.0067
20 54514663 1.5166656473551
20 54539532 1.5771
20 54550741 0.890097388396074
20 54571791 0.241233542155911
20 54573679 0.011844221917158
20 54575692 0.5713
20 54606339 1.87717615128643
20 54610301 0.0589513810351238
20 54612574 1.2043
20 54613103 5e-04
20 54615682 1.2281907101906
20 54616507 0.7691
20 54630428 0.7036
20 54630741 0.719
20 54630882 1.4699
20 54634311 0.417
20 54641216 1.0428
20 54646671 0.319541022322437
20 54665608 0.8886
20 54671198 1.67899763731395
20 54680981 0.1175
20 54681433 0.0269
20 54688631 0.0269
20 54696037 2.2885592907803
20 54698688 0.288302545034457
20 54701777 0.612322695087415
20 54708394 0.645098654791667
20 54711188 0.442751471010504
20 54712306 1.00931870712727
20 54713020 0.415057791633286
20 54738262 1.72027052589984
20 54751806 0.0158
20 54751859 0.3017
20 54755981 0.4820573286603
20 54767917 1.1662
20 54775018 0.0158
20 54802001 0.2871
20 54810098 0.612
20 54810810 0.612
20 54813507 0.7028
20 54815039 0.7028
20 54815392 0.7028
20 54820229 2e-04
20 54821013 0.8845
20 54821821 0.399301039999948
20 54821973 0.7028
20 54827948 1.67848938670846
20 54835033 1.75900363536923
20 54838794 1.45422047447667
20 54839027 0.234664721582625
20 54843554 1.74096906151295
20 54864336 0.1726
20 54876832 0.0301
20 54878421 0.1726
20 54878885 2.28100698938202
20 54882406 0.849261264551328
20 54884780 1.09055289361224
20 54889008 1.8454
20 54890411 0.1726
20 54899384 0.0301
20 54919688 0.171551631285912
20 54921672 0.0256
20 54932790 0.2895
20 54932840 0.8622
20 54970040 0.772978149155554
20 54982880 0.6954
20 54995601 0.6761
20 55004120 0.180608504189014
20 55008238 1.98028410370395
20 55008819 0.643091657287967
20 55030743 0.549969490366359
20 55049930 0.694380512395006
20 55051787 0.329253788774731
20 55053768 0.771579177290281
20 55067704 0.289467864017764
20 55073025 0
20 55078383 0.390524798652043
20 55096214 0.0987
20 55123176 1.0964
20 55126343 0.891001199549672
20 55126800 1.13460844028456
20 55164518 1.35426222687311
20 55166490 0
20 55171380 0.022
20 55172356 0.022
20 55189660 0
20 55195711 0.4579
20 55202087 0.544
20 55213387 0
20 55219875 0
20 55224009 5e-04
20 55242080 0.3337
20 55263258 1.79455519759543
20 55271814 0.360598858611714
20 55279123 5e-04
20 55298253 0.338219159453492
20 55310269 0.319221624639827
20 55369915 2.47377852611826
20 55384802 0.772051197807901
20 55423723 0.417
20 55439840 0.3563
20 55447178 0.3563
20 55453715 1.1296
20 55463974 0.3563
20 55471425 0.4546
20 55478103 1.7134
20 55488634 0.955104366780961
20 55491222 0.242089639958053
20 55496126 1.24372799923958
20 55509503 0.39049748933649
20 55512739 0.588
20 55517883 1.503
20 55525415 5e-04
20 55526469 0.253930918058149
20 55526472 1.5001
20 55529245 5e-04
20 55531856 0.3088
20 55532219 0.316277904993265
20 55533016 1.12354138281667
20 55533116 5e-04
20 55539198 5e-04
20 55541596 0.3087
20 55548878 1.39060093505862
20 55553345 1.3875
20 55556574 1.50285041629297
20 55560098 0.0725331583090183
20 55561035 1.3488
20 55563024 1.3488
20 55564345 1.3488
20 55569068 0.209239775461273
20 55572753 0.237768140209504
20 55593889 0.195957932477786
20 55596723 0.561767603574357
20 55598459 1.0465
20 55599066 0.900123032014326
20 55612324 0.134875485621166
20 55624412 0.165513248568233
20 55627301 0.161812772888949
20 55652174 0.436903093367555
20 55656048 2.99060002122673
20 55656260 0.826218281243275
20 55660596 1.41084440041287
20 55662745 0.0916649188204816
20 55663422 0.105866125704131
20 55664559 0.412998419422847
20 55686279 0.348378791488707
20 55704904 0.6902
20 55707735 0.6902
20 55708350 0.6902
20 55716684 0.6902
20 55720820 0.6902
20 55740225 1.4035
20 55754451 1.7634
20 55768976 0.6539
20 55789990 0.424197715320648
20 55790018 0.3466
20 55801483 0.7781
20 55804947 0.6486
20 55806611 0.6486
20 55809532 0.6182
20 55816456 0.6809
20 55820485 0.6486
20 55822908 1.22281678543216
20 55827960 0.412157861801562
20 55846682 0.0842
20 55865598 0.0613
20 55869278 0.181165409531057
20 55869369 0.0613
20 55869874 2.43267486050478
20 55876610 0.0613
20 55915801 0.5261
20 55918761 0.1822
20 55927486 0.0236
20 55944281 3e-04
20 55955854 1.39910279152396
20 55960566 2.42144723983867
20 55962878 1.59574966027289
20 55975518 0.9166
20 56009354 0.8878
20 56077826 0.5129
20 56097015 0.5115
20 56121894 0.8604
20 56123832 0.474019275205875
20 56128328 0.4442
20 56149978 0.4442
20 56171318 1.30500450392582
20 56171591 0
20 56182545 0.178685026941834
20 56186243 2
20 56186472 0.0478338583426558
20 56187362 0.264641857401447
20 56193135 0.620372325636981
20 56198585 0.0776836073907087
20 56200416 0.0548089271698177
20 56201717 0.503499475268822
20 56208856 5e-04
20 56239845 0
20 56264248 0.196473814595254
20 56268969 0.4764
20 56269193 0.418344875221625
20 56277800 0.4314
20 56280787 0.9217
20 56281784 0.145515964512589
20 56281836 0.6902
20 56286789 0.1536
20 56291054 0.4314
20 56292129 0.123793338643843
20 56297875 0.4314
20 56300840 1.10561907916971
20 56315712 1.754
20 56347217 0.420538873853574
20 56357700 1.9814
20 56370155 0.2369
20 56370253 0.2596
20 56387716 0.93932397646248
20 56416786 0.1427
20 56438160 0.631711258734612
20 56439671 0.184919294034773
20 56443220 0.687198998291444
20 56448877 1.07915414356632
20 56455978 0.8346
20 56460763 0.8204
20 56495212 0.9382
20 56496136 0.8204
20 56503980 0.9465
20 56506873 0.476925789614558
20 56510006 0.8346
20 56511102 0.1484
20 56519451 0.8066
20 56526661 0.9382
20 56531863 0.9998
20 56532217 0.5536
20 56539857 0.5536
20 56540778 1.302
20 56557812 0.431890139541821
20 56562468 0.245539676492687
20 56570622 0.0073
20 56580095 0.362713558048107
20 56583745 1.1992
20 56618705 0.2622
20 56652185 0.5893
20 56656917 0.0384
20 56667920 0.0862
20 56688967 0.718344817369592
20 56689456 0.577183660342
20 56689795 0.314062718015771
20 56690951 2.06211678571004
20 56691101 1.02478662465497
20 56709191 1.18782090778865
20 56710934 5e-04
20 56713010 0.0056
20 56713132 0.858773269396637
20 56732871 3.3014
20 56760981 0.9484
20 56764323 0.93590314783978
20 56766625 1.65815986357133
20 56768573 1.67015537384852
20 56778493 0.8902
20 56784633 1.7662
20 56803735 0.293724127873758
20 56819602 0.967110984557267
20 56821672 0.106481685241851
20 56822495 0.167253367273649
20 56825489 0.1712
20 56842032 0.289523230959972
20 56853898 2.6933
20 56859928 0.381994031348138
20 56865887 0.647923668787547
20 56868014 0.353353761707434
20 56871424 2.6218
20 56872990 1.35574895876231
20 56881588 0.840365546201156
20 56885031 1.76719952838495
20 56889782 0.608233267976295
20 56890294 1.0534
20 56899004 0.101869337315017
20 56899344 1.71135789250692
20 56900028 0.2464939747813
20 56903385 1.23262436105152
20 56906042 0.5703
20 56912369 0.522
20 56918378 1.53096681984262
20 56942632 0.342532432368881
20 56956226 0.36768457294621
20 56965650 1.1521
20 56969082 0.865471800567769
20 56969672 1.1521
20 56987183 1.1082060276714
20 56992374 3.8894
20 57005942 0.3521
20 57008664 0.6482
20 57016862 0.7168
20 57019313 0.7269
20 57019324 0.7269
20 57043842 0.269940681959048
20 57063164 1.1957
20 57089293 0.32
20 57090771 0.2962
20 57097488 0.4253
20 57105314 0.164
20 57107331 0.0763
20 57142605 0.6032
20 57148732 2.2458
20 57169849 0.3982
20 57170625 0.4091
20 57176650 0
20 57191417 0.3789
20 57211364 1.6338
20 57216899 1.11692396274213
20 57221233 1.4241
20 57221239 0.637635895076212
20 57234822 0.4565
20 57328907 3.9804
20 57358693 0.9337
20 57360805 1.2991
20 57388333 1.007
20 57391438 0
20 57404200 0.0872619047519274
20 57410080 0.7837
20 57446364 0.110793693766724
20 57452966 0.4065
20 57456938 0.822279148601803
20 57459706 0.8725
20 57465157 0.427395208614195
20 57468369 0.418959413282439
20 57469206 0.1532
20 57470758 0.672804471953312
20 57471700 1.2455
20 57478005 0.849511375777735
20 57482109 5e-04
20 57482162 0
20 57483183 2.38621996897484
20 57484447 0.57128821601233
20 57493049 0
20 57535237 1.0869
20 57547669 0.887781820517872
20 57548113 1.2082
20 57550973 0.363458314737467
20 57571740 1.0194
20 57585663 0.761812401870795
20 57599638 0.947621648440929
20 57599887 0.2073
20 57603872 0.8479
20 57606149 0.327868512463526
20 57608441 0.206117209003459
20 57608862 1.00799523290762
20 57662887 1.0474
20 57665382 0.6007
20 57666268 0.5552
20 57677900 0.0463224421225869
20 57682480 0.658480951157458
20 57683560 0.0073
20 57695530 0.5458
20 57712347 1.3902
20 57717320 1.6027414486369
20 57720456 0
20 57726917 2.0097
20 57743585 0.250082062529989
20 57754912 1.1825
20 57774188 0.181651848246711
20 57776436 0.6852
20 57782188 0.8398
20 57804161 1.3795
20 57807680 0.8863
20 57825245 0.350495421624846
20 57840526 0.879619532101555
20 57843271 0.496469375374706
20 57872903 0.280358798370469
20 57884694 0.0772552643966087
20 57884712 0.75881735445181
20 57886418 1.47468369687579
20 57886448 0.955618496660054
20 57890478 0.790823461495887
20 57890958 0.353159289556787
20 57894361 2.1657
20 57894543 5e-04
20 57894552 0.928287566981703
20 57894560 1.11886659822449
20 57898902 1.495
20 57899223 0.9955
20 57911513 1.0565
20 57912346 1.0565
20 57920147 1.0565
20 57925174 2.0548
20 57940212 1.3580094783516
20 57948325 0.825154612047671
20 57950198 0.972516086667682
20 57958620 1.1693
20 57962718 1.23554584677016
20 57975072 0.846764755639109
20 57981538 0.470209392213181
20 58004081 0.0856385971468317
20 58008883 0.80970221394094
20 58053152 1.70242932655865
20 58071312 0.474511925170435
20 58076551 0.142596448011927
20 58083316 1.43859598654221
20 58092489 0.3848
20 58094330 0.107096849746744
20 58094417 1.68282187240275
20 58094628 0.06659318727912
20 58094923 1.4676
20 58101825 0.812934139948321
20 58104904 1.4043
20 58152349 0.6804
20 58157745 0.6804
20 58157872 0.8087
20 58162677 2.2265
20 58166430 2.6546
20 58169372 0.4883
20 58173250 0.072
20 58187289 0
20 58196875 2.6999
20 58209071 0.774307355593106
20 58214866 2.9828
20 58234596 0.725039158751514
20 58238626 3.5979
20 58239139 3.5979
20 58280934 0.7012
20 58282862 0.41
20 58286581 0.8027
20 58294540 1.13196423217746
20 58312613 0.381406829874671
20 58333193 1.91543526968446
20 58333507 1.50740774521983
20 58357751 0.2692
20 58362811 0.6199
20 58378141 1.5270346104654
20 58390680 1.3597
20 58390752 0.2413
20 58394152 0.84846284611292
20 58403044 0.0659321635863974
20 58410030 0.9855
20 58410068 0.212630397003889
20 58414909 0.153243459951788
20 58436217 0.784741775648814
20 58459245 1.4197
20 58460322 0.236659327807672
20 58464255 1.3241
20 58514426 0.891807502257174
20 58528196 1e-04
20 58528307 1.3952
20 58540247 1.3745
20 58541134 0.922485877895459
20 58546017 0.855626020208477
20 58546079 3.05626247917057
20 58573685 0.192150629615861
20 58578482 1.4518
20 58580880 0.7728
20 58590411 0.509316213030058
20 58594948 1.077
20 58627693 1.2776
20 58630165 1.6373
20 58635424 0.913726638361158
20 58654246 0.455337997829427
20 58680411 1.02630309706772
20 58692377 0.167022731305402
20 58723048 1.86591677426403
20 58726001 1.29144145620578
20 58732861 1.2172
20 58737405 1.7662
20 58741981 0.654029508157747
20 58753438 1.6347
20 58786075 1.1659
20 58790543 0.6221
20 58796977 2.1159
20 58800253 1.9744
20 58806384 1.1703
20 58812207 1.1124
20 58812832 1.1703
20 58821498 1.6781
20 58843016 1.2868
20 58858786 0.438811941857268
20 58865531 0.7865
20 58868438 1.1682
20 58869860 0.9649
20 58880218 1.26919464505227
20 58905051 5e-04
20 58908600 0.2035
20 58915193 0.2195
20 58923665 0.276003555276397
20 58932830 0.1761
20 58946471 3.0006
20 58963585 0.482798445486957
20 58965550 1.18214387306631
20 58970027 1.2175
20 58975218 0.0402
20 58998800 0.6489
20 59014711 0.5168
20 59027736 1.80286687045481
20 59032613 0.3217
20 59038649 0.0078
20 59043271 0.345396091628055
20 59044563 1.2654
20 59064044 0.0288
20 59069139 0.0288
20 59091332 0.0189
20 59101979 0.553471402876587
20 59103315 1.3056
20 59118574 0.1121
20 59137403 1.5035
20 59137453 2.9828
20 59139170 0.9205
20 59140054 1.4094
20 59180427 1.91
20 59186453 1.7662
20 59210295 1.8312
20 59225628 1.8474
20 59310762 0.358317286462999
20 59340650 2.2265
20 59345243 0.9434
20 59358378 0.7817
20 59379287 1.1662
20 59394618 1.2841340203698
20 59399967 1.9674096624076
20 59404908 0.9433
20 59405712 0.1752
20 59408419 0.478876167431392
20 59410308 0.154440696013562
20 59414612 1.68448647579734
20 59423898 0.472505660009291
20 59424291 0.0421119074523286
20 59426479 1.3625
20 59427544 0.378542422126089
20 59427719 1.3739704483677
20 59428383 0.787
20 59430047 1.0248
20 59430059 1.0248
20 59457967 0.3942
20 59458577 0.3695
20 59464827 0.913856148454418
20 59465782 2.79813991032921
20 59468143 0.071
20 59483863 0.329170003138557
20 59485097 1.52344273607657
20 59487924 1.02898951730305
20 59490042 0.749850646788913
20 59496556 1.2914
20 59497591 0.0435
20 59509262 0.064
20 59525960 1.44711978772341
20 59536905 1.6165
20 59540251 1.261
20 59542333 0.656
20 59556301 0.9357
20 59563724 1.50982628607322
20 59573644 0.8867
20 59590759 0.267047410693045
20 59592728 0.7022
20 59597291 0.6395
20 59610135 2.7918
20 59630646 0.2634
20 59631654 0.2634
20 59639227 0.2951
20 59668055 0.826753286912463
20 59674505 5e-04
20 59674761 7e-04
20 59685674 2
20 59686748 2
20 59686866 1.75046309576517
20 59686923 8e-04
20 59687034 2
20 59695891 0.1837
20 59725218 2
20 59733450 0.0326
20 59733775 0.584673287110232
20 59755858 2
20 59775257 0.309217207161993
20 59777136 0.651821454751459
20 59777929 0.558187174641777
20 59778104 1.67110329908778
20 59789287 0.0217
20 59795937 0.0217
20 59796741 0.0273
20 59805464 0.0273
20 59805580 0.0716
20 59821876 3.293
20 59822040 5e-04
20 59832123 1.3613
20 59848732 0.7027
20 59853260 7e-04
20 59855305 1.40057398978871
20 59998224 2
20 60031043 2
20 60042493 2
20 60052442 2
20 60061216 1.3485
20 60069217 2
20 60077015 0.8492
20 60087474 0.6975
20 60128485 0.2967
20 60149964 0.2874
20 60153768 0.1366
20 60154182 0.1366
20 60162193 0.2348
20 60165348 0.2216
20 60171330 0.2216
20 60173264 0.487615803343341
20 60178096 0.2348
20 60185642 1.5128
20 60205089 2
20 60218473 0.6372
20 60221481 2
20 60226253 1.4861
20 60227438 1.4861
20 60227626 3.1148
20 60234940 0.6415
20 60240813 0.9515
20 60241178 1.4858
20 60248206 1.4858
20 60255582 0.9014
20 60257465 1.0009
20 60265068 0.0263
20 60266978 1.6371
20 60268034 1.6371
20 60273009 1.6595
20 60301734 3.1216
20 60314351 0.6115
20 60344406 0.5437
20 60351516 1.1994
20 60371431 0.2876
20 60372916 1.6901
20 60376492 0.231
20 60377689 1.8041
20 60381695 1.8041
20 60384786 0.2393
20 60403476 2
20 60404409 2
20 60414836 0.07
20 60431199 2
20 60431411 1.4569640084799
20 60437281 1.20042562157866
20 60438713 0.212485014092696
20 60453827 1.379
20 60456642 0.3578
20 60466700 0.685815988144997
20 60484191 1.269
20 60488651 0.565738839349367
20 60488717 2.05502729398409
20 60499412 2
20 60499924 2
20 60506638 2
20 60518174 1.3543
20 60521163 2
20 60545519 2.878
20 60553261 0.6153
20 60560303 0.0269
20 60562920 0.3098
20 60566921 0.2948
20 60586799 2
20 60600196 0.678105222349119
20 60603621 0
20 60624523 0.198748103476356
20 60624869 1.63175526588622
20 60625076 1.14160862016441
20 60631395 2
20 60641204 2
20 60650178 2
20 60660902 2
20 60666258 2
20 60684493 2
20 60701214 0.963
20 60707806 0.9102
20 60709778 0.963
20 60711586 0.593
20 60716080 0.6787
20 60725253 0.2227
20 60731187 0.2227
20 60735248 0.0078
20 60737269 0.1552
20 60737653 1.0025
20 60738517 5e-04
20 60740874 1.0025
20 60741098 1.4946
20 60764321 0.0252
20 60797307 0.5823
20 60840114 1.7305
20 60844097 0.728453042053854
20 60847563 1.09980532388366
20 60855253 1.7134
20 60865144 2
20 60872909 2
20 60873985 2
20 60874109 2
20 60877027 2
20 60907955 0.152778937938753
20 60908220 1.0521
20 60911416 0.0976
20 60915027 1.1026
20 60915842 0.0976
20 60915968 0.2031
20 60920253 0.0976
20 60928861 1.32779779283105
20 60930432 0.0108
20 60939796 2
20 60951165 0.0931863132822529
20 60954143 2
20 60967427 2
20 60967879 0.6539
20 60968542 2.5343
20 60973796 0.6539
20 60992638 1.56512544442395
20 61020690 2
20 61033222 1.7903
20 61037213 2
20 61044018 2.6284
20 61044344 2
20 61048793 0.1008
20 61052039 0.5543
20 61053390 0.435576798467452
20 61056321 0.842715020034479
20 61056371 1.07732705053295
20 61060163 2
20 61060923 0.696
20 61061196 1.90451671408611
20 61061685 0.7319
20 61065674 0.4323
20 61068035 0.0386
20 61074687 0.0994
20 61084225 1.3883
20 61091413 0.0795819873487697
20 61104427 2
20 61109105 5e-04
20 61116778 1.2154
20 61124275 2
20 61124990 0.4129138858496
20 61143031 0.190836628788253
20 61148852 1e-04
20 61148928 1.1954
20 61162532 1.21911253810123
20 61162950 0.7578
20 61164907 1.6438
20 61169162 0.784879742243618
20 61170740 0.208300656657
20 61172522 2
20 61176819 0.0078
20 61181219 1.4476
20 61187464 1.6458
20 61188898 1.3345
20 61189080 2
20 61193118 5e-04
20 61193425 0.218436428222405
20 61197453 1.4779
20 61202338 5e-04
20 61208401 0.989
20 61208592 2
20 61209888 1.0462
20 61215683 0.463635563855261
20 61226884 1.0462
20 61227102 0.713895848693975
20 61239004 0.0078
20 61239427 1.3165
20 61273364 0.0065
20 61273503 5e-04
20 61273630 0.0078
20 61274744 5e-04
20 61283528 0.0078
20 61283533 0.984344443258441
20 61299148 0.0053
20 61302306 0.7717
20 61311096 0.0997
20 61318289 2
20 61331249 0.9955
20 61334510 0.4172
20 61335224 0.4033
20 61339054 0.3895
20 61342800 0.738
20 61343970 0.8293
20 61351395 1.203
20 61353303 0.1641
20 61353606 4e-04
20 61353650 6e-04
20 61364916 0.36453433648774
20 61367862 5e-04
20 61368879 2
20 61379218 2
20 61379474 2
20 61381845 2.8122
20 61381936 2
20 61381937 2
20 61382011 2
20 61383329 3e-04
20 61383615 2e-04
20 61384380 2
20 61385271 0.525
20 61387710 2
20 61387783 1.0086
20 61392037 2
20 61393044 2
20 61396366 1.9696
20 61397679 1.74787131454886
20 61397882 0.2435
20 61403308 0.153
20 61411413 2
20 61415414 0.6323
20 61422625 0.4925
20 61433246 0.298428873865026
20 61439273 1.03042810812031
20 61468364 0.0223
20 61478178 0.2104
20 61490099 0.00686398584033692
20 61492307 0.0078
20 61511722 0.4832
20 61513201 0.498
20 61515905 0.4323
20 61517516 0.866505050352533
20 61523343 0.0379549834671627
20 61532150 2
20 61539416 2
20 61540314 2
20 61541551 2
20 61541658 2
20 61541728 2
20 61548735 1.0825
20 61559355 1.6901
20 61567399 0.585818258625402
20 61597559 0.5656
20 61598581 0.300089146794443
20 61601327 0.0572319747835986
20 61602176 0.980241221126011
20 61604295 2.1054
20 61620892 0.0683107901697217
20 61630002 0.8055
20 61631696 0.8055
20 61632737 0.8154
20 61634058 1.3254
20 61635653 0.4612
20 61640911 0.8154
20 61642949 0.7494
20 61650817 2
20 61656478 2
20 61656768 2
20 61658076 0.6243
20 61666148 0.158084926391714
20 61671271 0.6242
20 61673516 0.6242
20 61676947 2
20 61684218 2.0834
20 61686436 1.1231
20 61690021 2.1802
20 61699248 2
20 61707782 0.586865307775952
20 61723576 0.1701
20 61731165 0.7534
20 61754694 1.9872
20 61765974 0.5011
20 61775893 0.1709
20 61776756 0.2915
20 61777445 0.1709
20 61777641 0.3019
20 61789149 0.596936981528857
20 61791076 1.28687360501143
20 61793864 0.0182170619505166
20 61794651 2
20 61796440 2
20 61803197 2
20 61803294 2
20 61821433 1.10474546535304
20 61823748 0.0488
20 61843222 1.21829544479825
20 61847121 1.51368556463112
20 61865910 0.930689048636234
20 61876087 2
20 61893591 0.0577
20 61900432 0.0383
20 61903372 0.0674
20 61907051 0.0214
20 61908007 0.0158
20 61918204 0.0269
20 61937249 0.440171580969468
20 61940219 0.1644
20 61945140 1e-04
20 61948054 0.0261
20 61948056 0.0261
20 61948663 5e-04
20 61952081 2
20 61952908 2
20 61963104 2
20 61967623 0.56
20 61982172 0.565326647583421
20 61982255 0
20 61982681 2
20 61985116 2
20 61985968 2
20 61986861 2
20 61989339 2
20 61998361 1.0892
20 62004498 2
20 62032424 2
20 62038671 2
20 62039844 2
20 62046146 2
20 62048806 2
20 62053392 2.8122
20 62072314 0.0681
20 62076159 1.2615709478645
20 62076241 0.3359
20 62089886 0.626898590278774
20 62110925 0.359246707258886
20 62125498 1.08754773973722
20 62131780 0.697939628373782
20 62133678 0.0225238691881051
20 62133853 0.0584155927428813
20 62135753 0.202744715058878
20 62137118 1.50367371876974
20 62137175 0.0898
20 62142625 0.574088963447541
20 62185749 1.3474
20 62201882 2.7918
20 62205394 0.280099789215584
20 62207035 0.829302330490133
20 62209456 2
20 62224551 2.9921
20 62229509 0.5564
20 62235800 2
20 62240390 0.0408
20 62266200 0.0306
20 62273192 0
20 62283677 2.878
20 62293186 0.1305
20 62318189 1.9629
20 62318297 5e-04
20 62324150 2
20 62340768 0.610630200408711
20 62352201 0.602269106170022
20 62358360 1.3358
20 62360589 6e-04
20 62361296 1.3358
20 62366766 1.2388
20 62367785 1.2212
20 62370417 0.770393581481703
20 62372156 0.0175
20 62373487 0.2903
20 62378528 0.0922
20 62379445 0.3377
20 62382105 5e-04
20 62382257 5e-04
20 62384787 1.9198
20 62389245 0.6019
20 62406099 0.530464939405875
20 62407449 0.225500968445867
20 62407941 1.58206311265632
20 62421984 0.702307242500648
20 62426795 0.7885
20 62430539 2.13
20 62444163 0.0183266605641787
20 62444316 0.350755564314193
20 62456652 0.962463166192907
20 62465895 1.01496642924559
20 62480320 2.0617
20 62483744 2
20 62496614 0
20 62498795 5e-04
20 62509179 6e-04
20 62509248 0
20 62509285 1e-04
20 62509436 1e-04
20 62509464 0
20 62512834 0.9342
20 62518258 2
20 62519736 0.1426
20 62520822 2
20 62522939 0.9461
20 62523417 2
20 62543196 0.101162704345454
20 62546157 0.588706393819701
20 62547734 0.031
20 62552983 1.4622
20 62553752 1.0099
20 62556158 0.3242
20 62559739 0.484
20 62560536 2
20 62571034 0.504508771948972
20 62574362 0.909423701355497
20 62576713 0.759125929415594
20 62581993 0.1317
20 62583357 5e-04
20 62583434 0.0043
20 62584508 2
20 62585611 0.0661687697229985
20 62591475 2
20 62592323 0.1317
20 62594095 2
20 62607606 0.285
20 62611953 1.3545
20 62619699 0.0032
20 62648164 0.9453
20 62650875 0.9923
20 62662854 5e-04
20 62666123 0.0264
20 62673601 0.9295
20 62678188 0.5844
20 62683154 0.0348
20 62690666 1.2057
20 62694046 0.103805308909856
20 62694273 0.957651936635983
20 62700033 0.6369
20 62716525 0.771061739346492
20 62718007 0.531254472614551
20 62724010 0.158229096855779
20 62724245 0.580144495025047
20 62725117 0.788277844145416
20 62725469 0.290750249554127
20 62731937 0.323276321850256
20 62745473 1.0669
20 62750686 1.1962
20 62767548 0.331977739806678
20 62767587 1e-04
20 62771883 0.5543
20 62772048 1.0133
20 62778698 1.2266
20 62790324 2
20 62802642 2
20 62805150 0.457
20 62810093 0.1569
20 62824222 1.976
20 62830666 5e-04
20 62836448 0.7721
20 62836546 0.0681
20 62837971 1.4651
20 62851923 0.158559955569658
20 62857956 2
20 62859738 2
20 62859854 0.19958956921662
20 62861874 2
20 62875260 4e-04
20 62896722 0.3549
20 62904216 0.3052
20 62923396 0.3654
20 62925419 0.8713
20 62936577 0.8713
20 62939856 1.41508648607917
20 62941710 1.9633
20 62957513 2
20 62968036 2
20 62984555 2
20 62993676 2e-04
20 62995482 0.0217
20 62997556 2
20 62998849 0.6058
20 63023531 0.783
20 63027430 0.6308
20 63031211 0.6308
20 63033265 0.6308
20 63037493 0.6308
20 63044286 0
20 63049206 5e-04
20 63053161 1.01206131755368
20 63059512 2
20 63067168 0.983799468137208
20 63075563 0.4685
20 63078708 1.2052
20 63079334 0.0915294084723673
20 63081515 0.0221
20 63082079 0.0221
20 63082080 0.0221
20 63099356 0.4128
20 63100275 0.4128
20 63102838 2
20 63103344 5e-04
20 63103423 2
20 63103424 1.02197950445538
20 63105034 2
20 63105849 0.887267093395185
20 63106936 2
20 63107240 1.60941914116067
20 63126993 2
20 63127565 2
20 63133071 0.3019
20 63134805 5e-04
20 63135420 0
20 63136433 0.5701
20 63139294 0.5573
20 63139324 0.5573
20 63142603 1.3938
20 63155868 0.7824
20 63156469 0.3997
20 63158468 5e-04
20 63167503 1e-04
20 63175710 2
20 63179195 2
20 63182037 2
20 63212375 2
20 63214562 2
20 63217271 0.7089
20 63233073 0.8441
20 63234303 0.99
20 63248817 1.26053940661757
20 63261273 0.1619
20 63263078 1.8474
20 63266603 1.8474
20 63266678 5e-04
20 63268362 0.3152
20 63275723 0.4019
20 63284023 0.5786
20 63292682 1.4343
20 63295018 1.4276
20 63317417 1.6806
20 63326398 0.5478
20 63330308 0.416550778119906
20 63333315 1.6909
20 63339927 1.4034
20 63341888 1.702
20 63351144 1.66205996622184
20 63351223 1e-04
20 63351340 0.0273
20 63353915 5e-04
20 63354199 0.1206
20 63357061 0.214669421167345
20 63359051 5e-04
20 63359949 0.0217
20 63362403 1.28825205209047
20 63362438 1.2998
20 63365549 0.0813
20 63366800 0.6446
20 63369500 0.939530901649621
20 63372140 1.2063
20 63374212 1.566
20 63374873 1.457
20 63390848 1.0987
20 63401270 0.8471
20 63404948 0.8296
20 63406396 1.8769
20 63407570 1.4415
20 63415497 5e-04
20 63416594 0.875
20 63417594 1.8158
20 63418304 2
20 63424980 1.7875
20 63427019 0.64520403394997
20 63442674 5e-04
20 63442728 1.77586154433208
20 63442863 2
20 63445764 0.173264132721733
20 63453341 2
20 63477060 1.8456
20 63478387 1.2073
20 63492150 1e-04
20 63494079 0.6675
20 63499343 0.7161
20 63500266 0.0484765361308181
20 63531659 1.8183
20 63540866 2
20 63549254 0.471126274930671
20 63571925 0.381194089304008
20 63576509 0.0505
20 63585455 0.109907496013762
20 63592730 0.604
20 63596004 1.8943
20 63602773 0.0452
20 63602887 0.0452
20 63609146 2
20 63620786 0.9245
20 63628015 0.9245
20 63629283 0.5933
20 63632187 0.296
20 63636469 1.32298551042374
20 63638010 1.48503269237244
20 63645516 0.4936
20 63693463 1e-04
20 63693480 2
20 63695846 1.4177
20 63697100 0.43154737097628
20 63712788 0.971962970244145
20 63732517 0.7464
20 63747424 2e-04
20 63751795 2
20 63756477 1.71837008999095
20 63758107 6e-04
20 63764285 0.2001
20 63766458 0.2001
20 63772788 0.919549461117173
20 63779333 0.936901640221747
20 63780054 1.3118
20 63785005 1.3118
20 63806766 1.4177
20 63806794 1.1502
20 63810106 1.4779
20 63814078 1.1502
20 63814335 1.1502
20 63819427 1.1502
20 63825094 1.1502
20 63886644 1.8454
20 63889321 0.00361554459091792
20 63892747 0.0996813403653819
20 63905935 0.778549120887849
20 63923396 1.9011
20 63933216 0.590852375911395
20 63937216 0.784583410741265
20 63937351 1.31327057836494
20 63945066 1.0725139660307
20 63945215 1.15565051645835
20 63951111 2
20 63951630 2
20 63978041 1.126
20 63981643 0.0898
20 64004417 1.6561
20 64020625 2
20 64021805 1.3938
20 64026399 1.4441
20 64029921 1.4494
20 64042895 5e-04
20 64051466 2
20 64051649 2
20 64072979 2
20 64084917 1.83183288841799
20 64089897 0.0389
20 64091358 0.0389
20 64099325 0.0389
20 64105620 5e-04
20 64105660 5e-04
20 64109191 2
20 64111402 0.0505
20 64118920 5e-04
20 64118947 1e-04
20 64120387 5e-04
20 64123485 0.982951608185054
20 64125947 2
20 64131208 2
20 64133826 0.539010735788014
20 64134871 0.0447
20 64160502 3.1176
20 64168374 2
20 64172553 2
20 64173542 6e-04
20 64190312 1.8942
20 64194790 1.3411
20 64198605 1.1263
20 64201020 2
20 64218168 1.4891
20 64219005 2
20 64231086 2.51646556932536
20 64236236 2
20 64236332 0.0078
20 64251781 1.29225570049145
20 64270802 2
20 64271469 0.9748
20 64279886 0
20 64281260 2
20 64287323 5e-04
