chr pos logPval
7 37953 0.293
7 45342 0.746846133313525
7 50612 1.39874236215183
7 61657 0.0384
7 86925 0.992937399239856
7 90661 0.299828452837387
7 94631 0.8424
7 96382 1.17634348543706
7 100898 0.660340462404195
7 102911 1.0854
7 104939 1.1301
7 112608 0.722
7 115854 1.0151
7 119007 2
7 119013 0.4616
7 119612 2
7 123250 2
7 148817 2
7 160086 2
7 160187 2
7 173067 7e-04
7 186790 2
7 187336 1.3912
7 206536 1.10281383345675
7 208074 2
7 211005 2.53679082012846
7 225885 0.113992746167544
7 232411 0.752847137867658
7 235781 1.19501661592028
7 236555 1.47043501948441
7 243129 0.392644342733117
7 243939 1e-04
7 246436 0.6284
7 247875 1.69299348789694
7 251972 1.88024002339108
7 252588 0.567550431426337
7 255042 1.6062
7 256461 0.3477
7 257918 0
7 258027 5e-04
7 258841 0.1123
7 261241 1.18335546124581
7 265467 2
7 274862 1.6898
7 275916 1.6347
7 283294 1.6561
7 283300 0.7591
7 290916 2
7 291461 0.121
7 293905 0.757172263009872
7 297234 3e-04
7 297704 0.668000131781457
7 297970 2
7 298095 2
7 303228 2
7 304101 2
7 313607 2
7 336818 0.230482701261781
7 340404 2
7 341060 1.0155
7 345080 2
7 345240 0.711188087370298
7 349209 2
7 350358 2
7 350714 1.89185160152679
7 356239 1.6834
7 371919 2
7 375940 2
7 376996 2
7 379809 2
7 381311 2
7 387708 0.436100950164337
7 402423 0.803966981098637
7 402658 0.8058
7 410826 2
7 419388 0.0510851816233036
7 441358 0.3274
7 442696 3.4219
7 446969 1.4799
7 448913 0.4059
7 450603 0.203122605510937
7 454948 1.1905
7 456220 1e-04
7 460284 0.9882
7 467370 1e-04
7 472932 0.0404
7 477346 2
7 480245 1.6055
7 486037 2
7 489256 0.0078
7 493374 1.4056
7 506877 2
7 509902 0.0347
7 510772 0.6012
7 513715 0.7157
7 517074 2
7 523793 1.8085
7 527581 0.9436
7 528358 2
7 539836 2.9613
7 542325 0.748367076520813
7 542352 2
7 543230 2
7 546902 2
7 549584 3.0797
7 566697 0.3005
7 566717 3e-04
7 583481 2
7 583531 0.5279
7 583572 0.2681
7 593542 0.828
7 604781 0.3332
7 609321 2
7 620827 2
7 635964 1.03486631561813
7 636375 2
7 643957 2
7 650754 1.1118
7 656942 1.159
7 661117 5e-04
7 661384 5e-04
7 668615 2.1523
7 670188 2.171
7 672837 2.1523
7 673469 0.835
7 673581 1.3352
7 683051 1.1118
7 691897 1.1118
7 701136 1.034
7 713381 1.4085
7 730856 0.9723
7 735331 0.9711
7 735438 0.9555
7 737137 0.9723
7 742678 1.0827
7 751463 0.477544266395404
7 753810 1.0814
7 759734 0.9927
7 761252 5e-04
7 774013 0.4769
7 776012 0.4769
7 787157 0.093
7 793366 0.9927
7 797691 0.7009
7 798191 0.978096154706841
7 799940 0.9723
7 803790 0.9723
7 816683 2
7 833140 2
7 845028 1.03594694363524
7 858390 2
7 863290 2
7 867755 1.2092
7 886312 2
7 888740 2
7 893493 2
7 897149 2
7 902766 1.48443056604547
7 904231 1.2853
7 906588 6e-04
7 906609 1e-04
7 906757 1e-04
7 906779 5e-04
7 906805 1e-04
7 907389 2.45263283551023
7 910064 2
7 915045 3.1156
7 919700 0.423442010479319
7 919815 5e-04
7 931848 2
7 935694 0.8547
7 939249 3.1156
7 943498 5e-04
7 947275 5e-04
7 954985 0.8767
7 957066 0.1027
7 964126 0.899994535397006
7 965635 2.3604
7 989557 1.9022
7 993001 0.0159247531058349
7 1002253 4e-04
7 1002270 2
7 1002564 3e-04
7 1002577 2e-04
7 1003309 1.26603135633427
7 1018807 2
7 1020448 0.7662
7 1020652 0.7259
7 1022168 2
7 1023468 0.8035
7 1024974 0.6538
7 1026225 1.35775531986971
7 1031112 1.9022
7 1041375 0.0393557241818468
7 1057130 2
7 1057758 0.7259
7 1058259 0.7259
7 1059857 7e-04
7 1060671 0.7259
7 1062728 2
7 1064061 2
7 1068940 2
7 1089756 2
7 1098889 0.4878
7 1102289 0.4644
7 1108309 2
7 1112979 0.4878
7 1116126 0.6763
7 1118929 2
7 1132952 2
7 1135337 2
7 1159815 2
7 1161209 2
7 1162498 2
7 1164268 2
7 1165530 2
7 1166030 2
7 1168818 2
7 1169706 2
7 1170052 2
7 1170501 5e-04
7 1170516 2
7 1171052 2
7 1171351 2
7 1171928 2
7 1172342 2
7 1185440 0.492621114837208
7 1196064 5e-04
7 1196749 0
7 1198816 0.1243
7 1204489 5e-04
7 1204879 2
7 1215891 2
7 1218071 0.923772443354009
7 1218911 0.0455618001658017
7 1220696 0.5994
7 1230272 0.662820792585448
7 1241051 0
7 1249643 2
7 1258901 0.184
7 1261923 5e-04
7 1265423 0.8067
7 1269292 0
7 1269641 0.0739
7 1272078 0.382340393481717
7 1273164 1e-04
7 1274559 1.72768949272625
7 1277154 6e-04
7 1285939 2
7 1288812 0.626194369842915
7 1294857 0.0078
7 1295140 0.6007
7 1295280 3e-04
7 1305884 2
7 1308879 2
7 1310471 2
7 1312497 2
7 1315357 2
7 1317410 1.6328
7 1317598 2
7 1323073 2
7 1344953 2
7 1366541 2
7 1369609 0.299413933733134
7 1370914 0.453776877335223
7 1387960 1.092
7 1390384 1.092
7 1415266 5e-04
7 1437749 1.9525
7 1438859 1.0949
7 1482971 1.21036061559269
7 1490829 0.980934688913806
7 1492624 1.87754688040314
7 1493930 0.472952405209097
7 1494789 2.56138207029656
7 1504858 0.7122
7 1518010 2
7 1521588 2
7 1521901 2
7 1522995 2
7 1535141 2
7 1574625 2
7 1577960 0
7 1592877 2
7 1593593 0.787818772465284
7 1597989 1.06092494096803
7 1605255 0.760118565314612
7 1612457 1.021
7 1614510 2
7 1616026 0.0351176461662884
7 1617907 2
7 1618876 2
7 1619121 2
7 1623711 1e-04
7 1642712 8e-04
7 1679481 2
7 1712261 2
7 1725956 2
7 1753215 2
7 1767087 1.0487
7 1768992 1.0487
7 1769484 0.7923
7 1773944 0.7809
7 1774916 0.0032
7 1777548 0.7809
7 1777739 0.7809
7 1792455 0.7151
7 1799515 0.2249
7 1812530 2
7 1817033 0.2556
7 1838288 0.71319509092496
7 1845476 0.0907
7 1849963 2
7 1869517 2
7 1870822 5e-04
7 1871158 2
7 1871367 2
7 1873758 2.4542
7 1886201 2
7 1888365 0.1816
7 1907706 0.356640211914524
7 1908723 0.5189
7 1909120 0.5189
7 1910981 1.09158003923328
7 1913970 0.4653
7 1937031 0.5189
7 1938830 2
7 1947103 0.27509728230598
7 1952913 1.01501994558489
7 1955867 0.0217
7 1976473 2
7 1990232 0.10447827184873
7 1999959 1.1204
7 2026808 0.9222
7 2027958 1.67867306953141
7 2033343 2
7 2040479 0.4678
7 2043110 2
7 2048188 0.5981
7 2050494 2
7 2058014 2
7 2072001 2
7 2079539 0.4622
7 2082819 2
7 2083008 2
7 2088054 0.0078
7 2089612 2
7 2121910 2
7 2215514 2
7 2217054 2
7 2217564 2
7 2229613 2
7 2245384 2
7 2253246 2
7 2253874 1.20083662430269
7 2256167 0.552141177478686
7 2285113 2
7 2302434 2
7 2310798 0.4584
7 2326112 0.4769
7 2327810 2
7 2344611 2
7 2353997 1.12618602187268
7 2354312 1.19486982611236
7 2364820 1.41346875130861
7 2365393 0.179851323061997
7 2377993 5e-04
7 2384168 1.42873946496664
7 2388290 0.537320826106732
7 2388636 0.0122996394210006
7 2400841 0.582509148668771
7 2401239 0.109017874486284
7 2420134 2
7 2423073 0.861678115175069
7 2434112 1.1291
7 2437726 0.0077
7 2447175 0.581965926077456
7 2456089 0.622582927098029
7 2459942 2.0617
7 2467448 0.7386
7 2468437 0.108772403208596
7 2479055 0.788632944638907
7 2479441 0.7004
7 2480253 1.3148
7 2484400 1.2495
7 2487210 1.2319
7 2487736 1.2319
7 2491472 2
7 2494156 2
7 2495126 2
7 2507654 2
7 2511891 2
7 2522945 3.1212
7 2533378 0.0073
7 2535324 0.5876
7 2535640 0.0078
7 2563201 1.9254
7 2575579 2
7 2581255 2
7 2582975 2
7 2585892 2
7 2596177 2
7 2597055 2
7 2601738 0.7474
7 2615291 0.730373351648094
7 2629023 0.6405
7 2631825 5e-04
7 2632431 0.6957
7 2645358 1.3302
7 2650532 0.4166
7 2689370 0.335408352641445
7 2696474 1.9643
7 2696500 2
7 2704020 0.6613
7 2719027 0.0074
7 2719839 0.6797
7 2724104 1.6183
7 2739495 8e-04
7 2742258 0.1833
7 2743672 0.1833
7 2743720 1.6564
7 2765875 0.7193
7 2807863 0.2655
7 2809015 0.2655
7 2818633 0.4779
7 2834906 0.6851
7 2835936 0.6851
7 2842987 0.6662
7 2844082 0.0046
7 2845640 0.6662
7 2846632 0.611
7 2859427 0
7 2873294 0.6851
7 2888476 0.1756
7 2892476 0.6441
7 2898667 2
7 2899587 2
7 2902639 0.924265182516465
7 2905708 0.5084
7 2909106 0.959
7 2909647 5e-04
7 2936179 2
7 2970515 0.9398
7 2981892 0.2935
7 2983785 2
7 2984110 1.02678375130103
7 2991410 2
7 3004947 2
7 3006572 1.658
7 3007101 2
7 3009375 0.876
7 3009765 2
7 3013913 0.2435
7 3015014 1.6766
7 3017666 1.1065
7 3020427 3.6025
7 3027041 1.216
7 3045296 0.3877
7 3045634 2
7 3048776 2
7 3052921 0.1204
7 3054031 0.4069
7 3055099 2
7 3057949 2
7 3061645 0.515311760696754
7 3067103 0.7164
7 3070953 1.33642372463148
7 3074725 0.0282246410158777
7 3084940 0.7923
7 3090021 0.0884281274278305
7 3090835 0.0468
7 3090943 2
7 3095752 2.7005
7 3101962 0.371201925983421
7 3103544 2
7 3106861 1.88062025522226
7 3108755 2
7 3112546 2.10204814182261
7 3126258 2
7 3136982 2
7 3146517 2
7 3150055 0.306695582879544
7 3150886 0.131893984715134
7 3154038 0.319510506484859
7 3154523 0.0502032503520242
7 3161913 2
7 3164102 2
7 3168526 1.29148417172099
7 3197754 2
7 3199275 2
7 3199483 2
7 3200469 1.5029
7 3204376 0.5875
7 3218856 2
7 3226674 2
7 3243556 2
7 3244506 2
7 3245410 2
7 3245922 1.1932
7 3251668 2
7 3264915 2
7 3268719 1.5273
7 3271373 2.59
7 3279026 0.156039554364508
7 3279883 2
7 3283880 0.559249970091647
7 3284401 0.0868443528036634
7 3285781 0.60235763246195
7 3286160 2
7 3289243 2
7 3289520 2
7 3293388 1.70658653802817
7 3294588 0.3103
7 3296494 1.86991702916816
7 3300555 1.3406
7 3300945 2.4307
7 3301644 6e-04
7 3303027 2
7 3303750 2
7 3305676 2
7 3307243 2
7 3312178 2
7 3312578 2
7 3317556 2
7 3319099 2
7 3321493 2
7 3321752 0
7 3325201 1.0507
7 3330406 2
7 3339645 0.0078
7 3343050 2.2754
7 3345205 0.337399833842445
7 3349515 2
7 3351003 2
7 3353815 2
7 3354023 2.3695
7 3356916 2
7 3368224 2
7 3372818 2
7 3373085 2
7 3374106 2
7 3375865 2
7 3381692 2
7 3388810 2
7 3392760 2
7 3397870 2
7 3400205 2
7 3402198 2.3217
7 3406834 2
7 3412025 2
7 3420213 2.2876
7 3422141 2
7 3427734 2
7 3429241 0.1831
7 3431233 1.0507
7 3434177 2
7 3434452 2
7 3448381 0.1831
7 3449507 2
7 3451814 2
7 3453958 2
7 3454374 2.2815
7 3464299 1.1316
7 3472385 1.20605411150768
7 3491643 2
7 3503340 2.3399
7 3506258 2
7 3515830 2
7 3520272 2
7 3521439 2
7 3522084 2
7 3531657 2
7 3531984 2
7 3555963 2
7 3556215 2
7 3561519 0.292
7 3565244 1.2861
7 3566312 2
7 3567264 1.2861
7 3567265 1.2641
7 3573827 2.5123
7 3582447 2.1395
7 3596597 0.907360941974964
7 3598755 0.7051
7 3602041 2
7 3608625 2
7 3609496 0.0386
7 3611787 2
7 3619785 2
7 3620069 2
7 3621622 0.3875
7 3622069 2
7 3624245 2
7 3627143 2
7 3638796 2
7 3640125 1.4653
7 3640166 2
7 3646831 2
7 3646858 2
7 3658721 2
7 3660295 1.275
7 3663806 2
7 3669859 0.9712
7 3674576 2
7 3686490 0.262153175203217
7 3691808 1.20550172829693
7 3693995 2
7 3694452 2
7 3697826 2
7 3714320 2
7 3726957 2
7 3735609 2
7 3791165 5e-04
7 3904716 2.1546
7 3920858 0.7109
7 3938710 0.6908
7 3940771 2
7 3943021 0.6713
7 3968988 0.6523
7 3975964 1.08702802182668
7 4023095 2
7 4035880 1.341
7 4037491 1.341
7 4040109 1.4219
7 4043441 1.4224
7 4074892 1.42137226270876
7 4083698 2.42980126849548
7 4098016 2.2229
7 4106984 2
7 4115053 0.5383
7 4122082 0.456680608634132
7 4129429 0.1601
7 4136078 0.9612
7 4140089 0.326744450080303
7 4140120 0.543420391269911
7 4146944 0.4847
7 4148855 0.838726302454766
7 4157675 0.3491
7 4163860 1.1636
7 4168075 1.1636
7 4169044 1.1636
7 4170622 1.1636
7 4177285 0.8498
7 4180408 1.48273963337055
7 4182457 2.4582
7 4193209 5e-04
7 4196192 2.1817
7 4203257 2.7653
7 4203616 2.7653
7 4210370 2.7361
7 4215369 4e-04
7 4218722 1.2262
7 4220357 0.8092
7 4254944 2
7 4264208 2.1875612903251
7 4264499 8e-04
7 4269891 2
7 4272516 0.6706
7 4273396 0.6706
7 4281939 2
7 4284274 2.7677
7 4292806 0.87470684350155
7 4321152 0.0078
7 4331138 0.1062
7 4335415 0.1609
7 4336584 0.1609
7 4350212 2
7 4350639 0.6245
7 4376258 0.6544
7 4382409 2
7 4391375 5e-04
7 4394774 2
7 4407267 2
7 4412887 2
7 4423617 2
7 4425567 1.4123
7 4430214 0.229582149038525
7 4433170 1.216
7 4438726 2
7 4443253 1.7929
7 4443528 2
7 4444226 2
7 4446112 2
7 4453561 2
7 4460288 2
7 4475296 2
7 4476885 5e-04
7 4480803 0.597240689504599
7 4485820 2
7 4502190 0.0078
7 4504731 0.1636
7 4505613 0.4495
7 4516272 0.4271
7 4530369 0.868282239605294
7 4531316 0.259711334055613
7 4543774 5e-04
7 4544065 2
7 4548279 2
7 4549320 2
7 4571252 2
7 4572498 2
7 4576189 2.0617
7 4604709 2
7 4608865 2
7 4611266 0.30442601464405
7 4617343 0
7 4666271 2
7 4681540 2.5086
7 4697303 2
7 4705560 2
7 4706033 2.0996
7 4708611 1.8161
7 4721065 2.81040854269799
7 4745472 2
7 4761955 1.2384
7 4765089 1.4548
7 4773752 0.3667
7 4819843 2
7 4824616 2
7 4827386 2
7 4836756 0.743576548318978
7 4843490 1.08724156766395
7 4847612 1.1036450615631
7 4854404 0.0447282128841945
7 4857291 1.29113992585997
7 4862121 1.01184359970667
7 4869964 2
7 4884464 2
7 4884705 2.9793
7 4891608 2
7 4903341 0.0447
7 4920865 0.3311
7 4924149 2
7 4925702 2.0816
7 4945239 0.0078
7 4958395 2.0816
7 4960283 2
7 4960583 2
7 4961332 1.3569
7 4967319 0.2951
7 4969520 0.9216
7 4973532 0.9522
7 4974057 0.8373
7 4988631 2e-04
7 5006855 2
7 5014689 2
7 5023144 2
7 5023276 2
7 5024020 0.341823772919729
7 5026835 2
7 5039283 0.783531787694782
7 5056914 0.0673
7 5059545 1.30712985132964
7 5060185 0.4109
7 5065502 2
7 5069139 0.204
7 5070179 2
7 5080769 2
7 5084901 1.45148530874325
7 5090309 0.741934086551065
7 5094824 2
7 5102666 2
7 5103732 2
7 5103979 2
7 5111570 2
7 5117149 1.1126
7 5125104 2
7 5129739 2
7 5132484 0.549849201925534
7 5132651 1.01591700932412
7 5132767 1.5087407057888
7 5133414 1.80764998326188
7 5134882 1.55643380330632
7 5141075 1.4946
7 5147271 0.7417
7 5155530 2
7 5157883 2
7 5161911 2
7 5168901 2
7 5169114 0.4003
7 5170115 2
7 5171180 1.3756
7 5172141 2
7 5178325 0.375014132446459
7 5184076 2
7 5186678 0.1698
7 5186714 1e-04
7 5186961 0.1027
7 5188228 0.8927
7 5188357 0
7 5191325 2
7 5191997 2
7 5195774 0.561
7 5197114 5e-04
7 5212055 0.156450340458313
7 5218991 2
7 5234052 0.597
7 5234570 0.747656894695355
7 5241267 2
7 5242641 0.5831
7 5242932 2
7 5254919 0.765190576784882
7 5256261 1.0259
7 5259160 2
7 5271491 0.871192114744945
7 5271792 0.9615
7 5282736 1.4148
7 5287177 0.3419
7 5295209 0.6819
7 5297911 0.6375
7 5298540 0.6375
7 5298571 0.325307501518747
7 5298844 0.2426
7 5308345 2
7 5317737 1.2154
7 5318603 2
7 5320088 2
7 5321890 1.0186
7 5328512 0.937846426482962
7 5332775 0.2869
7 5347090 1.1375
7 5360587 1.1721
7 5364825 2
7 5375482 0.5881
7 5375816 2
7 5380650 0.377054329031674
7 5388021 0.396658489907505
7 5393617 2
7 5403491 0.416296956626
7 5403703 1.4296
7 5408456 1.1975
7 5413125 0.811
7 5445878 1.6209
7 5447232 1.6052
7 5447826 2.0617
7 5448125 1.6052
7 5448211 2.0617
7 5448624 2
7 5449672 2
7 5449998 2.3299
7 5450488 2
7 5456626 0.126723324252357
7 5459192 0.26372772377641
7 5463771 2.0592
7 5463818 0.180995352947958
7 5469042 0.664863306490411
7 5475706 1.35452977265753
7 5476448 0.668643702929136
7 5477297 0.325443671725538
7 5481219 1.1518653305763
7 5484498 0.199221142580491
7 5488208 0.121874529040672
7 5488744 0.102255752232207
7 5492432 0.298417036201589
7 5494967 0.629672324423474
7 5499547 0.604359690810802
7 5520800 1.7579
7 5534901 2.0896
7 5550847 1.0498
7 5557852 1.5608
7 5561856 2.2967
7 5564246 2.2967
7 5580243 0.2128
7 5601915 2
7 5608358 2
7 5627783 2
7 5640661 0.0361
7 5677016 1.5716
7 5710372 0.1078
7 5725933 2
7 5769121 0.0897
7 5780280 0.7183
7 5786200 0.6914
7 5789090 0.0444
7 5796493 1.6672
7 5800457 0.0329
7 5816990 2e-04
7 5831340 0.251
7 5832346 1.341
7 5841361 2
7 5853170 1.855
7 5877215 0.151319192343254
7 5882137 0.7448
7 5887685 1.35612328270781
7 5895819 1.05957091814494
7 5897242 0.0575761247274713
7 5897325 2.61455327608062
7 5897670 0.413595911819639
7 5931766 1.05817005529271
7 5981213 2
7 5988071 2
7 5993429 0.0217
7 5998092 2
7 5998763 0.9895
7 6002266 0.9895
7 6002891 2
7 6005754 2
7 6013633 2
7 6014510 2
7 6018350 1.2847
7 6027388 0.6169
7 6034013 2
7 6035336 2
7 6043275 1.1848
7 6063088 2
7 6069434 2
7 6075380 2
7 6077746 0.7517
7 6086275 2
7 6091538 2
7 6116122 1.0834
7 6124902 1.1849
7 6150658 1.9275
7 6157745 1.2367
7 6196355 2
7 6235267 0.6879
7 6242547 2
7 6255833 0.6879
7 6259772 0
7 6267495 2
7 6288083 0.3128
7 6288284 0.1027
7 6288357 5e-04
7 6289735 1.3545
7 6306062 2
7 6312398 0.1913
7 6323311 2
7 6337101 2.4365
7 6339547 2
7 6340378 2
7 6353755 2.2816
7 6354154 2.2337
7 6354560 0.469949686220963
7 6355205 2
7 6356251 2
7 6356402 5e-04
7 6359020 2
7 6361335 2
7 6361644 2
7 6373392 2
7 6386687 2
7 6395060 0.182222593666033
7 6395481 0.797553307074811
7 6400513 2.1524
7 6404937 2
7 6408360 2
7 6417345 2
7 6423407 1.3128
7 6426458 2
7 6436869 2
7 6436873 2
7 6440065 2
7 6443148 1.3786
7 6446697 1.4012
7 6447500 2
7 6456117 1.9106
7 6466744 1.1332
7 6480753 1.1573
7 6485047 2
7 6486858 2
7 6491637 1.5324
7 6495143 1.6821
7 6499356 1.1332
7 6508271 0.443017370510887
7 6512106 2.2926
7 6533456 1.06087284319022
7 6537945 2
7 6561482 2
7 6564670 2.5122
7 6575809 2
7 6578131 2
7 6578982 2
7 6598272 2
7 6600322 1.6845
7 6603146 2
7 6619559 2
7 6624614 2
7 6628334 2
7 6660366 2
7 6666617 2.5895
7 6666807 2
7 6672060 2
7 6674675 1.497
7 6676304 1.9091
7 6726452 2
7 6738149 1.7168
7 6776744 0.446227249632632
7 6797024 2
7 6812261 1.7589
7 6814107 2
7 6815879 2
7 6835581 2
7 6840356 2
7 6841104 2
7 6841174 2
7 6845054 0.957817271023556
7 6845540 2
7 6847538 2
7 6850130 0.975948992605846
7 6855705 2
7 6864219 2.1261
7 6868302 2.4728
7 6873342 2.6685
7 6885890 2
7 6893145 1.96818833111677
7 6894153 2
7 6904219 0.2132
7 6907121 0.31287174300425
7 6907840 0.729659993320489
7 6910017 0.9072
7 6911189 0.0223566492179129
7 6911936 1.3254
7 6916723 0.9699
7 6926328 2
7 6928982 2.1758
7 6932352 0.153861809949919
7 6932412 2.9745
7 6933067 1.85835339311008
7 6933270 0.447919016451058
7 6933576 2
7 6934043 3.3004
7 6934926 2
7 6947886 2
7 6950235 2
7 6951046 2
7 6955880 3.1958
7 6963996 2
7 6971899 2
7 6975266 2.5228
7 6979151 2
7 6983112 2.5066
7 6986932 0.2754
7 6992966 2
7 6997174 2
7 7012768 2
7 7017342 2
7 7018711 2
7 7018793 2
7 7019809 2
7 7019944 0.0742
7 7021265 0.0742
7 7021510 0.0742
7 7027687 2
7 7034891 0.6362
7 7036125 2
7 7051710 2
7 7052742 2
7 7060302 0.093
7 7060979 0.758923369365754
7 7061252 0.56739237467384
7 7061461 1.061
7 7062180 1.16978803947925
7 7064447 0.5692
7 7064760 2
7 7065761 2
7 7068672 0.338316343183275
7 7072141 0.558465959472449
7 7076604 1.32623076578221
7 7078614 0.944829841736197
7 7079838 0.9494
7 7081077 0.121285526589658
7 7088902 2
7 7093748 0.301627540251831
7 7095962 1.1209
7 7098292 1.67548304846836
7 7100484 2
7 7111877 0.0451
7 7116298 1.02972804570156
7 7122680 2
7 7128359 0.118546428655295
7 7150197 2.1862
7 7156641 2
7 7156793 2
7 7189443 2
7 7196267 2
7 7196522 2
7 7210448 1.5836
7 7215627 2
7 7215848 1.57222976846525
7 7221199 2
7 7221847 1.5991
7 7230381 2
7 7232497 0.462025510748223
7 7237323 0.525466731459848
7 7252072 2
7 7258557 1.783
7 7259240 1.124
7 7266428 2
7 7279927 0.386931794142945
7 7280447 2.1707
7 7283213 0.4311
7 7287467 2
7 7298180 2
7 7301033 2
7 7301528 2
7 7303644 1.46892022527853
7 7317829 1.1595
7 7317947 2
7 7322661 2.4542
7 7322784 0.445499321365071
7 7324759 2
7 7326903 2
7 7328452 0.250698790758049
7 7328510 2.0003
7 7333612 0.109719606709643
7 7342099 2
7 7359543 0.185525138542353
7 7359843 0.653597672880888
7 7361115 0.369788715243624
7 7361772 1.90462402316783
7 7366973 1.63457978324094
7 7373737 2.4728
7 7383700 0.775316055589426
7 7388170 0.0210296425656716
7 7392109 1.51174051836225
7 7397468 2
7 7412995 2
7 7429447 2
7 7430112 2
7 7430308 2
7 7441943 2
7 7444088 2
7 7446933 2
7 7452242 2
7 7462784 2
7 7492969 0.3392
7 7495121 1.9322
7 7499602 1.9322
7 7519910 2
7 7525049 2
7 7534807 2
7 7547893 2
7 7562242 1.34622627363137
7 7569475 2
7 7578991 2
7 7597508 5e-04
7 7601443 2
7 7609320 2
7 7610711 2
7 7618022 2
7 7618451 1.7644
7 7621951 2
7 7624467 2
7 7632076 0.231200767503548
7 7632219 2
7 7633260 1.9322
7 7633428 2
7 7633630 2.0405
7 7641945 1.1646
7 7648162 2
7 7648195 2
7 7654288 2
7 7677126 2
7 7710501 2
7 7726953 2
7 7728284 2
7 7730023 2
7 7731068 2
7 7735072 2
7 7735598 2
7 7736460 0.141770353413105
7 7740651 1.05919740762353
7 7748205 2
7 7751524 0.1926
7 7781301 2
7 7782247 2
7 7784847 2.3702
7 7794838 0.0763412731214207
7 7804141 0.9064
7 7807289 0.1128
7 7813937 2
7 7816199 2
7 7826015 1.0107
7 7830416 0.8649
7 7833754 0.6544
7 7841390 0.3105
7 7869339 1.3362
7 7869650 1.3362
7 7880024 1.03274071379652
7 7887064 2
7 7888738 2
7 7896272 0.472064669104354
7 7896330 0.615174987627093
7 7900504 2
7 7902388 0.9219
7 7904794 2
7 7937243 2
7 7958844 2
7 7959785 2.51928088436006
7 7961340 2
7 7963554 1.0059
7 7968229 1.295
7 7973864 2
7 7978220 2
7 7994334 2
7 7998189 2
7 8015942 2
7 8027712 2
7 8042928 2
7 8056223 2
7 8063566 2
7 8071715 2
7 8096439 2
7 8099340 2
7 8112710 0.581398951264524
7 8113112 0.1233
7 8119189 0.63956156108051
7 8131578 2
7 8135341 2
7 8140025 2
7 8146726 2
7 8153959 0.555145874263406
7 8160195 1.385
7 8174944 0.4374
7 8199538 0.8927
7 8265805 0.6978
7 8289250 2
7 8290518 1.9663
7 8294028 2
7 8294277 0.0078
7 8295394 2.2611
7 8296922 1.1406
7 8306505 2.2611
7 8307827 2
7 8310960 2
7 8314787 2
7 8318488 2.2611
7 8319669 2
7 8320514 2.337
7 8322974 2
7 8327099 2.0374
7 8334632 1.1865
7 8341338 2.0225
7 8342004 2.0225
7 8355930 2.1191
7 8366980 1.5077
7 8371516 2
7 8375614 0.1911
7 8375642 8e-04
7 8386166 1.5077
7 8399007 0.6553
7 8410435 0
7 8413314 1.67
7 8429153 1.69727901573581
7 8433649 2.6692
7 8453146 1.0465
7 8458292 0.9079
7 8470782 1.0754
7 8478698 1.0025
7 8479549 0.8847
7 8497547 1.16447567291605
7 8500836 2.3409
7 8512328 1.41530257343267
7 8512984 2
7 8515589 2
7 8521931 2
7 8526001 0.4812
7 8527158 1.2686
7 8527258 0.269912989721942
7 8539261 0.7673
7 8539778 0.4357
7 8541576 0.4357
7 8569995 2
7 8583457 1.2254906746553
7 8589914 0.0854294403522659
7 8592010 2.625984298051
7 8607375 2
7 8619633 2
7 8631928 2
7 8632689 2
7 8634695 2
7 8634986 2
7 8640813 2
7 8646423 2
7 8647757 2
7 8649322 2
7 8649912 2
7 8650168 2
7 8651622 2
7 8656728 2
7 8658543 2
7 8663016 2
7 8668274 0.0637078086545284
7 8705184 1.1669
7 8715313 1.4227
7 8716415 1.4608
7 8719142 2
7 8719469 2
7 8733145 2
7 8740407 0.465056667854992
7 8744228 2
7 8744810 1.4608
7 8747916 2
7 8753961 2
7 8772636 2
7 8784993 2
7 8785217 2
7 8788329 2
7 8796681 2
7 8801979 2
7 8803803 0.0078
7 8809853 0.7448
7 8832402 0.816
7 8835676 0.6789
7 8835888 2
7 8845077 2
7 8848973 0.5739
7 8854414 0.627453676628521
7 8861646 2
7 8873680 2
7 8891282 0.912475564148123
7 8901422 1.329
7 8904379 1.4102
7 8914103 1.78692983485797
7 8915852 1.05364552393787
7 8933622 0.223121993855141
7 8934603 0.837127112352983
7 8953669 0.293220193859551
7 8955784 0.616037462872316
7 8959510 0.0386
7 8974020 2
7 8976484 2.7457
7 8977620 0.46135036930766
7 8980263 0.407087824326544
7 8989776 0.919569751197924
7 9020803 1.46325568571156
7 9021151 1.00542476091383
7 9022398 1.93713306161456
7 9023214 0.338395020151637
7 9024137 0.277018810296276
7 9032843 0.684543640900961
7 9033755 2.4618
7 9050273 1.8462
7 9050318 0.698203209058407
7 9059444 1.0509
7 9073141 2
7 9073263 0.213182964317162
7 9074552 2
7 9077291 2
7 9082074 2
7 9085027 1.13632566902068
7 9085278 2
7 9085996 1.50457529930011
7 9089311 0.240129519800466
7 9098658 2
7 9105788 2
7 9106703 2
7 9113788 2
7 9124953 2
7 9135711 2.12495955199896
7 9136396 0.234176607332178
7 9138746 0.972646117068516
7 9140025 1.76660093526782
7 9144818 1.56692890186116
7 9149676 1.13947974983222
7 9162246 2.4476
7 9167218 1.2242
7 9167602 1.2242
7 9172174 1.2242
7 9172571 1.2242
7 9176348 2
7 9177312 2
7 9191068 2
7 9196032 2
7 9200031 2
7 9206823 2
7 9207122 0.0490485407131189
7 9209752 0.0361149997628592
7 9212443 2
7 9241235 1.9306
7 9245566 1.17086974631579
7 9246844 2.2608
7 9257888 2.8381
7 9258744 0.5291
7 9272701 0.6132
7 9281665 0.7312
7 9281692 0.6285
7 9284223 0.6132
7 9284392 0.6132
7 9286304 0.1028
7 9287965 0.6285
7 9289736 0.6132
7 9289829 0.6132
7 9292665 0.7312
7 9296812 2
7 9298909 2
7 9315526 0.136549163446267
7 9325188 2
7 9329804 0.2192
7 9346059 2
7 9352870 2
7 9390054 1.0757
7 9402647 2
7 9446331 0.1091
7 9456432 2
7 9462052 2
7 9462057 2
7 9473100 1.8705
7 9473630 1.0183
7 9479805 1.6114
7 9481696 1.6114
7 9484105 1.7379
7 9503081 2
7 9509956 0.602329151263001
7 9514460 0.7327
7 9515348 2
7 9517938 0.732629349048372
7 9519285 0.6521
7 9520984 0.6653
7 9522289 0.0616479777999194
7 9525485 1.1058
7 9531884 0.719
7 9531993 1.12858099751816
7 9533777 1.9305
7 9534659 1.7162
7 9537807 0.7488
7 9542253 2
7 9544637 2
7 9544984 2
7 9545587 2
7 9549818 1.6898
7 9551840 2
7 9574530 0.8212
7 9580594 2
7 9581212 2
7 9583864 1.5563
7 9588165 0.9693
7 9591479 2
7 9592822 2
7 9593834 0.8511
7 9594442 0.9693
7 9605230 1.7901
7 9612287 2
7 9619132 0.1211
7 9622338 0.3267
7 9646147 0.5286
7 9647788 0.931961020744565
7 9650106 0.313903777211123
7 9651742 0.393712285875571
7 9655138 0.400302787174147
7 9663938 0.449748650546185
7 9672909 1.4315
7 9676474 2
7 9681682 2
7 9687646 1.2005
7 9696677 2
7 9700965 0.724617889080055
7 9702272 2
7 9746785 2
7 9765418 0.963985455438624
7 9782287 1.4976
7 9788328 1.0964
7 9810693 0.972
7 9825268 2
7 9825720 1.6908610387574
7 9826149 0.439480190932586
7 9828780 2
7 9829472 0.8295
7 9834418 2
7 9844860 2
7 9846427 1.1839
7 9847320 2
7 9854383 1.1839
7 9856747 2
7 9886616 1.5509
7 9898388 2
7 9899936 0.8156
7 9902541 2
7 9902826 0.0564
7 9905282 0.0276
7 9919142 8e-04
7 9920270 8e-04
7 9921647 2
7 9949511 0.333207180844979
7 9954675 0.0948
7 9959050 2
7 9960323 2
7 9960571 0.0194810144960563
7 9960935 2
7 9963726 0.779969189726418
7 9973381 0.947598463142638
7 9974306 0.192668476862703
7 9985376 1.25454247074079
7 9995485 2.5346
7 10021635 2
7 10031678 0.135363776212915
7 10033711 2
7 10048424 0.9765
7 10057295 2
7 10060809 0.043057703830421
7 10066580 0.0739
7 10069358 0.0739
7 10072213 2
7 10079392 2
7 10082152 2
7 10082461 2
7 10087477 0.0801
7 10116350 2
7 10127770 2
7 10134217 2
7 10140136 2
7 10150050 2
7 10153932 2
7 10154117 2
7 10157248 0.0273
7 10161435 2
7 10162896 0
7 10162956 1e-04
7 10172505 2
7 10173333 2
7 10187338 0.0851
7 10200414 2
7 10203004 0.2227
7 10212571 2
7 10219311 2
7 10221402 2
7 10224219 2
7 10227801 0.5571
7 10235971 0.2478
7 10237115 8e-04
7 10238726 2
7 10240074 2.6444
7 10240663 2
7 10240986 0.1988
7 10241254 0.1988
7 10241359 0.1988
7 10250432 2
7 10252493 2
7 10254893 2
7 10255518 2
7 10267147 2
7 10275186 2
7 10278417 0.249990240061791
7 10279214 2
7 10282718 2
7 10293486 2
7 10306345 0.628681523350186
7 10306551 0.382525414714306
7 10311592 0.731099004101079
7 10312712 1.4590005113475
7 10317736 1.38757600928809
7 10331273 2
7 10336081 0.110580467064008
7 10348109 2
7 10350585 0.228802053308494
7 10355699 0.7247
7 10358189 2
7 10362113 2
7 10362767 2
7 10378702 2
7 10426873 2
7 10432173 1.3772
7 10438320 2
7 10440566 1.7609
7 10447001 1.12518773157346
7 10451418 0.335956913145783
7 10457323 2
7 10457397 0.3073
7 10458514 0.212593955003143
7 10473396 1.18579607834876
7 10475806 2
7 10487636 0.459640505600273
7 10489197 0.4025
7 10495472 0.5132
7 10496369 1.1796
7 10496609 0.75722856893603
7 10497395 0.130618711148052
7 10501020 0.0912225181171026
7 10501914 0.726887930508409
7 10503743 0.704231146085533
7 10512712 0.685831979740227
7 10515654 0.5132
7 10535952 1.651
7 10537511 0.364462297319725
7 10539300 0.8068
7 10550015 0.256955629116249
7 10550163 0.395880091380787
7 10552045 0.641407396247064
7 10553423 0.665450557142463
7 10558921 0.178426803725909
7 10562250 0.0176681471549577
7 10572997 0.244941461913419
7 10584349 0.153397554363035
7 10592443 1.2324
7 10594846 0.6448
7 10595451 2.1903
7 10595543 2
7 10600460 0.3734
7 10613993 0.968756488492779
7 10618137 0.2955
7 10628927 0.3647
7 10673804 2
7 10683025 2
7 10684127 2
7 10711417 2
7 10724713 1.0604
7 10734305 2
7 10750096 2
7 10755230 2
7 10757171 2
7 10763199 2
7 10775618 2
7 10777853 2
7 10790027 0.204416548164651
7 10795685 2.2708
7 10799396 0.7159
7 10801393 2
7 10801995 0.6049
7 10808229 0.6049
7 10819813 2
7 10835218 0.9282
7 10859726 0.539534079525288
7 10862964 0.366
7 10864113 1.0753
7 10864277 0.3311
7 10874760 2
7 10875877 0.079487819730604
7 10876384 1.75568474245443
7 10881615 2
7 10884805 0.256458376158887
7 10886216 2
7 10887118 0.26885167578296
7 10893347 1.36668332342814
7 10894609 0.803441835038984
7 10895543 1.66162544275305
7 10900319 1.58010439154494
7 10917137 2
7 10919182 2
7 10937401 0.751459099304093
7 10940967 0.9052
7 10949737 0.298844054204301
7 10951360 0.197655373923991
7 10970547 0.922657163703432
7 10986008 0.354941543564249
7 10987188 0.335832513594313
7 11023487 0.1648
7 11026108 1.1883
7 11050919 1.45310217697523
7 11067653 0.0504877868155294
7 11068963 0.54036203870943
7 11072620 1.40677127759502
7 11084901 1.26039593502424
7 11088776 0.696812458059382
7 11092978 0.144564587193
7 11093580 0.810001784719574
7 11105668 0.405068470232336
7 11108701 2
7 11122331 0.0075
7 11122332 5e-04
7 11127155 0.245960479118031
7 11156821 0.0149359041118312
7 11164169 2
7 11174820 2
7 11177155 2
7 11181660 2
7 11198527 2
7 11198662 0
7 11202417 0.1644
7 11204218 0.1518
7 11214029 0.9436
7 11233958 1.04037704450283
7 11247415 2
7 11248956 2
7 11251280 2
7 11255492 2
7 11259095 2
7 11266344 0.927922273178973
7 11268029 2
7 11274016 1.0662
7 11291910 0.0167
7 11297777 0.0998
7 11297824 0.592794770503483
7 11300257 1.0662
7 11302280 0.877800946217186
7 11302748 0.439175450850688
7 11305492 0.984682249774575
7 11323820 1.0662
7 11329560 2.370993900438
7 11335523 0.0933
7 11336952 0.195708011203072
7 11344484 0.7109
7 11350322 0.4142
7 11354233 1e-04
7 11355455 0.3132
7 11362071 0.790221855083399
7 11373144 1.09214520037571
7 11404874 1.94174585600355
7 11407275 0.0888011507678667
7 11422384 2
7 11449931 2
7 11460382 2
7 11476062 1.498
7 11495854 2
7 11496276 1.5201
7 11517325 0.0273
7 11519608 2
7 11521218 2
7 11521746 0.1927
7 11528532 2.81579004768008
7 11538607 1.5290390024698
7 11540114 0.0231188442390485
7 11551724 0.9072
7 11559323 0.808855270252863
7 11559978 0.0966023075715206
7 11562279 8e-04
7 11563604 0.9698
7 11564277 2.04552943184263
7 11564282 0.557807540884378
7 11569612 0.9698
7 11573526 0.772491749922387
7 11574547 0.00517999393611174
7 11576873 1.07081264721048
7 11594366 2
7 11612684 2
7 11634594 0
7 11643095 0.2685
7 11673477 1.1338
7 11673573 2
7 11685866 2
7 11686271 2
7 11690315 1.1338
7 11698113 0.853284787817454
7 11706531 0.0854053827972883
7 11708418 1.0889
7 11721446 0.404239637984098
7 11721523 2
7 11721905 1.18945280977484
7 11731881 0.467233897342275
7 11743282 2
7 11744290 2
7 11750199 2
7 11757476 2
7 11757935 2
7 11764202 2
7 11765514 0.255893086536561
7 11767179 1.06133595205882
7 11770466 2
7 11770870 2
7 11797069 0.1829
7 11811769 2
7 11814095 2
7 11816359 2
7 11817180 2
7 11834432 2
7 11853649 0.6591
7 11854127 2
7 11870319 2
7 11874329 2
7 11881179 0.5301
7 11886637 2
7 11887628 1.3289
7 11894174 2
7 11897589 0.0317
7 11906178 2
7 11922133 2
7 11923927 0.5301
7 11928231 2
7 11928505 2
7 11928644 0.4888
7 11934752 2
7 11935740 2
7 11938985 0.498373277505773
7 11962715 2
7 11972100 0.224
7 11974070 0.3002
7 11976424 0.0426
7 11982063 0.3002
7 12007422 0.221323556387524
7 12008929 0.0426
7 12010053 1.75476326544666
7 12010786 1.76296855754965
7 12017547 2
7 12025000 0.0339
7 12030911 0.3184
7 12031491 0.3184
7 12037283 2
7 12053686 2
7 12058105 2
7 12060061 2
7 12063108 0.714709149953171
7 12065858 1.0357
7 12067118 2
7 12074948 2
7 12078419 2
7 12078564 2
7 12078961 1.0357
7 12079894 2
7 12083759 0.638955233885026
7 12087354 1.0357
7 12099022 0.132951502877493
7 12099990 1.31835958561911
7 12103512 0.248545544078305
7 12114387 0.151300384393991
7 12118744 0.654994016503083
7 12132516 2
7 12135930 2
7 12136962 1.3166
7 12138034 2
7 12139206 1.70559943810676
7 12156562 0.131603359879919
7 12157576 0.159731183147156
7 12160138 2
7 12171939 2
7 12177735 1.1039
7 12178370 2
7 12178522 2
7 12191087 0.1124
7 12192925 1.09935544792257
7 12202197 1.0479
7 12217543 2
7 12219129 2
7 12220926 1.1339
7 12228108 2
7 12229185 2
7 12237394 0.8444
7 12244849 2
7 12251804 0.0178
7 12261706 2.09060162048134
7 12263247 1.28229470075667
7 12267998 0
7 12270819 2
7 12289178 1.0589
7 12290587 2
7 12290629 2
7 12297943 2
7 12312272 2
7 12321004 0.735926635843097
7 12325020 0.628026896448136
7 12331880 2
7 12333226 2
7 12346822 2
7 12346905 0.0053
7 12368156 1.2383
7 12370486 2
7 12386308 2
7 12387889 0.501852592117746
7 12400952 1.1861
7 12415803 0.0158947199943412
7 12417837 1.38992704957639
7 12421098 1.1861
7 12423483 0.0140425886804512
7 12428607 2
7 12430610 2
7 12475481 1.18189239872352
7 12478639 2
7 12479539 2
7 12479745 1.2061
7 12480365 2
7 12486854 1.3804
7 12494964 2
7 12500365 2
7 12502844 1.93687894688577
7 12503607 1.2061
7 12506155 0.761101977069108
7 12519795 0.57002257573777
7 12519818 2
7 12522839 2
7 12526529 2
7 12527001 4.1965
7 12532381 1.7134
7 12533278 2
7 12549808 0.8584
7 12552078 0.48050480774214
7 12554179 0.700629473454886
7 12561522 0.463998561306364
7 12564030 0.8228971939702
7 12564983 0.246282992082946
7 12571322 1.23555699312053
7 12573056 0.0225508826998945
7 12573627 0.113185230618667
7 12585218 1.5499847762814
7 12592021 0.3456
7 12592459 0.3456
7 12608989 2
7 12615071 2
7 12628719 0.801533735239398
7 12641471 0.0673
7 12652481 2
7 12664413 1.5467
7 12665508 1.8039
7 12674215 5e-04
7 12680140 2.10485496379765
7 12682331 0.245
7 12683601 2
7 12692028 0.625364037564272
7 12693040 2
7 12699385 2
7 12706343 2
7 12718511 2
7 12723987 0.2281
7 12730829 0.218
7 12734514 1.2772
7 12738016 0.2258
7 12741756 0.2258
7 12742895 2
7 12751862 0.6415
7 12782315 0.2686
7 12786311 0.3283
7 12792881 0.123596602249092
7 12799479 0.2102
7 12800161 0.0189818503952628
7 12800958 0.6297
7 12806304 0.8314
7 12808927 0.6297
7 12831898 0.9061
7 12842914 2
7 12844094 5e-04
7 12845555 0.8647
7 12846416 0.6605
7 12846433 1.5586
7 12854430 0.9061
7 12866752 0.2667
7 12867999 0.6297
7 12871960 0.8449
7 12874786 0.2913
7 12885151 0.2435
7 12885370 0.2435
7 12887752 0.6297
7 12897811 0.8846
7 12906042 1.5844
7 12911951 2.9996
7 12913148 1.6773
7 12916080 0.4069
7 12917403 0.7185
7 12918356 0.4069
7 12920326 0.5826
7 12923659 0.1339
7 12933958 0.1728
7 12960238 0.2428
7 12972803 1.0751
7 13008405 1.0923
7 13011093 0.527870577192543
7 13015277 1.0633
7 13015865 1.0633
7 13021445 1.1653
7 13034541 1.1653
7 13034692 1.1653
7 13037096 1.1653
7 13058680 1.1985
7 13062377 1.1985
7 13067263 1.1653
7 13067300 1.1653
7 13068239 1.1653
7 13070446 5e-04
7 13070456 2.0592
7 13078739 1.1985
7 13085465 1.2337
7 13086095 1.2337
7 13086439 1.2337
7 13089719 1.2337
7 13096173 1.2337
7 13099611 1.2337
7 13106282 1.2337
7 13108723 2
7 13123126 1.2337
7 13123252 1.2337
7 13130962 2
7 13137855 1.64686573048273
7 13138019 1.2711
7 13139435 1.5901
7 13144222 1.2337
7 13158448 0.2464
7 13160256 0.1813
7 13168885 0.35795922507929
7 13179102 0.2464
7 13183994 0.2464
7 13213444 0.5313
7 13213968 2
7 13221362 2.2652
7 13225835 1.64252347592734
7 13230384 4.01875959186341
7 13236564 2
7 13236918 2
7 13241976 2
7 13249454 1.0274
7 13249968 2.15198854885708
7 13256898 2
7 13261369 2
7 13265242 1.1371
7 13272950 0.0065
7 13274669 2
7 13274777 0.167140668007534
7 13279871 2
7 13281581 2
7 13288244 2.3056837049366
7 13296751 0.273176669892369
7 13302823 2
7 13314880 2
7 13321992 2
7 13323054 2
7 13325608 2
7 13336176 2
7 13341403 2
7 13344870 2
7 13346008 2
7 13352189 1.0093
7 13358113 2
7 13370259 0.9122
7 13371980 0.741384766274201
7 13372883 0.952071223164072
7 13374943 0.0661651912347143
7 13377343 0.174883175798236
7 13378067 2
7 13380432 0.253245854569324
7 13400353 2
7 13401860 2
7 13402001 2
7 13405979 2
7 13413899 1.61964842114634
7 13433790 1.165
7 13434555 2
7 13439583 0.1766
7 13439799 0.613139889787592
7 13440158 0.9967
7 13440277 2
7 13446448 0.4176
7 13452125 2
7 13452179 2
7 13462905 2
7 13463544 1.2446
7 13464036 1.6732
7 13464784 2
7 13473239 2
7 13480328 1.2934
7 13483816 1.0755
7 13489994 2
7 13503927 2.9203
7 13507798 2
7 13509576 2
7 13516757 2
7 13528283 2
7 13529233 2
7 13529617 2
7 13530614 2
7 13535623 2
7 13536294 0.0547519020984209
7 13536673 2
7 13539764 2
7 13543366 2
7 13548524 2
7 13557469 1.41308931503939
7 13575812 5e-04
7 13578771 1.01928086197869
7 13583428 2
7 13586350 1.7415
7 13588202 2
7 13590374 2
7 13592603 0.6616
7 13599684 2
7 13601583 2
7 13606560 0.316221487109428
7 13610454 3.1147
7 13613213 1.0478
7 13615424 2
7 13616935 2
7 13618317 1.0479
7 13620139 2
7 13621089 2
7 13624287 0
7 13628605 2
7 13629777 0.888296005870308
7 13630411 0.0329
7 13631131 0.333918786358509
7 13632660 0.0329
7 13636361 2
7 13668378 1.0583
7 13671000 0.801409726158493
7 13677445 0.881807420271724
7 13685296 2
7 13688273 2
7 13697100 1.83348454281685
7 13701842 2
7 13704667 1.4544
7 13704939 2
7 13707271 2
7 13709750 1.4544
7 13720417 2
7 13724961 1.2729
7 13725612 2
7 13733596 2
7 13735190 1.4544
7 13736043 2
7 13764480 2
7 13765342 2
7 13785499 1.517
7 13787290 2
7 13788389 2
7 13796463 2
7 13806791 2
7 13820124 1.59601112619785
7 13844577 2
7 13844864 2
7 13846099 1.038
7 13853049 0.578496309938083
7 13858295 0.2862
7 13860237 1.1027
7 13866382 0.842269191510006
7 13873082 2
7 13884701 1.3688
7 13896362 2
7 13921737 1.084
7 13931114 0.180045431613888
7 13951367 0.0854759579952364
7 13961084 1.04514633303587
7 13983231 2
7 13988564 1.8096515652592
7 14029165 0.1028
7 14030677 5e-04
7 14078724 0.8586
7 14103816 2
7 14121148 0.7865
7 14129561 0.8382
7 14142737 0.357934960278693
7 14154326 2
7 14162730 0.534675660468819
7 14167835 0.0279088479114811
7 14170151 5e-04
7 14170767 1.1209
7 14173007 2
7 14176479 2
7 14205377 2
7 14212354 5e-04
7 14213322 2
7 14241919 0.0331
7 14242341 0.0499841046204467
7 14244262 1.51204740858053
7 14246090 1.3033
7 14248284 1.3463
7 14252870 2
7 14252886 2
7 14255048 0.8506
7 14257323 2
7 14263147 1.92839408312179
7 14263785 0.76337717820942
7 14268877 0.4068
7 14276027 1.40564969375355
7 14279876 0.451102414628238
7 14280691 0.676713504320207
7 14288259 5e-04
7 14298816 0.277701932356909
7 14308374 0.576461167874201
7 14312012 1.39662268871826
7 14316205 0.948597002407263
7 14318472 0.561535662836819
7 14320981 0.1016
7 14324940 0.1274
7 14350596 0.6243
7 14363159 2
7 14363519 5e-04
7 14368667 2
7 14399459 1.73451878931068
7 14400270 2.4561
7 14407432 0.0297
7 14411212 0.0297
7 14413436 0.0297
7 14415634 2
7 14416262 1.1536
7 14417187 1.6145
7 14417207 1.1536
7 14418319 0.0897
7 14421767 1.1279
7 14438991 0.5639
7 14452309 1.3337
7 14456078 1.3719
7 14460329 0.38003750486343
7 14460588 2
7 14466660 0.624757067321583
7 14481941 2
7 14482804 1.78121564454148
7 14483265 2
7 14489298 0.390703938047354
7 14494695 2
7 14495936 0.1557145763672
7 14510351 2
7 14518303 2
7 14529185 2
7 14551067 2
7 14563314 2
7 14570659 2
7 14580162 0.163526832186799
7 14589561 0.405279199450358
7 14591539 0.41722906341343
7 14592719 0.582487466230289
7 14628475 0.0737732394663856
7 14635709 1.39655636557726
7 14652411 0.316693901715553
7 14657672 0.472349351115875
7 14661845 0.127411715326771
7 14665627 2
7 14704324 1.6113
7 14719516 1.23575772007422
7 14734727 0.1028
7 14739652 0.988202192890684
7 14750817 0.120888399633134
7 14765217 1.3563
7 14791938 1.2915533171657
7 14800779 0.590983494595283
7 14810828 1.5121
7 14814284 2
7 14816730 2
7 14821046 2
7 14824584 2
7 14827334 2
7 14829188 2
7 14830968 0.00655238611279513
7 14831779 2
7 14834756 0.13070636260131
7 14854678 1.48910733048848
7 14864794 0.62356219354035
7 14865456 0
7 14875659 0.0162
7 14879753 1.9886166885562
7 14886070 0
7 14887918 2
7 14915134 0.8175
7 14916286 1.57708453643098
7 14922138 2
7 14957477 2
7 14958251 2
7 14959307 2
7 14974143 0.6759
7 15013860 2
7 15014477 1.5122
7 15015179 1.8626
7 15016323 1.9106
7 15023069 2
7 15023805 2
7 15024298 2
7 15024565 2
7 15024591 2
7 15025163 2
7 15025271 2
7 15027382 2.8948
7 15041768 0.0275
7 15047974 0.233852879334218
7 15054786 2.2468
7 15079739 2
7 15088924 2
7 15089615 2
7 15105857 1.3706
7 15109981 0.418496224681479
7 15112138 2
7 15114555 2
7 15118169 2
7 15136494 2
7 15144728 2
7 15172266 1.3824
7 15173640 2
7 15176329 2
7 15187907 2
7 15190357 0.326033914956278
7 15190576 1.92523634644505
7 15193016 2
7 15196752 2
7 15241704 2
7 15243970 2
7 15249663 0.635602447450082
7 15250955 0.849374150432452
7 15289342 1.2834
7 15291435 2
7 15301971 1.265
7 15318309 2
7 15322955 2
7 15324906 2
7 15327170 2
7 15344063 2
7 15346617 2
7 15354370 5e-04
7 15360939 0.6999
7 15369377 0.2142
7 15379434 2
7 15382810 0.5281
7 15392317 0.37723237721469
7 15415179 2
7 15419874 2.5901
7 15428597 2
7 15433034 0.4024
7 15435562 0.5281
7 15436179 0.293543551967966
7 15436326 2
7 15445498 2
7 15446501 2
7 15446509 2
7 15449754 1.1037
7 15451057 2
7 15452696 2
7 15455340 0.3325
7 15457723 1.1037
7 15459596 2
7 15461403 2
7 15463624 2
7 15469072 2
7 15469913 2
7 15488851 2
7 15499176 2
7 15505706 2
7 15507681 2
7 15510548 2
7 15522395 2
7 15525087 2
7 15531022 5e-04
7 15531563 1.17932530575885
7 15558508 0.005
7 15582685 0.783
7 15590365 0.439000165415694
7 15594177 0.783
7 15595397 0.721402822254636
7 15600783 0.411288886777519
7 15614670 1.51365820673411
7 15615510 1.5467
7 15618819 1.21936146423429
7 15646548 0.0281962064475313
7 15676596 0.2246
7 15681841 0.1048
7 15682276 2
7 15683782 1.8782
7 15686172 2
7 15687112 2
7 15690622 0.3267
7 15696500 0.3267
7 15707185 0.1045
7 15731460 2
7 15735812 0.1907
7 15741117 2
7 15758785 0.83981123420035
7 15796373 0.299455663317421
7 15813708 0.0473450747290669
7 15813800 0
7 15824271 1.25209606189879
7 15846597 0.354050507934699
7 15865245 2
7 15865339 2
7 15882874 0.630118912324501
7 15890164 0.332848053352926
7 15907330 2
7 15914161 0.721571092261694
7 15918791 1.202
7 15928909 2
7 15949536 2.23353529933521
7 15952722 0.0391464355374398
7 15954098 0.8912
7 15970583 2
7 15976238 2
7 15989773 2
7 15993629 1.81749396629868
7 15993941 0.466545232303457
7 15998783 0.1682
7 15998877 0.219673330746958
7 16001157 2
7 16008752 2
7 16016789 0.806469767986968
7 16026313 2
7 16027918 2
7 16033442 0.0111926524179341
7 16036877 0.857966228086741
7 16040671 1.00965605722022
7 16048987 2
7 16049335 2
7 16050551 2
7 16082848 2
7 16087363 2.1191
7 16093646 0.3726
7 16097221 2
7 16105155 2
7 16111878 0.646
7 16118979 0.5904
7 16120861 0.921624230724156
7 16138748 2
7 16151114 0.646
7 16164602 0.6319
7 16172290 0.6319
7 16186374 2
7 16197555 2
7 16202598 0.1444
7 16205732 0.646
7 16206397 2
7 16216531 0.618
7 16228877 0.041
7 16241462 0.618
7 16242067 2
7 16250952 2
7 16252301 2
7 16256473 2
7 16256760 2
7 16258809 2
7 16260220 2
7 16262724 2
7 16264919 0.6959
7 16267078 2
7 16276504 2
7 16280545 2
7 16286037 1e-04
7 16304272 2
7 16306514 2
7 16310130 0.00122951119978656
7 16312416 1.07065773989104
7 16325156 0.538793692974957
7 16327531 0.525592729172242
7 16327550 0.5665
7 16336875 2
7 16342755 1.51121611968966
7 16345461 2
7 16349279 2
7 16351644 0.449064681596224
7 16353740 2
7 16358148 2
7 16362109 2
7 16367769 2.3399
7 16378307 1.58674154511396
7 16383130 2
7 16398732 0.729344947531721
7 16400606 0.716515542940203
7 16402736 2
7 16403442 1.552
7 16420201 2
7 16420863 1.08286699779996
7 16423806 2
7 16428801 0.341055064873231
7 16432959 0.752295396384565
7 16449919 2
7 16455972 2
7 16468691 1.64020896640714
7 16470074 1e-04
7 16487366 2
7 16488171 0.828755812743768
7 16491225 0.595895156657301
7 16508660 1.025
7 16513855 2
7 16515272 2
7 16525508 2
7 16531680 0.238926453304539
7 16532351 0.816266557525714
7 16532751 0.995469820236212
7 16544211 1.482
7 16552274 1.12976948540137
7 16552873 1.0845
7 16565732 0.2119
7 16571802 1.59795603247357
7 16590076 1.52976909919083
7 16591139 0.823353405887058
7 16591917 2.32736376297658
7 16595336 1.2843
7 16619393 2
7 16622995 2
7 16623821 1.108
7 16626327 1.108
7 16626829 2
7 16635337 1.2581
7 16647917 1.216
7 16671813 0.7039
7 16683858 2
7 16688426 1.75
7 16713679 0.66155344787518
7 16715385 2
7 16718402 1e-04
7 16718638 0.217954913537285
7 16719436 5e-04
7 16719701 2
7 16720530 2
7 16728231 0.6437
7 16728724 2
7 16729065 2
7 16729154 1.01714996092906
7 16729904 2
7 16732441 2
7 16739313 2
7 16741580 2
7 16746433 5e-04
7 16747873 0.56143454759226
7 16749832 0.400842553938769
7 16750862 0.78564055064112
7 16754632 0.6291
7 16760581 0.5945
7 16766973 1.7609
7 16787653 2.3439
7 16790324 5e-04
7 16790909 0.1027
7 16791094 0
7 16799462 0.1
7 16805039 0.1063
7 16809499 0.131
7 16810134 0.313391893855867
7 16816925 0.202457905094549
7 16823881 2
7 16825454 2
7 16829998 2
7 16831515 0.21738044798901
7 16846716 0.0678
7 16849397 2
7 16864813 1.3602
7 16868162 2
7 16868961 1.2438
7 16877301 0.823
7 16883390 1.5919
7 16888592 2
7 16892345 0.3358
7 16892882 0.0053
7 16906475 0.0332
7 16909485 0.0332
7 16925491 1.06098324527593
7 16926392 0.702839299721546
7 16926700 2
7 16938763 0.1417
7 16943207 0.0326
7 16951224 1e-04
7 16956936 0.592464841658606
7 16957273 0.970761414415684
7 16958042 0.451076353140333
7 16968720 2
7 16982375 1.5842
7 16990328 2
7 17000776 2
7 17008890 2
7 17031674 0.456714985297081
7 17039065 2
7 17044231 2
7 17044321 2
7 17049200 0.467054453934216
7 17049221 0.5088
7 17054242 1.1828
7 17058473 0.7468
7 17065498 1.3346081484384
7 17069267 0.259040792570058
7 17079511 0.383
7 17081718 0.383
7 17085684 0.5088
7 17092089 2
7 17112931 0
7 17137160 1.06375320296923
7 17144483 1.4957
7 17157709 2
7 17159811 2
7 17162393 2
7 17175164 2
7 17182201 2
7 17203837 2.3652
7 17205476 2
7 17214298 0.0863
7 17215383 0.402308034102192
7 17234192 0.0585068449660996
7 17240511 2
7 17308495 2
7 17354937 2.21402431186132
7 17380483 2
7 17404254 2
7 17411964 2
7 17427736 2.27893768294037
7 17435983 2
7 17455420 2
7 17459305 0.699318990610875
7 17464648 0.8268
7 17466907 2
7 17467573 2
7 17488123 2
7 17490388 0.595743400138656
7 17511437 2
7 17515338 0.9198
7 17523328 2
7 17524026 0.995557724541158
7 17526774 0.224215042254534
7 17530522 0.856133653368626
7 17536114 0.802228853297069
7 17540472 2
7 17547139 2
7 17548131 2
7 17552204 2
7 17553896 0.7683
7 17557790 1.8275
7 17566603 0.4972
7 17575249 1.59797891095724
7 17589687 2
7 17618066 0.2588
7 17620825 1.1735
7 17628192 2
7 17641801 0.5737
7 17642480 2
7 17642826 2
7 17646195 2
7 17648234 2
7 17649388 0.5604
7 17660540 2
7 17661267 2
7 17664374 2
7 17668622 1.449
7 17672551 0.1193
7 17674637 0.149
7 17681069 1.93010544960103
7 17685780 0.3312
7 17688026 1.6675
7 17691064 1.2172
7 17694983 5e-04
7 17702248 0.568364907493743
7 17704217 1.21410787009064
7 17704229 1.1231
7 17707159 1.1682
7 17713516 4e-04
7 17713613 0.0218659757180514
7 17735534 0.177948987984725
7 17735962 0.520001366998142
7 17743259 0.3772
7 17744048 0.3624
7 17748517 1.37676181979301
7 17762327 0.0769525603513757
7 17767848 1.4565282230063
7 17774924 1.0602784285609
7 17781815 0.4125
7 17785657 0.4777
7 17786367 0.4125
7 17802029 0.4125
7 17805271 5e-04
7 17829560 1.2607
7 17844293 0.4125
7 17851591 0.4125
7 17855952 0.4125
7 17906981 0.4125
7 17907172 1.4
7 17908358 0.4749
7 17911435 1.4
7 17913595 0.4749
7 17926136 0.5273
7 17928168 0.4694
7 17928997 0.5273
7 17930277 0.4694
7 17931601 0.4694
7 17952781 1.86176739989958
7 17957540 0.277021976765745
7 17958317 0.663394306444743
7 17983271 0.573912536524146
7 17984593 1.03355740626581
7 17987965 0.616543901414242
7 17996346 1.1388
7 18001270 0.216899194785009
7 18010138 0.0418
7 18050657 2
7 18081183 0.7782
7 18088625 0.1882
7 18092439 0.2627
7 18116430 0.4879
7 18176423 2
7 18189259 2
7 18193525 2
7 18193559 2
7 18205609 2
7 18228289 0.0421989248677973
7 18237370 0.308463786106545
7 18237795 0.956298819924583
7 18244614 0.0217
7 18249810 0.805363229271396
7 18253358 0.738299521891217
7 18257401 2
7 18261147 0.8885
7 18262347 0.594699839103262
7 18268493 0.8885
7 18270749 1.59692803381005
7 18272324 0.331371574347916
7 18277038 0.498778140389196
7 18292292 0.105052944650467
7 18300587 2
7 18302018 1.0475
7 18308553 2
7 18309491 0.1028
7 18323084 0.256441863316582
7 18328698 1.01249648798105
7 18353320 0.451204735156547
7 18359288 2.46965714492
7 18410095 2
7 18415665 2
7 18528253 0.690249851109273
7 18594278 0.1104
7 18595996 0.1243
7 18658145 1.19509411223904
7 18659334 0.8318
7 18676795 0.4919
7 18689235 5e-04
7 18700541 2
7 18705874 0.5637
7 18710125 1.3416
7 18716545 2
7 18723080 2.5017
7 18743584 2
7 18766257 1.3691
7 18766864 1.4704
7 18775308 1.2079
7 18777987 2
7 18783340 2
7 18784144 2
7 18790448 2
7 18792976 2
7 18820724 0.779338790466188
7 18828330 0.7713
7 18832741 0.7377
7 18863143 2.4664
7 18869413 2.4664
7 18873154 0.089
7 18873999 0.0924090683726066
7 18895687 0.290656883656603
7 18898458 0.881400000161047
7 18922083 1e-04
7 18937071 2
7 18949195 2
7 18949266 0.462847649062717
7 18958981 0.104623770154659
7 18980758 1.49612785513755
7 18981460 0.968
7 18998228 1.13484863725357
7 19061071 0.0273
7 19067411 0.146954051210369
7 19095587 1.71001172278214
7 19146134 2
7 19147659 2
7 19147746 2
7 19152224 0.087373516013697
7 19160101 2
7 19160701 2
7 19170314 2
7 19170627 2
7 19219264 2
7 19229194 2
7 19237678 2.2382
7 19238439 2.2163
7 19245851 2
7 19255905 0.190512064337773
7 19256203 1.03260398328321
7 19259288 0.921534884580239
7 19268142 0.86507573932791
7 19271381 1.82092026028828
7 19283731 0
7 19297174 1.526247079491
7 19298586 0.572378541192163
7 19301307 0.14256498254517
7 19308243 2
7 19315366 2
7 19319138 2
7 19321862 1.07879520715039
7 19339458 2
7 19346467 2
7 19346627 2
7 19353119 0.2645
7 19356847 1.726
7 19358091 1.726
7 19368424 1.19700187259637
7 19386862 0.0329
7 19409226 1.5103
7 19411495 0.708
7 19428852 0.081979417327864
7 19439222 2
7 19441488 1.6325
7 19452882 2
7 19455819 2
7 19458477 2.1191
7 19471949 2
7 19473461 2
7 19477603 2
7 19477747 2
7 19478724 0.6697
7 19483311 2
7 19487275 2.0685
7 19488981 2
7 19491270 2
7 19492214 2.1017
7 19494826 0.5333
7 19494894 2
7 19494938 5e-04
7 19494962 5e-04
7 19495087 1e-04
7 19495241 0.702152329175907
7 19496606 0.1028
7 19504967 1.7983
7 19517360 2.21689356282925
7 19524214 1.61872017314899
7 19528459 0.44925957277578
7 19542120 0.0634635830384778
7 19545530 2.0225
7 19547411 2.0225
7 19550314 1.96362517885658
7 19550499 0.219321663581366
7 19566204 1.7261
7 19570338 2.0145
7 19575559 2
7 19576137 2
7 19576717 2
7 19577405 2
7 19577443 1.9286
7 19581596 2
7 19584789 2
7 19598211 2
7 19598630 1.1054
7 19605255 2
7 19611140 2
7 19617124 1.6201
7 19620195 0.7099
7 19621663 0.7147
7 19638137 2
7 19650570 2
7 19652356 1.59204069831236
7 19660026 0.805789417764777
7 19676070 0.237
7 19681159 0.651103887808847
7 19682245 0.0622174851762445
7 19686232 1.6220892311736
7 19720810 1.54893999073349
7 19729337 1.71161431796395
7 19732070 0.285577190775935
7 19738920 0.109413823779012
7 19741808 0.875716854505965
7 19741908 1.39056141613034
7 19750866 0.507391673574464
7 19818995 2
7 19853030 2
7 19859999 1.02990922035655
7 19870560 0.0359803276781296
7 19873084 2
7 19874282 2
7 19878058 2
7 19882831 2
7 19889764 0.389656161533776
7 19890415 0.297405055444992
7 19921248 1.73767470724954
7 19921820 0.105105105330507
7 19928492 0.135345180347154
7 19932911 2
7 19941299 0.348892611334972
7 19941930 0.734389749956315
7 19951733 2.10961938016598
7 19951869 1.34819993275951
7 19965609 2
7 19971155 0.708219096022022
7 19973325 0.391564166656091
7 19981986 2
7 20010382 0.7027
7 20029057 2
7 20063712 0.1526
7 20064972 2
7 20068542 0.1003
7 20071577 2
7 20074966 0.1873
7 20080864 2
7 20087338 2
7 20088517 2
7 20097112 2
7 20120747 2
7 20125509 1.04410060944808
7 20137710 2
7 20142431 2
7 20142713 1.13562987962522
7 20160611 0.363141953848836
7 20169378 1.0439
7 20177391 1.55788273303768
7 20179242 0.696021188807768
7 20179678 1.29475137365615
7 20182517 0.83926270600042
7 20183522 0.992074118271494
7 20185856 0.442561077186779
7 20188671 0.654914156954525
7 20192932 0.183474877372314
7 20196341 0.855055888627241
7 20244954 2
7 20260793 0.687829280506673
7 20270013 1.42899892383162
7 20277817 2
7 20278393 2
7 20281553 2
7 20290021 2
7 20292143 2
7 20297292 2.94145093876589
7 20313021 0.162084040186406
7 20322250 1.33949910550887
7 20333649 2
7 20335376 2.68439749899845
7 20353433 1.10741126612522
7 20374487 0.52392367953356
7 20381398 1.17929912369594
7 20381424 0.60130685129969
7 20381439 2.31108171670204
7 20395159 2
7 20403889 0.446392547831175
7 20419967 0.687542018644213
7 20430652 2
7 20439416 2
7 20440404 5e-04
7 20440636 1.1366
7 20442691 2
7 20445322 0.0332
7 20462874 2
7 20464342 0.77478989613757
7 20467708 0.445893177919411
7 20468548 1.31300163028257
7 20470954 0.151704389262204
7 20473855 2
7 20483143 2
7 20491144 0.291196254946667
7 20500143 2
7 20512200 2
7 20513675 0.891538515157996
7 20527804 0.0053
7 20531528 2
7 20535853 1.5165
7 20541654 0.0629
7 20548092 2
7 20548185 1.744
7 20548674 2
7 20557306 0.9327
7 20560207 1.99403251662144
7 20560663 0.358970032677811
7 20569358 0.9939
7 20601066 1.00789341545283
7 20609079 0.1028
7 20635840 0.284961146135081
7 20643581 0.40821381012204
7 20645885 0.9985
7 20646488 0.982
7 20652624 0.80773904155242
7 20659738 1.68816864269872
7 20665896 0.608745570470437
7 20667278 0.214404064540122
7 20670841 2
7 20671622 2
7 20673823 1.19067546581146
7 20679039 0.390886409363472
7 20682929 0.240473661013512
7 20684604 2
7 20686622 0.429035311444186
7 20711150 0.0647391858537667
7 20715352 0.758185308358132
7 20724002 1.8626
7 20724186 2
7 20724751 2
7 20731082 2
7 20738288 0.1287
7 20747650 0.2545
7 20758399 0.238076828041624
7 20768648 0
7 20768926 0.0604644432109231
7 20780150 1.59257033190156
7 20781583 0
7 20792181 2
7 20818463 1.2711
7 20822859 1.2711
7 20851500 0.285276619604482
7 20853847 0.305749795912305
7 20856443 2
7 20860063 0.5911
7 20861264 0.5911
7 20865866 1.93107438975458
7 20867485 1.04408491648052
7 20877636 0.98653334536474
7 20878948 0.769
7 20911727 2
7 20943194 2
7 20943205 2
7 20968303 2
7 20977064 2
7 20986380 2
7 20993424 1.45400363667872
7 20995383 1.6419
7 21004108 2
7 21005138 2
7 21020685 0.881846885557038
7 21024968 2
7 21032002 2
7 21037977 0.509828081145535
7 21042436 2
7 21054312 2
7 21060293 0.597235560642329
7 21091068 0.58150174804612
7 21102818 0.7245
7 21106428 2
7 21111438 2.08729710093324
7 21119284 1.00720305407685
7 21120838 2
7 21134210 2
7 21141560 0.018020709711314
7 21145043 1.71431832725792
7 21145559 0.378623187682716
7 21163851 0.256874199493042
7 21176855 2
7 21178971 2
7 21184627 2
7 21219436 0.2652
7 21221752 0.145746076302833
7 21225688 2
7 21230554 2
7 21244267 2
7 21245685 2
7 21248594 2
7 21258670 0.394316366341284
7 21259201 1.96303896340633
7 21263673 2
7 21276895 0.734005396042644
7 21277067 0.38256564249958
7 21278888 2
7 21280214 1.38936227268425
7 21282052 1.27146563850707
7 21283617 0.5036
7 21293055 1.07744961686507
7 21297078 1.03806494447856
7 21302855 0.921776579881581
7 21307587 0.625967226544583
7 21310499 0.645904433397802
7 21315475 0.6509
7 21315725 2.42217966553046
7 21317705 1.07085818211262
7 21351502 0.540602970462175
7 21359980 0.2861
7 21360907 2.60526788252181
7 21363624 0.0564974203572649
7 21369348 0.67706644289394
7 21379648 2
7 21405317 2
7 21409324 2
7 21409749 2
7 21436514 0.269648703947974
7 21444792 0.444361340898048
7 21445660 2
7 21461843 0.4937
7 21462583 5e-04
7 21479447 0.1028
7 21491899 2
7 21493199 2
7 21499645 1.1339
7 21523211 1.2157
7 21528442 1.3649
7 21544049 2
7 21546333 1.1573
7 21546977 2
7 21550372 2
7 21551754 2
7 21564060 2
7 21573291 2
7 21613837 0.6437
7 21628034 2
7 21628154 2
7 21646243 2
7 21648307 2
7 21653885 2
7 21660680 0.643227772054463
7 21681316 2
7 21695683 1.1983
7 21698355 1.1055
7 21698455 0.6527
7 21708066 1.2915
7 21717201 2
7 21718684 2
7 21719672 2
7 21720127 2
7 21726823 2
7 21729971 2
7 21730582 2
7 21737501 2
7 21738579 0.617214828079455
7 21748162 0.14109861494189
7 21749824 2
7 21751287 0.585926595482999
7 21761387 2
7 21762857 2
7 21769287 1.5034
7 21775309 2
7 21782693 2
7 21791791 1.5733
7 21814472 2
7 21815940 2
7 21817705 2
7 21821514 2
7 21827001 0.8747
7 21839351 2
7 21850224 1.7793
7 21866966 0.2595
7 21885191 8e-04
7 21896784 2
7 21897080 2
7 21897538 2
7 21901757 5e-04
7 21917453 0.3996
7 21925139 2.784
7 21926071 0.7419
7 21930128 0.2954
7 21934992 0.1688
7 21941294 0
7 21958546 0.9223
7 21966812 2
7 21985019 1.5647
7 21991673 2
7 21995271 2
7 22006339 0.345682082827317
7 22008273 2
7 22010833 0.1028
7 22030900 2
7 22032631 2
7 22032835 2
7 22036316 2
7 22038882 2
7 22053761 2
7 22058348 0.8574
7 22068503 2
7 22071564 0.6989
7 22080188 2
7 22082889 2
7 22083175 2
7 22084899 2
7 22102962 2
7 22108117 2
7 22113011 0.8512
7 22127475 0.81285164977842
7 22129460 2
7 22151524 0.0162
7 22151989 0.0162
7 22158107 1.3543
7 22164988 2
7 22165881 0.750478611696706
7 22177571 0.2695
7 22181502 2
7 22196207 2
7 22212285 2
7 22243654 2.784
7 22306343 2
7 22313627 2
7 22320916 2
7 22326484 0.5357
7 22338850 2
7 22342916 1.0179
7 22351501 1.176
7 22351579 1.176
7 22351703 1.176
7 22352230 2
7 22353769 2.1062
7 22355646 1.3511
7 22364633 2.1191
7 22366387 0.7554
7 22366684 0.0299497846212245
7 22377116 0.891618388608562
7 22378251 0.99825835885713
7 22397308 2
7 22398203 0.1028
7 22398248 0.934178460565424
7 22400641 0.0693835480324855
7 22407989 0.968111244487556
7 22409326 0.339252878575189
7 22411401 0.572758718391522
7 22413126 0.120242875377391
7 22427409 0.863323765146531
7 22436200 3.3707
7 22456977 5e-04
7 22473261 2
7 22484820 1.528
7 22492281 1.5524
7 22492282 0
7 22497415 0.2292
7 22500744 0.0269
7 22506677 0.0214
7 22522521 0.0214
7 22527215 2
7 22528582 2
7 22529684 2
7 22532894 2
7 22554187 1.3065
7 22555137 2
7 22572854 0.729075312167849
7 22573217 0.0471
7 22627873 2
7 22639018 2
7 22668472 1.22745274845536
7 22672299 0.0355
7 22672427 0.0355
7 22675005 0.0298
7 22708784 2
7 22713112 2
7 22715838 2.2967
7 22733108 0.9892
7 22734939 2
7 22738560 1.6201
7 22738909 1.11550375639862
7 22745364 2
7 22749165 2
7 22753658 1.9956
7 22754176 0.145567839055329
7 22756693 2
7 22764388 2
7 22768297 2
7 22769091 1.8935
7 22772959 0.6082
7 22777608 2
7 22783606 2
7 22789401 2.9344
7 22796192 2
7 22799421 1.6431
7 22805227 0.715790639876995
7 22805647 0.651482422604635
7 22810714 2
7 22814146 0.0428
7 22818646 2.2072
7 22818906 2.2072
7 22820796 0.0428
7 22836447 0.0428
7 22841942 2
7 22857459 2
7 22862187 1.01499586711455
7 22862607 0.345670489323146
7 22865288 2
7 22869155 2.2072
7 22881606 2
7 22883778 2
7 22898714 1.6201
7 22914348 0.6267
7 22916645 2
7 22917767 0.2004
7 22918720 2
7 22926421 0.6967
7 22929448 0.6267
7 22930381 0.782
7 22955335 2
7 22959291 2
7 22976212 0.1792
7 22987473 0.1792
7 23002158 0.546498740696254
7 23014759 0.0332
7 23025715 2
7 23027145 0.2167
7 23029905 2
7 23035928 2
7 23050854 0.208
7 23052272 0.1398
7 23053826 2.8287
7 23061669 2
7 23062521 2
7 23066275 2
7 23076844 0.469867754272258
7 23100076 0.5221
7 23144933 0.5391
7 23152747 0.5221
7 23155667 0.889847926126839
7 23156346 0.0217
7 23188768 0.5391
7 23231412 2
7 23255253 2
7 23264082 0.5221
7 23286272 1.95705038188612
7 23385736 2
7 23406780 0.109315135127387
7 23412203 0.1001
7 23434722 2
7 23439394 0.4474
7 23458739 0.285
7 23462584 2.5419
7 23464135 0.2693
7 23490158 2
7 23500600 1.1682
7 23502265 2
7 23512544 2.01878868753963
7 23519537 0.467137724016289
7 23539878 1.1682
7 23545777 0.635388706313441
7 23547026 2
7 23547541 0.4259
7 23557479 2
7 23568122 2
7 23571010 2
7 23647420 2
7 23667783 0.2252
7 23671858 0.3127
7 23672560 0.3127
7 23674669 2
7 23695446 1.5425
7 23701238 1e-04
7 23713112 2
7 23720459 2
7 23727861 0.0181
7 23730874 0
7 23732749 0.3211
7 23736540 2
7 23743184 2
7 23754520 2
7 23757922 2
7 23758366 2
7 23761997 2
7 23775807 0.3473
7 23777521 0.3473
7 23793624 2
7 23796232 2
7 23798434 2
7 23810646 1.31679821363782
7 23817513 2
7 23818837 0.735941019572326
7 23819701 2
7 23820565 1.567
7 23823245 1.5587
7 23835453 0.882433209710329
7 23850327 2.08743563764836
7 23859610 0.534363980246702
7 23868073 0.107
7 23871128 1.1252
7 23875534 0.107
7 23875803 0.107
7 23882791 1.567
7 23894848 0.2814
7 23895878 3.09701170058042
7 23896975 2
7 23942936 0.125407790583703
7 23948963 2
7 23958576 1.3348
7 23964578 1.99741644515406
7 23970709 0.2953
7 23974508 2
7 23986101 2.10340537185932
7 23987431 2
7 23990897 0.687762399755524
7 23992447 0.2728
7 24000858 2.0081
7 24005223 0.2728
7 24016889 0.211697395595092
7 24021132 0.5537
7 24022847 0.6066
7 24029571 2
7 24046022 2
7 24046914 2
7 24047219 2
7 24048660 2
7 24058110 2
7 24059598 2
7 24064348 2.5866
7 24066978 2
7 24069416 2
7 24072211 0.3951
7 24082326 1.4241
7 24088814 2
7 24100596 2
7 24101433 2
7 24103309 0.4699
7 24115507 2
7 24122944 1.44332050751978
7 24131788 1.9642
7 24136010 1.0308
7 24136988 0.852767744030902
7 24142057 1.01101303802407
7 24146307 1.98668361808673
7 24147856 0.751395477109502
7 24151386 2
7 24153541 2
7 24163405 2
7 24171130 1.2512
7 24177191 2
7 24195025 2
7 24195080 0.819
7 24199588 1.2625
7 24213471 1.9154
7 24215870 0.7336
7 24217698 1.9154
7 24218087 0.7336
7 24218319 0.5567
7 24231074 1.96755863264565
7 24231252 2
7 24232835 2
7 24234076 2
7 24239700 0.1759
7 24239817 2
7 24240023 2
7 24242715 2
7 24247401 2
7 24264188 1.3955
7 24296529 1.7777
7 24301925 2
7 24307147 0.0994
7 24319471 2
7 24323558 0.205232441701506
7 24330081 0.571
7 24336652 0.0386060414953181
7 24338372 0.571
7 24343107 2
7 24350570 2
7 24355847 1e-04
7 24355965 2
7 24355980 1.08697000276006
7 24366310 2
7 24367123 1.0932
7 24369099 0.164119335712102
7 24370379 0.534694205026351
7 24370569 2.53482751311308
7 24371162 0.6634
7 24384123 1.40321875688084
7 24388348 1.49832553433541
7 24389901 0.150572827318468
7 24391486 0.6108
7 24394790 2
7 24398192 0.346419222199641
7 24398286 0.829707533217047
7 24399241 2
7 24404860 2
7 24406443 2.0967
7 24413183 0.599414945588841
7 24414983 0.561666637989917
7 24417359 0.512135090326942
7 24422788 5e-04
7 24428043 0.1621
7 24431766 2
7 24442056 2
7 24446244 1.13260516432242
7 24453621 1.36188032324988
7 24464198 0.530706501317564
7 24484476 0.474187258276514
7 24484483 1.2319
7 24500153 2
7 24500871 1.11447553128528
7 24518436 0.7993
7 24528362 0.190147898283898
7 24533383 0.7993
7 24542560 0.395457673879145
7 24563813 0.519637308484001
7 24668936 0.393563067098194
7 24720326 1.39512413361096
7 24726562 0.594311848287574
7 24734680 0.899743591006167
7 24738252 0.776004035722969
7 24752379 2
7 24754084 1.37076937811185
7 24765621 1.60933442344341
7 24773064 1.5275
7 24781326 1.11270925828649
7 24805289 0.751258267696968
7 24808419 0.720797146713244
7 24828609 0.7027
7 24840257 0.7344
7 24841697 6e-04
7 24843895 0.0733
7 24874444 5e-04
7 24884073 0.433759936255796
7 24919855 0.499992509573864
7 24922800 0.000521061643400624
7 24926827 0.383629849451402
7 24928888 0.0078
7 24944217 2
7 24946124 0.154
7 24948388 2
7 24960843 2
7 24981153 2
7 24996771 1.4973
7 25001720 0.133
7 25008701 1.5087
7 25015346 2
7 25016127 1.4538
7 25023714 2
7 25028779 2
7 25035457 2.1827
7 25064254 2
7 25080287 0.712373588156957
7 25081877 2
7 25088881 1.73622906949397
7 25096198 0.495652027438448
7 25111120 0.158658237249338
7 25134259 1.00204942624194
7 25141344 2
7 25142786 0.851060841342966
7 25147927 0.0735165648556969
7 25148186 2
7 25154794 2.24497240548898
7 25177408 0.623508446365993
7 25181573 0.437004203577877
7 25191929 1.0498
7 25213274 0.730974271843315
7 25222204 2
7 25222975 0.274144831040087
7 25225228 2
7 25239840 1.5197
7 25244204 2
7 25258459 0.1056
7 25260465 0.977752702372204
7 25263194 0.0992
7 25268355 0.670748743642511
7 25280503 2
7 25287517 0.658326761498546
7 25303614 2
7 25321290 0.830367968046421
7 25321922 2
7 25328694 0.25772829664393
7 25334465 0.735946201476145
7 25338966 1.02171714452142
7 25350126 2
7 25408762 0.4396
7 25409965 0.1795
7 25413160 2
7 25413200 1.3524
7 25417760 2
7 25429063 1.3611
7 25434667 2
7 25435030 0.1468
7 25441311 0.287374275449372
7 25442158 1.4457
7 25449717 1.30952080311531
7 25486040 2
7 25493880 3.0702
7 25496806 2
7 25515029 2
7 25534158 2
7 25537117 2
7 25539984 2
7 25546003 0.526937241185672
7 25546141 0.622196920482054
7 25553604 0.487996512801984
7 25568366 0.0464
7 25573532 0.446855970887275
7 25581959 2
7 25582079 2
7 25584387 1.54728377330525
7 25588496 2
7 25592573 0.9695
7 25594431 2
7 25615787 0.35707827947766
7 25626119 2
7 25626234 2
7 25633456 1.0812
7 25635664 2
7 25652433 2
7 25653269 2
7 25653571 2
7 25656992 2
7 25661976 2
7 25667535 2
7 25669839 0.4982
7 25670587 2.0504
7 25697462 1.62046169018941
7 25699812 0.4982
7 25703701 0.4982
7 25704308 2
7 25711193 2
7 25717641 2
7 25722427 2
7 25727409 2
7 25730286 2
7 25743870 2.0288
7 25753046 2
7 25755446 1.3622
7 25758913 2
7 25768407 0.1351
7 25778133 2
7 25790942 2
7 25816675 0.84970255006039
7 25826944 5e-04
7 25826954 0.0263
7 25827115 2
7 25830820 2
7 25848447 2
7 25850101 2
7 25850440 2
7 25866629 2
7 25883227 1.4348068310016
7 25900401 0.413160627246077
7 25927784 2
7 25929674 2
7 25944308 2
7 25955707 0.295631876906404
7 25969384 2
7 25990546 2
7 25997104 2
7 26008392 2
7 26037016 2
7 26060390 2
7 26097408 0.983199426406431
7 26103554 2
7 26107599 1.28902200339323
7 26107929 0.435435358640376
7 26113785 1.74985436438411
7 26155974 0.302963959631294
7 26169116 1.03728229046561
7 26284382 1e-04
7 26299747 2
7 26301387 1.0274291279796
7 26334378 2
7 26354677 0.2383
7 26354699 2
7 26357619 0.150607277877579
7 26363954 0.526617371680175
7 26365733 1.69889057104923
7 26392939 0.699546328825382
7 26416150 0.284365245792722
7 26417256 0.0354277210299109
7 26437874 1.2578
7 26438924 0.3088
7 26442857 0.606795901243596
7 26443749 0.584141401481105
7 26469594 2
7 26478076 0.7247
7 26484748 1.48495138663435
7 26485272 2
7 26513770 0.494484381158395
7 26522185 2
7 26526241 1.27075057507187
7 26527723 0.145007090977738
7 26527875 0.1483
7 26532289 2
7 26542177 0.1847
7 26542913 1.5532882450017
7 26547780 1.37691331940987
7 26548016 0.740095268791743
7 26552998 2
7 26554427 0.00250656648273901
7 26557469 2
7 26559598 0.1124
7 26573939 0.5085
7 26575317 0.5685
7 26578289 0.3658
7 26582889 2
7 26587686 2
7 26589279 0.571436911651246
7 26598045 2
7 26599721 1.5375
7 26600525 1.2713293068814
7 26602451 0.6368
7 26608456 1.5463
7 26612722 2
7 26618071 0.902468724293117
7 26623686 2
7 26624657 0.52880246576092
7 26630559 0.507599573295106
7 26639635 0.261139417182983
7 26652668 2
7 26660856 0.771554095610896
7 26677908 0.345879522015645
7 26680205 1.08443821825791
7 26695219 0.493297388029237
7 26740152 0.0795
7 26745397 0.3098
7 26758962 0.0283
7 26761631 0.966825541238867
7 26776157 0.14762329458127
7 26781187 1.2206
7 26798978 1.2206
7 26801089 0.3329
7 26802962 0.3329
7 26808143 0.5404
7 26808331 1.2206
7 26823555 0.5404
7 26830931 0.0311061853533164
7 26841558 0.5404
7 26841683 0.5404
7 26844363 2.542
7 26846849 0.5404
7 26868779 1.175
7 26880695 1.042891120983
7 26881488 0.847412139870892
7 26944312 0.6046
7 26948705 0.132019947813443
7 26955443 2
7 26964991 0.05590558819566
7 26974821 0.3999
7 26983635 0.3805
7 27004449 0.3805
7 27047344 0.0618
7 27070768 0.0243864609928094
7 27146104 0.404623287398858
7 27149576 0.596078028777642
7 27156450 0.9272392219185
7 27174604 2
7 27196938 5e-04
7 27200863 0.529636267471075
7 27224718 0.277415487215817
7 27241685 0.0819
7 27251681 0.652361912728914
7 27283985 1.1675
7 27285365 0.153376895613251
7 27286311 2
7 27298920 2
7 27300002 2
7 27300660 2
7 27309791 0.0578
7 27325761 0.207788498262966
7 27339780 0.10967447661499
7 27347532 0.27760272200076
7 27350363 0.411908231100353
7 27354613 0.266583316596186
7 27359475 0.530046238779476
7 27365412 0.793580618456992
7 27369353 0.645855773349343
7 27372253 0.568149382535979
7 27383655 1.82844639370766
7 27390940 2.8751
7 27394152 0.0685
7 27400762 0.516405468353392
7 27406666 0.674315764657067
7 27416383 1.1176
7 27420211 2
7 27426184 2
7 27427386 1.02021166402809
7 27476699 2
7 27482190 2
7 27491043 2
7 27503496 2
7 27507465 2
7 27508159 1.02150466667369
7 27509281 0.295914965666709
7 27512021 2
7 27519599 1.3844409383649
7 27521203 2
7 27523041 2
7 27524902 2
7 27534311 2
7 27542629 0.364889436593368
7 27574201 2
7 27580000 2
7 27581025 0.665014479367473
7 27581161 1.41422266245873
7 27589946 1.16418798523888
7 27592738 0.967494012125483
7 27594146 2
7 27596061 1.23004399841409
7 27596367 1.90628482559905
7 27612613 1.2364631241348
7 27613712 2
7 27622485 0.0594497557118936
7 27623722 1.07506436412259
7 27626073 0.750934415551063
7 27626201 1.6561
7 27626203 1.6453
7 27626788 0.906690255539167
7 27650189 0.289757893991932
7 27650205 0.182242183807221
7 27658969 1.05378562502148
7 27665424 2
7 27673139 1.06720581854099
7 27676726 2
7 27682851 2
7 27682962 0.30749295122542
7 27700415 1.63791379224545
7 27734969 1.46320895104758
7 27743703 2
7 27745728 2
7 27746387 0.473881290053676
7 27750815 1.77565701028075
7 27756623 0.3382
7 27765102 0.3015
7 27780031 0.1969
7 27803915 1.33974670601237
7 27810081 0.1969
7 27852061 0.8291
7 27866765 2
7 27867308 2
7 27867545 0.8047
7 27881511 2
7 27883161 2
7 27887239 0.0076
7 27896284 0.0078
7 27900342 1.1512
7 27904661 2
7 27904917 0.55776774837166
7 27913010 2
7 27919131 2
7 27943014 2
7 27964059 2
7 27972839 2
7 28011783 2
7 28044661 1.10339605503073
7 28053975 1.77391945127842
7 28055685 2
7 28058705 2
7 28083358 0.632043335723872
7 28110483 0.384286801348738
7 28110609 0.737988972435337
7 28110615 0.50935425036238
7 28118045 2.5655370846947
7 28120531 2
7 28132395 2
7 28140083 2
7 28147796 0.0866
7 28167049 1.0399
7 28198899 2
7 28227758 5e-04
7 28227793 5e-04
7 28233453 2
7 28239869 2
7 28245691 0.482865212118387
7 28245908 0.0397091417958217
7 28254622 2
7 28255685 2
7 28260103 0.485486343285283
7 28283057 2
7 28283630 0.197636201583372
7 28288636 1.72956247960879
7 28288744 0.627795743725374
7 28301203 0.400872466010385
7 28306553 4.0197
7 28315870 1.94825084167911
7 28328474 0.176000626906754
7 28334175 1.4236
7 28341664 2
7 28348416 1e-04
7 28354095 0.828832369200626
7 28356448 0.320849971433503
7 28360541 0.3412
7 28360897 1.25715122486332
7 28361070 0.393418820211084
7 28371840 1.28813730241155
7 28382904 2
7 28406454 2
7 28407545 1.14205080201017
7 28415614 0.223014412718861
7 28421856 2
7 28421916 2
7 28441483 2
7 28455633 1.86182317814739
7 28459605 2
7 28461128 2
7 28468618 2
7 28472009 0.458433099587202
7 28475007 2
7 28477454 2
7 28484449 2
7 28495368 0.0078
7 28505204 2
7 28512655 0.528845450630953
7 28515756 0.367456784274954
7 28516218 0.259473722045931
7 28518735 1.16172077447153
7 28525423 1.1106
7 28536075 2
7 28546948 2
7 28560955 2e-04
7 28561005 5e-04
7 28561463 0.1073
7 28562089 0.1507
7 28563726 0.1073
7 28568696 2.5227
7 28575581 1.8330642938764
7 28594021 2
7 28594626 2
7 28605785 0
7 28612868 2
7 28615691 2
7 28629092 1.1667
7 28632927 2
7 28635243 0.9106
7 28644801 1.07842196594306
7 28650210 1.7917
7 28658223 0.6716
7 28664768 2
7 28667151 0.6905
7 28667196 0.7098
7 28668456 2
7 28671803 0.6905
7 28676138 0.6018
7 28680796 2
7 28687539 0.641661843578032
7 28717250 2
7 28725532 1.9956
7 28746353 1.2536
7 28763811 0.171603935734347
7 28775222 1.0980047697137
7 28786256 2
7 28810553 0.0515376431098855
7 28812845 2
7 28838143 1.9474
7 28838166 2.0648
7 28851132 2
7 28853258 0.603259140025618
7 28860013 1.79656015998634
7 28886363 0.526746051529022
7 28890171 0.8725
7 28899470 0.0507
7 28911191 1.3502
7 28914296 8e-04
7 28926113 0.1198
7 28929629 0.583474407293482
7 28931351 0.715
7 28931410 1.8876407052129
7 28934559 0.219827759685861
7 28935189 1.1268
7 28958795 0.0742
7 28959581 0.78256807168041
7 28974496 2.0617
7 28975293 0.7427
7 28984672 2
7 28986641 0.83576285299228
7 28999750 0.6843
7 29005182 2
7 29009637 2
7 29011470 2
7 29041462 2.2412
7 29042094 2.2412
7 29042681 1.57996419918483
7 29048189 0.5253
7 29049016 0.4982
7 29055007 0.4848
7 29058720 0.4006
7 29064328 0.0572146023748863
7 29068414 0.7834
7 29071477 2
7 29094419 0.8557
7 29096953 1.9887
7 29119312 2
7 29123719 2
7 29128186 2
7 29146326 1.2776
7 29151010 2
7 29153070 2
7 29184928 2
7 29185707 2.0608
7 29186202 2
7 29195635 0.7116
7 29215258 1.0221
7 29242721 0.9371
7 29243010 0.8816
7 29245479 0.6909
7 29247378 2
7 29253479 2
7 29254613 1.3822
7 29260282 0.508825878031601
7 29268497 3.1166
7 29275452 2
7 29276175 0.72313735022447
7 29279081 0.9642
7 29281904 5e-04
7 29289464 0.429918122129955
7 29292166 0.472948308656713
7 29311958 0.846024484851996
7 29317117 0.194222307250446
7 29333222 1.65904300396575
7 29344763 0.7347
7 29347574 0.7347
7 29352539 0.7347
7 29363910 0.1104
7 29369980 1.13411575225558
7 29388496 0.0386
7 29389638 0.0386
7 29412621 2
7 29419016 0.849
7 29424933 0.0852204277722334
7 29427409 2
7 29445944 2
7 29448894 2
7 29450032 2
7 29460817 2
7 29467140 1.272
7 29472073 2
7 29472299 2
7 29473779 2
7 29491420 1.30188700375707
7 29507147 0.2645
7 29509720 0.176439520066746
7 29512287 0.796944591299244
7 29513239 2
7 29513418 2
7 29517456 2
7 29522524 2
7 29527058 1.47271696998732
7 29528301 0.843428420571619
7 29529957 0.0158
7 29530578 1.29830550412602
7 29533310 1.64967602122635
7 29534356 0.0338713762989433
7 29535584 0.531254471727995
7 29538750 2
7 29541037 6e-04
7 29545571 0.054514109914247
7 29545837 0.572438765193041
7 29554513 1.1192
7 29558686 2
7 29566809 2
7 29573299 0.204867657615527
7 29575216 2
7 29576490 1.432
7 29619949 2
7 29622174 2
7 29624656 2
7 29632005 2
7 29636682 2
7 29645206 1e-04
7 29657637 2
7 29663387 2
7 29669973 1.6459
7 29672648 0.6762
7 29682859 2
7 29685552 2
7 29702399 0.8518
7 29706321 0.0078
7 29736432 2
7 29743506 2
7 29752829 0.859841061617463
7 29764528 1.73210334913816
7 29765745 0.0252076484949346
7 29768059 2
7 29788577 0.018
7 29803118 0.959180115665056
7 29807422 1.169
7 29814709 2
7 29829794 0.1385
7 29830592 0.1385
7 29838273 2
7 29847773 0.9393
7 29847983 2
7 29849617 0.0262712754775794
7 29874853 0.682
7 29881228 1.1303
7 29881571 0.7986079198732
7 29881744 0.527261217313481
7 29896606 0.1605
7 29897016 0.1605
7 29899778 0.6366
7 29900265 1.2325
7 29900330 0.1711
7 29900495 0.1605
7 29905310 0.1748
7 29908510 0.183
7 29922323 0.5886
7 29922666 0.3284
7 29958547 2
7 29970882 2
7 30001726 0.509
7 30011575 1.68937668353153
7 30011654 2.2073
7 30070102 0.1397
7 30076265 0.7221
7 30115713 1.02642325997961
7 30159283 2
7 30163611 2
7 30163876 0.7698
7 30172196 2
7 30172627 2
7 30193447 0.454
7 30285548 2.4175
7 30343685 1.22408014062144
7 30348793 0.135660346501416
7 30431495 2
7 30478862 2
7 30489412 2
7 30506308 0.0085
7 30507740 2.0088
7 30548901 0.0248
7 30551207 2.981
7 30566388 0.380569558767164
7 30581396 1.5974
7 30583861 5e-04
7 30586661 0.1112
7 30595045 0.1109
7 30634164 1.52158716165571
7 30649914 1.559
7 30702508 2
7 30711261 0.3047
7 30721284 2
7 30755715 2
7 30762767 0.0269
7 30762779 0.0078
7 30762787 0.324787217130188
7 30767485 0.0742
7 30775525 0.5776
7 30783443 2
7 30785613 2
7 30787635 2
7 30798745 2
7 30805873 1.7505
7 30806003 2
7 30808872 2
7 30809798 2
7 30822919 0.5776
7 30824635 0.5776
7 30825032 0.5776
7 30832976 0.7606
7 30869069 0.6323
7 30879619 2
7 30896124 1.5323
7 30921380 1.8302
7 30929043 3.25271955439105
7 30929247 0.705373882280696
7 30951609 2
7 30957472 0.412877246647581
7 30960485 2
7 30963298 3.52685468075677
7 30985248 5e-04
7 30994354 1.026
7 30994523 1.026
7 30999560 0.457
7 31003827 1.40892007201603
7 31014630 0.5548
7 31037826 0.642194211995889
7 31061167 0.6587
7 31063350 1.00957099507342
7 31065420 0.0078
7 31076486 1.4237
7 31076514 0.614188073567826
7 31097210 2
7 31117586 0.901342777359513
7 31124115 0.447832873195186
7 31124747 1.41898016629583
7 31128839 2
7 31130206 1.3386
7 31137116 0.1235
7 31139739 2
7 31153507 1.5436264196573
7 31154529 2
7 31169169 1.54383626303632
7 31195012 0.4362
7 31203609 0.1735
7 31208608 0.4362
7 31213282 0.284188439820926
7 31219791 0.026915212220592
7 31219901 0.855
7 31232469 0.1489
7 31235893 2
7 31245015 0.1231
7 31252433 1.3342
7 31253286 0.1168
7 31260188 0.1156
7 31262953 0.1404
7 31275967 2
7 31280336 2
7 31291453 1.8317
7 31293298 2
7 31294333 2
7 31295396 2
7 31301693 0.5458
7 31303479 0.5458
7 31307285 2
7 31307549 0.658280005708155
7 31316539 2
7 31319820 1.63753437460878
7 31332565 2
7 31337173 2
7 31374584 2
7 31395393 1.4648
7 31398996 1.1923
7 31401234 0.7809
7 31406487 1.2374
7 31406603 0.696999793450599
7 31420045 1.0786
7 31446752 0.187963873279459
7 31460253 0.224399574779907
7 31470715 2
7 31478284 2
7 31478368 2
7 31482459 2
7 31486915 0.494
7 31500367 2
7 31503017 2
7 31509395 2.1669
7 31517094 2
7 31517816 1.34592004885443
7 31525667 0.494
7 31525895 2
7 31531287 2
7 31531598 2
7 31537062 0.108648966731419
7 31548004 2
7 31548067 3.1268
7 31557045 2
7 31561459 2
7 31573873 1.037
7 31578923 1.58470014431995
7 31583602 0.379647250621027
7 31596342 0.940796697142555
7 31615752 0.7882
7 31617492 2
7 31622302 2
7 31623454 2
7 31631449 2
7 31636726 0.016
7 31637911 2
7 31639405 0.206373645157435
7 31639986 1.15964932766952
7 31640629 2
7 31645990 0.588802336929746
7 31656531 0.10251273869695
7 31667464 2.9344
7 31667532 2.9344
7 31668847 0.0133487680863498
7 31677912 1.35144025542806
7 31683546 0.986540126166254
7 31686851 0.0728
7 31695649 2
7 31754293 2
7 31755572 2
7 31763443 0.9874
7 31764130 2
7 31774524 2
7 31774800 0.9874
7 31776295 2.1722
7 31777443 1.4054
7 31782347 0.1308
7 31802387 1.6801
7 31804545 0.6399
7 31809686 1.718
7 31812420 2.0081
7 31815964 0.0106
7 31828024 0.643052668716123
7 31835553 0.875478687273047
7 31836777 2
7 31865397 2
7 31869983 2
7 31871685 1.11896644518931
7 31883476 2
7 31907621 0.382145279762263
7 31908193 0
7 31913641 0
7 31915036 0.631253631494295
7 31918401 2
7 31966638 0.3032
7 31975317 2
7 31979379 2
7 31981787 2
7 31991898 2
7 31992037 0.90032951461467
7 31999390 2
7 32003352 2
7 32014150 3.0702
7 32018165 2
7 32023616 2
7 32034226 2
7 32044468 5e-04
7 32057146 2
7 32082533 2
7 32082965 2
7 32086208 2
7 32087249 2
7 32087865 2
7 32093812 2
7 32109391 2
7 32112806 0
7 32123069 0.1756
7 32136317 2
7 32143378 0.635183260354388
7 32147094 0.9373
7 32157534 1.63629911973574
7 32159703 5e-04
7 32160827 2
7 32179375 0.732468001496036
7 32183166 0.7862
7 32186592 2
7 32203748 2
7 32232050 0.2805
7 32250061 1.955
7 32255563 1.2718
7 32271163 5e-04
7 32273229 0.7897
7 32282884 0.6053
7 32283488 1.1209
7 32297957 3.24934116789021
7 32298944 1.65349506217645
7 32300733 1.0789
7 32312198 0.518398159526033
7 32319877 1.3185
7 32324668 1.0789
7 32326871 0.8386
7 32328912 1.35216146036645
7 32329536 0.904606681270616
7 32329941 0.6299
7 32345899 0.214343215758622
7 32348131 0.352331998123274
7 32348870 0.668170399689439
7 32353553 2
7 32356919 0.0078
7 32357060 1.4339
7 32358544 0.8075
7 32360046 1.56129672354977
7 32369239 0.0106
7 32406705 0.135954823389883
7 32411279 1.5875
7 32415666 1.5778
7 32420144 3e-04
7 32449313 0.0078
7 32456391 2
7 32458921 2
7 32470395 0.736174971297217
7 32478093 2
7 32481357 1.5287
7 32485951 0.197933177431906
7 32486019 0.4562
7 32496308 1.0218
7 32504018 0.523683895177101
7 32505265 2
7 32508134 1.5152
7 32508435 2
7 32510417 0.433602429449072
7 32513757 2
7 32516350 0.0263
7 32536386 0.183635857640163
7 32536537 1.1421
7 32539279 1.0218
7 32542640 2
7 32545106 2.02734247915436
7 32564321 0.0540944299066306
7 32566177 1.01028045604173
7 32569585 0.463595823826356
7 32573408 1.26072715754166
7 32590480 2
7 32595601 2
7 32595918 0.115369861342372
7 32607055 2
7 32611038 0.737492972557227
7 32624349 0.611703879972913
7 32624912 0.0358537795720624
7 32625919 2
7 32632015 1.25079193015855
7 32643893 1.7251822895444
7 32646301 1.5287
7 32667908 0.575722308819679
7 32675182 1.5287
7 32678729 2
7 32680543 0.393881562270214
7 32688046 0.6929
7 32692773 0.6929
7 32694238 2.03645749800488
7 32701018 0.7258
7 32709648 0.35263753612013
7 32714644 0.0901035024269644
7 32729180 1.5287
7 32729325 0.670868284448256
7 32731064 0
7 32745115 0.6929
7 32753321 1.32917390244409
7 32764625 0
7 32766744 0.744091504105496
7 32771178 0.6929
7 32771488 0.7663
7 32776116 0.0053
7 32778130 1.5356
7 32778553 2
7 32778572 0.6929
7 32785020 0.6763
7 32786185 0.8576
7 32789794 0.694944004909305
7 32790151 0.511820789940504
7 32794287 2
7 32801320 0.8446
7 32804680 0.940029766449677
7 32807822 2
7 32808710 0.730535337674989
7 32812408 0
7 32816005 2
7 32837005 0.3077
7 32842758 0
7 32857355 2
7 32882219 1.430848226501
7 32889039 2.9344
7 32889817 2
7 32895827 0.421294204772817
7 32907550 3.0702
7 32932158 0.0325
7 32936398 1.533
7 32957417 0.5454
7 32959456 0.342538277711677
7 32965845 0.32637462571178
7 32973792 0.644406916282055
7 32988875 0.5239
7 32991000 0.0127
7 33003226 2
7 33012409 0.1836
7 33016530 0.1907
7 33022433 0.242785532977754
7 33029244 0.2193
7 33031593 0.1543
7 33036571 2.0064
7 33039086 0.1907
7 33041902 0.2003
7 33046935 2
7 33048893 0.7809
7 33054353 1.33285468558373
7 33066427 0.1836
7 33084393 0.1543
7 33086987 2
7 33099263 2
7 33101601 2
7 33107425 2
7 33113870 0.1482
7 33120907 2
7 33122175 2
7 33124402 0.1502
7 33124646 2
7 33129646 2
7 33131498 2
7 33143503 2
7 33144515 2
7 33147314 2
7 33151691 2
7 33158001 0.1137
7 33169871 0.4814
7 33171438 2
7 33175082 0.0053
7 33178702 2
7 33180249 0.1007
7 33188100 2.97037004777332
7 33193421 1e-04
7 33201360 2
7 33202384 2
7 33214418 1.3095
7 33216817 2
7 33219413 2
7 33219711 2
7 33219712 2
7 33227301 2
7 33227552 1.9118
7 33233336 0.1375
7 33247487 2.2
7 33261461 1.2609
7 33264236 2.2
7 33274397 2.0504
7 33284492 0.7425
7 33290476 0.1375
7 33301515 5e-04
7 33303530 0.4805
7 33303998 2.2
7 33304478 0.1375
7 33349101 2
7 33350255 2.1722
7 33369711 2
7 33403904 0.466071408577374
7 33405521 0.0078
7 33409260 0.6116
7 33410888 0.1308
7 33450864 2
7 33470437 0.2253
7 33492761 2
7 33536866 1.2631
7 33537855 1.3108
7 33539236 2
7 33542701 0.3976
7 33542731 2
7 33550410 1.4753
7 33562808 2
7 33563951 2
7 33568050 2
7 33574827 2
7 33577448 2
7 33577834 2
7 33580490 1.4162
7 33580508 2
7 33586250 2
7 33595130 2
7 33598838 2
7 33602125 2
7 33614006 0.891726894222009
7 33616497 2
7 33621754 2
7 33623998 2
7 33632464 2
7 33658629 1.31007689580563
7 33662676 0.0274
7 33662800 2
7 33663146 1.42670867961749
7 33666679 2
7 33668675 2
7 33682229 1.32186737160867
7 33691805 2
7 33693975 1.69953971936658
7 33708940 0.9393
7 33722465 2
7 33735250 2
7 33760153 0.731651280534507
7 33779516 2
7 33787986 0.6433
7 33815084 2
7 33830732 0
7 33844703 0
7 33864496 2
7 33871756 0.0482
7 33894427 2
7 33900133 1.0933
7 33907718 5e-04
7 33915559 0.333933424569917
7 33917832 0.2849
7 33935531 0.0078
7 33942906 2
7 33959897 0.253774784276887
7 33991220 1.0852
7 34050307 1.3305
7 34062577 0.9115
7 34063385 1.21160074142072
7 34093438 2
7 34103822 2.1546
7 34110105 0.662
7 34111163 0.1334
7 34113029 0.1334
7 34113522 0.1334
7 34116115 0.662
7 34120621 0.1266
7 34121078 0.1334
7 34121624 0.6934
7 34121959 0.1613
7 34125065 0.1446
7 34130352 0.1266
7 34132382 0.6934
7 34151754 0.0526317697767821
7 34154340 2
7 34166544 2
7 34169572 2
7 34174813 2
7 34205760 0.799392942249486
7 34205862 0.941138874179055
7 34228287 0.443044710245669
7 34280234 0.0616614481332809
7 34286730 2
7 34291873 2
7 34291969 2
7 34307594 2
7 34363403 2
7 34412467 1.24501574047815
7 34421928 2
7 34422713 1.0854
7 34432179 2
7 34433001 2
7 34436378 2
7 34441254 2
7 34441679 2
7 34474373 2.5778
7 34479090 0.0383
7 34487015 5e-04
7 34500816 0.7977
7 34537134 2.412
7 34623100 0.152
7 34623682 0.152
7 34632072 0.8633
7 34632111 1.2325
7 34641819 2
7 34644689 0.1221
7 34651948 0.0783
7 34658719 0.782136736914193
7 34660442 1.1832
7 34660536 0.0073
7 34662204 0.9046
7 34665211 0.3667
7 34666794 0.8247
7 34668908 1.1824
7 34669331 1.1824
7 34669420 1.1824
7 34671898 0.0073
7 34677197 0.8247
7 34678619 0.577503414833783
7 34684274 1.2325
7 34685499 0.0078
7 34701220 0.2229
7 34720596 1.0198
7 34724592 2
7 34745534 2.3299
7 34752240 0.0487
7 34790719 5e-04
7 34792447 1.3337
7 34792639 5e-04
7 34809448 2
7 34820194 2
7 34834133 2
7 34836643 0.0762
7 34837422 2
7 34841381 2
7 34879131 2
7 34879576 2
7 34884563 2
7 34891527 2
7 34892532 1.3398
7 34900203 1.5817
7 34900843 0.253566725980385
7 34914069 2
7 34916384 0.2496
7 34919330 0.0872
7 34922505 2
7 34933328 0.0998
7 34934990 2
7 34942066 2
7 34942941 2
7 34976775 2
7 34982880 2
7 34984426 2
7 34991307 2
7 34994661 2
7 35012128 2
7 35012950 2
7 35016219 2
7 35018565 2
7 35027117 0.0998
7 35039131 0.0872
7 35040796 0.0872
7 35046150 1.8527
7 35074331 2
7 35074495 2.8855
7 35098509 0.4345
7 35191768 0.5645
7 35225353 0.5101
7 35227410 2
7 35237462 2
7 35242072 2
7 35247689 2
7 35256169 2
7 35257052 2
7 35263315 1.19
7 35264458 1.19
7 35268325 1.1534
7 35273137 1.1534
7 35299109 1.2074
7 35319014 0.793
7 35327628 0.793
7 35327864 0.0712697352008409
7 35332928 0.863629698617467
7 35337854 1.30500186525086
7 35356348 0.363912464091135
7 35358886 2
7 35364553 2
7 35376722 2
7 35400377 2
7 35402391 2
7 35402875 2
7 35406761 2
7 35412220 0.3744
7 35418922 2
7 35449159 0.748256772408758
7 35450545 2
7 35451922 0.64743016813806
7 35453993 0.649985337997766
7 35454403 0.398155136666977
7 35461688 2
7 35467180 0.844919075790854
7 35507051 2
7 35508728 2
7 35522813 2.5353
7 35537805 2.5353
7 35555997 2
7 35556650 2
7 35557067 2
7 35559981 0.603590469706848
7 35562706 2
7 35564794 2
7 35565751 2
7 35566359 2
7 35566650 0.1522
7 35567623 2
7 35570153 2
7 35579761 0.1899
7 35594681 0.5544
7 35602226 0.99797914159692
7 35618592 0.9796
7 35618932 0.6834
7 35632420 2
7 35649120 0.121
7 35665346 0.3904
7 35667821 0.121
7 35674410 0
7 35674543 5e-04
7 35684315 0.121
7 35686361 0.492140089869487
7 35699737 1.1147
7 35711792 0.121
7 35725851 1.0609
7 35731382 1.0305
7 35733339 1.0305
7 35761320 0.753
7 35819521 0.1993
7 35827321 3.1249
7 35838347 4e-04
7 35860494 0.7718
7 35881145 0.7718
7 35884283 0.5509
7 35886433 0
7 35892763 0.7718
7 35895998 1.0732
7 35899281 0.5509
7 35917348 3.1249
7 35943966 1.189960007179
7 35944086 0.885586464009252
7 35945103 5e-04
7 35945104 5e-04
7 36010894 0.2184903316737
7 36027856 1.05326414578875
7 36030236 0.0664720768398805
7 36030818 0.680173826569774
7 36033711 0.970793010732252
7 36037639 2
7 36041582 1.3438
7 36064875 1.0192
7 36065998 1.7015
7 36071599 2.9933
7 36083650 2
7 36090261 2
7 36104843 1.05392005994041
7 36106447 2
7 36111128 2
7 36117880 0.8565
7 36138764 0.608200695105498
7 36148368 2
7 36157905 1.11128778285197
7 36158001 2.6878309039697
7 36161455 0.641436065110043
7 36168779 0.565479452316896
7 36169995 2
7 36170380 0.2137
7 36170685 2
7 36175630 1.7209
7 36179830 0.5692
7 36180197 0.6475
7 36183484 0.0718306174419113
7 36190327 0.486563408360765
7 36190710 0.0263
7 36194134 1.0468
7 36197087 2
7 36218399 0.156419774945963
7 36221115 1.25721907570226
7 36241087 2
7 36244789 0.579279738992046
7 36244891 2
7 36247122 2
7 36262932 0.9434
7 36279398 2
7 36280605 2
7 36290425 2
7 36297359 2
7 36300525 1.5411336039868
7 36308025 0.0866
7 36317756 0.82337953755363
7 36322561 2
7 36370356 2
7 36386715 2
7 36392729 0
7 36400236 0.0162
7 36403908 2
7 36406247 0.435364593690151
7 36433463 0.9199
7 36443604 0.733068529587898
7 36466659 2
7 36486960 0
7 36487489 2
7 36495662 2
7 36506747 2
7 36507350 0.2006
7 36508281 2
7 36515562 1.5996
7 36522638 1.8102
7 36530666 2.859
7 36537976 1.04697863530455
7 36547668 2
7 36581931 0.3699
7 36585422 1.3371
7 36585525 1.3438
7 36590969 1.00543344168123
7 36591011 2.58113203585933
7 36591069 2
7 36596843 2
7 36610239 2
7 36621124 1.1093
7 36621362 2
7 36642761 2
7 36647393 0.4991
7 36649874 0.997841575782033
7 36652580 0.53027257330709
7 36654146 0.371638179465525
7 36655949 0.60046444656916
7 36661387 0.6903
7 36663782 0.3022
7 36668547 0.5445
7 36669348 0.3022
7 36682864 1.19448762360616
7 36690379 2
7 36702304 2
7 36708078 2
7 36712248 2
7 36714428 2
7 36716399 2
7 36717614 2
7 36721019 1.1724
7 36728060 0.273622470178934
7 36742528 1.1503
7 36758114 2e-04
7 36761491 2
7 36766831 2
7 36781636 0.0712
7 36788270 2
7 36793655 2
7 36795259 2
7 36795923 1.3076
7 36799731 2
7 36804383 2
7 36808948 2
7 36811549 2
7 36812763 2
7 36814025 0.3805
7 36815901 2.2299
7 36817606 2
7 36824732 2
7 36828923 2
7 36835745 0.0078
7 36840144 0.3701
7 36845635 2
7 36857345 2
7 36875046 1.40353906419697
7 36879075 2
7 36883220 2.29648481431696
7 36884096 0.042
7 36899372 0.349717026879605
7 36899732 0.376992317393653
7 36901816 2
7 36913174 0.130835043646377
7 36924454 1.30607859715099
7 36926505 2
7 36933889 1.0339012743749
7 36945807 1.1272
7 36965005 2.4029
7 37016684 0.5219
7 37020553 0.5219
7 37069744 0.9222
7 37110333 1.7962
7 37120397 0.5643
7 37120597 2.0367
7 37136685 1.2821
7 37140618 0.1149
7 37143942 2
7 37152246 1.7588
7 37159964 0.30145165931592
7 37163343 0
7 37163729 0.7837
7 37164064 1.17647779493802
7 37165343 2
7 37166038 0.6339
7 37168108 1.11587150683577
7 37172699 0.811180834758592
7 37173671 1.11145117687541
7 37178141 2
7 37182460 2
7 37186721 0.8718
7 37188336 0.8718
7 37192348 0.8407
7 37215439 5e-04
7 37216225 2
7 37219488 2
7 37226758 1.8272
7 37241384 1.8599
7 37247015 2.7548
7 37247508 2.7548
7 37255896 2
7 37267200 2
7 37286487 2
7 37288222 2
7 37288891 2
7 37292736 2
7 37293021 0.2362
7 37299405 7e-04
7 37302002 0.0431
7 37324941 2
7 37327803 2
7 37336878 0.812183808785854
7 37337568 0.469095868864134
7 37340728 2
7 37341616 2
7 37342861 1.4519
7 37345480 1.07
7 37347532 0.0078
7 37348940 2
7 37356699 0.532856154368005
7 37358252 2
7 37365251 2
7 37381466 2
7 37383855 2
7 37385929 2
7 37402548 2.90896787669018
7 37406694 1.6786
7 37408602 1.6931
7 37412886 0.3771
7 37414151 0.976854692909272
7 37429286 2
7 37436265 0.9941
7 37436826 1.1672
7 37438260 0.198951256656262
7 37440441 2
7 37476462 1.41397805347219
7 37492435 1.14093990135234
7 37495761 1.77643049909485
7 37501364 0.326325544051192
7 37529813 2
7 37537721 2
7 37542748 0.494727396147374
7 37560533 2
7 37572704 2.14542987711023
7 37576066 1.7766
7 37585329 1.7967
7 37626246 1.1996872156273
7 37636225 2
7 37643682 0.0573154360798681
7 37662466 2
7 37673984 5e-04
7 37686443 2
7 37689720 2
7 37690294 2
7 37690458 2
7 37707601 2
7 37722537 0.225936377334555
7 37729617 2
7 37731616 2
7 37738537 2
7 37751463 5e-04
7 37755335 0.0882596705345958
7 37790456 2
7 37804138 2
7 37825345 0.3416
7 37835346 0.589628452141326
7 37844815 1.87430856291514
7 37848572 2
7 37852640 0.373835047167064
7 37863153 2.5866
7 37867702 2
7 37875978 2
7 37878002 2
7 37879110 2
7 37883496 2
7 37883917 2
7 37902377 1.14800167456861
7 37905144 2
7 37911679 0.6737
7 37912744 0.0292
7 37919265 0.135220183260558
7 37925363 2
7 37925563 2
7 37928800 0.699337661014597
7 37943520 0.236511887242993
7 37953735 0.533794585288458
7 37956416 0.432648241969658
7 37964040 0.00698769122128363
7 37965251 0.965090064753587
7 37982155 2
7 38025870 2
7 38036342 2
7 38044236 2
7 38061867 0.519716293160192
7 38071902 1.38412427840281
7 38072196 2
7 38074682 2
7 38078798 2
7 38079044 2
7 38087145 2
7 38113321 2
7 38114488 2.5345
7 38124437 0.153753610596771
7 38124477 0.0231
7 38135541 1.0286
7 38140924 2
7 38142466 2
7 38144039 2
7 38145361 2
7 38153984 2
7 38174366 2
7 38178864 0.088171450268215
7 38201692 2.01515507104191
7 38204970 0.591714044818862
7 38214322 0.6962
7 38222731 0.778095716798665
7 38241142 2.7837
7 38245493 1.60558594311929
7 38245617 0.0959048600562744
7 38251154 2.71096604579763
7 38256793 2.7548
7 38256829 1.1635
7 38257167 0.2023
7 38257374 2
7 38262865 2
7 38270659 2
7 38271088 2
7 38276019 2
7 38277168 2
7 38292080 5e-04
7 38311081 0.4643
7 38322398 2
7 38327176 2
7 38327822 0.50771135181702
7 38328770 2
7 38332772 0.717452838929829
7 38338253 0.715
7 38348731 5e-04
7 38349176 2
7 38349250 0.2286
7 38352653 2
7 38355230 0.2399
7 38358963 2
7 38365206 2
7 38385062 2
7 38390517 0.896460599393266
7 38391835 2
7 38406730 4e-04
7 38435150 2
7 38435261 1.8869
7 38436986 2.0133
7 38440059 2
7 38441041 2
7 38444480 2.0133
7 38444765 0.8493
7 38446529 2.0133
7 38449132 2.0133
7 38451574 2.0133
7 38453977 2
7 38456391 2.0328
7 38462900 1.8869
7 38494809 2
7 38510006 2
7 38526621 2.24349983280565
7 38548894 2
7 38563367 0.374157749416868
7 38566637 0.0203787037822103
7 38567328 0.284680776534584
7 38574881 0.15347183917917
7 38579581 2
7 38581383 0.152099409161043
7 38589802 1.19080814363619
7 38591436 1.31196992125093
7 38598743 1.09768826305254
7 38602538 1.0508
7 38605340 2
7 38610327 0
7 38610703 2
7 38614632 0.798940457010942
7 38624599 0.00497397460308086
7 38642769 2
7 38645048 1.6996
7 38665400 2
7 38676160 2
7 38678297 2
7 38685557 0.691723552533584
7 38700217 0.675099643512399
7 38703847 0.0769580068791607
7 38713105 0.587640134058912
7 38720566 5e-04
7 38723460 0.391463522951408
7 38725027 5e-04
7 38739697 0.682968726407125
7 38747018 0.872456130941408
7 38749567 0.548607955300283
7 38750036 1.56147972127972
7 38752934 0.311914640120609
7 38759370 1.24317008714078
7 38771280 0.5974
7 38773990 0.0561
7 38776887 0.4542
7 38777711 0.4542
7 38804175 0.0709
7 38821037 2
7 38830844 0.4542
7 38836683 0.0709
7 38891658 0.4773
7 38899987 1.4455050830541
7 38912995 1.06569441528986
7 38915240 0.895636907617232
7 38926747 0.76978094867762
7 38955938 2
7 38959550 2
7 38959661 2
7 38976935 2
7 38990953 2
7 38993227 1.1277
7 39013249 2
7 39015237 2
7 39017526 0.5989
7 39019190 0.8431
7 39025649 0.5989
7 39031710 2
7 39043066 0.8431
7 39051158 0.225496772525752
7 39057420 0.562083614495187
7 39061726 1.814
7 39066630 0.78956169787689
7 39071229 2
7 39078164 0.898733802285649
7 39103807 0.0175103564517184
7 39104041 0.5727
7 39107296 0.806454544276125
7 39134687 0.616278269478503
7 39136576 1.94542059852109
7 39202484 0.715676700446822
7 39202909 0.321822244672532
7 39205805 0.471
7 39228596 2
7 39230866 2
7 39253434 0.0176493528237173
7 39264635 2
7 39266995 0.8588
7 39267241 0.2332
7 39267423 0.8588
7 39271126 2
7 39271268 0.163
7 39279462 2
7 39283860 2
7 39293617 1.5251
7 39303247 2
7 39309663 0.642210068873177
7 39311089 1.5612
7 39311465 1.0399511976249
7 39321892 0.765885200445197
7 39336669 0.535033949426586
7 39339726 0.7539
7 39340099 1.1206
7 39352249 0.429985200844093
7 39353101 0.311957960232295
7 39366801 0.7539
7 39397586 0.6715
7 39419064 5e-04
7 39433247 0.816
7 39436034 0.4967
7 39436700 0.4967
7 39437491 0.4967
7 39440675 0.4967
7 39446779 0.5191
7 39448649 0.5191
7 39449366 5e-04
7 39458050 0.5191
7 39462241 0.0505
7 39475473 1.49501387849771
7 39475978 0.271443246595804
7 39500116 2
7 39503445 2
7 39507104 1.6518
7 39507124 1.6518
7 39514211 2
7 39518404 2
7 39521967 0.0064
7 39525248 0.558824493046655
7 39525992 2
7 39528327 1.13469957225697
7 39540083 0.490700756962502
7 39561410 0
7 39564563 0.315248627866127
7 39582233 2
7 39582903 2
7 39594679 2
7 39609378 2
7 39638317 2.1912
7 39671026 0.616093935964321
7 39676279 2
7 39689541 1.27635332601698
7 39699361 0.59638686363137
7 39705075 2
7 39708517 0.520242162201429
7 39713196 1.0257
7 39738239 5e-04
7 39741253 5e-04
7 39789332 2
7 39808554 2
7 39811876 2
7 39813021 1.1597381077465
7 39816755 2
7 39818199 2
7 39826352 2
7 39828062 0.906496531885099
7 39837379 2
7 39868277 1.60117020449119
7 39879449 0.522489060109126
7 39891305 1.5084
7 39896090 2
7 39908903 2
7 39924730 1.12750777456164
7 39926734 2
7 39933680 2.1196
7 39933747 2.3318
7 39965752 2
7 39967392 0
7 39980993 2
7 39982049 0
7 39982162 1.6645
7 40005636 1.21528481186102
7 40028251 2
7 40059188 2
7 40059539 2
7 40079729 1.195
7 40087735 2
7 40137153 2
7 40157569 0.321002290903235
7 40168579 2
7 40199651 2
7 40219954 2
7 40245681 0
7 40250265 0.38943278195811
7 40262481 0.0270704571505628
7 40263024 0.657709594525435
7 40270084 2
7 40272113 5e-04
7 40286824 0
7 40312316 2
7 40332443 0.793188487094641
7 40344895 2
7 40379631 0
7 40437761 0.536227564112992
7 40457215 0.597537655414365
7 40465124 2
7 40466068 0.471583265117895
7 40469519 0.189815934464065
7 40495659 2.4988
7 40512424 2
7 40550995 0.0912596341368822
7 40555519 2.1379
7 40609484 2
7 40641377 2
7 40642197 2
7 40666306 0.729048174641863
7 40667026 0.599144721704311
7 40671367 0.117014228874284
7 40712767 0.126866332054496
7 40726165 2
7 40733992 2
7 40758436 3.1244
7 40761832 3.1244
7 40788363 2
7 40835904 0.5288
7 40860631 3.1244
7 40872172 2
7 40884765 1.9244
7 40904786 2
7 40914155 0.2201
7 40931099 1.25257712354077
7 40939358 0.264791439300616
7 40949397 0.2332
7 40951203 2
7 40957352 0.2332
7 40958747 0.2332
7 40963586 0.2332
7 40965208 2
7 40968273 0.0282172255894337
7 40968941 0.2332
7 40974849 2
7 40976163 2
7 40983823 1.24527264612072
7 40987042 2
7 41004804 0.394816558904731
7 41019063 2
7 41032232 2
7 41046521 1.4707
7 41061889 1.5048
7 41067646 1.4769
7 41075596 0.786498385972089
7 41076939 0.109654862291114
7 41078186 0.0586660809799686
7 41100914 2
7 41101670 0.706504512233538
7 41109022 1.84953259912736
7 41148917 2
7 41152269 2.2178
7 41154491 2
7 41160776 0.547942356042935
7 41167406 2
7 41170556 2.3702
7 41184236 0.194126453910222
7 41189757 2
7 41232438 2
7 41239186 2
7 41242745 0.138073540840999
7 41246727 0.718741334313791
7 41249419 2.24936645514204
7 41253133 2.4638149359356
7 41256634 2.3702
7 41258417 0.778087295637835
7 41260482 0.0078
7 41285537 2
7 41303926 2
7 41317404 2
7 41318518 2
7 41322493 2
7 41332624 2
7 41334430 0.0078
7 41336508 2
7 41347692 2
7 41355077 2
7 41362014 2
7 41364399 0.0443
7 41368934 4e-04
7 41383263 0.161860472939135
7 41392407 0.0830290013212352
7 41399352 0.210341018919996
7 41404336 0.151856634825477
7 41408033 2.68
7 41416475 0.0482
7 41429051 2
7 41440338 2
7 41449716 2
7 41464636 2
7 41469282 2
7 41470620 2
7 41471133 1.2154
7 41474242 0.368910591750893
7 41480214 0.419796499456285
7 41514099 0.507097764328476
7 41527093 5e-04
7 41538583 0.3711
7 41552224 2
7 41562612 1e-04
7 41574563 0.0214
7 41586511 2
7 41586955 2
7 41588327 2
7 41596936 0.0214
7 41609622 2
7 41611867 2
7 41614863 0.1202
7 41619667 2
7 41674003 0.026
7 41678509 0.1407
7 41690691 1.02873608061902
7 41693546 0.0263
7 41696048 0.1407
7 41703792 1.28731656530578
7 41728507 2
7 41733188 2
7 41733434 2
7 41754313 1.1236
7 41772654 2
7 41788929 2
7 41798843 0.5355
7 41802394 1.2474
7 41806353 0.234898629304426
7 41807030 1.65648562247523
7 41853574 1.75924974638704
7 41854518 2
7 41862360 1.24740377149709
7 41871788 2
7 41930513 2
7 41932281 1.51877567961242
7 41960605 0.9737
7 41966206 2
7 41982142 0.131315074609958
7 41984579 1.59620738269426
7 41987373 2
7 42021358 0.0745
7 42027062 2
7 42037063 0.5281
7 42044177 2
7 42057428 1.20714521787867
7 42059377 2
7 42085070 2
7 42145627 2
7 42150057 0.478189354713688
7 42177428 2
7 42183801 2
7 42188956 2
7 42190017 5e-04
7 42190516 2
7 42191650 2
7 42193214 2
7 42202354 0.825300410468971
7 42203605 2
7 42210352 0.1251
7 42224752 0.424836885728375
7 42232498 2
7 42235952 2
7 42236636 2
7 42250100 2
7 42260030 2
7 42264732 2
7 42273985 2
7 42282589 1.8293
7 42284271 2
7 42300295 2
7 42302251 5e-04
7 42336206 0.014579266240518
7 42357720 2
7 42367040 2
7 42377516 2
7 42378029 2
7 42380054 2
7 42380849 2
7 42394966 2
7 42409124 2
7 42452841 2
7 42455225 2
7 42460888 0.385499530828988
7 42477270 0.7286
7 42495933 1.3611
7 42512659 0.5204
7 42515172 0.7344
7 42527820 1.3556
7 42529661 0.7344
7 42540432 0.3835
7 42558087 2
7 42570555 0.7344
7 42572222 2
7 42597896 2
7 42620371 0.0053
7 42627123 2
7 42631795 0.552969049217901
7 42656903 0.814934142584267
7 42659413 1.9261652276113
7 42673051 0.527298539155615
7 42676033 2
7 42677086 0.503216894339673
7 42706339 2
7 42722105 0.0329
7 42733757 2
7 42734108 0.2958
7 42734181 0.350313628652724
7 42736711 0.32759346919271
7 42737182 0
7 42751628 2
7 42765282 2
7 42795907 0.5214
7 42798719 0.547
7 42800936 0.547
7 42800992 0.547
7 42829491 0.0431
7 42861021 2.1918
7 42868593 2.2392
7 42873809 0
7 42875204 0.9948
7 42904547 0.068595160471231
7 42906398 0.0787
7 42920357 0.0787
7 42934741 0.0731
7 42946033 2
7 42950384 2
7 42954278 2
7 42957406 2
7 42958445 2
7 42960015 2
7 42966458 0.1023
7 42968864 0.4262
7 42974235 0.4262
7 42985675 0.3635
7 42987981 2
7 42988952 1.2865
7 43019761 0.406596458712186
7 43024384 2
7 43039873 1.3274
7 43063641 2
7 43077227 0.408787291224423
7 43090391 0.553241275588035
7 43096477 0.290529777837239
7 43101734 0.116755167582147
7 43109131 0.7256
7 43154353 0.1677
7 43165397 0.512045523535891
7 43179298 1.84
7 43179334 2
7 43183202 0.9482
7 43184020 0.0264
7 43189914 0.9482
7 43193777 2
7 43194036 1.8179
7 43194463 2
7 43194561 2
7 43196641 2
7 43200643 0.0264
7 43210469 0.0264
7 43218873 2
7 43221702 2
7 43236107 0.814646957797764
7 43244454 2
7 43245999 2
7 43262120 2
7 43290590 0.246828327244991
7 43301890 1.2035
7 43316135 0.208111336783208
7 43335970 2
7 43341014 1.19520700512664
7 43345224 0.39
7 43345803 0
7 43357651 1.71529671730214
7 43358204 0.8674
7 43363854 2
7 43372014 1.67531899032206
7 43376866 0.715639499485031
7 43385246 3e-04
7 43395001 0.0602601779874984
7 43402387 0.888415846141699
7 43403611 2
7 43403734 0.538933292143404
7 43408191 2
7 43411100 0.5818
7 43430907 0.942049509895054
7 43446814 0.1142
7 43455620 0.420547737959631
7 43461716 0.251072059773729
7 43462569 0.6018
7 43477105 0.652854942224499
7 43497154 0.73375516071443
7 43504908 0.5497
7 43516040 0.4346
7 43524543 0.072
7 43536795 1.70401934197312
7 43546090 1.40654725811714
7 43552356 1.24107671514568
7 43569368 0.3588
7 43572359 1.15762535631827
7 43585284 2
7 43593347 1.2562
7 43610776 0.8323
7 43628187 0.1375
7 43629145 0.483984472481348
7 43633794 1.5898
7 43633848 0.4534
7 43653319 0.8323
7 43653908 0.0360141725211521
7 43691433 1.85948365497335
7 43696656 2.2967
7 43715136 1.6091
7 43740670 0.8583
7 43747252 1.0334
7 43749914 0.554969833570846
7 43769966 2
7 43782253 0.0282589041784511
7 43803185 2
7 43815465 1.0334
7 43815556 2
7 43819327 2
7 43822873 0.303349071088865
7 43837645 2
7 43891176 0.9096
7 43909464 0.9096
7 43911314 0.9096
7 43924618 2
7 43927631 0.9096
7 43930354 0.9096
7 43940941 2
7 43948403 2
7 43965113 0.9096
7 43967874 0.108212330896098
7 43971570 0.374249381810005
7 43987989 0.162390135460685
7 44007467 0.154434482280702
7 44010945 0.563680680408693
7 44042995 0.6304
7 44043165 0.137
7 44053944 2.1678
7 44063357 0.8688
7 44089970 0.4
7 44118226 2.09921607894815
7 44127150 0.350961667699162
7 44138794 2.3041
7 44153805 1.0081
7 44166795 1.2914
7 44177762 1.2914
7 44187345 1.5121
7 44188298 1.5289
7 44192990 1.5289
7 44210266 0.1198
7 44211227 0.2006
7 44227377 5e-04
7 44227381 2.4084
7 44227469 0
7 44227878 5e-04
7 44241024 2
7 44243269 2
7 44254100 2.2105
7 44275129 2.6683
7 44298756 2
7 44307217 2
7 44314666 0.0946
7 44319336 2
7 44337801 2.2653
7 44354987 0.9213
7 44357755 1.4778
7 44367001 1.0186
7 44371429 1.0186
7 44379569 1.0186
7 44381890 0.9842
7 44413928 1.6714
7 44445481 1.49812774898209
7 44452041 0.9842
7 44469531 0.9213
7 44513639 0.988
7 44555462 1.8389
7 44571478 0.0412
7 44571945 1.8389
7 44573504 0.0412
7 44578194 1.8389
7 44586778 0.051
7 44590530 0.397801034764297
7 44616027 1.9108
7 44653184 1.932
7 44685035 1.7915
7 44708304 1.9768
7 44722968 0
7 44748359 1.5621
7 44759748 2
7 44768624 2
7 44779845 2
7 44801039 2
7 44802822 2
7 44806267 2
7 44808068 2
7 44837598 0.0693
7 44846070 3e-04
7 44852405 0.689602041264195
7 44856773 0.0693
7 44863077 2
7 44871083 2
7 44889113 2
7 44898806 2
7 44910930 2
7 44911040 1e-04
7 44911053 0.2175
7 44911069 0
7 44915517 0.0457081138000637
7 44931738 0.661031948868388
7 44994160 0
7 45006407 0.1071
7 45012899 2
7 45017535 0.481865076963996
7 45018063 0.1071
7 45019640 0.1071
7 45043605 2
7 45068269 1.04957461486493
7 45073571 0.252352220690108
7 45074625 0.0624820725728844
7 45076174 0.35057398466335
7 45080237 1.01522706911398
7 45091325 0.67566976007268
7 45102546 0.052891712836169
7 45109068 2
7 45120549 0.246383058758985
7 45123078 2
7 45125517 1.02228558994552
7 45127926 0.9263
7 45138597 0.9838
7 45140399 0.232977545747423
7 45141994 1.21389553306648
7 45152072 0.2197
7 45153011 0.707716760043008
7 45158667 0.763696942247591
7 45162467 1.5233
7 45168472 0.9483
7 45169546 0.9483
7 45170296 0.9483
7 45177001 1.1257
7 45182205 1.10292518889614
7 45183660 0.9507
7 45186109 0.8463
7 45186734 5e-04
7 45190963 1.3036
7 45195521 0.1923
7 45196645 0.1312
7 45201809 0.1312
7 45213645 0.9227
7 45215978 0.9227
7 45228842 0.65971955958711
7 45230532 2
7 45236896 0.488012572589346
7 45237832 0.6899
7 45244464 0.0255
7 45252326 0.552
7 45269754 1.06783498233645
7 45277999 0.1201
7 45283961 0
7 45290989 1.09452695135216
7 45294843 0.420616253667746
7 45317023 0.635405904729102
7 45330132 0.910822621111963
7 45330653 1.46931178992571
7 45381920 0.6177
7 45399776 0.8617
7 45412289 0.2441
7 45440864 0.0265
7 45457715 2
7 45477085 2
7 45480678 0.544589609432423
7 45481963 0.653023055225547
7 45486335 0.1032
7 45494948 1.42422618060878
7 45509052 0.0799990867461182
7 45513072 0.0107
7 45513748 1.2839
7 45524408 0.0202
7 45529385 1.278
7 45529999 0.110318618933878
7 45531033 0.1013
7 45538739 0.0716
7 45554217 1.3534
7 45565258 1.8513
7 45578406 0.1257
7 45586734 1.339
7 45621135 0.1853
7 45626458 1.2045
7 45646954 2.3813
7 45654988 2.3813
7 45666281 1.1665
7 45676053 1.13
7 45692476 0.179024029908041
7 45694897 2
7 45706563 1.13
7 45711913 1e-04
7 45718662 2
7 45721595 1.0619
7 45723088 2
7 45727525 1.0619
7 45729198 2
7 45731944 0.607222268137035
7 45732423 2
7 45735562 2.2299
7 45742452 2
7 45761447 1.0619
7 45761887 0.188989279342122
7 45763850 1.0619
7 45775829 2
7 45776950 1.1646
7 45779007 1.3358
7 45780824 1.1646
7 45788141 0.244152989106758
7 45792661 1.1646
7 45794489 1.1646
7 45799029 1.1646
7 45812959 2
7 45815382 2
7 45815566 2
7 45819448 2
7 45823693 1.1646
7 45825128 1.1646
7 45830378 2
7 45835232 2.88129457302802
7 45845086 0.792113268220931
7 45848002 1.73492589936435
7 45856602 0.00127739427431211
7 45872930 2
7 45901752 0.767174463162307
7 45910768 0.0263
7 45915080 8e-04
7 45915430 2
7 45922864 2
7 45934776 2
7 45941939 0.920440778667944
7 45943530 1.28573623044008
7 45945280 0.477668243911142
7 45947831 1.26293511172354
7 45949866 1.28127399970322
7 45953440 1.55209895194012
7 45954810 0.1022
7 45960378 0.13239159319836
7 45960673 0.161660816753777
7 45968084 0.367552409048119
7 45972236 0.256137489010947
7 45976705 0.292836777996432
7 45986582 0.1030652069821
7 45993602 0.227136209099219
7 46004934 1.3827
7 46007474 2.7409
7 46010123 5e-04
7 46031071 2.36800925781083
7 46033677 0.622605682764757
7 46049548 1.68666424257171
7 46052925 2
7 46065352 2
7 46073982 0.313728715117459
7 46085545 2
7 46086786 2.2551
7 46088916 1.4509070285919
7 46089977 2.6261
7 46092683 2.2551
7 46099003 2.6261
7 46104318 2.2551
7 46105008 1.0384393380454
7 46120742 0.674235215630125
7 46121294 2
7 46135479 2
7 46137639 1.6573
7 46140403 2.6261
7 46149229 0.983441888147385
7 46165487 2
7 46168280 1.1149
7 46193760 1.1642
7 46212496 2
7 46213268 2
7 46216432 2
7 46218274 2
7 46223726 2
7 46231806 2
7 46234838 2
7 46235583 2
7 46242393 2.9795
7 46248055 2
7 46256120 5e-04
7 46282950 2
7 46292114 2
7 46293326 2
7 46304219 1.16488767907962
7 46309726 2
7 46309761 2
7 46315595 2
7 46340115 0.478752081982508
7 46342223 0.0886996637927401
7 46344581 0.338419888793604
7 46345328 0.458214526103865
7 46345524 0.841281788574888
7 46360597 2.19963754948396
7 46361525 0.778454554230304
7 46418406 0.0298643396568781
7 46419289 2
7 46430872 3.0376
7 46452728 1.3545
7 46469784 0.48807931145434
7 46524020 2
7 46542593 2.1303
7 46542847 2
7 46573483 2
7 46583068 0.23056359352869
7 46597976 2
7 46625154 2
7 46635603 2
7 46637391 2
7 46642766 1.8189
7 46643352 2
7 46643814 2
7 46644933 2
7 46647373 2
7 46660570 0.3414
7 46673870 0.1635
7 46678279 2
7 46678671 0.1635
7 46692419 5e-04
7 46694687 2
7 46699553 1.15999838731221
7 46702155 0.718103815630426
7 46706431 0.9431
7 46711563 1.1185
7 46712443 1.1241
7 46714522 2
7 46718707 2
7 46733354 1.8189
7 46733489 2
7 46735229 1.8189
7 46738647 2
7 46755362 1.45126619976844
7 46757735 0.493360825362256
7 46762609 2
7 46768221 1.7122
7 46770378 2
7 46771522 1.7231
7 46773481 0.718503063096598
7 46782493 1.9944
7 46787935 0.7356
7 46788802 2
7 46805185 2
7 46813881 0.6658
7 46814024 0.6658
7 46830673 0.7923
7 46832512 1.1548375191141
7 46833924 0.7923
7 46839426 2
7 46839974 0.7308
7 46840498 1.2653920457865
7 46841699 2
7 46845015 2
7 46845365 2
7 46847456 0.462680755305351
7 46853107 2
7 46863468 2
7 46871105 0.34856700135733
7 46876536 2
7 46892545 0.292714355548075
7 46908733 0.1356
7 46917521 1.55905467194474
7 46926081 0.696734437835329
7 46926481 0.741581565642528
7 46928730 1.7638
7 46931729 1.4543744182498
7 46960784 0.5232
7 46961250 0.0285475937273426
7 46968242 0.2031
7 46974110 0.2031
7 46975014 0.163844981220292
7 46989908 0.5473
7 46994733 2
7 46995634 2
7 47002227 2
7 47006541 2
7 47011350 2
7 47026124 0.0790622158827299
7 47051720 1.759
7 47057303 2
7 47068272 2
7 47075676 1.6066
7 47093744 0.2804
7 47099524 0.2804
7 47105816 1.59670401380682
7 47122846 2
7 47125186 2
7 47133649 2.7123
7 47133651 1.3966
7 47147245 1.0084
7 47147466 2
7 47161198 2
7 47174498 2
7 47177004 2
7 47182229 1.1209
7 47200208 1.0794
7 47222398 2
7 47227277 0.146077516814925
7 47243037 2.5345
7 47243291 2
7 47247085 2
7 47261943 2
7 47272375 1.7868
7 47278485 0.776
7 47295659 2
7 47305404 0.898424442941693
7 47321461 1.61647275165765
7 47322289 0.91148841232253
7 47331360 1.4629
7 47335865 1.4629
7 47340053 2.784
7 47356993 0.125088783033064
7 47361576 0.1202
7 47362718 0.1266
7 47367614 1.25665729321185
7 47381130 2.0995
7 47389122 1e-04
7 47390101 0.0947
7 47394153 0.6085
7 47405240 1.7163
7 47410673 0.868944184288774
7 47421434 0.130160136290207
7 47428266 0.489003772528009
7 47438768 1.1847
7 47439737 1.1847
7 47440577 2.3707
7 47443514 0.155414094009226
7 47446367 2
7 47485331 0.569323605211491
7 47485882 0
7 47492036 1.63245901488678
7 47494613 0.844705943275577
7 47498949 1.36030639281806
7 47501959 2
7 47504195 0.0915
7 47524811 5e-04
7 47526559 0.220071956645887
7 47533126 2
7 47533132 0.66127674698053
7 47537633 2
7 47549632 2
7 47571444 2
7 47578969 2
7 47580970 2
7 47583501 2
7 47585288 2
7 47588900 2
7 47605708 0.852047484676914
7 47606284 1.05150085594952
7 47606810 0.494151534197142
7 47621762 1.63041146537102
7 47630636 2
7 47635124 2
7 47637879 0.2441
7 47643036 2.8749
7 47663163 0.0926307955720197
7 47665541 1.29208978917035
7 47665814 2
7 47669842 0.074
7 47674216 2
7 47685257 0.9521
7 47686977 0.9859
7 47687743 0.9859
7 47688698 0.9859
7 47691023 2
7 47692703 0.727845274257782
7 47705358 2
7 47723130 0.342187990969367
7 47735700 0.950418611799504
7 47742380 0.252282360990137
7 47743362 2.24196268912657
7 47755314 0.591194720502544
7 47757218 1.1662
7 47759434 2
7 47759875 0.902322459412389
7 47760564 1.3227055711226
7 47761581 0.198989787485454
7 47761599 0.40323121772739
7 47761913 1.41630887321408
7 47763037 0.340115962876975
7 47763965 2.11130824035462
7 47764066 1.0124437296325
7 47769489 0.205997884344802
7 47770182 1.40073475926483
7 47780063 0.7039
7 47781189 0.7039
7 47789664 2
7 47815358 2
7 47835494 2
7 47839395 0.108154712512163
7 47856560 0.2621
7 47860538 0.749028343336537
7 47863585 0.6685
7 47865620 1.073
7 47868049 2
7 47869651 2
7 47873518 2
7 47876627 2
7 47877352 2
7 47878840 2
7 47879409 2
7 47879627 2
7 47880580 2
7 47899824 3.1164
7 47931978 2
7 47939612 2
7 47943187 0.390628447208188
7 47961457 2
7 47977952 2
7 47983488 0.2092
7 47985987 0.2092
7 47989829 0.530169083334977
7 48000678 0.0752
7 48005819 0.0752
7 48021276 0.0752
7 48033429 0.0752
7 48045299 0.394039172377895
7 48051732 1.4538
7 48069620 2
7 48087848 2
7 48089304 2
7 48092794 2
7 48121903 0
7 48133662 2
7 48137090 1.53865249977263
7 48138486 0.8299
7 48138662 0.8299
7 48139478 0.9208
7 48151962 2
7 48152272 2
7 48154451 2
7 48154488 2
7 48155787 2
7 48157030 1.71830474018491
7 48158837 1.3139
7 48175967 0.0267527571164381
7 48184693 0.688796298460093
7 48190532 1.7663
7 48198205 2
7 48202689 0.252153507684335
7 48224232 1.78041988129936
7 48226155 1.2504
7 48237015 2
7 48244192 2
7 48245183 2
7 48278086 2
7 48292418 2
7 48346280 0.662687323420765
7 48362678 1.1831461378748
7 48364154 2
7 48368747 0.572111516438049
7 48378593 0.198724163929866
7 48389832 0.594112704870508
7 48392165 0.734371534807275
7 48398109 2.1826
7 48398392 2
7 48403973 2
7 48417130 1.3352
7 48417845 2
7 48417889 0.770919361817829
7 48418211 0.6395
7 48418777 0.627649854526401
7 48418942 0.237495714923658
7 48419061 2.0562
7 48419440 0.597735750168098
7 48419954 2.03657815878668
7 48421466 0.549893333388527
7 48438394 0.148597932475259
7 48438563 0.8526
7 48439764 2
7 48461389 1.1537941079021
7 48467130 0.226442053485303
7 48467974 0.258160897429904
7 48469018 0.402832900247321
7 48469222 0.8279
7 48477648 2.0088
7 48483249 1.21080007314488
7 48491135 1.4629843886897
7 48497064 2.0088
7 48512004 1.4041
7 48527328 0.511946768585586
7 48528829 2
7 48531756 2
7 48550401 1.9118
7 48559789 2
7 48573174 0
7 48586858 0.254
7 48593658 5e-04
7 48613985 1.22888713743493
7 48622085 0.879471686422972
7 48624605 2
7 48630803 2
7 48630817 2
7 48631165 1.79279224589626
7 48633947 0.867720979257624
7 48662707 2
7 48663549 1.6748
7 48670901 0.0821
7 48678888 1.6627
7 48679036 1.6653
7 48681207 2.00128573353329
7 48681717 1.6627
7 48681955 1.6627
7 48685973 1.7833
7 48688222 5e-04
7 48688330 1.9922
7 48688779 2.1379
7 48689104 5e-04
7 48690145 1.7669
7 48691101 0.0883
7 48692454 1.4986
7 48694532 1.4986
7 48698602 1.4986
7 48705405 1.4986
7 48706719 1.4986
7 48717667 1.8942
7 48736805 2
7 48757800 2
7 48759848 2
7 48765243 2
7 48766476 2
7 48800423 0.299
7 48829076 0.563624195857595
7 48834967 1.86123226028658
7 48835349 2
7 48848031 0.0526
7 48856383 2
7 48868461 1.5174
7 48869811 2
7 48878836 2.7548
7 48880699 2
7 48883109 2
7 48900291 0.589547606673347
7 48902873 1.7412
7 48903531 2.5407
7 48905751 2
7 48910622 2
7 48916627 2
7 48926419 0.706261071021934
7 48929321 2.7095
7 48936451 0.838337860691709
7 48941733 2
7 48941776 2
7 48946289 2
7 48948553 2
7 48954524 1.2374
7 48961151 0.3338
7 48982743 0.0881118844744127
7 48994875 0.1239
7 49004668 0.1239
7 49006719 2.37596445910817
7 49007681 0.1239
7 49008430 0.1239
7 49008955 0.1239
7 49013608 0.1474
7 49015945 0.1239
7 49024312 2
7 49025038 2.0018
7 49028431 1.38857891364043
7 49028581 1.33719258846612
7 49029840 0.220649335947397
7 49030045 1.3909
7 49042964 0.1239
7 49047626 0.1239
7 49049872 0.1239
7 49070767 0.1239
7 49072793 0.1474
7 49072841 0.1239
7 49078191 0.1239
7 49083343 0.1239
7 49083554 0.1239
7 49085377 0.1239
7 49100864 2.1804
7 49106421 0.7578
7 49114309 0.0447
7 49119104 0.30480534274701
7 49123982 0.1035
7 49125682 0.158359817303441
7 49128613 2.56143415323386
7 49137686 0.642597002620519
7 49138450 0
7 49141828 0.199830308021828
7 49157838 0.197606824100834
7 49163387 0.687489116422562
7 49172682 0.0505
7 49175392 0.0747062823588691
7 49197115 0.0104980336804761
7 49199539 1.03544802332402
7 49203392 0.541034079965993
7 49207920 0.150077957342928
7 49207958 0.209099235751246
7 49213987 0.189582152491405
7 49223316 0.393813771616789
7 49226819 0.651236497683284
7 49236260 1.9031864372205
7 49242917 2.2245591216987
7 49247022 0.1326
7 49250881 0
7 49251012 0.302725035791276
7 49259670 2
7 49275430 0.959936918395057
7 49281241 0.0755901382134674
7 49299097 0.193440483903895
7 49309186 0.837703806836131
7 49317403 0.723440394968767
7 49318320 2
7 49327163 0.224156507995058
7 49346095 2.2816
7 49359129 0.113255733437665
7 49375001 1.70976177207804
7 49381766 2
7 49387133 0.6826
7 49395248 0
7 49395703 0.2364
7 49397701 1.64934768639738
7 49402755 3.46786406911288
7 49410885 0.468755204260426
7 49417751 0.673507090109355
7 49429607 0.60042107844087
7 49430659 0.3451
7 49450981 2
7 49467653 2
7 49482463 1.9751
7 49498509 2
7 49503298 2
7 49504075 2
7 49506411 1.61553892461
7 49509255 2
7 49511441 1.5442
7 49516222 0.101200462727809
7 49517468 2
7 49518347 2
7 49519117 2
7 49534346 2
7 49534738 0.4266
7 49535115 2
7 49535194 1.7006
7 49544550 2
7 49555549 2
7 49559318 2
7 49560594 1.9751
7 49568133 2
7 49573672 0.9193
7 49583157 0.461893298953069
7 49583491 1.57190045117231
7 49588258 1.56600357232189
7 49588976 0.6918
7 49589056 1.9939
7 49594854 2
7 49597523 2
7 49599176 2
7 49610348 2
7 49617277 2
7 49624088 2
7 49630166 2
7 49633339 0.0821609253465203
7 49646361 0.256098155172734
7 49650015 1.05763312351656
7 49650075 1.4941
7 49655429 1.8433
7 49658299 0.1651
7 49663264 0.8194
7 49663481 0.308847976883493
7 49663807 1.4941
7 49671822 0.1651
7 49677802 0.890702691514986
7 49698707 2.1883
7 49706958 0.1872
7 49730622 0.0168759917383919
7 49732169 0.639390819782917
7 49733795 0.695722837868333
7 49734661 0.465425958414115
7 49749814 2.3425
7 49770756 2.245
7 49772638 1e-04
7 49772968 1.0943
7 49786345 2
7 49789419 0.0078
7 49801523 0.545637445940296
7 49802965 2
7 49803857 2
7 49806591 2
7 49816699 0.0485
7 49821481 2
7 49839943 1.224
7 49844485 1.224
7 49877480 1e-04
7 49908491 2
7 49942058 0.284230782625946
7 49956693 1.43794585744625
7 49972926 0.227114504272525
7 49977529 2
7 49978135 2
7 49985304 1.9289328292015
7 49987017 0.2981
7 49992020 2
7 49995016 2.3728
7 50014333 0.2981
7 50023681 2
7 50051764 2
7 50060900 0.0523164517931528
7 50069046 0.228
7 50071760 0.228
7 50083244 0.145912987215731
7 50084119 0.954699809014955
7 50084638 0.650213074179301
7 50085094 0.6269
7 50085322 1.09125803385705
7 50086485 0.658859252144862
7 50088592 0.211173387883296
7 50102958 0.122211732920247
7 50103988 0.00910404403802293
7 50108339 1.43806026436243
7 50113158 0.428151658040212
7 50113983 0.25630432204889
7 50119293 0.228
7 50126222 0.228
7 50128587 0.553
7 50136567 0.228
7 50137183 0.2305
7 50137549 0.2305
7 50141376 0.553
7 50157899 0.875156306841036
7 50158310 0.864413826118871
7 50165967 2
7 50170962 1.62139650432343
7 50193939 2
7 50200711 0.6742
7 50208697 2
7 50209417 2.64716251596126
7 50218883 2
7 50227038 2
7 50250267 1.8594
7 50264486 0.38941176429858
7 50271503 0.217823592715035
7 50271825 1.8456
7 50280022 1.92350332235212
7 50306211 2.01312851712757
7 50308447 2
7 50335447 0.00750067748614205
7 50371022 0.487797797692488
7 50406525 2
7 50421340 2
7 50466258 0.279507719305752
7 50475145 2
7 50478563 0.390632909904101
7 50484032 2.01081274284294
7 50485526 1.3109
7 50488631 2
7 50497221 2
7 50500345 2
7 50508950 0.407702029760186
7 50510844 0.530561611453596
7 50515049 1.52041487699858
7 50520456 0.011
7 50526814 0.508360736846425
7 50546475 0.674478341525573
7 50556808 0.157274396872449
7 50563730 2
7 50568033 0.887033973394069
7 50573045 0.201117219319955
7 50578583 2.05869724712844
7 50593090 2
7 50597577 2
7 50613317 0.9562
7 50617078 2
7 50621665 2
7 50631296 2
7 50635387 2
7 50635859 1.43649427348107
7 50637472 0.1341
7 50639446 0.5939
7 50641076 0.500490559254343
7 50660994 0.0622396667834036
7 50662299 2
7 50670394 1.4041
7 50671290 1.85684301781249
7 50688792 0.247088465428141
7 50689400 2
7 50695045 2
7 50700199 1.4041
7 50708917 1.54448617440663
7 50715950 2
7 50730994 2
7 50739486 1.4041
7 50768456 1.2093
7 50772140 2
7 50773348 2
7 50790948 0.801054826069902
7 50797421 2
7 50802724 2
7 50807520 1.35203973962761
7 50826158 0.877145127420782
7 50833836 0.7466
7 50871251 0.3986
7 50872830 0.6363
7 50879135 0.3663
7 50892374 0.3986
7 50894540 0.5852
7 50909215 0.6363
7 50921205 0.4098
7 50937822 0.3663
7 50958240 0.143
7 50961672 0.1078
7 50961725 2
7 50964897 2
7 50976811 5e-04
7 50982106 2
7 51010062 2
7 51010179 2
7 51016624 2
7 51020405 2
7 51035969 2
7 51040696 2.7141
7 51073708 2
7 51076539 0.245027309977787
7 51088658 2
7 51094237 2
7 51109245 0.0661593320581908
7 51111424 1.3545
7 51126216 0.661822969001455
7 51131887 1.404
7 51132711 1.3638
7 51140023 1.3574
7 51154930 1.411
7 51160644 0.951618481245424
7 51187785 2
7 51189641 1.3836
7 51206529 1.7014
7 51224229 2
7 51241780 2
7 51259248 2
7 51298473 0.344326823553229
7 51306656 0.1702
7 51321688 1.0854918424477
7 51342245 0.254865326905656
7 51343141 0.381695283142884
7 51348041 1.14004337044166
7 51360694 2
7 51360919 0.853020925053875
7 51368416 2
7 51381348 1.38236303618649
7 51384391 2.05564655920324
7 51396567 2
7 51398563 2
7 51399955 2
7 51400114 2
7 51405870 2.2744
7 51414185 2
7 51420836 0.540322990649438
7 51433463 0.5665
7 51438140 0.5665
7 51444179 2
7 51458075 2
7 51458326 2
7 51461042 2
7 51462547 2.5636
7 51463291 0.5046
7 51477606 0.642595795857447
7 51481257 2
7 51494445 0.4328
7 51507107 2
7 51513430 0
7 51521957 0.6521
7 51525099 0.6521
7 51563190 1.11179401436798
7 51565433 1.52051288947057
7 51565877 2
7 51569886 2
7 51572398 2
7 51576804 0.634
7 51584666 2
7 51588372 0.7314
7 51606441 2
7 51614705 2
7 51626776 0.6886
7 51632793 0.492176939958635
7 51637589 0.000712020723948189
7 51643356 1.1131
7 51648286 2
7 51665681 0.284662428013389
7 51670595 2
7 51693040 5e-04
7 51695847 0.272791452190121
7 51710583 0.938818976920997
7 51714420 2
7 51733363 2
7 51734316 2
7 51762219 2
7 51780353 2
7 51781782 2
7 51808747 0.476791233497235
7 51811767 0.253872486827014
7 51831003 0.119728547463652
7 51842787 1.2699
7 51844045 0.453443073340078
7 51854793 2
7 51871628 2
7 51883996 2
7 51889323 2
7 51889968 2
7 51893022 2
7 51896850 2
7 51909552 2
7 51913140 2
7 51914662 2
7 51914823 2
7 51914854 2
7 51916429 2
7 51920023 2
7 51924266 2
7 51930456 0.0053
7 51932719 2
7 51945167 2
7 51951470 0.299
7 51970894 2
7 51973704 2
7 51974242 2
7 51987070 2
7 51990049 2
7 51990256 2
7 51991853 2
7 51994527 2
7 51994887 2
7 51995789 2
7 52001057 2
7 52004663 2
7 52004882 2
7 52015920 2
7 52016229 2
7 52021052 2
7 52032938 2
7 52034850 0.931
7 52036650 2
7 52058961 5e-04
7 52062904 2
7 52063553 2
7 52090252 2
7 52103087 2.77270857470027
7 52104414 1.22829043545318
7 52108444 0.241842804003456
7 52108961 0.001
7 52112671 0.0107
7 52118261 2
7 52120376 2
7 52120882 2
7 52123901 1.3279
7 52136860 1.5497
7 52143819 0.388941098767098
7 52159222 2
7 52171548 2
7 52180119 2
7 52184423 2
7 52200096 2
7 52206468 2
7 52206827 2
7 52216591 0.0561
7 52224648 0.0804
7 52232267 0.0804
7 52267668 5e-04
7 52272608 2
7 52276191 2
7 52276591 2
7 52287004 0.896888094568958
7 52303412 2
7 52307292 2
7 52307371 2
7 52315446 2
7 52332152 2
7 52378316 2
7 52390440 2
7 52399483 0.538287915507255
7 52402045 1.87281790902885
7 52439386 2
7 52453280 0.450091486178951
7 52458452 0.131
7 52468386 2
7 52474635 0.131
7 52488000 1.04565572768775
7 52488008 0.442975593664008
7 52494030 0.354134363239218
7 52495928 2
7 52499145 3e-04
7 52499841 2
7 52508115 0.5178
7 52511966 2
7 52521042 0.5178
7 52528829 1.6662
7 52529365 0.4471
7 52530486 0.7765
7 52531760 0.7537
7 52534860 1.6662
7 52550401 1.222
7 52556029 1.222
7 52579663 2
7 52590748 2
7 52595105 1.0596
7 52600765 0.167029616818134
7 52601789 1.091
7 52603677 0.583529252853809
7 52607777 0.0256739002286964
7 52614331 2
7 52616213 2
7 52616657 1.091
7 52622545 2
7 52629888 2
7 52630352 1.1971
7 52637539 1.1595
7 52641139 1.08385708780134
7 52644475 1.1595
7 52648955 1.1595
7 52650950 1.1971
7 52651442 0.537699143022708
7 52652968 1.1971
7 52660236 1.28753420012801
7 52662486 1.95290552820018
7 52663147 2
7 52667725 2
7 52669344 2
7 52677362 0.0897
7 52679119 0.38063567781507
7 52682382 2
7 52686494 2
7 52691193 0.0174130695824786
7 52697039 0.4902
7 52700061 0.5173
7 52704031 0.5173
7 52705738 0.5173
7 52709125 0.5173
7 52719371 0.0042
7 52719421 0.3061
7 52722105 2
7 52722941 2
7 52735600 0.451
7 52737580 1.6738
7 52739641 1.6738
7 52739949 1.1053
7 52740011 1.6738
7 52745987 1.6824
7 52747678 1.6824
7 52749553 1.7766
7 52750397 0.1036
7 52752325 1.6824
7 52778680 0.1036
7 52779660 1.7393
7 52781985 1.1266
7 52782066 1.1266
7 52790107 1.1266
7 52796578 1.6824
7 52798575 1.2685
7 52798849 1.2685
7 52801880 0.8243
7 52808833 1.601
7 52811254 0.444
7 52812298 0.444
7 52819794 0.4176
7 52825202 0.444
7 52832340 0.8832
7 52833833 0.9139
7 52835873 0.444
7 52836335 0.8832
7 52837150 0.8832
7 52841915 0.8832
7 52842394 0.8832
7 52844904 0.8832
7 52859678 4e-04
7 52863479 1.6165
7 52882039 0.0054
7 52882652 0.741337087677616
7 52905811 2
7 52911031 2
7 52924396 1.0739176536425
7 52924961 2.34023661133573
7 52925435 0.1121
7 52925436 0.996239083919115
7 52941710 0.1553
7 52944579 0.717025493572998
7 52948297 0.6342
7 52948671 0.1586
7 52959050 0.6711
7 52964099 0.1627
7 52968750 0.6737
7 52969553 2
7 52971240 2.0729
7 52974568 2
7 52978254 1.614
7 52991891 1e-04
7 52994704 2
7 52994730 0.8803
7 52996543 2
7 52999596 2
7 53000712 2
7 53003375 2
7 53035574 0.218588884998659
7 53037457 2
7 53041056 2.5407
7 53042669 2
7 53046155 2.8935
7 53047467 0.125165532503104
7 53061175 2.989
7 53064682 2
7 53064971 0.506720230327294
7 53065440 2
7 53071020 2
7 53072821 2
7 53073662 2.99
7 53074555 2
7 53078789 2
7 53079366 0.7757
7 53084350 2
7 53086462 0.701314668012842
7 53088369 0.7757
7 53101108 0.197632606918385
7 53103035 2
7 53107372 2
7 53110266 1.4455
7 53120058 1.29607550663669
7 53125159 2
7 53125830 2
7 53134393 2
7 53135202 1.3235
7 53140077 2
7 53140312 2
7 53141727 1.3291
7 53141844 5e-04
7 53141854 1.18119496959431
7 53141886 4e-04
7 53144397 1.2452
7 53144926 1.2452
7 53146129 2
7 53148070 0.678847109994311
7 53148312 2
7 53151709 2
7 53155198 2
7 53157425 0.298303434410195
7 53157966 2
7 53159169 2
7 53160098 0.9217
7 53164997 0.205379681368916
7 53166079 2
7 53174671 2
7 53177513 2
7 53180527 0.763615637445784
7 53182699 2
7 53182851 2
7 53182896 2
7 53183399 0.946543168801424
7 53192480 1.05375955051757
7 53200280 1.65495246446251
7 53206468 0.589759753998025
7 53206531 0.411361178015573
7 53207019 1.95093305494723
7 53209375 0.0638101078666558
7 53216581 0.618987988101202
7 53221207 2
7 53226589 1.166
7 53234089 4e-04
7 53240730 1.2319
7 53246696 2
7 53248932 2.83070868121996
7 53248962 2
7 53251984 2.8716
7 53255539 2
7 53259405 1.16270371113864
7 53261286 2
7 53264491 2
7 53267148 2
7 53267485 2
7 53277218 2
7 53279401 1.2245
7 53292786 1.0215
7 53293952 1.0284
7 53296293 2
7 53297044 1.0215
7 53297510 1.0215
7 53303222 1.0215
7 53304988 1.0215
7 53311084 1.0215
7 53314236 0.1613
7 53314856 0.7394
7 53324144 2
7 53326316 1.4351
7 53333114 2
7 53335380 2
7 53347743 2
7 53359221 1.4266
7 53363327 2
7 53389248 2
7 53389266 1.3783
7 53406032 0.256890481590691
7 53417817 2
7 53425870 2
7 53437742 1.2935
7 53444948 2
7 53453992 2.2744
7 53466553 2
7 53467376 2
7 53476062 2
7 53480825 2
7 53496124 2
7 53506952 2
7 53509721 2
7 53510702 2
7 53511204 0.0655
7 53515752 2
7 53519822 0.904434422216142
7 53520087 2
7 53522557 0.4891
7 53546469 1.0789
7 53550857 2
7 53567466 0.9693
7 53573821 2
7 53577615 2
7 53577790 2
7 53578529 0.1615
7 53588854 1.0399
7 53600385 2
7 53618125 1.80753041059113
7 53618717 0.292066063124511
7 53619199 2
7 53635075 2
7 53636328 0.161033638780529
7 53639327 2
7 53643359 0.851643434355454
7 53645280 0.120619163910922
7 53653719 0.412606870518725
7 53654818 2.87267819514276
7 53674061 0.3922
7 53692370 1.2982
7 53699845 2.0242
7 53702564 0.3922
7 53710666 2.0242
7 53728722 2
7 53737849 2
7 53757314 2
7 53759330 2
7 53766512 2
7 53769704 2
7 53769761 2
7 53777238 2
7 53789463 2
7 53799723 2
7 53821808 0.268847210197844
7 53826391 2
7 53827927 2
7 53828249 2
7 53833049 2
7 53833297 2
7 53840186 0.13228588738437
7 53840266 3.1212
7 53846990 2
7 53847939 2
7 53849066 2
7 53850879 2
7 53861299 2
7 53866583 2
7 53890812 0.377244317986048
7 53891961 1.33311143447013
7 53894780 2
7 53895416 0.737011889857672
7 53897299 2
7 53936583 0.460244439306521
7 53939980 2
7 53947959 0.269686128336129
7 53951135 2
7 53952139 2
7 53957627 0.323305676644404
7 53960153 0
7 53962318 1.24509988711879
7 53967058 1.4786
7 53969868 2
7 53974200 0
7 53986641 1.33812960358317
7 53998696 0.0518
7 54010319 2
7 54017762 2
7 54024126 2
7 54029099 2
7 54031124 0.9746
7 54034680 0.247712044462694
7 54044130 0.9746
7 54066245 2
7 54068066 0.9746
7 54068615 0.6028
7 54069466 0.9746
7 54072781 2.3591
7 54080113 2
7 54087897 0.0249527937060925
7 54091318 2
7 54092112 2
7 54093059 2
7 54096482 0.875323520761497
7 54096970 2
7 54097843 2
7 54097961 2
7 54098092 0.174771501033847
7 54100312 2
7 54114239 2
7 54117808 0.238111454326217
7 54119806 2
7 54122566 2
7 54123096 2
7 54124221 2
7 54125493 2
7 54131734 2
7 54131738 2
7 54131742 2
7 54132890 2
7 54134187 2
7 54135631 2
7 54135701 2
7 54139329 2
7 54144062 2.48573021756109
7 54144383 5e-04
7 54153197 0.821668546675621
7 54164347 1.3358
7 54167673 1.21421053391801
7 54171410 2
7 54175066 2
7 54179324 1.41417598567399
7 54180068 0.0217
7 54180318 0.0217
7 54180812 1.15495612515729
7 54197894 2
7 54203960 2
7 54204789 2
7 54213551 0.164728283490658
7 54215123 2
7 54218237 0.672932444296084
7 54237514 2
7 54240027 0.13630528253011
7 54247680 1.0982
7 54247684 0.704238332225423
7 54249608 2
7 54279228 2
7 54286587 0.86766245920566
7 54288537 0.421389958872826
7 54292965 0.0524550123222544
7 54302122 0.0115673470719114
7 54327643 2
7 54343501 2
7 54347038 2
7 54347426 2
7 54351845 1.4456250423404
7 54356859 2
7 54363032 2
7 54363112 0.143327260673141
7 54374572 2.09686030537071
7 54381872 0.658950657175623
7 54392107 1.27066145167122
7 54396766 0.645862415056672
7 54407528 0.360422761770359
7 54417951 2
7 54420393 0.335701429614026
7 54441481 2.913927391887
7 54444443 0.163299743815496
7 54464221 0.2473
7 54468322 1.13392305385636
7 54468521 2.538
7 54468624 0.944763778166397
7 54469050 0.241283752189937
7 54471497 0.945925854580985
7 54473319 0.250529651731003
7 54475752 1.81574204194197
7 54478395 0.561
7 54493725 0.806839461035574
7 54505946 0.150987813102858
7 54517769 2.5898
7 54521449 1.0789
7 54522753 0.871376724881114
7 54535696 0.463029889886151
7 54546357 0.378153432251891
7 54550317 0.0308481785888237
7 54622392 0.640837293168523
7 54627733 1.04515663173947
7 54628077 0.483699073322423
7 54630579 0.411247073320674
7 54631754 0.485169051429959
7 54632966 1.59662208593152
7 54634145 1.13434557498127
7 54638332 0.406752325547723
7 54643255 0.0107
7 54651507 2.0558
7 54656350 1.57412335364393
7 54656531 0.0444
7 54656634 0.462
7 54657326 0.8596
7 54663112 0.0386
7 54672394 0.8869
7 54675574 2.4365
7 54688448 2
7 54690303 2
7 54694030 1.75370919778262
7 54700458 1.18982598157158
7 54711178 0.4182
7 54715981 2
7 54793026 2
7 54803740 2
7 54827615 2
7 54863532 4e-04
7 54865351 2
7 54865385 2
7 54868647 2
7 54870324 2
7 54874771 4e-04
7 54881544 1.0141
7 54884672 2
7 54891441 2
7 54905503 4e-04
7 54921716 0.408362008540357
7 54933779 0.721664090112806
7 54963615 0.635813018566033
7 54978173 0.11230937091868
7 55002886 0.280413139783353
7 55007796 2
7 55010876 4e-04
7 55031504 1.6183
7 55032725 2.1933
7 55033808 0.735806477014206
7 55119107 1.2778
7 55151597 0.55369264043203
7 55173571 2.3756
7 55181094 0.800945062721377
7 55182398 0.196195171242991
7 55206391 0.8097
7 55209933 0.796
7 55225619 2
7 55241845 2.7112
7 55263375 2
7 55268090 0.6648
7 55268243 2
7 55270934 2
7 55272329 2
7 55275009 0.6648
7 55276158 2
7 55279962 2
7 55284197 0.826
7 55292595 2
7 55303705 2
7 55318823 2
7 55323871 0.307376287710204
7 55337055 0.676718478273732
7 55337154 0.775860308876221
7 55339503 1.41128526957354
7 55339649 0.79320728765982
7 55343841 0.23718269148442
7 55344226 0.712570333114951
7 55350316 2
7 55356189 0.467888372575609
7 55381411 2
7 55385182 2
7 55388713 0.4732
7 55390209 2
7 55399287 0.495988415072802
7 55401878 2
7 55402415 5e-04
7 55404909 2
7 55413206 0.4732
7 55416289 0.0440594761274493
7 55424913 2
7 55440706 2
7 55442810 2
7 55448056 2
7 55449701 2
7 55469671 2
7 55473424 2
7 55485577 2
7 55488349 2
7 55499224 0.285734440596248
7 55512524 2
7 55525124 2
7 55543568 2
7 55566490 2
7 55584805 1.69931806102455
7 55585829 2.6683
7 55587388 1.29674939389931
7 55589336 2.1447
7 55596893 1.17428798561138
7 55599282 0.3686
7 55605536 3.1244
7 55615316 0.0078
7 55620030 0.552959754269757
7 55620123 1.1228
7 55637606 2
7 55643345 0.1866
7 55654003 0.521698951062366
7 55654644 0.3956
7 55656752 0.114893547121748
7 55657926 2.0617
7 55658420 0.0616189121636103
7 55662192 0.208782192467599
7 55662722 0.309340625921095
7 55664151 2.52799034526229
7 55667712 0.0196
7 55671811 1.7954
7 55672302 1.2982
7 55677441 2
7 55681866 0.914745573510733
7 55692670 0.410110258020599
7 55695222 0.56
7 55701107 2
7 55709961 8e-04
7 55720340 0.7897
7 55721966 5e-04
7 55722116 1e-04
7 55723743 2
7 55725025 1.4041
7 55739073 2
7 55767385 2
7 55769045 0.152621059395034
7 55771143 2
7 55773495 1.4041
7 55777908 4e-04
7 55804503 0.66069127087588
7 55814506 0.434335318277095
7 55817151 0.8136
7 55833761 1.3492
7 55843618 0.7448
7 55845427 2
7 55848505 0.28
7 55854675 0.28
7 55856740 2
7 55869748 2
7 55873251 2
7 55877356 0.28836260540548
7 55892305 0.3004
7 55895214 0.9749
7 55896128 0.154431306604032
7 55901572 1.18173199016792
7 55925119 1.6061
7 55932366 0.9034
7 55941022 0.9515
7 55947608 0.9749
7 55956594 1.23503114508026
7 55960402 0.0276
7 55960797 0.93
7 55968384 2
7 55970252 2
7 55977663 2
7 55991354 2
7 56005385 1.56558271098211
7 56014929 1.87668490512955
7 56018388 0.309249213790385
7 56049756 1.41783418477521
7 56053611 2
7 56055205 2
7 56064217 0.26065753331669
7 56067765 2
7 56075388 2.399674550325
7 56079263 2
7 56085846 1.6444
7 56088463 0.812413221674084
7 56097109 2
7 56106932 1.6444
7 56115447 2
7 56122876 2
7 56130610 2
7 56131044 2
7 56133224 1.1047870102513
7 56137691 2
7 56137898 2
7 56142313 0.0165
7 56152339 6e-04
7 56155783 6e-04
7 56158544 0.622025148547146
7 56167104 2
7 56181622 1.5447
7 56199073 2
7 56208773 1.5444
7 56215162 2
7 56217633 1.5613
7 56218307 1.5613
7 56220600 1.5613
7 56223887 1.5613
7 56226454 2
7 56227224 2
7 56230911 2
7 56231905 2
7 56233888 2
7 56250240 2
7 56266614 2
7 56267131 1.7809
7 56268493 0.0263
7 56269349 2
7 56279977 2
7 56282673 2
7 56299466 4e-04
7 56302752 4e-04
7 56320232 2.7851
7 56332443 0.814283402607041
7 56339531 0.275040268739176
7 56345762 2
7 56346126 2.0196
7 56365836 2
7 56365926 2
7 56367083 2
7 56368766 0.4575
7 56389572 2
7 56414636 2
7 56419639 2.39716286552926
7 56433877 2
7 56435246 2
7 56473923 0.547266443454169
7 56498222 2
7 56513042 2
7 56515731 2
7 56534366 2
7 56535785 0.0933
7 56542963 2
7 56543071 2
7 56557695 2
7 56573319 2
7 56580799 2
7 56592780 2
7 56600552 2
7 56602022 2
7 56602481 2
7 56605645 2
7 56612088 2
7 56613169 2
7 56614800 2
7 56619948 2
7 56622657 2
7 56625451 2
7 56627432 2
7 56628288 2
7 56629607 2
7 56632136 0.0807
7 56632493 2
7 56635160 2
7 56637370 2
7 56643069 2
7 56643073 2
7 56652237 2
7 56662514 2
7 56667337 2
7 56667435 2
7 56672112 2
7 56684905 0.4699
7 56685518 0.4699
7 56685884 2
7 56688895 2
7 56691927 0.4699
7 56692276 2
7 56710966 2
7 56734135 0.2474
7 56742027 0.24
7 56743526 0.2548
7 56745907 0.421604104483646
7 56747495 1.02723570162913
7 56752697 1.07265082689388
7 56760257 0.403524699869504
7 56781317 0.8417
7 56811501 2
7 56811895 0.8417
7 56812174 2
7 56827937 2
7 56828037 0.8417
7 56879076 0.8417
7 56904553 0.102320455083033
7 56909979 0.277944760798435
7 56922302 2
7 57048692 2
7 57060467 1.87677595189385
7 57092815 2
7 57095952 2
7 57097656 2
7 57113480 2
7 57122898 0.7395
7 57126750 2
7 57127584 0.6791
7 57135558 0.217844925832617
7 57137302 0.6789
7 57139154 1.1364
7 57145925 0.6602
7 57146345 0.6602
7 57146889 0.718240332163845
7 57148313 2
7 57155707 2
7 57160344 0.0306158187373342
7 57175155 0.230841483701929
7 57204708 2
7 57207023 1.22387366760753
7 57211117 2
7 57230629 0.5415
7 57234125 2
7 57254557 2
7 57255273 2
7 57257048 2
7 57257719 1.2084
7 57259117 2
7 57269594 0.317127043619858
7 57270310 2
7 57276536 2
7 57279644 2
7 57282704 2
7 57283988 2
7 57287934 0.9614
7 57288591 2
7 57292420 2
7 57293251 0.0264
7 57293773 2
7 57298898 2
7 57302267 0.4791
7 57307679 0.4672
7 57310274 2
7 57315526 2
7 57322835 2
7 57326958 2
7 57335601 2
7 57337638 0.0666161665831669
7 57340858 0.2251
7 57348529 0.0961
7 57353334 0.655010562093464
7 57355502 0.1593
7 57359531 1.70805325623455
7 57384927 0.0217
7 57416044 0.0712
7 57418559 5e-04
7 57424856 2
7 57426884 0.2945
7 57426962 0.910323135682195
7 57444168 2
7 57464182 1.37325435080028
7 57470175 0.596389141863862
7 57471027 0.372151921035536
7 57474563 1.37449187150567
7 57477588 0.0428477896861986
7 57477921 0.182808286698657
7 57479846 1.03892177705573
7 57485484 2
7 57487060 0.295473787661226
7 57491519 0
7 57491681 1.95093886132317
7 57495856 0.972682837426091
7 57497171 0.618
7 57507587 2
7 57535359 2
7 57572380 0.618
7 57580124 0.362381542347367
7 57580496 2
7 57580636 0.988281131347982
7 57582684 0.376631045510372
7 57597705 2
7 57607208 2
7 57607383 2
7 57639915 5e-04
7 57640528 1.36417159747345
7 57642291 0.0078
7 57642508 0.3083
7 57642516 2
7 57649109 0.1168
7 57663896 1.7421
7 57668522 2.7141
7 57690545 2
7 57703745 2
7 57705421 2
7 57711597 0.814
7 57741169 2
7 57761677 7e-04
7 57764617 1.6315
7 57783859 2
7 57794136 0.0049
7 57795779 2
7 57806670 2.2359
7 57807893 0.814
7 57812933 2
7 57861933 2
7 57865809 0.0078
7 57868771 2
7 57888240 0.814
7 57889138 2
7 57892817 2
7 57893503 0.0078
7 57893580 2
7 57898604 2e-04
7 57920983 2
7 57921079 0.814
7 57928606 1.5692
7 57930806 1.613
7 57939608 2
7 57943050 0.1611
7 57950207 0.814
7 57951576 1.9165
7 57959060 0.814
7 57963543 0.814
7 57971611 2.3728
7 58000086 2
7 58002220 0.0054
7 58003582 2
7 58011474 2
7 58015395 0.0054
7 58047865 0.0054
7 58070821 0.0054
7 58076612 0.0054
7 58080491 0.0054
7 58098581 0.0054
7 58100632 0.0054
7 58104678 5e-04
7 58184635 0.0263
7 58184657 0.0078
7 58189265 0.0078
7 58189270 2
7 58189277 2
7 58237215 5e-04
7 58237490 5e-04
7 58759358 0
7 60121472 1.62141843220809
7 60121727 2
7 60527296 0.906432257134727
7 60544524 0.0993046934846772
7 60545074 1.522328197903
7 60912683 2
7 60921899 0.0054
7 60922665 0.0054
7 60931345 0.0054
7 60955883 2
7 60964042 2
7 60971712 7e-04
7 60980875 0.0265
7 60981993 1.23288661914467
7 60992074 0.3186
7 60995131 2
7 61014127 8e-04
7 61015496 0.0054
7 61016305 0.0054
7 61024822 2
7 61027210 0.413494014407351
7 61042612 0.0078
7 61050030 0.0054
7 61054006 0.245791160109408
7 61069256 2
7 61069645 2
7 61089025 2
7 61089949 0.8957
7 61094793 0.814
7 61102594 2
7 61114362 0.1168
7 61136836 3e-04
7 61732218 2
7 61735160 0.0054
7 61738963 0.0054
7 61747710 7e-04
7 61758275 0.0265
7 61771113 4e-04
7 61790144 0.0054
7 61793802 2
7 61823799 2
7 61828765 0.0078
7 61834214 0.0078
7 61834392 0.0078
7 61856155 0.0078
7 61857187 2
7 61867845 2
7 61871766 0.0078
7 61883351 0.0265
7 61888778 2
7 61900886 4e-04
7 61907694 2
7 61910461 8e-04
7 61934419 0.0078
7 61959891 0.0492497484465644
7 61972252 0.0449
7 61972481 5e-04
7 62195133 2
7 62195954 2
7 62197281 2
7 62199453 8e-04
7 62203672 2
7 62227137 2
7 62229880 2
7 62231535 0.0054
7 62247150 0.0054
7 62254043 2
7 62270558 0.0078
7 62275781 2
7 62301335 2
7 62327226 0.1231
7 62329110 2
7 62360531 0.0265
7 62377122 2
7 62379631 2
7 62441780 2
7 62451103 0.0054
7 62512176 1.695
7 62516657 4e-04
7 62522271 0.59260474782974
7 62527265 0.945313019737547
7 62534108 0.9531
7 62540891 0.0217251646106653
7 62551843 0.9531
7 62554661 0.3919
7 62555343 1.58729160900996
7 62555679 1.66226700264254
7 62583869 0.948930680857567
7 62604941 0.539272771893254
7 62616139 0.849702609726482
7 62619556 1.5945
7 62621213 0.00239479165515865
7 62640003 1.06020620732405
7 62643000 1.20274276064829
7 62656244 0.497948623995692
7 62669987 1.16965614258343
7 62674339 0.0442387256069713
7 62681635 2
7 62692784 2
7 62703643 0.1143
7 62708374 0.290177293501284
7 62709371 0.1143
7 62720785 0.1078
7 62728813 0.729096724467248
7 62762616 0.0215584298617177
7 62766918 0.292325430009189
7 62771358 0.1143
7 62777424 0.1143
7 62795625 1.19629786456201
7 62807484 0.16794379563594
7 62810481 2
7 62818084 0.731244767318954
7 62818884 1.664884108023
7 62821422 0.115829784420796
7 62828066 1.70023057113986
7 62830007 0.00701324747393642
7 62836776 1.6392
7 62840043 0.645848060016012
7 62844087 0.1143
7 62844335 0.503875218235539
7 62849420 0.582023996377348
7 62871063 0.1143
7 62881746 0
7 62883984 0.245059333038459
7 62890803 0.86801296044349
7 62893819 0.100376086371224
7 62902719 0.1078
7 62903890 0.75940705019383
7 62903974 1.25482311154452
7 62910214 0.1078
7 62916817 0.974954201912708
7 62932421 0.948340568200816
7 62938953 0.1078
7 62949622 0.184267389137845
7 62960153 0.350023255411413
7 62963363 0.24755872170554
7 62966710 1.67550316914257
7 62979088 2.40133385796287
7 62979111 0.1078
7 62979285 0.725634502178429
7 62982645 1.6392
7 62986124 0.35498172640529
7 62986779 1.7521
7 62993935 0.771392167043509
7 63001006 0.404119725312287
7 63002918 2
7 63013256 0.592126618919271
7 63016876 0.138602852626445
7 63026829 1.01740980506865
7 63055901 0.574683293788275
7 63059543 0.443259970961894
7 63073570 2.989
7 63079561 0.808097335495736
7 63083789 2
7 63084179 0.0157980299013671
7 63101781 2
7 63140879 2
7 63148389 2
7 63161919 2
7 63162019 0
7 63169480 2
7 63176560 2
7 63186644 2
7 63204863 2
7 63219602 2
7 63222019 0.364995150902488
7 63233169 2
7 63233406 1.64682006624355
7 63234751 0.428693422618827
7 63247167 2
7 63258351 0.555854616342543
7 63264218 2
7 63264366 0.847496464636806
7 63349378 0.610938889097609
7 63367113 2
7 63461021 2
7 63462472 2
7 63480306 1.4706
7 63503552 1.8829
7 63516309 2
7 63526248 2
7 63567802 0.659560704687573
7 63646016 2.9981
7 63696041 0
7 63702197 2
7 63717668 0.972698191433983
7 63717766 0.124751120502181
7 63727304 2
7 63733825 0.4481
7 63734378 1.693
7 63749392 2
7 63765304 1.49368449253605
7 63765425 2
7 63765608 2
7 63772281 0
7 63772453 0.9842
7 63789903 2
7 63794514 1.2195
7 63795245 0.4481
7 63799746 1.2195
7 63812794 1.693
7 63817444 0
7 63825816 2
7 63829181 0.712279198860784
7 63830875 0.0360537286821312
7 63831969 0.980540104795384
7 63833902 1.14461584504674
7 63837259 0.1923
7 63841702 2
7 63851684 2
7 63860820 0.398904783689065
7 63878498 2
7 63879890 2
7 63885207 1.119
7 63886069 0.1233
7 63889095 1.105
7 63898874 1.12296448904922
7 63940533 1.1555
7 63946622 1.1555
7 63948811 1.5951
7 63950706 0.1429
7 63960632 1.2853
7 63981888 0.554083865583352
7 63995127 0.1363
7 64004429 5e-04
7 64006833 1e-04
7 64007221 0.500895606797286
7 64008036 0.1363
7 64010136 0.1363
7 64024542 0.1298
7 64031931 0.41780584245662
7 64032709 2.0201
7 64037892 2
7 64044776 2
7 64045167 2
7 64047754 2
7 64052624 2
7 64058381 2
7 64063493 0.932
7 64075823 2
7 64076075 2
7 64076947 2
7 64078704 2
7 64079678 2
7 64080206 2
7 64094949 1.7475716548393
7 64106553 0.0834929999734737
7 64117974 1.74352311668912
7 64124181 1.48475642566218
7 64145200 0.982296582072082
7 64150108 1.4144
7 64150155 0.584937725426926
7 64152406 0.395
7 64154955 1.8068
7 64157236 0.156860985432685
7 64169235 0.748437733575267
7 64169651 1.8304
7 64171665 0.179840619619095
7 64174476 1.8068
7 64193489 0.634665076559761
7 64210560 0.395
7 64225235 2
7 64249435 0.3836
7 64263647 0.3836
7 64269099 0.4924
7 64269123 0.5238
7 64279888 0.5238
7 64289690 0.5182
7 64292821 2
7 64293839 0.87799524305101
7 64298100 0.95505067579546
7 64298104 2
7 64300754 2.1861
7 64301319 2
7 64315282 0
7 64319486 7e-04
7 64325745 0.0332
7 64329528 2
7 64330891 0.0447
7 64336444 2
7 64343621 2
7 64347296 0.4872
7 64349841 0.919479242952945
7 64351426 0.0332
7 64354981 0.4182
7 64366092 2
7 64367071 2
7 64370554 0.0503
7 64376023 2
7 64384089 2
7 64392793 2
7 64393237 0.2441
7 64397733 0.2441
7 64409704 0.2465
7 64416464 2
7 64420499 2
7 64422727 2
7 64426190 2
7 64426673 2
7 64427651 2
7 64428711 2
7 64431534 2
7 64447032 2
7 64449389 2
7 64471782 2
7 64481779 0.2281
7 64492084 2.10433718534811
7 64502733 2
7 64514396 2
7 64519246 2
7 64522937 2
7 64530880 2
7 64561631 2
7 64566477 2
7 64567105 2
7 64573079 0.2281
7 64576630 2
7 64577530 0.2281
7 64610522 1.19391552216087
7 64645060 2
7 64665372 2
7 64673757 2
7 64679146 0.0383
7 64692630 2
7 64728683 0.093
7 64730153 0.0326
7 64761185 2
7 64763513 1.8514
7 64769511 2
7 64783456 1.41416101634838
7 64793192 0.671171125560401
7 64810566 5e-04
7 64822453 1.6898
7 64824867 5e-04
7 64829281 2
7 64833353 2
7 64834913 2
7 64835348 0.0510798771987373
7 64841925 2
7 64862353 0.829578201744373
7 64869919 1.1444633246367
7 64870198 2
7 64874651 1.149
7 64876097 1.149
7 64887349 2
7 64898378 1.5956831846312
7 64899686 0.0273
7 64902921 0.172438042728114
7 64906500 0.732590686660798
7 64909836 1.6872209027035
7 64910766 6e-04
7 64910976 2
7 64924803 2
7 64925684 2
7 64940769 0.00370886254842343
7 64946061 0.629569663906809
7 64947679 1.1867
7 64950770 0.872313726207858
7 64967607 0
7 64968243 5e-04
7 64968280 0.225542134247419
7 64970028 0.0162
7 64971336 0.269589098557731
7 64979323 1.57889805682897
7 64982526 0.551372187966612
7 64984752 5e-04
7 64992452 0.600492122984357
7 65000179 0.743239778066789
7 65008003 0.0107
7 65009400 0
7 65014822 5e-04
7 65019556 0
7 65028141 2.29479180539525
7 65031867 0.0431349375485282
7 65034410 0.240949559050392
7 65051992 0.450692776415403
7 65090240 1.33761344628569
7 65095681 2
7 65098309 0
7 65187482 0.36955212717086
7 65226199 0.000293446523946511
7 65228878 0.0349
7 65229584 0.291720427898613
7 65242418 0.0196
7 65243339 1.4337128236399
7 65244933 2
7 65257000 2
7 65257162 0.184410775868307
7 65268788 2
7 65274339 0.0505166635388411
7 65281624 0.217462733324378
7 65290039 0.650392477642196
7 65294984 0.659898723181307
7 65306264 0.791617692647565
7 65324812 0.1027
7 65378721 1.4165
7 65402650 1.0186
7 65405277 1.0186
7 65411166 0.161347180049502
7 65429686 2.32951736285631
7 65429854 0.650894332550993
7 65430641 0.252778739078868
7 65436733 2
7 65452731 2
7 65454007 2
7 65465128 1.5101
7 65466013 0.0078
7 65469221 1.3836
7 65494347 2
7 65499910 2
7 65505929 2
7 65513956 2
7 65598361 1.61800459448838
7 65607898 2
7 65617995 2
7 65651172 0.195913844749532
7 65712685 1.43791464684134
7 65713099 2
7 65736107 0.0182
7 65763520 0.1028
7 65835655 2
7 65851344 2
7 65862117 2
7 65863367 2
7 65865279 2
7 65895504 5e-04
7 65922691 2
7 65929781 2
7 65940751 2
7 65947414 2
7 65951574 2
7 65965822 0.316447510917204
7 65986625 2
7 65989196 2
7 65990512 2
7 65996588 2
7 66008011 1.37671540820579
7 66009814 2
7 66016297 2
7 66029950 2
7 66042405 2
7 66043558 2
7 66044247 2
7 66047407 0.000121846275062634
7 66049641 2
7 66076198 2
7 66099088 5e-04
7 66099423 6e-04
7 66100087 2
7 66102442 2
7 66115000 2
7 66123662 1.71509053697883
7 66153069 2
7 66162397 2
7 66184912 2
7 66191949 2
7 66193647 2
7 66199754 0.5592
7 66243544 2
7 66256452 2
7 66258859 0.5592
7 66266868 2
7 66275908 0.5811
7 66277156 0.909303440281105
7 66286473 0.7946
7 66301820 2
7 66325040 2
7 66347979 2
7 66349862 2
7 66352346 2
7 66359432 2
7 66366357 2
7 66377558 2
7 66379575 2
7 66389847 2
7 66405439 2
7 66407695 2
7 66413183 2
7 66414546 2
7 66417741 2
7 66430964 2
7 66442152 2.3652
7 66486966 2
7 66496931 1.6751
7 66499076 2
7 66500390 2
7 66501148 2
7 66504118 2
7 66511428 0.5592
7 66511647 2
7 66534333 2
7 66537716 2
7 66539151 2
7 66547746 2.1171
7 66552518 2
7 66555842 0.53678078512561
7 66565625 2
7 66577454 2
7 66581737 2
7 66587454 0.825360856810558
7 66591949 0.943309013011684
7 66597524 2
7 66600775 0.167524219429981
7 66611064 2
7 66612368 0.928655739749441
7 66613005 2
7 66614681 1.72147329750457
7 66618123 2
7 66630959 2
7 66653261 2
7 66657814 1.10587031625291
7 66663692 2
7 66665305 2
7 66671385 2
7 66695963 2
7 66696404 1.81665249618647
7 66696803 2
7 66697770 0.5579
7 66711325 2.8716
7 66719891 0.142032230526608
7 66742380 2
7 66752125 2
7 66752983 2
7 66756956 0.5579
7 66758701 2
7 66768235 0.164114311259569
7 66768636 2
7 66771141 0.284927985676642
7 66774601 2
7 66775021 2
7 66777742 2
7 66795974 2
7 66816053 0.880651014698501
7 66827057 1.13473309739556
7 66858513 2
7 66875616 0.315171812706326
7 66902145 2
7 66905132 2
7 66906133 2
7 66914994 0.116036804821365
7 66920336 2
7 66930064 1.6662
7 66956895 1.7646
7 66962331 0.274920233892752
7 67004819 0.7631
7 67007244 0.704237308191857
7 67011094 0.2335
7 67023874 1.2312443093417
7 67025474 7e-04
7 67035226 0.9494
7 67039732 1.32435627079632
7 67047403 1.49875884291943
7 67054275 0.487648824763101
7 67055451 0.6511
7 67062513 2
7 67063667 0.6511
7 67066032 0.437228340975772
7 67078527 0.6511
7 67086424 0.7349
7 67090859 0.6511
7 67091249 0.7047
7 67092965 0.984
7 67093612 0.5353
7 67095003 0.9038
7 67095715 0.878998746171208
7 67099951 0.9038
7 67108807 0.602
7 67116465 0.6511
7 67118033 0.6511
7 67118583 0.6511
7 67119211 0.6511
7 67128147 0.6511
7 67131057 0.6773
7 67131077 0.399592816434256
7 67138096 0.5567
7 67143054 0.296216769054925
7 67144760 0.6511
7 67147569 2
7 67151829 0.6511
7 67162123 0.602
7 67164632 2
7 67166606 0.626
7 67166934 0.626
7 67168276 2
7 67168289 0.602
7 67180419 5e-04
7 67183489 0.626
7 67191060 0.602
7 67191392 0.602
7 67194390 0.626
7 67196409 0.984
7 67197056 0.9448
7 67197381 0.602
7 67205419 0.9448
7 67206610 0.602
7 67210228 0.602
7 67211081 2
7 67211863 0.602
7 67212905 0.602
7 67220146 0.602
7 67227319 2
7 67227358 0.602
7 67231416 0.602
7 67235203 0.602
7 67257583 0.791259502871199
7 67262753 0.984
7 67267995 0.984
7 67268087 0.984
7 67295524 2
7 67295982 2
7 67296507 4e-04
7 67299123 0.9448
7 67299149 2
7 67311814 4e-04
7 67315066 2
7 67315762 2
7 67323044 0.5032
7 67334749 1.19714978607972
7 67334922 2
7 67340098 1.33005407914864
7 67346968 2
7 67347523 0.984
7 67350783 2
7 67363779 2
7 67364161 1.0211
7 67365993 2
7 67376596 2
7 67382591 2
7 67383215 2
7 67383528 2
7 67384002 2
7 67384786 2
7 67390333 0.755617066240953
7 67391264 2
7 67395583 2
7 67398037 0.4169
7 67405718 0.8296
7 67408277 2
7 67409276 2
7 67417934 2
7 67421381 0.255911502674612
7 67422937 2
7 67423888 2
7 67432360 2
7 67432473 2
7 67439923 2
7 67441436 2
7 67443059 2
7 67444076 2
7 67459959 1.1519
7 67465681 2
7 67465706 2
7 67473114 2
7 67476255 2
7 67497592 2
7 67502560 2
7 67509350 0.331204817463614
7 67521725 2
7 67522387 1.6448
7 67522906 0.0936
7 67530473 0.123438158875432
7 67534624 8e-04
7 67551838 1.2751
7 67554945 0.505234071443745
7 67574999 0.956801883824475
7 67582227 1.50193566911102
7 67587541 0.732382409486303
7 67591230 2.118
7 67594477 0.14872509907731
7 67595009 0.0449
7 67595362 2
7 67602222 2
7 67604963 2.118
7 67606658 4e-04
7 67611866 2
7 67619175 2
7 67624943 0.7501
7 67628919 2
7 67644477 2
7 67646433 0.7147
7 67650209 2
7 67652646 0.4796
7 67656277 0.790404212857729
7 67661728 2
7 67664712 2
7 67665305 0.8125
7 67666187 2
7 67667989 2
7 67668082 2e-04
7 67668404 1.2674
7 67676237 2
7 67676889 2
7 67677696 0.8125
7 67684865 0.279
7 67684913 0.7804
7 67685780 0.279
7 67689664 0.279
7 67690834 0.279
7 67693528 2
7 67694894 0.279
7 67698508 0.279
7 67698789 2
7 67710008 0.7647
7 67723121 2
7 67727941 0.698302234087795
7 67732295 0.68249756700097
7 67733374 2
7 67736018 2
7 67737837 0.6552
7 67743938 2
7 67755451 0.0500129373490189
7 67756729 5e-04
7 67757587 2
7 67758307 2
7 67764690 2
7 67766270 1.34014613752464
7 67772777 2.22631853997239
7 67773650 2
7 67774309 0.5716
7 67777720 2
7 67796539 2
7 67798776 0.1408
7 67799682 0.1408
7 67800819 0.1408
7 67803017 0.1338
7 67803488 2
7 67804534 2
7 67822378 2
7 67829959 2
7 67840030 0.171391423918031
7 67849849 6e-04
7 67849933 2
7 67858198 0.0458
7 67862140 0.04
7 67865259 0.932041981687606
7 67868158 0
7 67887784 0.76230855992783
7 67896040 2
7 67900318 0.425953203399932
7 67904309 0.159605506472646
7 67907325 0.97032767089121
7 67918998 0.716547200025282
7 67919740 0.366070903147147
7 67920096 1.5826
7 67923012 0.137543050930635
7 67934937 0.7144296325506
7 67939602 0.493166693641156
7 67944132 1.1262
7 67946885 0.990017156440998
7 67963455 0.2304
7 67964190 0.2304
7 67967555 0.2304
7 67968354 0.2304
7 67970470 0.1233
7 67971040 0.2304
7 67971431 0.2385
7 67974871 0.1198
7 67977135 0.1233
7 67983198 2
7 67992584 1.4831
7 67999516 0.1062
7 68004408 1e-04
7 68006052 1.4831
7 68010178 2
7 68031916 2
7 68048783 1.6434
7 68062875 1.4989
7 68068746 1.6434
7 68070673 0.291235290783777
7 68106349 0.0288949887577146
7 68107965 0.846454271144552
7 68130082 2
7 68142222 2
7 68155468 1.50128477054947
7 68168453 0.6807
7 68168841 0.933070126401665
7 68178999 2
7 68179908 2
7 68182063 0.790714649591668
7 68187421 1.8383
7 68199841 2
7 68225124 2
7 68229353 2
7 68229657 2
7 68230837 2
7 68231089 2
7 68231884 2
7 68247592 0.00593901544948848
7 68262518 0.8345
7 68272792 2
7 68303097 2
7 68305217 2
7 68311843 2
7 68321418 1.6115
7 68330878 0.365061970835614
7 68333473 2
7 68339689 1.6315
7 68358273 1.9841
7 68361403 1.15988447266199
7 68361888 1.57195903221146
7 68361906 0.773235418027662
7 68362632 0.889030389923689
7 68364309 1.29270368685408
7 68367244 0.0453586355137378
7 68385166 1.46168466526606
7 68395241 0.0217
7 68395500 2
7 68395588 2
7 68395620 0.2582
7 68395892 2
7 68395932 0
7 68395966 2
7 68425724 1.5979
7 68432989 0.00814528519355293
7 68445656 2
7 68461098 0.849312724496492
7 68463871 0.166207402531282
7 68475514 2
7 68482974 2
7 68492348 2
7 68512183 1.8176
7 68526449 2
7 68531996 2
7 68536911 2
7 68544193 2
7 68545327 0.1028
7 68546703 0.7257
7 68553853 2
7 68555570 2
7 68557945 2
7 68566024 0.7961
7 68566698 0.7961
7 68570984 0.7961
7 68575228 1.7015
7 68578197 1.15528298950204
7 68589398 2
7 68590027 2
7 68590147 2
7 68590697 2
7 68593621 2
7 68600282 1.441
7 68601115 2
7 68631849 1.7634
7 68639201 2
7 68639580 0.34
7 68657934 2
7 68664090 0.812
7 68695170 1.39996860510373
7 68697640 2
7 68706173 2
7 68716208 2
7 68716492 2
7 68716543 2
7 68716705 2
7 68717315 2
7 68722228 2
7 68727457 2
7 68746182 2
7 68781595 1.63659550973351
7 68782827 2
7 68793891 2
7 68806479 2
7 68813088 2
7 68837531 1.7128
7 68854876 0.0671607240590059
7 68886163 2
7 68922725 2
7 68928159 2
7 68933372 2
7 68935060 0.5876
7 68935076 0.1485
7 68941695 2
7 68942754 2
7 68942973 2
7 68944278 2
7 68944910 2
7 68945637 2
7 68953777 1.1826
7 68954122 0.462211019341394
7 68954257 1.04669733785382
7 68959784 2
7 68959837 0.0078
7 68965172 2
7 68966249 2
7 68976185 0.0549975738061773
7 68976450 2
7 68987656 1.47532038859677
7 68989895 1.26657947675871
7 69001907 0.3691
7 69007169 0.3691
7 69011754 0.3691
7 69011782 0.3691
7 69021234 0.3691
7 69029731 0.3691
7 69031328 0.3691
7 69033957 2.03817006234018
7 69039063 0.0757
7 69040087 0.0696
7 69042191 0.0696
7 69057555 0.6798
7 69067994 0.185498165736469
7 69069113 0.3421
7 69079510 0.2539
7 69081771 0.2539
7 69099602 0.7638
7 69104305 0.3243
7 69104794 0.817047915587231
7 69116509 8e-04
7 69123348 0.290156351015384
7 69130550 0.3342
7 69136475 0.3243
7 69142707 0.181810991768286
7 69155565 2
7 69157032 2
7 69163598 4e-04
7 69167264 0.7048576508245
7 69181356 0.0790473486868802
7 69183337 1.24678329495154
7 69184981 0.509228247798054
7 69192786 2
7 69202798 1.0064
7 69203772 0.8816
7 69211840 1.0064
7 69215465 0.801
7 69219097 0.3595
7 69221458 0.801
7 69251063 0.1028
7 69256100 1.08767255511605
7 69274632 0.2959
7 69277039 2.4105
7 69279826 0.106
7 69307916 1.60843846526449
7 69308930 0.255
7 69327337 0.346059595402022
7 69341786 4.10877798736179
7 69354680 0.293203502251327
7 69356076 1.7623
7 69372186 0.0766705221272296
7 69376505 0.484912828839748
7 69379000 1.31980909941889
7 69379895 1.19459647723708
7 69385369 0.134993776769548
7 69393217 1.45178164291902
7 69400768 1.13278655996554
7 69402473 2
7 69403025 2
7 69405272 1.45771493670361
7 69418640 1.50023929232237
7 69426881 0.366007566021651
7 69427323 2
7 69439743 2.3971
7 69444754 2
7 69454716 2
7 69459378 2
7 69459458 5e-04
7 69460030 2.1657
7 69470801 2
7 69479286 2
7 69480297 2
7 69485983 0.190452582655284
7 69490936 2
7 69505438 1.55074474920837
7 69529086 0.0361669017817517
7 69536756 1.17686487818155
7 69543232 5e-04
7 69547153 2
7 69551588 0.831976899390942
7 69570625 2
7 69571311 2
7 69592105 2
7 69602044 0
7 69602046 0
7 69609782 2
7 69623373 2
7 69655385 2
7 69716429 1.4616
7 69733077 2
7 69754018 0.0558
7 69773172 0.877839233010848
7 69808174 1.7579
7 69836627 1.7905
7 69870479 1.7933
7 69891752 1.9272
7 69965058 2
7 70048757 0.4266
7 70163342 1e-04
7 70274704 1.2235
7 70299830 0.1609
7 70345906 1.1409
7 70405218 5e-04
7 70427036 1.6784
7 70437517 2
7 70479748 2
7 70483255 2
7 70497658 0.7247
7 70545240 0.0945
7 70582211 2
7 70585880 5e-04
7 70602177 2
7 70617666 0.4675
7 70626176 0.0832
7 70639390 0.1466
7 70644235 2
7 70651072 1.5588
7 70652551 2
7 70655958 0.4995
7 70657951 1.3251
7 70665051 1.9046
7 70668321 1.9286
7 70678091 0.416175963543296
7 70680698 2.23976438329536
7 70701799 1.0565
7 70707426 2
7 70713166 0.891181785795589
7 70727510 2
7 70728657 2
7 70765808 2
7 70766084 1.2711
7 70780421 2
7 70795742 2
7 70801529 2
7 70804433 2.1751
7 70805686 2
7 70806922 0.540024823947341
7 70817699 0.8902
7 70823256 0.8089
7 70825805 0.690417311217646
7 70827884 0.8902
7 70828929 0.8902
7 70829038 0.8902
7 70831322 2
7 70835495 0.3369
7 70846762 0.07
7 70850338 0.8089
7 70850466 0.8089
7 70851578 0.8089
7 70852465 0.07
7 70853422 0.07
7 70861224 0.07
7 70868148 2.0686
7 70869113 0.07
7 70872242 2e-04
7 70872299 6e-04
7 70875422 2.1524
7 70877070 0.1524
7 70878463 2.1524
7 70892939 2.1524
7 70899116 1.57345964829198
7 70908633 0.1651
7 70915058 0.0861
7 70921037 1.09258075807343
7 70931456 1.33729384832143
7 70931534 1.05638205296423
7 70935186 0.597377818937984
7 70935573 0.902375112552561
7 70941787 0
7 70951251 0.3267
7 70953127 0.3267
7 70961284 0.3267
7 70961706 0.3267
7 70973869 2
7 70976522 1.8001
7 70985578 2.0275
7 70989209 0.819177491239323
7 70997027 0.46968238438914
7 71003690 0.2424
7 71015841 2
7 71028989 0.477103152393347
7 71042676 0
7 71065450 1.1316
7 71065595 0.5937
7 71066458 0.3617
7 71076582 0
7 71107910 0.383661715727257
7 71111995 2.1953
7 71114962 0.691124545054378
7 71122159 2.2852
7 71125518 0.865743428265483
7 71138325 0.0327
7 71141784 0.769679156062259
7 71144464 2
7 71150412 2.4365
7 71151827 0.498880539977765
7 71152758 2.5066
7 71154112 0.709732722721491
7 71157237 0.601062137661411
7 71171445 0.555393372361493
7 71176659 1.1771
7 71200312 1.56983201147139
7 71201136 1.17562144229134
7 71201313 0.763793086746642
7 71204707 0.322740441086779
7 71205233 0.12589745303169
7 71240676 0.454657210000609
7 71241515 1.87249203073554
7 71244361 1.5994
7 71261033 1.6189
7 71261956 0.4143
7 71270397 0.333474563946469
7 71273532 0.183128754078652
7 71278047 0.197564044065712
7 71282758 0.1246
7 71286015 2.2852
7 71290793 2.5898
7 71302716 0.64699389487671
7 71310539 2.6908
7 71321072 0.0539
7 71339436 0.0539
7 71345147 2.28541485736422
7 71374722 1.23259315402205
7 71391653 1.1211
7 71424509 0.1533
7 71439576 0.022373722206309
7 71450138 5e-04
7 71454850 0.0579062037240852
7 71460346 1.53659760776924
7 71482120 0.71208332142765
7 71512600 0.695621923577855
7 71531112 2
7 71533387 0.8679
7 71551627 2
7 71561051 1.5586
7 71578630 0.0996
7 71583157 2
7 71600222 3.1248
7 71601180 0.913542705669966
7 71616260 1.2334
7 71617595 0.900952565062298
7 71619213 0.255
7 71621549 0.910463934346704
7 71641413 0.252182734499425
7 71670287 2.1546
7 71673741 2
7 71684980 0.0651
7 71687637 2
7 71695152 2
7 71736227 0.7621
7 71743373 2
7 71749273 0.047
7 71749276 0.047
7 71786770 1.0789
7 71808464 2
7 71825496 2
7 71846541 0.05950454144395
7 71847758 2
7 71861237 0.625538483767657
7 71861563 2.45491971439748
7 71862474 0.773742937196483
7 71864894 1.3414823063867
7 71871955 0.451247204826668
7 71888990 0.146664057151584
7 71894723 0.480971119945894
7 71902839 0.502859230388279
7 71905101 1.04450408264958
7 71926449 2
7 71940759 0.2452
7 71943375 2
7 71943481 2
7 71943606 0.566284154901809
7 71946332 1.1599
7 71949131 0.0246571864989257
7 72025664 2
7 72027029 0.8704063691875
7 72032122 0.71716618459169
7 72040384 2
7 72054413 5e-04
7 72054490 2
7 72054492 0.0265
7 72054502 0.0265
7 72060168 0.76807640274665
7 72096325 0.0217
7 72147958 2.4964
7 72154989 2.33599634052045
7 72163223 2
7 72168617 1.3993
7 72174185 1.50504078164945
7 72175058 0.95325986340294
7 72177421 2
7 72185695 0.644475708821747
7 72187995 2
7 72197459 0.6488
7 72203981 6e-04
7 72215065 2
7 72215718 2
7 72220719 0.4488
7 72226093 1.4921
7 72246566 0.3596
7 72250229 2.5898
7 72256064 0.2331
7 72261947 1.385
7 72273521 0.255468033491761
7 72276247 0.0479
7 72276656 2.978
7 72278238 0.4488
7 72286131 0.8443
7 72287792 1.3911
7 72291563 0.7889
7 72291912 0.7888
7 72302203 1.41
7 72315992 1.41
7 72321736 0.2097
7 72322931 0.6748
7 72323014 2
7 72335680 0
7 72342201 0.8443
7 72355878 1.3729
7 72387274 0.5701
7 72407838 0.7532
7 72415156 2
7 72433047 1.6026
7 72456765 2
7 72458726 2
7 72458976 2
7 72469546 0.423988581328306
7 72487710 0.32644171487313
7 72499879 0.327362023392909
7 72499915 0.6899
7 72523145 2
7 72643123 1.1769
7 72661017 0.761709306276562
7 72661215 5e-04
7 72661242 0.935356816996353
7 72695949 0.621547619053248
7 72711855 0.427169205187931
7 72729193 1.29575563485735
7 72734814 0.858776165561266
7 72748829 2.15653374032482
7 72755955 0.0043
7 72761590 0.281104966316302
7 72764401 0.00560266167756387
7 72775940 0.820629296587986
7 72786573 1.93610241834921
7 72786735 1.09446085599678
7 72787808 0.176027463177546
7 72792278 0.638226269401714
7 72800907 0.0935349051329628
7 72835805 0.0043
7 72839142 0.0043
7 72859857 1.26
7 72864057 2
7 72891725 0.0043
7 72966867 2
7 73012331 0.0078
7 73156169 5e-04
7 73316042 0.0261
7 73351449 0.0261
7 73360323 2
7 73378045 0.026
7 73421508 2
7 73424165 5e-04
7 73441590 1.0773204905715
7 73450539 1.2674
7 73484006 2
7 73568980 1.2195
7 73573024 2
7 73601299 2
7 73623626 1.2195
7 73624718 2
7 73642663 2
7 73649014 0.0572
7 73657848 2
7 73671653 2
7 73676649 0
7 73678563 2
7 73686807 2
7 73687988 2
7 73689891 2
7 73693875 2
7 73697174 0.0502
7 73736890 2
7 73743151 2
7 73743552 2
7 73751424 2
7 73761022 0.202199125214927
7 73808747 0.24894448434236
7 73811362 0.165599644818742
7 73827945 0.7401553932439
7 73829508 5e-04
7 73838570 0.538533780714282
7 73842570 0.0548475816315978
7 73849045 2.0721586985829
7 73850770 2
7 73852172 2.19414342541761
7 73864538 0.439167755276047
7 73887336 0.6907
7 73918000 0.481956921191868
7 73924968 1.34030425120574
7 73931254 0.53743622588063
7 73944794 0.762481464262239
7 73965762 0.551737571172022
7 74003741 0.2353
7 74025911 1.3556
7 74071171 2
7 74075824 5e-04
7 74114311 0.0462
7 74124832 0.0291
7 74125501 1.51712874012498
7 74131857 2
7 74135477 5e-04
7 74138141 0.0078
7 74144572 0.0078
7 74168012 2
7 74168244 2
7 74168847 1e-04
7 74216847 2
7 74247024 3.1148
7 74248848 2.3695
7 74251571 0.323478833402043
7 74289635 5e-04
7 74292211 1.3509
7 74296571 0.112973371051134
7 74299843 1.52095452354223
7 74321005 2.0069
7 74325764 0.74111133501527
7 74328936 0.171087439355064
7 74336012 0.312796464225983
7 74338369 1.3222952131191
7 74339981 0.0541688287801074
7 74342386 0.0463784798689498
7 74342712 0.0404
7 74350140 1.988
7 74351602 0.820718198782623
7 74358413 1.30334855200122
7 74378106 0.8916
7 74385113 0.7532
7 74394245 0.4092295289877
7 74396816 0.0638
7 74397665 3.4287
7 74397827 0.2242
7 74398627 0.2091
7 74414168 0.5572
7 74414178 0.5147
7 74414195 1.06852843451516
7 74456081 1.15599913218495
7 74489416 0.715586687997838
7 74492391 2
7 74496485 0.915192977914425
7 74527801 1.317
7 74590626 2
7 74670689 0.439293364251534
7 74708389 2
7 74791130 0.5973
7 74880069 1.67175370242509
7 74896940 2
7 75016311 1.73709116674924
7 75045520 0.4252
7 75049668 1.30336163362889
7 75056199 2
7 75060371 2
7 75065781 2
7 75101823 2
7 75123720 0.0265
7 75236472 1.1792684956163
7 75236539 0.406604312788827
7 75420990 5e-04
7 75439557 2
7 75440160 1.27768443143988
7 75453399 0.0265
7 75468285 2
7 75525718 0.0265
7 75529589 0.145310155447114
7 75532721 2.22781664551338
7 75538614 2
7 75546773 2
7 75546898 2
7 75574700 2
7 75589398 2
7 75589719 6e-04
7 75600317 1.0708
7 75600946 2
7 75601302 2
7 75611706 2.0558
7 75616808 2
7 75619253 2
7 75630519 4e-04
7 75637992 0.248404598626297
7 75654065 1.12751705378168
7 75657985 0.907436865569728
7 75664085 2.6446
7 75667603 1.1214
7 75669409 1.1214
7 75670557 0.493118460994172
7 75679251 0.426104072497641
7 75679605 0.776340545172957
7 75683909 2
7 75689377 2
7 75713889 0.0935528412426228
7 75716817 0.0264
7 75732074 0.765801714849129
7 75733430 1.67760582488783
7 75739785 2
7 75743611 2
7 75760376 2
7 75780536 0.155123772436381
7 75794635 2
7 75798571 2
7 75799982 2.9967
7 75800413 0.2955
7 75800980 0.146
7 75803140 1.0789
7 75804167 0.146
7 75807109 0.836179114492263
7 75807171 0.294625133284043
7 75808953 0.46148218607944
7 75811466 2
7 75811790 2
7 75812926 0.0078
7 75816456 0.953576006690156
7 75820139 5e-04
7 75824891 0.250344987317905
7 75827997 0.1655
7 75831249 1.1149190388796
7 75836214 0.24571957912235
7 75878863 4e-04
7 75889942 1.884
7 75909409 2
7 75965497 0.7205
7 75966103 0.0085
7 75971545 0.6759
7 75988979 6e-04
7 75989050 2e-04
7 75992963 0.208
7 75999351 0.2668
7 76009276 0.5884
7 76024948 2
7 76025659 1.1477
7 76051385 1.1796
7 76055830 0.0733
7 76070400 2
7 76073187 1.1796
7 76087463 0.7892
7 76117091 1.0334
7 76132413 2.2852
7 76134463 0.7892
7 76139327 0.7892
7 76140479 0.8085
7 76140919 0.7892
7 76143095 0.7892
7 76149308 0.7892
7 76152318 0.7892
7 76166352 0.7892
7 76187003 0.196
7 76211908 2
7 76238692 1.4053
7 76245977 0.9841
7 76246382 0.9841
7 76247436 0.9326
7 76269766 0.1028
7 76294759 0.9953
7 76314035 1.0533
7 76318236 1.0533
7 76327679 2e-04
7 76333852 2
7 76341335 2
7 76356465 2
7 76376851 1.88751363535427
7 76397141 0.742171388578423
7 76399268 2.63562300452405
7 76402772 0.366923066085619
7 76405340 5e-04
7 76405341 5e-04
7 76406055 1.07759435840454
7 76407063 0.0687007995656832
7 76410131 0.716801705111128
7 76420784 2.1
7 76425572 0.627408866560202
7 76432201 2.784
7 76475271 0.432202018482607
7 76499801 2
7 76506023 0.219831432940276
7 76562449 0.580059170648637
7 76564711 0.203533326566519
7 76569615 0.3196
7 76570516 0.262413169797597
7 76587839 1.08585652878187
7 76597732 0.0075
7 76599023 0.530300099672883
7 76603485 0.861828333353663
7 76603555 2.08588852382756
7 76604127 0.0075
7 76610386 0.3196
7 76612022 1.450036652802
7 76618959 2.30731772659763
7 76620491 0.3196
7 76623264 0.642838570505653
7 76624815 0.570407015658775
7 76632598 0.269635008708554
7 76635380 0.171277262252681
7 76640850 5e-04
7 76646758 0.5979
7 76657244 0.2353
7 76658148 0.947687405175881
7 76662878 0.0163373917122859
7 76663530 2
7 76691170 0.527276228239442
7 76712169 2
7 76712995 0.873945569906617
7 76715373 0.404307679020735
7 76719248 1.57700892575191
7 76747614 0.178
7 76747797 2.11449485476796
7 76761653 0.637632735980143
7 76770249 2
7 76784534 0.723025152943977
7 76786391 0.503698579736304
7 76788823 2
7 76791707 2
7 76801552 2
7 76805118 2
7 76811574 3.9018
7 76818633 0.623884707249397
7 76841222 0.249001905439395
7 76848266 0.129353939843145
7 76852627 0.0032
7 76853628 0.451211139763877
7 76866489 1.20213289731506
7 76888360 1.1062
7 76891584 0.0869614016477663
7 76895720 0.762574072546622
7 76899808 2.5017
7 76903198 0.573486557126479
7 76916925 0.0112968347721829
7 76925665 1.6649
7 76939690 0.115642935555133
7 76946676 0.611476008503396
7 77008836 1.39620583111679
7 77060292 0.2024
7 77074135 0.438708599934265
7 77084784 0.57511478926845
7 77084785 0.0990531426816544
7 77090427 1.07936629002374
7 77094881 0.111294973377274
7 77096056 0.858230187441726
7 77114661 0.5548
7 77141926 0.8206
7 77143782 0.563387844048105
7 77157469 0.5766
7 77157673 0.781198058468974
7 77183137 1.27401458978537
7 77191794 2.99
7 77233853 2.5345
7 77238798 0.0607461556508079
7 77241796 0.968135846961872
7 77244021 0.0613278482847714
7 77248592 0.0607436772401353
7 77251313 1.10311528800602
7 77257885 0.451790900270022
7 77264074 1.6697
7 77265565 0.352081727327778
7 77267024 0.0502
7 77267281 0.0502
7 77267635 5e-04
7 77276803 0.423320852912208
7 77277846 4e-04
7 77279718 1.96071141663604
7 77281257 1.1043
7 77285443 2
7 77288266 1.0003
7 77288461 1.1043
7 77289751 1.6583
7 77293265 2
7 77293449 1.0003
7 77294178 0.706706899659479
7 77295414 1.6511
7 77295986 0.264257027807138
7 77296420 0.639761688236122
7 77297040 0.172978961504658
7 77300083 0.37395130614529
7 77312879 1.1043
7 77317116 1.1043
7 77329240 0.8779
7 77334939 0.8779
7 77343801 2
7 77344523 1.1043
7 77346415 2.8716
7 77349667 0.705508222237714
7 77358186 0.802250011884623
7 77359706 2.15627407638464
7 77365172 0.612260282329842
7 77367314 1.1516
7 77371440 1.09336134963203
7 77377217 4e-04
7 77386381 0.494943568225828
7 77404186 1.2694
7 77415675 4e-04
7 77417146 2.56383709963179
7 77438264 1.14272188333017
7 77440257 0.734155351224596
7 77440946 1.4799
7 77443756 2
7 77446511 2
7 77449557 0.8107
7 77456653 1.5392
7 77458562 1.5392
7 77458640 4e-04
7 77461766 1.5716
7 77468918 2
7 77469455 2
7 77475960 1.6974
7 77476552 0.621208800623649
7 77477642 1.5127
7 77478148 0.1918
7 77504288 1.232
7 77509265 1.7742
7 77536152 0.7453
7 77546257 2.2337
7 77547573 0
7 77550935 1.791
7 77570349 2
7 77603192 1.791
7 77605744 1.7742
7 77615837 1.791
7 77625480 0.0623725541673481
7 77628682 0.7275
7 77646106 0.312526735724876
7 77669435 2
7 77671171 2
7 77672693 4e-04
7 77676949 2
7 77702168 2
7 77720392 1.99094760596282
7 77725409 2
7 77733376 1.7579
7 77771990 2
7 77790854 2
7 77799176 1.7421
7 77814797 1.7421
7 77839963 4e-04
7 77854282 2
7 77856423 1.0683
7 77859502 1.7421
7 77872961 1.7421
7 77912356 0.1909
7 77920004 2
7 77932057 2
7 77969221 2
7 77975965 2
7 77979823 0.557358362642938
7 77981672 0.3015
7 77996534 0.6939
7 78004761 1.3204
7 78042138 2
7 78058765 1.5596506702088
7 78062422 0.289321188519138
7 78070703 0.749243043218499
7 78074670 2.08809684896733
7 78076231 2
7 78085294 2
7 78086268 0.230743696416535
7 78092722 2.1685
7 78101160 0.179098686075649
7 78108757 1.0198
7 78112078 0.640976680576973
7 78114871 0.549814961553677
7 78116031 0.423381324959304
7 78116959 0.355734277797281
7 78120949 1.19443492488047
7 78131424 0.225643857075813
7 78172354 2
7 78204977 2
7 78204979 2
7 78205402 2
7 78206291 2
7 78207814 2.04313088167548
7 78212449 0.2833
7 78244058 2
7 78257425 1.18503599087006
7 78259353 0.7874
7 78262504 1.68883107386034
7 78266108 0.148370654729402
7 78267238 1.1064
7 78269844 0.735571219260911
7 78282497 2.15374253179039
7 78291886 2.6292
7 78293071 2
7 78295275 0.0502
7 78297841 0.2802
7 78299450 2
7 78302550 0.0641734828134347
7 78313629 0.726967499544686
7 78317950 0.252558698676642
7 78318577 2
7 78320099 0.416621157304331
7 78327150 2.4964
7 78331013 0.264734467699418
7 78332205 1.8085
7 78343310 0.1985
7 78354872 0.1113
7 78358882 0.1113
7 78361329 0.1113
7 78361392 0.2071
7 78372748 0.1612
7 78373186 0.1612
7 78373457 0.1612
7 78378321 0.1194
7 78379554 0.1128
7 78383346 1.05805918766689
7 78384023 0.404510337334748
7 78395816 0.2667
7 78396110 1.53984622211045
7 78410131 4e-04
7 78416250 2
7 78422882 2
7 78432192 1.7742
7 78436609 2
7 78440913 4e-04
7 78443163 0.846002409366408
7 78446245 0.0221353845314082
7 78453542 0.1469
7 78456603 1.96908467027383
7 78462346 0.0199
7 78463335 1.29163449204565
7 78475867 2
7 78484684 2
7 78484865 2
7 78487516 2
7 78488393 2
7 78496937 2
7 78508888 2
7 78513868 2
7 78515055 2.0859
7 78516083 2
7 78522528 2
7 78529095 2
7 78537055 0.0078
7 78538872 2
7 78546767 1.4848
7 78556111 0.665389670994794
7 78564856 1.0507
7 78564880 0.111444468177723
7 78572852 0.624577899891922
7 78593900 2
7 78609449 0.1462
7 78611243 2
7 78640059 2
7 78650667 0.858913015745212
7 78655998 0.696263396688238
7 78685466 1.5039
7 78686765 1.46554251602306
7 78690610 1.10770916510315
7 78706031 0.0830733580641631
7 78721278 1.1337
7 78728413 1.29672337388248
7 78728641 0.8217
7 78745750 0.134254429128179
7 78772261 0.0502
7 78777882 0.6014
7 78789529 0.25431241425862
7 78790625 0.600818743252795
7 78797795 0.222767425259
7 78801779 1.01401376297252
7 78803491 0.1059
7 78835884 2
7 78836964 1.1209
7 78836965 1.1209
7 78840216 1.39388202865887
7 78853583 1.3227
7 78859421 0.0053
7 78864421 1.52746981712397
7 78866151 0.342127718691894
7 78868016 0.373457872293099
7 78872489 1.3227
7 78874803 0.669322815441505
7 78877158 2
7 78882596 2
7 78884824 1.0789
7 78893300 2
7 78896788 2
7 78908462 0.172311192725858
7 78914856 0.759486227884151
7 78949973 0.72388584078272
7 78978221 0.857167713609296
7 78989630 2.06706045475247
7 78992296 1.5383
7 78997605 5e-04
7 78999140 2
7 79001973 2
7 79005168 1.60964802868622
7 79014643 2
7 79028235 1e-04
7 79035170 0.550713599884865
7 79035377 0.0672824639563623
7 79056154 2
7 79059105 1.528
7 79061420 0.0742
7 79071194 0.0742
7 79111309 0.394
7 79150692 0.3015
7 79213224 2.562
7 79218877 0.087
7 79219910 0.087
7 79219980 0.087
7 79223042 0.2516
7 79253099 0.2516
7 79276019 0.2434
7 79278233 0.2434
7 79282905 0.0266
7 79289862 0.2434
7 79295820 0.2683
7 79299709 0.0107
7 79309438 0.2353
7 79310196 0.0235
7 79310763 0.2599
7 79318666 0.128
7 79322615 0.2599
7 79340052 0.7323
7 79344217 0.0266
7 79346373 0.7914
7 79347052 0.7914
7 79356041 1.1661
7 79360139 1.1661
7 79365408 0.0266
7 79365785 1.012
7 79366179 0.5563
7 79374615 0.5563
7 79376031 1.7222
7 79395790 1.1661
7 79406922 1.089
7 79407914 1.4219
7 79429007 1.37253879618476
7 79438372 2
7 79448328 0.653300085425606
7 79452090 2
7 79468019 2
7 79469130 0.2318
7 79480811 0.2318
7 79481476 2
7 79483596 2
7 79510808 2
7 79530842 1.6434
7 79537419 1.3067
7 79543065 1.3067
7 79608812 1.4266
7 79617834 1.2205
7 79620992 1.4266
7 79627266 1.4266
7 79654774 1.31653417727383
7 79661801 1.01583942786534
7 79663339 1.2271562280805
7 79665264 1.27338307209857
7 79692222 0
7 79703181 2
7 79706624 0.5017
7 79730340 0.490747486819541
7 79737315 1.1826
7 79740104 0.0564
7 79752214 2.1918
7 79770163 8e-04
7 79776805 0.0564
7 79783834 1.7934
7 79784173 0.0564
7 79802057 0.268824647524621
7 79804061 0.0332
7 79813446 0.9176
7 79826359 1.3109
7 79830756 0.4841
7 79845787 0.4841
7 79856145 0.9724
7 79861998 8e-04
7 79865340 1.1667
7 79892120 3.0105
7 79900222 0.9724
7 79901566 1.1667
7 79946580 0.0684
7 79947869 2
7 79955649 8e-04
7 79966513 0.4998
7 79975436 1.906
7 79992406 4e-04
7 79995173 1.218
7 79995198 4e-04
7 80006579 2.8216
7 80007683 2.8216
7 80028977 2
7 80042600 2
7 80058190 2
7 80058528 2
7 80065675 2
7 80074795 2
7 80103609 2
7 80105713 0.1006
7 80110601 0.9217
7 80129256 2
7 80134573 1.5119
7 80157312 0.00313280619361098
7 80167348 2.2611
7 80206388 0.806163234714006
7 80229167 4e-04
7 80232600 2
7 80254396 2
7 80259497 0.490657513920922
7 80265213 2
7 80273659 2
7 80368323 1.2674
7 80382710 0.055
7 80388927 0.1028
7 80406781 2
7 80419350 0.2386
7 80438036 2
7 80444590 2
7 80448617 2
7 80453775 2
7 80456829 0.1028
7 80461187 1.71472498921795
7 80466043 0.380100443396168
7 80493667 4e-04
7 80511558 2
7 80516910 0.831785274423209
7 80521897 1.8453
7 80528731 2
7 80532399 2
7 80537751 0.8027
7 80542261 0.6213
7 80546489 0.6213
7 80548202 4e-04
7 80552404 0.4615
7 80552859 1.6307
7 80558528 0.7892
7 80564452 2
7 80566890 6e-04
7 80566891 5e-04
7 80567423 0.3088
7 80572319 1.7345
7 80572555 0.4418
7 80590626 2
7 80591845 1.6307
7 80599997 2
7 80611192 2
7 80611373 2
7 80618685 2
7 80619020 2
7 80620730 2
7 80622979 2
7 80648791 1.662
7 80649247 2
7 80654007 2
7 80663587 4e-04
7 80668857 2
7 80682896 2
7 80691317 2
7 80715233 4e-04
7 80722675 1.3539
7 80727685 0
7 80742378 0
7 80742511 0
7 80748450 1.3998
7 80749223 1.71525717356855
7 80749322 2.4365
7 80751515 0.0897
7 80752481 1.2086
7 80758450 1.0844
7 80761898 1.0844
7 80763101 1.2618
7 80766412 1.6407
7 80766574 1.5635
7 80796527 0.360284398629124
7 80800083 0.5368028278511
7 80847604 1.1325
7 80914878 2
7 80920992 1.20380548095547
7 80922372 0.806276433663755
7 80927728 2.50713002846116
7 80929313 2
7 80934069 0.170662086479832
7 80947404 0.1028
7 80967150 0.349296594230925
7 80967561 0.25847408625531
7 80975217 2
7 80990259 0.472806769911614
7 80993926 2.0671
7 80994820 2.0671
7 81005596 2
7 81036075 2
7 81053645 2
7 81058895 1.3695
7 81061616 0.0078
7 81062637 2
7 81066608 0.1055
7 81071323 2
7 81073150 0.294919901969681
7 81074655 0.1028
7 81078453 2
7 81081367 1.1974
7 81086567 2
7 81097133 1.02878417687005
7 81102285 0.0685154167175226
7 81102565 2
7 81103374 2
7 81107250 2
7 81118754 2
7 81134327 2
7 81149386 0.487824039506274
7 81151292 0.609340255961049
7 81152840 1.69009647167509
7 81156531 0.124512949334225
7 81163109 1.20572943589215
7 81172794 0.526267776455828
7 81177068 0.981028505613408
7 81179861 0.463078101670684
7 81197770 1.78751346696349
7 81205258 1.8881
7 81208075 1.43695749659342
7 81211120 0.170564146896533
7 81212007 1.0911
7 81233994 1.0848
7 81234884 0.631737458413788
7 81244870 2.1063
7 81258352 2.978
7 81259882 2
7 81262543 2
7 81267591 2
7 81272353 2.0836
7 81274124 2
7 81274320 2.0836
7 81286184 2
7 81292189 1.2214
7 81303754 1.2214
7 81323179 0.0624
7 81330009 0.0564
7 81364830 2
7 81370471 1.3151
7 81401303 1.60880070664621
7 81401315 0.8371
7 81416646 0.807
7 81425586 2
7 81445050 0.277551640466875
7 81445739 1.58180280501546
7 81447234 0.336447564036854
7 81470598 2
7 81476154 2
7 81476918 2
7 81477308 2
7 81477931 2
7 81478355 2
7 81478467 2
7 81479131 2
7 81481649 2
7 81481655 2
7 81482345 2
7 81557578 2
7 81586847 1.2091
7 81592725 2
7 81599562 2
7 81619494 1.2091
7 81630717 1.2091
7 81634540 1.2091
7 81652529 2
7 81655392 1.7629
7 81659548 2
7 81663505 2
7 81690761 1.1658
7 81696314 0.792466831784858
7 81698765 1.562187493541
7 81725750 0.707517230223357
7 81730187 0.739482866424535
7 81732874 0.88317859554866
7 81739119 0.468675924490802
7 81740948 0.494744466945705
7 81743136 0.863993153144845
7 81746630 0.758620309923991
7 81783264 2
7 81799630 2
7 81805457 4e-04
7 81820734 0.242716951198619
7 81828014 0.180141444862533
7 81828340 0.599477510764307
7 81836987 2
7 81847302 0.9842
7 81847920 0.9842
7 81872786 2
7 81884515 1.1792
7 81897600 2
7 81898161 2
7 81898882 2
7 81899825 2
7 81901632 2
7 81903941 1.1792
7 81911280 2
7 81920543 0.0114904550540408
7 81976076 1.2165
7 81977579 2
7 81992001 2.6443
7 82039401 1.1021116678186
7 82057566 5e-04
7 82060166 0
7 82076206 2
7 82078029 2
7 82079249 0.330722179201799
7 82084376 2.57563681781507
7 82093674 0.1016
7 82094390 2
7 82096074 0.306341043822088
7 82102615 0.0107
7 82111806 1.46891326190266
7 82114135 1.8647
7 82116959 1.8265
7 82130241 1.18803606389982
7 82138050 0.106455086242745
7 82138249 1.57278794096137
7 82140721 1.8085
7 82141154 1.4713
7 82144186 1.06863820489287
7 82145793 0.499569176859581
7 82150270 0.2282
7 82151508 1.2437
7 82152181 1.35397018336706
7 82152325 1.1884697388172
7 82154368 0.3227
7 82155704 0.8687
7 82156805 2.9807
7 82160999 0.6448
7 82168377 0.6813
7 82169897 0.754
7 82173599 1.7793
7 82183951 0.0846
7 82216026 1.7231
7 82221200 0.979306566913249
7 82223171 1.7342
7 82248372 0.0492046158170468
7 82267930 1.05941310978484
7 82268107 2
7 82277750 0.100315441600475
7 82277932 2
7 82279077 1.0301
7 82284126 1.0301
7 82294597 1.57847513151804
7 82301203 1.8715
7 82303433 1.5114
7 82308507 0.71810786867321
7 82314553 0.9067
7 82317988 0.9067
7 82351606 2
7 82374784 2
7 82378192 0.322491682625262
7 82379251 0.45873819235188
7 82384601 0.0078
7 82400105 0.968502228809624
7 82407492 0.378589038006531
7 82412367 2.427
7 82429374 1.4355
7 82431476 1.37887152582197
7 82435924 0.11047126809154
7 82436144 1.11895808938304
7 82439516 2
7 82442960 0.878505662318819
7 82456376 0.12111329136279
7 82464295 0.84591284374292
7 82481390 0.066691351603698
7 82489576 2
7 82491077 2.5419
7 82491240 2
7 82504114 2.5419
7 82509431 2
7 82514462 1.5842
7 82522496 1.6769
7 82528178 2
7 82535216 1.2733
7 82539551 0.320328644634842
7 82555661 0.911963838155811
7 82561350 2
7 82566056 0.570164240666482
7 82569673 0.735
7 82593139 0.0389
7 82595574 2
7 82596019 0.0745
7 82605197 0.1184
7 82627413 1.32610773004969
7 82653993 2
7 82655813 2.54223982195962
7 82659053 2
7 82693482 0.7228
7 82697799 1.0152
7 82703230 0.5674
7 82705831 0.5674
7 82708543 1.1603
7 82715588 0.5674
7 82753925 2.8948
7 82757157 2
7 82758177 0.075
7 82762651 2
7 82769053 0.1184
7 82783387 1.0088641765117
7 82786665 0.1028
7 82810877 2
7 82811604 2
7 82816166 2
7 82853359 0.7668
7 82869469 0.1028
7 82884822 0.9114
7 82887182 1.17561027378347
7 82896703 0.831760525073683
7 82903055 0.7827
7 82920644 0.0265
7 82931187 1.7432
7 82940480 2
7 82987355 1.11701845549916
7 82987652 1.84240393654781
7 82990191 0.0855311685200602
7 82993703 2
7 82994976 2.00366842159897
7 82999492 0
7 82999756 5e-04
7 82999825 2
7 83004482 2
7 83004640 2
7 83022191 0.0301081538354078
7 83025044 0.6318
7 83029094 0.729044339631569
7 83031064 2
7 83031749 2
7 83036514 0.272108426228933
7 83038059 5e-04
7 83040028 1.7011
7 83043918 2e-04
7 83044137 0.122390644777824
7 83048774 2
7 83057608 2
7 83057992 0.6318
7 83059476 2
7 83063021 0.6318
7 83064795 2
7 83072101 1.46880107843913
7 83073966 0.362960559244876
7 83080760 1.11792108775515
7 83088999 0.157850824714046
7 83093477 3.1259
7 83093845 1.5032
7 83099394 0.0940037395661159
7 83099467 0.180238231460205
7 83101151 0.978943442943345
7 83103267 0.211808150679554
7 83117000 0.218339792413091
7 83124707 1.06263320224704
7 83127938 1.58977866745646
7 83143545 0.4998
7 83148576 0.4998
7 83155781 1.3234
7 83189938 2
7 83191565 1.0497
7 83206683 0.869856244053441
7 83214574 2
7 83218306 0.0265
7 83218313 1.0718
7 83220236 2
7 83223562 1.0948
7 83227120 2
7 83233645 1.53113221631497
7 83235859 1.52181062643482
7 83258850 5e-04
7 83261242 2.3441
7 83272793 0.6946
7 83272893 0.6946
7 83274550 1.1083
7 83286803 0.196587290169518
7 83291378 0.8699
7 83292339 2
7 83297111 0.8382
7 83300491 1.1292
7 83314999 2
7 83321338 2
7 83325300 2
7 83329006 2
7 83334601 2
7 83337078 0.570944771571197
7 83337457 2
7 83344027 1.2912
7 83344477 0.733664042078006
7 83352290 0.8473
7 83359603 1.2912
7 83400122 0.179248188641855
7 83405861 0.374303686458653
7 83410390 0.90614741073183
7 83411620 1.05999225186604
7 83413410 0.495471602737127
7 83417880 1.31120372922281
7 83429511 2
7 83431228 0.419888535228619
7 83438518 2
7 83450209 1.33462033382624
7 83463287 2.08182653051134
7 83471123 1.84606931486415
7 83471363 0.242807022950835
7 83487070 0.4497
7 83505203 1.22272627261279
7 83516566 1.1957
7 83522706 0.1953
7 83534802 0.0653096696283886
7 83535403 0.282702764561026
7 83539289 2
7 83540661 2
7 83555637 2
7 83558269 1.1832
7 83560770 1.1832
7 83564354 3.1164
7 83569594 2
7 83584429 2
7 83588565 2
7 83590698 2
7 83594930 2
7 83605279 0.0546659449152028
7 83613187 1.66496418111448
7 83614381 0.298856282240239
7 83617481 5e-04
7 83642286 0.980029353181851
7 83644397 2
7 83645915 2
7 83649597 2
7 83660016 2
7 83691538 2
7 83747057 1.01349984105583
7 83775907 0.904425711464818
7 83776789 0.175185015708608
7 83778159 0.0550323086972013
7 83783235 0.513913337031971
7 83783450 0.135590544444181
7 83783721 0.867465146397391
7 83803093 0.1783
7 83816315 0.899916286880405
7 83818700 0.00573455917599682
7 83844694 0.843134691546058
7 83851101 2
7 83864527 2
7 83866486 2
7 83877327 0.1375
7 83891458 2
7 83895239 0.1067
7 83896346 2.0859
7 83916726 0.4756
7 83919523 0.4756
7 83934043 2
7 83943688 0.636017923164647
7 83951398 2
7 83952393 0.067937554576481
7 83957370 0.875872897006921
7 83958599 0.719253953147218
7 83967367 2
7 83986954 1.1772
7 83997777 0.320962312983949
7 84000126 2
7 84004097 0.4644
7 84013239 0.853186823769815
7 84013706 1.42874078487313
7 84016211 2
7 84031422 2
7 84034789 0.44224068940043
7 84034813 2
7 84035441 0.704979032935474
7 84036154 2
7 84045940 0.39802255978325
7 84047716 2
7 84049983 0.959209403030985
7 84055300 1.42194250344073
7 84064037 0.931598035827313
7 84072920 0.429821459482127
7 84075340 2
7 84091140 5e-04
7 84091458 0.340954612739476
7 84109648 0.670434890904192
7 84110322 0.9799
7 84112464 0.168917377420088
7 84117526 0.111123395585441
7 84120100 0.919810099893534
7 84122311 0.9799
7 84123352 0.738553637209239
7 84123826 0.862069807747978
7 84126899 1.9851319080482
7 84136418 0.9799
7 84137372 0.9799
7 84151714 1.0813
7 84213165 2
7 84238863 1.93811639865814
7 84258560 2
7 84261273 0.984648693092283
7 84279453 2
7 84294014 2
7 84325421 2
7 84334009 2
7 84358060 0.8195
7 84359882 0.8195
7 84365083 0.8195
7 84387963 0.6231
7 84393450 0.6391
7 84402971 0.6231
7 84412189 1.2674
7 84439439 0.8323
7 84470111 1.1344
7 84472073 5e-04
7 84472458 0.3533
7 84534756 1.1102
7 84537118 0.6247
7 84543684 0.61
7 84552674 1.7549
7 84561219 1.7943
7 84594070 0.0712
7 84614731 0.504
7 84619130 0.61
7 84628768 0.6247
7 84639270 0.61
7 84640716 0.61
7 84686026 0.0712
7 84690977 1e-04
7 84729968 0.8538
7 84736126 0.8538
7 84736855 0.0264
7 84736994 0.0264
7 84741940 0.93
7 84759592 0.46094302429803
7 84763557 0.93
7 84766127 0.8782
7 84812302 0.8538
7 84818281 0.8538
7 84818556 0.878
7 84821394 0.878
7 84825269 0.878
7 84839625 0.93
7 84868391 0.9034
7 84902889 0.4795
7 84925584 2
7 84928135 2
7 84959588 2
7 84964533 2
7 84999673 2
7 85037535 2
7 85041728 2
7 85052761 2
7 85060677 2
7 85094482 2
7 85115506 0.4846
7 85123573 0.8356
7 85127201 0.4846
7 85128231 2
7 85159407 0.8356
7 85160189 2
7 85176797 0.819739913827533
7 85178148 2
7 85178906 2
7 85185556 0.8356
7 85185671 1.1451
7 85186379 0.8356
7 85187874 2
7 85193817 2
7 85196607 2
7 85219234 2
7 85225970 2
7 85229109 2
7 85231481 2
7 85236992 0.144115399781987
7 85255011 1.3205
7 85295213 0.329323004679048
7 85307251 1.1982
7 85320112 1.44275441064328
7 85320739 0.401547420086287
7 85333847 2
7 85336477 2
7 85351239 2
7 85386671 1.4023
7 85388652 2
7 85396016 2
7 85396781 2
7 85399501 2
7 85416565 2
7 85418542 0.4567
7 85427590 2
7 85428275 2
7 85445834 0.2302
7 85460352 4e-04
7 85460463 0.8984
7 85467114 2
7 85487119 0.3917
7 85495319 1.0401
7 85506921 2
7 85522834 2
7 85535471 2
7 85544991 2
7 85563868 2
7 85568920 2
7 85581568 0.2379
7 85597821 2
7 85598355 0.0386
7 85604670 2
7 85632913 0.0386
7 85633656 2
7 85642873 2
7 85648426 2
7 85656647 0.0621
7 85664853 0.0621
7 85668413 0.0621
7 85675516 0.0938
7 85679802 0.0621
7 85689302 0.725
7 85699572 0.0621
7 85716301 0.0265
7 85716594 0.0936
7 85717175 0.0832
7 85749737 0.7448
7 85763477 0.1184
7 85858973 2
7 85861615 0.1718
7 85864639 0.1718
7 85872400 0.1718
7 85872441 0.1718
7 85873662 0.1718
7 85875287 0.1718
7 85878660 0.1718
7 85881616 0.1718
7 85882714 0.1718
7 85884163 0.1718
7 85884445 2.64448500501104
7 85885065 0.1718
7 85904685 2
7 85904971 2
7 85956870 2
7 85962816 1.1283
7 85970628 1.1283
7 85973527 1.1283
7 85974644 1.1283
7 85981902 2
7 85984913 0.846782664662125
7 85989176 1.80860171044769
7 86042793 1.31520608950132
7 86065544 2
7 86086133 0.594489622571715
7 86101516 0.1099
7 86110340 2
7 86145749 2
7 86148437 2
7 86169101 5e-04
7 86185586 0.950738832550632
7 86188427 2
7 86203708 0.323965653770761
7 86204380 2
7 86215993 0.295673612300035
7 86217292 2.743
7 86217833 2
7 86242786 2
7 86246694 0
7 86264367 0.0780909523186836
7 86266692 2
7 86269241 1.0168
7 86269416 0
7 86270249 2
7 86273798 2
7 86275158 2
7 86280285 2
7 86288221 5e-04
7 86288356 2
7 86297866 2
7 86310719 2.45882457686843
7 86322698 0
7 86330015 0.7275
7 86332013 2.0275
7 86338262 0.924864806455224
7 86338317 0.6019
7 86352229 0.0263
7 86354723 0.290540585256031
7 86355568 0.9543
7 86361011 0.186099902548174
7 86383634 2
7 86383937 0.64757805784963
7 86437286 0.831464478079015
7 86438111 1.22592433174019
7 86439706 0.449754368017556
7 86440717 1.67044084461212
7 86440864 0.9543
7 86456854 0.474519879542644
7 86459616 0.770916514855581
7 86462408 2
7 86463346 2
7 86463941 2
7 86465938 2.5895
7 86469926 2
7 86471075 0.191406296496508
7 86472556 1.07334292392456
7 86485238 2
7 86486221 2
7 86492850 0.5009
7 86494929 2.0007
7 86514998 0.0053
7 86516079 0.306157733184914
7 86525261 2
7 86526000 2.1674042097814
7 86526175 1.28198476294597
7 86528620 0.83314618367322
7 86532245 2
7 86535298 2.04455228602818
7 86536197 2
7 86547620 2
7 86550205 2
7 86557059 2
7 86561772 1.9511
7 86565862 0.651843181497177
7 86566037 0.0265
7 86570327 1.4604
7 86573111 2.6908
7 86586266 0.8086
7 86594812 0.8275
7 86599599 0.2749
7 86606342 0.8275
7 86608546 1.37217395930626
7 86609437 0.7891
7 86612401 2
7 86615337 0.8275
7 86619543 0.100630196737487
7 86625155 1.4657
7 86627654 1.4711
7 86630545 0.643123594060662
7 86642013 2
7 86644973 0.528906682798446
7 86645324 1.4657
7 86650505 1.05837480511954
7 86664166 1.4657
7 86677501 0.562709059520783
7 86686606 0.974921540709652
7 86695952 0.9337
7 86700200 0.350900399998125
7 86704345 1.4551
7 86741978 2.13
7 86745953 0.0265
7 86746769 2.5895
7 86763685 2
7 86808954 2
7 86826011 2
7 86828812 2
7 86841104 2
7 86854263 2
7 86863050 2.4365
7 86869524 2
7 86871432 2
7 86917807 2
7 86918240 2.3652
7 86922523 3.1164
7 86939205 2
7 86965063 2
7 86982889 2
7 86988686 2
7 86990536 2
7 86990804 2
7 86991405 2
7 86993467 2
7 86995408 2
7 86998840 2
7 87006462 2
7 87008002 2
7 87051941 2
7 87069896 2.4111
7 87075381 2
7 87078859 2
7 87079204 2
7 87084252 2
7 87087844 2.0685
7 87088085 0.987
7 87100285 1.3521
7 87108584 2.743
7 87112922 1.0166
7 87119223 1.91919656859448
7 87119853 0.871592619358511
7 87133033 0.874703705368794
7 87137693 1.5161
7 87145919 1.49230252572411
7 87161455 1.9206
7 87163987 0.527280051516953
7 87167030 2.0848
7 87169903 2.0848
7 87173864 1.9206
7 87176645 0.865465285229524
7 87183400 2.0848
7 87184333 2.0848
7 87196126 2.0848
7 87200385 2.0848
7 87213781 0.614635605007018
7 87224995 2.0527
7 87227239 0.313389758758796
7 87231066 0.326573111653061
7 87241848 1.2864
7 87266510 1.2864
7 87278879 0.333103572154027
7 87300011 2.0225
7 87330659 2
7 87336726 2
7 87373750 0.4051
7 87392708 0.3534
7 87405427 2
7 87412540 2
7 87451166 1.2667
7 87453552 1.2667
7 87512435 1.4023
7 87521458 1.424
7 87523821 1.1377
7 87535152 2
7 87540353 1.1377
7 87546488 0.51
7 87552721 0.3073
7 87569949 0.4815
7 87576391 0.2655
7 87583942 0.2576
7 87585798 0.0361
7 87591018 0.203338572319044
7 87610013 2.0836
7 87628590 0
7 87640181 1.5559
7 87671165 2.1063
7 87715516 5e-04
7 87723632 1.5559
7 87756770 2.1063
7 87761845 0.5189
7 87875096 1.5071
7 87952456 0.986793306968352
7 87964873 0.219203749676763
7 87974318 1.10614489588625
7 87980042 0.292974144214768
7 87984980 0.509146551381284
7 88005200 0.719113279058031
7 88012038 0.62418154435143
7 88024249 0.557728056227903
7 88044977 1.14956214686275
7 88048559 0.764142802798231
7 88084245 1.20046984273508
7 88093443 1.06861533690407
7 88100063 1.7533
7 88109557 1.741
7 88111369 0.719096098379274
7 88112819 0.937432465280123
7 88130131 1.41671971919787
7 88172395 1.7171
7 88215636 0.4998
7 88227670 1.8039
7 88249059 0.8851
7 88280226 2
7 88283906 2
7 88314397 2
7 88340988 2
7 88349681 0.8581
7 88386176 0.778338564862226
7 88387135 0.741973278290505
7 88400948 1.2379
7 88403611 0.0265
7 88407151 2
7 88407907 1.2108
7 88409261 2
7 88419821 5e-04
7 88432761 2
7 88453952 1.1654
7 88461098 1.1654
7 88468226 2
7 88484750 2
7 88487998 2
7 88489724 0.1758
7 88493168 2
7 88506573 2
7 88515935 0.9456
7 88520810 2
7 88523463 1.1694
7 88530158 1.1377
7 88530484 2
7 88540065 1.47045063620973
7 88549301 0.9619
7 88562364 2
7 88579150 2
7 88588586 1.7983
7 88588670 1.808
7 88597393 2
7 88612523 2
7 88625705 0
7 88635032 2
7 88639560 2
7 88659195 1.3269
7 88685674 2
7 88689123 2
7 88711658 2
7 88711735 0.667355798896385
7 88729758 2
7 88737846 2
7 88763981 2
7 88765031 2
7 88767191 2
7 88768666 2
7 88777238 0.796616717463695
7 88779113 2
7 88819347 1.2631
7 88823729 2
7 88841214 1.5155
7 88883727 1.74453282557246
7 88898248 1.3234
7 88898974 1.3234
7 88930255 0.86272687628627
7 88936976 1.81738759844159
7 88943696 1.096
7 88944485 2
7 88944881 1.096
7 88952846 0.9386
7 88954546 2
7 88956197 1.096
7 88970383 1.40665756256745
7 88978353 0.797855562365336
7 89007552 0.691178984766117
7 89009911 1.11528188029404
7 89014317 1.16959807551353
7 89014766 0.761578117448852
7 89018544 0.811051323373654
7 89018821 0.108023292728755
7 89022092 0.214978718379385
7 89052550 0.5543
7 89056221 0.938996754641307
7 89085143 0.593076522636224
7 89091423 2.31132423899965
7 89094313 0.281337705089542
7 89109255 0.6382
7 89115990 2
7 89119968 2.9979
7 89122267 0.3451
7 89124300 2
7 89130970 0.0165
7 89133232 2
7 89134823 0.3994
7 89135086 1.0096
7 89135362 0.9763
7 89144745 1.251
7 89146783 1.2346
7 89149287 0.9763
7 89150892 2
7 89152212 2
7 89153444 1.0453
7 89153938 0.2189
7 89156939 0.7574
7 89157585 2
7 89157863 2
7 89159044 0.7574
7 89171970 2
7 89176023 0.7574
7 89193306 1.0261
7 89194713 1.0261
7 89199350 2
7 89204604 0.150631234023248
7 89219185 2
7 89219487 1.69333142687947
7 89222919 2
7 89223949 2
7 89241787 0.582750738877061
7 89257062 0.357482466143181
7 89275138 0.50988625059307
7 89279124 0.3088
7 89292856 1.0257
7 89298098 1.6773
7 89298795 1.8368356340919
7 89306711 2
7 89308289 2
7 89317716 0.984241958517212
7 89318080 2
7 89325435 2
7 89331809 2
7 89338483 2.5017
7 89345861 1.0052
7 89376237 2
7 89379573 0.862529973529044
7 89387030 0.908443532484943
7 89391780 0.0164706333715129
7 89392470 3.00323244173484
7 89394063 1.27202351995338
7 89394136 0.0265
7 89397439 0.688382170874995
7 89408015 0.1612
7 89423166 0.806134647614607
7 89440704 2
7 89445324 0.440057764854156
7 89451940 2e-04
7 89454515 1.59649981562145
7 89514047 1.2195
7 89520163 1.2195
7 89522883 0.0265
7 89523935 1.2195
7 89525520 1.2674
7 89526082 0.3517
7 89530585 1.2195
7 89541581 1.2195
7 89554654 1.2195
7 89559180 1.2195
7 89567412 1.1754
7 89575037 1.2195
7 89591069 1.1754
7 89614020 1.60427841907466
7 89625207 1.1754
7 89643107 2
7 89669054 2
7 89678258 2
7 89679647 2
7 89680005 2
7 89680083 2
7 89680154 2
7 89694163 1.6307
7 89701938 1.4932
7 89708023 0.880960787729311
7 89728161 1.305
7 89743099 2
7 89744384 2
7 89755390 0.623088448318334
7 89768387 2
7 89775170 2
7 89775448 1.1720697948318
7 89800873 0.638548085655034
7 89819726 0.124745505174496
7 89829639 0.683029882539838
7 89841605 0.5612
7 89856830 2
7 89856871 2
7 89876907 0.5612
7 89878654 2
7 89881392 2
7 89900841 2
7 89903733 1.41730890370057
7 89905979 1.04754345828679
7 89908090 0.027186545638018
7 89908532 2
7 89909309 0.900842295364096
7 89910656 0.220626080852263
7 89913555 2
7 89920180 1.9301
7 89921145 2
7 89962559 0.816163054866693
7 89965387 0.1254
7 89970209 0.280649538166555
7 89975621 2.1933
7 89976862 0.119297479009405
7 89999813 1.09559783731476
7 90003067 1.96829803221381
7 90009658 0.784
7 90013389 0.784
7 90022778 2.48180823571123
7 90024141 0.268100056840391
7 90086162 2
7 90104571 2
7 90110539 1.2116
7 90118066 2
7 90120568 2
7 90131484 2
7 90134006 0.1223
7 90135380 2
7 90141654 0.1223
7 90143145 0.947288790443255
7 90143169 2
7 90158190 1.167
7 90162845 0.7333
7 90163037 2
7 90172473 0.1223
7 90174320 0.1223
7 90175927 0.1223
7 90179229 2.70701596636577
7 90185124 1.2116
7 90190775 2
7 90191185 1.1425686729818
7 90194014 2
7 90198912 0.1223
7 90200811 0.3799
7 90210688 0.0207115418524769
7 90225132 0.1223
7 90232576 2
7 90271069 0.1018
7 90280405 2
7 90284257 0.1028
7 90299796 0.1018
7 90302201 0.1018
7 90307896 2
7 90309274 2
7 90309366 0.1018
7 90312570 0.1018
7 90320989 0.1018
7 90326253 0.1169
7 90334385 2.3652
7 90340235 2
7 90344041 2
7 90349059 1.6536
7 90350476 2
7 90362388 2
7 90365954 2
7 90366275 2
7 90366719 2
7 90376070 2
7 90394082 0.2739
7 90430425 1.27846891580286
7 90433617 2
7 90444092 2
7 90457363 1.0103
7 90462261 2
7 90463594 2
7 90467031 2
7 90468607 0.382751713422662
7 90471292 2
7 90480272 1.4432
7 90482505 2
7 90494646 2
7 90497555 0
7 90499458 2
7 90499828 2
7 90506197 0.726
7 90508288 2
7 90509076 2
7 90516209 2
7 90525851 2
7 90525952 2
7 90526688 2
7 90529191 2
7 90531367 2
7 90536299 2
7 90547083 2
7 90559745 2.3709
7 90607498 0.0273
7 90614575 0.168830968211424
7 90629780 0.781914843961729
7 90635614 0.7863
7 90645778 0.49410145226925
7 90654732 0.7863
7 90657040 1.47708317008377
7 90658873 0.7863
7 90661329 0.7863
7 90683221 0.663
7 90683539 1.04635843813061
7 90684631 1.94577764949452
7 90685118 0.0589991644375844
7 90693972 2
7 90694131 0.51248966692045
7 90703019 0.5482
7 90705785 2
7 90725498 0.382176327380945
7 90741454 0.4924
7 90746411 0.406711919242901
7 90749236 0.4924
7 90754555 2
7 90760331 2
7 90761681 2
7 90769474 0.429164746343827
7 90775361 2
7 90776519 0.5196
7 90783597 2
7 90788991 2
7 90791804 2
7 90799544 0.0415767163905671
7 90803678 2
7 90804120 2
7 90810290 4e-04
7 90813735 0.5196
7 90814372 0.5196
7 90816775 2
7 90817491 2
7 90821339 0.312576294393001
7 90828520 2
7 90862927 4e-04
7 90868304 2
7 90871662 2.4029
7 90897481 2
7 90900403 0.913113828467805
7 90911054 0
7 90917438 0.410562746152864
7 90932084 2
7 90932949 1.0168
7 90936028 1.0168
7 90938842 1.0168
7 90971804 1.0168
7 90977683 2
7 90979959 2
7 90986718 0.5635
7 90989636 2
7 91010839 0.223190382983967
7 91029657 1.8328
7 91058278 1.2896
7 91062276 0.6785
7 91063170 2.3714
7 91064502 1.0516
7 91080257 1.9271
7 91086013 1.8716
7 91117295 0.399
7 91144456 0.0411
7 91145299 2
7 91146610 2
7 91147176 2
7 91148355 0.300573836819917
7 91149056 2
7 91153219 0.0411
7 91155671 1.61642920244508
7 91159188 0.199562938808826
7 91165787 2
7 91167301 2
7 91179219 0.321920236481489
7 91179427 1.02801030589442
7 91197811 5e-04
7 91200998 1.61837346745299
7 91202912 2
7 91228259 0.160601931928057
7 91229924 1.17645796120174
7 91230846 2
7 91231036 0.541732746477481
7 91268974 0.714239857724539
7 91278743 1.2107
7 91279327 1.2107
7 91284184 2
7 91293229 0.0835971637442118
7 91328510 2
7 91350591 0.1574
7 91364338 0.4582
7 91390126 0.622656086500397
7 91392430 1.52782014322102
7 91400153 0.0618
7 91411123 1.08918069267676
7 91419977 0.2632
7 91429093 0.6169
7 91457921 0.7276
7 91471604 0.167774502680152
7 91473970 1.67108875201177
7 91476722 1.106
7 91478015 1.2596860284805
7 91481167 0.552439435753047
7 91501180 2.86331442539546
7 91545578 2
7 91547610 2
7 91547614 2
7 91549229 2
7 91550741 0.2618
7 91560830 1.2016
7 91565143 1.69844351922809
7 91575403 1.216
7 91589531 1.0526
7 91645832 2
7 91662232 2
7 91673475 2
7 91678284 2
7 91682280 2
7 91682577 1.4831
7 91686286 2
7 91689359 2
7 91690126 2
7 91690608 2
7 91691671 1.3699
7 91692791 2
7 91693396 2
7 91696130 2
7 91697304 1.2978
7 91709836 2.2653
7 91713517 2
7 91714742 0.421956341149595
7 91715762 1.2978
7 91731387 0.143554616574586
7 91733918 1.3255
7 91734317 0.480270923718032
7 91735568 0.543091943529961
7 91751530 1.17587218768229
7 91767909 0.166161456643897
7 91778612 3.1176
7 91810192 0.156089614771725
7 91822736 1.3775
7 91838121 0.0248662373959911
7 91845474 1.3646
7 91874103 3.1176
7 91882462 0.339454516803793
7 91883727 5e-04
7 91885358 1.81949175186717
7 91887949 0.0773790186716058
7 91893560 0.626329779954746
7 91897775 1.3775
7 91898053 1.21626090281983
7 91909689 0.7529858058358
7 91911939 1.3274
7 91921935 1.6707549097761
7 91923788 3.1176
7 91927041 0.652257142113049
7 91928444 0.520966467729477
7 91940815 0.347515452952681
7 91943994 1.66646564923385
7 91947931 1.00430761409525
7 91949133 0.591618246352076
7 91953818 0.768456936048081
7 91959350 0.207197793240517
7 91972616 0.209057532135117
7 91984678 1.20527724451331
7 92019625 0.520951440797756
7 92027193 1.68170640129507
7 92040494 0.764195070587385
7 92040648 5e-04
7 92041684 0.0699158032243784
7 92044988 1.16600505443668
7 92051327 0.966623313535654
7 92051341 1.90840476554411
7 92062287 2.26978237225539
7 92071565 0.826666719584898
7 92076382 0.0435218478970221
7 92077096 0.392934211249176
7 92102088 0.0569828602661721
7 92117806 1.43379508887217
7 92121264 0.554629495709788
7 92149703 0.101593888976526
7 92183515 5e-04
7 92194573 0.697896660673257
7 92196964 3.1176
7 92213746 1.3975
7 92221575 0.893623397909827
7 92231200 1.11191776509904
7 92256559 1.16456853129758
7 92278801 1.3907
7 92296900 1.3841
7 92417013 0.209222751866343
7 92426789 0.5879
7 92509110 2
7 92548252 0.026
7 92593266 2.5422
7 92677605 5e-04
7 92821714 1.1982
7 92844582 0.253099877637622
7 92851523 0.395408392517983
7 92860499 1.16181048101529
7 92915950 2
7 92924980 3.1176
7 92931766 3.1176
7 92931894 1.3097
7 92938157 1.3097
7 92941851 1.3227
7 92944034 5e-04
7 92945354 3.1176
7 92951919 4e-04
7 92951987 5e-04
7 92952073 2
7 92958612 1.8181
7 92973549 1.5563
7 92985189 2
7 92993827 2
7 93015978 2
7 93019207 1.3538
7 93031512 5e-04
7 93035908 1.6622
7 93047263 2
7 93047584 2
7 93047853 2
7 93047900 1.6697
7 93062487 2
7 93064953 2
7 93070734 2
7 93074873 2
7 93076867 2
7 93080375 2
7 93085139 2.6546
7 93085397 2
7 93106861 2
7 93123744 2.34310388240398
7 93127920 0.1513
7 93138189 0.92213891404879
7 93141311 2
7 93165126 2.3809
7 93210881 2
7 93265596 0.0386
7 93320580 0.758319952838027
7 93326308 4e-04
7 93328539 2
7 93344865 5e-04
7 93359086 2.53889771783987
7 93371039 5e-04
7 93372054 2
7 93373918 0.804751171088046
7 93395938 0.9339
7 93408179 2
7 93416963 2
7 93419050 2
7 93430524 1.5842
7 93433128 0.114881407806479
7 93436356 2
7 93440545 4.0296
7 93443012 1.6472
7 93456410 0.323233304357644
7 93469751 1.30278644802978
7 93470706 2.5867
7 93478222 0.49477435375322
7 93483516 0.952277210021373
7 93486826 0.203006932139101
7 93503679 2.1508
7 93508770 2.1508
7 93511053 2.1508
7 93527009 1.6855
7 93528526 2
7 93531994 5e-04
7 93542288 2
7 93543664 2
7 93576964 2.5017
7 93586082 2.024
7 93586163 2
7 93602184 2.024
7 93616611 2
7 93641478 1.767
7 93644357 2
7 93660146 0.1744
7 93701073 5e-04
7 93720609 0.0577
7 93724001 0.0636
7 93729037 0.0078
7 93731145 0.0636
7 93732763 0.128335613441729
7 93733800 0.0636
7 93737205 0.743372667342179
7 93744880 0.1795
7 93756982 0.1795
7 93760002 0.1795
7 93768748 0.1795
7 93775547 0.371615266059
7 93779936 0.216502294002254
7 93783076 1e-04
7 93785170 0.0664355505967087
7 93785674 1.72323244006471
7 93798836 2.3395
7 93800452 0.511950372284324
7 93801408 1.5439701979395
7 93814903 0.903858485684049
7 93845079 3.0004
7 93864806 0.3438
7 93880819 1.8568
7 93896738 1.8169
7 93897404 1.8169
7 93902093 2
7 93906120 2
7 93929189 2
7 93941106 0.0265
7 93985600 0.4189
7 94002458 2
7 94019542 0.0265
7 94033489 0.3383
7 94038841 2
7 94040160 2
7 94052564 2
7 94111440 2
7 94145450 2.8126
7 94145653 1.5049
7 94193339 0.0265
7 94200003 0.1028
7 94220836 0.1028
7 94253007 0.855679641082155
7 94269957 2
7 94282034 2
7 94285560 2
7 94301977 0.451104935113288
7 94320667 0.866433161463925
7 94358497 2
7 94384282 2
7 94386081 2
7 94401034 2
7 94403441 2
7 94410588 2
7 94430587 2
7 94456129 2
7 94456143 2
7 94457438 5e-04
7 94474893 2
7 94476117 2
7 94494157 2.9952
7 94536701 2
7 94559815 2
7 94565930 0.0342357365433134
7 94571243 2
7 94571931 1.06946981349593
7 94593412 1.0963
7 94598197 2
7 94599959 2
7 94621626 0.1028
7 94628023 0.1184
7 94641804 2
7 94649834 2
7 94703080 1.2195
7 94704920 2
7 94705680 1.2195
7 94740725 2
7 94745693 0.543047239663477
7 94748400 2
7 94761906 1.39118067383677
7 94763179 1.2217
7 94765595 3.1176
7 94775116 0.0444
7 94807417 2.1
7 94809809 0.7209
7 94819575 0.4615
7 94846258 0.61
7 94849424 2
7 94849646 0.61
7 94850453 2
7 94851631 0.61
7 94887411 0.7822
7 94898515 0.156023780983775
7 94942020 0.0979
7 94968346 0.0348
7 94982460 0.1913
7 94985790 2.6546
7 94999947 0.1913
7 95018664 0.0386
7 95033190 0.00250524256054954
7 95073218 1.3544
7 95073576 2
7 95105603 2
7 95105760 2
7 95150787 2
7 95152623 2
7 95185118 0.196733706998613
7 95185378 2
7 95189949 0.146121703412831
7 95239845 2.3809
7 95266329 0.428678424287758
7 95272104 2
7 95273729 0.4044
7 95308384 0.699
7 95309474 1.173
7 95316141 0.277
7 95316772 0.2937
7 95336855 0.998919956966993
7 95347636 2
7 95363596 2
7 95366915 2
7 95367601 2
7 95386274 2
7 95399136 0.0078
7 95400389 0.870627670701714
7 95403126 0.321576551942464
7 95404104 1.07292078974909
7 95426286 0.8454
7 95443884 0.826
7 95448533 0.160907524059488
7 95451528 2.67976709665618
7 95509443 0.0507424500398678
7 95524150 1.72648726021402
7 95533883 1.4727
7 95552781 1.1722
7 95556745 1.141
7 95562223 1.1565
7 95566066 1.1105
7 95576033 3.1176
7 95586298 0.6837
7 95598736 0.723771835761753
7 95600536 0.100891254837395
7 95602124 1.2042
7 95615986 0.564070989328729
7 95631678 1.98790740688467
7 95631903 0.908337413552705
7 95639407 0.192570058643431
7 95640114 1.3951
7 95640723 0.0617
7 95647275 0.0617
7 95658604 0.2698
7 95659992 0.350754210148722
7 95669680 0.2784
7 95683315 0.135096468727757
7 95684352 0.153513504352611
7 95691637 0.190636990774206
7 95694239 0.588999312743894
7 95694611 1.05338633728639
7 95695829 1.80978763405727
7 95696422 0.0678
7 95712631 3.1176
7 95717507 2
7 95719261 2
7 95719704 2.9828
7 95721825 0.9996
7 95722049 1.4761624710152
7 95736029 2
7 95744516 0.259387376435693
7 95769287 2.9828
7 95783645 2
7 95795145 0.520185436918553
7 95809737 2
7 95876249 1.1957
7 95927564 2
7 95930703 2
7 95945648 2
7 95948802 0.518622864413767
7 95955001 2.2832
7 95955471 2
7 95966223 2
7 95970912 2
7 95974462 2
7 95974886 0.6478
7 95995007 1.09803574156271
7 95995014 2.8716
7 96024567 2
7 96026024 1.417
7 96030568 1.417
7 96057606 1.8942
7 96061714 0.777759632595741
7 96064625 3.0716
7 96077284 0.591050193464463
7 96083370 1.7634
7 96106612 0.789450258038123
7 96108360 0.31331397005625
7 96129726 0.9274
7 96145811 1.0238
7 96155095 1.0058
7 96169453 0.4799
7 96198239 0.7809
7 96214454 2.5345
7 96224446 2.5345
7 96224457 2.5345
7 96232611 1.2154
7 96232688 0.751
7 96241011 0.3274
7 96275836 0.2369
7 96282189 2.5345
7 96306102 0.0783289152552224
7 96326797 1.47767045791297
7 96345508 2
7 96351455 1.21145994067049
7 96359309 0.1889
7 96366363 0.0072
7 96367168 0.1006
7 96368274 2
7 96369428 0.0078
7 96379141 0.0897
7 96411796 2.5866
7 96413729 1.06506551942592
7 96416482 0.331279153374035
7 96418966 0.724705647822002
7 96437571 0.107
7 96443121 0.83033235177162
7 96487501 0.436
7 96488606 0.2403
7 96505962 0.2487
7 96531076 0.436
7 96557732 1.6117
7 96561642 1.6757
7 96568238 4.2037
7 96599122 0.414523680908675
7 96599721 0.265569859208984
7 96603885 5e-04
7 96607742 0
7 96635333 0.0386
7 96650434 2
7 96655277 2
7 96668115 2
7 96685450 2
7 96689292 2
7 96690390 2
7 96702415 2.52345359475629
7 96708943 1.6298
7 96767604 1.3419
7 96767659 0.8002
7 96780365 0.4586
7 96782700 0.0265
7 96793496 0.0261
7 96801072 1.6605
7 96822559 0.0217
7 96832970 0.3685
7 96834500 0.3685
7 96841020 0.3685
7 96867331 5e-04
7 96882932 0.5683
7 96884236 0.5683
7 96892387 0.5683
7 96893398 0.0269
7 96902783 0.0688
7 96904963 0.7105
7 96908728 0.7105
7 96908908 0.6043
7 96911343 0.8381
7 96922215 8e-04
7 96922508 0.7105
7 96922714 0.7105
7 96924617 1.6784
7 96946515 1.4455
7 96958697 0.104988568164553
7 96966417 1.5619918892554
7 96994718 0.0386
7 97020189 0.5389
7 97028202 3e-04
7 97035976 2
7 97042089 0.0265
7 97076171 0.6806
7 97086567 2
7 97099617 1.1721
7 97108264 2
7 97126684 1.2211
7 97137457 1.2211
7 97140027 0.6142
7 97141209 2
7 97151745 2
7 97151790 0.5322
7 97168038 2
7 97169097 2
7 97171205 2
7 97204155 0.2304
7 97204329 0.933016258604683
7 97259627 1.1718
7 97262953 2
7 97267052 1.1721
7 97305448 0.30138028662369
7 97308495 1.2009
7 97310104 2
7 97312173 1.27090985850051
7 97313388 0.147717354354323
7 97314910 0.0294053855098423
7 97316040 1.26819045306304
7 97318565 1.48071308238837
7 97321602 0.9793
7 97326064 1.119
7 97332369 2
7 97348027 1.279
7 97349873 1.279
7 97352642 1.279
7 97353554 0.9079
7 97353569 0.9079
7 97354841 0.9079
7 97355674 0.8854
7 97356360 0.427612063149113
7 97359408 0.7452
7 97369335 0.7452
7 97380037 0.5941
7 97381858 0.5941
7 97389407 2
7 97391129 0.56791405580953
7 97433674 0.0577441113575661
7 97450413 1.77829104429305
7 97454735 1.6389450734195
7 97456430 0.6154
7 97461380 0.428029325531541
7 97489177 0.554735746388633
7 97496470 0.414658087004295
7 97516107 0.414388983847957
7 97520340 1.36914138600652
7 97523856 0.7532
7 97559171 2
7 97572528 0.0857819513533521
7 97579277 1e-04
7 97603772 1.4948
7 97635272 2
7 97640123 2
7 97699587 2
7 97700315 2
7 97703373 0.4516
7 97703469 0.4572
7 97704481 0.4516
7 97709132 1.80410444087237
7 97709366 0.0202564338724444
7 97709845 1.7430168343891
7 97710236 0.4516
7 97710958 0.4516
7 97716446 0.4516
7 97717534 0.4516
7 97723257 2
7 97724172 0.5866
7 97734160 2
7 97736619 1.4319
7 97736833 2
7 97737284 1.4378
7 97737555 1.4319
7 97737857 1.4319
7 97739107 1.4319
7 97748151 0.5866
7 97748408 0.294559317830813
7 97749726 0.627574250397686
7 97755110 0.509272325799779
7 97755865 0.5663
7 97757072 0.453676319217465
7 97759221 2.0714
7 97762537 0.6076
7 97763595 1.21635464523214
7 97767787 0.212288993681141
7 97768580 0.602350184632618
7 97768583 1.20901292439078
7 97770333 0.187630066842509
7 97779624 2
7 97782380 2
7 97785488 2
7 97787618 1.25714552011889
7 97803221 2
7 97807528 2
7 97809435 0.5025
7 97809775 0.5271
7 97820501 0.5271
7 97832929 2
7 97837765 1.5406
7 97868536 2
7 97873425 0.0069
7 97874847 0.0069
7 97876552 0.0069
7 97883378 1.08282075325158
7 97896713 2e-04
7 97912008 0.0871
7 97913654 0.0871
7 97919335 2
7 97930861 0
7 97951430 1.45996053398664
7 97951662 2
7 97964825 0.711018890072388
7 97973074 0.970997952192183
7 97979344 0.172248444071892
7 97979568 1.03092662252446
7 97982027 1.28326168273316
7 97982442 0.271485590340546
7 97983401 2
7 97984686 1.26081619961834
7 97990454 2
7 97992272 2
7 97994170 2
7 97996332 2
7 97997264 2
7 98005564 2
7 98006920 2
7 98013372 2
7 98015259 2
7 98018536 2
7 98021679 0.6952
7 98028065 0.9314
7 98031692 0.4279
7 98045203 2
7 98061767 1.6254
7 98081754 0.861621729773919
7 98087171 0.5196
7 98087183 0.5196
7 98101868 1.4786
7 98104264 2.3728
7 98114137 1.7075
7 98144500 0.257197412288297
7 98210832 0.503999151009955
7 98221071 1.25693232621932
7 98243025 1e-04
7 98245313 2
7 98269692 0
7 98271514 0.567150327246864
7 98272159 2
7 98274494 2
7 98278911 2
7 98286590 2
7 98300853 1.5414
7 98307946 2
7 98322574 2
7 98338244 2
7 98338651 2.8287
7 98355351 2
7 98362945 2
7 98379912 2
7 98412047 2.9795
7 98413215 0.3919
7 98440522 0
7 98446282 2
7 98455700 0.719545563837674
7 98457966 2
7 98462620 0.359372885326443
7 98471080 5e-04
7 98478290 2.0391
7 98483662 2.0391
7 98486954 0.7103
7 98512889 2
7 98527347 0.4201
7 98528026 0.101523699937001
7 98533570 1.7379
7 98574030 1.06441289144835
7 98574574 1.10522955310516
7 98584852 0.022
7 98603648 1.64606139581836
7 98633327 1.53814366345591
7 98634084 0.180282593884525
7 98654523 1.06298673171113
7 98665907 0.601104391122295
7 98684854 5e-04
7 98709887 0.402360558088307
7 98713518 0.243181798976174
7 98713635 0.593235537857677
7 98765033 2
7 98772006 2
7 98793378 2
7 98795268 2
7 98814870 1.05908651293275
7 98821810 2
7 98834247 2
7 98840953 2
7 98841921 2
7 98845158 1.21643351467754
7 98847516 2
7 98862306 0.924573411650628
7 98874876 0.737956951279594
7 98889731 0.0111348920738529
7 98903033 0.379807308082833
7 98903333 0.512107370819987
7 98936730 0.560579440134862
7 98969732 1.7537
7 98991396 2.427
7 99026447 5e-04
7 99046558 1.8456
7 99049516 1.774
7 99065444 2.4611
7 99071557 2.2117
7 99079144 1.2475
7 99093062 0.476995294491006
7 99100172 0.897266029870087
7 99151452 1.2678
7 99156384 0.0329
7 99170392 1.78186312705895
7 99175736 2
7 99180945 2
7 99187820 1e-04
7 99209711 0.0263
7 99234316 2.13
7 99298445 1.2252
7 99312192 1.2252
7 99324599 1.5929
7 99344286 1.5929
7 99349635 1.5929
7 99372501 1.0888
7 99373502 1.5029
7 99412355 1.3908
7 99419516 2
7 99529017 1.0134
7 99536493 1.2252
7 99552562 1.2252
7 99568921 1.279
7 99586081 1.0134
7 99627431 1.4657
7 99702091 5e-04
7 99732887 5e-04
7 99754427 2
7 99756491 2
7 99784473 0.0162
7 99795900 2
7 99796773 2
7 99873190 2
7 99883869 0.4696
7 99891317 0.4696
7 99902419 2
7 99903276 2
7 99903690 0.4696
7 99905050 2
7 99912611 2
7 99913227 0.4696
7 99937279 0.768768308225096
7 99955443 2
7 99981529 0.3206
7 99984589 0.0219
7 99992220 0.0101
7 100010406 0.5434
7 100026733 2.4034
7 100035959 2.0069
7 100047284 2
7 100050644 0.464531965478048
7 100102430 2
7 100123371 0.5651
7 100131944 0.483138312492774
7 100161632 0.81372688916922
7 100178060 0.5763
7 100182263 0.5763
7 100185130 0.5763
7 100217198 1.32202668438153
7 100222221 0.9245
7 100229170 1.5184
7 100233545 2
7 100242838 0.855298980264441
7 100252138 3.1176
7 100253747 5e-04
7 100276574 0.5973
7 100297348 0.937
7 100370748 2
7 100392741 1.51405304561345
7 100457859 2
7 100482234 0.881588237518628
7 100532321 1.216
7 100564762 2
7 100574165 1.1633
7 100601255 2
7 100615853 2
7 100625434 0.0178999413114519
7 100635421 2
7 100638643 2
7 100677487 1.9629
7 100680659 2
7 100681504 0.7027
7 100688265 2
7 100694170 1.38091887954391
7 100700919 5e-04
7 100702740 2
7 100715476 0.1747
7 100739000 6e-04
7 100743255 1.9944
7 100746736 2
7 100749723 2
7 100771084 0.86799536616166
7 100772882 0.0263
7 100794910 0.222081897191426
7 100799705 0.987499496270825
7 100804203 0.401625363059222
7 100804256 2
7 100834358 1.00744708027245
7 100837855 1e-04
7 100846338 0.2029
7 100856508 0.629657056921813
7 100874758 1.0661
7 100876668 1.0091
7 100878217 0.242
7 100884037 0.917493586810153
7 100884905 0.242
7 100899019 1.0661
7 100901522 0.1783
7 100904802 3.1147
7 100921850 0.1547
7 100934914 0.0223
7 100936502 2
7 100938503 1.3022
7 100952225 2
7 100961978 0
7 100971182 4e-04
7 100992398 0.468878679772826
7 101004272 2
7 101015436 2.92187710066956
7 101027665 2
7 101038481 2.01900740914816
7 101051573 1.0012
7 101055618 0.537876135348597
7 101063971 0.16800905349025
7 101069880 2
7 101076138 0.383880915249738
7 101077969 2
7 101081171 2
7 101083824 1.26650350286642
7 101142110 2.784
7 101149288 2
7 101149529 2
7 101151148 2
7 101151797 2
7 101162390 2
7 101167386 2
7 101171466 2
7 101174820 0.5335
7 101182078 0.884
7 101185322 1.5165411277863
7 101192604 1.028
7 101193098 2
7 101195219 0.892022720726572
7 101205631 0.9547
7 101205689 1.7662
7 101215012 1.0284
7 101221803 1.4911
7 101222566 0.4042
7 101227165 1.3048
7 101246971 1.3048
7 101252187 0.0116107552305907
7 101252612 1.3048
7 101254639 1.03284427175762
7 101270481 2.1447
7 101286059 2.1933
7 101291503 2
7 101296207 2
7 101306434 2
7 101308097 2
7 101320173 2
7 101338076 0.3494
7 101349614 2.4476
7 101350374 0.456159326826531
7 101351109 0.371371741979201
7 101362454 0.1701
7 101363095 0.1701
7 101363458 2.9896
7 101363853 0.1701
7 101365684 0.182
7 101365819 0.1701
7 101367540 0.1701
7 101367986 2.9896
7 101368836 0.1701
7 101368902 2.995
7 101373306 0.1701
7 101382535 1.4645
7 101383533 0.5472
7 101383688 2.784
7 101387894 0.5356
7 101398028 1.9669
7 101399236 5e-04
7 101401679 0.20433057853229
7 101403044 0.8355
7 101405020 0.8355
7 101413422 0.8355
7 101420206 0.8355
7 101429632 1.9527
7 101449851 0.672151962991567
7 101450934 0.4367
7 101456556 1.8152
7 101460860 0.665703075023243
7 101462259 0.322535641901632
7 101462532 0.0744905640306953
7 101466409 0.972021989333684
7 101485892 0.418805181473328
7 101489672 3e-04
7 101489739 0.0152494314108619
7 101490679 0.0257270274860201
7 101507265 1.3988
7 101512188 0.6557
7 101515372 0.317605981714684
7 101516000 1.1832
7 101517223 1.1832
7 101521470 1.2062
7 101524341 1.1209
7 101527522 1.9887
7 101527894 0.8306
7 101531905 0.934274888746468
7 101555976 0.0386
7 101557767 1.47999524936943
7 101560770 0.460526845064066
7 101564819 1.54120713985921
7 101598433 0.2555
7 101600391 0.2555
7 101602204 1.11378339574767
7 101607337 0.2874
7 101608177 0.0078
7 101609675 2
7 101615595 0.917
7 101625644 0.352111633978059
7 101627388 0.022
7 101627819 0.022
7 101632926 1.36710479969826
7 101637542 0.229929790733925
7 101639118 2.4525
7 101646154 1.5478
7 101649158 1.7907
7 101653645 0.8492
7 101659232 1.7907
7 101660182 1.7994
7 101665261 1.7994
7 101668284 8e-04
7 101683059 1.58312222288385
7 101694830 0.875634583873233
7 101696340 0.65094661823791
7 101702790 1.6039
7 101709296 0.568533598976322
7 101712933 1.15441995193466
7 101713883 0.150000466179329
7 101717782 0.300567199138206
7 101720397 1.27130315037118
7 101722338 1.52775836924859
7 101732166 1.46728978870142
7 101738838 1.47547105370229
7 101750712 2
7 101760124 2
7 101760158 2
7 101763260 1.48763532558387
7 101772263 2
7 101784350 1.96231108130418
7 101792849 2
7 101799759 2
7 101800566 0.0340458909856381
7 101813038 1.59109709920286
7 101825800 0
7 101830946 0.9974
7 101841453 0.9674
7 101842795 0.9674
7 101850455 0.0484648901833487
7 101870153 0.263475124709384
7 101876918 2
7 101883596 2
7 101888380 2
7 101895913 2
7 101897501 0.0269
7 101905727 2
7 101933758 2
7 101961246 0.1218
7 101967234 2
7 101985707 2
7 101998781 2
7 102001896 5e-04
7 102015288 2
7 102016354 2
7 102020359 0.1194
7 102026538 0.502543441337578
7 102029556 2
7 102030609 2
7 102031488 2
7 102037663 1.9485
7 102063474 2
7 102070952 2
7 102089585 2
7 102094347 2
7 102095580 2
7 102120861 2
7 102132679 5e-04
7 102168938 2
7 102208237 2
7 102217298 2
7 102221930 2
7 102230322 0.5009
7 102232361 2
7 102241461 2
7 102249172 1.0894
7 102257014 2
7 102260354 0
7 102261556 0.742071008471521
7 102264453 2
7 102264528 2
7 102269555 5e-04
7 102273527 0.0075
7 102293290 0.3229
7 102318900 0.303222995277274
7 102325394 0.364652979473988
7 102337534 0.3719
7 102380544 2
7 102392206 0.2278
7 102411817 0.0712
7 102414237 0.0078
7 102427812 0
7 102428078 2.9781
7 102438644 0.7716
7 102444702 0.9719
7 102445949 2
7 102474009 0.3197
7 102479123 0.3012
7 102527609 0.0699
7 102544099 1e-04
7 102711732 2
7 102714223 0.0078
7 102723526 0.1045
7 102726087 0.1045
7 102727842 0.1045
7 102731536 0.1045
7 102735637 0
7 102735822 0.1045
7 102753911 0.1581
7 102782567 0.897189788191463
7 102807751 0.498331802665069
7 102811143 1.8264
7 102828412 2
7 102832716 0.9956
7 102853145 0.0423387247140677
7 102856883 0.340515738151361
7 102857101 0.0339670501573576
7 102857455 0.151422912835663
7 102878584 0.7044
7 102901315 0.216039554153428
7 102915742 2.14973333769917
7 102971441 0
7 102999857 2
7 103022093 0.74720974665821
7 103063688 0.0713494458487308
7 103075968 2
7 103080443 1.1766
7 103115693 2.4178
7 103131525 0.842984541685222
7 103160897 0.0092
7 103162773 1.2680870069958
7 103175998 0.1024
7 103183129 0.6585
7 103185829 1.168
7 103193520 1.168
7 103204644 0
7 103234818 1.4293
7 103255764 1.168
7 103317960 5e-04
7 103324835 2.2379
7 103376576 1.3531
7 103399790 0.0527885905044368
7 103417894 0.751986144852045
7 103436751 0.7269
7 103439278 0.7269
7 103444466 0.4193
7 103452696 0.4193
7 103454558 0.8389
7 103457010 0.5272
7 103459290 0.4193
7 103484341 0.9051
7 103487401 1.89200394630466
7 103490984 0.7272
7 103492416 0.7616
7 103492754 0.9389
7 103494984 0.1122
7 103527228 1.1721
7 103537380 0.0876
7 103537981 0.135
7 103543617 0.1433
7 103545734 0.918500281760505
7 103547614 1.77105845576176
7 103550981 0.2404
7 103568581 0.788168476731828
7 103580705 0.199492012768252
7 103580962 1.9275
7 103585005 1.07520146065215
7 103620497 1.04204272788741
7 103638024 2.35310505475192
7 103645910 0.81970313124416
7 103657781 0.8635
7 103671150 1.87404760439983
7 103690278 0.8234
7 103691808 0.4835
7 103712646 0.90946374690767
7 103713254 1.97407042684449
7 103716603 1.17094942660884
7 103717200 0.340983783233586
7 103717363 0.9014
7 103718612 0.383850977312626
7 103719775 1.4946
7 103731392 0.395499848468917
7 103737449 0.0211625968315337
7 103737615 0.8635
7 103738795 0.8635
7 103740224 0.8635
7 103740227 0.8635
7 103742170 0.290446151202177
7 103742406 0.8635
7 103743770 0.8635
7 103744019 0.8635
7 103746202 0.9014
7 103754609 1.0728
7 103755178 1.2903
7 103771160 0.392462402575279
7 103773197 2
7 103773556 2
7 103775848 0.5622
7 103782194 0.159271523470789
7 103784721 1.78399805052871
7 103785668 2
7 103789897 2
7 103815725 2
7 103819352 2
7 103825971 1.466566744092
7 103839008 0.4387
7 103846118 1.2932
7 103846272 1.2932
7 103849973 0.8509
7 103856303 1.1591
7 103864131 1.1591
7 103865036 0.1581
7 103876340 0.4586
7 103878302 1.2808
7 103887802 2
7 103889719 2
7 103897516 1.4
7 103899347 0.6529
7 103901142 1.4199
7 103907891 1.0097
7 103920234 2
7 103943313 0.1277
7 103960465 1.4568
7 103961087 0.751843079765888
7 103969682 1.0309
7 103972692 0.501258866422618
7 103992819 1.068
7 103993065 0.601150817375533
7 103997823 0.932
7 103998242 0.690613240389808
7 104000680 1.6755
7 104024113 2
7 104096353 0.5861
7 104099477 0.5861
7 104104764 0.5861
7 104113318 0.179
7 104136088 0.6671
7 104143146 0.179
7 104143587 0.2291
7 104144906 0.2423
7 104160165 0.2036
7 104184274 0.1553
7 104184276 0.288
7 104196885 0.5255
7 104202865 0.2162
7 104210083 0.179
7 104229626 0.179
7 104244524 1.2013
7 104248268 0.8077
7 104248476 0.8077
7 104248867 0.7892
7 104254956 0.8956
7 104258991 1.5444
7 104268611 1.0958
7 104280187 0.6946
7 104283731 0.233
7 104292914 0.2168
7 104294770 0.7
7 104334295 0.3059
7 104338383 0.3059
7 104356051 1.4804
7 104356735 1.3854
7 104368085 0.7792
7 104377138 0.4074
7 104381059 0.4074
7 104385389 3.8927
7 104386723 0.7312
7 104398614 0.4074
7 104399171 0.4074
7 104408359 0.2142
7 104429485 0.7949
7 104430419 0.2206
7 104435383 1.0622
7 104443271 1.4011
7 104462292 1.12085004932157
7 104466406 2.5378
7 104469944 0.0107
7 104471146 2.0672
7 104476001 0.750231553869314
7 104477597 0.222921686906252
7 104478580 0.2985
7 104478715 1.4999
7 104482820 0.889945082555178
7 104491470 0.191564576954187
7 104491638 0.0107
7 104491942 1.94985248535846
7 104506282 0.7842
7 104517129 2
7 104518504 1.29324483836711
7 104520342 0.8708
7 104522114 0.8713
7 104527284 2
7 104551401 0.6583
7 104569413 2.1608
7 104575588 0.6583
7 104581884 0.664835861274202
7 104594028 0.250360461982628
7 104605871 0.0502
7 104606177 2
7 104616300 0.259994001800738
7 104616879 0.9434
7 104667053 2
7 104679341 1.1515340856718
7 104679860 0.205009440802811
7 104682933 2
7 104706865 2
7 104730573 0.9874
7 104750062 2
7 104760617 2
7 104760945 0.0444
7 104762823 2
7 104772907 0.406046062023696
7 104775992 0.5192
7 104789393 1.0514
7 104813851 0.8127
7 104820286 0.8127
7 104824000 0.742544213143041
7 104832960 0.160265144102227
7 104835763 1.38143343778771
7 104840027 2
7 104858903 0.0990599198879544
7 104864247 0.0107
7 104865340 2
7 104870468 1.49959645274393
7 104890301 2
7 104913245 1.4622
7 104940340 0.2771
7 104949711 2
7 104957222 0.6116
7 104959521 1.0329
7 104960789 0.5747
7 104966979 2
7 104986971 0.890288147279447
7 104987426 1.1972
7 104996493 0.1838
7 105022415 0.1957
7 105036075 1.2375
7 105045870 1.1972
7 105049751 1.1972
7 105053799 1.2375
7 105075043 0.2619
7 105075051 1.1972
7 105086180 1.2375
7 105115369 0.1772
7 105128968 0.2619
7 105167939 0.1718
7 105176583 0.669074557108115
7 105176773 0.1027
7 105181897 0.0845
7 105193846 0.1718
7 105203969 1.11216387279718
7 105256418 0.1718
7 105259162 1.6573
7 105277061 0.1718
7 105282497 0.1718
7 105283482 0.565401959457303
7 105293506 2.0836
7 105294801 0.1718
7 105296089 1.04268506013495
7 105299777 1.2375
7 105299792 1.6662
7 105331540 0.544258619109964
7 105338171 1.6486
7 105369346 1.2375
7 105370237 0.2727
7 105383053 2e-04
7 105383670 3.00949999835127
7 105386245 2
7 105387910 0.0263
7 105389075 1.2508
7 105394942 0.0538
7 105413602 2.878
7 105424146 0.6295
7 105434010 0.0568
7 105456072 1e-04
7 105475375 0.6765
7 105475396 0.00644674639002081
7 105499555 2
7 105504181 2
7 105508813 0.79728519242002
7 105508957 2
7 105510295 2
7 105514342 2
7 105516717 2
7 105540307 2
7 105551610 2.6873
7 105553390 0.786661718202138
7 105555990 2
7 105565508 1.6026
7 105566023 1.672
7 105569778 1.1682
7 105570209 2e-04
7 105571811 0.818910691689521
7 105583685 1.16455837774732
7 105584470 0.0592980467474632
7 105588378 1.77021266212205
7 105602399 0.978408657034195
7 105603002 2
7 105620028 2.2407
7 105621726 1.7515
7 105637279 5e-04
7 105643395 0.475870210279372
7 105644839 0.268712118978381
7 105658516 0.7618
7 105663147 1.7209
7 105667170 1.7572
7 105684871 1.2073
7 105685592 2
7 105695004 0.9187
7 105701466 2
7 105704505 1.5507
7 105717316 2
7 105719249 2
7 105719447 1.1322640838604
7 105722256 0.9952
7 105722851 0.9952
7 105731919 0.9952
7 105738974 0.444923398939763
7 105746015 0.522305415346713
7 105781122 2
7 105810607 0.656
7 105820159 0.3015
7 105836163 0.1027
7 105837514 2.4484
7 105840826 0.8291
7 105845485 0.86880210629255
7 105851124 0.398
7 105876764 0.0948
7 105902519 0.89054674994259
7 105908563 0.7332
7 105908595 5e-04
7 105917747 1.1983
7 105922435 2.18647404605978
7 105934982 2
7 105939577 1.5057
7 105941363 1.0057
7 105950201 0.0263
7 105953065 1.634
7 105956086 0.643
7 105963738 2
7 105963941 0.6293
7 105966054 1.5843
7 105978723 0.138
7 105981066 1.0647
7 106025868 2
7 106036399 2
7 106038451 2.5913
7 106042424 2
7 106050039 0.891533756770731
7 106055812 0.4121
7 106056787 1.01581031957536
7 106068432 0.33163307243517
7 106105879 0.4275
7 106115119 0.0162
7 106125553 2
7 106126020 0.3474
7 106127137 0.3474
7 106149834 2
7 106153411 2
7 106160160 2.61167447294666
7 106166772 2
7 106169546 2
7 106179284 2
7 106182460 2
7 106185890 2
7 106200087 2
7 106201902 2.1522
7 106211533 2
7 106219742 2
7 106222980 0.47409378788261
7 106233244 0.3443
7 106243358 0.3268
7 106294541 0.804543325269691
7 106294761 0.7808
7 106296891 0.0597792992872529
7 106303853 0.533550186261476
7 106303862 0.285259269896295
7 106318013 1.07965199126057
7 106322672 0.2757
7 106339471 0.2757
7 106351197 0.67190044902517
7 106371312 0.223895271109542
7 106376713 2
7 106422435 0.490516716119406
7 106423144 0.73808317297629
7 106443002 1.0084
7 106445909 0.149783476044556
7 106446811 1.02321698530739
7 106448798 2
7 106449250 2
7 106456341 2
7 106456466 2
7 106459394 0.168563451922178
7 106463762 2
7 106463819 2
7 106468689 0.499667005947095
7 106481413 2
7 106491556 2
7 106491993 2
7 106495339 0.1792
7 106496136 0.380986019850459
7 106496474 1.3049
7 106501030 0.315243391071905
7 106507730 0.0488372957679455
7 106522057 2
7 106526499 0.3977
7 106531253 0.608630785612613
7 106533391 0.339607729412849
7 106534680 0.620131237733808
7 106544079 0.120792043359476
7 106554661 0.3743
7 106556797 0.3743
7 106562504 2
7 106566375 2
7 106570506 2
7 106587861 0.9823492543519
7 106598772 2
7 106601045 0.2116
7 106601651 0.303284534401334
7 106612115 1.20308051305646
7 106624226 0.1137
7 106627996 0.4416
7 106643384 0.208335403621545
7 106666347 2
7 106671826 0.0542
7 106675265 1.69705218754258
7 106676075 1.5189
7 106677530 0.2108
7 106684558 0.6107005309005
7 106686443 0.133566884562766
7 106692965 0.0426
7 106701259 0.0426
7 106720219 0.0426
7 106728580 2
7 106739558 0.0426
7 106742683 0.8314
7 106751866 2
7 106752182 2
7 106762958 0.301198253470695
7 106765196 2
7 106768756 2
7 106771142 2
7 106773623 2
7 106773676 0.6632
7 106778550 2
7 106783428 1.16115387079065
7 106789009 0.522704733181076
7 106804925 0.2493
7 106812562 0.9323
7 106834091 0.574549353514733
7 106835505 1.5475
7 106849973 1.5323
7 106865033 0.4455
7 106875898 0.0078
7 106888089 1.3509119729527
7 106890086 1.6338
7 106909457 1.4565
7 106914855 0.00181567408960276
7 106917279 0.412
7 106921066 0.672086433372265
7 106933240 0.267171162118187
7 106946052 0.0945
7 106959589 1.8629
7 106970949 0.752578907371227
7 107003740 6e-04
7 107020705 2
7 107026785 1.327
7 107048809 1.3457
7 107053837 2
7 107059287 2
7 107061439 0.0078
7 107079722 2
7 107083022 1.2856
7 107094300 0.43971524192601
7 107095043 1.28
7 107096287 1.19830353960801
7 107114330 5e-04
7 107119266 2
7 107126012 1.3227
7 107152259 0.851977975591519
7 107164054 0.561982281961745
7 107171034 1.85187914570717
7 107193992 0.455310496608557
7 107205154 2
7 107205524 0.0650590284383823
7 107229827 0.211642585266345
7 107233620 2
7 107298757 0.0562905679612533
7 107300512 1.08524018202959
7 107311519 2
7 107312588 1.36130099102887
7 107316716 0.490206542637737
7 107318295 0.624798380037619
7 107321115 0.697959022170794
7 107327046 0.658234931600164
7 107330605 0.138595898191853
7 107369961 0.477216730535407
7 107382061 2
7 107393883 0.486923932877601
7 107405255 1.5467
7 107415872 1.43999146046721
7 107423912 1.69644567466589
7 107431229 0.19372938414682
7 107460596 2
7 107500461 0.568063595486956
7 107503421 2
7 107507567 0.839627551064584
7 107508075 0.165094945797325
7 107509722 0.807983736809712
7 107513840 0.729949672597067
7 107519859 0.473003395944315
7 107520946 0.515231325200438
7 107537937 0.152457490683501
7 107544021 1.76353570948831
7 107558345 0.0898
7 107586347 1.5794
7 107600828 2
7 107602464 0.310803826705618
7 107612412 0.264317934069238
7 107612859 1.25296908801563
7 107623179 2.7185
7 107625655 0.283522356021286
7 107625967 2
7 107629659 0.573276725004025
7 107643463 2
7 107647888 1.13064980791538
7 107682131 0.78297915967321
7 107689054 3.1148
7 107699466 0.1871
7 107726439 0.1947
7 107731463 0.1947
7 107732696 0.0072
7 107732720 1.08825006342142
7 107745380 2
7 107746365 2
7 107798664 0.2491
7 107806606 0.2929
7 107816958 0.8546
7 107819143 0.652251231878009
7 107823839 1.5207
7 107823981 0.484196411813228
7 107829330 1.0064
7 107831347 0.00649249641189364
7 107840456 0.749300749977121
7 107853300 0.0997
7 107854025 2
7 107854700 0.890915595001577
7 107858914 2
7 107859739 1.74890123979851
7 107874274 2
7 107880743 0.3114
7 107890834 0.3114
7 107894791 0.3114
7 107898799 2
7 107901112 0.770618605802498
7 107903872 2
7 107904086 0.3114
7 107916098 2
7 107922212 0.3114
7 107935112 0.5151
7 107941491 0.670363252002737
7 107949011 2
7 107950591 2.2541
7 107967525 2
7 107967919 2
7 107976881 2
7 107997352 2
7 108007922 0.7404
7 108011707 0.0257
7 108025388 0.682397617904194
7 108033541 0.513248324989447
7 108038532 0.0985237478494834
7 108080676 0.827960683698265
7 108087870 0.3926
7 108100892 2
7 108155109 0.1694
7 108176210 1.403
7 108183189 2
7 108183536 2
7 108183548 2
7 108186166 2
7 108189063 2
7 108190328 2
7 108190547 2
7 108190899 2
7 108191060 2
7 108194290 2
7 108198020 2
7 108209177 0.737824351326212
7 108214340 2
7 108246354 0.4121
7 108251778 0.4121
7 108255179 0.4932
7 108255959 2.2105
7 108280115 2
7 108280223 2
7 108281375 2
7 108295941 0.0668836936005418
7 108297771 0.8218
7 108299295 0.4319
7 108307694 2
7 108325376 0.6708
7 108330628 0.6708
7 108351106 0.180105090990388
7 108359913 0.2241
7 108363020 2
7 108373090 2
7 108398621 2.55913118505931
7 108421355 2.02860665001825
7 108427189 0.711799003956265
7 108431741 0.264725884256842
7 108442655 1.6697530093314
7 108443061 2.16999288842686
7 108454214 0.7303
7 108477054 2
7 108505564 0.5371
7 108520847 0.7096
7 108522288 1.2856
7 108524016 2
7 108542522 2.0672
7 108544437 2.3667
7 108591369 2
7 108600134 0.962071017074408
7 108615822 1.52163797532223
7 108692202 2
7 108700305 0.0887
7 108704998 0.211322189579109
7 108707314 1.78818953275083
7 108724020 0.2356
7 108728764 0.2107
7 108740240 0.395471130548541
7 108746458 0.3129342338127
7 108825919 1.4703
7 108826922 0.764034511292644
7 108828190 0.279067941908066
7 108829016 0.111416705451839
7 108834102 1.67499880874203
7 108837119 2
7 108838028 1.89860941366399
7 108851846 1.37949622830995
7 108882787 1.31443774810682
7 108887741 1.2017
7 108890522 2
7 108891927 2
7 108893323 2
7 108893740 2
7 108894035 1.194
7 108895489 1.2017
7 108897135 2
7 108914064 1.5495
7 108914868 1.4925
7 108915936 2
7 108917252 2
7 108918061 1.5495
7 108919145 1.5495
7 108930150 1.5495
7 108933991 0.2125
7 108942486 1.5756
7 108959819 1.5756
7 108966747 1.5495
7 108971422 1.5756
7 108990190 1.5756
7 108998710 2
7 108999141 2
7 109003191 2
7 109009550 2
7 109010649 2
7 109018030 2
7 109022978 2
7 109024991 2
7 109025796 2
7 109047522 2
7 109069306 0.0263
7 109075497 2
7 109084479 1.1559
7 109085454 2
7 109088783 2
7 109090777 2
7 109094508 2
7 109125975 1.8245
7 109134984 2
7 109152038 2
7 109182002 0.74368161860526
7 109212268 2
7 109219670 2
7 109227423 2.09153178983048
7 109228598 2
7 109244758 0.184331109112084
7 109245914 2
7 109246834 2
7 109248968 2
7 109252371 2
7 109252938 2
7 109257976 2
7 109262253 2
7 109267008 2
7 109267325 2
7 109270004 2
7 109270577 2
7 109270605 2
7 109279705 2
7 109286769 2
7 109320335 2
7 109321368 2
7 109323513 2
7 109329094 2
7 109364984 0.0146933963142846
7 109379363 0.419251806685235
7 109385881 2
7 109388240 0.200988732341795
7 109403143 0.0363200634654941
7 109403471 2
7 109415364 0.0561
7 109448669 0.1793
7 109464542 2.9911
7 109491982 0.124109483335975
7 109493476 0.327
7 109501900 0.946921569566401
7 109502167 0.8886
7 109503364 0.439395159293231
7 109513352 0.6418
7 109517085 0.137483431182246
7 109541193 0.0326
7 109557010 0.140877116085052
7 109560136 0
7 109560274 0.935182666753548
7 109574408 2.12273665748212
7 109592919 0.496221907123685
7 109596251 1.6987
7 109596380 2
7 109609819 2
7 109618680 2
7 109622057 2
7 109624054 1.1948
7 109635328 2
7 109636767 0.677005858414649
7 109645364 0.588125391662455
7 109647563 0.862285046661554
7 109656807 2
7 109657617 2e-04
7 109668250 0.5078
7 109673248 0.1146
7 109688586 0.1146
7 109689291 2
7 109706747 1.03002836112526
7 109711301 1.90900973612422
7 109719278 2
7 109720960 0.1146
7 109723643 1.48193622668676
7 109730283 1.0166
7 109734977 0.1211
7 109735791 2
7 109765445 2
7 109767625 0.461629403827978
7 109769416 2
7 109773848 0.8816
7 109776883 2
7 109779640 2
7 109782677 2
7 109798922 0
7 109800277 0
7 109844940 0.353734882377138
7 109864079 0.859696932922531
7 109891051 5e-04
7 109913398 2
7 109919644 2
7 109934269 2
7 109935217 2
7 109953746 1.1344
7 110008383 0.4534
7 110011654 1.8446
7 110013161 0.193754982864235
7 110014085 0.36350918635947
7 110019648 0.33221710665462
7 110020275 2.6444
7 110030160 1.7163
7 110045145 2.6444
7 110045341 2
7 110049996 0.7143
7 110067620 2
7 110068619 0.7368
7 110069071 5e-04
7 110070574 0.7602
7 110080723 2
7 110096528 2
7 110098097 2
7 110101049 2
7 110109992 1.6517
7 110123268 6e-04
7 110140555 0.0382331527762743
7 110150810 2.59730962122669
7 110155372 0.0815600854292314
7 110158535 0.935080359949952
7 110183742 0.142970857670956
7 110184058 1.51590833174856
7 110185500 0.961380547055278
7 110187531 0.446415523732501
7 110191662 0.316053566060424
7 110192449 2.7425
7 110194002 2
7 110202135 2
7 110229534 1.0943
7 110238566 0.39052048417855
7 110240822 2
7 110241739 0.961845835624369
7 110250797 2.0994
7 110253726 0.6817
7 110260539 1.33313903807777
7 110260864 1.3842
7 110261301 1.6099
7 110264550 0.310170560489217
7 110271638 0.0169060398850907
7 110276349 1e-04
7 110283532 0.200689455109458
7 110374387 2.1826
7 110377165 1.1911690241203
7 110426014 1.32971097539178
7 110437843 0.690703898883974
7 110454133 2.8944
7 110455482 1.184
7 110461739 2.20047693360793
7 110464580 0.936108714758645
7 110493927 2
7 110501379 2
7 110506861 2
7 110510955 1.9704
7 110518908 0.4226
7 110533984 2
7 110556420 2.5866
7 110589001 2
7 110593246 1.15098189947879
7 110625108 2.0503
7 110626965 2
7 110643208 0
7 110649558 2.1323
7 110662639 2.7115381679897
7 110671537 4e-04
7 110692690 1.98965227491348
7 110703575 0.1045
7 110705566 1.36390249546231
7 110716389 0.488525772651765
7 110716950 2
7 110717877 0.867461557522596
7 110726677 2
7 110730030 2
7 110747969 1.06455346495129
7 110767970 1.62637146262184
7 110785514 1.55994426758138
7 110790680 0.648101133082477
7 110808411 0.0107
7 110809958 1.69913741958314
7 110810667 0.158589444360653
7 110813330 0.746400347417745
7 110826667 2.30076895365818
7 110840402 0.0739
7 110844282 0.463666928414542
7 110862222 0.305941422387389
7 110903185 0.166858722747382
7 110919515 0.670863101858999
7 110924497 2
7 110951538 0.9011
7 110989511 0.0898
7 111006101 1.13265531512409
7 111030868 6e-04
7 111051265 0.4683
7 111071621 0.0854
7 111079408 0.0854
7 111097093 0.00862741180806987
7 111106552 0.0792
7 111214509 0.212347481176341
7 111283415 2.118
7 111336206 1.7755
7 111419830 2.02969941351651
7 111437123 1.8878
7 111461703 2.6908
7 111531250 2.2678
7 111540388 0.443973012742792
7 111649911 0.892871731923435
7 111656722 0.931090049125615
7 111676384 0.670027961061571
7 111677020 0.944235726304007
7 111678408 0.827438381939798
7 111678982 0.427318397158545
7 111695054 1.4245
7 111700154 1.9511
7 111702714 1.9511
7 111739650 2
7 111754080 0.4038
7 111756358 4e-04
7 111762769 4e-04
7 111797506 0.9993
7 111798866 1.0922
7 111850745 2
7 111860912 2
7 111930672 0.86723772944028
7 111963297 1.906
7 111989977 2
7 112002591 0.6257
7 112018179 0.333012383953375
7 112021781 0.219595581313256
7 112051469 0.3753
7 112089425 0.558292632022069
7 112095804 2
7 112101815 0.922836752574395
7 112111102 0.0244
7 112115652 0.9008
7 112117088 2
7 112119846 2
7 112119953 2
7 112123553 0.0053
7 112128802 0.521500355610422
7 112146850 0.0609
7 112157423 0.879865489999737
7 112170708 0.049
7 112172225 2
7 112189874 0.049
7 112198902 1.067
7 112208530 2
7 112270113 2
7 112275153 2
7 112296924 0.3293
7 112320045 2
7 112324148 2
7 112330743 2
7 112359420 1.1438
7 112393603 0.114305214529038
7 112404472 0.268839016216646
7 112413417 0.311110009390098
7 112428526 0.807723593540952
7 112452802 2
7 112456825 0.13578448222007
7 112463833 0.183249231252394
7 112463857 0.8325
7 112473918 2
7 112491641 2.52479395603926
7 112495152 1.21215774696596
7 112495433 0.13007851022229
7 112516039 2
7 112533110 0.000564091023618693
7 112543582 2
7 112551339 2
7 112556411 0.750175087442948
7 112560420 2
7 112568977 1e-04
7 112571457 2
7 112573705 2
7 112577854 2
7 112601635 2
7 112607703 2
7 112615936 2
7 112619794 0.240968069055164
7 112636556 2
7 112649898 1.54301446368031
7 112658150 0.924872686176261
7 112673153 2
7 112678937 2
7 112681527 0.711964818832576
7 112698044 5e-04
7 112701861 0.61203584744882
7 112703212 2
7 112706101 0.120756317366961
7 112714540 0.0158
7 112716345 2
7 112737383 2
7 112751824 0.545836385350544
7 112770124 2
7 112770537 2
7 112826957 0.11155945605576
7 112850157 2
7 112867232 0.67889317685147
7 112904938 5e-04
7 112922645 2
7 112946319 0.758014554625341
7 112961931 2
7 112966946 0.082
7 112976693 3.711
7 113014898 1.278
7 113024373 0.3274
7 113024748 1.86396554833598
7 113028312 1.34617347465407
7 113033097 0.996299931856856
7 113050121 0.3803
7 113054419 0.3803
7 113055429 2.8114899044213
7 113067871 0.190990150022638
7 113081825 2
7 113097501 0.752198626647191
7 113102481 1.14505471926568
7 113103972 0.0815662231449626
7 113115493 0.404432356955816
7 113124509 0.498592614795145
7 113192166 0.737
7 113208935 0.179172356449887
7 113222899 0.2951
7 113237503 0.723
7 113240228 1.66548854049187
7 113255119 2
7 113265453 0.8575
7 113270294 0.8456
7 113272914 2
7 113274154 0.8456
7 113281678 0.8456
7 113302411 0.339796204644975
7 113313014 2
7 113321606 0.5807
7 113335302 1.7619771841621
7 113349540 0.16355809942236
7 113358642 0.5807
7 113376749 0.5662
7 113389798 0.550173864100261
7 113417315 2
7 113441181 0.775991204144003
7 113466448 0.464332401390441
7 113472440 0.0202516205127656
7 113499343 0.0799332780216514
7 113501929 0.187843852638549
7 113552967 0
7 113556967 0.368330288401765
7 113604764 0.393719933332026
7 113622917 2
7 113652550 1.04551234845252
7 113658678 1.72026995230418
7 113658963 0.381528535167115
7 113668136 0.0162
7 113673705 0.535354968826574
7 113685403 2.0452
7 113693059 0.650672671840744
7 113702182 1.5937
7 113703637 1.6124
7 113709738 2
7 113738596 2
7 113753935 2
7 113757285 2
7 113758353 2
7 113766434 2.19909463336443
7 113787038 1.2032
7 113805962 2
7 113853511 2
7 113853796 2
7 113868482 1.1453
7 113878379 2
7 113895532 0.2538
7 113896869 2
7 113945034 2
7 113952417 2
7 113957574 2
7 113958644 2
7 113983427 2
7 113983429 2
7 113986234 2
7 113986395 0.444692629979076
7 113991696 0.0107
7 113993511 2
7 113997495 2
7 114006222 0.0107
7 114017798 2
7 114024275 1.1453
7 114039887 2
7 114043124 4e-04
7 114043151 0.427
7 114051184 0.0544963645681523
7 114068838 1.27754801847848
7 114114177 0
7 114114260 1.3884
7 114127897 1.6414
7 114131263 1.6414
7 114156524 0.5325
7 114171872 0.5325
7 114185226 0.5374
7 114205196 2
7 114294867 0.0107
7 114356857 2
7 114356909 2.9776
7 114374519 0.8065
7 114381251 0.8065
7 114396100 0.7939
7 114451698 2
7 114470513 0.108608674108851
7 114497705 2
7 114520687 0.7472
7 114520816 2
7 114522685 2
7 114547965 1.3567
7 114571857 0.183115190482654
7 114577854 1.3332
7 114605679 1.439
7 114614490 1.439
7 114653804 1.4954
7 114662800 1.89549503946654
7 114672596 0.849633143424961
7 114675550 0.41666273903766
7 114680167 2.09581140150853
7 114697560 0.230197866662279
7 114706436 0.2100170383556
7 114714795 0.108820710417143
7 114715138 0.644134481018735
7 114718745 1.7379
7 114725288 0.990634136991018
7 114733234 0.0586468616858559
7 114739491 0.8778
7 114741147 0.5543
7 114743001 0.0789842483948872
7 114744357 0.8778
7 114757593 1.3064
7 114788338 0.1017
7 114788672 1.03802083909813
7 114816748 0.0347
7 114824859 0.0347
7 114853219 2
7 114859877 2
7 114879284 2
7 114906392 0.0347
7 114927984 0.0078
7 114943702 0.0461
7 114948485 0.0461
7 115018166 0.0815586624644567
7 115023162 1.26353548837047
7 115041152 0.563798329258484
7 115042549 0.0956
7 115049217 1.00910137094266
7 115049372 0.364323678530494
7 115052192 0.579
7 115052468 0.619777713838046
7 115057962 0.0143214535538802
7 115065114 0.648305602884415
7 115081123 1.13310392419521
7 115092017 0.7864
7 115092036 0.0077
7 115095175 0.93552429477207
7 115104409 1.5114
7 115107018 0.838397865841276
7 115114550 2.1836588986236
7 115124558 2
7 115143029 0.1601
7 115195653 1.4844
7 115199651 0.904846397964309
7 115212548 2
7 115220793 0.3193
7 115267391 0.7532
7 115290719 1.7505
7 115300014 0.430879836756722
7 115306515 0.4123
7 115311487 2
7 115313288 2
7 115335338 1.13431419670631
7 115363230 1.8181
7 115372375 0.0684
7 115395450 0.862282067579059
7 115396131 2
7 115400027 0.0263
7 115404348 1.8181
7 115417808 2
7 115432105 0.0684
7 115451838 0.840006013963408
7 115452730 2
7 115463101 1.33397463111094
7 115471784 2
7 115479422 2
7 115479565 2
7 115480894 2
7 115482838 2
7 115542392 2
7 115546928 2
7 115567651 2
7 115602862 0
7 115611248 2
7 115633612 2
7 115637838 0.0742
7 115656958 0.0742
7 115668448 0.1059
7 115799103 2
7 115813376 2
7 115815329 2
7 115822396 0.0444
7 115822524 2
7 115870131 0.195497449859326
7 115878332 0.6985
7 115881945 1.2785
7 115903790 1.2785
7 115904709 0.0739
7 115923948 0.0739
7 115945634 1.5693
7 115946789 0.3859
7 115988084 0.3765
7 116005716 0.8721
7 116046374 1.3043
7 116055343 1.64692144642847
7 116068511 0.634
7 116073180 0.0647592180050837
7 116075040 1.5134
7 116102830 1.3783
7 116125995 1.3783
7 116142492 2
7 116178997 2.0836
7 116188846 1.65103600002766
7 116207734 1.3226
7 116212077 0.2423
7 116241625 0.0330275388550298
7 116263535 2.8216
7 116278351 1.1547
7 116282361 0.16726604687002
7 116296999 1.18117597683153
7 116297919 0.0306452887006817
7 116303152 0.322342487576845
7 116304883 0.830111594716597
7 116338778 1.35749998756814
7 116345911 0.656904022598752
7 116345917 5e-04
7 116347484 2
7 116359788 0.0873228628923529
7 116379508 0.0503
7 116415646 5e-04
7 116426536 1.28017523798657
7 116428941 3.1145
7 116429921 2
7 116442451 0.0077
7 116448247 2
7 116487730 0.5467
7 116489236 0.2373
7 116490929 0.2656
7 116491832 0.0805
7 116498351 1.793
7 116500022 0.0805
7 116502478 0.6336
7 116503808 0.5991
7 116511284 0.5991
7 116523104 2e-04
7 116525179 2
7 116539902 0.4117
7 116545606 4e-04
7 116546187 0.462219469711299
7 116555509 6e-04
7 116561502 0.802085554982299
7 116562683 1.02788134683719
7 116576607 2
7 116578032 2
7 116589942 1.4053
7 116606530 1.43336662005058
7 116631886 1.1589
7 116647734 1.4053
7 116653552 0.3015
7 116681331 2
7 116692739 1.27712265198469
7 116718433 0.761417520155303
7 116723436 0.0992603938730291
7 116737744 0.0046
7 116747967 2
7 116790647 1.5142
7 116793576 2
7 116816289 2
7 116819877 0.8096
7 116872215 0.7391
7 116874693 5e-04
7 116876871 2
7 116885447 2
7 116905675 0.7176
7 116917549 0.7176
7 116927595 2
7 116935375 2
7 116948286 5e-04
7 117031372 2
7 117031758 0.0724324080503334
7 117031764 0.549229545620036
7 117083116 2
7 117140445 2
7 117181723 2
7 117210716 0.4154
7 117242793 2
7 117246691 0.746
7 117247857 0.746
7 117265013 0.674893964774543
7 117266628 0.5421
7 117273157 2
7 117280916 2
7 117281176 2
7 117304229 2
7 117328335 0.557911830638207
7 117329108 0.3131
7 117340715 0.3131
7 117342853 0.1981
7 117348631 0.2972
7 117390178 1e-04
7 117454332 0.0078
7 117461228 0.3809
7 117464453 0.253
7 117465307 0.253
7 117467007 0.253
7 117542533 1.8453
7 117559479 0.4605
7 117571986 0.4701
7 117574071 0.5703
7 117601970 0.588
7 117619892 1.0072
7 117637872 1.0659
7 117671069 1.0072
7 117706606 0.4797
7 117711109 0.0441
7 117714812 0.4698
7 117723741 1.0256
7 117817354 0.915865830055244
7 117835274 0.298611261027901
7 117836709 0.671287285069494
7 117846084 0.3015
7 117852681 1.7209
7 117883407 2
7 117886310 2.8216
7 117886987 2
7 117888000 1.7445
7 117889367 2
7 117906144 2.8716
7 117911918 0.8048
7 117917314 1.4114
7 117922049 0.497258262221789
7 117942752 2.23196822473945
7 117973055 0.0838950923544722
7 117981823 0.412683116476024
7 117990051 0.0078
7 118002198 2
7 118028029 2
7 118040316 4e-04
7 118048385 2
7 118060121 2
7 118072703 1.4812
7 118074866 2
7 118119731 2
7 118171919 2.0025
7 118182505 2
7 118182816 2
7 118196797 2.0389
7 118198109 2
7 118199147 2
7 118323423 2
7 118354751 2
7 118360229 2
7 118365541 2
7 118366393 2
7 118367021 2
7 118377871 2
7 118385888 2
7 118389538 2
7 118390612 2
7 118391627 2
7 118391923 2
7 118407976 2
7 118412800 2
7 118438892 2
7 118488766 2
7 118500469 2
7 118502285 4e-04
7 118532786 2
7 118557766 2
7 118566183 2
7 118571747 2
7 118571859 2
7 118572016 2
7 118590235 2
7 118597906 2
7 118598234 2
7 118603668 2
7 118604652 2
7 118614905 2
7 118615495 2
7 118620188 2.062
7 118620983 2
7 118623011 2
7 118629232 2
7 118638448 2
7 118642731 2
7 118645880 2
7 118646067 2
7 118656883 2
7 118657498 2
7 118659796 0.692235477033056
7 118667205 0.396234436361209
7 118667933 0.875387099377948
7 118670519 1.21111039638466
7 118677358 0.839454320794803
7 118683188 0.148490559748496
7 118686613 1.04575029853539
7 118689909 1.31538625869714
7 118693905 0.1076
7 118695009 2
7 118707086 0
7 118707354 2.01104764047528
7 118719404 2
7 118720444 2
7 118724047 2
7 118726628 2
7 118727243 2
7 118747775 2
7 118763850 2
7 118768285 2
7 118791692 2
7 118811812 2
7 118817535 0.8503
7 118883093 0.8503
7 118903896 0.150414669178955
7 118939556 0.3365
7 118940684 0.067
7 118942784 0.067
7 118942891 2
7 118954573 2
7 118958714 0.067
7 118958815 0.067
7 118968193 2
7 118968236 0.067
7 118968349 0.067
7 118975352 0.0038
7 118988931 2
7 118991698 2
7 119000063 2
7 119004264 2
7 119021070 2
7 119024278 2
7 119051366 1.5846
7 119106136 0.8263
7 119156069 2
7 119167306 2
7 119167767 2
7 119214279 2.5413
7 119227192 2
7 119235204 0.8263
7 119235941 2
7 119298309 0.00774804246026826
7 119330109 5e-04
7 119370968 0.0373
7 119382514 4e-04
7 119389587 1.936
7 119465108 1.7555
7 119468502 2.8216
7 119480361 2
7 119608618 0.0863
7 119636100 2
7 119642662 2
7 119669361 2
7 119685850 2
7 119688198 4e-04
7 119694826 0.0217
7 119703816 2
7 119725897 2
7 119730342 2
7 119803602 2
7 119805726 2
7 119810413 2
7 119813471 2
7 119814196 2
7 119817390 2
7 119827733 0.0217
7 119859526 2
7 119926742 2
7 119939419 0.571
7 119952413 0.603
7 119978526 2.1549
7 120013746 2.339
7 120047368 5e-04
7 120122198 0.5344
7 120130826 0.5032
7 120139121 0.4565
7 120140647 0.5032
7 120145332 0.4565
7 120147653 0.4565
7 120151608 0.5032
7 120185456 0.512430381962843
7 120202122 1.7618
7 120216510 0.0502
7 120233706 0.5032
7 120236257 0.5032
7 120238429 0.5281
7 120250010 2.2734
7 120259440 2.2734
7 120279133 0.9217
7 120289043 0.0036621290582025
7 120309478 2
7 120315531 0.875899611345009
7 120344310 0.695247639507368
7 120366439 1.432
7 120394008 1.0143
7 120415104 0.40138511441962
7 120423145 1.79731253071587
7 120424751 0.745419202354257
7 120429507 0.0519645070993699
7 120429955 0.680343370270779
7 120449052 0.664645011006245
7 120451995 0.47974834467329
7 120463948 1.10461735766327
7 120481639 0.694254894469237
7 120497617 0.573525995925243
7 120498486 0.911463784775412
7 120529262 0.217347312250314
7 120576522 2.05096954092082
7 120632910 0.898103510739217
7 120638015 2.2988
7 120641078 2.2988
7 120648154 2.2988
7 120656343 0.6538
7 120661662 0.499325173071297
7 120676371 0.54578996485614
7 120683673 0.72961797133863
7 120688376 0.6212
7 120704234 0.0590158612922063
7 120712836 0.646791368228353
7 120713319 0.0736518757526306
7 120718817 2
7 120769604 2
7 120785000 0.0263
7 120798158 0.227897589917851
7 120871508 2
7 120888043 1.67432365818753
7 120889660 0.115945855955459
7 120892004 2
7 120893399 0.920402445500031
7 120898286 0.951910578394772
7 120902903 1.11958999646204
7 120908340 0.291976931883739
7 120908535 0.119034824568432
7 120911637 2.097
7 120912350 1.95996211883884
7 120915255 1.43025917645403
7 120917893 2
7 120926672 5e-04
7 120965604 0.0621
7 120966234 2
7 120986205 2
7 121004503 2
7 121006843 2
7 121013541 0.0444
7 121020628 1.82267316692832
7 121022915 0.0053
7 121041800 2
7 121048925 2.2988
7 121048991 5e-04
7 121055941 0.1395
7 121058454 0.1395
7 121069735 0.0444
7 121076483 2
7 121079962 1.1211
7 121080603 0.1301
7 121087667 0.3788
7 121114204 1.6875
7 121114948 2
7 121133173 2
7 121140429 2
7 121142908 2
7 121143941 2
7 121150212 1.1804
7 121157358 2
7 121163409 2
7 121178386 1.2694
7 121191969 2
7 121203654 2
7 121217988 0.510911805795025
7 121238307 2
7 121245269 2
7 121247743 1.5731
7 121293051 0.447264256778038
7 121305966 2
7 121316339 2
7 121327584 2
7 121337587 2
7 121339471 2
7 121342126 2
7 121359283 2
7 121367947 2
7 121370361 2
7 121387836 2
7 121393137 1.95921020323476
7 121396112 1.6637
7 121400447 2
7 121408190 0.0214
7 121417233 0.0053
7 121417292 0.0214
7 121428932 2
7 121434267 2
7 121440138 2
7 121447609 2
7 121468010 0.278
7 121468642 1.63156269781894
7 121478110 0.7495479941892
7 121522222 0.295
7 121523674 0.1058
7 121525899 0.1058
7 121526612 0.1058
7 121553289 0
7 121555535 0.281226353503157
7 121569430 0.614495003966454
7 121577471 0.2306
7 121590025 1.4050959557518
7 121590157 0.898024664192004
7 121598606 1.5368
7 121621134 0.836993116015758
7 121638987 2
7 121640993 2
7 121643997 0.378807427181971
7 121645991 2
7 121648689 0.140221691278976
7 121651814 1.15819744932285
7 121654546 0.395040755864675
7 121656986 2
7 121680152 2
7 121688887 0.8157
7 121732484 1.98683851296705
7 121743700 0.351568389713034
7 121744171 0.155147970229147
7 121745625 1.10213713455206
7 121798548 0.1258
7 121798610 0.523064806228024
7 121798843 0.1258
7 121823576 2
7 121827687 0.5648
7 121828004 2
7 121839587 0.469769989487039
7 121844213 0.317553852062237
7 121849644 1.45959445743639
7 121869421 2.3667
7 121870985 0.3703
7 121874162 1.29060307039548
7 121932664 1.11890384028383
7 121935653 1.45381609288477
7 121951955 1.11713116321981
7 121968678 0.400639209339011
7 121990922 0.0107
7 121994432 2
7 121997211 2
7 122039079 0.923259111153497
7 122050475 5e-04
7 122067168 0.1036
7 122077054 0.290568415332589
7 122083711 1.01534383670504
7 122085907 2
7 122129140 0.1036
7 122139768 1.00350359609405
7 122143820 2
7 122150880 1.12189471947463
7 122162199 2.00016738462542
7 122164652 2
7 122195669 0.10598413879595
7 122195673 0.2481
7 122200678 2
7 122215333 2
7 122229305 0.330812249009836
7 122231777 2.42319244080192
7 122237694 2
7 122288357 0.3293
7 122291693 2
7 122304473 0.949770592842639
7 122309972 1.34288054998244
7 122318141 2
7 122326096 2
7 122338012 2
7 122342052 2
7 122357310 2
7 122367081 2
7 122376465 0.1634
7 122382796 0.7166826043388
7 122392665 2
7 122433018 1.8647
7 122439664 0.921780627182362
7 122443461 1.1687136228301
7 122447115 1.60721978477176
7 122459410 1.17516710310073
7 122462755 2.20441508091589
7 122484599 0.2993
7 122510181 2.3054
7 122552065 1.0097
7 122559735 0.8964
7 122559994 1.028
7 122564372 1.028
7 122571718 1.028
7 122591374 1.3588
7 122602591 0.7623
7 122613825 2.3217
7 122616070 1.3588
7 122625146 0.7068
7 122634259 1.0942
7 122635152 0.7696
7 122640062 1.0942
7 122646451 0.9757
7 122656314 0.7696
7 122660606 2
7 122662844 0.1403
7 122667015 1.28446322000129
7 122688768 0.321276451011341
7 122719018 0.777498982402645
7 122720073 4e-04
7 122725415 0.435099073266435
7 122748201 0.667636862375824
7 122751042 2
7 122773651 0.3279
7 122804082 2
7 122806531 1.2131
7 122834470 2
7 122856886 2
7 122861927 0.0871830550272841
7 122862570 2
7 122878029 0.1164
7 122911709 2
7 122922103 0.3362
7 122936819 0.779135208777334
7 122950241 2
7 122951460 2
7 122951963 2
7 122954608 2
7 122962885 0.672093016041578
7 122965626 0.9674
7 122968916 2
7 122976992 0.5988
7 122977590 1.906
7 123027851 0.1655
7 123027871 0.1171
7 123037466 0.562645641054881
7 123046528 0.448446599308905
7 123050294 1.2830427633321
7 123072871 0.0176033192659896
7 123094358 2
7 123098182 0.529831321634755
7 123105599 0.461797590708601
7 123109988 0.338874125618277
7 123113994 0.503610356932013
7 123117032 0.0532139074892236
7 123133357 1.8942
7 123133412 1.936
7 123142959 1.23528849457586
7 123162770 0.340134834461894
7 123164904 2
7 123168259 0.150204049607347
7 123181441 1.7719
7 123198036 0.631825222208111
7 123200993 2
7 123204149 0.0736838999299935
7 123214030 0
7 123214255 1.32277619376555
7 123229683 0.272402237169398
7 123245993 1.5377
7 123255254 0.615762340723829
7 123280982 1.6434
7 123295850 0.0926
7 123296155 0.0926
7 123304963 0.0926
7 123306581 0.301883738507403
7 123324293 0.0926
7 123344134 1.13837552891382
7 123355750 2
7 123356947 0.686781307748231
7 123382208 0.426892607204284
7 123382685 0.412533456078588
7 123386730 1.56072702460235
7 123411559 0.265417548474757
7 123431421 0.0158
7 123446142 2
7 123450413 0.6974
7 123451068 0.6974
7 123451281 0
7 123463998 0.724
7 123475219 0.724
7 123490913 1.5016
7 123493727 1e-04
7 123514964 0.600603297785552
7 123524807 2
7 123536241 0.247843512262127
7 123551817 0.724
7 123578468 0.107023550033895
7 123579386 1.33444858704226
7 123587415 0.923159106763892
7 123592441 2
7 123618614 0.4016
7 123653098 0.792310340240724
7 123664269 0.428743013959487
7 123665782 0.499939018990772
7 123667025 0.256629452659042
7 123678424 2
7 123678503 0.312249485864191
7 123689549 0.0431892925461
7 123700208 0.895865187630115
7 123710481 1.59082877253728
7 123713654 1.89695415263075
7 123725068 2
7 123730656 1.22235148610267
7 123797711 0.8318
7 123800505 0.8473
7 123811928 2
7 123857697 1.0186
7 123870717 0.6421
7 123873434 0.6421
7 123878647 0.6421
7 123889740 2
7 123890886 0.6421
7 123894771 0.6421
7 123899411 1.26492833612905
7 123901867 0.6421
7 123910519 0.6421
7 123918255 0.6421
7 123935070 0.6421
7 123937417 0.3627
7 123961480 2
7 123961946 1.06944651560389
7 123974753 1.04113530041378
7 123997394 1.2694
7 124032950 1.7505
7 124043532 1.7505
7 124047002 0.0263
7 124051586 1.63075618149364
7 124055865 2.8874
7 124056543 0.0078
7 124060065 0.252471418007229
7 124060799 0.953915635060691
7 124097782 0.479446479297778
7 124105730 0.213188664426929
7 124114303 2
7 124128816 0.923222998106573
7 124131216 0.261760301421665
7 124131653 0.379908587052304
7 124133676 0.267698387069397
7 124136414 2.49767602365244
7 124137376 1.2924
7 124138056 0.284214199751155
7 124140963 0.695414599484
7 124142313 0.814297659065368
7 124145471 0.73566992123087
7 124146759 0.0972401476527464
7 124147619 0.730182660164562
7 124151585 0.143115288068533
7 124151834 1.14566613829932
7 124153809 0.306655148437295
7 124160634 1.6784
7 124160808 0.350969015709221
7 124176114 2.12533023691177
7 124182559 0.268089921806051
7 124207863 0.5519
7 124220223 0.364201457159252
7 124225872 2.69024650457508
7 124229338 0.823606237927384
7 124232422 0.684918009304069
7 124233245 0.37450179826449
7 124277948 0.502532451709598
7 124284196 0.308248372432649
7 124291436 0.19690217835751
7 124310135 0.247221105479789
7 124318742 2
7 124332808 2
7 124333003 2
7 124335519 2
7 124340384 2
7 124340979 2
7 124341954 2
7 124343164 2
7 124352340 2
7 124359822 2
7 124367402 2
7 124380513 2
7 124419350 0.0745
7 124421870 0.0745
7 124422712 0.0807
7 124423424 2
7 124430571 0.960011167635181
7 124435440 1.63100983325782
7 124446436 0.420763269818342
7 124467348 0.383029895600164
7 124492097 2.5348
7 124494485 0.350034777459671
7 124510087 0.0389
7 124512217 0.0389
7 124516473 0.288798797271446
7 124528603 0.0078
7 124530456 5e-04
7 124534017 2
7 124550430 0.4318
7 124557919 2
7 124562030 0.908
7 124564628 2
7 124574257 2
7 124580750 2
7 124581953 0.2013
7 124598455 2
7 124614929 2
7 124629111 0.0258
7 124637377 0.749
7 124660243 0.0076
7 124662277 0.9456
7 124664461 0.9456
7 124671528 2
7 124682456 0.673
7 124695743 1.49409047768477
7 124716228 2
7 124718642 1.2083
7 124720657 2
7 124725209 2
7 124732628 2
7 124734098 2
7 124736475 0.9333
7 124736887 2
7 124743775 2
7 124747038 0.2074
7 124790978 0.9184
7 124850905 3.1258
7 124851984 0.6205
7 124865730 0.5854
7 124865897 0.5854
7 124868875 0.9142
7 124869525 0.4871
7 124869723 0.6205
7 124881092 0.5854
7 124881376 0.9142
7 124884622 0.4871
7 124891284 0.5854
7 124895199 0.5854
7 124902072 0.6205
7 124902968 0.5854
7 124903249 0.5854
7 124904416 0.9142
7 124906589 0.5854
7 124923286 0.5854
7 124935082 0.4871
7 124935955 0.42809059337998
7 124938414 0.5854
7 124939728 0.5854
7 124941011 0.5854
7 124943842 0.5773
7 124944714 0.5854
7 124952006 0.5854
7 124956195 0.5854
7 124968719 0.5854
7 124985408 0.5854
7 124995200 0.5854
7 124995546 0.5854
7 125001437 0.5854
7 125003005 0.5854
7 125008331 0.5949
7 125012876 0.5854
7 125022404 0.3255
7 125029879 0.3255
7 125033319 0.5774
7 125062345 2
7 125072151 2
7 125075512 2
7 125079747 2
7 125081402 3.1145
7 125151229 2
7 125182741 0.0461
7 125183778 0.0461
7 125185595 0.0077
7 125224042 0.178
7 125238812 1.5157
7 125262413 0.665
7 125264392 2
7 125265817 2
7 125270779 0.375
7 125273338 2
7 125273826 0.375
7 125274294 2
7 125275256 2
7 125276724 0.4659
7 125281883 0.3415
7 125283095 0.3415
7 125283843 0.3415
7 125288924 0.3098
7 125290703 0.9965
7 125291371 0.832133961527055
7 125328387 1.3094
7 125350714 0
7 125351454 2
7 125375700 0.0075
7 125377057 0.1268
7 125379513 0.1268
7 125381366 0.1268
7 125382412 0.1268
7 125392146 0.1268
7 125393072 0.0879
7 125395071 0.0879
7 125451962 1.3094
7 125462184 1.4838
7 125464717 1.5122
7 125466154 1.4838
7 125471088 1.5752
7 125478195 0.586460858117063
7 125478237 1.6142
7 125478882 0.8891
7 125479928 1.6142
7 125480078 1.6142
7 125509360 0.8458
7 125513164 0.29407201704997
7 125524227 0.8423
7 125545536 0.8423
7 125552471 0.0793157854437707
7 125558104 2
7 125579850 0.642
7 125580130 0.2948
7 125585597 0.6726
7 125585838 0.642
7 125586310 0.066363015766993
7 125598503 0.642
7 125606917 0.6837
7 125617178 0.7436
7 125628735 0.7349
7 125653732 0.803182153894737
7 125659261 0.387344920716101
7 125673238 1.49786274991943
7 125675516 0.734
7 125679819 0.0691
7 125697283 0.2854
7 125727076 2
7 125745660 0.32540685765067
7 125750280 0.0544514684120194
7 125756614 0.242832133809904
7 125760266 0.717010874466866
7 125760871 1.37823827302212
7 125764267 0.539615787684319
7 125765732 0.723148507519207
7 125766482 1.65346960772871
7 125772960 0.0053
7 125789173 1.5431
7 125792259 1.5431
7 125795214 1.5431
7 125800009 1.5431
7 125805945 0.382203643074872
7 125814626 1.5498
7 125816733 1.5498
7 125826394 1.5498
7 125829545 2
7 125830616 1.3783
7 125833971 1.3783
7 125850534 1.5498
7 125851255 2
7 125856901 0.296
7 125873893 0.124913073274942
7 125907431 0.00877686108946328
7 125916546 0.274
7 125920205 1.287
7 125930788 1.5606
7 125938752 2
7 125941423 1.5829
7 125943127 2
7 125945719 2
7 125945785 2
7 125947911 2
7 125963403 0.404595654844045
7 125967050 1.4799
7 125967083 2
7 125969539 1.4799
7 125970216 2
7 125970903 2
7 125976651 2
7 125977349 1.4799
7 125980195 1.4799
7 126004791 2
7 126015272 1.1213
7 126018265 1.1213
7 126019720 1.1213
7 126028332 1.1213
7 126031597 0.127858682799654
7 126046120 0.353137263000654
7 126052241 0.620959591238577
7 126058481 0.323585684945972
7 126064462 2
7 126065824 2
7 126068867 2
7 126070373 2
7 126097332 1.1648
7 126097629 1.9100383104756
7 126098292 0.367910501824504
7 126104862 2
7 126111767 2
7 126113683 1.55123487044751
7 126117211 0.842657313087796
7 126124688 2
7 126125819 0.414147566577987
7 126133137 2.2988
7 126188342 1.193
7 126190588 1.193
7 126199359 0.9549
7 126206840 0.880357681290278
7 126209097 2
7 126227058 0.0937686372622492
7 126228088 0.46753231984301
7 126229636 0.7789
7 126237794 1.012
7 126238528 0.150256045562493
7 126241656 0.7789
7 126241664 0.9259
7 126251101 0.0885931862068731
7 126251279 1.012
7 126253119 0.9259
7 126277374 0.7939
7 126280872 0.9259
7 126282257 1.012
7 126298558 2
7 126321218 0.7939
7 126340489 0.406892817371876
7 126346359 0.4629
7 126346753 0.669282719927558
7 126373271 0.4791
7 126373292 1.32319339666643
7 126377668 0.621624834292153
7 126380618 1.08467950318303
7 126380999 0.924023534632389
7 126384216 0.00975537409835249
7 126385278 1.6328566021554
7 126385754 0.360517427842127
7 126386149 0.541570674605722
7 126391901 0.4281
7 126393513 0.00739211183242713
7 126407779 2
7 126408607 2
7 126408649 2
7 126426611 0.8361
7 126432012 0.093095078256369
7 126436780 1.06743400496243
7 126437144 0.4281
7 126437651 1.7416948156572
7 126468860 2
7 126487247 1.1619
7 126534209 0.4048
7 126557169 2
7 126567734 0.9223
7 126581756 2
7 126582320 0.0263
7 126586091 2
7 126587995 2
7 126595703 2
7 126596267 2
7 126602542 2
7 126604276 2
7 126632201 2
7 126639285 2
7 126643188 2
7 126643381 2
7 126644220 2
7 126648432 2
7 126651168 2
7 126652721 2
7 126668258 0.329013572625576
7 126672790 2
7 126675058 1.98898260314486
7 126675717 0.18778284134052
7 126676940 2
7 126714407 0.0263
7 126731903 2
7 126735372 0.0916
7 126741586 2
7 126750130 2
7 126750518 2
7 126765013 2
7 126770689 2
7 126781696 2
7 126816120 1.0216
7 126817961 2
7 126863782 1.0548
7 126883782 2
7 126893063 2
7 126898333 0.6892
7 126899737 0.2046
7 126915313 0.1827
7 126937182 2
7 126943103 2
7 126944691 0.1899
7 126959350 2
7 126962231 2
7 126968763 2
7 126969690 2
7 126994045 2
7 126999192 0.371200388317192
7 127037344 1.2565
7 127040950 0.6255
7 127042784 2
7 127071943 2
7 127072133 2
7 127079828 2
7 127082284 1.94663609528419
7 127092757 1.1498
7 127135144 0.217964436610165
7 127181229 2
7 127208040 0.5877
7 127210544 2
7 127218138 1.2806
7 127269219 1.6183
7 127275645 1.12055977027123
7 127295755 0.258993995231774
7 127309999 2.24038161615563
7 127310006 2.9793
7 127311607 2.4029
7 127316812 0.155946059564711
7 127322485 0.767395539872857
7 127352544 0.834207982722741
7 127361033 1.93286644147683
7 127364964 1.87533742173187
7 127377640 0.401148751613097
7 127388604 4e-04
7 127389375 0.0659097578881148
7 127390860 0.38089607754151
7 127392545 1.13292897558284
7 127394331 1.13844912914099
7 127405898 0.849562593808285
7 127415194 1.78696274560695
7 127423842 0.058
7 127429587 0.6888
7 127430431 0.058
7 127434084 2
7 127450384 0.4751
7 127459004 0.4751
7 127461454 0.4751
7 127462585 0.4751
7 127470743 0.597807616096329
7 127482770 0.4751
7 127485317 2
7 127488634 0.4751
7 127489610 2
7 127492511 0.840008876375498
7 127492827 0.5992
7 127506065 1.77954344606214
7 127513988 1.0264
7 127527423 1.2699
7 127529843 0.71131868431988
7 127540613 2
7 127561610 0.889322318900552
7 127584232 0.0660124705931182
7 127607078 0.320154611418408
7 127608360 0.905456556193803
7 127608653 2.14106064965212
7 127620899 0.784
7 127631732 5e-04
7 127640920 0.401
7 127647860 0.942094786130199
7 127657678 1.4189940694237
7 127680369 2
7 127708421 0
7 127710514 0.9085
7 127735639 1.2482
7 127773225 0.136059678743992
7 127794610 1.2572
7 127810505 0.801393124430953
7 127815349 0.240369233126646
7 127824333 1.21708390119357
7 127831587 0.97
7 127852387 1.1674
7 127859285 1.0251
7 127866027 1.0251
7 127879225 1.0251
7 127916564 0.6068
7 127946033 2
7 127971982 2
7 127980113 1e-04
7 127996905 2
7 128020567 0.458831719332865
7 128074439 0.364
7 128079895 0.3574
7 128104735 1.32172242154037
7 128104795 0.380862197126412
7 128106341 1.43021085975196
7 128126348 0.662300879624063
7 128137085 1.0585766616542
7 128140197 0.326959666217011
7 128142280 0.0325
7 128160691 0.580906524771848
7 128169252 1.84216166935388
7 128171538 0.1171
7 128187702 0.526164148828456
7 128202994 2
7 128217273 0.4482
7 128224825 0.669502170725028
7 128229409 2
7 128239315 2
7 128239391 2
7 128256483 0
7 128257016 0.7449
7 128263244 0.4439
7 128275082 0.0053
7 128276636 2.3675
7 128284112 2
7 128288179 2
7 128298071 0.12259206067291
7 128312657 0.61946895687599
7 128317267 0.6213
7 128336552 0.985530242431813
7 128339993 0.6036
7 128346840 0.5531
7 128357065 1.7015
7 128362054 2
7 128377256 2
7 128379693 2
7 128383468 0.647530379154991
7 128387337 2
7 128399764 2
7 128419241 2
7 128440078 0.096938342367134
7 128472726 2
7 128474414 0.154
7 128478732 0.154
7 128496141 0.151533016312264
7 128504320 2
7 128505097 1.56514642854743
7 128505879 2
7 128513403 2
7 128521320 0.9923
7 128521888 2.18616159873215
7 128528045 0.8263
7 128529925 2
7 128537061 0.210762089061217
7 128537442 1.48247198873691
7 128540407 1.4266
7 128545369 0.872
7 128545780 1.4266
7 128548491 0.872
7 128550221 1.88912092838781
7 128557951 0.191185631372968
7 128558376 1.27910249885369
7 128561066 1.215
7 128565879 2.19276168221781
7 128572396 0.718427595378028
7 128577128 1.19667316632163
7 128579439 0.872
7 128584281 1.09412882294914
7 128591697 1.2866
7 128598354 2
7 128604045 2
7 128605209 0.8884
7 128608144 1.215
7 128611716 1.7325
7 128614709 1.58860554090481
7 128630444 0.567045884301444
7 128634184 1.48129624459556
7 128636378 0.209943626320119
7 128645325 0.7081
7 128652959 1.215
7 128666806 0.265
7 128670352 1.2924
7 128673363 5e-04
7 128676289 0.5949
7 128681883 0.4243
7 128687419 0.932235526224023
7 128689255 2.118
7 128689276 0.872
7 128691754 0.551846090829802
7 128692193 0.872
7 128694952 0.402949476554245
7 128698976 1.24604636868578
7 128701295 0.9376
7 128702155 0.0879239716270661
7 128703912 1.30787819989464
7 128712241 1.1795
7 128713808 0.910303510342214
7 128723929 0.940316225171285
7 128729102 0.956053489881982
7 128733555 2
7 128739155 2
7 128740695 1.3632
7 128746218 2
7 128751380 1.4509
7 128756528 2
7 128757866 2
7 128761756 2
7 128776458 1.8849
7 128778879 2
7 128778957 2
7 128798330 2e-04
7 128802425 2
7 128826074 2
7 128829239 2
7 128840612 2
7 128861430 2
7 128900168 1.0186
7 128922593 2
7 128938338 2
7 128949434 0.229
7 128985860 0.746
7 128989417 0.229
7 129004479 2
7 129008899 1.155
7 129028456 2
7 129041008 1.155
7 129045548 2
7 129048827 0.3293
7 129052656 2
7 129058131 1.155
7 129058203 2
7 129060099 1.155
7 129063691 0.0072
7 129068795 0.79
7 129069735 0.0247
7 129080393 1.4919
7 129090552 0.0897610543096501
7 129090907 0.527029341944448
7 129091134 1.26743620034297
7 129092628 0.35081993348405
7 129106247 0.386977232186696
7 129122565 1.00371198838937
7 129128976 0.0317067138657336
7 129140315 0.0332
7 129167729 0.6538
7 129176144 5e-04
7 129186970 0.8402
7 129196444 2
7 129198818 2
7 129199182 2
7 129200389 2
7 129208460 0.0862
7 129216711 0
7 129220157 5e-04
7 129221308 0.1485
7 129221900 0.526798640711494
7 129255494 0.860899502474444
7 129263142 0
7 129282322 0
7 129287179 1.56093209951657
7 129310230 0.659836297435773
7 129353965 1.68753328904645
7 129361667 1.0356399465125
7 129370422 2
7 129373102 2
7 129376053 0.701659053101446
7 129383756 2
7 129390334 2
7 129390370 2
7 129446287 2
7 129492839 2
7 129499623 0
7 129516095 0.193257973529768
7 129524877 1.3913
7 129526832 2.0329235931907
7 129528291 2
7 129532629 0.425184731308995
7 129532769 1.24828596202534
7 129535853 2
7 129539434 2.10580616529583
7 129545844 0.0107
7 129549635 0.270350341436632
7 129552162 2
7 129558697 0.0575871224929058
7 129559055 2
7 129588343 1.46812563677483
7 129588388 2
7 129589157 0.0441
7 129593385 1.18161882146901
7 129595385 0.0558
7 129600743 2
7 129604824 0.0558
7 129606609 2
7 129614393 0.0621
7 129619358 2
7 129638772 0.164851860055966
7 129649697 2
7 129697193 2
7 129702203 0.652682510737433
7 129721858 2
7 129724077 2
7 129732245 0.0505
7 129745506 2
7 129753532 2.01616529005633
7 129757998 2
7 129758709 2
7 129762610 0.639185122179653
7 129764506 2
7 129768484 2
7 129776195 2
7 129787048 2
7 129794452 2
7 129805145 2
7 129809247 2
7 129810558 1.14778601447791
7 129822539 1.2154
7 129824859 1.2154
7 129829853 1.2694
7 129849163 0.373331493625673
7 129857658 1.2694
7 129867723 0.3293
7 129887803 1.2694
7 129891757 0.345077970729373
7 129891976 1.2694
7 129899925 1.2694
7 129900548 1.2694
7 129912107 1.2694
7 129915301 0.669358079769785
7 129916103 2
7 129916994 1.2694
7 129922520 1.2694
7 129946754 0.566719739203196
7 129952702 2
7 129960695 2
7 129963289 2
7 129965898 2
7 129984603 1.28366124660504
7 129992960 2
7 130005247 1.65728152662369
7 130007277 0.369320203713072
7 130019262 2
7 130030572 0.566691319147817
7 130031282 2
7 130049925 2
7 130053737 0.341091829748066
7 130057381 1.4965
7 130057385 5e-04
7 130082092 1.28322269894546
7 130090888 1.1688
7 130112472 0.5001
7 130128891 6e-04
7 130128899 0.390397360447012
7 130150399 0.0152239541408615
7 130151978 2
7 130196326 1.45008540863062
7 130200046 0.5614
7 130200445 2
7 130221866 5e-04
7 130232053 0.317326557813857
7 130239786 0.230302664110439
7 130240727 1.86999098385658
7 130252021 1.19133378205636
7 130266518 0.230587700933344
7 130268232 0.235493527369085
7 130271660 1.43167001337863
7 130277290 2
7 130280303 2
7 130308589 0.111588188198696
7 130310900 0.130108779865756
7 130318327 0.200399959681438
7 130322520 0
7 130325599 2
7 130336084 1.72491185009249
7 130339286 0.395410724213438
7 130345150 0.0548608604055686
7 130377308 2
7 130377468 2
7 130389429 0.0078
7 130391229 2
7 130394596 0.9422
7 130416532 0.9766
7 130418658 0.9766
7 130437365 0.7595
7 130472276 2.1393
7 130478806 0.7398
7 130485660 0.4024
7 130504561 1.0358
7 130513343 1e-04
7 130513359 3e-04
7 130520891 5e-04
7 130532338 0.7791
7 130536694 0.7221
7 130537448 0.7221
7 130571849 0.7791
7 130595870 0.4875
7 130612248 1.17519632707983
7 130645747 0.4024
7 130659525 1.1956
7 130694858 0.7903
7 130703157 1.7159
7 130705458 2
7 130715870 0.3845
7 130715963 0.3293
7 130725280 0.4284
7 130729816 0.4349
7 130749185 2
7 130751700 2
7 130772033 1.3183
7 130779366 2
7 130789246 0.294
7 130800478 0.7569
7 130803775 2
7 130804401 2
7 130804552 2
7 130805156 2
7 130836937 2.02648258726372
7 130863906 0.3572
7 130865208 2
7 130870341 0.0263
7 130871225 0.1914
7 130871908 0.291218479085586
7 130880143 2.6497
7 130908926 0.984953741281868
7 130959905 2
7 130970746 1.5472
7 130973269 1.18904590917782
7 130989927 0.0637291931441161
7 130990443 0.6359
7 130993048 2
7 131000941 0.0581
7 131005261 2
7 131006065 0.7358
7 131025419 1.4144
7 131028862 1.4389
7 131039222 1.4389
7 131041207 1.4389
7 131050254 1.5047
7 131058796 0.817428782193877
7 131058867 0.988789353228534
7 131059109 0.946545523269604
7 131059657 0.0621
7 131061102 1.1818
7 131062547 0.24307867077579
7 131064274 0.4917840952809
7 131065775 1.03093091154841
7 131073702 0.576865081270532
7 131076258 0.098364418076623
7 131098641 2
7 131103237 0.0054
7 131126056 2.9998
7 131129157 1.20653976878876
7 131134323 1.69345409089988
7 131135267 1.92279249274596
7 131137422 1.44332312874258
7 131138937 0.4179
7 131143743 0.5455
7 131153113 0.3521
7 131157189 0.5191
7 131193245 0.7348
7 131199373 1.6077
7 131202186 0.5163
7 131209444 0.0959315205209822
7 131210752 1e-04
7 131213785 0.516
7 131215794 0.4488
7 131218719 0.230480092568208
7 131220219 1.22807826099007
7 131233355 0.4791
7 131302207 2
7 131308643 2
7 131335376 0.6674
7 131382370 0
7 131408335 2
7 131425369 2.3217
7 131448097 2
7 131480042 2
7 131496159 2
7 131501665 0.3796
7 131506777 2
7 131507666 2
7 131507716 2
7 131513025 0.166227160035567
7 131516336 0.0701
7 131518996 0.0701
7 131523068 2
7 131532518 0.0332
7 131534198 0.0276
7 131537291 2
7 131562886 0.911
7 131592527 0
7 131603503 5e-04
7 131606389 2
7 131618732 2
7 131641425 0.420623657428836
7 131643059 0.519343355170482
7 131643131 0.180374299929428
7 131643642 0.698408993974764
7 131655364 2
7 131659666 2
7 131683233 2
7 131722911 2
7 131728423 0.253920035121539
7 131731611 2
7 131738550 0.885608375869134
7 131771525 0.783212016946984
7 131783361 2
7 131785291 2
7 131786041 2
7 131806541 0.1466
7 131813236 2
7 131829023 2
7 131834023 0.989678549179619
7 131842995 0.0621
7 131845381 2.6906
7 131848172 0.282743633818749
7 131848861 1.14534957459502
7 131868171 0.202
7 131877423 0.0426
7 131886936 0.1645
7 131886951 0.1645
7 131899394 0.1645
7 131903193 0.1645
7 131909038 0.0542
7 131909451 1.3699
7 131912742 0.0542
7 131924680 0.0329
7 131951250 0.988775034741417
7 131951911 0
7 131953927 2.1936
7 131964585 2
7 131973641 2
7 131976170 0.0742
7 131981824 1.32134578717351
7 131988475 2
7 131995285 0.4592
7 132000004 0.0801
7 132003009 0.7224
7 132007127 2
7 132007984 0.3399
7 132026745 2
7 132027379 1.5759
7 132032434 2.6956
7 132033790 2
7 132062883 0.57
7 132077141 0.3466
7 132079718 0.1319
7 132088630 2
7 132098637 1.2373
7 132098734 2
7 132109837 1.1971
7 132112975 1.1971
7 132113101 0.238
7 132114331 0.394897333244661
7 132131714 0.0621
7 132132483 0.544767161090463
7 132164445 2
7 132167851 0.9759
7 132169057 0.180567724664077
7 132169384 2
7 132188996 5e-04
7 132205027 0.4107
7 132216441 0.2335
7 132257885 2
7 132307600 0.150688673383944
7 132314650 0.10402144481205
7 132318694 0.6805
7 132341964 0.130867541949033
7 132352924 0.826633659925352
7 132354178 1.2197617757187
7 132370602 0.59236272626292
7 132380907 2
7 132416487 2
7 132438890 2
7 132445274 2
7 132446723 2
7 132487165 1.19412357167462
7 132505258 2.44075592941743
7 132512976 0.7774
7 132514802 0.519070317278634
7 132515122 0.1006
7 132528282 0.8154
7 132528973 0.7774
7 132536291 0.0894
7 132537249 0.300518722006665
7 132540451 0.432494381710527
7 132557087 1.02924749892847
7 132562367 0.2957
7 132592519 0.748379172232202
7 132606755 2
7 132614461 2
7 132617599 0.1268
7 132619596 0.1605
7 132626641 1.14590638870145
7 132637959 2
7 132644487 2.09475496172187
7 132646712 0.624980114706207
7 132654288 0.207
7 132666730 0.223621047174329
7 132698767 0
7 132699041 0.826772379053901
7 132704173 0
7 132710034 0.663372699070834
7 132717293 1.23550117649342
7 132723212 2
7 132735515 2
7 132743565 0.1976
7 132763245 1.7505
7 132768574 1.7505
7 132804489 2
7 132827985 2
7 132842111 0.3612
7 132844167 2
7 132859095 0.5191
7 132859887 0.5191
7 132860261 2.8216
7 132873068 2
7 132882376 0.1171
7 132887564 2
7 132916527 2
7 132963616 0.5668
7 132969495 0.5668
7 132972920 0.82
7 132984867 2
7 132993668 2
7 132996333 2
7 133013069 2
7 133029979 1.7184665996513
7 133041291 1.94183486219438
7 133057136 1.06276329599149
7 133059863 0.526319845920855
7 133062658 0.58418260581007
7 133080717 0.292014908936177
7 133084880 0.2712
7 133097786 0.841499391018811
7 133111264 2
7 133111485 0.2844
7 133111845 0.2844
7 133111975 2
7 133116456 2
7 133134642 1.40216453815756
7 133143814 0.6335
7 133143816 0.918527323275258
7 133145093 0.567008769756774
7 133153290 0
7 133154672 2
7 133155425 0.423814339721268
7 133157221 0.764033508231968
7 133164280 2
7 133179245 0.6486
7 133188900 2
7 133220633 1.1270484895244
7 133224611 1.96902232630158
7 133226579 0.0672638614873912
7 133241631 0.9041
7 133245048 1.04030837278567
7 133257807 5e-04
7 133258398 0.8172
7 133271279 0.136994263902139
7 133271427 0.641522030630465
7 133275324 0.865
7 133277423 1.11610924346293
7 133320866 1.413
7 133326322 0.9456
7 133384531 0.3057
7 133403285 1.4565
7 133449220 0.3113
7 133465879 0.55336892244277
7 133515768 0.3169
7 133540794 0
7 133564413 0.928195072733326
7 133567257 1.18628714447415
7 133569152 2
7 133578768 2
7 133591279 2
7 133635162 2.8216
7 133637162 1.8542946764961
7 133654793 2.36567330114801
7 133655196 0.525159563715254
7 133656409 0.157022953241309
7 133657888 2.237
7 133661686 3e-04
7 133661696 1.2312
7 133684114 2
7 133685361 0.943366641480951
7 133686440 1.672
7 133743732 2
7 133752014 0.2163
7 133776473 0.0742
7 133781593 2
7 133802849 2
7 133807656 0.0681
7 133809998 0.0681
7 133810594 0.35116966148058
7 133822202 0.537959827512513
7 133857144 5e-04
7 133859895 0
7 133889643 2
7 133904392 0.169476494675946
7 133907791 0.0646829442129807
7 133916506 0.653110525248835
7 133932718 0.783456390981825
7 133943794 2
7 133943915 2
7 133948230 1.7496
7 133948380 2
7 134004336 1.73192042877196
7 134007566 1.6234
7 134052277 1.35194650883559
7 134065211 1.85591073059451
7 134066877 0.877593800919077
7 134070064 0.0144000666171722
7 134070435 0.308547343495803
7 134070440 0.488666931990061
7 134076636 1.0953
7 134122416 1.05822475446703
7 134154831 0.0168850760557105
7 134190870 0.119617343948722
7 134241029 2.0005
7 134254645 2.3299
7 134261180 0.127
7 134270785 2.0617
7 134272200 2.0617
7 134274678 2.2967
7 134283060 0.1154
7 134299375 0.127
7 134308262 0.1389
7 134328712 2.1063
7 134336669 0.0937
7 134342487 0.1163
7 134343178 0.1163
7 134344217 1.01188335301075
7 134355929 0.2906
7 134357972 0.589
7 134362997 0.5732
7 134363866 2
7 134367509 2
7 134368390 2
7 134368679 0.5732
7 134368699 2
7 134390000 2
7 134399426 2
7 134401671 0.7394
7 134409284 0.4646
7 134423686 0.2069
7 134441686 2
7 134471173 0.542330328186182
7 134492007 1.80824073452666
7 134493539 0.230325155206444
7 134512710 0.808964857939
7 134518449 1.32170030132042
7 134519846 2
7 134521428 0.237310994366839
7 134524565 2.0438365165743
7 134524930 0.599594488689238
7 134526717 1.40598030463591
7 134529904 0.485555688592388
7 134538486 2
7 134540700 1.4799
7 134546863 2
7 134555686 1.3707
7 134560109 2
7 134565570 2
7 134567030 1.3707
7 134568517 2
7 134578338 2
7 134584845 2
7 134585824 2
7 134586518 2
7 134587996 2
7 134590698 2.4476
7 134590714 5e-04
7 134592928 2
7 134596324 2
7 134616645 2
7 134616772 0.3222
7 134618808 0.6459
7 134620050 0.6284
7 134623502 2
7 134640659 2
7 134641225 0.113570470971924
7 134646673 0.677323959186201
7 134648148 0.961970218713276
7 134650798 0.934160102174369
7 134652045 0.560728599123117
7 134654319 0.435703225476631
7 134658190 1.51089535405613
7 134660275 0.224354925893048
7 134664326 1.02618019148732
7 134664569 2
7 134665172 0.291915534461657
7 134667492 0.793205363479595
7 134670297 2
7 134672437 2
7 134677744 2
7 134689759 2
7 134711724 1.23030646541881
7 134725925 0.9693
7 134730843 0.0622704297936105
7 134734075 0.356273127560065
7 134734361 1.11027266235865
7 134737745 1.11565611931136
7 134740682 1.73528192780926
7 134745202 2.7095
7 134750756 0.229846064694084
7 134753254 0.591312014755083
7 134755534 0.812299484854397
7 134782931 0.9052
7 134783555 1.28582673699529
7 134789644 0.242982029572128
7 134789962 0.0703972518227215
7 134794772 0.294170601099299
7 134808103 1.1916
7 134819730 0.836224688838151
7 134821652 0.269
7 134823336 2.3802974973823
7 134824747 0.808664595041516
7 134825017 0.263484948554417
7 134847951 2
7 134853589 0.903463195083089
7 134864584 0.0566
7 134865176 0.493614909524708
7 134892089 0.3323
7 134907803 0.209
7 134918205 0.0337
7 134922925 0.0334
7 134928364 0.0337
7 134945891 0.870253651916104
7 134964415 0.84635406606339
7 135000198 0
7 135015705 0.196610779685584
7 135036364 0.0053
7 135039413 0.368310403204607
7 135040579 2
7 135059309 1.89986799015817
7 135066653 0.142086049454731
7 135066798 1.04092215914613
7 135070811 0.535799307249117
7 135076799 0.794718589751299
7 135078505 0.963922338109541
7 135078918 1.06258630908939
7 135089068 1.17919361453975
7 135101885 1.38166868934752
7 135109213 0.31587572899389
7 135121146 0.143024225961092
7 135122879 0.43873555987014
7 135131114 0.652118488898714
7 135133972 1.46653057821228
7 135139166 0.0739653440785312
7 135148481 1.70172672864234
7 135151472 0.790523999431701
7 135155307 2.23595463602475
7 135171547 0.892111559246485
7 135173440 0.1827
7 135180689 0.1827
7 135188090 0.1827
7 135191398 0.1827
7 135219640 0.1752
7 135227032 0.1752
7 135234070 0.838818855314785
7 135275328 0.761242618506165
7 135275517 0.284525270877553
7 135277882 2
7 135292463 2
7 135296423 0.405894608558259
7 135300856 0
7 135303287 1.14637314195384
7 135307039 1.00908563102403
7 135318335 0.4447
7 135322437 0.9875
7 135322660 2
7 135323930 0.4447
7 135329723 2
7 135346732 0.0869
7 135358636 2
7 135365423 0
7 135370989 0.37612360758237
7 135378714 1.3814
7 135406316 4e-04
7 135420784 0.7621
7 135459223 0.465857801783263
7 135470571 0.471580207599786
7 135528567 0.962852766058446
7 135545535 0.4254
7 135551709 0.58837133821012
7 135555108 0.715669473761083
7 135556577 0.0537800113312412
7 135559089 0.747778001753546
7 135582300 2
7 135608025 5e-04
7 135615708 2.4029
7 135629089 0.41660126695814
7 135639910 0.447412908037961
7 135642170 0.1775087198532
7 135643362 0.531929686395658
7 135646081 0.8348
7 135649363 0.570507468819674
7 135651839 0.371918664730587
7 135654305 5e-04
7 135695072 0.215
7 135742100 0.2244
7 135744045 0.0433
7 135746813 0.707463738009123
7 135770476 2
7 135781802 2
7 135797571 0.2501
7 135797837 0.782817455890644
7 135801497 2
7 135808330 0.8324
7 135809787 0.1796
7 135809907 2
7 135822201 0.5939
7 135824459 0.4822
7 135835673 1.44395756804671
7 135840176 2
7 135840346 1.26169975814318
7 135852187 2
7 135863800 2
7 135877695 0.9839
7 135887855 2
7 135892726 1.67709547127186
7 135894173 0.956789272432167
7 135896626 1.97298694400459
7 135898331 0.877283313604693
7 135898789 2
7 135901110 2
7 135914032 0.0939
7 135924333 2
7 135960942 0.182
7 135964088 2
7 135972259 0.812523715187892
7 135981707 2
7 135997476 2
7 136000617 0.2507
7 136001665 0.2507
7 136006832 0.7006
7 136061169 2.0946
7 136069721 2
7 136100632 0.5742
7 136101408 0.475
7 136109813 0.5153
7 136111695 0.5153
7 136116467 0.5153
7 136143159 2
7 136143774 2
7 136147492 2
7 136148796 2
7 136154144 2
7 136154475 1.1209
7 136154766 2
7 136165924 0.8506
7 136170193 2
7 136186205 1.18532892791936
7 136189586 0.286489482853114
7 136189923 1.75524472127425
7 136191577 1.0204
7 136192604 2
7 136205820 0.179870597717575
7 136208597 0.596
7 136216190 0.180157145968555
7 136221891 1.21867037468866
7 136222949 1.0441576516326
7 136227647 0.930204013287353
7 136229415 0.6449
7 136235514 2
7 136243354 0.879955801328302
7 136244658 0.952211401445622
7 136248650 1.04994349088115
7 136252401 0
7 136252567 0.125637356385164
7 136260263 2
7 136271744 1.3142
7 136285076 0.496731852369724
7 136286753 2
7 136302327 2
7 136321911 2
7 136325271 2
7 136396393 0.8551
7 136477452 2
7 136481441 2
7 136482365 2
7 136502850 2
7 136508523 2
7 136532836 2
7 136538811 2
7 136539748 2
7 136562121 2
7 136563317 0.0162
7 136579051 5e-04
7 136599038 2
7 136599453 0.0386
7 136603075 2
7 136649106 2
7 136650637 2
7 136663609 2
7 136673871 4e-04
7 136679082 2
7 136706168 1.4315
7 136734950 1.4315
7 136737008 6e-04
7 136747921 0.1121
7 136765136 0.1121
7 136773107 0.0078
7 136777851 0.1055
7 136780078 1.29863117689668
7 136792131 1.4315
7 136810954 0.1055
7 136812234 0.099
7 136819765 0.1055
7 136823392 0.1055
7 136846924 0.401898127259474
7 136860142 1.38265008043499
7 136867464 1.072
7 136872529 2
7 136876700 2
7 136880542 2
7 136883759 1.7519
7 136884669 0.364934955029344
7 136895009 2
7 136898253 2
7 136917882 2
7 136921688 0.00134892445364756
7 136925034 1.06013308386703
7 136925687 1.76510039407285
7 136927944 0.640240428670142
7 136938000 2.1546
7 136955194 0.155971952933521
7 136975591 1.39120724832686
7 136998330 2
7 137006706 1.98183200725541
7 137023221 0.3527
7 137025013 0.1942
7 137030913 1.3964101743845
7 137031970 2
7 137039942 0.68053864570311
7 137048628 1.92626100341314
7 137049908 0.454699112053945
7 137060876 0.427893461857873
7 137066639 0.7546
7 137107174 0.377398482130871
7 137109515 2
7 137113276 0.653980848803408
7 137127547 0.553010308944051
7 137132890 0.709539969423244
7 137149781 7e-04
7 137153852 1.14121751031884
7 137171290 0.3339
7 137178450 0.3085
7 137218931 1.6159
7 137221513 0.123418455650075
7 137235294 1.95275958598427
7 137273372 2
7 137289437 0.6297
7 137299969 0.545037436527844
7 137331092 0.239313961863425
7 137355720 0.900451375473745
7 137357478 0.5404
7 137360039 0.0186545765206485
7 137381810 4e-04
7 137384309 0.30459065250138
7 137386398 2
7 137394366 5e-04
7 137400504 0.548239757620245
7 137406189 0.13777117703546
7 137416006 5e-04
7 137417450 0
7 137418793 0.4415
7 137419807 0.2035
7 137425176 0.2806
7 137433980 0.222
7 137440169 0.222
7 137444738 0.222
7 137455990 0.1339
7 137485988 1.3545
7 137489522 1.348
7 137496601 0.230429951021592
7 137498335 0.4254
7 137527082 2
7 137540757 5e-04
7 137542394 2
7 137549134 0.261696142740822
7 137549937 2.56605901964463
7 137549957 0.0404
7 137550451 0.933434167819911
7 137552258 0.0385230934598473
7 137554067 0.343804303222748
7 137556514 0.19232925886369
7 137563526 0.1171
7 137563661 0.802491257856348
7 137568672 0.1171
7 137588770 2
7 137617181 0
7 137696723 2
7 137709677 2
7 137717304 0.0798317796717374
7 137720035 1.03866956734709
7 137771016 2.6444
7 137814614 2
7 137824345 0.193484812106558
7 137858060 1.5341273934807
7 137868812 0.00997505974589431
7 137899097 5e-04
7 137900035 0.482140748565156
7 137922453 8e-04
7 137931468 2
7 137933406 2
7 137934004 0.8851
7 137936098 0.8851
7 137938990 0.8851
7 137946828 0
7 137946964 4e-04
7 137947066 0.355369748832571
7 137958013 0.0525
7 137964642 0.598875818763892
7 137976843 0.1557
7 137992316 0.361440995031671
7 137994599 0.37714744868108
7 138007405 1.01145376276521
7 138015107 0.186481833711104
7 138027889 0.200447345977745
7 138035751 0.157835623543677
7 138044237 0.0029302326121543
7 138051660 0.160768246716913
7 138054628 0.972453047454426
7 138082421 1.98180049216972
7 138088817 0.248999066311578
7 138101191 2e-04
7 138105927 0.451030378110572
7 138109275 0.569950415695901
7 138117024 0.5916
7 138132454 0.685387136115902
7 138148552 1.00384247874301
7 138150428 1.19902834132774
7 138164079 2
7 138167152 2
7 138178212 2e-04
7 138180432 0.8628
7 138194634 0.1989
7 138211022 1.0184
7 138211303 0.220876176812234
7 138217887 2
7 138221055 2
7 138221742 2
7 138228083 2
7 138249251 0
7 138251196 0.93442712215079
7 138264161 0.0078
7 138273512 2
7 138278623 0.3697
7 138296871 0.282143639201574
7 138306625 0.966844313283972
7 138307029 2
7 138317337 0.212962931011158
7 138321167 0.297187282726706
7 138321971 0.0237
7 138338830 0.8941
7 138352273 1.47059880811574
7 138356053 0.665091270834623
7 138357730 2
7 138361519 2
7 138386037 2
7 138392110 5e-04
7 138394316 1.28053840899881
7 138395513 2
7 138398393 0.14
7 138403855 1.6851343333267
7 138406488 2
7 138410070 2
7 138414356 0.4154
7 138420360 0.9915
7 138423588 1.018
7 138425045 1.018
7 138426243 1.018
7 138428403 2
7 138428898 1.018
7 138431188 2
7 138441789 2
7 138451658 2
7 138451955 2
7 138454786 2
7 138479727 2
7 138479787 2
7 138486534 2
7 138487045 2
7 138494959 0.6104368341481
7 138505236 2
7 138532144 0.594111216703628
7 138589989 2
7 138593258 0.7448
7 138611202 2
7 138611891 6e-04
7 138615546 2
7 138624339 0.2432
7 138637499 0.934
7 138638127 0.9783
7 138639619 0.4256
7 138660312 0.7113
7 138679022 0.6489
7 138683308 0.6527
7 138691673 1.03519509936239
7 138697932 0.8917
7 138702376 1.0888
7 138705038 0.8604
7 138712552 1.41523933693868
7 138718083 0
7 138718109 5e-04
7 138718587 5e-04
7 138718765 2.39326217629621
7 138719356 2
7 138732973 0.1919
7 138734340 0.192228451448818
7 138735999 0.0318
7 138736762 0.0318
7 138738026 0.0318
7 138739301 0.0318
7 138748658 0.0417052450523022
7 138751753 0.47273820752328
7 138754837 0.0401431178612905
7 138782298 0.852413807458829
7 138782395 2
7 138784382 0.224369502165185
7 138789221 0.658984294785518
7 138797748 0.0263
7 138805946 1.23627779723527
7 138808623 2
7 138818583 0.096759627139401
7 138819960 0.827671659067275
7 138820219 0.158662363106096
7 138823518 1.0134
7 138830116 0.923346250036828
7 138830474 1.84877891905845
7 138846305 0.797843190179953
7 138863195 0.51084682247939
7 138870887 2
7 138876671 0.934906224169645
7 138879102 0.167779669917361
7 138882973 0.753657803881771
7 138904640 0.4604
7 138918170 2
7 138940269 0.5142
7 138951367 0.5142
7 138960798 2
7 138986418 0.424297108376856
7 139001979 0.9437
7 139003491 2
7 139004669 2
7 139010994 2
7 139030178 2
7 139031395 2
7 139033016 2
7 139039370 2
7 139044797 2
7 139046652 2
7 139047528 2
7 139050092 2
7 139056026 2
7 139076891 1.20759239529795
7 139078908 0.670073090895937
7 139089406 0.535098785638161
7 139120330 1.56366577773467
7 139138567 0.444929929557433
7 139143751 0.497160693766608
7 139146961 1.42575882853597
7 139157290 0.933653496887434
7 139176969 2.02408953452076
7 139183215 0.126785218792061
7 139187599 0.51920086950167
7 139225913 0.474962971950589
7 139238454 0.663340157970026
7 139263852 0.195089724727185
7 139268586 0.811553856890928
7 139300260 2.3695
7 139306065 0.357
7 139313161 0.1449433986719
7 139348730 0.644450131644308
7 139348975 0.045142848654221
7 139367172 0.290757077698811
7 139380364 0.538554993903668
7 139382141 0.649056247810971
7 139384427 0.00341127158210188
7 139394690 0.0725892645184689
7 139395459 0.536303173434218
7 139398241 0.280971544523256
7 139407826 0.882147491624099
7 139425182 2
7 139426076 0.15317215659198
7 139428422 0.0915272362068138
7 139437906 0.357051827908148
7 139442553 0.487229153560453
7 139444232 1.13196687909003
7 139458319 1.57082379200207
7 139466813 2.4063
7 139475218 0.2874
7 139486890 1.11639906101814
7 139500040 0.1679
7 139538767 0.0857465764817612
7 139546762 2.2202
7 139551080 1.3542
7 139568034 0.658430337575337
7 139570283 2
7 139595587 2
7 139608609 2
7 139618390 2
7 139618579 2
7 139623330 2
7 139626106 2
7 139634276 2
7 139649083 2
7 139651568 2
7 139652576 1.594
7 139658620 2
7 139660296 2
7 139674864 0.3411
7 139675246 0.2732
7 139686792 0.415
7 139690675 2.7862
7 139697389 0.215349972577529
7 139707165 2
7 139709875 1.98967514270197
7 139711194 0.596630368135655
7 139715656 1.0102
7 139747578 0.790920621356099
7 139751369 1.0102
7 139772833 0.0437011408126863
7 139784847 0.0263
7 139785468 2
7 139805710 1e-04
7 139806781 1.6661384172935
7 139817239 2.13
7 139821273 2
7 139824059 0.550916189753495
7 139835140 1.0853
7 139836164 0.0559198127680982
7 139840034 1.0853
7 139841136 0.816528161113252
7 139859874 2
7 139884706 2
7 139886866 1.614
7 139889998 2
7 139892061 0.6258
7 139894536 2
7 139902693 0.4409
7 139906675 0.4409
7 139908898 0.4409
7 139953813 0.0701
7 139981572 2
7 140011281 0.44308090891319
7 140015081 0.817531920113675
7 140027585 2.0406
7 140053090 0.0661670999764088
7 140055019 0.962101775283126
7 140057336 0.757809468383234
7 140063223 0.7662
7 140068135 0.348767258867275
7 140069006 0.609289723937255
7 140076558 0.3632
7 140081903 0.3529
7 140083262 2
7 140091534 1.4415
7 140094509 2
7 140101235 1.4415
7 140114127 0.0263
7 140116735 2
7 140125311 2
7 140131280 1.4415
7 140131785 2
7 140132396 2
7 140137667 2
7 140140616 2
7 140146949 2
7 140172193 1.4415
7 140179152 0.3632
7 140206375 2
7 140222228 1.37986560929955
7 140229059 1.0353
7 140239403 2
7 140240957 2.3732
7 140244490 2.217
7 140255605 0.562976721645828
7 140260830 1.98050912218017
7 140272168 1.12556247826451
7 140276972 0.713823620227159
7 140284056 2
7 140285825 0.626563539901086
7 140286727 0.114408643020421
7 140288047 1.21090049432146
7 140293155 0.6034
7 140297563 0.6471
7 140303099 1.6601
7 140305393 0.5774
7 140321713 2
7 140323862 0.0728
7 140326108 0.8523
7 140332808 0.830995311476924
7 140338081 0.201602558896463
7 140343735 0.910634305242503
7 140353873 2
7 140359795 0.425967107455234
7 140360925 0.856899925969352
7 140362694 2
7 140363701 2
7 140373031 5e-04
7 140373747 2
7 140378155 2
7 140382047 2
7 140403569 0.0792
7 140404625 1.0253747454329
7 140410877 2
7 140412668 2
7 140420336 1.2714
7 140422681 2
7 140425561 0.515
7 140432400 2
7 140441090 1.2177
7 140459051 0.4917
7 140460142 1.2177
7 140469187 1.2177
7 140470992 1.2177
7 140475672 1.2177
7 140480377 2
7 140492597 0.0107
7 140492643 2
7 140504352 2
7 140508822 2
7 140509384 2
7 140511009 1.19397956911853
7 140514691 0.0431
7 140532813 2
7 140558806 0.233634070560546
7 140565938 2
7 140601931 0.0441
7 140616436 0.3448
7 140616904 0.741694731849581
7 140622137 0.6619
7 140625861 2
7 140737792 2.3217
7 140745237 2
7 140749271 2
7 140761685 2
7 140777956 2
7 140804415 2
7 140819439 2
7 140869352 2
7 140887833 2
7 140888584 2
7 140923486 2
7 140938513 0.986205232006271
7 140961378 2
7 140971578 0.0078
7 140973634 2
7 140985533 0.088
7 141006908 2
7 141045493 2
7 141071481 1.28832665074516
7 141079940 2
7 141083503 2
7 141113139 2
7 141113217 0.513168575244045
7 141114499 2
7 141136984 0.397791029379744
7 141158157 0.545815861748331
7 141190579 0.261690992872528
7 141203578 0.710855891684006
7 141203916 0.558483114490509
7 141208304 0.261248651730133
7 141216476 1.035
7 141230178 4e-04
7 141238121 0.2126
7 141257023 1.27056637085118
7 141267495 0.871012819670027
7 141274210 0.270668558529232
7 141284199 2
7 141285928 0.46351768480968
7 141296320 0.0502
7 141321383 2
7 141424534 0.88797832450773
7 141439204 0.995364669256489
7 141457348 0.149328662669884
7 141458782 0.398530425135718
7 141458874 1.14491539556231
7 141475916 0.253250463152977
7 141511035 0.7449
7 141533226 5e-04
7 141548675 2
7 141561088 1.3121
7 141589803 0.1253
7 141600696 2.1804
7 141620526 2
7 141673256 2
7 141699142 0.0055
7 141729715 0.4147
7 141760958 0.4143
7 141762737 0.4251
7 141773566 0.4414
7 141781136 0.4061
7 141786521 0.4143
7 141812288 0.4361
7 141824976 0.4143
7 141834983 0.704416867259768
7 141835872 1.60899382305334
7 141837066 0.0612047282504968
7 141844399 2
7 141852225 0.0182
7 141856066 0.113263149990866
7 141856719 2
7 141861384 0.3447
7 141888626 2
7 141889260 0.346211086729815
7 141891545 0.3541
7 141902506 0.3541
7 141926694 0.4361
7 141927349 0.3541
7 141928139 0.0701355430353441
7 141933262 2
7 141935734 0
7 141938629 2
7 141955434 0.300319021807794
7 141973545 2
7 142013465 0.1443
7 142043789 2.7206
7 142047338 0.9775
7 142047699 0.9775
7 142061011 0.5393
7 142062825 2
7 142072133 1.39949717402212
7 142075869 1.79751941920846
7 142090349 1.1203
7 142096984 0.1036
7 142103105 0.3625
7 142108259 0.5966
7 142122988 1.7015
7 142128884 0.3289
7 142137540 1.7579
7 142149161 0.251251889143864
7 142150100 0.9533
7 142150505 0.6184
7 142153808 0.341804601459642
7 142173200 0.7272
7 142180523 0.7272
7 142194168 0.4766
7 142243759 0.0078
7 142248214 0.584964788314398
7 142257684 0.417487237692687
7 142257833 1.86947164877787
7 142258034 1.0059
7 142269157 1.0284
7 142274301 1.0059
7 142278007 1.31317900472291
7 142295019 0.0078
7 142295872 1.0284
7 142314388 1.20621798605953
7 142315921 1.05345188408903
7 142352567 3.6009
7 142370532 1e-04
7 142376700 1e-04
7 142400325 0.526434371323459
7 142405234 0.0078
7 142411657 4e-04
7 142413125 0.0077
7 142423392 0.988890734851675
7 142427603 0.0077
7 142429715 0.0077
7 142437722 2
7 142450375 2.8725
7 142456287 2.8725
7 142470809 0.234958611166597
7 142474574 0.258507885821625
7 142474587 1.06518112282681
7 142478980 0.44102979589679
7 142509500 2
7 142524946 2
7 142525239 2
7 142532274 2
7 142538315 0.0078
7 142548606 2
7 142551408 0.0078
7 142551990 2
7 142562710 2
7 142577667 0.0262
7 142578691 0.0262
7 142581165 0.0262
7 142584720 0.026
7 142595993 5e-04
7 142605391 2
7 142607093 2
7 142610636 2
7 142627134 2
7 142633635 2
7 142634839 2
7 142643073 2
7 142661267 2
7 142675152 2
7 142698925 2
7 142705059 2
7 142708401 2
7 142710222 2
7 142741454 0.3143
7 142746803 0.3143
7 142754721 1.07296159935482
7 142765565 0.604619002594667
7 142767057 0.230047299402088
7 142776233 1.23754586914637
7 142824583 0.0387868322331509
7 142827322 1.06229723991625
7 142833462 8e-04
7 142838854 0.7124
7 142839179 0.405316455384878
7 142844359 0.7124
7 142845842 1.31973504277412
7 142849055 0.702189231226578
7 142859424 1.3938
7 142864779 1.4052
7 142873374 1.1556
7 142873870 1.1556
7 142887541 8e-04
7 142888013 8e-04
7 142890233 8e-04
7 142899656 1.31
7 142905412 1.31
7 142906359 8e-04
7 142928322 1.89833235485913
7 142930485 0.582976104831475
7 142944295 1.0779
7 142965992 2.5895
7 142970527 5e-04
7 142988671 0.0263
7 142990923 0.0263
7 142992387 1.00155142744264
7 143005374 1.4610573530173
7 143008349 0.414734061707702
7 143021815 0.906260967363174
7 143050209 1.17523875100526
7 143057518 1.5114
7 143070653 1.4946
7 143075116 1.4946
7 143083221 0.446438043158719
7 143123539 1.4946
7 143134546 0.998256567143321
7 143142783 1.4167
7 143144486 1.7278
7 143154499 1.4241
7 143156457 1.0789
7 143176690 1.4241
7 143203619 1.4315
7 143225569 0.809824782375
7 143309357 1.6317
7 143327220 0.0444
7 143328969 0.0075
7 143340182 2
7 143345744 2
7 143378887 1.8648
7 143384849 2
7 143398163 0.3093
7 143406287 0.0503
7 143425331 2
7 143427676 2
7 143432213 2
7 143435961 2
7 143462985 2
7 143469944 0.4768
7 143482169 2
7 143491887 2
7 143494025 2
7 143496712 0.1985
7 143509726 2
7 143511042 0.484362187089768
7 143730291 0.0847837842161612
7 143789571 0.301589771899814
7 143859988 0.2988
7 143885884 4e-04
7 143896482 0.0416963457542125
7 143930587 2
7 143938282 1.16779534011715
7 143943507 2
7 143959822 2
7 143969433 2
7 144007475 0.0107
7 144011677 2
7 144018048 2
7 144024026 2
7 144024540 0.111181968345109
7 144026620 2
7 144032710 2
7 144033837 2
7 144034419 2
7 144047709 1.32159192584343
7 144049502 0.686285074556825
7 144058529 0.0479
7 144060906 0.336494573630167
7 144076286 2
7 144081681 2
7 144111084 2
7 144111656 2
7 144114595 2
7 144117893 2
7 144119702 2
7 144125563 0.058
7 144128335 0.0684
7 144129510 0.0684
7 144131945 0.0829
7 144141301 0.0684
7 144149681 0
7 144152383 0.0684
7 144153676 2
7 144166163 2
7 144174324 0.0684
7 144174485 2
7 144186878 3.0127
7 144396008 1.67066329526197
7 144403781 1.24883647957541
7 144412790 0.329422510673037
7 144416760 0.934349680083179
7 144419544 0.393983389246213
7 144420800 0.390675418753323
7 144433034 0.151743068462257
7 144443891 2.53174776514647
7 144466047 0.306491041855802
7 144479271 0.25802923703808
7 144483228 4e-04
7 144510650 2
7 144581457 0.55554742236029
7 144581680 1.07267736652662
7 144587888 2
7 144601334 2
7 144601487 2
7 144601987 2
7 144603632 2
7 144604146 2
7 144606381 0.737958137264876
7 144610698 0.432657420541972
7 144616241 0.221211531658007
7 144671837 0.0858
7 144716867 1e-04
7 144741631 1.54396232439999
7 144751249 0.1324
7 144755180 0.841
7 144761511 0.820175187047548
7 144774305 0.206348364446568
7 144781111 4e-04
7 144781190 0.118886072097657
7 144781569 2
7 144786224 0.635265721357817
7 144800596 2.24334241435591
7 144807143 0.129821806282664
7 144820736 0.587249047854486
7 144830434 2.49686468032108
7 144835011 0.5434
7 144842585 2.0275
7 144843301 1.02539004448865
7 144846960 0.545920391177113
7 144866242 0.5889
7 144874912 5e-04
7 144877601 0.0053
7 144904995 2
7 144923355 2.0265
7 144926493 0.6052
7 144929061 0.6052
7 144929786 0.6052
7 144934450 2
7 144940215 2
7 144946596 2
7 144979374 0.2711
7 144987371 0.0178
7 145003997 0.3568
7 145005484 0.6584
7 145005990 4e-04
7 145006894 0.254298542924148
7 145012977 0.708558099189277
7 145024348 0.2277
7 145030079 0.7314
7 145031921 1.26029087683496
7 145034291 0.518116507591362
7 145069156 0.241
7 145085675 0.7122
7 145092339 0.6937
7 145093516 0.6937
7 145104831 1.1209
7 145106033 0.5499
7 145106898 2
7 145116884 0.6102
7 145128883 2
7 145130157 0.524
7 145143750 0.7388
7 145144438 2
7 145151909 2
7 145177754 0.6786
7 145190889 2
7 145191579 1.7901
7 145192264 0.338449362939093
7 145192989 1e-04
7 145193032 2e-04
7 145193571 0.105600554258374
7 145196674 0.571750236129167
7 145199696 2
7 145229310 2
7 145241405 2
7 145241755 2
7 145254064 2
7 145257711 0.166190653842289
7 145258848 2
7 145265335 2
7 145269715 2
7 145281380 0.423926507705197
7 145301352 0.824681832949752
7 145312707 2
7 145326116 1.03560573703983
7 145331258 2
7 145336977 2
7 145340301 2
7 145342954 2
7 145343615 1.81413255632694
7 145354371 2
7 145356752 0.566261438691182
7 145376388 2
7 145378164 1.31813508653508
7 145415025 0.842708552063782
7 145415502 0.521732656037704
7 145416393 1.1724
7 145434559 2
7 145441261 0.784105755403042
7 145442496 0.782836498998193
7 145442614 2.14954568136962
7 145450282 2
7 145456292 0.549159657678559
7 145473687 2
7 145478441 2
7 145482674 1.14477296527628
7 145482926 2
7 145483661 2
7 145483703 2
7 145484572 2
7 145485050 2
7 145488977 0.2387
7 145526702 2
7 145541956 5e-04
7 145547581 0.1372
7 145548755 0.1372
7 145550937 0.1261
7 145554380 0.6106
7 145555148 0.1372
7 145557143 0.1372
7 145558387 0.1372
7 145559164 0.1372
7 145561188 0.1964
7 145561383 0.4104
7 145562604 0.578856686028882
7 145562783 0.838739699551574
7 145564396 1.0265
7 145564857 0.1372
7 145583079 0.1485
7 145597744 0.1485
7 145606615 0.0263
7 145610047 0.0263
7 145620649 0.851510411314039
7 145622514 0.1564
7 145633974 0.1564
7 145634942 0.1564
7 145650558 0.1632
7 145653391 0.1632
7 145673269 0.1632
7 145698194 2
7 145698485 2
7 145700639 0.9334
7 145707059 0.9962
7 145720683 0.8961
7 145720732 1.1916
7 145744744 1.07745167086626
7 145752995 0.7448
7 145777298 0
7 145784798 2
7 145861193 0.9762
7 145885698 0.647723054317494
7 145894971 2
7 145909704 1.47992058897474
7 145921476 1.0458
7 145929887 2
7 145976089 1.1326
7 145981673 4e-04
7 145997212 1.1326
7 146025468 0.7081
7 146045955 2
7 146063205 2
7 146066775 2
7 146072950 2
7 146073087 2
7 146074175 0.703754414541406
7 146075483 2
7 146096291 2.9785
7 146099642 0.0368855280134461
7 146102270 1.06321107995681
7 146113277 2e-04
7 146151659 0.508959579141246
7 146160245 0.0232
7 146160937 1.08658509181975
7 146171751 1.1157
7 146183805 1.1157
7 146215259 0.4494
7 146224406 0.4565
7 146228031 0.4565
7 146231967 0.0886
7 146352793 2
7 146366036 2
7 146368802 1.4904
7 146397880 1.3711
7 146440993 0.0056
7 146457566 1.4086
7 146504981 0.681545071469163
7 146506001 1.21966376108614
7 146506913 0.125421860977937
7 146544750 0.3312
7 146572607 2
7 146590966 2
7 146591426 1.18892751311348
7 146592793 2
7 146598097 2
7 146600035 0.7604
7 146604821 0.7604
7 146604922 0.4277
7 146605083 5e-04
7 146605840 2
7 146612275 2
7 146635050 0.785
7 146637495 1.11253801971784
7 146661418 0.6322
7 146666224 1.64919377109167
7 146667085 0.744840293164893
7 146667534 0.746495491624002
7 146671827 0.262916572116228
7 146688414 1.60286991312752
7 146699876 0.366246105915558
7 146752631 0.696450691244029
7 146754406 2
7 146759106 2
7 146761205 1.46987646360192
7 146774167 2.5348
7 146792514 2
7 146844752 0.348000513979765
7 146856084 2
7 146867520 1.09119122564877
7 146870547 2
7 146880041 1.8625704054332
7 146880349 0.050571432209299
7 146886988 0.7178
7 146902386 2.46280101791552
7 146916777 0.663540996667202
7 146930063 0.0078
7 146930428 1.77628330828798
7 146933406 0.0078
7 146945897 0.8488207009929
7 146947543 1.08749113998975
7 146984413 2
7 146986903 2
7 146993981 2
7 147006908 0.5942
7 147010785 2
7 147011460 0.6098
7 147028585 2
7 147051406 2
7 147060821 0.306780202704615
7 147072346 0.6845
7 147084375 2
7 147087973 0.69
7 147091929 0.7074
7 147120295 0.0917
7 147126269 2
7 147157041 0.846977276144983
7 147163644 2
7 147175255 2
7 147178542 0.378000658424111
7 147188786 2
7 147238838 0.0451123478256176
7 147264537 0.0053
7 147269511 0.4682
7 147271716 2
7 147272199 0.737574117845053
7 147272717 1.9281
7 147272955 1.25499208155647
7 147273542 0.750685145608515
7 147296164 2
7 147303287 2
7 147309595 2
7 147313946 2
7 147315051 2
7 147315382 2
7 147315797 2
7 147317055 2
7 147331835 1.3061
7 147332616 0.8582
7 147333687 0.1332
7 147333892 0.9842
7 147335400 1.3061
7 147337363 1.4822
7 147337528 1.32101955166532
7 147339383 1.3061
7 147341442 0.0181
7 147346142 1.82722865150179
7 147350034 0.9693
7 147350715 1.5393090064963
7 147372145 1.6297
7 147374025 1.05529378493905
7 147377097 0.9842
7 147380756 0.678766785505966
7 147383794 0.542061329556758
7 147390143 2
7 147396773 2
7 147398405 2
7 147406810 0.5244
7 147407384 0.9842
7 147408315 1.6297
7 147431812 0.5476
7 147440724 0.9653
7 147455073 0.64194390626274
7 147456778 2
7 147457554 2
7 147464687 2
7 147467231 2
7 147471112 2
7 147477175 0.8869
7 147479268 2
7 147480511 0.5476
7 147483230 2
7 147489386 2
7 147491427 2
7 147492095 1.6297
7 147495467 0.595136271717045
7 147499390 2
7 147499407 0.569098599748807
7 147504621 1.89692793562036
7 147506724 2
7 147545860 1.7268
7 147553952 2
7 147557318 0.110073910054744
7 147558814 2.75886961956284
7 147563492 0.112577991837717
7 147566118 1.68947759799374
7 147567218 2
7 147570078 2
7 147571355 1.20673452704073
7 147571527 0.757259097923451
7 147578457 0.2477
7 147578705 0.2477
7 147580740 0.2477
7 147582677 0.2477
7 147585879 0.2477
7 147586349 2
7 147590330 0.2477
7 147595253 1.0818
7 147597806 0.7765
7 147602084 0.2477
7 147611097 8e-04
7 147630962 0.361
7 147637693 0.8291
7 147638506 1.4262
7 147640650 0.361
7 147699511 2
7 147706547 2
7 147722591 0.2582
7 147724232 0.6885
7 147727551 1.17046518173094
7 147729466 0.271090282718741
7 147734015 2
7 147736642 2
7 147738115 2
7 147738852 2
7 147741574 2
7 147743697 5e-04
7 147744299 0.687654066177224
7 147744910 2
7 147762194 2
7 147775260 1e-04
7 147790182 2
7 147800107 1.7379
7 147801309 0.0681
7 147807817 0.510580737335505
7 147807844 1.7505
7 147828519 1.7379
7 147834767 0.00286350844991572
7 147838232 2
7 147840514 2
7 147841015 2
7 147858064 1.7379
7 147862624 2
7 147863677 2
7 147864409 2
7 147865241 2
7 147865509 2
7 147866765 2
7 147877082 0.253280372845344
7 147881066 1.171
7 147884368 0.98203498000077
7 147884908 1.12603230782621
7 147886523 7e-04
7 147886525 7e-04
7 147887467 1.021
7 147895005 1.5586
7 147904931 1.6561
7 147909646 1.7015
7 147919482 0.508143137836181
7 147919489 0.535353642262333
7 147922812 0.3849
7 147925300 5e-04
7 147927799 2
7 147928936 0.8866
7 147932395 0.0927
7 147937142 1.33563153590457
7 147942731 1.3134
7 147943489 0.530192971646879
7 147945736 1.3067
7 147948388 0.8515
7 147952240 0.336198030091954
7 147952311 0.9208
7 147954218 1.4893
7 147955633 1.4893
7 147965869 0.0130764938616203
7 147980663 0.477944214430067
7 147998458 1.2381
7 148019092 1.0392
7 148019699 0.3729
7 148021446 1.0078
7 148021746 1.0392
7 148026698 0.351401387950708
7 148033136 0.392
7 148038002 0.3028
7 148049436 0.4322
7 148056792 1.1983
7 148062030 0.4207
7 148071179 0.7608
7 148099014 2.6908
7 148109664 0.0054
7 148159965 2.1904
7 148171588 0.108099337160134
7 148191822 2
7 148205991 2
7 148219232 2
7 148221842 2
7 148230187 0.0049
7 148232076 1.05480248974731
7 148233959 2
7 148238982 2
7 148269465 0.851491452712246
7 148279678 2.15648005266131
7 148282942 0.944702128445762
7 148283876 1.5392
7 148287609 0.0868141493703436
7 148288201 1.5716
7 148293000 1.66305450377032
7 148299234 4e-04
7 148304154 0.4983
7 148306068 0.4983
7 148315911 0.3064
7 148322928 0.9984
7 148327110 0.4413
7 148328925 0.597483744807927
7 148331751 0.8958
7 148333736 0.719688574699999
7 148334358 1.2772
7 148334980 1.14873082386813
7 148335576 0.0896122761165217
7 148337877 0.0371774548261893
7 148337888 0.01
7 148343040 0.0926
7 148346496 2
7 148358596 2.6908
7 148365728 5e-04
7 148367712 2.8216
7 148370950 1.4773
7 148374709 0
7 148379686 0.9437
7 148381637 0
7 148385117 0.1522
7 148389647 1.1551
7 148398838 0.994818136828078
7 148410144 0.964899004649389
7 148412747 0.033100306210649
7 148413114 0.39312113267382
7 148419358 2
7 148429882 2
7 148437858 4e-04
7 148450681 0.0175
7 148465360 1.6434
7 148465389 4e-04
7 148466692 1.6434
7 148467007 1.6434
7 148468710 4e-04
7 148469613 1.6564
7 148470740 1.6974
7 148480171 0
7 148486700 2.8216
7 148495511 4e-04
7 148501410 2
7 148521783 0.269719465886697
7 148528940 1.0988264013001
7 148530746 0.748
7 148531566 0.748
7 148534872 0.748
7 148559198 1.0132
7 148580831 1.83616630532805
7 148603203 2.1586
7 148611027 0.0764
7 148613136 0.1569
7 148624118 2
7 148626030 0.0898
7 148645957 1.4547
7 148687966 2
7 148689373 2
7 148696005 2
7 148697503 2
7 148706102 2
7 148729580 2
7 148751119 2
7 148776385 1.7873
7 148793174 2
7 148795622 1.7873
7 148825177 2
7 148834360 2.8258
7 148843618 0.5377
7 148846433 0.3071
7 148858700 2
7 148867292 1.0399
7 148873507 2
7 148884757 1.0035
7 148891541 1.8299
7 148905450 0.2249
7 148928874 0.333295969728703
7 148944767 0
7 148957358 2
7 148960165 0.128960499474073
7 148963487 0.490664346982166
7 148990953 0.404526185116496
7 149013124 2
7 149023989 1.1673
7 149025087 5e-04
7 149027853 1.1673
7 149028622 0.4737
7 149035065 2
7 149042635 0.903452794643676
7 149056442 0.4318
7 149057304 2
7 149069299 2
7 149086132 1.8878
7 149100766 2
7 149108190 2
7 149113420 5e-04
7 149133704 5e-04
7 149160385 0.872
7 149163197 0.0263
7 149171734 2
7 149172403 2
7 149192607 2
7 149203557 1.46520889180339
7 149204902 1.90012445137999
7 149207532 2
7 149210109 2
7 149218119 0.0078
7 149219251 2
7 149222847 1.03805741289113
7 149234431 1.5609
7 149254901 1.2942
7 149256291 2
7 149258381 0.7846
7 149263264 0.0263
7 149275940 1.5484
7 149297522 1.3629
7 149306296 0.7846
7 149325122 2.09135654730177
7 149325933 1.13539035318693
7 149332136 2.09384180496579
7 149339860 0.259297986298801
7 149342028 0.0280967847517157
7 149344810 0.423913293345356
7 149346313 1.72182352674993
7 149363125 0.211452688796568
7 149365901 0.389487251407866
7 149376640 0.0813681443199317
7 149385985 0.5154
7 149398955 1.0122
7 149411279 1.08621424245011
7 149414892 0.583611852509793
7 149426208 0.840718797152773
7 149476661 0.492890989250555
7 149515505 0.214
7 149531620 0.214
7 149552491 0.2549
7 149564150 0.214
7 149564582 0.214
7 149584380 0.2464
7 149600013 0.4346
7 149607512 0.214
7 149617665 0.4346
7 149624712 0.2319
7 149636970 2
7 149638136 0.1972
7 149642676 0.9166
7 149643605 0.1972
7 149643625 0.4136
7 149655870 0.9166
7 149657768 0.9166
7 149662681 0.9166
7 149668605 2.04607777359215
7 149676184 1.30223713831409
7 149729141 1.61102714647997
7 149738223 1e-04
7 149749456 0.2065
7 149753904 0.0263
7 149754510 0.882327574477469
7 149759885 1.1043
7 149772086 0.9167
7 149772966 0.8863
7 149785965 0.9493
7 149787116 1.4989
7 149787803 0.917
7 149813183 0.81578414415377
7 149816692 0.331816506418146
7 149818665 1.60593693900553
7 149823063 5e-04
7 149824017 1.0789
7 149831050 0.7745
7 149839687 1.0035
7 149866122 1.14068585099682
7 149870144 2
7 149872116 2
7 149881477 2
7 149882490 2
7 149893114 0.2142
7 149896781 0
7 149896895 0.727939937876079
7 149901530 1.48115969161614
7 149917668 5e-04
7 149919677 0.3708
7 149926294 0.435
7 149927585 0.976432091853493
7 149928309 2
7 149929169 0.4014
7 149942549 2
7 149947631 1.5185
7 149948780 2
7 149959234 2
7 149976575 2
7 149977572 2
7 149983684 1.8634
7 149988124 2
7 149988657 2
7 149994866 1.9814
7 150012043 2
7 150021130 0.0322
7 150033203 1.01462813236348
7 150033538 1.20718359212134
7 150035421 7e-04
7 150036906 1.902
7 150036970 5e-04
7 150037079 5e-04
7 150038993 7e-04
7 150039429 0.9553
7 150040006 0.531617887854594
7 150041727 0.0078
7 150042486 0.341771432519274
7 150044993 2
7 150075903 2
7 150076475 0.666232940037538
7 150077635 2
7 150078825 2
7 150079064 0.0466163618876485
7 150104760 1.8884321098057
7 150110837 0.0078
7 150127636 2
7 150147581 0.617443270217581
7 150149000 0.5511
7 150149081 0
7 150154030 0.3908
7 150159181 0.6122
7 150176071 0.3181
7 150199613 0.0046
7 150227989 2.0688
7 150250188 0.1221
7 150288461 0.3015
7 150312543 0.439950940027858
7 150312749 0.596433174686491
7 150314947 0.243512184449826
7 150328645 0.072585943364812
7 150329080 0.47630559565392
7 150348380 0.0912395630370954
7 150355899 0.687273585576931
7 150362166 0.688089309054329
7 150399846 1.37465949519686
7 150409457 0.589965465874437
7 150410955 0.5144
7 150413679 0.1574
7 150427922 0.2598
7 150435007 5e-04
7 150437239 2
7 150439668 2
7 150443542 1.13515484526623
7 150443674 0.005
7 150463370 0.221989733010216
7 150484309 2
7 150487048 2
7 150498587 2
7 150509935 0.2959
7 150526048 0.246187536518689
7 150532365 2.27495165632465
7 150539762 0.5281
7 150541082 0.0624753583237626
7 150548846 1.05794171251092
7 150551051 0.873358146103567
7 150552404 0.943005913647741
7 150558495 1.28764257085759
7 150566821 0.551521907095146
7 150568283 0.0295369128745815
7 150578609 1.7853892971785
7 150588938 0.5281
7 150591053 0.306390659485826
7 150596660 0.381798491008251
7 150598430 0.5281
7 150598453 0.5281
7 150600378 0.416874901389646
7 150602932 0.5281
7 150603336 0.287990064189389
7 150615763 1.1147701937007
7 150642760 1.3801
7 150646786 2
7 150647611 2
7 150647635 2
7 150647647 2
7 150648316 2
7 150650071 2
7 150652438 2
7 150653264 2
7 150660629 2
7 150674195 2
7 150693416 2
7 150702021 2
7 150704211 0.147627439258284
7 150715627 1.17582494315318
7 150719607 0.728858302221645
7 150741001 2
7 150742955 0.704626639596041
7 150743888 0.473005219414228
7 150746986 0.871658957110018
7 150749983 1.19688866968714
7 150750161 2
7 150752357 2
7 150754169 1.49397607918474
7 150755545 1.2708
7 150758207 0.490636476585401
7 150769657 2
7 150776607 1.7789
7 150781910 2
7 150785600 1.8317
7 150786149 1.60102331130428
7 150789875 1.27758167663892
7 150793150 1.5893
7 150793343 0.75799883318135
7 150794763 1.52530676739173
7 150799441 0.999257891097245
7 150811670 1.1986
7 150826456 2
7 150830563 1.1519
7 150836435 2
7 150838818 2
7 150840539 2
7 150841892 2
7 150842165 2
7 150843108 0.2254
7 150844933 0.606618219881553
7 150849528 2
7 150851884 2
7 150855726 2
7 150862199 0.4909
7 150909954 0
7 150913847 1.14557223208164
7 150921813 1.7268
7 150927285 0.581631567728799
7 150966381 1e-04
7 150967053 2
7 150992309 2
7 151103652 1.29942166594563
7 151109239 1.37148758461333
7 151116890 0.296864855838835
7 151125678 0.3123
7 151145588 2.9898
7 151150662 0.735522733336357
7 151182406 2
7 151183256 2.5698
7 151210600 0.2178
7 151213368 2
7 151218862 2
7 151234560 2
7 151253930 0.494254288976087
7 151256453 0.351487994401991
7 151260814 2
7 151266773 2
7 151291047 2
7 151294723 0.4117
7 151296768 0.4117
7 151303634 2
7 151303693 2
7 151307970 2
7 151329475 2
7 151341629 2
7 151346584 1.2312
7 151348479 1.33922792507759
7 151355061 0.974783821011998
7 151359367 1.1818
7 151365318 0.47751081932766
7 151389711 2.23962446962051
7 151413195 0.6427
7 151414644 0.6427
7 151415535 0.683
7 151443784 1.97047462481501
7 151447526 0.4847
7 151475504 2
7 151487439 2
7 151495401 2.4105
7 151505169 2
7 151507400 2
7 151516126 2
7 151527223 0.0132796277524186
7 151532252 2
7 151533518 6e-04
7 151535850 0.784
7 151547609 2
7 151548168 2
7 151557976 0.0144
7 151586578 2
7 151634158 0.0245782433487384
7 151645554 2
7 151663563 0.367342071046845
7 151685363 2
7 151690445 2
7 151692963 0.8974
7 151693381 2
7 151694735 2
7 151697218 2.67398737966087
7 151700257 1.65125304705575
7 151705704 0.176410628258094
7 151705766 0.286557835457678
7 151707367 0.813
7 151709702 0.335068683095624
7 151715054 0.7938
7 151735591 1.12362979023086
7 151735700 0.240402695625117
7 151736315 0.200075913924271
7 151743278 0.529669855705375
7 151768304 1.20168004003792
7 151768615 0.288304895562172
7 151773027 0
7 151773162 1.06657782263422
7 151777521 0.0284184453191523
7 151778133 1.1816
7 151796026 0.897140152304936
7 151806724 0.0680646473363447
7 151807373 0.122565412264496
7 151807413 2
7 151811895 2
7 151822174 1.57811323919353
7 151823046 1.5148
7 151830241 1.75383243960483
7 151834511 1.78542878768185
7 151843611 0.457268743626542
7 151854863 0.231594522161087
7 151859536 0.4131
7 151860786 0.9732
7 151863674 0.564
7 151863881 0.3814
7 151873824 0.6579
7 151875434 1.7664
7 151897200 2
7 151898351 2
7 151901731 2
7 151901840 2
7 151914658 0.2798
7 151919085 0.3243
7 151922914 0
7 151929330 2.9898
7 151932625 2
7 151937336 2
7 151945827 2
7 151946824 2
7 151947212 2
7 151947656 2
7 151948591 2
7 151949013 2
7 151954305 0.1725
7 151961338 0.755085591767517
7 151963017 0.817156784145541
7 151964895 1.41342313436203
7 151966767 0.2254
7 151972580 1.41594066167088
7 151973896 0.2098
7 151979105 0.574668973107643
7 151984737 2
7 151994864 0.003
7 151997578 0.5139
7 151999339 2
7 152001212 0.179592759989095
7 152002512 2
7 152005223 2
7 152008790 2
7 152223515 1.07438738154727
7 152258675 0.361683260039944
7 152302372 2.0482
7 152350422 4e-04
7 152354105 0.357758689929514
7 152427035 2
7 152438813 0.0075
7 152446659 0.453869840201315
7 152460921 0.470087226724308
7 152469992 2.98626673940444
7 152479695 0.421974652793323
7 152499480 0.7259
7 152502190 2
7 152504629 2
7 152511385 2
7 152514745 1.2247
7 152518489 2
7 152535123 0.693
7 152551343 0.585009587965913
7 152552225 2
7 152553943 2
7 152559607 1.1354345052938
7 152559627 0.0187561354997654
7 152563462 0.7837
7 152564306 2
7 152567135 2
7 152572852 1.15799936016461
7 152581511 0.9183
7 152587415 2
7 152588656 2
7 152592709 0.9183
7 152593154 1.2024
7 152602365 1.719
7 152607430 2
7 152614472 0.0315
7 152620648 2.2801
7 152622080 0
7 152623453 1.05557879551027
7 152623722 0.69456848443754
7 152626041 0.1106
7 152632800 0.0484767037304154
7 152636502 0.055
7 152637420 0.055
7 152642030 0.6885
7 152655526 2.1524
7 152663854 1.021
7 152665126 1.2694
7 152677078 1.4037
7 152679535 0.8504
7 152687018 2
7 152689640 2
7 152697023 1.173
7 152708514 2
7 152719169 2.7238
7 152722573 0.4309
7 152724431 3.1572
7 152734456 0.152699919668219
7 152738393 1.5339
7 152752931 0.6119662890447
7 152756084 1.25943485989099
7 152774439 3.9022
7 152778377 0.352791070026463
7 152804740 0.3669
7 152856804 0.545905444543253
7 152869752 0.454599540484977
7 152872442 2
7 152875001 1.40313190733867
7 152903023 2
7 152914910 1.27811725981721
7 152920654 1.4444
7 152923987 2
7 152924008 2
7 152936030 2
7 152940896 0.143650002661346
7 152941480 1.3955
7 152957140 1.7882
7 152962972 2
7 152978684 1.4045
7 152986213 1.1841
7 153010131 1.03455978981177
7 153022508 1.7642
7 153028403 1.6491
7 153031394 2.0696
7 153034704 2
7 153034974 2.3336
7 153041756 2
7 153048607 0.9894
7 153049155 0.9894
7 153055540 2.8216
7 153086044 0.052
7 153101233 0.4786
7 153106335 2
7 153107888 2
7 153112556 0.3765
7 153118100 0.4067
7 153120537 2
7 153125031 0
7 153128868 2
7 153133019 2
7 153135689 0.3143
7 153137455 2
7 153138048 2
7 153141168 0.3635
7 153143775 3.2907
7 153146239 0.3955
7 153150067 2
7 153181248 2
7 153182693 2
7 153195908 4e-04
7 153238588 1.8511
7 153245595 1.8346
7 153266600 2
7 153298104 1.39795555706158
7 153299967 0.6572
7 153306512 0.837486384678856
7 153314538 0.763457793501244
7 153315465 2
7 153315942 2
7 153324578 2
7 153327289 2
7 153330133 1.3883
7 153331607 2
7 153332303 2
7 153333017 0.877498100201816
7 153336653 0.7137
7 153346026 2
7 153354651 2.5407
7 153354845 1.25094777430413
7 153364131 2
7 153366221 2
7 153367289 2
7 153367926 2
7 153368224 2
7 153395123 0.0144450084728871
7 153397497 2.0545
7 153412735 1.9815
7 153415488 1.9815
7 153424168 1.9815
7 153430593 0.39
7 153437146 2
7 153438913 2
7 153439441 2
7 153446318 2
7 153463714 0.872736122126162
7 153467498 2
7 153472367 2
7 153494533 2
7 153503956 2
7 153506390 1e-04
7 153506472 0.171516308279188
7 153507482 2
7 153508405 2
7 153523568 2
7 153533461 2
7 153539026 0.865250838038853
7 153543689 0.717198799584431
7 153560332 2
7 153571985 0.280147076210713
7 153574719 1.7255
7 153590643 2
7 153597759 0
7 153601957 2
7 153609037 2
7 153611605 2
7 153619109 1.1268
7 153624467 2
7 153626569 2
7 153626596 2
7 153628374 1.1268
7 153628763 2
7 153634784 0.0444
7 153635596 3.4139
7 153647621 1.9069
7 153650753 1.2364
7 153652433 1.4335
7 153653095 1.4496
7 153656284 0
7 153658665 1.9069
7 153665365 2.6149
7 153765721 0.7657
7 153788948 0.7843
7 153794431 0.7843
7 153803457 1.8317
7 153818940 1.0894
7 153822152 0.1061
7 153843132 2.07155611854619
7 153859861 2.8216
7 153870600 0.92
7 153884159 0.411444438896701
7 153884848 0.379935199230395
7 153899641 2
7 153906678 2.5887
7 153925597 0.0273
7 153930092 0.831
7 153931491 0.712951126695275
7 153941403 1.4843
7 153950347 2
7 153950898 0.5872
7 153955595 0.5846
7 153956960 2
7 153967558 2
7 153973791 2.3533
7 153986074 2.7799
7 153986114 1.0435
7 153991723 0.6481
7 153996717 2.0724
7 153999696 1.9859
7 154013954 2
7 154014717 1.8668
7 154019726 2
7 154023100 1.8776
7 154036304 0.590256469690163
7 154052206 1.0215
7 154055470 0.1107
7 154055987 0.0831
7 154059288 0.1382
7 154060124 0.1657
7 154061893 1.91880614945632
7 154062287 1.3661
7 154076640 2
7 154086513 1.0432
7 154086735 1.1662
7 154087144 2
7 154093335 0.432475708975866
7 154094719 0.8867
7 154114032 1.4587
7 154124850 2
7 154127726 2.7433
7 154128969 2
7 154137821 1.76306853215866
7 154150152 2
7 154173550 1.53690383381506
7 154175850 0.277562564905983
7 154180218 1.5278
7 154198133 0.17705404594519
7 154201737 1.9234
7 154214454 1.10075258609148
7 154216930 1.39086678736411
7 154219884 0.216412944956003
7 154243725 2
7 154246982 0.1833
7 154256800 2
7 154261512 0.3093
7 154261693 2
7 154267528 0.4523
7 154273406 2
7 154281232 2
7 154312637 2
7 154321856 0.7171
7 154332739 0.2614
7 154332849 0.7359
7 154336599 4e-04
7 154349680 2
7 154393726 2
7 154403879 2.5607
7 154412113 2
7 154424667 0.5095
7 154425629 1.2918
7 154435347 2
7 154436175 2
7 154438300 2.9609
7 154462698 1.339
7 154462942 0.0263
7 154472893 2
7 154476899 1.8372
7 154481103 1.0399
7 154485540 1.7113
7 154496891 1.9579
7 154498916 0.9757
7 154503411 2
7 154506890 2
7 154508980 2
7 154512695 0.5906
7 154522698 0.2356
7 154523298 2
7 154524397 2.0276
7 154529474 0.268843765687316
7 154575555 0.5183
7 154597322 2
7 154600220 2
7 154611502 2
7 154613806 2
7 154614763 2
7 154617543 2
7 154621208 2
7 154624934 2
7 154642506 0.181545691949766
7 154642611 2
7 154643196 0.656509241124022
7 154644853 0.66269317627155
7 154654411 6e-04
7 154654457 0.288893020648343
7 154656407 0.0229
7 154657044 3e-04
7 154660281 5e-04
7 154670860 0
7 154676184 5e-04
7 154678995 2
7 154679348 2
7 154680139 0.6089
7 154685326 0.7461
7 154685668 0.098
7 154692681 2
7 154693115 4e-04
7 154695011 1.5716
7 154696849 2
7 154700411 2
7 154702086 2
7 154710094 2
7 154712887 2
7 154749674 1.65828343699392
7 154757972 2
7 154759802 1.3574
7 154760023 2
7 154765384 0.2657
7 154780438 2
7 154784893 1.02293708548294
7 154794305 1.4605
7 154795797 2
7 154798694 2.1862
7 154822224 2
7 154825310 2
7 154845074 0.340719188524607
7 154855234 2
7 154860788 1.8387
7 154873442 1.2456
7 154879230 1.0272
7 154881007 2
7 154888313 1.7268
7 154892443 2
7 154893452 5e-04
7 154896350 2
7 154901091 1.3233
7 154901904 1.5651
7 154905139 2
7 154920167 2
7 154928549 0.5366
7 154933554 1.56393894754046
7 154936205 2
7 154939291 1.20358605436074
7 154939410 0.331152128112031
7 154940242 2.0407446142099
7 154957198 0.865706837399148
7 154969314 2
7 154970612 0.763426041865108
7 154975295 0.440268604698771
7 155003023 5e-04
7 155007383 2.45156068165341
7 155008845 2
7 155057958 2
7 155065258 2
7 155065491 2
7 155067031 2
7 155070911 2
7 155081197 0.0053
7 155084632 0.381040211874169
7 155084676 0.17618774707361
7 155085557 0.0394
7 155086889 2
7 155087526 2
7 155093815 2
7 155098279 2
7 155099159 2
7 155099487 2
7 155099687 2
7 155100077 2
7 155110853 1.0913
7 155111458 2
7 155112095 0.0053
7 155123141 2
7 155124027 1.2698972104271
7 155125976 0.799967404374425
7 155126198 0.1468
7 155140770 5e-04
7 155144272 0.1426
7 155146052 0.1554
7 155146113 2
7 155152539 0.1696
7 155153436 0.1696
7 155153589 0.1696
7 155153866 0.1696
7 155166872 1.3493
7 155171006 2
7 155176716 0.0444
7 155179469 2
7 155185250 2
7 155188146 2
7 155196332 2
7 155206149 0.393643777063578
7 155206321 0.3234
7 155208172 2e-04
7 155208307 1e-04
7 155211479 1.5842
7 155212857 0.3618
7 155229493 0.3724
7 155231083 0.3724
7 155232597 0.3622
7 155237522 2
7 155259044 1e-04
7 155271963 2
7 155294894 2
7 155311447 1.0241
7 155312321 2
7 155315581 1.09181577029007
7 155315842 0.0658077049865832
7 155318193 2e-04
7 155319467 0.1779238496689
7 155322349 2
7 155326607 2
7 155326685 0.416663770091019
7 155328621 5e-04
7 155330093 0.383882382594031
7 155330660 0.462148484743167
7 155334636 1.98942331165359
7 155335342 5e-04
7 155336962 2.4617
7 155338607 2
7 155340422 2
7 155345726 1.34224114013424
7 155346076 1.7634
7 155346697 0.0201980908960813
7 155348549 5e-04
7 155348558 2
7 155356342 1.3524
7 155356893 2
7 155357282 2
7 155357865 2
7 155358738 2
7 155360795 2
7 155362311 2
7 155366100 2
7 155370063 1.7836
7 155381751 0.530880868308999
7 155384967 0.383205847307377
7 155385233 0.661120278858641
7 155396481 2
7 155401293 1.58475360761595
7 155403371 2
7 155406914 2.1094
7 155406966 2
7 155407321 1e-04
7 155409975 2
7 155416618 2
7 155429889 0.354617819507522
7 155434161 1.9976
7 155437023 0.5023
7 155441209 0.7191
7 155442313 0.7954
7 155445179 2
7 155465199 2
7 155466696 0.888698116177129
7 155477554 1.73764267013759
7 155488678 0.13227625236461
7 155489259 0.552762326481786
7 155495444 0.632022537633671
7 155501662 2
7 155510817 0.729004203416919
7 155529776 2
7 155532350 0.1924
7 155535157 2
7 155535476 2.0133
7 155536924 2
7 155550009 1.5698
7 155552245 0.5033
7 155579681 0.2299
7 155589926 1.21661823511997
7 155619137 0.0879
7 155622840 0.107
7 155625525 1.2806
7 155632210 0.155
7 155637105 1.4183
7 155642158 0.1352
7 155651756 2
7 155664481 2
7 155673616 5e-04
7 155673763 0.2174
7 155687808 2
7 155690311 2
7 155694651 2
7 155706274 2
7 155707390 2
7 155714072 2
7 155724992 2
7 155731228 2
7 155734900 2
7 155750373 2
7 155753078 2
7 155775262 2
7 155786810 0.603
7 155789197 2
7 155792333 2e-04
7 155792613 2
7 155793406 0.2052
7 155799663 2
7 155803897 1.3
7 155808959 0.3865
7 155812247 1.7247
7 155827595 1.8955
7 155827622 1.8955
7 155829853 0.3279
7 155834318 2
7 155842499 2
7 155845027 2
7 155846777 2
7 155848490 0
7 155874401 2
7 155883812 0.877951778246135
7 155885815 0.7889
7 155890236 2
7 155891770 0.904631110540984
7 155897013 2
7 155899416 1.2167
7 155906085 2
7 155915971 2
7 155925811 2
7 155927368 2
7 155928337 0
7 155932605 0.0981
7 155933035 0.1258
7 155934782 0.1179
7 155953747 2
7 155957638 2
7 155974218 0.1714
7 155977235 0.3506
7 155978336 0.6547
7 155995524 0.2296
7 156029021 0
7 156029575 2.2708
7 156032207 0
7 156035651 2
7 156040571 1.9671
7 156041633 1.6867
7 156046742 2.0481
7 156047033 1.4473
7 156047077 1.4473
7 156048079 0.467300588787359
7 156048292 2.0481
7 156049086 0.0793252457085736
7 156057171 0.8861
7 156058147 2
7 156061199 2
7 156090017 0.6804
7 156123427 2
7 156132645 1.01205203523352
7 156137969 2
7 156137979 2
7 156141149 2
7 156142558 2
7 156142850 2
7 156145396 1.03473811120263
7 156147266 0.0249736702826225
7 156154181 1.1032684857237
7 156199041 2
7 156205192 0.557680848419144
7 156219423 2
7 156227337 0.9173
7 156230401 2
7 156232084 2
7 156232130 2
7 156232309 2
7 156236636 2
7 156245895 2
7 156249866 0.414301352445329
7 156250946 1.06956288627498
7 156257033 2
7 156261284 0.0078
7 156263786 2
7 156265729 2
7 156267696 0.173032107563387
7 156274860 2
7 156282015 0.9866
7 156285056 0.3681
7 156296843 1.2677347193023
7 156299846 0.449276926324797
7 156302595 1.2424
7 156303335 1.29881101900569
7 156319028 0.733866710482466
7 156333854 0.7945
7 156334463 2
7 156345894 2
7 156347051 1.8854
7 156348130 2.5897
7 156349760 2
7 156352394 1.590302873023
7 156359443 1.8197
7 156359942 1.7716
7 156365527 2
7 156366279 2
7 156366569 2
7 156366754 2
7 156368311 2
7 156377233 0.486793512248678
7 156380544 2
7 156381948 2
7 156383160 2
7 156389016 2.3416
7 156392054 2
7 156434680 0.459439420376758
7 156442113 0.472
7 156449431 0
7 156456470 0
7 156473589 0
7 156474796 0.438265406649328
7 156479390 1.2252
7 156482929 2.00339497383607
7 156496901 1.08329523992588
7 156501843 0.24051054943077
7 156505822 0.300616445450563
7 156511987 1.88446549351988
7 156513091 0.2546
7 156518798 0.532936075150545
7 156519051 1.12224573145081
7 156532567 0.404916937922443
7 156533423 2.25849271811192
7 156535190 0.4449
7 156535624 0.2961
7 156535947 0.2961
7 156541866 2
7 156545876 0.68654683925882
7 156546697 2
7 156564394 0.1005
7 156576942 0.62
7 156578109 1.0301
7 156598028 2
7 156602741 2
7 156604618 0.8213
7 156606305 0.381237232662568
7 156611451 0.8419
7 156627290 0.154868610047365
7 156634010 0.7835
7 156671645 1.0845
7 156677816 2
7 156679147 2
7 156704974 2
7 156725313 2
7 156726115 2
7 156779444 0.946878874707022
7 156925172 2
7 156973103 2
7 156973332 2
7 156980237 0.523655000349401
7 156984080 1.3566
7 157011048 2.8876
7 157023808 0.359623373491342
7 157042301 1.1349
7 157043402 0.97368289398846
7 157061467 0.271384211014076
7 157062951 0.124549955973017
7 157074440 0.606761127544593
7 157077471 0.0078
7 157081507 1.13500166968898
7 157083697 1.69091402780625
7 157086328 0.979351443371382
7 157087871 0.8123
7 157091697 1.017
7 157093285 0.6122
7 157109982 2
7 157129451 1.62167725304236
7 157137856 0.735764063731316
7 157142365 1.83958333768681
7 157149391 0.910617388631457
7 157165245 2.0107
7 157167589 0.9551
7 157171230 0.586411104482997
7 157177512 1.12863934548831
7 157192358 1.66296325710211
7 157197860 0.1584
7 157202270 0.643019976957849
7 157206169 0.121936043772439
7 157227464 0.0326
7 157230711 0.0180011222613998
7 157237217 0.9244
7 157240646 0.0107425498999179
7 157261385 0.8167
7 157265863 0.563290379984218
7 157270059 0.0326
7 157283345 1.23034920974311
7 157296984 0.2273454942435
7 157305540 0.6967
7 157313190 0.7488
7 157316939 1.3352
7 157319669 0.3194
7 157326752 1.2206
7 157327155 1.0565
7 157327183 1.0565
7 157336256 0.2175
7 157337288 0.2175
7 157346947 0.5985
7 157351015 0.5985
7 157352737 2
7 157352780 1.22225983886164
7 157354143 0.2306
7 157363457 0.1447
7 157374376 0.2097
7 157403423 0.3194
7 157408826 2
7 157420907 0.775654902183854
7 157427567 2.62766032368671
7 157431148 0.767144097980238
7 157433389 0.671183146302017
7 157433728 1.09436051470539
7 157434045 0.0597720493631425
7 157435137 0.128510500565823
7 157438457 0.275744635363279
7 157439434 0.26011540328277
7 157439897 0.870816576421734
7 157444971 0.1949
7 157446730 2
7 157450496 2
7 157461657 2
7 157467399 2
7 157469251 0.707857212938019
7 157470655 2
7 157470838 2
7 157471411 0.81069557692275
7 157479010 1.4893
7 157480189 6e-04
7 157481436 1.50264776296873
7 157482383 2
7 157482646 5e-04
7 157483291 0.226138301532003
7 157483814 0.308507840451517
7 157490910 2
7 157502244 1.52315600809248
7 157509289 5e-04
7 157529736 0.0217
7 157543710 0.0107
7 157547382 2
7 157558177 2.118
7 157566597 2
7 157577953 2
7 157616041 0.842360313687889
7 157641876 2
7 157661565 2
7 157680814 2
7 157697617 5e-04
7 157701686 2
7 157702132 2
7 157714992 0.862965542224969
7 157720170 0.109728537244008
7 157731580 2
7 157743397 0.232385534636954
7 157747904 2.299
7 157749258 1.89
7 157751813 3.1148
7 157768902 0.9897
7 157776834 5e-04
7 157780461 2
7 157786586 2
7 157796845 1.3517
7 157800982 1.3517
7 157805295 2
7 157809650 2
7 157819974 1.8124
7 157832781 1.6764
7 157838279 1.6441
7 157842647 0.4769
7 157847219 2
7 157852009 1.2242
7 157858185 0.0069
7 157865557 0.0355661887201294
7 157871987 0.62625968717992
7 157874878 5e-04
7 157890148 2
7 157895869 1.7159
7 157918531 2
7 157918862 0.1312
7 157920521 2
7 157921946 0.0627134391218323
7 157929111 0.851542877070017
7 157932990 1.69852351342226
7 157938542 2
7 157940738 0.4135
7 157940795 2.6366
7 157941361 0.399099836799791
7 157942668 0.763692098585029
7 157954634 0.0497631327258051
7 157955411 2
7 157957553 2
7 157962231 2
7 157969019 0.11052518001857
7 157969151 2.15669543151866
7 157982143 0.531251288717226
7 157992289 2
7 157993398 0.0164706338225464
7 157994520 1e-04
7 157994627 5e-04
7 157994723 2
7 158000331 2
7 158008146 0.790553815466969
7 158012454 0.356802169952787
7 158013039 0.320690007499251
7 158016669 2
7 158021610 1.5824900928569
7 158022642 1.34735265912896
7 158025392 1.61995944621713
7 158027210 0.53577904748315
7 158032057 1.25416947894247
7 158032317 0.819714438629448
7 158032806 0.75604934650462
7 158036477 2
7 158039940 2
7 158042568 2
7 158045810 1.3285
7 158058255 0.362696735446695
7 158082391 2
7 158090099 1.15453800662925
7 158105273 0.6538
7 158106235 0.3295
7 158122459 0.944903327410033
7 158129232 0.0530038106537695
7 158130592 0.3295
7 158130701 1.74864938544786
7 158132081 0.251428636446347
7 158132547 0.123572887549731
7 158151097 2
7 158158085 2
7 158159158 2
7 158159660 0.270338985767066
7 158160160 2
7 158163051 2
7 158163338 2
7 158171310 8e-04
7 158171312 7e-04
7 158193766 2
7 158207700 2
7 158215231 2
7 158225349 2
7 158225844 2
7 158225915 2
7 158234763 2.07245490916378
7 158236000 2
7 158238463 2
7 158239115 2
7 158239817 0.743217857657105
7 158251171 0.135624678698601
7 158252515 0.644465486740705
7 158257517 2
7 158266156 8e-04
7 158270834 0
7 158270875 5e-04
7 158273659 1e-04
7 158277309 0.1064
7 158277573 0.0495
7 158279908 2
7 158295251 0
7 158309157 0.0236
7 158324554 2
7 158326931 2
7 158336243 2
7 158337757 2
7 158340832 0.5954
7 158340969 0.5963
7 158341547 1e-04
7 158341749 2
7 158348300 5e-04
7 158349972 0.0236
7 158354492 0.0236
7 158355325 0.3358
7 158360094 2
7 158363872 0.3358
7 158366246 0.3358
7 158368508 2
7 158372281 1.62520657396673
7 158376930 0.503805350052455
7 158389762 0.0292
7 158397874 2
7 158399479 0.0292
7 158405094 0.0292
7 158407649 2
7 158407705 0.588928800039681
7 158417050 2
7 158425278 2
7 158437903 2
7 158450587 2
7 158453840 2
7 158455224 2
7 158458965 2
7 158465965 2
7 158470313 2
7 158472262 2
7 158475010 2
7 158485880 1.0215
7 158486140 1.0215
7 158487897 1.86767470833995
7 158496930 0.2437
7 158497735 0.443320115343036
7 158506103 0.0497516265947634
7 158511785 1.0189
7 158521041 1.48498931347155
7 158521459 2
7 158521613 1.88411742518119
7 158537211 1.0457
7 158540231 2
7 158573894 1.031
7 158583394 1.0052
7 158587446 0.9198
7 158592892 1.0577
7 158600796 1.3197
7 158602942 2
7 158605734 0.8579
7 158606895 2
7 158607707 1.611
7 158617987 1.7344
7 158631120 2.1357
7 158631435 2
7 158631816 1.2083
7 158632230 2
7 158634034 2
7 158652283 1.1966
7 158653254 1.1966
7 158664766 0.38768285532186
7 158666012 0.687598922963083
7 158668143 2
7 158680354 2
7 158681208 0.164603033103719
7 158681633 1.57249053838837
7 158683912 0.349569661214126
7 158690178 2.00645214457944
7 158693907 2
7 158708801 2
7 158715089 0.245046896425525
7 158717478 2
7 158717611 0.4055
7 158719664 2
7 158723316 2
7 158731066 0.0293108576641635
7 158731908 0.10934243027659
7 158736572 1.16164529903058
7 158736869 1.43233897525921
7 158742987 1.82111591746461
7 158745436 0.873246508953443
7 158746034 0.818489785142813
7 158780582 0.0624
7 158781431 8e-04
7 158781926 0.0257
7 158782768 0.0124420516358855
7 158792959 2
7 158794345 0.432437289899179
7 158796168 0.12402627884416
7 158824194 2
7 158835110 1.4895
7 158836528 2
7 158854032 2
7 158877552 2
7 158891582 0.212223586817473
7 158924221 2
7 158933043 2
7 158937756 0.406647334026046
7 158941363 2
7 158948148 2.978
7 158949760 2
7 158953190 2.1956
7 158953202 0.3018
7 158954823 0.0383
7 158960172 2
7 158960378 2
7 158969921 0.0326
7 158972224 2
7 158972821 2
7 158976610 2
7 158979481 2
7 158991204 2
7 158992722 1e-04
7 158996670 2
7 159003953 1.0045
7 159011157 0.9803
7 159014693 0.0158
7 159024650 2
7 159027399 0.593691626776064
7 159039302 2
7 159043594 0.1121
7 159044826 0.0326
7 159072516 0.601584929445266
7 159082524 0.728238181816704
7 159083230 0.5293
7 159088708 0.25062483975962
7 159097902 0.5293
7 159116717 0.710449218724986
7 159121231 1.31162972626513
7 159122391 0.5293
7 159133080 2
7 159137088 2
7 159138084 2
7 159140547 2
7 159150097 0.3026
7 159156240 0.0053
7 159156361 0.15512055521238
7 159162214 0.6263
7 159168035 1.3463
7 159206988 2e-04
7 159212612 2
7 159226475 2
7 159228497 2
7 159229659 1.1785
7 159236164 0.0273
7 159252919 2
7 159260595 2
7 159262383 0.2281
7 159274339 2
7 159282923 0.2437
7 159286768 0.2437
7 159294115 2
7 159294232 0.2437
7 159303871 2
7 159312347 0.1078
7 159315145 0.2437
7 159316846 0.2437
7 159317779 2
7 159335257 5e-04
