chr pos logPval
17 141507 9e-04
17 147688 0.0622267366295093
17 162553 0.367344277148626
17 170888 2
17 182458 1.17659616291373
17 184290 2
17 186614 2.40903734576706
17 186918 0.462808912162007
17 187443 1.41401433859
17 187768 0.611727031947232
17 190454 1.34472016446873
17 191539 1.29836119737563
17 197653 2
17 199584 0.8272414839962
17 201120 0.183982649699534
17 204475 0.1057736191749
17 216176 0.435308722293954
17 220016 1.30576086689021
17 220421 2
17 224098 2
17 228575 2
17 231578 2
17 232131 2
17 235273 2
17 235374 1.6126
17 237093 2
17 243252 2
17 248618 2
17 249714 1.06418225381738
17 253767 0.0897
17 258756 0
17 260234 0.755927115437029
17 265682 2
17 272979 0
17 273576 0.0222
17 273607 2
17 280342 2
17 281965 2
17 287017 0.784759481791142
17 292590 2
17 293705 2
17 297967 2
17 298712 2
17 304996 1e-04
17 313793 1.4309
17 320272 1.94587883703273
17 323173 2
17 331290 0.452139573521382
17 352938 2
17 356429 1.21603597148731
17 357827 2
17 360594 2
17 361241 2
17 361512 0.922227998562082
17 361684 2
17 361909 5e-04
17 362178 2.21059018093469
17 363396 0.994909116403492
17 366391 2
17 369177 0.0386
17 376395 0.1537
17 381122 1.4790963773403
17 386645 0.945915054628743
17 386911 2.27549715598349
17 387098 0.775583576590627
17 387412 2
17 389623 2
17 409174 2
17 437034 2
17 444326 2
17 448183 0
17 493387 2
17 497067 2
17 498925 2
17 502363 2
17 503167 0.7027
17 507698 1.6567
17 524981 0.0119283708489253
17 543314 2
17 546077 5e-04
17 549725 2
17 561722 2
17 565352 0.598774139792778
17 568663 0.885075889650098
17 569370 0.182861195134671
17 571546 0.24476312020969
17 571590 0.141300171332934
17 585485 0.061
17 591640 1.18913488652857
17 599035 0.492464600833831
17 603591 2
17 607950 0.274870259188769
17 615775 1.57925034086391
17 621895 1.46821104404604
17 630015 0
17 653909 0.341329136319945
17 656648 0.471303421560836
17 663188 0.628161396855718
17 670730 1.1861
17 671838 1.12559672346893
17 677954 1.0158
17 678727 2.54616282954003
17 687462 1.7537
17 690360 0.855775241075853
17 699812 0.517967640905129
17 706035 0.236411001230573
17 722486 5e-04
17 731840 2
17 753640 0.51912955421566
17 781021 0.0834
17 803099 1.37732072100809
17 806940 0.8617
17 808848 2
17 808919 1.0046
17 808928 1.1676
17 810303 5e-04
17 810844 2
17 812178 2
17 820569 0.353936839521698
17 823332 0.927368944912196
17 824140 2
17 829624 1.27603891181102
17 840989 0.0877222230030498
17 841470 6e-04
17 843058 1.19141470694752
17 846012 2
17 862620 1.4546
17 866908 1.2304
17 867030 0.0078
17 870708 0.2715
17 876105 2
17 876126 1.275
17 879468 0.113933592418111
17 879758 0.4665
17 883464 2.17487185411457
17 885620 2
17 889759 1e-04
17 890610 2
17 891020 2
17 892398 0.5136
17 895675 2
17 896693 2
17 900480 0.535859651768366
17 901304 2
17 904416 0.346328995648696
17 908922 2
17 909453 0.7918
17 912561 0.4223
17 915281 2
17 917152 0.56880112030293
17 919049 0.743360317543799
17 924505 1.1473
17 924986 0.1075
17 933015 2
17 934020 2
17 934302 1.5156
17 940638 0.85394510980791
17 948845 2
17 950501 2
17 951108 0.3457
17 974686 1.81169779949247
17 987448 0.074450346331325
17 996187 0.506313417144424
17 1000564 2.3377
17 1011383 1.22304583144485
17 1015548 1.79962229265782
17 1020091 2
17 1031969 2.1796
17 1032587 0.248891593951635
17 1043437 0.446800728932552
17 1044199 0.6291
17 1046028 0.123564033744287
17 1047157 1.27354062616191
17 1051952 2
17 1057909 1.21207861879032
17 1067759 2
17 1084896 0.127983431800587
17 1092602 2
17 1095108 1.84089539040934
17 1095686 2
17 1103147 2.8716
17 1105240 0.122346370419294
17 1110748 0.571477514160967
17 1111657 1.02335285803051
17 1116655 0.1886
17 1119912 0.1607
17 1119950 0.1464
17 1126568 0.0378
17 1134679 2
17 1135875 0.235450499608996
17 1148240 2
17 1150669 0.898013946243213
17 1155568 2.07239497360979
17 1173242 1e-04
17 1183783 2
17 1187511 0.5651
17 1192495 0.5651
17 1194907 0.5443
17 1195277 2
17 1199073 2
17 1212345 2
17 1215880 5e-04
17 1217733 0.2021
17 1220498 1.5462
17 1222018 0.330638388167911
17 1223250 1.44596593996511
17 1225174 0.697527790133184
17 1226735 1.66655369597494
17 1231273 0.6428
17 1233732 1.69489279199518
17 1243038 0.214340659033669
17 1247229 1.8304
17 1252337 1.01212173636162
17 1265947 2
17 1277783 2
17 1286382 1.7412
17 1289221 1e-04
17 1289236 5e-04
17 1291149 0.53
17 1298427 2
17 1299136 0.5685
17 1300387 0.6005
17 1307381 0.3632
17 1315319 2
17 1315823 2
17 1317027 2
17 1317195 2.77780637967057
17 1326972 2.3383
17 1327714 2
17 1328796 0.409565824097163
17 1330658 2.2291
17 1330777 0.0263
17 1332856 2
17 1334188 2
17 1337057 0.6395
17 1338526 0.8037
17 1341914 2
17 1364101 0.219061613533715
17 1365932 2
17 1382150 1.19384847770634
17 1392592 0.375097895095449
17 1393645 0.299829963434061
17 1409628 2
17 1410832 2
17 1419582 2
17 1427072 2
17 1430496 2
17 1442019 1e-04
17 1453285 2
17 1480244 2
17 1484390 1.2861
17 1486735 0.1084
17 1498991 1.14088195947309
17 1529007 2
17 1531284 2
17 1558781 3e-04
17 1569268 1.14758023182175
17 1576447 2
17 1579415 2
17 1584139 0.143223522149098
17 1589838 2.5383
17 1594595 0.576711261069905
17 1595592 0.3925
17 1617476 0.754
17 1625170 1.2984
17 1666957 2.1184
17 1669124 1.5771
17 1685084 2
17 1685636 0.2162
17 1696777 1.1816
17 1700917 2
17 1702273 1.25994707903633
17 1726914 2
17 1737982 2
17 1745208 0.0760859913223861
17 1764380 0.2966
17 1765393 2
17 1766529 2
17 1771311 1.41037919941545
17 1772302 0.2988
17 1794021 2
17 1801236 0.215549027523959
17 1803886 0.7558
17 1811605 0.4301
17 1816512 2
17 1821407 2
17 1825586 2
17 1827214 2
17 1836137 0.0688
17 1838690 2
17 1841709 0.0688
17 1849756 2
17 1852242 0.0688
17 1853692 1.82225358009511
17 1854083 2
17 1892553 2
17 1901017 2
17 1926344 0.919281928682816
17 1927953 1.72427948130637
17 1931999 0.309577534694808
17 1935721 0.4146
17 1935723 0.895
17 1939098 2
17 1941225 0.217648582499739
17 1951276 0.845069521367469
17 1968634 0.756930256143682
17 1970316 0.209425277899224
17 1970378 0.265279442893923
17 1970461 0.145982259439945
17 1980864 0.312192583433136
17 1992817 2
17 2002493 2.6472
17 2021982 2
17 2023043 2
17 2023926 0.916
17 2028361 2
17 2040586 1.4436
17 2042327 2
17 2042452 1.2424
17 2044949 2.9027
17 2079496 0.0910625876731846
17 2091673 0.780520618337324
17 2092320 0.38008324247751
17 2105123 2
17 2118196 2
17 2121295 1.8377
17 2122164 2
17 2126281 1.4417
17 2126861 2
17 2135942 0.1712
17 2149410 2
17 2152006 2
17 2160318 2
17 2173058 2
17 2175951 2.5383
17 2184433 0.851958227970349
17 2188014 2
17 2190217 2
17 2193286 2
17 2194289 2
17 2199159 2
17 2212628 2
17 2219284 0.3868
17 2231708 0.3868
17 2250392 0.4035
17 2255430 2
17 2262046 2
17 2270629 2
17 2277477 0.3868
17 2283161 2
17 2284107 2
17 2287473 2
17 2303942 0.321064574132367
17 2306577 2
17 2308122 2
17 2314582 2
17 2338605 0.579
17 2352878 2
17 2366475 2
17 2431636 5e-04
17 2447577 2.8736
17 2448754 5e-04
17 2467706 2
17 2491933 5e-04
17 2495070 0.387351919725165
17 2503695 2
17 2510055 0.369892656751377
17 2514989 1.17936504272231
17 2517006 0.0620264295636107
17 2521583 0.579806177207714
17 2527310 2e-04
17 2527318 5e-04
17 2528221 0.407172853295457
17 2535716 0.895654504849779
17 2551292 0.180252990792917
17 2551753 0.7162
17 2568738 2
17 2571571 0.0472739130605679
17 2574493 0.1173
17 2602251 0.196497493827124
17 2606067 2
17 2614268 2.8863
17 2628081 1.11503967297205
17 2635184 2
17 2640167 2
17 2640583 2.8863
17 2649140 2
17 2652161 0.38209734274771
17 2652298 0.8404
17 2654112 1.4497
17 2657413 1.4394
17 2679483 0.191520515808626
17 2679630 0
17 2691997 0.589853461577071
17 2702790 0.286268558543312
17 2703421 0.619750618299915
17 2730564 0.0073
17 2742577 0.890331370785165
17 2746931 1.217
17 2750858 0.6018
17 2753469 2
17 2754121 0.6018
17 2754373 2
17 2755091 2
17 2760121 0.7558
17 2771499 2
17 2777773 1.42757559471412
17 2778501 2
17 2778785 2
17 2779991 2
17 2804311 2
17 2805044 1.3008
17 2812520 2
17 2813962 2
17 2814555 2
17 2815869 2
17 2816982 0.707813661692019
17 2821792 1.3659
17 2824754 0.0244
17 2829582 0.1392
17 2831379 1.4563
17 2834980 2
17 2836530 2
17 2844213 2
17 2846914 2
17 2856978 0.8632
17 2863544 0.340163027310058
17 2868692 1.0232125908226
17 2872706 0.934236134723795
17 2873297 2
17 2890238 0.850959837532632
17 2890578 0.0167
17 2897715 0.4357
17 2913041 0.5594
17 2921841 2.1357
17 2931461 2
17 2932824 2
17 2939699 0.9659
17 2953368 1.3959
17 2957076 0.6478
17 2968966 1.00722752496252
17 2970296 0.0072
17 2972259 2
17 2982514 2
17 2986541 2
17 3000484 2
17 3001591 2
17 3002347 2
17 3003916 1.2744
17 3009425 2
17 3010909 2
17 3012086 0.0502
17 3016506 0.0329
17 3020473 0.0329
17 3028639 0.614986703747162
17 3029270 2
17 3036400 2
17 3037465 0.0107
17 3039354 2
17 3049136 0.5926
17 3049688 5e-04
17 3059386 3.001
17 3102277 1.1384
17 3121528 1.5621
17 3131055 1.1209
17 3132006 1.0035
17 3133080 2.1745
17 3134994 1.0035
17 3138763 1.0035
17 3139976 2
17 3141204 5e-04
17 3142738 1.1209
17 3146326 2.1745
17 3147378 5e-04
17 3164468 0.510366073084292
17 3176692 0.891936468710701
17 3178593 0.337937168337272
17 3182501 2
17 3186295 2
17 3193014 2
17 3194812 2
17 3204931 0.78927197073664
17 3209072 0.872
17 3209074 0.7326
17 3213170 1.70043528606861
17 3226273 0.521328268225142
17 3228489 0.8889
17 3230616 0.8889
17 3258296 2
17 3264033 0.365248267432516
17 3276093 2
17 3282288 1.04384177630001
17 3282857 1.39083537696509
17 3284149 0.6260942943757
17 3300576 2
17 3303156 2.1362
17 3303873 2
17 3310434 2
17 3312987 2
17 3319423 2
17 3323630 2
17 3324091 0.3426
17 3326509 2
17 3342057 2.1127
17 3345698 2
17 3349160 2
17 3355197 0.3741
17 3361417 2
17 3366568 0.3741
17 3371367 2
17 3379778 2
17 3384179 1.946
17 3389618 2
17 3399217 0.788709930788069
17 3399254 5e-04
17 3411568 2
17 3415813 2
17 3420496 5e-04
17 3437153 3.1213
17 3453870 2.3383
17 3457788 2
17 3467738 0.5616
17 3467869 2
17 3469851 2.3088
17 3478171 2.1063
17 3484755 2
17 3486822 2
17 3494601 2
17 3498216 0.7314
17 3504529 0.1981
17 3504718 1.24385232041281
17 3505766 3.1189
17 3506986 0
17 3510763 0.931940046750867
17 3510841 0.7314
17 3515353 2
17 3517555 0.976647558910265
17 3517944 0.031267517198615
17 3520145 0.0502893472183401
17 3522056 0.581615244584541
17 3526521 2
17 3526977 2
17 3528238 1.0244
17 3530877 1.0244
17 3531845 1.0672
17 3545428 2
17 3546828 1.00557080321659
17 3554660 1.3180172776003
17 3555175 2
17 3562383 0.505413940619135
17 3565035 0.0475506660781941
17 3570937 2.8858
17 3577102 2
17 3582898 2
17 3583991 2
17 3584417 0
17 3589906 0.4427
17 3599463 2.5217
17 3635852 0.0834
17 3646006 0.8388
17 3655404 2
17 3656383 0
17 3660669 0.6376
17 3661084 2
17 3665741 0.0162
17 3666619 2
17 3668945 1.9034
17 3676473 2.66268235881097
17 3688528 2
17 3704072 1.2154
17 3708877 2
17 3712006 2
17 3712438 2
17 3713252 2
17 3713861 2
17 3714442 2
17 3725068 2
17 3742202 2
17 3761866 2
17 3772086 2
17 3789966 0.428289464071996
17 3790921 0.16255740782178
17 3799971 2
17 3804740 2
17 3820043 0.3086
17 3832479 0.960056060214646
17 3842362 2
17 3847209 0.975
17 3852942 1.8275
17 3855086 2
17 3861193 2
17 3867982 0.1343
17 3868031 0.4919
17 3892846 8e-04
17 3896624 0.1539
17 3916706 2
17 3917770 1.20706196444751
17 3918625 1.81626003950208
17 3918673 0.0672
17 3922196 0.84805141764369
17 3928888 1.93816821863461
17 3933593 1.0784
17 3933993 0.9862
17 3936821 0.539290294478883
17 3936936 1.73578006049063
17 3938953 0.583772664986844
17 3942362 2
17 3943605 2
17 3955887 2
17 3957062 2
17 3958871 0.568216001362536
17 3973384 0.6416
17 3973417 0.3273276511042
17 3973547 0.0078
17 3973732 0.7135
17 3976166 0.832439992066398
17 3978051 2
17 3985379 1.4082
17 3996306 1.2412
17 3998869 0.761975205525566
17 4006831 0.9434
17 4008156 1.00039714379525
17 4023656 3.591
17 4031929 2
17 4032584 2
17 4037950 0.8562
17 4041295 5e-04
17 4046165 2
17 4048652 0.4683
17 4052308 2
17 4054988 2
17 4062380 2
17 4063297 0.9127
17 4067943 0.9127
17 4071136 2
17 4074737 2
17 4077854 2
17 4078643 0.9127
17 4084555 2
17 4106730 2
17 4111097 2
17 4116617 2
17 4126697 2
17 4127661 2
17 4128408 2
17 4129062 2
17 4130998 2
17 4131335 0
17 4140574 2
17 4141205 2
17 4150649 2
17 4153807 2
17 4157089 1.6224
17 4160162 2
17 4192446 2
17 4231303 0.2977
17 4237374 2
17 4253762 0.498766291859572
17 4321441 2
17 4375540 2
17 4402463 2
17 4406606 2
17 4413919 0.888160853389257
17 4420256 2
17 4439389 2
17 4442917 1.0447
17 4447695 0.360705038553195
17 4449620 0.829749555069094
17 4456112 2
17 4458572 1.53357722290292
17 4462150 0
17 4462188 0
17 4462548 5e-04
17 4462758 2
17 4475628 2
17 4475931 0.364457089992201
17 4483073 2
17 4496378 0.718705890163601
17 4502910 0.0269847068224874
17 4516338 1.47640957414434
17 4516341 8e-04
17 4516343 1.19991716007363
17 4529680 1.62565343300401
17 4534496 1.4713
17 4538590 2
17 4555019 0.495297929909807
17 4555303 0.6121
17 4563806 2
17 4564456 0.6585
17 4566721 1.0879
17 4571110 2.8948
17 4578939 2.1017
17 4579891 1.42012627608416
17 4583462 0.942389107318751
17 4587764 2
17 4591915 2
17 4609197 0.0678
17 4630082 2
17 4638265 2
17 4656098 1.05778217171728
17 4668810 1.20899648449349
17 4668978 4e-04
17 4668979 5e-04
17 4670699 2
17 4683271 0
17 4683433 1.5994
17 4683448 2
17 4699642 2
17 4701202 2
17 4709680 0.9336
17 4712991 2
17 4722929 1.2664
17 4723292 0.9939
17 4738774 2.1544754011166
17 4741196 0.0159
17 4746797 0.1702
17 4750419 2
17 4756301 0.0712
17 4757213 2
17 4760437 2
17 4771101 0.2423
17 4773125 2
17 4773419 2
17 4784426 2
17 4801645 1.3957
17 4813498 2
17 4816027 1.626
17 4817174 2
17 4818838 2
17 4821641 0.868439594010602
17 4832102 1.945
17 4852902 5e-04
17 4856491 2
17 4888400 0.574577518700819
17 4903869 1.02036685053377
17 4914307 1.5525
17 4926692 1.39608180332194
17 4928495 1.00243229334652
17 4930702 1.18250077480445
17 4935507 1.42930947005703
17 4948736 2.7095
17 4949719 2.2412
17 4982284 1.8922
17 4993569 1.9887
17 5018831 1.5481
17 5023303 1.31581195222065
17 5023312 1.14609787833929
17 5037918 1e-04
17 5045767 1.2374849558479
17 5055219 0.9796
17 5058243 0.0890516777214221
17 5060333 0.658816102429055
17 5061635 0.537283573018822
17 5067394 0.549171244006281
17 5069756 1.5003
17 5073365 0.121095102294875
17 5088610 0.32705141087992
17 5101799 0.1028
17 5124951 1.5525
17 5125683 1.17054987243465
17 5126068 0.832483100857374
17 5127909 1.58758843791825
17 5128873 1.5500587541581
17 5136383 1.5525
17 5137463 0.0687
17 5150036 1.2238
17 5163249 5e-04
17 5166380 0.450754715290058
17 5169038 1.60085167713942
17 5193835 1.12799294343893
17 5195965 2.01043927299621
17 5218456 0
17 5221613 1.5246
17 5243853 0.0807
17 5253560 0.214461466307753
17 5267731 2
17 5273595 2
17 5281746 2
17 5282070 0.119836529891168
17 5287983 1.2649
17 5290518 1.2649
17 5296102 2
17 5298716 2
17 5298901 0.330431027673465
17 5315278 0.5429
17 5317030 1.05833176598158
17 5328323 1.32738132181555
17 5332808 2
17 5339906 0.0515172247309088
17 5341599 2
17 5381927 0.225297215020685
17 5391130 0.18395273352279
17 5392182 0.423589420961011
17 5393689 1.18634503661534
17 5393829 0.838919008603486
17 5395321 0.2977
17 5395472 0.710196912197211
17 5396039 0.231186754470967
17 5397977 0.108827088873507
17 5404517 0.932245053584914
17 5408951 0.782539453827963
17 5411657 0.312939408987481
17 5411979 2.82241851667195
17 5413449 0.498310990875154
17 5414486 0.142708785471837
17 5417365 0.0997422209208647
17 5421942 1.62549770824714
17 5438554 1.381
17 5447565 1.1526
17 5451385 0.2639
17 5457755 2
17 5458925 1.3538
17 5469487 2
17 5475260 1.3538
17 5478711 2
17 5486767 1.1389
17 5491320 0.8827
17 5499614 2
17 5504446 2.5682
17 5510296 2
17 5519529 2.5419
17 5545337 2
17 5553716 2
17 5566227 1.0811
17 5569462 1.07628902641555
17 5579069 1.0756
17 5585070 2.4921
17 5608118 0.0235
17 5614009 2
17 5618429 1.07490699912691
17 5618729 2
17 5619562 0.133962585856904
17 5627780 0.0135
17 5636386 2
17 5638804 0.0135
17 5646301 2
17 5646560 2
17 5651384 2
17 5651999 2
17 5660872 1.3034
17 5661800 2
17 5668496 0.4351
17 5668925 0.6737
17 5669900 0.57021974515278
17 5677531 0.7011
17 5682769 1.3614
17 5697225 0.253028822833527
17 5720913 0.8948
17 5730024 0.0386
17 5730357 0.0386
17 5731014 2
17 5737645 2
17 5739414 0.0273
17 5744088 2
17 5766940 0.1211
17 5771609 0.1211
17 5772195 0.617745754104204
17 5772832 0.1045
17 5773202 0.1045
17 5777028 0.1045
17 5786600 0.0162
17 5796189 0.0217
17 5803413 1.41808115455815
17 5808978 0.0329
17 5811350 2
17 5812571 2
17 5816426 0.0386
17 5818129 1.03813242736879
17 5822374 0.2322
17 5825180 2
17 5826454 0.792
17 5834589 2
17 5835015 2.4029
17 5846102 2
17 5852299 2
17 5853018 0.0977
17 5854210 2
17 5859208 2
17 5863037 1e-04
17 5863049 1e-04
17 5863090 0.3483
17 5865434 2
17 5866043 2
17 5873405 2
17 5882625 0.0089982485046593
17 5883376 0.776338233842943
17 5883454 5e-04
17 5891419 0.2977
17 5896546 2
17 5909208 2
17 5909335 1.643
17 5915444 0.757484407331504
17 5918385 1e-04
17 5929473 1.154
17 5933462 0.7006
17 5933993 2
17 5940289 0.7418
17 5941274 2
17 5942432 1.5862
17 5985412 0.724
17 5997508 0.236474009099563
17 6004123 2
17 6008881 2
17 6014960 2
17 6025906 2
17 6037069 0.707053150976291
17 6038429 0.3287
17 6042828 0.46543979973403
17 6048167 0.5292
17 6066302 0.5345
17 6067310 0.9268
17 6067688 0.1728
17 6082180 0.5196
17 6113785 0.187682898464551
17 6122199 2
17 6148038 2
17 6154238 2
17 6158170 1.1962
17 6159661 2
17 6186220 1.7901
17 6190813 1.293
17 6194117 0
17 6194312 1e-04
17 6205333 2
17 6216678 2
17 6219830 2
17 6226877 2
17 6232483 2
17 6233638 2.1574
17 6234699 2
17 6237675 2.1546
17 6243291 0.878596965099563
17 6243350 0.1289
17 6244768 2
17 6246882 0.339117271561462
17 6251449 0.265192733367911
17 6254683 2
17 6266167 0.484745210385703
17 6269315 2
17 6272866 1.18570799827907
17 6273073 0.455409410914584
17 6290531 0.2542742026578
17 6292249 0.603478608497851
17 6301388 2
17 6305935 0.1463259019758
17 6308015 0.990202726907845
17 6314785 2
17 6316567 2
17 6331878 0.0263
17 6344148 2
17 6347139 2
17 6363424 2
17 6364350 2
17 6364573 2
17 6364947 2
17 6369264 0.2377
17 6369364 2
17 6387531 2
17 6388717 2
17 6390370 2
17 6392324 2
17 6393150 0.1761
17 6402501 5e-04
17 6407411 2
17 6411791 0.8927
17 6417199 2
17 6419618 1.2154
17 6420671 2.1558
17 6433619 0.139005545386585
17 6438341 2
17 6439623 2
17 6446424 2
17 6451887 5e-04
17 6453277 1.42881366166595
17 6459067 2
17 6473794 0.7637
17 6475391 2
17 6482060 2
17 6492354 2
17 6507421 0.814061355981589
17 6520443 2
17 6554987 0.0668159623800578
17 6560922 2
17 6561157 1e-04
17 6565961 2
17 6570502 0.2382
17 6570638 0.2235
17 6573342 2
17 6574875 2
17 6582122 2
17 6582362 2
17 6583821 1.0414
17 6592479 2
17 6595178 2
17 6619165 0.2849
17 6620435 2
17 6626715 2
17 6632817 1.6719
17 6635784 2
17 6640955 0.40901976618722
17 6646054 2
17 6650263 2
17 6654306 2
17 6660456 2
17 6670349 2
17 6672008 2
17 6676312 1.172
17 6677907 2
17 6679677 1.2937
17 6692812 2
17 6701616 2
17 6702795 5e-04
17 6718757 0.9217
17 6721825 1.1503
17 6723879 0.8027
17 6732885 0.7567
17 6733237 0.0463654803043705
17 6740820 2
17 6747947 2
17 6749571 2
17 6749677 2
17 6754437 2
17 6754478 2
17 6759825 0.00488868737162059
17 6775068 2
17 6781132 0.0082
17 6787264 1.0904
17 6787538 1.0904
17 6789522 2
17 6793105 5e-04
17 6799864 1.22623570248594
17 6803942 1.45467734988623
17 6808562 0.732012458365265
17 6811641 2
17 6825580 1.82827128661327
17 6833678 0.302206963260585
17 6835202 0.176178649230329
17 6841166 2
17 6841231 2
17 6925450 0.671942589925764
17 6955134 0.0543
17 6966257 1.06636805708692
17 6981429 0.0787190466902068
17 6986238 2
17 6986565 2
17 6994786 2
17 6997125 2
17 7012082 2
17 7031841 0.0942
17 7038792 2
17 7049445 2
17 7066874 1.3913
17 7077355 7e-04
17 7077709 0
17 7083098 1.7271
17 7104939 0.243926444684246
17 7110916 2
17 7116326 1.2853
17 7132932 2
17 7175489 2
17 7176436 2
17 7193388 2
17 7202080 1.27364377842518
17 7257205 1.57016308419748
17 7265075 0
17 7274553 0.176833615722515
17 7280203 2
17 7289377 0.2047
17 7299822 2
17 7301911 2
17 7319726 2
17 7319977 2
17 7327917 2
17 7342052 2
17 7348829 2
17 7355754 1.08082274638315
17 7362178 2
17 7365712 2
17 7379825 0.575054144586056
17 7402132 2.27995100134695
17 7402673 1.35402024207085
17 7406687 2
17 7418539 2
17 7446341 2
17 7451821 2
17 7523879 5e-04
17 7525031 0.22064929914317
17 7536422 0.971344578768522
17 7538942 0.496074614890558
17 7540108 0.2989
17 7547018 0
17 7552074 2
17 7554897 0.0613
17 7571221 0.0042353298317459
17 7571834 0
17 7573600 2
17 7588592 1.15844562596645
17 7612859 2
17 7617969 0.359121142048532
17 7622999 2
17 7623569 0.1323
17 7634474 2
17 7642260 1.2632687171478
17 7642403 0.695076627731863
17 7645194 0.413587778722771
17 7648081 0.395548713218588
17 7653402 0.0897
17 7667762 1.0035
17 7682216 1.4023
17 7683862 1.0399
17 7696533 2
17 7697870 2
17 7711825 0.0666
17 7722457 1.0824
17 7723172 2
17 7785094 0.607962125811683
17 7789270 0.4136
17 7791391 2
17 7795281 2
17 7797886 2
17 7815636 2
17 7877702 1.4953
17 7919148 2
17 7929827 2
17 7943097 2
17 7944740 2
17 7946509 2
17 7955456 2
17 7955583 2
17 7963286 2
17 7967018 2
17 7980231 2
17 7986991 2
17 7989728 2
17 8036450 2
17 8039116 2
17 8040751 1.4253
17 8049971 2
17 8060038 0.247
17 8063727 0.247
17 8067983 2
17 8082360 2
17 8082491 2
17 8083459 0.7554
17 8091407 2
17 8098518 0.545440982203245
17 8101921 1.1109
17 8107842 3e-04
17 8107873 1e-04
17 8112479 0.3801
17 8115188 0.418488392456924
17 8119739 2
17 8124000 2
17 8127999 0.344947483765442
17 8139028 0.232499900315012
17 8145324 0.562751133308948
17 8160765 0.92507309738556
17 8172875 2.8261
17 8173599 2
17 8178422 2
17 8179740 2
17 8202999 2
17 8236454 2
17 8240835 2
17 8242550 0.5991
17 8251668 0.889361654103556
17 8257284 0.0355
17 8304868 1.7268
17 8343111 0.783
17 8349450 0.0504837215245068
17 8352473 0.9086
17 8354668 2
17 8388152 2
17 8409244 0.3803
17 8411801 0.6837
17 8412077 2
17 8412331 2
17 8435132 0
17 8475375 2
17 8486246 0
17 8501259 2
17 8509249 2.8216
17 8523285 2
17 8524257 2
17 8526625 2
17 8537432 2
17 8538639 2
17 8557045 2
17 8569221 5e-04
17 8575970 2
17 8592936 2e-04
17 8627011 2
17 8644562 0.734
17 8654507 2.7862
17 8671350 2
17 8671496 1.09322372616914
17 8685358 0.0897
17 8689532 1.2723
17 8707236 0.8161
17 8708007 2
17 8708710 0.7629
17 8712022 2
17 8714437 2
17 8721115 0.9515
17 8724482 2
17 8726130 2
17 8726355 0.9711
17 8732312 0.0078
17 8740360 2
17 8749980 2
17 8749985 2
17 8755583 1.5642
17 8763792 0.6402
17 8768890 1.5438
17 8777529 0.3239
17 8778665 0.1884
17 8791880 0.1695
17 8793204 0.1462
17 8798105 0.712266126190551
17 8800373 0.0897214099117983
17 8800506 1.68325092073793
17 8832414 2
17 8859032 5e-04
17 8870523 0.1804
17 8889870 0.598870434612582
17 8930274 1.2478
17 8931270 2
17 8940405 2
17 8974174 0.584589793299146
17 8994382 0.3207
17 8997554 2
17 9001765 1.4893
17 9002185 4e-04
17 9008281 2
17 9008738 0.1962
17 9011376 0.4793
17 9026376 2
17 9026447 0.323558120715641
17 9028765 2
17 9037892 0.1961
17 9038813 0.964
17 9043518 2
17 9044741 0.0175
17 9067839 0.4327
17 9097828 2
17 9099533 2
17 9119179 2
17 9120185 2
17 9131408 0.8439
17 9131842 2
17 9172660 2
17 9180060 2
17 9181001 2
17 9181329 2
17 9189957 0.8922
17 9194844 0.0673
17 9195973 2
17 9224811 0.8841
17 9225710 2
17 9225996 0.354349305249058
17 9226540 0.923024012278134
17 9227416 0.937509587420901
17 9227616 2
17 9228903 1.0673
17 9228942 2
17 9230455 2
17 9235738 0
17 9242519 0.0792
17 9248245 0.6413
17 9251538 0.6205
17 9255301 1.0675
17 9280001 2
17 9288408 4e-04
17 9295694 2
17 9304525 1.2679982722738
17 9336589 0
17 9341784 2
17 9345692 5e-04
17 9349060 0.841298202312233
17 9365073 0.9138
17 9368922 0.433664008032006
17 9371480 0.5765
17 9378973 0.9455
17 9379947 0.883
17 9391671 0.883
17 9400413 0.0617
17 9422605 2.743
17 9423045 2
17 9426212 2
17 9429520 2
17 9429749 1e-04
17 9431239 2
17 9445933 1.1313
17 9466697 2
17 9468703 2
17 9473434 2
17 9483214 0.8106
17 9494007 1.54903285239086
17 9503991 2
17 9519369 2
17 9546904 0.903681724196506
17 9547262 0.227962984857614
17 9571488 0.272216741769371
17 9575781 0.00018791446251663
17 9576359 0.82585369997086
17 9583182 1.59801816453539
17 9591227 0.1323
17 9600621 0.648605549057091
17 9612799 2
17 9630379 1.257
17 9653595 0.511462165057646
17 9657715 0.559833937997418
17 9669018 1.1490286067831
17 9681223 1e-04
17 9683405 0.9045
17 9709438 2.70403510488174
17 9710642 2
17 9711011 2
17 9755704 1.752
17 9759951 1.4335
17 9768688 2.0527
17 9769817 1.4799
17 9772304 2
17 9789690 0.0102283263756423
17 9797099 2
17 9799398 0.2892
17 9800066 2
17 9803211 0.9789
17 9808775 0.2892
17 9810188 0.6238
17 9810397 0.596
17 9812083 0.1155
17 9813201 0.778344479242013
17 9814178 0.0081
17 9820486 2
17 9820499 1.0888
17 9821599 2
17 9831339 2
17 9833538 0.3691
17 9839396 0.5959
17 9842116 2
17 9843421 0.369937352528124
17 9882110 0.339
17 9892454 0.3763
17 9893668 0.3763
17 9898034 0.4381
17 9902435 0.4381
17 9902480 4e-04
17 9902566 0.00144802033667423
17 9903432 0.160986628151379
17 9912909 0.751690310620457
17 9914783 2.2611
17 9921179 0.571681523882995
17 9923168 0.0969907684876923
17 9937909 0.0788
17 9939860 1.6579
17 9965464 0.770599884454175
17 9967180 2.2653983099148
17 9968401 0.0159362153877772
17 9971888 0.176247808588882
17 9975346 2
17 9975479 2
17 9987452 0.419634774809231
17 10008091 1.4036
17 10030116 1.26535894259036
17 10032665 2
17 10033101 0.707941653995711
17 10039245 0.893
17 10046824 0.185547977187221
17 10048172 0.893
17 10060652 0.9338
17 10071757 0.0078
17 10089116 2
17 10100971 0.6559
17 10103110 0.195129205102142
17 10114968 2
17 10115425 2
17 10116033 2
17 10118325 2
17 10118991 1.1037
17 10124379 2
17 10126374 2
17 10127773 2
17 10130100 0.0232
17 10143286 1.00162588334339
17 10147354 0.423982774315468
17 10153078 1.07544153276618
17 10154343 1.42389172473995
17 10154516 1.2252
17 10162199 0.586986577055344
17 10163499 0.4286
17 10169158 1.52224805153748
17 10172180 2
17 10189809 0.457323045559613
17 10198590 2
17 10199952 2
17 10212449 2.47402153685417
17 10213350 0.5072
17 10213370 1.08886043693366
17 10213528 0.717478753512545
17 10221208 0.169192310434213
17 10244995 0.392261592851518
17 10245314 2
17 10252524 0.868730159678119
17 10262050 2
17 10267272 1.0824
17 10268563 0.5565
17 10276604 0.7537
17 10306857 2
17 10308411 2
17 10313193 2
17 10319490 2
17 10331517 0.5649
17 10336417 2
17 10337648 2
17 10347874 0.5418
17 10351695 0.0704
17 10361901 2
17 10364067 0.589
17 10366449 0.2094
17 10376626 1.6825715686165
17 10378027 0.79716506385787
17 10389733 0.722556265095412
17 10391659 1.87721592831795
17 10393169 1.50319274540581
17 10407512 0.20486195363225
17 10421321 0.780291040618709
17 10453964 0.174068430529927
17 10496580 1.35777024003746
17 10507374 1.63570678281248
17 10554422 1.22943451065307
17 10557250 0.804182409189074
17 10564341 0.0218401077694992
17 10571304 0.824482946523319
17 10588844 0.300528669590563
17 10592572 0.589
17 10601705 0.152570578143331
17 10621843 1.57487275649674
17 10639448 0.81704824440943
17 10639901 0.267389088938478
17 10645044 0.0081
17 10652037 0.81567074946614
17 10652779 0.0837609827241221
17 10656620 1.511143448293
17 10657821 2.2734
17 10662474 0.263214451037959
17 10669172 0.8776
17 10669497 0.8776
17 10670792 0.115391619940706
17 10672998 0.0667
17 10703551 0.0712
17 10712336 0.5169
17 10712595 0.5169
17 10713558 0.5295
17 10718783 0.5169
17 10720446 0.5169
17 10721034 0.5169
17 10724454 0.0866586792971446
17 10724890 0.5169
17 10732407 0.5044
17 10759130 2e-04
17 10763743 2.1853
17 10775105 0.0903
17 10783640 0.3901
17 10783741 0.4827
17 10814013 0.311415772758391
17 10814392 0.380344135158106
17 10821209 0.117493493134087
17 10844277 0.613374378298723
17 10845742 2
17 10846319 2
17 10855959 0.9398
17 10863065 0.9398
17 10872220 2
17 10874604 2
17 10893133 0.8802
17 10895851 1.0036
17 10908295 2
17 10913735 2
17 10914461 2
17 10918912 2
17 10924012 0.5319
17 10935960 2
17 10951679 2.404
17 10965351 5e-04
17 10974586 0.0503
17 10978681 0.1308
17 10982901 2
17 10996032 2
17 10996754 2
17 10996947 1.0609
17 10999038 2
17 11002064 2
17 11013335 2
17 11018490 0.0273
17 11019858 0.0994
17 11020974 0.2279
17 11042995 2
17 11055308 2
17 11056762 2
17 11063745 2
17 11132810 0.8454
17 11155723 1.1578
17 11168430 1.1578
17 11172851 1.2366
17 11228429 2
17 11242853 0.775477088265966
17 11257373 0.672946759296302
17 11269772 1.41315401007713
17 11276623 2.5668697344707
17 11277086 1.2252
17 11277406 1.3543
17 11283686 0.1347
17 11284731 0.5146
17 11285055 0.5146
17 11285928 2
17 11306634 0.633235099430804
17 11308412 0.0460941407137919
17 11311868 2
17 11313188 0.1411
17 11313544 1.24824095133303
17 11313623 2
17 11319417 0.135
17 11335718 0.7152
17 11354228 2
17 11382203 0.8181
17 11397795 2.5419
17 11402717 2
17 11406153 2
17 11415869 0.0348
17 11426509 1.7887
17 11447394 2
17 11449526 2
17 11451116 2
17 11465675 2
17 11467659 1.5296
17 11473628 2
17 11475565 2
17 11483224 0.167
17 11497066 1.693
17 11508791 1.5977
17 11511119 1.5977
17 11525640 1.6184
17 11538582 0.581256818420658
17 11541218 0.136861613424549
17 11553002 1.534
17 11555695 2
17 11574984 1.565
17 11594791 2
17 11603470 2
17 11626382 2
17 11639799 0.682397251978974
17 11643607 2
17 11646180 2
17 11646255 0.803679619055491
17 11661576 1.41809335765103
17 11662728 1.88207100169484
17 11665717 0.75010994688612
17 11686819 2
17 11694864 0
17 11698831 2
17 11701281 0.0053
17 11702056 2.00764345388533
17 11707558 2
17 11708010 0
17 11712004 0
17 11722474 0.471751281969407
17 11724431 0.224895428798053
17 11724790 0.191828870920785
17 11726819 2.0981
17 11733674 0
17 11744261 0.45257969145231
17 11749956 0.475922424220683
17 11756282 2
17 11769878 2
17 11770203 2
17 11777468 2
17 11786085 0.916952180738487
17 11798822 2
17 11810786 0.543423757550457
17 11812079 2.1083
17 11828552 0.1694
17 11829331 0.9666
17 11830609 0.3048
17 11838848 2
17 11852824 1.67766118317858
17 11863382 2
17 11866339 5e-04
17 11872043 2
17 11879659 4e-04
17 11911315 1.0898
17 11926037 5e-04
17 11927326 1.9316
17 11929149 2
17 11938319 2
17 11945308 2
17 11951322 2
17 11954529 2
17 11961279 0.1593
17 11965609 0.1593
17 11970150 0.1593
17 11970385 3.1154
17 12002270 0.792786189412231
17 12014746 1.62451930627879
17 12035469 2
17 12045644 0
17 12053675 2
17 12060243 2
17 12069976 0.513135282465637
17 12075401 2
17 12088459 2
17 12088618 2
17 12089110 2
17 12091553 2
17 12106914 2
17 12144797 2
17 12161486 0.00534355690910998
17 12171078 1.09170389052615
17 12171516 2.00713622252204
17 12173712 0.852071726184459
17 12173753 0.597794442454182
17 12184548 0.0742
17 12191135 0.0742
17 12195233 0.0681
17 12196842 0.0681
17 12196993 0.0681
17 12197528 0.0681
17 12209077 1.2154
17 12218608 0.109972686366117
17 12219345 2.0539750257648
17 12222611 0.3005
17 12222844 2
17 12224359 0.0112316792632003
17 12238906 2.32342028645489
17 12238907 1.39357627253642
17 12246329 0.87554236087063
17 12256673 2
17 12263131 3.1145
17 12269555 2
17 12270642 2
17 12276230 2
17 12288922 2
17 12307377 5e-04
17 12312709 0.65130279391224
17 12336112 0.430270346477959
17 12350743 0.699990964768991
17 12351295 0.8849
17 12351317 5e-04
17 12351324 0.0137
17 12351493 0.864141849748648
17 12355610 0
17 12378396 0.064978307542404
17 12381572 2
17 12406489 1.8595
17 12409832 0.0596500366082057
17 12412175 0.0329
17 12413225 0.0078
17 12416272 1.20016292757875
17 12422778 0.183709743504929
17 12433372 0.0329
17 12434315 0.0329
17 12434891 2
17 12438519 1.37696018693427
17 12442317 2.3296
17 12442404 3e-04
17 12444066 2
17 12444288 2
17 12444728 2
17 12447187 2
17 12456366 2
17 12480658 2
17 12492902 2
17 12501116 2
17 12525084 0.2346
17 12532256 1.1363
17 12540181 1.4439
17 12540832 1.4358
17 12552596 1.3749
17 12590243 1.0789
17 12597341 0.3068
17 12616014 2
17 12635393 0.510860474713075
17 12648115 2
17 12655536 1.3743
17 12659048 1.3792
17 12663183 2.18549659715183
17 12690327 5e-04
17 12707248 1.3908
17 12707606 1.0253
17 12708962 0.7042
17 12717444 0.629720078430154
17 12747607 2.3982
17 12753680 1.0414
17 12756182 0.6085
17 12793711 0.9125
17 12823395 2
17 12828640 2.4951
17 12852409 2.978
17 12871291 0.0386
17 12877606 0.682526887997502
17 12893845 1.6531
17 12898942 0.544039996593825
17 12908061 2
17 12911247 2
17 12918772 2
17 12922750 2
17 12923612 1.6531
17 12948907 2
17 12956771 2
17 12958712 1.247
17 12968626 1.0769
17 12983664 2
17 12992667 2
17 13000671 2
17 13001417 2.0836
17 13001517 2
17 13010176 2
17 13011200 2
17 13014792 2
17 13022224 2
17 13022567 0.0712
17 13024985 0.0273
17 13032308 0.093
17 13033096 0.093
17 13060889 2
17 13061036 2
17 13064498 2
17 13064508 2
17 13069382 2
17 13075780 0.198
17 13078367 1.47007373820334
17 13081723 2
17 13082354 2
17 13082414 0.1871
17 13087880 1.3128
17 13090538 1.26078162490985
17 13093707 2
17 13122083 0.0263
17 13129346 2
17 13133742 0.0855
17 13134164 0.9302
17 13161851 2
17 13162982 2
17 13170134 0.6307
17 13175022 0.990390185928729
17 13180326 1.0496
17 13181761 1.0496
17 13185900 1.0496
17 13188197 0.8815
17 13197017 0.8815
17 13204839 0.918
17 13209369 2
17 13211727 2
17 13214607 2
17 13214980 2
17 13231650 2
17 13244949 2
17 13247875 1.1654
17 13250516 2
17 13252736 1.0495
17 13266026 0.956106380715342
17 13269466 0.0273
17 13299591 0.7446
17 13301801 2
17 13303767 2
17 13304513 2
17 13309656 2.0885
17 13311196 2
17 13315252 2
17 13318137 2
17 13319189 2
17 13320525 2
17 13321513 2
17 13324680 2
17 13329777 2
17 13330180 2
17 13341779 2
17 13355078 2
17 13357384 0.2059
17 13361780 1.8575
17 13368125 0.8557
17 13368786 1e-04
17 13369081 0.8557
17 13381434 1.526
17 13381442 1.5076
17 13399766 2
17 13404359 2
17 13418563 2
17 13425012 0.462917586440145
17 13431719 2.57143464769174
17 13443302 2
17 13447451 2
17 13454715 0.233363067362121
17 13461232 0.428762456099464
17 13463825 0.398983440150437
17 13467371 6e-04
17 13467661 1.62518016125685
17 13476727 0.511802818685153
17 13479149 1.5407
17 13484473 0.508161063542814
17 13485928 0.336340685246234
17 13494639 0.480239357969843
17 13498945 2
17 13530775 0.331870788122763
17 13531198 0.0253597351991638
17 13532895 0.131041249937247
17 13534678 2.28885916518817
17 13537613 0.83246143724544
17 13543417 0.63749221509258
17 13548757 3.1145
17 13549291 0.600127733400731
17 13554217 0.996384392442163
17 13556848 0.343308930628958
17 13561163 0.936438133628785
17 13565389 0.5098
17 13574757 0.7903
17 13574770 2
17 13578578 0.834225944066808
17 13580748 2
17 13583619 2
17 13586413 2
17 13587409 2
17 13593359 0.7086
17 13593508 0.7086
17 13604612 0.241046444837948
17 13611045 0.274221775594624
17 13613550 0.788211095298011
17 13613611 0.247103185565851
17 13615240 0.418828040436549
17 13628415 8e-04
17 13629254 2
17 13635444 0.616
17 13637201 0.934193956232675
17 13651487 1.3893
17 13659080 2
17 13662441 2
17 13668192 1.7154
17 13670511 1.6545
17 13673379 1.90414460747603
17 13682800 2
17 13690818 0.1028
17 13695919 2
17 13696980 2
17 13711172 0.862418481649938
17 13715886 0
17 13716592 0.1929
17 13723760 0.0274
17 13724725 1.4925
17 13729436 2.299
17 13737979 0.711107944791504
17 13748364 2
17 13762949 1.5149
17 13763783 1.4278878226247
17 13773607 0.0866
17 13775554 0.777835307777003
17 13779608 0.724353169549159
17 13787735 2
17 13793062 2
17 13794938 2
17 13795871 0.2474
17 13796689 2
17 13825285 2
17 13833820 1.51764152441551
17 13859620 0.200713396084522
17 13901622 2
17 13927776 1.34313896994336
17 13929060 0.0689
17 13943406 0.2424
17 13948278 2
17 13953540 1.81384367080432
17 13956184 0.733202037536117
17 13971411 2
17 13976586 2
17 13980314 0.992868725369798
17 14003993 2
17 14008549 2
17 14024420 1.1663
17 14033662 1.7134
17 14044684 1.4315
17 14053803 2.978
17 14060491 0.736392224113718
17 14065993 0.159971621246734
17 14066636 2
17 14074362 2
17 14096169 0.7877
17 14100613 0.7508
17 14100832 0.376298234221151
17 14105550 1.684
17 14131873 0.7601
17 14135821 2.5419
17 14146203 2
17 14157504 2
17 14174005 0.155204782516847
17 14174155 0.294824198703053
17 14202094 5e-04
17 14207510 2
17 14207651 2.4521
17 14210963 2
17 14237836 0.1752
17 14243317 0.0837
17 14243476 1.97698372051481
17 14247194 2
17 14249155 2
17 14255017 2
17 14258413 2.0665
17 14260004 0.0127578533061922
17 14266137 1.06818619267992
17 14274448 1.58356486591285
17 14284343 2
17 14292540 0.32978821469635
17 14294434 0.150971788922407
17 14299801 2
17 14301063 0.111665386022662
17 14312129 1.927
17 14314234 2
17 14314956 0.9823
17 14321951 0.2211
17 14331147 1.893
17 14353860 2
17 14355158 0.230966237677837
17 14359107 2
17 14359292 0.1418
17 14360101 0.8712
17 14368311 1.5161
17 14376496 0.552358818615919
17 14380130 2
17 14385283 1.73401108867056
17 14385409 2
17 14387648 2.32925020948951
17 14400942 1.5201
17 14412336 1.11683420848439
17 14420056 2
17 14443114 0.68502701460606
17 14454227 2.0541
17 14455475 0.0169577630083863
17 14467517 2.978
17 14469978 2.8716
17 14474188 1.75193965556675
17 14483363 1.18160738236113
17 14490298 2
17 14495511 0.196330616534362
17 14504071 2
17 14505613 0.650275812072169
17 14515776 2.75525962235865
17 14517332 0.217823026124876
17 14520928 0.322409240374353
17 14521900 0.506803729034723
17 14526430 0.693998850817687
17 14526909 0.585987894365672
17 14534040 0.446690317080232
17 14541074 0
17 14556742 2
17 14562008 2
17 14565122 2
17 14569093 2
17 14572284 0.2057
17 14573868 0.2057
17 14574522 1e-04
17 14578915 0.694707789414377
17 14580557 2
17 14581265 0.2319
17 14587080 2
17 14608571 1.2325
17 14612612 2
17 14626258 2
17 14639653 1.1355
17 14641529 1.1355
17 14641938 1.1355
17 14642530 1.1355
17 14644774 1.1355
17 14644862 1.1355
17 14646509 1.14144088851575
17 14656319 0.5024
17 14658858 0.5024
17 14659583 0.72
17 14659619 0.72
17 14660696 0.7923
17 14663407 0.72
17 14664858 0.5024
17 14665484 0.5024
17 14685348 0.8508
17 14697627 2
17 14702434 1.62650444148262
17 14720915 2
17 14727507 2
17 14734238 2
17 14751309 0.2398
17 14752438 2
17 14756136 1.53681056239841
17 14771776 2
17 14776154 2
17 14788380 0.514187564904971
17 14792263 1.4158711714403
17 14792618 0.403822882068575
17 14805744 2
17 14810006 0.9371
17 14812937 0.2948
17 14813854 0.810100145244106
17 14814313 0.3143
17 14816674 2
17 14825842 5e-04
17 14834775 0.9067
17 14840314 1.1133
17 14841468 2
17 14852006 1.0186
17 14852154 0.874483561808955
17 14852175 1.36894634223744
17 14861068 2.1654
17 14876469 1.3715
17 14877453 0.0557712168128963
17 14893359 0.166462262163507
17 14896510 1.17060298068663
17 14912907 2
17 14915081 2
17 14940699 0.275034790925785
17 14952702 0.647782549706763
17 14962149 1.0897
17 14962489 1.29069799331104
17 14963079 0.7994
17 14964679 1.1214
17 14970594 0.90323418841212
17 14978927 1.00122386786406
17 14980334 8e-04
17 14984869 1.4706
17 14986278 1.3294
17 14989427 0.470780530164115
17 14990422 0.700823780552683
17 14991967 1.11136002568869
17 14992671 2
17 14995536 2.37187062359426
17 15000334 1.3421
17 15001833 1.3616
17 15007182 0.8906
17 15012630 1.3048
17 15012692 1.3235749650253
17 15022295 2
17 15030928 0.1012
17 15056275 0.8672
17 15072245 0.922122967448938
17 15093778 2
17 15095869 2
17 15108623 2
17 15109189 2
17 15125220 2
17 15129096 2
17 15132627 2
17 15136855 2
17 15144185 1.1494
17 15150361 2
17 15150774 2
17 15157485 2
17 15182660 1.1746
17 15188203 1.14999244117633
17 15191910 0.1681
17 15203873 2
17 15208794 2
17 15234016 2
17 15249388 2
17 15259072 1.08025190864379
17 15281744 1.22469173718592
17 15301673 0.8051128381324
17 15306759 2
17 15307918 1.23329790664045
17 15327430 2
17 15344967 2
17 15345103 2
17 15348796 2
17 15349904 2
17 15376497 2
17 15376576 2
17 15379554 0.733101166314363
17 15384370 2.1191
17 15386877 0.595571021809319
17 15389066 2
17 15396910 2
17 15397677 1.3063
17 15398416 1.5058
17 15399823 2
17 15424011 1.9821
17 15431165 1.8039
17 15480455 2
17 15488160 2
17 15491058 2
17 15493664 2
17 15499813 2
17 15502883 2
17 15504740 5e-04
17 15519763 1.1307
17 15520991 1.1307
17 15522828 2
17 15538016 2
17 15538172 2
17 15538880 2
17 15543011 2
17 15549340 2
17 15557838 2.1238
17 15560120 2
17 15567865 2
17 15575601 2.8863
17 15580478 2
17 15583674 2
17 15593029 2
17 15593058 2
17 15595974 2
17 15597775 2
17 15598089 2
17 15603795 2
17 15608307 2
17 15609856 2
17 15646254 2
17 15648557 2
17 15669243 0.1689
17 15677060 0.6367
17 15680663 0.6034
17 15690793 0.1689
17 15692417 0.076
17 15694248 0.4933
17 15697137 0.4933
17 15701130 3.4249
17 15712370 2
17 15717685 2
17 15722662 0.11855498223329
17 15723020 2.1925
17 15727494 0.983489626642277
17 15732087 2
17 15743536 2
17 15750192 2
17 15753525 2.3014
17 15757010 0.2791
17 15758219 2
17 15770470 0.660700244651681
17 15773889 5e-04
17 15786201 2
17 15786625 2
17 15872425 2
17 15883738 2
17 15885250 2
17 15895281 2
17 15911736 2
17 15913129 2
17 15923739 1.9046
17 15924718 2
17 15925915 2
17 15953426 2
17 15975989 0.1116
17 15979798 0.0897
17 15982654 0.1247
17 15984994 0.1247
17 15985303 1.26392283214441
17 16003077 0.1247
17 16016865 2
17 16022025 2
17 16022719 2
17 16023467 2
17 16029065 2
17 16039830 0.1247
17 16040596 0.1247
17 16045649 2
17 16051498 2
17 16052826 2
17 16058837 0.1379
17 16091240 2
17 16106528 2
17 16113758 0.1247
17 16124190 2
17 16127538 2
17 16133547 2
17 16135146 2
17 16146046 2
17 16147174 2.3299
17 16149067 2
17 16158121 1.009
17 16184821 0.1247
17 16188480 2
17 16197028 0.302217691217431
17 16199924 2
17 16228654 0.1916
17 16229730 0.1916
17 16254609 2
17 16258597 2
17 16265470 2
17 16269666 0.144189039359838
17 16282786 2
17 16284278 2
17 16305405 2
17 16309686 0.1916
17 16312481 2
17 16315749 2
17 16328619 1e-04
17 16334554 2
17 16341539 2
17 16374681 2.5891
17 16420294 1.08434062901501
17 16420772 2
17 16430913 2
17 16437060 2.5573
17 16437091 2
17 16442141 2.2602
17 16442792 5e-04
17 16442867 0.00898120025936719
17 16456203 2.37650177397394
17 16504164 2
17 16514401 0.5615
17 16516111 1.2154
17 16517761 1.2154
17 16522952 0.929273381849935
17 16531349 1e-04
17 16539939 2.5928
17 16604784 2
17 16613435 2
17 16620083 2
17 16627947 2
17 16642611 2.2699
17 16667277 2
17 16667287 2
17 16673845 2
17 16680733 0.474793377745393
17 16813557 0.0895
17 16816781 2.1602
17 16820228 0.0895
17 16835367 0.446904578238522
17 16858279 0.5542
17 16858684 1.36110307898753
17 16869792 0.4723
17 16870088 0.2176
17 16876098 2
17 16883505 1.2568
17 16887125 2.008
17 16891561 0.0078
17 16892439 0.444981558324959
17 16897566 0.375144595255807
17 16898812 2
17 16903421 1.2815
17 16904768 2
17 16911952 1.1339
17 16914279 0.6703
17 16917890 2
17 16919909 1.81485539854511
17 16925336 0.6084
17 16935614 2.0437
17 16936989 0.078502161676876
17 16939374 0.268636445407359
17 16941549 0.6521
17 16942048 0.6521
17 16946599 0.216298363075666
17 16949844 1.8127
17 16965362 2
17 16966836 0.153049831819186
17 16968157 0.0727
17 16973302 0.247965118057872
17 16973629 1.0622
17 16975756 1.27692690284322
17 16986146 0.1048
17 16999265 1.7793
17 17004933 2
17 17013506 2
17 17021550 2
17 17032880 2
17 17033215 2
17 17069281 2
17 17077477 2
17 17081105 2
17 17084391 2
17 17093094 2
17 17097977 2
17 17107909 1.95983924835511
17 17113953 2
17 17136247 1.11233928495515
17 17139700 2
17 17140841 2
17 17147259 2
17 17149725 0.20043334773376
17 17172353 2
17 17172642 2
17 17180046 2.1457
17 17194899 0.495462604637774
17 17203870 2.09929714823737
17 17205472 2
17 17217299 2
17 17223422 1.03751510733
17 17226923 0.410563614347917
17 17269078 0.0533411970274522
17 17288843 2
17 17291851 2
17 17296927 2.76489032089922
17 17299289 2.34601107245925
17 17299432 2
17 17307717 2
17 17310759 5e-04
17 17312644 0.77064202907956
17 17342996 2
17 17344210 2
17 17349346 2
17 17357270 1.69731226402964
17 17423290 0.147147280139341
17 17424179 0.487766743732199
17 17450590 0.875804872760991
17 17463551 1.8781
17 17463901 2
17 17464835 0.527199316795838
17 17472459 0.726858841589745
17 17487275 0.68951927288224
17 17506087 0.371368434579954
17 17513855 0.0725
17 17530463 0.0417
17 17590701 0.2206
17 17606373 0.2348
17 17608287 0.2348
17 17608712 2.0145
17 17624327 0.5272
17 17678257 0.0848
17 17708427 0.346137230469068
17 17738689 1.07548751604423
17 17746109 1.27423085634441
17 17746517 2
17 17747664 1.39112687540829
17 17793784 0.593386457283602
17 17824729 2
17 17850532 2
17 17867041 2
17 17879090 2
17 17926260 2
17 17940064 2
17 17952381 1e-04
17 17952388 2
17 17958046 2
17 17963583 2
17 17971172 2
17 17974457 2
17 17978773 2
17 17981233 2
17 18009743 2
17 18021554 2
17 18043919 2
17 18064083 2
17 18068374 2
17 18069659 2
17 18077357 2
17 18084985 2
17 18100357 0.1638
17 18108436 2
17 18115042 0.1638
17 18118725 2
17 18143584 0.3238
17 18148661 0.334
17 18151554 0.334
17 18156140 2
17 18160127 2
17 18180640 2
17 18181972 2
17 18193077 1.51551323641445
17 18201775 8e-04
17 18207555 2
17 18211818 5e-04
17 18212394 2
17 18224600 2
17 18227922 2
17 18237259 0.951
17 18247500 2
17 18248110 2
17 18274631 2
17 18285570 2
17 18288881 0.3121
17 18295748 0.3294
17 18305655 0.3121
17 18318497 2
17 18319027 0.3121
17 18322254 0.3294
17 18323787 2
17 18326138 2
17 18328684 0.3121
17 18342289 2
17 18343632 3.5883
17 18359730 0.4813
17 18360257 0.0436789517494173
17 18380313 2
17 18387531 2
17 18387964 0.1475
17 18418974 5e-04
17 18448071 2
17 18455186 2
17 18585147 2
17 18598508 2.2877
17 18628143 0.1028
17 18638539 4.0263
17 18675191 0.9907
17 18684917 1.85040644194295
17 18696073 2
17 18701256 1.5449
17 18715331 0.239
17 18716999 2
17 18762049 1.4046
17 18774461 0.1999
17 18776091 0.1999
17 18779680 2
17 18785351 2
17 18791235 3.1164
17 18802018 1.2142
17 18805889 0.7593
17 18844050 0.1258
17 18851614 0.2615
17 18862466 0.4315
17 18868746 0.3949
17 18872252 2
17 18875853 1.32039104860543
17 18879552 0.4185
17 18886411 0.4185
17 18887161 2
17 18895533 0.4185
17 18900668 0.9815
17 18911663 2
17 18913794 2
17 18917589 1e-04
17 18918745 2
17 18925950 1.0672
17 18931283 2
17 18931858 0.4185
17 18934767 2
17 18941762 2
17 18971372 2
17 18976448 2
17 18981702 0
17 19238269 2
17 19254413 2
17 19265007 2.683
17 19272004 2
17 19273750 2.683
17 19280001 2.683
17 19289118 0.73755756695604
17 19306856 0.429996101678386
17 19319911 2
17 19326635 2.62135676747044
17 19352476 0.348888750068776
17 19356194 0.358760173570633
17 19363453 2
17 19371130 1.47280800654995
17 19372886 2
17 19463848 2
17 19468284 2
17 19468987 2
17 19472543 2
17 19474246 2
17 19475511 2
17 19483196 2
17 19493679 1.18618290397908
17 19503078 2
17 19506849 2
17 19525406 0.46894121907013
17 19526066 0.044294114107276
17 19540132 0.0974120104841234
17 19549314 2
17 19549399 2
17 19550780 0.1028
17 19559707 0.908476951087629
17 19573527 0.811551516154724
17 19601199 2
17 19601608 2
17 19611481 2
17 19627056 2
17 19642521 2
17 19643230 0.628040208982561
17 19665446 0.0078
17 19677696 2
17 19685042 2
17 19728602 2
17 19738008 1.97913303282484
17 19757806 2
17 19762688 2
17 19776851 2.3739
17 19839482 2.4916
17 19857893 2
17 19860261 5e-04
17 19877399 0.0078
17 19889652 2
17 19899161 0.359631285162925
17 19905030 1.58556592957631
17 19907407 0.938625622624796
17 19943249 0
17 19946166 1.2154
17 19955729 2
17 19998396 2
17 20017205 1.80998612371207
17 20019205 0.819733841629839
17 20034605 0.528953181523607
17 20057571 0.872
17 20064622 0.843731986223068
17 20069886 0.872
17 20074979 2.74594039498043
17 20077352 1.25994481170035
17 20079160 0.850151403711652
17 20083548 1.09671048717973
17 20087677 0.510422403576566
17 20094112 0.558729272781764
17 20099178 0.242047803382328
17 20105017 2.788
17 20129725 0.0373262636105931
17 20132940 1.03713944253443
17 20137623 2.052
17 20174984 1.04315582679306
17 20177944 2.17195149515966
17 20199939 0.985503651934948
17 20210904 1.09104569094402
17 20239980 0.1028
17 20250882 0.00575355116579359
17 20250886 1.02602941388303
17 20256373 0.435576330705516
17 20261741 3.22598992704456
17 20344432 0.50243187461124
17 20346055 0.224876655741459
17 20371476 1.62393706943539
17 20385141 0.164274149068892
17 20398686 0.319515985571492
17 20433536 0.872
17 20435433 0.872
17 20449159 0.110184173815846
17 20527291 0.748
17 20527328 1.57606517704602
17 20527584 0.849796789444972
17 20534055 2
17 20539889 2
17 20556015 2
17 20624795 2.4799
17 20628986 0.5238
17 20631081 5e-04
17 20638759 1.5601
17 20642182 2
17 20645624 0.5019
17 20655632 1.5415
17 20677710 1.5058
17 20702893 2
17 20715020 5e-04
17 20734075 5e-04
17 20744032 5e-04
17 20749775 2
17 20755211 2
17 20756403 2
17 20757222 2
17 20784975 0.0897
17 20794226 2
17 20803610 2
17 20807549 5e-04
17 20829770 1.33138833274379
17 20842861 0.666223024667153
17 20845413 0.859305678803378
17 20861466 0.3274
17 20870345 1.9141
17 20899821 2.03477749680876
17 20899887 0.110209489287343
17 20914261 0.0425167062131624
17 20947596 2
17 20955119 0.280081301540251
17 20962252 2
17 20962920 2
17 20976408 2
17 20976584 2
17 20983979 0.561456236585861
17 20984723 0.0073
17 20986362 2
17 20991445 2
17 20991453 2
17 21000918 0.1261
17 21008198 0.1474
17 21009468 0.1261
17 21019607 0.1261
17 21020957 0.1261
17 21024287 0.1261
17 21036111 0.1261
17 21037336 0.1261
17 21040371 0.898404592207522
17 21040374 0.457912086488362
17 21042574 1.4885956482026
17 21046563 0.2563
17 21060085 1.722
17 21062742 2
17 21073742 2
17 21094644 2
17 21103985 0.0926
17 21111393 2
17 21115995 2
17 21130385 0.0801
17 21132332 2
17 21163183 0.0801
17 21170840 2
17 21171057 2.3299
17 21178007 2
17 21201314 0.0739
17 21203500 2
17 21204267 2.3652
17 21208102 2.3652
17 21219009 0.167657317533496
17 21235788 1.8474
17 21250839 1.10109071969149
17 21257525 0.216053462732977
17 21300255 2
17 21317095 0.118367338530454
17 21361139 2
17 21365271 0.1159
17 21376174 0.27821894281336
17 21380451 1.5197
17 21385913 1.11203671614557
17 21386428 0.135560387607385
17 21393104 0.192237834559474
17 21454229 2
17 21465052 0.5707
17 21486063 0.358
17 21494965 0.702384272796909
17 21513055 0.057
17 21518434 0.057
17 21528282 2
17 21545419 0.42646182496277
17 21586923 0.214968643285089
17 21604304 0.975322218242896
17 21610606 0.1028
17 21611821 1.7256
17 21629827 2
17 21642167 2
17 21682379 2
17 21686645 2
17 21721151 2
17 21730616 2
17 21732148 2
17 21742238 2
17 21742585 0.340200049593426
17 21743384 0.458824766188285
17 21747978 0.5474274733061
17 21761541 2
17 21773113 5e-04
17 21773207 2
17 21774057 2
17 21793209 0.960879175677516
17 21818466 0.164827056199571
17 21823205 2
17 21828629 2
17 21843866 5e-04
17 21843874 5e-04
17 21867315 0.31604851354745
17 21872460 0.425946000262002
17 21880350 2
17 21882288 2.27730710385114
17 21892776 2
17 21894729 1e-04
17 21894731 1e-04
17 21896246 2
17 21911404 2
17 21912950 1e-04
17 21918999 5e-04
17 21920984 2
17 21921090 5e-04
17 21921111 6e-04
17 21932708 2
17 21935708 2
17 21939442 2
17 21941223 2
17 21942752 5e-04
17 21943644 2
17 21957367 2
17 21969979 7e-04
17 21977367 1.41137206185309
17 21978528 1e-04
17 21979063 0.59475146800334
17 21980136 2
17 21981126 0.0897
17 21983355 2
17 21987054 1.89193400830865
17 21987064 0.2987
17 21989261 1e-04
17 21990342 0.799846555148474
17 21991062 2
17 22070998 0.284603189682367
17 22075962 1.15802488642179
17 22083097 0.147321928190703
17 22089827 5e-04
17 22092294 5e-04
17 22156425 0.215688474953021
17 22159206 0.768350716823943
17 22170487 5e-04
17 22178021 2
17 22178841 2
17 22180074 2
17 22191759 0.883255622806353
17 22197680 2
17 22228960 0.512934329278518
17 22254152 2
17 22263507 0.341524595009554
17 22271134 2
17 22272724 2
17 22282496 2
17 22282788 2
17 22285282 2
17 22307248 0
17 22308666 2
17 22318086 2
17 22367028 2
17 22412465 2
17 22424799 2
17 22443745 0.4705
17 22469352 2
17 22482862 0.4583
17 22485032 2
17 22485708 2
17 22506613 0.0075
17 22549113 2
17 22560640 2
17 22568603 2
17 22591216 1.3614
17 22597445 2
17 22609456 2
17 22625167 2
17 22649320 2
17 22669525 2
17 22669580 2
17 22671100 2
17 22672014 0.1032
17 22678783 0.1152
17 22730013 2
17 22733054 2
17 22737350 1.334
17 22741131 2
17 22831506 6e-04
17 22853838 5e-04
17 22978048 5e-04
17 23009185 0
17 23014389 0
17 23014437 0
17 23046247 0
17 23060447 5e-04
17 23068698 1.78121578898741
17 23099175 5e-04
17 23146188 2e-04
17 25141165 1e-04
17 25685359 1e-04
17 26051838 0.0064
17 26051993 5e-04
17 26191542 0
17 26574572 0.511614448144133
17 26585550 0
17 26614650 6e-04
17 26628659 1.44061182323337
17 26631228 0.859353347178684
17 26636747 0.1028
17 26638477 0.0257
17 26654287 2
17 26665138 1.13707640667373
17 26665599 0.105016603049256
17 26666989 2
17 26687780 2
17 26691911 2
17 26692604 2
17 26699264 1.02267456445021
17 26701096 2
17 26703865 1e-04
17 26705134 2
17 26709950 2
17 26717184 2
17 26739070 2
17 26765969 0.0078
17 26774797 2
17 26790882 2
17 26795498 1.04607067660996
17 26801424 2
17 26806427 5e-04
17 26806458 0.846821767590577
17 26809833 5e-04
17 26811586 2
17 26837760 2
17 26845093 0
17 26857584 3.8953
17 26865644 2
17 26869499 2
17 26874006 2
17 26885639 5e-04
17 26971041 2.9952
17 27010937 2
17 27025731 2
17 27034419 0.0255
17 27040203 2
17 27041483 2
17 27042500 3.0702
17 27070943 2
17 27073406 2
17 27074761 2
17 27075936 2
17 27078969 2
17 27080756 2
17 27081315 0.814991127110457
17 27100495 1.3614
17 27100774 1.3304
17 27101169 2
17 27104392 2
17 27114772 2
17 27115672 2
17 27117018 1.3304
17 27128487 1.2721
17 27130316 2
17 27136746 2
17 27147989 1.3304
17 27150022 2
17 27164515 2
17 27168769 1.3614
17 27176170 2
17 27180715 2
17 27181776 1.3304
17 27185263 2
17 27186345 2
17 27190130 2
17 27216177 2
17 27227599 2
17 27241134 2
17 27241897 2
17 27242347 2
17 27256626 0.407490513069825
17 27268774 1.65095428749384
17 27272625 2
17 27291198 0.2531
17 27302498 1.1887
17 27310436 0.2791
17 27333350 1.1662
17 27344563 2
17 27351575 2
17 27351751 2
17 27355530 0.0078
17 27358026 1.24241022799464
17 27363589 2
17 27370331 2
17 27371029 2
17 27371340 2
17 27372759 2
17 27387910 2
17 27401525 2
17 27408732 2
17 27429325 2
17 27431666 2
17 27441250 2
17 27449636 2
17 27453618 2
17 27461151 2
17 27465277 2
17 27475172 2.1456
17 27527321 2
17 27537488 2
17 27539524 0.7778
17 27577462 2
17 27583567 0.8631
17 27586146 1.2771
17 27586734 1.2771
17 27593865 1.2771
17 27642414 0.706999144397389
17 27643752 0.527248117701688
17 27644375 0.1028
17 27649498 1.75754340427397
17 27668410 0.748276221626963
17 27676982 2
17 27684557 2
17 27688972 2
17 27694321 2
17 27695284 2
17 27695669 2.5928
17 27696100 2
17 27707236 2
17 27707839 0.566599623987901
17 27709503 2
17 27712037 2
17 27737916 2
17 27740098 2
17 27768171 2
17 27768704 0.3907
17 27770105 2
17 27770515 2
17 27782545 2
17 27790381 2
17 27792167 1.3305
17 27799104 2
17 27808262 2
17 27821141 1.04537239371428
17 27853845 0.9101
17 27869776 0.347973958902372
17 27875197 0.4592
17 27909935 1.5507
17 27921896 1.19255780989109
17 27923083 0.892078648390942
17 27964547 1.8383
17 27972363 0.140012516620979
17 27987200 0.5224
17 27998438 2
17 28048441 0.198063569330381
17 28071104 0.397375969425792
17 28182788 1.65980067948823
17 28224065 5e-04
17 28224137 5e-04
17 28232838 0.0940973530275242
17 28252107 0.970428799740162
17 28327965 1.5844
17 28346369 2.2762
17 28358128 2.2602
17 28377810 1.5586
17 28377811 1.5586
17 28389802 2
17 28418919 0.3335
17 28437367 2
17 28462054 2
17 28463646 2
17 28464204 2
17 28466301 2
17 28467798 2
17 28477828 2
17 28498864 0.1028
17 28522655 0.5537
17 28578909 0.7795
17 28667409 5e-04
17 28706935 0
17 28726366 3.1164
17 28743956 0
17 28745445 0.9581
17 28791101 1.8975
17 28805875 0.9581
17 28820956 0.0244
17 28829848 0.9581
17 28859460 0.1429
17 28868975 0.578210782409276
17 28881571 0.1824
17 28888684 0.6963
17 28929305 2.3299
17 29019536 0.623164342504736
17 29026095 2.3652
17 29027040 1.9966
17 29029528 2
17 29033486 2
17 29038844 2
17 29129237 0.6595
17 29146843 0.479367583313516
17 29165024 2
17 29173779 0.415892204543757
17 29183346 0.00388363396593663
17 29209781 0.26164296385481
17 29215347 2
17 29226338 2.8751
17 29226861 2
17 29233504 0.1845
17 29248603 1.41810885047076
17 29266227 2
17 29268811 1.42028142774242
17 29275139 2
17 29291055 2
17 29303293 0.966963676496041
17 29310700 1.46843185260241
17 29318449 0.387442307589399
17 29346039 2
17 29357561 2
17 29365344 1.1661
17 29374057 2
17 29382314 2
17 29397097 2
17 29397653 0.0897
17 29408715 1.1661
17 29420436 2
17 29423340 2
17 29428791 2
17 29431924 1.1661
17 29436354 2
17 29449766 2
17 29451816 2
17 29453801 2
17 29457839 1.1661
17 29458110 2
17 29470538 2
17 29496775 2
17 29504055 0.0753
17 29514917 0.0753
17 29518614 2
17 29523410 2
17 29534814 0.1028
17 29537648 1.0907
17 29554236 2
17 29555040 1.1661
17 29590753 0.4906
17 29621031 0.3852
17 29685342 1.0198
17 29702352 0.0897
17 29722381 0.4177
17 29756059 0.434
17 29758154 1.28637883381074
17 29770842 0.363400231697582
17 29779100 0.535729590076191
17 29793470 0.4177
17 29804316 0.150038302601129
17 29837039 0.4177
17 29840923 0.4177
17 29956284 0.7985
17 30022458 0.484
17 30059266 0.977718699471123
17 30067594 5e-04
17 30085669 0.4672
17 30085730 1.884
17 30086111 1.0012
17 30139239 1.95545183202521
17 30143073 0.3691
17 30147132 0.608365979538951
17 30148361 0.3691
17 30157216 0.3691
17 30223739 0.9241
17 30261383 0.5493
17 30262801 1.03023388485046
17 30268923 1.9318
17 30302058 1.0445
17 30302745 0.5493
17 30317712 2
17 30325862 0.5657
17 30339811 0.4452
17 30347334 0.2276
17 30356142 0.2276
17 30361489 0.4452
17 30398570 0.3528
17 30407956 0.3368
17 30409129 5e-04
17 30418180 0.3528
17 30474058 0.4502
17 30486517 0.4337
17 30487656 0.4337
17 30488410 0.4337
17 30516834 0.4337
17 30535390 0.3209
17 30563185 0.4337
17 30567957 2
17 30587135 1.3998
17 30606082 1.3538
17 30607835 1.3998
17 30616067 0.498445054890314
17 30638642 0.1028
17 30647030 1.8643
17 30661828 0.552877371475981
17 30679642 1e-04
17 30683085 0.8068
17 30701719 5e-04
17 30722900 2
17 30744565 1.3998
17 30744711 1.3998
17 30745654 1.3998
17 30749945 1.3998
17 30751557 0.1028
17 30752651 1.3998
17 30753218 1.3998
17 30753269 0.1028
17 30753552 1.3998
17 30755866 0.1028
17 30758875 1.3998
17 30770312 0.1028
17 30771968 0.1028
17 30773352 0.0449
17 30773806 1.3998
17 30784983 1.3538
17 30790678 1.3538
17 30791738 1.3998
17 30798384 0.1028
17 30799068 1.3998
17 30801136 1.3998
17 30809408 1.3998
17 30814405 1.3998
17 30815730 1.3998
17 30815795 1.3538
17 30829501 1.3998
17 30833682 1.3998
17 30834340 1.3998
17 30840635 1.3998
17 30860003 0.1027
17 30860015 0.1027
17 30869115 1.3998
17 30897889 0.1028
17 30915101 1.3998
17 30923835 1.594
17 30925033 1.3998
17 30948363 2.0145
17 31012723 2
17 31012891 1.3284
17 31104016 0.2713
17 31117704 0.616791072597922
17 31134044 0.8291
17 31135869 0.2713
17 31149289 0.396105623780307
17 31175489 0.2713
17 31182773 0.2815
17 31182928 1.2512
17 31200099 1.2512
17 31217315 0.0897
17 31223123 0.2815
17 31246033 1.1983
17 31269117 0.2815
17 31273546 0.2713
17 31277080 2.2967
17 31278613 0.2815
17 31282213 5e-04
17 31320689 0.375
17 31321285 2.7151
17 31322678 0.375
17 31327078 0.375
17 31348953 0.375
17 31354227 0.3859
17 31358642 2
17 31367777 0.8625
17 31376984 0.3546
17 31381137 0.375
17 31384710 0.8625
17 31390861 0.375
17 31395791 0.3652
17 31397539 0.375
17 31402866 2
17 31427991 1.1724
17 31439164 2.118
17 31447996 0.4673
17 31453381 0.0078
17 31463504 2
17 31475799 2
17 31486641 2
17 31487044 2
17 31509306 2
17 31510730 2
17 31512179 0.5073
17 31526551 2
17 31536050 1.16160653348876
17 31547530 0.516210085505298
17 31549108 0.298126769970253
17 31563851 2
17 31564436 0.64392413528691
17 31576971 0.38139060667578
17 31583519 0.583826517314007
17 31602317 2
17 31609275 2
17 31611869 2
17 31643309 2
17 31648171 0.152678173100204
17 31649123 1.4466
17 31649878 5e-04
17 31651771 2
17 31654801 2
17 31665987 2
17 31669021 2
17 31673151 2
17 31673574 0.665732038704293
17 31677738 0.582574890949036
17 31678766 2
17 31679213 1.26704584321366
17 31681010 0.405251294233211
17 31687949 1.6590666432308
17 31691265 2
17 31691672 2
17 31698135 1.03488189693058
17 31703949 2
17 31705029 0.0273
17 31712834 0.4449
17 31727960 0.943153995705022
17 31732111 0.136430146131483
17 31736604 0.674157486465036
17 31742184 0.3661
17 31748472 0.912810648726125
17 31753238 0.8288
17 31765902 2
17 31787464 0.598193643355598
17 31787752 2.36951385728027
17 31791586 1.91204160930567
17 31793986 1.5745
17 31807366 1.8173
17 31807520 0.731977049867263
17 31810366 1.865
17 31865225 0.609429133898014
17 31874755 0.820863141111731
17 31881502 0.0117
17 31884886 0.169
17 31890897 0.0117
17 31892684 1.7524
17 31908097 0.8177
17 31910289 0.8747
17 31943165 0.682344560273602
17 32075077 0.8263
17 32077380 0.0802146928380281
17 32084288 0.476708518770689
17 32087282 1.8299
17 32100737 0.8828
17 32102958 0.8828
17 32106070 0.8828
17 32112511 2.3071
17 32124407 0
17 32133318 0.9117
17 32192944 2.4029
17 32230312 2
17 32256202 2
17 32262555 2
17 32270050 1.0214504087525
17 32274996 2
17 32276135 2
17 32283320 2
17 32283545 2.5977
17 32284099 0.188
17 32284481 2
17 32284525 2
17 32376081 0.784
17 32392232 2
17 32398113 2
17 32425949 0.248492587948529
17 32448743 2
17 32478777 2
17 32506144 2
17 32516655 1.23105713760675
17 32543087 5e-04
17 32551538 0.143158485007933
17 32551730 0.4906
17 32553017 0.374159962073543
17 32560227 1.5566
17 32563206 0.0573013152769493
17 32573078 0.953194150909127
17 32577307 1.8922
17 32584576 2
17 32593029 2
17 32597516 2
17 32607637 2
17 32624582 2
17 32633519 0.686026674497881
17 32644743 2
17 32659607 0.125220321831368
17 32699823 0.31
17 32706926 2
17 32707557 2
17 32730437 2
17 32760974 2.21961548483949
17 32766092 2
17 32772311 2
17 32775646 2
17 32842034 2
17 32860468 2
17 32867250 2
17 32914793 0.448
17 32919567 0.3269
17 32921124 0.448
17 32950867 1.0794
17 32971379 2
17 32972763 0.1274
17 32983934 2
17 32991166 0.3458
17 32991485 2
17 32993767 0.430710214886314
17 32995220 0.7329
17 33002417 0.0264
17 33004407 1.1396
17 33005031 1.5036
17 33007111 1.5036
17 33019517 0.707648694434875
17 33040845 1.65484784915288
17 33041387 1.01688645943202
17 33045643 0.0621
17 33045927 0.422377330780199
17 33047830 0.852162748538954
17 33057040 0.0329
17 33062031 0.735562306242044
17 33064452 1.56248142582236
17 33068912 0.8553
17 33082173 0.866
17 33082213 0.866
17 33093712 2
17 33131952 1.92974019642015
17 33150710 1.2184
17 33151441 0.20149787957873
17 33158792 1.30222353746236
17 33160660 0.287847100281909
17 33189883 2
17 33190212 1.1266
17 33202220 1.5746
17 33209105 2
17 33214301 0.40185059621439
17 33221181 0.443061221551279
17 33229940 0.830977949507561
17 33254402 1.4196865718786
17 33260889 2.49757403694191
17 33268332 0.999366177086683
17 33274521 2.13366943435816
17 33275851 0.611
17 33278677 0.332135035776784
17 33281675 0.2223
17 33281912 0.866313664292566
17 33286476 2
17 33289614 2
17 33308389 1.33597084570146
17 33309974 0.124370310702508
17 33313243 0.2772
17 33333128 1.246
17 33334437 0.309798551288112
17 33347790 0.0913
17 33358512 0.9531
17 33371693 0.913291669167995
17 33387088 0.0162
17 33391219 0.5792
17 33392804 0.1337
17 33405728 0.541315198729701
17 33417654 0.5792
17 33422168 1.25276743661902
17 33428615 0.75467258570278
17 33435367 2.10961585192851
17 33446691 2
17 33448843 2.87408495209354
17 33457647 2
17 33460950 0.710457904487596
17 33461425 2
17 33465476 0.840438536387101
17 33472425 2
17 33476514 2
17 33482992 2
17 33492580 1.17063477819264
17 33506270 0.4944
17 33519330 2
17 33527963 0.1201
17 33531430 0.0274
17 33539314 0.568097479499318
17 33554867 0.184958212235788
17 33558559 2.20839441099778
17 33559365 1.2449398243004
17 33561186 2.5829901577289
17 33562358 0.26832788334606
17 33576986 0.697247729574207
17 33577511 0.0421046604302976
17 33577729 0.673873676824311
17 33582864 1.5245
17 33584974 1.5245
17 33590347 1.4033
17 33595707 2
17 33603951 1.319
17 33604752 1.319
17 33609452 2
17 33617569 2
17 33617879 2
17 33623292 2.649709038993
17 33638447 2
17 33642660 2
17 33654936 2
17 33660157 2
17 33662472 2
17 33663949 0.015376529328342
17 33670267 2.3071
17 33676800 0.322094316579668
17 33678431 2.45437012189033
17 33678732 2
17 33700567 2
17 33701055 2
17 33733769 2
17 33747825 2
17 33752369 2
17 33752530 2
17 33755561 2
17 33757577 2
17 33771826 1.5652
17 33772807 2
17 33776074 2.427
17 33778302 0.0167
17 33781641 0.208
17 33790863 2
17 33792494 2
17 33795934 0.524267309958427
17 33796516 0.609632437986525
17 33815658 2.4996
17 33827374 0.2311
17 33828611 2
17 33834214 0.1028
17 33835709 2.08819303910146
17 33848278 0.4412
17 33853999 1.4713
17 33856786 2
17 33860998 2
17 33861740 2.1191
17 33863298 0.1371
17 33863399 0.358654286886634
17 33863954 0.713
17 33879741 2
17 33890348 0.723
17 33890886 0.723
17 33907125 2
17 33919138 0.669111982991373
17 33925290 0.186988057981451
17 33935641 1.75944952618479
17 33946568 0.987223623980495
17 33958384 1.1435
17 33959788 0.872559928764633
17 33961200 1.47904950841792
17 33961744 0.0854028331411008
17 33969585 0.352900189613431
17 33987208 2
17 34011765 1.216
17 34016841 0.4674
17 34026371 0.358557418289016
17 34031304 0.9966
17 34038981 0.740084404161363
17 34040142 0.5831
17 34071827 5e-04
17 34095672 0.0315
17 34113076 1.11635741442665
17 34128306 2
17 34132411 2
17 34132574 2
17 34155357 2
17 34180592 2
17 34185766 2
17 34187059 0.7715
17 34189916 1.4636
17 34194595 2
17 34198077 1.4636
17 34207196 2
17 34207279 2
17 34208309 2
17 34238166 1.456
17 34247429 2
17 34260295 0.5526
17 34260706 2
17 34265886 2
17 34265896 0.4246
17 34303330 1.0255
17 34308014 0.0723567553753464
17 34309571 1.86274210097845
17 34312350 1.62326354856678
17 34322718 1.27619099953368
17 34326205 0.604091847437762
17 34329411 0.6018
17 34329583 0.6018
17 34333130 0.380728510251841
17 34369148 0
17 34402061 0.731055237599947
17 34407191 0.0650566152929586
17 34433184 2
17 34440005 2
17 34445813 0.0564
17 34458070 2
17 34467526 0.6698
17 34471180 1.07069766363347
17 34478228 0.321793442601473
17 34479844 0.011223121663903
17 34482653 1.17096806048949
17 34483677 0.0219
17 34486783 0.469569602680327
17 34492307 0.405953385778341
17 34494343 1.33794028039313
17 34495207 1.9724
17 34505171 0.2176
17 34530645 0.00570636087090523
17 34533545 0.8112
17 34536246 0.0873370282572495
17 34540742 0.556661627781244
17 34544997 5e-04
17 34546814 1.0376
17 34549165 2
17 34557808 1.62422235985366
17 34566531 2
17 34573943 1.12936683671192
17 34576519 1.5766
17 34586807 2
17 34590015 0.9189
17 34593168 2
17 34603706 2
17 34620083 2
17 34623164 2
17 34631123 2.339
17 34639797 2
17 34653108 1.36313654158993
17 34657226 0.85555262061614
17 34657961 0.4034
17 34665744 0.3096
17 34665782 1.743
17 34666708 0.1132
17 34672616 2
17 34686053 0.04133100046856
17 34688389 0.383536242793406
17 34690534 2
17 34694892 0.859871099959981
17 34722184 2.01884685997865
17 34725639 0.3072
17 34733169 0.464913961327997
17 34754786 1.07312096357752
17 34808542 2
17 34811392 1.1507
17 34814270 2
17 34818124 2
17 34848425 0.8646
17 34871275 5e-04
17 34912642 2.2752
17 34921101 2
17 35024898 0.4501
17 35087739 0.4501
17 35090377 0.108840325556728
17 35115922 0.345928790135945
17 35127396 0.153627459091051
17 35142861 0
17 35157333 1.1001
17 35159172 1.1001
17 35179178 2
17 35181589 1.2383
17 35182052 1.2383
17 35186318 2
17 35214213 1.2383
17 35219913 1.39635960771594
17 35234146 0.17269493098666
17 35236100 1.90245853599585
17 35240438 0.1629
17 35241252 2.25105666578311
17 35242280 2
17 35251311 1.2438
17 35253261 0.1759
17 35253403 0.0403828768209354
17 35257434 1.39876238090132
17 35269878 0.015014425875143
17 35290951 2.7884
17 35313142 1.9096
17 35316712 2
17 35324025 0.8002
17 35325251 2
17 35328755 2
17 35332511 0.8002
17 35333746 0.8002
17 35333889 1.9096
17 35334802 2
17 35337422 2
17 35349114 0.600058272443461
17 35349800 0
17 35351808 0.9855
17 35353793 2.4547
17 35361428 0.7244
17 35406477 2
17 35409711 2
17 35415444 2
17 35433192 2
17 35449337 0.217067206743659
17 35451247 2
17 35468679 1.00062761280519
17 35475931 2
17 35476573 1.34748287127819
17 35478711 0.402262346308263
17 35479313 2
17 35479793 2
17 35480469 5e-04
17 35499701 2
17 35501014 2
17 35505289 2
17 35506148 2
17 35522687 0.680450503258847
17 35526515 1.70426122825209
17 35539318 0.1681
17 35555701 0.443869137603697
17 35562062 0.557155378967942
17 35565930 0.7341
17 35598650 2
17 35602468 0.547941784658855
17 35614302 1.1985
17 35615521 2
17 35632228 2
17 35635997 2
17 35641852 2
17 35680783 1.68930175851468
17 35720546 1e-04
17 35727423 2
17 35728916 2
17 35753604 2
17 35803047 2.23585701039888
17 35812128 2
17 35816664 2
17 35818127 2
17 35840402 2
17 35855337 2
17 35861492 2
17 35867890 2
17 35878261 2.3735
17 35880776 2
17 35916086 1.182
17 35923573 0.9375
17 35937855 0.0075
17 35949525 1.2103
17 35954724 2
17 35959024 2
17 35969409 2
17 35970606 0.595451753290845
17 35975251 0.290571381345268
17 35980421 0.993
17 35992988 2.0527
17 36004041 1.7345
17 36006678 2
17 36025629 0.175
17 36031260 0.141038026646992
17 36042726 2.9983
17 36078745 0.737995561354595
17 36082164 0.0808888988778861
17 36094797 0.608627825485079
17 36095561 5e-04
17 36095586 5e-04
17 36098851 0.0639399748522741
17 36106441 2
17 36108820 2
17 36108829 2
17 36108905 2
17 36118221 1.8488
17 36121033 1.80163999766243
17 36122034 0.15748391332412
17 36123601 2
17 36125256 1.00742136373579
17 36126037 2
17 36127995 0.7206
17 36128298 2
17 36129430 2.6826
17 36131212 2
17 36137995 2
17 36147750 0.262465973119132
17 36197209 2
17 36206305 2
17 36207567 1.9072
17 36213366 1.66851101318525
17 36350659 0.203
17 36448776 0.0657
17 36452947 5e-04
17 36455863 0.0657
17 36457625 2
17 36463349 2
17 36466772 1.2096
17 36476767 2
17 36494779 2
17 36506738 0.7622
17 36513312 2
17 36541028 2
17 36542611 1.7938
17 36548709 2.6501
17 36552544 2
17 36558525 2
17 36572723 2
17 36576629 2
17 36588163 2
17 36603030 2
17 36615696 2
17 36618646 2
17 36634976 1.7556
17 36636372 2
17 36640745 0.154622858976127
17 36663856 0.0078
17 36679119 2.9203
17 36684254 2.9918
17 36699330 0.476705599991068
17 36701494 0.705881585065002
17 36703255 1.9145054023968
17 36714268 0.522241355128521
17 36714926 1.5134305187123
17 36718592 2.8755
17 36719320 2.9659
17 36724598 1.52775912776942
17 36725264 0.977234126071868
17 36725608 1.13434032120359
17 36730527 2.8716
17 36731302 2
17 36741474 2
17 36755229 2
17 36757359 0.894383460039906
17 36761293 5e-04
17 36763134 2
17 36766297 2
17 36771253 2.7433
17 36774821 0.145659763863631
17 36775874 0.455146481356182
17 36780562 0.750030541665078
17 36781791 2
17 36782950 2
17 36784077 2
17 36785750 2
17 36786261 2
17 36786906 2
17 36787317 2
17 36789083 5e-04
17 36789508 2
17 36796414 2.0575
17 36797932 2
17 36801092 2
17 36807921 2
17 36813414 1.66488121033303
17 36814403 2
17 36815589 2
17 36816267 2
17 36818067 2
17 36819274 2
17 36822370 2
17 36829842 2
17 36832579 1.7947
17 36839203 0.899312671271279
17 36840495 2.06388666678388
17 36864701 0
17 36866273 0.105678115057421
17 36872698 0.419015869444448
17 36875774 2
17 36886639 0.895377340515758
17 36887234 0.561120733465564
17 36887667 0.814137981159467
17 36889954 1.9964
17 36893527 0.183908426186752
17 36894450 2.71732865542886
17 36908506 2
17 36908925 0.7359
17 36914094 0.0073
17 36925506 0.668939253201151
17 36932447 0.665353471278919
17 36991250 0.9164
17 37009365 1.0163
17 37021656 1e-04
17 37062175 0.8589
17 37076856 2.16631043556547
17 37112278 1.2538
17 37135309 1.61481091304892
17 37136388 0.9606
17 37137586 0.954280034249113
17 37156852 0.0073
17 37189293 2
17 37194936 0.37967782634687
17 37217752 1.25009691737258
17 37223940 1.33093826118787
17 37283074 1.95452495408582
17 37297546 0.304315099522301
17 37304559 1.604
17 37315027 1.81078447248563
17 37332035 2
17 37340463 0.400779359174886
17 37368442 0.0690202904914743
17 37375847 2
17 37381917 2.5175
17 37397956 0.7997
17 37403930 0.8928
17 37404372 0.7997
17 37405930 2
17 37411854 5e-04
17 37417055 2
17 37418382 2
17 37424955 0.8928
17 37431614 2
17 37432178 2
17 37440933 2
17 37446316 0.7997
17 37456514 1.12674151440312
17 37458634 5e-04
17 37485547 0.7997
17 37489935 0.813866849128858
17 37498707 0.7314
17 37499622 0.8928
17 37499730 2
17 37506177 0.214348575625983
17 37508298 5e-04
17 37509132 0
17 37511931 5e-04
17 37516711 1.2831
17 37583112 0.357508916592194
17 37629134 0.7597
17 37666872 2.3399
17 37695845 2.1904
17 37696893 2
17 37718929 2.4105
17 37723718 0.37275998968883
17 37733029 2
17 37736431 7e-04
17 37741642 0.408374231486227
17 37757649 2
17 37760062 2
17 37763407 0.0894377035793139
17 37767405 2.859
17 37778606 2.9952
17 37780100 2
17 37799691 2
17 37813390 2
17 37826378 1.2084
17 37827751 1.5106
17 37845568 2
17 37850759 0.0078
17 37865361 1.65643215506063
17 37878893 0.0638418791904178
17 38255763 0.0261520026793901
17 38258671 0.435114749433068
17 38261057 1.1364
17 38264470 1.4890341919123
17 38277126 8e-04
17 38296352 5e-04
17 38361130 2
17 38427462 2
17 38428395 2
17 38436774 2
17 38439535 1.08849600250865
17 38456345 1.14925250422049
17 38458280 1.89505793500002
17 38462546 0.539552831448965
17 38484158 0.110826073125943
17 38486452 0.12415941210949
17 38486556 1.55551994280577
17 38488421 2.28547793701873
17 38498858 2
17 38506999 0.1208
17 38507227 2
17 38518195 2
17 38520431 2
17 38522105 0.789473013882014
17 38523687 0.89683466278805
17 38528830 2
17 38537790 2
17 38539309 3.1148
17 38550545 2
17 38629974 1.2694
17 38630533 0.0078
17 38641267 0.0807
17 38656211 1.0548
17 38683266 0.563
17 38696744 0.563
17 38743968 0.515059705800939
17 38755680 2
17 38765395 1.23147905489276
17 38770802 0.0177055930583741
17 38791503 2.02526851242043
17 38792732 0.223706227347018
17 38794492 0.102767162837826
17 38801812 0.781885151978442
17 38809288 0.257490934417445
17 38819014 0.870995109695375
17 38819101 1.31110741091106
17 38819479 0.975077968799526
17 38830529 0.640608100350432
17 38832587 1.5101
17 38834800 0.387747551690906
17 38835723 0.89941903135277
17 38846880 1.0418
17 38859772 2e-04
17 38867488 0.805235481418704
17 38869983 1.1228
17 38872816 0.1004
17 38878565 0.956444938964864
17 38888880 0.7115
17 38904785 0.2063
17 38932114 2
17 38944691 2
17 38945665 2
17 38946135 1e-04
17 38946981 0.823882681070613
17 38984915 0.241533843834653
17 38988503 0.417204470296084
17 38998224 0.0833
17 39022475 1.72971627087854
17 39035379 2
17 39037194 0.324306845059742
17 39037970 0.396167678975091
17 39054421 0.4196
17 39056981 0.20010749406907
17 39066873 2
17 39075347 0.4452
17 39086180 2
17 39090198 2
17 39109879 0.0636
17 39110808 2
17 39116324 1.2173
17 39118797 2
17 39120254 0.5593
17 39122110 1e-04
17 39128115 1.26360422635963
17 39129708 0.192728850681485
17 39130161 1.0034
17 39131594 2
17 39147081 0.1347
17 39151266 1.687
17 39153824 1.6748
17 39171107 1.5076
17 39190942 0.267943536782618
17 39199329 2.6692
17 39251411 0.8765
17 39279125 2
17 39280401 2
17 39283243 1.09774242847515
17 39283693 2
17 39286460 0.389241852677094
17 39286675 2
17 39286709 1.77451870969469
17 39305390 1.12249238025218
17 39323778 0.888
17 39343351 1.17015091258241
17 39346951 1.03894388836315
17 39347702 0.8445
17 39358159 2
17 39364196 2
17 39379045 0.109213693615385
17 39395735 1.3140529339562
17 39415672 2.534548321292
17 39423950 2.02808834550513
17 39451799 1.70467941919518
17 39453870 0.8183
17 39460084 2
17 39472406 2
17 39479209 0.487327920066051
17 39481637 1.3363
17 39499205 1e-04
17 39502252 2
17 39503353 1.2083588214056
17 39507148 2.4916
17 39513631 0.90828277438186
17 39514741 0.399593549190929
17 39516731 2
17 39526978 0.459945275743938
17 39532461 2
17 39538456 1.03923774663055
17 39538898 0.862272180897769
17 39549990 0.769304747332751
17 39551339 2
17 39595825 2
17 39615699 2
17 39623346 2
17 39625357 2
17 39675840 2
17 39677589 2
17 39720582 2
17 39801314 2
17 39868955 0.2457
17 39895095 0.1577
17 39906723 0.2464
17 39919173 0.819077350834993
17 39924612 0.502869849174801
17 39929538 0.1487
17 39952110 0.3492
17 39954981 0.3492
17 39956665 0.3492
17 39957793 0.796529747773924
17 39958263 0.3492
17 39960016 3.1248
17 39963385 0.245120984810381
17 39963455 0.3492
17 39965304 0.25876457075223
17 39965453 0.3367
17 39987863 2
17 39991041 2
17 39992019 0.6293
17 40001102 0.0444
17 40012360 0.479023780126011
17 40015415 2
17 40021029 2
17 40021285 2
17 40039844 2
17 40043886 0.358227383100817
17 40059061 2
17 40064651 1.010777781093
17 40069159 1.87111783484619
17 40069205 1.9275
17 40121426 2.542
17 40157371 2
17 40189021 2.09570676310091
17 40194331 0.476371713626371
17 40236208 2
17 40271813 0.135156797113849
17 40292903 0.666902288509002
17 40300899 1.37817187560787
17 40396922 1.2833
17 40419040 2.15616647190941
17 40421826 0.0972371844901386
17 40426524 0.871062048433164
17 40492094 0.34684246788664
17 40492375 1.0057137698162
17 40492613 3.1226
17 40565948 1.65645579920212
17 40573336 2
17 40583051 2
17 40587123 2
17 40591109 2
17 40599413 2
17 40619553 2
17 40632096 2
17 40639012 2
17 40639691 2
17 40659145 2
17 40668492 2
17 40676944 2
17 40685709 2
17 40711554 2
17 40720118 2
17 40780877 1.6402
17 40791351 0.1497
17 40807718 2
17 40822284 0
17 40831508 1.0427
17 40834780 2
17 40854750 2
17 40882989 2
17 40897579 2
17 40907310 2
17 40909389 1.0046
17 40912480 2
17 40913131 2
17 40913241 1e-04
17 40914206 2
17 40920616 2
17 40932893 0.9457
17 40939055 0.467325578762593
17 40940414 2
17 40945504 0.409481601774934
17 40946885 1.3047
17 40957354 2
17 40958710 1.4289
17 40969924 2
17 40970140 1.4289
17 40979214 2
17 40985421 2
17 40986715 2
17 40995787 0.462468329195549
17 41008101 1.0861
17 41028496 2
17 41053203 1.4471
17 41055340 2
17 41060344 1.4471
17 41070070 0.505813599044202
17 41082179 0.506121447043753
17 41084538 0
17 41088025 1.67920962430908
17 41088380 0.407216474772977
17 41088649 0.185456689004411
17 41093212 2.02112624238588
17 41093646 0.474890612356872
17 41097874 5e-04
17 41103851 2
17 41107139 2
17 41114201 2
17 41118088 0.0827948212498807
17 41152245 2
17 41172826 1.5201
17 41174863 0.56066312219054
17 41177453 2
17 41178254 2.026
17 41181008 0.955759126387708
17 41181184 0.852589863299585
17 41186267 2
17 41197331 1.1125
17 41198982 0.779012999812542
17 41200138 2
17 41206384 0.521245712308507
17 41210025 2.40427659198102
17 41210109 1.38407607180748
17 41211633 1.1125
17 41232600 0.48165453553585
17 41239236 1.5768463814313
17 41242890 1.21470845670419
17 41247761 0.932920280004912
17 41250315 0.374458533050305
17 41251322 0.797357091897443
17 41288343 1.1125
17 41295104 1.1125
17 41295962 1.1125
17 41304202 0.015170190274167
17 41307794 0.6552
17 41310636 1.1189
17 41315526 1.1426
17 41319873 1.1189
17 41321077 1.1189
17 41331820 1.1426
17 41342043 1.1426
17 41359675 1.1426
17 41374638 2.5816
17 41375150 2
17 41382643 0.8781
17 41405658 0.6115
17 41423878 1.1426
17 41424564 1.1426
17 41428968 2.15522527347278
17 41434604 0.16893520215555
17 41440150 1.76325910595581
17 41452611 1.1426
17 41462941 1.617
17 41463136 1.70624580062282
17 41468274 0.395926806423204
17 41472223 1.11360398256509
17 41472383 1.89061522222664
17 41480992 2
17 41491732 1.1751
17 41492005 2
17 41493284 1.5955
17 41524328 0
17 41532225 2
17 41551646 2
17 41559037 1.68412066025088
17 41575084 0.664998440834184
17 41575407 0.162227631848362
17 41577201 0.29429270659098
17 41587535 0.0567155100148347
17 41593702 0.538497879857126
17 41599238 0.844871663360439
17 41601842 0.037764902509562
17 41603168 0.378075657418487
17 41608942 0.515607304368498
17 41609704 0.666448729752313
17 41616345 1.16462582900408
17 41620305 1.4236
17 41623888 0.289263729719938
17 41632132 2
17 41655927 2.9933
17 41698205 5e-04
17 41707255 0.869778951654699
17 41709546 0.774220103722538
17 41709628 2
17 41719100 2
17 41719419 2
17 41722862 2
17 41723225 2
17 41729536 5e-04
17 41730098 0
17 41759299 2
17 41793401 0
17 41794424 0.560625926772074
17 41796860 1.5101
17 41803259 0.718256309734561
17 41814688 0.44687454814809
17 41815205 0.32800684783145
17 41822830 1.42747396266913
17 41840965 0.456279393811222
17 41848658 0.015079497801156
17 41865915 2
17 41866772 1.11382099306785
17 41876131 1.64185579394304
17 41895469 0.129951338389106
17 41946266 1.55291383723656
17 41949925 0.94493676368336
17 41961942 0.573670726316802
17 41992905 0.597382309343086
17 42001667 1.66170333365891
17 42012948 0.455265003078164
17 42086881 0.410783672249331
17 42118022 0.9138
17 42118044 1.5424
17 42128273 1.41746005167453
17 42174141 2
17 42215745 2
17 42262859 1.0048
17 42266197 1.503
17 42349561 2
17 42352587 1.4005
17 42355913 0.1027
17 42362705 1.4005
17 42363102 2
17 42366378 2
17 42373742 2
17 42376768 2
17 42377817 2
17 42380678 1.4005
17 42381748 2
17 42382057 2
17 42384378 2
17 42384853 2
17 42394634 2
17 42398593 0.0979059174958335
17 42405675 0.302897788554881
17 42412285 2
17 42412771 0.189634954519069
17 42414222 1.3883
17 42429953 1.41042510456323
17 42430255 0.114418247049663
17 42443554 2
17 42445537 2
17 42448301 2
17 42448464 0
17 42458544 0
17 42506515 2
17 42546890 2
17 42573781 0.395823752491537
17 42580680 0.633852827451109
17 42590665 0.604199306270317
17 42597127 0.3283
17 42621330 0.3227
17 42662189 0.3283
17 42666433 0.111852756384155
17 42676188 0.3283
17 42686377 0.3015
17 42690066 1.27511775709571
17 42711674 0.0552617994521852
17 42727143 1.92769383247356
17 42823602 2.9805
17 42840948 2
17 42864869 2.1985
17 42899966 2
17 42917240 0.597058001384725
17 42920558 2.09409193315766
17 42938319 0
17 42942444 2
17 42967949 2
17 42979628 2
17 42985634 2
17 43024671 2
17 43029881 2
17 43037028 2
17 43061743 2
17 43062098 2
17 43095105 0.062569529650262
17 43100544 2
17 43100654 5e-04
17 43100665 5e-04
17 43100676 0.2999
17 43102706 0.25897666292251
17 43116189 1.60799040977687
17 43128056 0.558096103335885
17 43139762 0.696850505330634
17 43199082 0.588426814006175
17 43201901 2
17 43209941 0.821735409866413
17 43218055 0.362991427775058
17 43220755 0.9313
17 43225922 0.320208086079263
17 43276789 0
17 43305639 0.310039798700864
17 43334882 0.578501184102993
17 43336222 1.62528072956262
17 43350353 0.0188171456803475
17 43365646 1.74379538366763
17 43366423 2
17 43372023 2
17 43381933 1.1314
17 43386954 2
17 43390353 0.220862889713385
17 43390629 2
17 43410083 2
17 43411424 2
17 43413313 2
17 43423927 2
17 43432751 0.0553589509742379
17 43434561 0.079
17 43491117 5e-04
17 43525150 2
17 43558199 1.3832698987797
17 43574557 2
17 43579424 2
17 43586581 0.1187
17 43597969 1.93511597800082
17 43602508 0.1089
17 43602792 6e-04
17 43602841 0
17 43605484 1.09271056695082
17 43620832 2.0133
17 43626358 1.9472
17 43631292 1.9472
17 43649359 0.6898
17 43660719 0.2139
17 43685739 2
17 43692364 1.0847
17 43696401 2.9952
17 43696902 0.1253
17 43702502 2
17 43705497 2
17 43710153 2
17 43719886 2
17 43720324 2
17 43725666 0.2896
17 43727891 2
17 43736604 0.263530758084542
17 43736670 0.746502966798805
17 43741633 0.005
17 43741772 0.6231
17 43842353 0.7239
17 43842677 1.1018362946751
17 43852725 0.3311
17 43868812 0.1371
17 43880383 2.9952
17 43890215 0.1002
17 43902812 0.1782
17 43903932 0.1888
17 43908477 0.1006
17 43912906 0.1755
17 43913115 0.1126
17 43916686 2
17 43927825 2
17 43932249 0.134050396207413
17 43936131 2
17 43938182 0.685807724351576
17 43955841 0.0402119637712975
17 43962483 0.333830721147774
17 43971485 0.27016730547914
17 43977801 0.00227103482456456
17 43981529 2
17 43984155 2
17 43989171 2
17 43998245 5e-04
17 44016811 0.8238
17 44017270 0.1063
17 44019506 0.033
17 44038953 0.033
17 44061070 2
17 44072916 0.8238
17 44078139 0
17 44115817 2
17 44120691 2
17 44133938 2
17 44148179 2
17 44161257 2
17 44166403 2
17 44252803 0.123736856023536
17 44278765 2
17 44282090 2
17 44329276 0.11395396495477
17 44329704 2
17 44359566 5e-04
17 44398615 2
17 44405865 2
17 44411998 2
17 44414089 5e-04
17 44423044 0.7834
17 44429360 1.8357
17 44429460 2
17 44442085 2
17 44460685 2
17 44461322 2
17 44491402 2
17 44517394 2
17 44518887 2
17 44524973 0.246982260506447
17 44526090 1.4986
17 44549294 0.9637
17 44551639 0.9637
17 44566088 0
17 44567941 2
17 44573150 5e-04
17 44574670 0.5623
17 44583847 0.543
17 44587926 1.4778
17 44588034 1.4725
17 44592330 1.1026
17 44594657 2
17 44607142 2
17 44608932 2
17 44615863 2
17 44617873 2
17 44623436 2
17 44623719 2
17 44631923 2
17 44651504 2
17 44665157 2
17 44665849 1.6094
17 44713088 1.4315
17 44733089 0.0444
17 44747280 0.0502
17 44768326 0.1047
17 44773803 0.372863439942043
17 44793559 0.0502
17 44793673 2
17 44807170 2
17 44821696 5e-04
17 44825737 1.3236
17 44833885 0.1396
17 44839355 0.1277
17 44857004 2
17 44864100 0.1704
17 44866850 0.1704
17 44876766 0.1704
17 44883256 0.1704
17 44901658 0.1088
17 44909615 2
17 44932518 0.3393
17 44944594 0.1796
17 44984245 1.05313404553922
17 44984246 0.855573149629062
17 44991649 2
17 44995539 0.3736
17 45006788 5e-04
17 45014544 5e-04
17 45041334 2
17 45044122 2
17 45045924 2
17 45050038 2
17 45050674 0.0263
17 45055351 0.0692914228568161
17 45115454 0.186820206397886
17 45121631 2
17 45127817 2.16758340317282
17 45132788 2.978
17 45176968 5e-04
17 45178014 2
17 45186407 0.1453
17 45195180 1e-04
17 45195186 2
17 45222864 0.9995
17 45228034 2
17 45228153 1.4701
17 45231804 1.4701
17 45239153 0.117143559042893
17 45255758 0.5932
17 45256638 0.4771
17 45259804 1.68380378760671
17 45273760 0.7107
17 45292938 2
17 45297873 2
17 45312360 2
17 45313962 2
17 45339049 2
17 45359980 0.4749
17 45389282 0.0581
17 45389348 0.0581
17 45391918 0.3604
17 45399161 0.3424
17 45410208 0.8717
17 45424574 0.8442
17 45429642 0.0469568783115881
17 45438480 0.8717
17 45453184 0.0684
17 45458586 0.909676410781574
17 45463763 1.9364006880077
17 45475784 0.3363
17 45480321 0.1835
17 45485983 0.8717
17 45569254 1.4851
17 45605027 0.0066
17 45630472 0.0066
17 45631859 0.753
17 45639765 0.753
17 45661828 0.630442003007676
17 45673735 0.753
17 45676644 0.753
17 45677203 0.753
17 45680084 0.7756
17 45698790 0.2622
17 45699421 0.753
17 45699947 0.2622
17 45719880 0.753
17 45720273 2.5866
17 45721421 0.618367046072139
17 45736049 0.753
17 45737779 2
17 45758743 0.753
17 45758825 0.753
17 45769673 0.753
17 45773652 0.753
17 45795511 2.2876
17 45809538 2.2876
17 45819324 0.753
17 45823451 0.753
17 45849129 2.2637
17 45854807 0.7993
17 45855015 0.753
17 45856436 2
17 45856513 0.753
17 45856966 1.06007736051728
17 45868158 0.459118475920808
17 45877664 0.753
17 45879276 0.753
17 45895549 2
17 45903632 0.753
17 45904346 0.5752
17 45904703 0.753
17 45928047 0.7664
17 45938975 0.753
17 45944594 0.8077
17 45946617 2
17 45947540 0.753
17 45947679 0.753
17 45958681 0.753
17 45964626 0.393678514247953
17 45974043 0.1059
17 45990142 0.753
17 45992487 2
17 45994651 0.753
17 45999678 0
17 46002988 0.238349771092235
17 46006984 0.2991
17 46015500 2
17 46015953 0.753
17 46017105 0.753
17 46044213 0.579013412214796
17 46049111 0.7313
17 46059437 0.753
17 46060413 0.788717784446058
17 46065978 0.753
17 46084397 2
17 46084864 2
17 46098123 2
17 46122826 2
17 46125004 0.529620481396163
17 46127052 0
17 46144772 0.0269
17 46193443 0.753
17 46245347 2
17 46278692 2
17 46494707 2
17 46729869 2
17 46754149 0.865638253314882
17 46786061 0.448
17 46829885 1.4311
17 46846427 1.0981
17 46848714 0.177525473706099
17 46872859 2
17 46909350 2
17 46915752 2
17 46917488 0
17 46919257 2
17 46957075 2
17 46974875 0.862216378962189
17 46985983 2
17 46988639 2
17 46991022 0.801488761756045
17 46993084 2
17 46995521 2
17 46996395 2
17 46997999 1.06662139134917
17 47000059 5e-04
17 47001132 2
17 47002682 0.0103026921235124
17 47004126 2
17 47019658 2
17 47029169 2
17 47030090 1.45211541424034
17 47035407 0.419941965477017
17 47037102 0.914440344500291
17 47038329 1.2271
17 47071886 2
17 47081310 2
17 47092217 2
17 47097100 0.97028459508525
17 47099776 0.475074586998997
17 47101742 2
17 47102272 1.20318892138921
17 47103541 0.022
17 47110228 0.0938718738785533
17 47114504 5e-04
17 47114506 5e-04
17 47133066 5e-04
17 47141475 2
17 47149390 1.5205
17 47149976 0.778152443729996
17 47151103 2
17 47204039 0.4743
17 47238796 0.7084
17 47244409 2
17 47245983 2
17 47246016 2
17 47247224 0.2879
17 47254865 2
17 47263878 0.165347006106434
17 47274153 1.21213602744604
17 47277380 0.650537448792118
17 47277987 0.8006
17 47278354 0.105243682555353
17 47283364 1.47745227778216
17 47288030 0.669923999259859
17 47313106 2
17 47314284 1.0849
17 47316241 2
17 47321011 2
17 47327778 2
17 47351316 0.3222
17 47378734 2
17 47387922 2
17 47417904 2
17 47469527 2
17 47469962 2
17 47471592 2
17 47477205 2
17 47489304 2
17 47496995 2
17 47500103 2
17 47502032 2
17 47505029 2
17 47516295 2
17 47539157 2
17 47552040 2
17 47563039 2
17 47573690 2
17 47618466 2
17 47623661 2
17 47664867 2
17 47666550 0.426275487843293
17 47696706 2
17 47728547 1.6898
17 47741184 2
17 47746325 2.9933
17 47753773 2
17 47761602 1.2808
17 47795175 2.9933
17 47795834 2
17 47815493 0.872
17 47821877 2
17 47823406 0.611597844898992
17 47842099 2
17 47900745 2
17 47929321 2
17 47932445 1.1688
17 47940687 0.705973051706141
17 47944487 2
17 47963201 2
17 47972670 2
17 47987680 2
17 47988683 2
17 47992614 2
17 47999822 2
17 48008458 1.2694
17 48029268 0.878389388247309
17 48065701 0.437580347324281
17 48090563 0.264394823690259
17 48092452 0.022354680374669
17 48093270 0.6843
17 48102459 0.331018223195296
17 48113457 0.1396
17 48137114 2
17 48146491 1.51139868783375
17 48162623 0.0678
17 48171632 0.521820687229034
17 48185522 1.2436
17 48191077 0.315392649037581
17 48203301 0.826912890329866
17 48220996 0.269666011231229
17 48223042 3.30514830811704
17 48242286 0.185410784660122
17 48261315 0.219612422529579
17 48261388 0.84207428453753
17 48270636 0.441449708329818
17 48282044 2
17 48294928 2
17 48294988 1.1132
17 48295786 1.1132
17 48314932 2
17 48319057 1.1132
17 48350623 2
17 48352783 0.5684
17 48357079 1.22271149579928
17 48360644 0.0078
17 48364079 2
17 48390450 2
17 48401450 1.1132
17 48406125 2
17 48416815 1.1132
17 48467106 0.0163085224395945
17 48468464 0.5684
17 48490651 2
17 48490793 0.7512
17 48496956 2
17 48507295 2
17 48510969 2
17 48514990 2
17 48519257 0.7512
17 48524785 0.7512
17 48525070 2
17 48527360 0.7449
17 48535216 0.9067
17 48544973 5e-04
17 48551191 1.2126
17 48610390 1.0789
17 48639179 2
17 48657023 0.1364
17 48661521 0.0217
17 48677100 0.546444809979792
17 48685872 2.788
17 48693989 0.0294400884170766
17 48704273 2
17 48706536 2
17 48735476 2
17 48745038 2
17 48766931 2
17 48779043 0.6196
17 48810817 5e-04
17 48837940 0.7125
17 48840842 0.4258
17 48871434 2
17 48887044 2
17 48888933 0.7148
17 48899394 2
17 48900554 2
17 48904057 2
17 48905387 2
17 48912514 2
17 48922748 2
17 48925027 2
17 48930601 2
17 48931184 2
17 48944066 2
17 48948714 2
17 48952626 2
17 48955049 2
17 48958274 2.4799
17 48960396 1.77822244529207
17 48960600 2
17 48965389 0.258912323639758
17 48982695 2
17 48987926 2
17 48994899 0.1758
17 48999356 2
17 49000993 0.238
17 49001058 1.8857
17 49030920 0.5723
17 49042470 1.0171
17 49058513 0.6446
17 49081973 0.564228316119458
17 49090745 2.1546
17 49094147 1e-04
17 49113593 2
17 49117330 1.1722
17 49118245 2
17 49118712 2
17 49123896 0.143
17 49128737 0.143
17 49140544 2
17 49150109 0.5602
17 49150844 2.8229
17 49167558 1.14943810954601
17 49167928 2
17 49169895 2
17 49170144 0.855522586504687
17 49175049 2
17 49179935 2.9807
17 49181825 2
17 49187177 2
17 49205696 0.9693
17 49209600 1.2752
17 49228240 0.3274
17 49228297 2e-04
17 49240522 1e-04
17 49265246 2
17 49273080 2
17 49276908 5e-04
17 49290174 2
17 49297524 1.3866
17 49301404 2
17 49319961 2
17 49336630 2
17 49355250 0.1547
17 49370474 1.4021
17 49374725 1.3352
17 49390658 0.0405
17 49393172 2
17 49411551 1.4964
17 49419493 1.2781
17 49420891 1.7729
17 49462699 1.8325
17 49470569 2
17 49471036 0.229409516282313
17 49472574 0.3617
17 49478831 0.2158
17 49485338 2
17 49525693 2
17 49526013 2.3127
17 49526014 2
17 49562801 6e-04
17 49624343 2
17 49676257 0.2451
17 49717673 2.2193
17 49778254 0.198894835453221
17 49798789 0.806847273123344
17 49804466 0.0621
17 49830208 0.612215721340594
17 49851350 2
17 49862211 1.2264
17 49868692 2
17 49877726 1.00813603591897
17 49878356 0.0449818051099099
17 49881333 2.5331
17 49902051 1.0205
17 49902988 0.3239
17 49909316 0.2507
17 49939995 0.602870469572292
17 49949931 2
17 49953653 2
17 49956406 0.734197765303836
17 49960483 0.339925327543976
17 49965084 1.9362
17 49985379 2
17 49986956 2
17 49990075 2
17 50001585 0.054
17 50001793 1.2643
17 50009730 1.6667
17 50018893 0.618414806655417
17 50024607 2
17 50025262 0.192690943298955
17 50025375 2
17 50027588 0.054
17 50031170 2
17 50055922 1.55774635771915
17 50070827 2
17 50071049 2
17 50078061 1.5416
17 50087700 0.387350116180367
17 50107665 1.6394
17 50111391 0.4138
17 50128476 5e-04
17 50134169 2
17 50142198 2
17 50146710 0.9871
17 50150284 0.0897
17 50155546 2
17 50155649 2
17 50167908 1.0894
17 50172089 2
17 50174145 0.0347
17 50174878 2
17 50179887 2
17 50188181 2
17 50192065 0.1994
17 50206523 0.0104
17 50208632 1.2984
17 50212417 0.9451
17 50212436 0
17 50215720 2
17 50236253 2
17 50253683 2.34104963477449
17 50259775 0.4915
17 50280992 2.9952
17 50284163 2
17 50297286 0.653438166541843
17 50299302 0.415332915307862
17 50302254 2
17 50304016 0.76655337899823
17 50315773 1.66417428117326
17 50317977 1.03398238175724
17 50318552 2
17 50343693 0.8367
17 50344206 0.8367
17 50346594 2
17 50353671 0.8726
17 50391975 1.34638788938907
17 50397715 0.74608190978879
17 50401667 2
17 50411525 2
17 50411726 0.8726
17 50411904 0.490598393215621
17 50412243 1.11222609660757
17 50424296 2.13028845957495
17 50435118 2
17 50450790 2
17 50466258 2
17 50527697 0.2069
17 50527925 0.2069
17 50529376 0.2069
17 50529922 2.1108
17 50536476 0.172702618795983
17 50538753 0.886944544299106
17 50544882 0.395647313546486
17 50545457 0.0396696908493523
17 50549214 2
17 50556632 2
17 50565387 0.2467
17 50585836 0.512651217229743
17 50588374 0.941792632272196
17 50600964 0.0053
17 50612049 0.3754
17 50616399 0.3645
17 50623059 1.384
17 50662481 0.971270963442324
17 50669792 0.777823286166214
17 50673803 2
17 50688763 2
17 50700446 0.683007561763764
17 50703510 2
17 50705115 0
17 50729197 2
17 50735248 2
17 50742614 2
17 50743201 1.36910963330343
17 50746454 2
17 50752954 2
17 50756491 1.2709
17 50775922 0.1416
17 50783071 0.0844
17 50797132 1.30206340071365
17 50797973 1.0102
17 50805770 0.2941
17 50812484 0.3326
17 50835534 0.933761068562797
17 50838483 0.2856
17 50849904 0.2856
17 50855467 0.5797
17 50883417 0
17 50896169 1.70674951681478
17 50913595 0.721139505272105
17 50915940 0.0206415434740875
17 50916519 2
17 50917254 2
17 50918417 0.1665
17 50932705 1.23829024726347
17 50943669 0.773702703365238
17 50947639 0.921165211063729
17 50955808 0.000221715724962076
17 50978957 0.13991075386925
17 51053898 5e-04
17 51061340 2.05647254407403
17 51091815 2.21856702146103
17 51112042 0.0191707462107915
17 51121100 0.467062896024372
17 51134124 0.248804222769046
17 51138481 0.403925164572044
17 51150713 0.352277831100031
17 51191566 0.642287446691901
17 51199051 0.110137836326997
17 51233973 0.759399701067692
17 51283299 0.479012229903274
17 51305757 2.2193
17 51314188 2
17 51330989 1.2955
17 51345373 2
17 51368293 2
17 51374381 0.36002472911518
17 51374520 1.61016970470619
17 51387224 0.3012
17 51387569 2
17 51392813 2
17 51404251 1.22628485479065
17 51404666 0.3271
17 51408500 2
17 51418128 2
17 51424775 2
17 51429812 0.6737
17 51485249 5e-04
17 51509841 2
17 51511111 0.791863117065936
17 51524278 2
17 51528307 1.6755
17 51539997 0.782796995072713
17 51540118 1.40502923658029
17 51549774 1.24052297839903
17 51555077 1.27314325945072
17 51557084 0.83768655717633
17 51563335 0.890387755130645
17 51567718 0.187819132562796
17 51597681 0.226545882904479
17 51619833 2
17 51640890 2
17 51641154 2
17 51662571 2
17 51662694 0.0842
17 51665821 0.0841
17 51692433 5e-04
17 51716714 1.07253624722225
17 51717501 2
17 51717681 5e-04
17 51721781 1.9177
17 51723574 2.34196469184355
17 51728279 0.5854
17 51728351 0.300744814892134
17 51729341 0.573381844839622
17 51731036 0.653666207355771
17 51741656 0.649571233428204
17 51749382 0.6107
17 51750480 0.6107
17 51785618 2
17 51794383 2
17 51799651 1.03153987298832
17 51819917 1.27520077982329
17 51895465 2
17 51914018 0.197981849261579
17 51914414 2.61974824803968
17 51926554 0.236483825096177
17 51931769 1.21790163747919
17 51932091 0
17 51933459 1.1874680399122
17 51944183 0.741861583859103
17 51950807 3.1248
17 51964689 0.047
17 51968912 0.0828
17 51974398 0.997147965225282
17 51985420 0.0828
17 51985885 0
17 51987030 1.1682
17 51993404 1.28566214395541
17 52001548 0
17 52014597 0
17 52019329 1.08226348743931
17 52026801 0.19015128247976
17 52027122 0.319912981208906
17 52035208 0.0412
17 52039687 0
17 52041870 0
17 52046476 0
17 52057823 1.4528
17 52063522 1.3557
17 52075145 0.360120914262496
17 52090899 0.0445487850162856
17 52094318 0.757300879435258
17 52103823 0.545322160857392
17 52108193 0
17 52117338 1.5658
17 52123923 0.255053425680904
17 52134809 1.8459
17 52138338 0.328960458014586
17 52149102 2.4916
17 52172004 2
17 52173792 2
17 52174516 2
17 52176040 2
17 52185788 2
17 52198473 2
17 52199665 2
17 52213595 2
17 52219099 2
17 52225497 2
17 52228163 2
17 52256680 2
17 52257694 2
17 52260602 2
17 52261854 2
17 52263699 2
17 52270460 0.3999
17 52275728 2.1785
17 52283872 0.3999
17 52284983 0.4105
17 52287023 0.4105
17 52290475 0.422
17 52296299 0.751809415658162
17 52318179 0.894214446403151
17 52326026 2
17 52330417 1.40493769037125
17 52334819 2
17 52342362 2
17 52352676 0.4455
17 52360735 0.258769008135681
17 52368174 2
17 52373188 2
17 52391010 2
17 52392560 2.241
17 52417560 2
17 52423340 0.0568184011805766
17 52427532 2
17 52446735 0.758581638763808
17 52449568 0.3483
17 52450583 0.71806551073912
17 52461207 0.3342
17 52478746 1.11989993068934
17 52480015 2.2876
17 52495449 0.3527
17 52500237 1.31044879073285
17 52501695 0.792569275679507
17 52515421 0.974996981062867
17 52522813 0.2793
17 52525266 0.2793
17 52553222 1.23086096154472
17 52560454 0.368802913070812
17 52563716 2
17 52567530 0.456370024526347
17 52577045 0.303675659475274
17 52579896 1.12226940009419
17 52596091 0.326110567362021
17 52614140 0.383199853266267
17 52622955 0.863616339782104
17 52629980 0.28029806808741
17 52639047 1.11827859447963
17 52662411 0.875289690848769
17 52662745 0.0609367195586427
17 52669102 0.312378913297517
17 52671136 0.88459660383152
17 52677085 0.3251
17 52680433 0.875745375985228
17 52687408 2.2193
17 52689997 0.250158837128896
17 52693934 0.2067
17 52699117 2.2876
17 52723255 0.3514
17 52728505 0.306
17 52729455 0.2612
17 52734224 0.3514
17 52743033 0.401952027559524
17 52757563 0.0897028828117121
17 52759635 0.733591394197114
17 52763977 0.3609
17 52766697 0.486473034846739
17 52773319 0.776717538133295
17 52794395 2
17 52802844 0.120261891545584
17 52812937 2
17 52827954 2.2876
17 52828593 2
17 52830710 0.180261700862859
17 52831962 2
17 52850342 0.839404707585918
17 52855843 0.670366899316087
17 52858861 0.545732580648861
17 52860205 0.223211650475255
17 52862407 0.351313512919419
17 52889536 1.6716
17 52898616 2.3299
17 52902795 0.2862
17 52905609 2.4474
17 52928457 0.2867
17 52933649 2
17 52939441 2
17 52942897 2
17 52962958 2
17 52963334 2
17 52969067 2
17 52986213 2
17 52993348 2
17 53006940 2
17 53011608 1.7134
17 53014337 2
17 53029822 2
17 53033162 2
17 53037178 2
17 53038033 1.68008452014328
17 53043973 0.273316815580283
17 53074701 1.39504903664449
17 53113878 0.799068733325443
17 53115269 0.479303093195249
17 53115717 0.963054419812564
17 53132551 0.131490045230863
17 53135155 0.384586503674267
17 53147491 1.25844220168198
17 53159989 1.53767986330478
17 53160371 0.499980204246873
17 53169239 0.207301604453692
17 53196386 0.258599937164673
17 53217129 2.3689
17 53238476 1.78524948314038
17 53258921 0.5246
17 53259737 0.880214206576917
17 53266887 0.430950147220266
17 53269718 0.9217
17 53273196 0.78640398776716
17 53274605 2.241
17 53286130 0.24586731077966
17 53299510 2.0894681897146
17 53306671 0.231190565682483
17 53320039 1.45836756058298
17 53332788 0.952862495995246
17 53345299 0.921153985268587
17 53350197 0.700286880573766
17 53352419 1.9273
17 53361584 1.1307
17 53369243 0.3446
17 53397420 0.6737
17 53398118 2
17 53403224 0.6737
17 53413186 0.56570694248696
17 53447873 1.3772
17 53447891 0.292327952893681
17 53450694 1.24767928640713
17 53463549 0.4035
17 53476365 0.6737
17 53484068 0.8371
17 53486378 1.3772
17 53493733 0.5823
17 53498928 0.5823
17 53501293 1.3772
17 53505280 1.3772
17 53511503 0.6737
17 53519982 1.3447
17 53534149 1.4873
17 53561681 0.75
17 53573860 2
17 53575234 2
17 53578607 2.9793
17 53613497 2
17 53619956 2
17 53630892 1.03138733709476
17 53646120 2
17 53649003 1.004
17 53667730 2
17 53670797 0
17 53673716 2
17 53678105 0.9322
17 53679506 2
17 53679703 1.07375247390568
17 53684402 0.9322
17 53684968 0.9322
17 53688036 0.9322
17 53689414 0.9322
17 53693610 0.9322
17 53700605 6e-04
17 53701179 0.9322
17 53742317 0.9322
17 53750968 1.1466
17 53755334 2
17 53765704 1.0399
17 53766045 0.981
17 53767956 2
17 53790189 2
17 53797986 1.9713
17 53802812 2
17 53804607 0.981
17 53805026 2
17 53805682 2
17 53809471 0.9371
17 53813154 2
17 53815205 1.17654403435694
17 53815554 2.1357
17 53821077 0.893097195233618
17 53830527 2
17 53831860 2
17 53834835 2
17 53856783 1.7808
17 53862302 2
17 53876651 2
17 53903855 0.8797
17 53944239 0.3083
17 53966309 0.0067
17 53981459 0.5810085599902
17 53991122 2.8763
17 54001187 0.2725
17 54010593 0.2725
17 54011050 0.0219
17 54017193 2
17 54036728 2
17 54038062 2
17 54039442 2
17 54044795 2
17 54059234 2
17 54126239 2
17 54138423 2
17 54139213 2
17 54139536 2
17 54167059 1.46460712370414
17 54185030 2
17 54196298 2
17 54202833 2
17 54221298 1.58216147594313
17 54221665 0.0726
17 54254691 0.0551
17 54261224 2
17 54275990 2
17 54277042 2
17 54277175 1.9085
17 54287087 2
17 54289310 1.9085
17 54297481 1.9085
17 54309873 1.3544
17 54314351 2
17 54314947 2
17 54337989 0.262481851893448
17 54353197 2
17 54400370 2
17 54413786 2
17 54415979 2
17 54423424 1.3914
17 54449579 1.0761
17 54481718 2
17 54519606 2
17 54529986 2.978
17 54539765 0.6959
17 54546305 0.2037
17 54551825 2
17 54553358 2
17 54558802 0.576485283184947
17 54562551 0.2037
17 54567197 0.2037
17 54568482 0.2037
17 54569649 0.872
17 54572178 0.2037
17 54574022 0.2037
17 54586428 2
17 54591340 2
17 54591534 2
17 54605008 2
17 54606713 2
17 54607748 2
17 54609827 2
17 54615807 2
17 54617405 2
17 54638179 2
17 54640882 2
17 54645978 2
17 54646432 2
17 54662091 2
17 54665404 2
17 54667684 0.4849
17 54672516 2
17 54679278 2
17 54717061 2
17 54717114 1.3859
17 54721338 2
17 54735927 0.586180420093312
17 54739538 1.0134
17 54747536 1.92841502828839
17 54747979 0.360415052916734
17 54755717 2
17 54756942 0.56951050510034
17 54770580 2
17 54786903 1.17821819396729
17 54796756 5e-04
17 54817789 1.07378072409689
17 54820673 1.52896342970942
17 54823290 0.0103718129150747
17 54832498 0.732593573997264
17 54839396 0.567894862790232
17 54854112 0.0404
17 54870353 0.931853203177451
17 54871146 0.0389
17 54874516 5e-04
17 54875415 0.279165586327895
17 54879126 2
17 54880340 0.1447
17 54884754 2
17 54890902 1.3754
17 54897904 0.696
17 54898531 2
17 54901692 2.8949
17 54918789 2
17 54924095 0.725830225250096
17 54933309 2
17 54936871 0.0216219885867658
17 54959140 1.007171580849
17 54969086 2
17 54970981 0.0793999274338098
17 54981721 0.1095
17 55013113 1.29295246038792
17 55022153 1.00093240743466
17 55070364 1.60943469968746
17 55085125 0.487
17 55099119 0.34924943652362
17 55104605 0.453889465713736
17 55105668 2
17 55105838 2
17 55114870 2
17 55118117 0.2324
17 55123057 2
17 55132154 0.2324
17 55134352 0.2324
17 55136971 0.2324
17 55147656 0.557137186646628
17 55154427 0.2494
17 55158613 0.2494
17 55160482 0.2494
17 55161510 0.737303358646648
17 55168372 0.716697152825855
17 55179218 2
17 55189869 2
17 55196232 0.901775178607617
17 55243794 2
17 55276913 0.318848639185525
17 55288755 2
17 55289939 2
17 55291706 2
17 55302450 0.497056738935916
17 55327956 0.7552
17 55329969 0.7552
17 55335554 0.0784742220701528
17 55337025 2.10857384499758
17 55368655 0.473930492015275
17 55378686 0.551576685555696
17 55400757 2
17 55407391 2
17 55412212 2
17 55441762 2
17 55458010 2
17 55460452 0.915269717215191
17 55486040 2
17 55490334 0.236993852427874
17 55491494 2
17 55496091 2
17 55497325 0.3392
17 55500774 1e-04
17 55500795 1e-04
17 55500840 2e-04
17 55500887 0
17 55501987 2
17 55508272 0.071149505666513
17 55518923 2.1072
17 55536425 0.83
17 55541275 0.1983
17 55544131 0.3153
17 55546091 0.3153
17 55546751 0.311
17 55634289 2
17 55677637 1.2233
17 55687820 1.2182
17 55742980 2
17 55745638 2
17 55775554 0.546540755996597
17 55787324 2
17 55793882 2
17 55796575 2
17 55809776 2
17 55825552 2
17 55839945 2
17 55894008 1.1307
17 55992371 2
17 55996630 2
17 56000047 2
17 56008834 2
17 56012345 2
17 56022338 0.379039802425724
17 56036943 2
17 56049274 2
17 56052034 2
17 56064510 2
17 56075313 2
17 56077266 2
17 56081776 2
17 56082805 2
17 56104046 2
17 56104175 2
17 56110815 2
17 56113413 2
17 56113855 2
17 56119478 2
17 56133190 2
17 56133786 1.3661
17 56144183 0.0011
17 56167263 1.7809
17 56188557 2
17 56189770 1.3661
17 56201873 0.771137644443124
17 56208895 2
17 56214251 2
17 56349538 1.11117356940016
17 56351896 2
17 56384258 2
17 56384874 2
17 56390554 2
17 56399845 0
17 56418535 2
17 56434378 0.917327599217002
17 56444212 2
17 56461341 2
17 56471848 2
17 56489087 2
17 56505747 0.357386887339047
17 56531478 0.410496481445711
17 56544127 0.622763956586896
17 56548340 0.555561831647767
17 56568201 0.35914317373006
17 56589041 2
17 56608650 2
17 56611764 2
17 56613587 2
17 56635318 0.306621662220411
17 56639325 0.446688510110367
17 56642741 1.4544
17 56654885 0.226943933556018
17 56657946 1.34652069824663
17 56670101 2
17 56683253 0.219906721352141
17 56684577 0.0107
17 56684958 0.665310862502515
17 56701144 2
17 56707201 2
17 56735154 0.1671
17 56743005 2.0682
17 56749493 0.5078
17 56790370 1.3282
17 56846663 0.2391
17 56860306 0.2391
17 56877445 0.474953155572388
17 56906218 0.4851
17 56927953 1.0568
17 56941179 1.5481
17 56951567 1.23475141065604
17 56977312 0.0482117432694905
17 56980141 0.67876397424187
17 56981942 0.815643495079193
17 56988197 0.0926
17 56992039 2
17 57005769 0.9885
17 57007905 0.9097
17 57015157 0.356
17 57020816 0.9462
17 57031418 0
17 57042554 2
17 57050760 0.7
17 57050909 0.7
17 57051752 1.19647194803383
17 57052252 0.0653425406874402
17 57052321 2
17 57055273 2
17 57058094 0.283056700710527
17 57058258 0.752517277765231
17 57064188 5e-04
17 57073635 2.9779
17 57077763 2.0068516754745
17 57088251 0.641260999922761
17 57099276 0.800455008626404
17 57123554 1.44438573798726
17 57124287 0.581695872155334
17 57141742 1.69844894288948
17 57150309 0.656395032496363
17 57151789 1.40557615256854
17 57159775 2.08132433301168
17 57168275 2
17 57169434 2
17 57171874 2
17 57188661 0.0076
17 57195700 0.8394
17 57215839 0.752285882186497
17 57219778 2
17 57219815 0.459409998049537
17 57238704 2
17 57239573 5e-04
17 57240276 2
17 57252198 2
17 57258794 0.768
17 57278238 2
17 57316432 2
17 57342880 2
17 57349104 1.7584
17 57363427 2
17 57372713 2
17 57380522 0.0237554854625052
17 57382321 2
17 57401760 0.331259628877912
17 57403929 2
17 57404976 0
17 57415290 0
17 57427202 0.0255
17 57429838 2
17 57434225 0.391397124933622
17 57448063 5e-04
17 57468363 1.8388
17 57488216 2
17 57490391 1.1147
17 57502498 2
17 57523202 3.16317063260854
17 57544106 1.52752212569732
17 57551724 1.4651
17 57592212 0.198988371567377
17 57623509 0.310549716757055
17 57656012 0.4228
17 57667908 0.4718
17 57668619 0.3074
17 57668916 1.47100579377936
17 57670055 0.569927748858666
17 57672140 0.199213147362366
17 57674371 0.3674
17 57687199 3.1202
17 57688443 1.031
17 57693058 2
17 57698926 0.0240039388184916
17 57704459 1.23020618572501
17 57718537 2
17 57723282 0.91688128227075
17 57725391 1.10150001100594
17 57738072 1.0071
17 57746970 0.349883190173164
17 57758683 0.221872243420062
17 57761315 0.0295715887995907
17 57791134 2
17 57803300 2
17 57805813 2
17 57818903 2
17 57837745 0.6521
17 57864226 2.0133
17 57873465 2
17 57874296 2
17 57877880 0.0078
17 57886657 1.62203039743158
17 57889426 1.36211348630861
17 57896145 2
17 57899261 1.4123
17 57903150 2
17 57924716 0.346911656374868
17 57924863 2
17 57925015 2
17 57998671 2.4914
17 58039397 1.279
17 58072680 1.2478
17 58078325 2
17 58097128 2
17 58110612 3.1248
17 58121267 0.461344335690156
17 58123487 0.1447
17 58141718 0.384604353023832
17 58172821 1.1191
17 58177948 0.8181
17 58230972 2.1864
17 58253741 0.5077
17 58280472 0.7007
17 58286109 0.323731129088325
17 58288420 0.7334
17 58290463 0.490708015813866
17 58298681 0.7334
17 58300106 0.4715
17 58341665 0.541
17 58342802 0.2779
17 58349716 2
17 58350295 0.6155
17 58352403 0.728789964102993
17 58368789 0.6126
17 58373163 2
17 58378280 1.98544371561331
17 58455874 2
17 58470653 5e-04
17 58471450 0.273347647268231
17 58474843 1.99314506566849
17 58492481 0.392904134487291
17 58497723 0.674616230412101
17 58508511 2
17 58517099 2
17 58571275 2
17 58586089 2
17 58626538 2
17 58639346 2
17 58656751 2
17 58670771 2e-04
17 58705112 2
17 58737095 0.3007
17 58749473 2
17 58765068 5e-04
17 58805875 0.3313
17 58806703 0.618167355830719
17 58820043 0.5594
17 58825083 0.3313
17 58825417 2
17 58830876 2
17 58839692 2
17 58843588 2
17 58856261 2
17 58858152 2.6293
17 58887247 2
17 58900558 2
17 58907394 1.16128782938489
17 58924963 2
17 58953200 2
17 59023872 2.0367
17 59030367 2
17 59041285 0.493817132865041
17 59066043 0.2277
17 59084848 0.2146
17 59125566 2
17 59173341 0
17 59187299 0.1982
17 59232515 2
17 59255850 2
17 59268527 1.3309
17 59288328 5e-04
17 59294803 1.6795
17 59298079 0.0109
17 59302561 0.0109
17 59307084 0.596324977965224
17 59308091 1.15467700412861
17 59314118 2.3847
17 59362992 1.75121672375123
17 59363617 0.334138894802709
17 59387456 0.0051
17 59394186 2
17 59402455 1.40870570463983
17 59420431 0.0833373680920171
17 59442071 0.483811159200962
17 59480006 1.55627098993972
17 59480954 1.7636
17 59497450 1.42993094560933
17 59523600 1.05580940497286
17 59524221 0.651254746406918
17 59564145 0.59262452825608
17 59571882 0.0285458042403241
17 59598178 0.316664624578725
17 59621868 1.27644925662945
17 59632453 2.78223934554497
17 59637986 0.0928270022775948
17 59639349 1.02311072505038
17 59645864 0.265361324363125
17 59650275 0.195146318901616
17 59653961 0.947588556554985
17 59655412 0.712291836389895
17 59665226 0.54049919556118
17 59671226 0.314340851840014
17 59714483 0.346748253765771
17 59759909 6e-04
17 59769154 2
17 59771237 2
17 59802249 2
17 59848135 2
17 59881681 2
17 59886562 2
17 59900581 2
17 59909029 2
17 59915800 0
17 59927925 2
17 59974801 0.681285628719664
17 59987446 0.0078
17 60049124 3e-04
17 60095086 1.2154
17 60101429 2
17 60106493 2
17 60109786 2
17 60130051 2
17 60141780 2
17 60160640 1.16274734084725
17 60210647 2
17 60236902 2
17 60252937 2
17 60262519 1.28459540502678
17 60266943 2
17 60387150 2.25330878583412
17 60480254 5e-04
17 60536690 2
17 60549919 2
17 60552462 0.924689077866665
17 60553185 2
17 60558968 1.27432138918638
17 60560444 2
17 60751263 2
17 60751763 2
17 60758331 2
17 60775582 2
17 60775855 2
17 60807938 2
17 60830556 0.301283671502866
17 60840192 0.311044359370698
17 60857638 1.02404437314173
17 60860720 0.978798191033135
17 60869844 2
17 60908676 0.12612004260385
17 60940452 0.985384021551884
17 60964784 3.1148
17 60966126 0.718236499299225
17 61164407 0.763765287784642
17 61170034 0.768285947478315
17 61170315 1.37188843181626
17 61174780 1.49725883018181
17 61203673 0.451023838918967
17 61214529 5e-04
17 61234787 1.6526243158909
17 61234926 0.470248967050132
17 61262538 1.5962
17 61288928 0.3411
17 61291295 0.201
17 61299013 1.269
17 61320296 0.0078
17 61351828 2
17 61392694 1.4008412660782
17 61393236 2
17 61393721 0.1034
17 61414629 0.534983919476432
17 61420662 1.4241
17 61426522 2
17 61429294 2
17 61433659 2
17 61542775 2
17 61547764 2
17 61550218 2
17 61556244 0.6236
17 61562841 1.6152
17 61567078 2
17 61569994 1.9112
17 61570141 2
17 61575576 0.0314438279688519
17 61623826 0.201572207764681
17 61625620 2
17 61653024 2
17 61671742 0.065167421179395
17 61677131 2
17 61682813 2
17 61696198 2
17 61712274 2.24901083087381
17 61723426 2
17 61728330 2
17 61729448 2.30465173985753
17 61753773 2
17 61779481 2
17 61785928 2
17 61786930 1e-04
17 61787443 2
17 61796264 2
17 61796518 2
17 61797968 2
17 61801055 2
17 61805025 2
17 61814757 1.18634993335333
17 61843833 1.4953
17 61850105 0.6574
17 61890579 2
17 61893706 2
17 61897290 0.9596
17 61915195 1.1031
17 61932233 1.479
17 62015819 0.0712
17 62015865 5e-04
17 62022675 2
17 62028804 1.479
17 62039586 0.0076
17 62049261 0.8581
17 62058222 2.5345
17 62058539 0.0078
17 62060600 1.0789
17 62065764 2.5664
17 62080528 1.4953
17 62081265 1.4953
17 62083843 1.4953
17 62091106 0.8822
17 62094379 0.8822
17 62094448 0.39
17 62099970 0.3795
17 62105272 0
17 62115909 0.7533
17 62137028 1.28584956844375
17 62147684 1e-04
17 62174043 0.9873
17 62180604 1.7738
17 62184223 2
17 62186850 0.8531
17 62240218 1.99
17 62245438 0.7537
17 62254326 2e-04
17 62278907 2
17 62279684 0.315101400404
17 62287273 2
17 62306561 2
17 62310084 2
17 62310365 2
17 62312366 0.4123
17 62316640 2
17 62325938 2.2762
17 62326972 0.27429265573432
17 62339766 2
17 62349332 2
17 62349794 2
17 62357371 0.162172467544403
17 62366628 0.841860025843436
17 62369553 1.38653339824335
17 62371320 0.673171460146964
17 62372954 1.5688441093809
17 62381626 0.872
17 62388785 1.3104
17 62418060 1.3104
17 62456133 1.9966
17 62456816 5e-04
17 62461571 0.860516102336769
17 62462765 0.554781922236252
17 62483194 0.0868970721194714
17 62487496 0
17 62487507 0
17 62505903 2
17 62511233 0.562937306202072
17 62555023 1.2454213491572
17 62567009 0.289370327006126
17 62631216 1.38538344518021
17 62634670 1.00638473483222
17 62645500 1e-04
17 62663603 0.0647952695270388
17 62664987 0.731353540158819
17 62665401 0.332916778141252
17 62689654 0.417155001022606
17 62705111 0.3533
17 62727543 2
17 62735910 1.9813
17 62753364 2
17 62754954 2
17 62767500 2
17 62768209 2
17 62770336 2
17 62771630 2
17 62774336 2
17 62793475 0.0078
17 62794145 2
17 62812502 2
17 62813568 2
17 62816124 2
17 62825966 0.0236
17 62841241 2.1780762907333
17 62861639 0.463348501873625
17 62901123 2
17 62905494 2
17 62912671 2
17 62929582 2.36556799855115
17 62931913 0.45941896982107
17 62942684 0.281387893331892
17 62949550 1.84795838411096
17 62952547 0.6146
17 62953549 0.6146
17 62957431 1.38357848118702
17 62959579 1.72346577460479
17 62963606 0.031369055321046
17 62974149 0.164
17 62998411 0.0671088956117401
17 63002620 1.8782
17 63020698 0.434819491364549
17 63021142 0.358944385049966
17 63026494 5e-04
17 63045717 2.0644
17 63047521 0.558993695928897
17 63056229 0.8879
17 63098816 0.6767
17 63113968 0.309073470649084
17 63165275 0.164
17 63175537 1e-04
17 63198376 0.471526832699992
17 63220717 0.0630335457510853
17 63229130 0.0889943154458617
17 63277422 0.6446
17 63281901 0.6446
17 63286995 0.6446
17 63315684 0.9307
17 63342671 1.0440295296291
17 63355760 0.895877980162811
17 63373182 0.9957
17 63378895 1.0188
17 63426986 0.381488093479871
17 63445643 0.2051
17 63471557 2.54967662479008
17 63482264 1.19147821863924
17 63485839 0.6359
17 63512479 0.125848580499032
17 63513270 5e-04
17 63516167 2.953
17 63523356 0.377
17 63570730 0.70020686694274
17 63627462 0.890683106622149
17 63662677 5e-04
17 63672706 0.136995770728779
17 63683544 0.846169123600546
17 63699178 0.381927480183768
17 63699689 5e-04
17 63710324 0.3476
17 63716458 2
17 63728739 2
17 63730082 0.3476
17 63748404 2.37132297409593
17 63752629 2
17 63760208 0.318113041603487
17 63771000 0.0645
17 63787427 0.300761066614194
17 63793878 0.519351192533797
17 63817842 2.6443
17 63824520 0.386949763332363
17 63835855 2
17 63838987 2
17 63839739 2
17 63842363 0.3476
17 63843137 2
17 63854844 2
17 63883870 0.781678240967441
17 63885518 0.3476
17 63887455 2
17 63911877 3.2864
17 63965481 0.0919
17 63969656 0.3879
17 63975551 0.0684
17 63978163 0.0447
17 63994821 1.315169769784
17 63995328 0
17 64020486 2.3012773097383
17 64026751 0.5349
17 64069120 2
17 64082248 0.0407662596026702
17 64112358 0.338187983897857
17 64128007 0.233068110338284
17 64136716 0.7321
17 64136761 0.336498948585473
17 64156659 1.10565326760261
17 64163851 2
17 64167636 2
17 64177623 0
17 64179339 2
17 64182197 2
17 64201376 2
17 64202451 1.3416
17 64204216 2
17 64224593 0.2495
17 64253329 2
17 64265940 2
17 64276715 2
17 64299211 0.38030584510034
17 64301217 1.9629
17 64302023 5e-04
17 64309122 0.599104509416385
17 64330752 0.3133
17 64336266 5e-04
17 64338492 1.07366763409228
17 64342161 5e-04
17 64346267 2
17 64351027 0.295
17 64364282 0.295
17 64368715 0.295
17 64372670 0.295
17 64388958 0.845449919597811
17 64397290 5e-04
17 64414002 2.23660313771106
17 64443050 0.166863061748836
17 64451736 0.327
17 64473536 0.0078
17 64523939 5e-04
17 64653472 1.1921
17 64684435 2
17 64714343 2
17 64745971 2
17 64757641 0
17 64792306 2
17 64840824 0.154857275144201
17 64987024 2.5897
17 64988395 0.279206393763232
17 64991647 0.1833
17 64994711 0.0561
17 64996564 0.0561
17 65031923 0.5455
17 65037596 0.0499
17 65049619 0.062
17 65050417 5e-04
17 65066292 5e-04
17 65072414 1.4873
17 65073175 2
17 65080318 2
17 65082875 2
17 65099887 0.9294
17 65116060 0.19078160482245
17 65116457 1.38902045131481
17 65121324 0.568972284614864
17 65121884 0.282532225019856
17 65123229 5e-04
17 65143521 0.0298
17 65145693 0.7578
17 65146483 0.7578
17 65149278 0.7804
17 65154573 1.121
17 65159646 1.3567
17 65254216 1.1349
17 65267855 2.2601
17 65272505 1.1448
17 65276122 0
17 65278177 1.2182
17 65280662 1.2182
17 65311931 1.7186
17 65347054 1.1735
17 65348503 1.462
17 65356136 1.348
17 65392342 5e-04
17 65394032 1.4123
17 65394320 0.743668012820402
17 65399400 2.2292
17 65402435 0.0584
17 65405447 0.333375477100468
17 65423898 0.0617
17 65426148 0.0162
17 65452340 2
17 65453499 0.0078
17 65469164 1.0888
17 65470577 0.8604
17 65484819 3.1173
17 65484826 0.1211
17 65494046 1.3572
17 65505242 0.876840669472498
17 65517348 2.64180047423354
17 65528964 0.1139
17 65531545 1.6358
17 65565563 0.0643
17 65568660 0.165812265825478
17 65594018 2
17 65604544 2
17 65619678 2
17 65620412 2
17 65635192 0.960941876314898
17 65650485 2
17 65660241 2
17 65660576 2
17 65665861 2
17 65670850 0.6548
17 65685052 0.1359
17 65689417 0.7494
17 65702917 0.2676
17 65730934 0.326332269471723
17 65733536 1.6645
17 65762095 0.91557252681415
17 65763737 2
17 65764126 2
17 65765342 0.5559
17 65774961 0.2788
17 65775852 0.631866881111282
17 65776034 0.2696
17 65789931 0.0308850100024352
17 65840779 1.29555480164043
17 65846940 0.225412830638429
17 65862548 1.9687
17 65867005 2
17 65881401 1.11788911077173
17 65899135 2
17 65900629 1.53700681357426
17 65901997 0
17 65914035 0.574341977993561
17 65935995 0.617426602417221
17 65936713 1.21457784075157
17 65936790 2
17 65940676 0.242672590011416
17 65944520 0.108402913747355
17 65958499 0.463572386627902
17 65963285 2.1802
17 65966437 0.19473432152786
17 65967056 1.1693094389703
17 65967341 0.380871601938031
17 65976724 0.27089523865351
17 65976790 0.443294394436789
17 65990311 1.03132180268735
17 65991626 1.46925767951307
17 65997960 0.835649807404906
17 65998209 0.992554505799018
17 66000316 0.669781034885757
17 66001066 1.05023297826412
17 66008454 1.35424751150521
17 66008462 0.0217
17 66014284 0.361333931244258
17 66025571 0.723730976746058
17 66027365 0.354865304584164
17 66028130 0.233536057870872
17 66030802 0.313366344360668
17 66031659 0.0516567366875802
17 66037434 0.595940501016867
17 66038166 0.657290647284532
17 66039598 0.901417899716962
17 66040996 0.138553239638168
17 66042116 0.559590216154335
17 66042397 1.19369494019834
17 66045683 0.1024
17 66051910 0.118666357867049
17 66053889 0.241407941563989
17 66054358 0
17 66057258 0.469321141704148
17 66059418 0.343209438985165
17 66095803 2.2072
17 66097274 0.177837734744007
17 66101630 5e-04
17 66111868 0.0217
17 66164217 0.3995
17 66175741 1.84507841096848
17 66202737 0.0647
17 66225523 0.393175855671883
17 66240823 0.239790567082211
17 66248527 2
17 66278126 0.1857
17 66279033 2
17 66287030 2
17 66289529 0.0217
17 66306369 2
17 66314067 2
17 66322805 0.758760122641331
17 66326017 2
17 66328383 2
17 66330174 2
17 66332695 0.47984860782943
17 66342291 1.5383
17 66344115 1.0179
17 66344524 0.2324
17 66356211 2
17 66359224 0.0053
17 66378270 0.0053
17 66409775 0.0561
17 66415296 2
17 66421463 2
17 66422255 0.0502
17 66423231 2
17 66426892 0.0502
17 66441893 2
17 66442064 2
17 66442573 2
17 66447877 2
17 66472048 0.7307
17 66500972 2
17 66514977 2
17 66517208 2
17 66518248 2
17 66518298 2
17 66519288 2
17 66524527 2
17 66527238 2
17 66554583 0.329655969095387
17 66557984 0.554945350769034
17 66569605 1.12464685451116
17 66574625 0.205062166324849
17 66579016 0.0668274237272722
17 66585541 0.9045
17 66613699 2
17 66614611 2
17 66627316 0.613063263979361
17 66638765 1.544
17 66643750 1.544
17 66651467 2
17 66658203 2
17 66658488 2
17 66664216 1.544
17 66679781 2
17 66680262 1.172
17 66682706 2
17 66684984 2
17 66688524 0.3864
17 66694307 1.6085
17 66695950 1.6085
17 66703797 2
17 66710386 1.6085
17 66718171 0.649053647383385
17 66727809 0.8506
17 66731513 2
17 66734677 2.4285
17 66744280 2
17 66750938 0.00288325007078644
17 66752554 0.3334
17 66757722 2
17 66786525 1.7607
17 66795718 1.7785
17 66797215 2
17 66813369 2.01487202929144
17 66824300 5e-04
17 66841967 2
17 66875260 0.3043
17 66881569 2
17 66882611 2
17 66900562 1.4722
17 66904325 2
17 66905257 0.365529596565079
17 66905401 1.14257559540942
17 66928641 0.253441366687062
17 66937523 0.639561448267098
17 66937902 0.482584511225558
17 66943307 2
17 66947428 1.43466065632883
17 66948287 1.3236
17 66959905 2
17 66972831 2
17 66975133 1.65539623589019
17 66979376 0.997164123047327
17 66989453 2
17 66992170 0.388266174070974
17 66993089 2
17 66996253 2
17 66999275 2
17 67003002 2
17 67023339 2
17 67054697 2.9529
17 67108550 0.1621
17 67141637 0.1621
17 67148108 0.1621
17 67179291 2
17 67218086 0.486
17 67236551 0.9418
17 67248821 1.5951
17 67257476 2
17 67257687 2
17 67260509 0.8831
17 67270784 2
17 67271895 2
17 67291338 0.394981761410208
17 67299257 0.5095
17 67336029 0.5582
17 67343039 2
17 67351894 2
17 67352261 1.02067314675861
17 67362567 0.331957491534551
17 67377789 2.1298
17 67378609 0.2902
17 67398510 2
17 67405433 0.282836809072097
17 67426027 0.541026692620991
17 67445271 1.82782168327585
17 67449140 2
17 67452048 0.433065299634451
17 67466679 1.32506533969163
17 67472187 1.0622
17 67472969 1.0622
17 67474821 2
17 67483974 0.943963367394572
17 67488327 0.999785507401955
17 67495039 2
17 67495052 0.0408824233493747
17 67497230 2.2653
17 67501137 0.125898030671849
17 67522476 0.599271595279074
17 67528454 1.15615175337791
17 67556593 2
17 67560331 2
17 67573236 2
17 67579938 0.10768906716541
17 67586526 0.396375491309093
17 67599837 0.9016
17 67600929 3.1148
17 67607635 2
17 67608203 0.0595
17 67614052 2
17 67620957 1.0116
17 67625183 2
17 67647591 1.549
17 67691102 0.467269672455073
17 67696075 2
17 67699804 0.628658661344633
17 67700521 2
17 67706016 1.454
17 67707700 2
17 67713979 2
17 67736297 1.1898812754818
17 67737003 2
17 67738398 0.263013225940849
17 67742657 2
17 67744503 1.94343465882841
17 67758018 2
17 67774160 0.6554
17 67774900 1.07428830696595
17 67775345 2
17 67777623 2
17 67779109 2
17 67789731 2
17 67796250 2
17 67797050 2
17 67815634 0.0267
17 67822828 2
17 67826655 0.1857
17 67832255 2
17 67842627 2
17 67857401 2
17 67860457 2
17 67874528 2
17 67884138 2
17 67889932 2
17 67896468 5e-04
17 67906529 2
17 67942959 2
17 67967140 0.0107
17 67991393 2
17 67999312 0.0497
17 68008398 2
17 68019745 2
17 68039402 2
17 68057215 2
17 68057409 2
17 68065068 2
17 68066544 2
17 68084098 2
17 68108380 2
17 68110503 2
17 68111196 1.6568
17 68124975 2
17 68131217 2
17 68152714 2
17 68164517 1.3825
17 68181517 2.409
17 68188315 0.4345
17 68188472 0.4345
17 68207386 0.8313
17 68209626 2
17 68223211 2
17 68223739 2
17 68226226 2
17 68228816 2
17 68230686 0.0749
17 68231307 2
17 68235833 2
17 68238797 0.65
17 68241797 2
17 68248437 2
17 68248848 2
17 68301729 2
17 68302882 2
17 68308308 2
17 68308540 2
17 68308870 1.7015
17 68312015 0.1118
17 68312607 0.1118
17 68322930 0.109090200059668
17 68326039 0.135189886037795
17 68330984 6e-04
17 68331233 2
17 68346844 1.454
17 68363467 2
17 68371213 0.966366885276454
17 68372296 2.27252908698714
17 68372664 0.795331331952472
17 68400900 1.646
17 68425062 2
17 68426017 2
17 68431861 0.398413874912665
17 68434782 2
17 68435228 1.3653
17 68467820 0.0632718677131817
17 68476142 0.241954963504048
17 68478733 0.2447
17 68482531 2
17 68483730 2
17 68497351 2
17 68499543 2
17 68505714 0.390506983348484
17 68508064 0.0053
17 68516884 0.613257402778533
17 68517661 1.20842163161793
17 68534560 0.627428555691412
17 68538369 0.429287874208617
17 68549204 2
17 68560124 0.40582792447519
17 68575382 1.67584789260217
17 68584354 0.8364
17 68628489 2
17 68637726 0.729113769272266
17 68669559 0.822
17 68687604 2
17 68688395 1.02444178220469
17 68706203 2
17 68718320 2
17 68718725 2
17 68723096 2
17 68725298 2
17 68730266 2
17 68748921 2
17 68754697 2
17 68796113 2
17 68801326 2
17 68803929 0.165120584881431
17 68804093 1.93608547715998
17 68804923 2
17 68809413 2
17 68811753 2
17 68819496 2
17 68822632 0.1462
17 68823305 2
17 68832415 2
17 68834779 2
17 68837813 2
17 68849492 2
17 68862632 1.78156907309488
17 68888738 2
17 68899568 2
17 68905389 0.256
17 68921093 2
17 68922191 5e-04
17 68929987 1.6633
17 68941120 2
17 68944317 0.0144
17 68946187 2
17 68951197 2
17 68954486 2
17 68956481 2
17 68973288 2
17 68989258 6e-04
17 69034460 2
17 69046621 0.2907
17 69089867 2.4029
17 69131573 2
17 69137211 2
17 69146254 5e-04
17 69179009 2
17 69198976 2
17 69202778 2
17 69213412 2
17 69214371 2
17 69223319 2
17 69277741 2
17 69280978 0.28217534995269
17 69323420 1.63551750756959
17 69331791 1.6703
17 69334468 2
17 69347520 0
17 69352000 2.7977
17 69364372 2
17 69407051 2
17 69412790 2
17 69418166 1.945
17 69430375 1.5114
17 69446133 1.5029
17 69449569 2
17 69457700 2
17 69457825 3.50134884468524
17 69484850 2
17 69496261 2
17 69498027 2
17 69498353 2
17 69498629 2
17 69508077 2
17 69510541 2
17 69515787 2
17 69516186 2
17 69526874 1.6525
17 69528244 2
17 69531453 2
17 69550895 2
17 69560972 0.216855344300768
17 69561904 1.46098434044639
17 69568389 0.707451181353512
17 69570086 2
17 69572600 2
17 69572651 0.491261385052924
17 69591775 2
17 69596299 2
17 69605210 2
17 69605326 0.144844229481315
17 69608091 2
17 69613467 2.2967
17 69618037 2
17 69638343 2
17 69642507 5e-04
17 69653858 2
17 69667347 1.5204
17 69675652 2.05959476535839
17 69740622 0.230273189164658
17 69762667 0.272227532612234
17 69774279 0.315449032770418
17 69780618 2.69821985366564
17 69836921 2
17 69837796 1.3155
17 69842684 1.3095
17 69845181 0.0107
17 69846550 1.2947
17 69849659 0.909519958382065
17 69852524 2
17 69869650 0.563875786614355
17 69878037 0.138358751371184
17 69879985 0.6776
17 69881203 0.317805537379316
17 69890032 0.6776
17 69902124 7.70135129447764e-05
17 69902361 1.49195102859663
17 69912277 0.103292246549854
17 69918559 1.33225508669051
17 69920345 1.07150777411857
17 69921322 0.619497832118281
17 69946593 0.669230809657982
17 69949547 0.493174109327163
17 69953771 0.768957068752909
17 69958971 1.55877582001204
17 69963203 1.84807805012228
17 70025219 2
17 70026506 2
17 70044889 1.33077436075934
17 70045979 2
17 70049581 0.686341895284483
17 70077293 0.0566
17 70085478 1.6518
17 70087972 0.0811
17 70089997 0.0332
17 70096181 0.0811
17 70096468 0.0811
17 70103465 0.0502
17 70104564 0.0874
17 70109679 1.0491
17 70110048 1.0491
17 70147993 1.0239616825352
17 70190143 0.7891
17 70194541 0.36542081022988
17 70205139 2
17 70211212 2
17 70221719 1.1838329164405
17 70222860 0.727353619029645
17 70228319 2
17 70267068 0
17 70272999 0.507
17 70273298 0.3012
17 70276253 2
17 70284289 0.4689
17 70285435 2
17 70285581 0.4689
17 70286025 0.7546
17 70290838 2
17 70299100 0.4689
17 70300464 2
17 70312868 2
17 70314400 2
17 70319165 2
17 70324915 2
17 70348342 2
17 70371234 2
17 70387504 0
17 70402096 2
17 70426132 2
17 70443599 2
17 70504137 2
17 70517588 2
17 70531196 2
17 70542344 0.467144857580608
17 70556247 0.505579168804781
17 70571698 1.01633044244719
17 70592326 0.00427540622857699
17 70639176 0.998344923655154
17 70639359 2
17 70641612 2
17 70654258 2.11310938225955
17 70663996 2
17 70672288 2
17 70686414 2
17 70693697 2
17 70704592 0.578323795604587
17 70730803 5e-04
17 70751014 2
17 70751449 2
17 70759591 0.5916
17 70779076 2
17 70794210 0.897083027956669
17 70795787 1.4263984187409
17 70796590 0.193951009259685
17 70801528 0.894322020682105
17 70802147 0.715961213756359
17 70822021 2
17 70823578 0
17 70825971 2
17 70828401 0.114894207609862
17 70828483 2
17 70835280 2
17 70835922 2
17 70865047 0.0128
17 70867337 0.0128
17 70872623 0.0128
17 70898473 0.601343183114314
17 70899365 2
17 70902786 2.42249789583424
17 70905045 1.15979679121283
17 70922301 0.8102
17 70924041 2
17 70930690 0.5502
17 70930703 2
17 70931135 0.5502
17 70958280 2.73981042369791
17 70972493 1.06659273126421
17 70989751 2
17 70999895 0.806641049421057
17 71008787 0
17 71010639 2
17 71020505 0.872686454074224
17 71020694 0.829702753333546
17 71053428 0.445807231360366
17 71063980 2
17 71075953 1.2670286679939
17 71077504 2
17 71080023 1.60359136083054
17 71080650 0.0882318529697494
17 71082124 2
17 71083476 1.0164
17 71121073 2
17 71126339 0.738652702432385
17 71127543 0.532787860108431
17 71135553 1.23339904485004
17 71141272 0.409924108721863
17 71150286 1.18805974425279
17 71168754 0.637289440798417
17 71169609 1.45670597333265
17 71177008 2
17 71181101 1.05822149918492
17 71185289 1.6243
17 71186415 0.3491
17 71201533 0.23775739253103
17 71210484 0.759396908554989
17 71211327 0.000104385708615278
17 71217717 3.1148
17 71219900 0.396970362245974
17 71245320 2
17 71253725 2
17 71261692 2
17 71262977 2
17 71266744 2
17 71275077 2
17 71294988 0.0936169710795541
17 71307126 2
17 71310300 2
17 71346222 0.2892536970009
17 71361658 0.8344
17 71385757 0.115134650538003
17 71395619 2
17 71399614 0.0273
17 71421624 2
17 71425863 2
17 71433557 0.0273
17 71433811 2
17 71441889 2
17 71455298 1.7598
17 71459726 2
17 71464541 2
17 71469100 2
17 71470650 0.538598014263225
17 71473044 0.0825
17 71475400 2e-04
17 71493903 0.303727941501832
17 71494962 2
17 71518362 0.174669919069443
17 71526028 0.485641795017536
17 71543009 2
17 71544937 1.8589
17 71548412 2
17 71569084 2
17 71582552 2
17 71599487 2.407
17 71606695 1.0782
17 71609645 2.9549
17 71610486 5e-04
17 71610623 2.0005
17 71612873 1.0782
17 71614419 1.0782
17 71623095 2
17 71634021 2
17 71645744 2
17 71651118 2
17 71664121 2
17 71675734 2
17 71676527 2
17 71679670 2
17 71686235 2
17 71692342 0.2625
17 71717348 0.5694
17 71721069 0.9514
17 71723279 0.305
17 71727158 0.4788
17 71728602 2
17 71736015 0.305
17 71748446 1e-04
17 71763945 0.6026
17 71768268 2
17 71803656 1.5524
17 71860644 0.686963052695204
17 71867857 1.19096345466098
17 71873878 0.0463684722190872
17 71886815 2
17 71886871 1e-04
17 71906484 5e-04
17 71915107 0.0436720295533168
17 71916532 0.846152897147235
17 71917217 0.648770653844656
17 71918418 0.0882206291093909
17 71918668 0.646459480005748
17 71925747 1.47728656157101
17 71932878 0.355957898952126
17 71934915 2.1182156030237
17 71935388 0.0688276193686164
17 71956228 0.413144893515914
17 71956981 1.63090381300959
17 71961119 2.63447592433638
17 71992319 0.4615
17 72005248 2
17 72005852 0.3052
17 72030419 2
17 72032367 2
17 72038048 2
17 72038068 2
17 72039973 2
17 72040338 2
17 72041685 2
17 72043705 2
17 72044167 2
17 72057347 2
17 72068521 1.1425
17 72070150 0.4565
17 72085296 3.1166
17 72090209 0.4775
17 72095292 0.4363
17 72097174 0.4363
17 72101466 2
17 72110086 2
17 72146967 0.09
17 72160445 0.192322105506789
17 72171811 2
17 72173331 0.175602626237123
17 72174911 0.0379535294149821
17 72178888 2.407
17 72180586 2
17 72216445 0.16532440709998
17 72232511 0.8263
17 72236789 2e-04
17 72286492 2
17 72286549 0.5823
17 72293084 0.5823
17 72299666 2
17 72301593 2
17 72304757 2
17 72318431 2
17 72351164 2
17 72359427 2
17 72376081 2
17 72380906 2
17 72386920 0.637507020002353
17 72418500 1.27341263539269
17 72427405 2
17 72427460 2
17 72428730 2
17 72433541 0.0538957813701022
17 72438075 2
17 72439317 1.88469206764129
17 72459370 0.00828261435603236
17 72461208 2
17 72473568 1.06133664352233
17 72473841 0.7482
17 72497715 2
17 72500431 1.4466
17 72504930 1.0853
17 72520886 1.127
17 72521419 1.0853
17 72522969 1.127
17 72529813 0.418967884351098
17 72533152 0.275713391897937
17 72552817 0.98728950788665
17 72557469 2
17 72574355 2
17 72580958 2
17 72581887 1.375764455101
17 72585143 2
17 72609907 0.190692596052335
17 72640429 0.0859633576787494
17 72640805 1.66357854988854
17 72641065 0.634771535418203
17 72648317 2
17 72651717 0.6629
17 72660167 0.918
17 72665340 0.4856
17 72672644 0.1587
17 72678748 2
17 72679516 2
17 72695072 0.559248734779175
17 72705793 2
17 72732025 0.533614907659804
17 72741787 0.833988280726991
17 72742909 2
17 72743441 2
17 72743775 1.08256440538912
17 72744628 0.9198
17 72751111 2
17 72755305 2
17 72759168 0.516786921145837
17 72761559 0.113625940269282
17 72771127 0.262915631768987
17 72772543 1.0399
17 72777646 2
17 72778124 2
17 72792267 2
17 72798418 2
17 72801580 2
17 72804784 2
17 72807879 2
17 72822257 1.356
17 72830329 2
17 72833121 2
17 72852137 2
17 72853424 2
17 72855741 2
17 72855846 0.0326
17 72902443 2
17 72910360 0.289939240398144
17 72911349 0.87679207411993
17 72911415 2.71852245782096
17 72912292 2.52407977708244
17 72914027 2
17 72931023 0.5185
17 72936747 2
17 72960652 0.0489299452776309
17 72966579 5e-04
17 72971737 0.752344971761725
17 72985055 0.115445414381494
17 72986878 0.763131929429923
17 73017127 0.0459
17 73034613 0.0053
17 73041942 0.0418696093506161
17 73042820 0.101
17 73044878 0.402253216659303
17 73045299 0.2183
17 73050315 2
17 73051368 0.149195595880537
17 73063706 0.0874
17 73070648 0.436980973508014
17 73079192 2
17 73081145 2
17 73088292 2
17 73103483 0.390407173281751
17 73107734 1.72775018761237
17 73108640 0.333905519650735
17 73136383 0.695162889729577
17 73138650 0.0538925172678983
17 73147547 0.9249
17 73147956 0
17 73147993 5e-04
17 73148185 5e-04
17 73148327 5e-04
17 73148993 0.916
17 73151595 0.916
17 73155607 2
17 73157600 0.8864
17 73165333 2
17 73167530 0.318294747961268
17 73180195 0.730438042974485
17 73185937 1.17123104494928
17 73191661 2.04939440259951
17 73196816 1.01212948164672
17 73203389 5e-04
17 73215034 0.921540792669347
17 73215923 1.3511
17 73218480 0.0078
17 73221928 1.56716011000986
17 73230295 1.36677778784753
17 73233084 2.31729391212127
17 73233860 1.6966972444914
17 73239659 0.566722835849924
17 73245140 0.9174
17 73248981 0.1271
17 73253556 0.466844573096653
17 73273398 0.767984498671274
17 73282396 0.560830911470111
17 73283261 0.415660128136611
17 73296151 1.45215633551786
17 73302033 0.6332
17 73304768 0.7344
17 73315210 0.69611391265633
17 73321257 2
17 73322425 2
17 73326306 2
17 73330547 0
17 73330551 0
17 73330651 1.257
17 73336524 0.471615162509881
17 73338334 0.1885
17 73351112 0.0263
17 73351922 0
17 73354140 1.261
17 73357651 0.0211563516862328
17 73357846 1.17027734675351
17 73382532 2
17 73399567 2
17 73405625 2.978
17 73409412 2
17 73412124 0.151720677627931
17 73419020 2
17 73419106 2
17 73419919 2
17 73427063 2
17 73428353 2
17 73450098 2
17 73453370 0.0549
17 73457271 5e-04
17 73460278 2
17 73462656 1.39377691637404
17 73500465 0.6704
17 73503179 0.433143683772531
17 73504215 5e-04
17 73504897 0.472771597348035
17 73519768 1.5288
17 73520487 2
17 73522634 0.938254406664194
17 73537534 0.9109
17 73558382 0.6494
17 73614686 0.706
17 73638160 1.37026061717279
17 73649150 0.2197
17 73656578 2
17 73658838 2
17 73662802 1.0604
17 73683342 2
17 73684915 2
17 73689174 2
17 73697917 2.0181
17 73707726 2
17 73708227 0.2614
17 73716464 2
17 73721534 2
17 73726847 1.0038
17 73737700 2
17 73741409 2
17 73750097 1.3031
17 73751258 1.0282794255752
17 73752865 0.806936196170713
17 73769988 0.38764714771374
17 73771636 0.908229708153395
17 73773381 0.33164039306368
17 73776766 2
17 73798711 2
17 73807468 2
17 73836489 2.4916
17 73850424 2
17 73854271 2
17 73854293 5e-04
17 73875520 2
17 73890664 0.3482
17 73899630 0.5286
17 73905601 0.3796
17 73918419 0.3689
17 73921513 1.28980226473646
17 73922988 0.5419
17 73935330 0.3482
17 73942103 0.2439
17 73945541 0.0609
17 73964524 2
17 73966520 2
17 73974198 2
17 73975030 2
17 73990810 0.22791098441872
17 73992922 0.625630608053333
17 73996287 1.34319448708507
17 74021847 0.449548700322034
17 74036187 2
17 74036443 2
17 74041154 0.4697
17 74043161 0.1544
17 74043182 0.492
17 74044631 0.1404
17 74046107 0.4554
17 74047457 0.4554
17 74047731 0.4554
17 74048470 0.1473
17 74049030 1.0091162853328
17 74050508 1.95447590637125
17 74069752 0.50748418379904
17 74096964 2
17 74099956 2
17 74106935 2
17 74109548 0.0193405839695973
17 74111367 2.2967
17 74118213 2
17 74151162 0.772161448864428
17 74169302 1.30141476508512
17 74171446 2
17 74196927 2
17 74201423 2
17 74202236 0.460600459968475
17 74226588 0.2689
17 74251656 2
17 74253507 2
17 74253539 2
17 74271381 2
17 74274443 2
17 74279123 0.902972611313997
17 74282731 0.253814673069576
17 74293916 5e-04
17 74323946 2.9027
17 74324169 0.3912
17 74324896 2.0617
17 74329596 3.1145
17 74330510 0.5853
17 74332033 1.5184
17 74335076 0.3306
17 74335799 0.5853
17 74337341 3.2445
17 74339257 0.3945
17 74340949 2
17 74341417 0.0217
17 74352602 2
17 74358899 2
17 74374920 2.9027
17 74383585 0.810993167878557
17 74390304 5e-04
17 74395372 0.0561
17 74410767 0.1059
17 74412906 5e-04
17 74431541 2
17 74433194 3.0378
17 74437177 2.8755
17 74437651 2.9027
17 74444708 0.296020183483101
17 74455648 2
17 74456564 2
17 74458195 2
17 74463155 2
17 74468368 2
17 74482521 1.3678
17 74482836 0.111
17 74497180 0.706283360141156
17 74517414 1.97866816584198
17 74531579 1.82935899870375
17 74534043 1e-04
17 74541106 2
17 74555513 2
17 74568290 2
17 74568901 1.6667
17 74571889 2
17 74575391 2
17 74580431 0.452800867085807
17 74591814 2
17 74593296 0.260355402918288
17 74594348 0.527456127736839
17 74595518 2
17 74597553 2
17 74599415 2
17 74599793 2
17 74600273 0.959211854291246
17 74606101 2.01053824372977
17 74612253 0.5215095269237
17 74616831 1.20882327434619
17 74618472 2
17 74624672 2
17 74624819 2
17 74630383 2
17 74636525 2
17 74636771 2
17 74643568 5e-04
17 74646917 0.913345059311967
17 74652823 0.455265711237135
17 74656791 0.0434701071014721
17 74679993 2
17 74691926 0.1235
17 74705815 0.1036
17 74720763 0.4047
17 74735187 2.4917
17 74776559 2
17 74776709 2
17 74786337 2
17 74786587 2
17 74840425 4e-04
17 74848566 1.05197948056749
17 74853217 1.32438011786861
17 74913125 1.67499641072362
17 74938901 1.1326
17 74969165 5e-04
17 74969922 0.839683914221413
17 74986573 1.5791
17 74996561 0.0053
17 75004256 2.1063
17 75022811 0.922878182089075
17 75027075 0.689102138301311
17 75053342 1.05885056575897
17 75056554 0.23525571598726
17 75069787 1.98697428315129
17 75070883 1.10693791243788
17 75071269 1.03658219062554
17 75073110 0
17 75095807 0.221385026393898
17 75096692 0.1674
17 75101146 0.906411591837923
17 75101236 1.16403585176586
17 75102513 0.0344186170507563
17 75119413 0.5872
17 75119446 0.849484552307588
17 75173799 0
17 75177080 3.1148
17 75193552 0.8864
17 75205382 0.8584
17 75210384 0.8584
17 75233430 0.1104
17 75234761 0.1169
17 75249170 1.3336
17 75257287 0.1466
17 75265334 0.8584
17 75275979 0.2323
17 75276529 5e-04
17 75279697 2
17 75280025 0.0263
17 75288101 1.0399
17 75289636 2.45444830607772
17 75292987 1.3043
17 75314548 0.0241
17 75322823 0.0241
17 75325606 0.1861
17 75335418 1.3145
17 75337910 0.832320232772726
17 75343822 0.1789
17 75347263 0.1789
17 75353416 0.1179
17 75357877 1.2264
17 75358719 2
17 75359507 0.0273
17 75369590 0.1244
17 75374743 0.43378762451151
17 75382359 0.1244
17 75383791 0.1244
17 75385058 2
17 75389307 0
17 75398703 0.1244
17 75400749 2.2073
17 75408585 0.1244
17 75410051 5e-04
17 75412743 0.0729
17 75421581 0.079
17 75424433 2e-04
17 75438763 0.1367
17 75442792 0.0617
17 75461945 1.1383
17 75462011 0.0658
17 75465681 8e-04
17 75465849 1.8364956600149
17 75497793 0.805829098332696
17 75512335 0.0617
17 75527775 0.510411338502392
17 75542237 0.200110571613414
17 75543799 0.320479684270331
17 75547173 2
17 75547692 2
17 75548858 2
17 75549684 0.0946
17 75554580 2
17 75560526 0.135020751476066
17 75563548 0.194384250873134
17 75564137 0.814786404095749
17 75564879 5e-04
17 75566796 2
17 75574637 2
17 75574949 2
17 75576341 2
17 75581487 2
17 75582370 2
17 75588584 2
17 75589467 2
17 75593277 2
17 75600906 5e-04
17 75610229 0.8989
17 75617578 2
17 75617582 2
17 75617895 2
17 75619807 2
17 75619882 2
17 75646201 2
17 75673835 2
17 75689222 2
17 75739245 0.316601467553821
17 75750346 0.0735
17 75753564 2.4105
17 75759437 2
17 75769230 2
17 75800685 0.0291
17 75814365 2
17 75829583 0.0794
17 75839200 2
17 75848667 2
17 75850233 2
17 75857186 0.369071801229881
17 75860386 0.0291
17 75871233 2
17 75886732 5e-04
17 75953837 2
17 75958769 2.04580331707115
17 75974807 0.400217989066112
17 75988993 2
17 75999345 2
17 76000806 2
17 76007724 0.350618224532957
17 76021619 2
17 76040387 0.7237
17 76043124 2
17 76062553 2
17 76102794 0.7897
17 76107267 2
17 76121268 0.6571
17 76122534 2
17 76123294 2
17 76123343 2
17 76123559 2
17 76128852 0
17 76208942 2
17 76245755 2
17 76256144 0.257
17 76257725 2
17 76271147 1.3889
17 76284481 2
17 76290025 0.7118
17 76295138 0.656154555363109
17 76305019 2
17 76314281 2
17 76314514 2
17 76315861 2
17 76319096 0.9639
17 76322042 2
17 76325914 2
17 76330475 0.343464171218443
17 76338988 0.1347
17 76340928 1.4782
17 76360170 1.0399
17 76402424 1.23095358405879
17 76409198 1.00059432243501
17 76410046 0.968876978386449
17 76424862 0.980588997445795
17 76434228 0.368516893775322
17 76436480 0.0222899632712383
17 76444468 2.11774897076115
17 76459919 0.505657776387945
17 76462591 2
17 76466893 2
17 76510725 5e-04
17 76510727 5e-04
17 76510735 5e-04
17 76518004 0.0783238524237842
17 76519243 0.385504333033379
17 76525718 1.11168371304323
17 76540251 0
17 76540255 0.911
17 76551918 1.57530829633711
17 76552033 1.02210037051518
17 76552881 2
17 76556622 2
17 76561721 5e-04
17 76564478 1.74332759878111
17 76566865 2
17 76577450 0.75528836637084
17 76579107 0.298955497262546
17 76582459 2
17 76583565 2
17 76583794 2
17 76584060 1.5994
17 76588977 2
17 76590433 2
17 76599515 0.876374460139627
17 76599760 1.08719051143974
17 76606807 0.297188221736129
17 76607619 2
17 76607694 2
17 76608809 4e-04
17 76610545 2
17 76628096 0.123844806672716
17 76649404 2
17 76650211 2
17 76650580 2
17 76655192 2
17 76666702 0
17 76694261 2
17 76698238 2
17 76710840 5e-04
17 76711824 2
17 76716923 2
17 76753035 0.1609
17 76794704 0.883192400277599
17 76797256 2
17 76806474 2
17 76810081 0.0389
17 76812652 0.0389
17 76814940 2
17 76817065 2
17 76817809 0
17 76825683 2
17 76848741 2
17 76867928 2
17 76887533 5e-04
17 76912232 0.2594
17 76917127 1.00424021741526
17 76917623 2.38838254425694
17 76918483 0.905306673479143
17 76919925 2
17 76923094 1.25080968661012
17 76923131 0.539826332118111
17 76924099 2
17 76925407 0.363045589484058
17 76927907 0.405923041590036
17 76931640 2
17 76937117 0.9368
17 76945178 2
17 76946924 2
17 76954931 2
17 76986767 2
17 76993845 0.237761496485238
17 76993875 0.0386
17 76996995 2.0246016078232
17 76997834 0.1505
17 77003432 0.0711330647520646
17 77004303 1.1688
17 77007682 1.59042993328691
17 77007984 0.370968992671299
17 77015263 1.00181255469646
17 77015881 0.185506644587347
17 77029783 2
17 77042234 2
17 77043674 2
17 77052953 1.50078106036227
17 77053164 2
17 77057754 2
17 77071235 2
17 77074245 2
17 77080152 2
17 77084157 0.448531059429762
17 77085512 0.9518
17 77089352 2
17 77092724 0.44161744435184
17 77100407 0.754117595243452
17 77108057 2
17 77110708 2
17 77119544 2
17 77120091 0.9412
17 77126499 2
17 77137741 2
17 77152913 1.1688
17 77154675 2
17 77179968 2
17 77187830 2
17 77189764 2
17 77211463 2
17 77211884 2
17 77229664 2
17 77233801 2
17 77242873 0.368890728772538
17 77249787 0.65601460382975
17 77252540 3.09130626961759
17 77254449 0.0511
17 77259879 0.958936425901591
17 77288731 0.2415
17 77296117 0
17 77310739 2
17 77312589 2
17 77315575 2
17 77328392 2
17 77341885 1.4547
17 77345692 2
17 77351099 2
17 77352593 2
17 77355850 2
17 77356535 0.3303
17 77363482 2
17 77383190 0.0329
17 77389063 0.289639934786278
17 77392022 2
17 77404227 0.474393695474575
17 77406702 2
17 77410784 2
17 77419355 2
17 77431108 2
17 77444580 1.6531352020912
17 77484580 2
17 77484991 0.3015
17 77489450 1.18408260764222
17 77493200 0.358619926762778
17 77498983 1.00245411481106
17 77501356 0.873604973377037
17 77511597 0.426386338046695
17 77522571 1e-04
17 77525013 2
17 77526018 2
17 77539015 2
17 77544463 1.20095549310601
17 77556231 0.3269
17 77569165 2
17 77576469 0.5766
17 77581695 1.43257227300189
17 77584314 2
17 77586965 2
17 77588078 0.700925080430454
17 77594267 2
17 77611154 0.867761073553009
17 77613438 1.6438
17 77625074 1.05848248274151
17 77652906 2
17 77662383 2
17 77673890 1.97525140208353
17 77678873 0.0636
17 77684885 2
17 77687857 2
17 77688168 2
17 77694238 2
17 77705055 2
17 77705700 1.08872017039997
17 77708787 1.69744487634876
17 77718563 0.3274
17 77718640 0.537042155882293
17 77718903 0.58527928196874
17 77722564 0.399126848921328
17 77740856 1.8626
17 77749917 2
17 77765867 2
17 77770457 2
17 77775921 0.0361064423955508
17 77777964 0.626388823276564
17 77784398 0.2032
17 77792826 2
17 77796646 2
17 77799180 0.2057
17 77802630 0.901
17 77815098 0.4918
17 77818449 0.7413
17 77841915 0.560316862737099
17 77842030 0.572579641338496
17 77844557 1.01905487864158
17 77852873 0.3121
17 77860847 2
17 77866627 0.5705
17 77883775 5e-04
17 77887898 0.599
17 77888711 0.51
17 77895554 1e-04
17 77913441 0.6737
17 77918770 0.646963417270741
17 77939189 1.28668576606408
17 77945558 1.2114584774355
17 77987492 1.9041
17 78042824 0.1505
17 78054848 0.0990055089467614
17 78060189 2
17 78074199 1.1874
17 78078604 2.36836789922328
17 78092370 1.524
17 78096472 0.464509131842617
17 78101558 1.524
17 78118882 0.28930243989551
17 78128765 0.9221
17 78132581 2
17 78136294 2
17 78141508 2
17 78142999 0.7509297138184
17 78156656 0.845061265643657
17 78157308 0.83163559260863
17 78186700 0.4342
17 78187521 2.2356
17 78198794 0.6379
17 78203635 0.0078
17 78212678 2.40860626398492
17 78213198 2
17 78213227 2
17 78217936 2
17 78218128 2
17 78227793 2
17 78232007 5e-04
17 78233902 2
17 78234900 1.10855848078032
17 78236268 2
17 78244813 0.95008795027356
17 78248202 2
17 78248347 2.5047
17 78251715 2
17 78257576 1.3565405562784
17 78283818 0.0107
17 78286221 0
17 78294867 2
17 78308683 0.886578072275882
17 78312294 0.810258633035348
17 78337050 1.62739681240406
17 78341438 2
17 78374815 2
17 78390837 2
17 78394116 2
17 78404177 2
17 78419074 2
17 78419134 2
17 78427962 2
17 78428300 2
17 78429959 2
17 78430641 2
17 78430907 2
17 78431651 2
17 78474193 2.54652553666741
17 78476087 0.0751829167851088
17 78476686 0.569258469798566
17 78476773 1.16552487094557
17 78478298 2.24694977749966
17 78482090 5e-04
17 78483101 1.53504713407834
17 78484684 2.3732
17 78484766 2
17 78496758 2
17 78510525 2
17 78513596 2
17 78518877 1.06324254936208
17 78525384 2
17 78535782 0.834123663694226
17 78538697 0.4471
17 78540647 0.396259915021911
17 78540683 0.4465
17 78541115 5e-04
17 78542448 0.4535
17 78543281 2
17 78548339 0.999086220296793
17 78553817 0.183232328692607
17 78572102 2
17 78575497 0.657206109983229
17 78578252 0.289625463796557
17 78582226 0.92510031241021
17 78584942 0.732462984061659
17 78586101 0.167424365040438
17 78595746 1.41883897486251
17 78606814 2
17 78606816 2
17 78631644 5e-04
17 78634166 0.2013
17 78647017 0.0170177270780775
17 78647879 0.457962952172123
17 78652466 0.303883726163613
17 78658465 0.236654641038239
17 78671189 0.5543
17 78684882 2
17 78689959 0.643
17 78695176 0.062
17 78731373 0.8386
17 78756335 2.3419
17 78797803 0.0492
17 78805227 2
17 78838387 0.0058
17 78863914 0.0461
17 78866519 0.9878
17 78871914 2
17 78875969 0.0519
17 78880653 2
17 78909589 2.3036
17 78918076 2.3038
17 78928999 0.0141487701934013
17 78935197 0.271644458785314
17 78949385 0.3339
17 78952509 0.3339
17 78964833 2
17 78968449 0.401080338407302
17 78979073 5e-04
17 79001302 2.0202
17 79005423 5e-04
17 79006255 2.0005
17 79038359 1.4968
17 79079772 0.9762
17 79091723 0.7386
17 79115130 1.32747167066459
17 79118965 1.0875
17 79123146 0.4859
17 79133423 0.9053
17 79143646 2
17 79145777 0.7821
17 79145860 0.7596
17 79149995 6e-04
17 79152018 2
17 79154933 2
17 79160793 1.5703
17 79161021 0.0181
17 79162303 0.0592
17 79171329 0.126579101582003
17 79186622 0.510278329047257
17 79188177 1.48731605318965
17 79190435 0.0684492696894418
17 79190520 2
17 79198630 5e-04
17 79222893 2
17 79223771 2
17 79224214 0.320759027427021
17 79225302 2
17 79236258 2
17 79246869 2
17 79252917 2
17 79267661 0.4468
17 79271224 1.01093613727227
17 79273614 8e-04
17 79275529 3.27096592241375
17 79280151 1.21300941249669
17 79292319 0.547013810950318
17 79306006 2
17 79308003 0.0897762664729315
17 79314906 5e-04
17 79318727 1.0789
17 79330456 2
17 79330700 2
17 79331700 2
17 79335613 2
17 79339268 2
17 79356372 5e-04
17 79359945 0.265979242002597
17 79367566 1.11898257281299
17 79369266 0.44258627202199
17 79369777 0.645249124652113
17 79370707 1.13131125577412
17 79373440 0.0633886854730334
17 79373728 2
17 79375509 0.052
17 79376339 2
17 79381129 0.016
17 79389099 0.347372537458636
17 79410075 2
17 79438504 2
17 79439554 2
17 79442230 0.5994
17 79442262 6e-04
17 79444849 0.1218
17 79445156 1.7277
17 79454956 0.8183
17 79456527 0.8183
17 79463825 2
17 79472416 2
17 79495557 6e-04
17 79499816 2
17 79508106 2
17 79511472 2
17 79512940 1.15507176234092
17 79554995 2
17 79559957 2.0026
17 79592409 5e-04
17 79598330 1.4373309859671
17 79599290 2
17 79620649 5e-04
17 79624839 2
17 79629112 2
17 79648633 2
17 79652567 5e-04
17 79656039 2
17 79656817 2
17 79660093 0.0078
17 79677550 1.3254
17 79682236 2
17 79689427 5e-04
17 79699655 2
17 79709358 2
17 79710532 2
17 79711417 5e-04
17 79724318 1.37173766123758
17 79725963 0.87847109002892
17 79726796 0.652060943665255
17 79729410 1.01057965578469
17 79740638 1.60653039859173
17 79744579 0.4839
17 79753322 2
17 79765731 1.9753
17 79810711 0.3088
17 79810713 0.3088
17 79839945 0.783752183192776
17 79851179 2
17 79852574 0.1328
17 79858413 2
17 79892668 2
17 79893815 5e-04
17 79893881 0
17 79894337 2
17 79895364 2
17 79901185 2
17 79910363 1.0746
17 79915881 0.1947
17 79922614 1.616
17 79930004 5e-04
17 79932777 2
17 79937483 1.94073969038043
17 79944608 1.7159
17 79945589 2
17 79973206 0.063
17 79981964 0.623047152045951
17 79984455 2.746071174883
17 79985258 0.0751595531675856
17 79994285 2
17 80017725 1.1983
17 80023649 0.6773
17 80024713 0.0261
17 80025589 1.69811315467189
17 80050854 0.8051
17 80050884 0.8051
17 80052032 2
17 80055683 1.0356
17 80069764 0.2387
17 80087554 0.2138
17 80098494 2
17 80099790 2
17 80103762 2
17 80107144 0.1787
17 80111414 0.1995
17 80113093 2
17 80113154 0.226
17 80119469 2
17 80120677 1.3481
17 80127222 0.172
17 80143075 0.494298897229795
17 80149033 1.8039
17 80155545 0.755811922068308
17 80162268 0.0664264389429028
17 80167111 0.2368
17 80170310 0.172
17 80171196 1e-04
17 80176136 0
17 80188371 2
17 80199049 0.355391551761593
17 80204371 2
17 80209619 1.5842
17 80224280 0.408721280625033
17 80224442 3.2942
17 80226377 0.0919
17 80233598 0.236601866551015
17 80254374 0.609147711687211
17 80274627 0.6005
17 80279301 2
17 80282633 2
17 80290414 2
17 80292960 2
17 80303733 2
17 80307854 2
17 80311571 2
17 80316510 2
17 80336876 0.3527658878806
17 80341931 2
17 80349101 0.359531807613946
17 80350248 2
17 80355359 5e-04
17 80355417 2
17 80355668 0.12751854742167
17 80355671 2e-04
17 80359636 2
17 80365174 0.2741
17 80371767 0.8906
17 80376983 1.5375
17 80381376 0.3188
17 80383259 0.2767
17 80401247 0.2474
17 80404855 5e-04
17 80434067 0.522530812995366
17 80436546 2.02460109984583
17 80446542 2
17 80474257 0.101673887589541
17 80476285 5e-04
17 80510627 0.827991630489276
17 80511447 0.5039
17 80514202 0.146
17 80525568 0.4836
17 80527050 2
17 80533513 0.4836
17 80534381 0.154347463679511
17 80536602 0.5039
17 80538061 0.151194502492896
17 80541138 0
17 80545369 0.252985239002043
17 80556128 0.21
17 80561473 0.8196
17 80563585 8e-04
17 80565290 0.8757
17 80567169 0.0276
17 80570203 0.8196
17 80574769 0.0053
17 80598610 0.8805
17 80602394 2
17 80602448 0.1173
17 80613940 0.903684121128505
17 80619021 0.711
17 80622358 2
17 80625855 2
17 80632695 4e-04
17 80634201 0.525683764602499
17 80634361 1.69768774071065
17 80634600 1e-04
17 80634636 5e-04
17 80638141 2
17 80643639 0.1873
17 80657007 2
17 80669761 2
17 80681512 0.288235230624821
17 80681813 0.2774
17 80684049 0.2774
17 80684399 0.9054
17 80686542 2
17 80686938 2
17 80690855 0.730850673841715
17 80699280 0.2691
17 80702806 0.0528542591376095
17 80705649 0.0257791596168393
17 80708623 2.3626673544145
17 80708669 0.9105
17 80709620 2
17 80710118 0.0269
17 80712766 1.04297336022291
17 80738271 2
17 80739190 2
17 80744889 0.9908
17 80748501 1.6708
17 80760591 1.85582881571479
17 80765872 0.7132
17 80768293 2
17 80768636 2
17 80777803 2
17 80781468 2
17 80781839 2
17 80792952 0.0135478164384454
17 80810005 1.7364
17 80813430 0.884077941425024
17 80840393 2
17 80841727 1.9842
17 80841928 0.853442356572805
17 80841960 0.306
17 80846412 0.469982128079926
17 80850478 1.07537508186777
17 80852411 1.33430036494922
17 80858830 1.12341559013356
17 80865361 0.4977
17 80870462 2
17 80876172 0.366275986576905
17 80876243 1.03832092185011
17 80877152 2
17 80877503 0.343598311632912
17 80877834 2
17 80893442 0.6222
17 80896202 1.05901441726082
17 80896465 4e-04
17 80898845 0.1556
17 80899153 0.294770962053094
17 80899406 0.525293187656651
17 80901000 0.518306557430281
17 80901383 1.51444733812017
17 80901869 0.1769
17 80910892 0.278016232360175
17 80913555 0.349468526037449
17 80922210 2
17 80923874 0.107485895466147
17 80934458 2
17 80937241 0.639069042580092
17 80940948 2.20226886538037
17 80943110 2
17 80946828 2
17 80953021 0.674601403225142
17 80956371 0.043607152801737
17 80969309 2
17 80970120 2
17 80980485 0.3088
17 80982461 2
17 80991810 0.3015
17 80993286 2
17 80993489 2
17 81016153 1.1795
17 81019683 2
17 81020932 2
17 81025415 0.308875534712868
17 81029851 0.339681495972966
17 81031946 1.11523805368403
17 81033050 0.563168454515841
17 81038897 0.683936979128707
17 81038901 0.736027386620946
17 81055948 1.4503426087845
17 81058215 0.0905
17 81069175 0.557574334769412
17 81078196 0.2716
17 81079278 0.0635828761396977
17 81081213 0.4793
17 81089373 0.4793
17 81091543 0.4793
17 81092290 0.022
17 81110272 0.4621
17 81121344 2
17 81124485 2.4365
17 81128077 1.6355
17 81128393 3.296
17 81132351 0.826328257576381
17 81138545 0.346849970281993
17 81140765 0.0214556089321144
17 81146058 1.523
17 81146292 2
17 81172271 1.4365
17 81176813 0.6224
17 81178998 0.6584
17 81181316 0.885954567692091
17 81183905 2.4029
17 81185625 0.091895671389217
17 81209563 0.1302
17 81212771 0.1122
17 81218199 0.3195
17 81231035 0.877
17 81234804 0.527600084896358
17 81239505 2.12776640090678
17 81239762 0.419953279271766
17 81245700 0.849846038013892
17 81249266 1e-04
17 81249529 0.335369489611136
17 81261988 0.68833943330316
17 81264203 0.0646327073645283
17 81275920 5e-04
17 81290360 0.312186563608421
17 81295999 1.0159278216827
17 81306111 1.9753
17 81313263 2
17 81327920 2
17 81328016 2
17 81336481 1.8229
17 81352822 0.076
17 81358971 2
17 81361778 2
17 81386770 2
17 81398689 2
17 81401887 2
17 81406149 2
17 81416439 5e-04
17 81425376 5e-04
17 81425666 5e-04
17 81428175 2
17 81457102 2
17 81457511 2
17 81462202 2
17 81478989 2
17 81490843 2
17 81496107 2
17 81504420 0.62970385939266
17 81504869 0.816233897249872
17 81505920 2
17 81514746 2
17 81521749 2
17 81531274 0.0214272276721129
17 81539735 2
17 81546100 0.1869
17 81554540 0.0621
17 81560512 2
17 81563005 2
17 81573572 0.1326
17 81580693 2
17 81581280 0.1328
17 81582224 2
17 81605227 2
17 81610101 2
17 81612155 2
17 81616345 2
17 81616445 2
17 81621280 2
17 81621531 2
17 81629785 0.3433
17 81637882 0.6428
17 81638125 0.6428
17 81639991 0.7332
17 81644384 1.25723412917476
17 81648279 0.7332
17 81650675 2
17 81671090 2
17 81673019 2
17 81682531 0.9468
17 81686281 1.2894
17 81710720 2
17 81720188 2
17 81742336 1.62187443903625
17 81808391 2
17 81818445 0.329401004042059
17 81824913 1.17241672335169
17 81835507 0.53696239077919
17 81847127 0.115447522691635
17 81860176 0.259095228157001
17 81877614 0
17 81879735 2
17 81927418 0.3015
17 81940768 0.5253
17 81963656 2
17 81964351 2
17 81970158 0
17 81970244 6e-04
17 82035536 1.24060175467654
17 82040486 0.14555399367226
17 82047052 1.1148
17 82050021 0.2769
17 82073095 1.2695
17 82093307 0.4198
17 82098713 0.000915777155475327
17 82099496 2
17 82101154 2
17 82103624 2
17 82103669 0.181
17 82111191 2
17 82120427 0.3919
17 82121045 0.3919
17 82121081 0.3919
17 82122092 0.3919
17 82128721 0.3919
17 82134742 0.4361
17 82135185 0.4361
17 82135266 0.4361
17 82135557 0.4361
17 82136700 2
17 82144597 2.0768
17 82148619 0.58204443467882
17 82149938 0.4361
17 82150244 0.0263
17 82153081 0.4361
17 82158927 0.4361
17 82165202 0.4361
17 82167384 0.0263
17 82169749 0.4361
17 82175532 0.811228053115681
17 82176611 0.4361
17 82177170 2
17 82186123 2
17 82197453 2
17 82197536 0.4361
17 82201090 0.4361
17 82201384 2.157
17 82212391 2
17 82212775 2
17 82219656 2
17 82219705 2.0768
17 82229592 2.5211
17 82256322 0.8672
17 82298477 0.0267
17 82318492 2
17 82319376 0.301626224192051
17 82326606 0.152157595667955
17 82328303 2
17 82332345 0.7397543275245
17 82336233 0.363546303523312
17 82337410 0.334135667102758
17 82337999 1.3636983174976
17 82343822 0.647405205459305
17 82349253 2.07584197828159
17 82359229 0.97078004719603
17 82373052 0.856238737455041
17 82382165 1.1825
17 82382503 0.31083338970602
17 82386044 0.5141
17 82388762 0.2719
17 82397487 0.634830548972044
17 82398099 0.2719
17 82398143 0.895230207732873
17 82401866 0.687309117176392
17 82409330 1.35173822094586
17 82417023 0.714
17 82419814 0.6424
17 82425053 0.6079
17 82437007 0.7964
17 82457439 0.5778
17 82458501 0.5778
17 82459483 0.5927
17 82490103 0.6235
17 82508689 0.83621702384427
17 82522617 1.05869319838162
17 82525000 2
17 82563897 1.6087
17 82570033 0.15874447312482
17 82575671 1.0295
17 82576005 0.0095
17 82577115 0.5371
17 82593944 2
17 82594230 2
17 82597974 2
17 82617975 2.64042095279016
17 82631565 2
17 82636081 1.06338248614566
17 82643549 2
17 82645315 1.5635
17 82646052 2
17 82655768 0.398451804515892
17 82662394 0.0968465380059994
17 82662641 1.07431751437342
17 82665230 1.1799671620999
17 82665315 0.499217961489191
17 82670961 1.0058
17 82671271 0.4197
17 82672073 0.0524
17 82675401 2
17 82676080 2
17 82678506 2
17 82690881 0.191
17 82703440 0.1537
17 82703882 1e-04
17 82706049 2.2073
17 82707407 0.847188511455764
17 82707715 0.776
17 82708018 0.337348387411557
17 82708402 0.420259855679183
17 82716963 0.8186
17 82724611 5e-04
17 82724877 0.4327
17 82726369 0.9842
17 82736264 1.60920978494136
17 82751954 2
17 82762297 0.3444
17 82764853 1.31278156821353
17 82774822 2
17 82783318 0.4688
17 82794911 0.3543
17 82801665 5e-04
17 82806567 0.3444
17 82808170 2
17 82827297 2
17 82832896 2
17 82834001 2
17 82839729 0.817776651468745
17 82846438 2
17 82860297 1.43200644702251
17 82870027 0.919201951133166
17 82872672 0.808617977088745
17 82903814 0.0519725420671444
17 82906247 0
17 82915191 0.5074
17 82923302 0.777758308461808
17 82937869 1.21322624144834
17 82949407 2
17 82965280 0.087
17 82966831 0.3677
17 82969252 2
17 82970640 0.740844828881303
17 82976942 7e-04
17 82981044 2
17 82984493 0.589891621205852
17 82988061 2
17 82997215 2
17 82998592 2
17 83009944 2
17 83021220 2
17 83033429 0.4788
17 83034391 0.2382
17 83035967 0.6591
17 83038766 0.7181
17 83049299 1.2211
17 83054186 2
17 83066325 2
17 83066706 2
17 83067478 2
17 83068199 0.0078
17 83068231 0.223957823015583
17 83068806 5e-04
17 83071718 2
17 83072063 2
17 83087846 2
17 83089386 2
17 83090399 0
17 83095608 0.0054
17 83102257 0.108513217677275
17 83103637 5e-04
17 83112886 0.1916
17 83119939 7e-04
17 83127775 0.893825089589535
17 83134752 5e-04
17 83134778 0.0263
17 83154324 2
17 83172925 5e-04
17 83173305 5e-04
17 83175352 2
17 83184594 2
17 83184980 2
17 83187766 2
