chr pos logPval
16 10570 1.34424209924254
16 21652 1.10588888087926
16 30204 1e-04
16 34373 2
16 42224 2
16 42843 2
16 48282 2
16 52490 5e-04
16 65819 0.52
16 70007 0.0232
16 72395 0.0756
16 76372 2
16 125728 0.4735
16 128692 1.4401
16 135124 0.3372
16 160212 0.679892658322954
16 160388 2
16 160436 1e-04
16 160765 2
16 171127 2
16 186039 2
16 197939 2
16 214643 2
16 233911 2
16 238010 2
16 250400 0.600902879314622
16 250642 1.93541686817422
16 253422 1.9465
16 266901 2
16 268087 2.1054
16 268244 2.5887
16 274403 2
16 276040 2
16 285947 5e-04
16 303582 1.1364
16 306689 1.0892
16 313213 1.3385
16 313415 2
16 326194 0.277704377747465
16 329947 0.5505
16 331141 2
16 331590 2
16 332064 1.5457
16 342392 1.71850382566627
16 345396 2
16 354750 1.1513
16 357388 1.5281
16 361678 2
16 364608 1.2597
16 365886 1.39
16 368429 2
16 369733 1.3514
16 369805 1.3514
16 370304 0.0087
16 370723 1.2433
16 373808 1.2597
16 376007 1.6382
16 377479 1.2111
16 378243 2
16 378386 1.0626
16 378458 1.2259
16 386012 2
16 389991 0.996719499326873
16 394230 2
16 394505 2
16 394605 0.0078
16 395418 2
16 396025 1.2852
16 411762 2
16 427619 2
16 432604 2
16 433737 2
16 445405 2
16 456612 2
16 460417 2
16 473610 2
16 481521 2
16 486686 2
16 490137 2
16 490221 1.3289
16 490421 2
16 494118 2
16 504117 5e-04
16 504512 2
16 515371 1.5842
16 528190 1.223
16 548838 2
16 550831 2.13408864127748
16 557373 1.11672263504916
16 563168 1.18217657340237
16 584791 1.36003501825655
16 584867 1.72077120139286
16 631280 0.4565
16 661712 0.468911937280652
16 709069 0.668
16 711180 2.1508
16 735717 0.478842100472923
16 746173 2
16 746189 2
16 746244 0.579149565498215
16 746337 5e-04
16 758803 0.0162
16 763768 1e-04
16 767559 4e-04
16 767824 2e-04
16 770328 2
16 770622 2
16 772510 0.755693480566526
16 783167 3.5888
16 787310 2
16 789947 2
16 790014 2
16 795500 1e-04
16 795591 0
16 795627 3.1891
16 806239 1.8183
16 820711 2
16 823141 0.0815
16 827115 0.4735
16 827681 2
16 843279 2
16 846799 0.246379549941503
16 848013 3.1233
16 852036 1.1319
16 859735 2
16 874515 2
16 885480 3.4861
16 890861 2
16 892204 2
16 892268 2
16 894137 0.14913171878692
16 897988 2
16 898303 2
16 908506 1.1968
16 910725 2
16 913337 1.6627
16 921383 0.407472799416161
16 921775 0.41712768141095
16 922678 1.54503468404574
16 929006 1.6627
16 933163 1.2221
16 936454 2
16 937118 2
16 944791 1.84
16 947183 2
16 947496 2
16 949097 2
16 949872 2
16 950805 5e-04
16 951801 2
16 952365 2
16 952395 2
16 953966 0.682430797717148
16 956882 1.8467
16 960318 0.622885164554272
16 963537 2
16 965753 2
16 969455 1.04235743184902
16 970343 2
16 974588 1.8053
16 977099 2
16 978097 2
16 986860 2
16 996630 2
16 1005243 0.210143838502922
16 1023849 0.6019
16 1041278 5e-04
16 1054612 2
16 1055873 1.9347
16 1056085 0.0126
16 1056693 5e-04
16 1063695 2
16 1069633 0.4851
16 1072655 0.98333832532353
16 1074274 2
16 1102722 0.206007373912552
16 1103022 0.3839
16 1114062 2e-04
16 1140655 1.3914
16 1143146 0.542606235685819
16 1144047 2
16 1185615 0.0403462377899415
16 1185654 2
16 1185657 0.447010461880876
16 1185669 5e-04
16 1196748 2
16 1197337 2
16 1199494 2
16 1202737 0.230791514619789
16 1205885 0.393165653441233
16 1229041 0
16 1231098 1e-04
16 1231149 1.34125024400854
16 1239085 0.6054
16 1248272 0
16 1256376 1.2459
16 1258803 1e-04
16 1258866 0.49586606227911
16 1264785 2
16 1265796 2
16 1266764 0.6358
16 1271192 1.06223506366606
16 1275433 1.192
16 1292840 2
16 1294290 0.4632
16 1304411 0.887949858316039
16 1308425 6e-04
16 1312818 0.4568
16 1319729 0.4568
16 1321495 0.4568
16 1323918 0.4568
16 1326385 2
16 1331706 0.4568
16 1333910 0.4632
16 1338092 0.1641
16 1340406 0.138516131429427
16 1340544 0.2289
16 1343019 0.4484
16 1345583 2
16 1355536 0.3842
16 1359691 3.1637
16 1369304 0.0754
16 1370486 0.0577
16 1402759 0.0696
16 1406934 0.0078
16 1416298 0.0696
16 1425550 2
16 1425686 2
16 1427472 0.1071
16 1441877 0.7111
16 1441967 0.6879
16 1459463 5e-04
16 1462101 0.7351
16 1480839 1.06346985859819
16 1480859 1.27415749907038
16 1489721 1.112
16 1491885 0.171836265949717
16 1513915 0.8067
16 1516596 0.6976
16 1522313 0.6908
16 1544375 2
16 1572107 2
16 1583099 2
16 1644224 2
16 1697584 2
16 1709756 2
16 1714261 2
16 1740064 0.468311154679494
16 1740296 2
16 1754356 2
16 1788374 2
16 1797307 2
16 1798816 2
16 1799865 2
16 1810195 0.266
16 1816302 2
16 1822016 2
16 1825102 2
16 1826950 2.9996
16 1827557 2.3072
16 1829513 2.3072
16 1830148 2.3072
16 1831484 2.3072
16 1831493 2.3072
16 1832970 0.0711593950036457
16 1833278 1.9045
16 1835209 2.3072
16 1844004 2.3072
16 1844960 2.3072
16 1845030 2.3072
16 1855092 1.0842
16 1855226 1.0842
16 1856134 1.0842
16 1858217 1.0842
16 1864487 0.67828279772547
16 1864680 1.0842
16 1865033 1.0842
16 1865387 1.0842
16 1866450 1.0842
16 1867173 1.0842
16 1867506 1.0842
16 1867997 1.0842
16 1870315 1.0842
16 1870988 1.0842
16 1878928 1.0842
16 1880464 2
16 1883988 1.0842
16 1903150 2.3072
16 1904507 2.3072
16 1911067 0.6752
16 1911240 0.6752
16 1912998 0.7035
16 1913519 0.7035
16 1914367 0.4887
16 1916188 0.7035
16 1924794 0.6348
16 1931923 2
16 1944646 0.3536
16 1947613 2
16 1960225 0.1198
16 1964978 2
16 1971104 2
16 1976890 2.43712067115182
16 1988624 2.7095
16 1992352 1.4369
16 1994806 0.36401796820174
16 1999848 1.7375
16 2000634 2
16 2003793 0.410175133749743
16 2009996 1.6616
16 2018769 0.655038072945854
16 2024035 1.49077436368995
16 2035679 0.6607
16 2035996 0.5666
16 2065818 2
16 2071000 2
16 2078867 2.2087
16 2080780 1.8202
16 2088268 0.247623507519316
16 2095279 2
16 2096281 2
16 2106849 2
16 2111795 2
16 2125322 2
16 2128424 2
16 2164169 0.0076
16 2194530 0.4455
16 2195973 3.2952
16 2199324 0.406
16 2201272 2
16 2213515 0.5441
16 2214646 0.3015
16 2214748 5e-04
16 2214776 5e-04
16 2214852 2
16 2249716 2
16 2252616 0.5877
16 2271207 2
16 2278649 2
16 2293475 2
16 2293715 0.447870238888167
16 2306823 0.326152623287264
16 2377131 0.3553
16 2389122 0.2474
16 2397150 0.239
16 2404104 0.2306
16 2413986 0.2474
16 2418061 0.239
16 2419242 0.239
16 2420044 0.3123
16 2436181 0.2471
16 2445726 2e-04
16 2445729 0.2386
16 2592003 1.3097
16 2604393 2
16 2657812 2
16 2731842 1.80550666935164
16 2741630 0.4017
16 2745466 0.481766463299954
16 2768703 0.1062
16 2772853 8e-04
16 2773569 0.1062
16 2784710 1.51987576650533
16 2784825 1.18014340621456
16 2787277 5e-04
16 2790239 3.1176
16 2795201 0.799878762548734
16 2797431 0.88754373624787
16 2798195 3.7211
16 2798985 0.00904542769738147
16 2799514 0.560299418301421
16 2800231 0.333841567261766
16 2802012 0.360707087719514
16 2813465 1.21749445634451
16 2816585 0.0760874403953526
16 2824063 0.192194027675265
16 2834307 1.02288935017079
16 2839403 0.101720265017973
16 2844239 0.1078
16 2846187 0.6387
16 2864686 1.1068
16 2873598 0.6237
16 2877416 2
16 2878109 2
16 2884725 2
16 2885316 5e-04
16 2897916 2
16 2900832 0.0632
16 2902240 2
16 2903144 2
16 2903686 2
16 2905732 1e-04
16 2919855 2
16 2922230 2
16 2924415 2
16 2927261 2
16 2928563 2
16 2932082 2
16 2938618 2
16 2939631 2
16 2940528 2
16 2945567 2
16 2947502 2
16 2948106 2
16 2953809 1.06720421766239
16 2959122 2
16 2972260 2
16 3002757 2
16 3032477 2
16 3042384 0.405653567379327
16 3047939 2
16 3054671 0.7992
16 3056403 0.0586133979804684
16 3063897 0.898
16 3066169 0.3584
16 3070718 2
16 3071083 2
16 3080139 1.7303
16 3093949 0.395439930410354
16 3114698 0.849577206516628
16 3139378 2
16 3142672 0.5433
16 3144829 0.555
16 3149712 2
16 3153063 0.3561
16 3162913 2
16 3163362 2
16 3163418 2
16 3164963 2
16 3172360 0.271702496389421
16 3186257 2
16 3186806 0.421
16 3186845 2
16 3190880 0.853
16 3202629 2
16 3204418 1.7685
16 3211530 2.3491
16 3242874 0.199
16 3249749 0.199
16 3253310 2
16 3255732 2
16 3260321 2
16 3270419 3e-04
16 3276038 0.7184
16 3299328 0.441261046530065
16 3320894 0.568460101816109
16 3341086 0.087
16 3345190 0.845354429984093
16 3346319 1.0744
16 3347554 0.087
16 3347848 0.307
16 3349665 0.087
16 3355217 0.087
16 3356626 1.0744
16 3357710 0.087
16 3362582 2
16 3362861 2
16 3364937 2
16 3366354 2
16 3369410 2
16 3371415 2
16 3401881 2
16 3405729 2
16 3406622 3.1813
16 3414762 2
16 3420600 1e-04
16 3429807 2
16 3439644 2
16 3443495 0.977056054042183
16 3467787 2.2244
16 3469211 1.3253
16 3489156 5e-04
16 3490156 2
16 3490968 0.61
16 3491039 0.61
16 3492802 2.7608
16 3506963 2.7608
16 3529465 1e-04
16 3561018 2.6433
16 3562701 2.6168
16 3572665 2.6255
16 3578078 2.6343
16 3585098 1.7142
16 3598618 2.6433
16 3609259 1.9996
16 3613917 1.0457109495975
16 3614008 1.156
16 3653880 1.5859
16 3660096 0.2944
16 3660954 2
16 3667755 0.5157
16 3705367 1.44389909997507
16 3710880 0.907948000418681
16 3762395 2
16 3882220 0
16 3889428 3e-04
16 3899934 0.520439962346819
16 3913715 0.6714
16 3918474 0.718638654778341
16 3919174 2
16 3927800 0.5714
16 3932879 1.2697346580746
16 3943153 1.541
16 3972702 2
16 3977422 0.7004
16 3989592 0.7307
16 3993174 2
16 3995366 0.301184120823099
16 4014779 5e-04
16 4017096 1.85828766213869
16 4028512 0.4898
16 4041807 0.9566
16 4078952 2
16 4082713 0.987032513034468
16 4085349 2
16 4085757 1.7434
16 4086156 1.2263627165726
16 4095643 1.0668
16 4098157 0.0632022306147317
16 4100529 1.1078
16 4101998 2
16 4105677 2
16 4113172 2
16 4117010 2
16 4126363 0.482713341188514
16 4128472 0.554926072093059
16 4129222 0.732720704037619
16 4131763 0.559672512600764
16 4134763 1.78587026653429
16 4157933 0.201099955587089
16 4165073 0.884886450613683
16 4174262 0.6314
16 4181292 0.0078
16 4182503 2
16 4185719 1e-04
16 4185923 2
16 4190242 2
16 4196223 0.357342409804349
16 4196981 0.702175646334723
16 4201485 0.172640020573585
16 4201829 0.0897
16 4202638 2
16 4209668 1.0508
16 4225784 2.2683
16 4226055 0.459
16 4228239 1.00795543487149
16 4231388 1.5588
16 4234116 1.5588
16 4235917 1.5388
16 4242001 1.6683
16 4244230 2
16 4259368 2
16 4290304 2
16 4293615 1.8593
16 4293838 0.7804
16 4296398 2
16 4344364 0
16 4344530 1e-04
16 4350282 2
16 4384373 2
16 4410048 2
16 4421732 5e-04
16 4427005 0.0692
16 4480596 2
16 4485306 2
16 4510300 2
16 4521644 2
16 4527089 2
16 4538393 1.1648
16 4543238 2
16 4598369 0.0075
16 4622654 0
16 4626729 0.1132
16 4630731 0.5233
16 4631902 0.0075
16 4658541 2
16 4659635 0.170518061107956
16 4660778 0.563799186355142
16 4674664 0.8545
16 4690601 2
16 4706437 2
16 4719945 5e-04
16 4720803 1.4162
16 4722809 2
16 4726125 2
16 4760038 0.0330531006034975
16 4764654 2
16 4765601 0.7937
16 4790468 2.8716
16 4793058 2
16 4805810 5e-04
16 4854247 2
16 4865386 1.5894
16 4876001 0
16 4890209 0.529324334316305
16 4892514 2
16 4893896 0
16 4911413 0.0549
16 4912112 2
16 4912688 1.7255
16 4918044 2
16 4919560 1.00282293937602
16 4920319 0.556764818132257
16 4920801 0.4395
16 4933064 0.0502
16 4934995 0.0502
16 4948979 1.0433
16 4952657 2
16 4955279 2
16 4957174 2
16 4960758 0.3935
16 4964404 0.3935
16 4969977 2
16 4970842 2
16 4977077 2.9779
16 4978989 1.29677126519954
16 4989504 0.953368242137125
16 4990716 2
16 4994731 0.9818
16 4999247 2
16 5003160 0.1874
16 5011084 0.0765
16 5017148 2.2653
16 5058259 0.243218619732299
16 5062950 2
16 5070417 0.483999588999439
16 5082471 2
16 5087434 2
16 5093261 2
16 5100426 0.1326
16 5101761 2
16 5104736 2
16 5104880 2
16 5107217 2
16 5109236 0.0745
16 5112025 2
16 5112938 1.2694
16 5119099 2
16 5124488 2
16 5126434 2
16 5130290 2
16 5136683 1.9206
16 5141252 3.2292
16 5141259 2
16 5144911 0.5408
16 5151253 2
16 5152140 2
16 5153660 0.990899770894566
16 5153972 0.881403734319955
16 5165419 0.874
16 5177947 5e-04
16 5185047 0.0819
16 5194274 2
16 5198223 0.4201
16 5199999 1.3066
16 5202534 0.446365746532745
16 5203625 1.83082304668314
16 5203781 1e-04
16 5226230 2
16 5230286 0.179057626443958
16 5235344 0.6208
16 5237274 0.7059
16 5243511 2
16 5249584 2
16 5253991 2
16 5262447 0.3738
16 5273725 2
16 5275755 2
16 5276309 2
16 5278777 0.955543277185484
16 5282603 2
16 5284809 3.0614
16 5286919 2
16 5288312 1.4446
16 5289998 2
16 5290044 1.78400064247679
16 5294903 0.3669
16 5302608 2
16 5305178 2
16 5310348 2
16 5314389 2
16 5322480 0.079530183959519
16 5341539 0.0162
16 5358912 0.878246848870171
16 5361339 2.2179
16 5366050 0.3217
16 5366312 0.5312
16 5371472 2
16 5373744 1.59260001462195
16 5377614 0.663323544571491
16 5384585 0.3725
16 5384818 2
16 5390139 0.6662
16 5390826 0.6662
16 5410059 0.553395251594502
16 5418779 2
16 5419995 0.1247
16 5422502 0
16 5426757 2.3698
16 5429167 2
16 5431485 0.0793
16 5440854 0.1369
16 5451935 0.9311
16 5454771 0.0073
16 5458281 1.2208
16 5483449 0.0474716573941259
16 5493838 2.2884
16 5523747 0.345810110956184
16 5524878 2
16 5527054 2
16 5527160 2
16 5528129 0.508154997856611
16 5528386 2
16 5529837 2.04748276369766
16 5532681 2
16 5538450 0.475054148638531
16 5538528 2
16 5540566 0.0676588020902175
16 5541352 1.25714276335434
16 5545184 2
16 5546980 2.58664427233371
16 5561120 1.04763365721193
16 5572466 0.5622
16 5575619 0.0636
16 5577736 0.0636
16 5582233 2
16 5582572 0.37638374502209
16 5590545 2
16 5594670 2
16 5594900 2
16 5595304 2
16 5595846 2
16 5597753 0.815
16 5612212 0.418082671572961
16 5623216 2
16 5632940 2
16 5636634 2
16 5638473 2
16 5645275 5e-04
16 5647394 2
16 5661290 2
16 5678635 2
16 5687520 2
16 5693175 2
16 5700716 1.27242669148006
16 5705561 2
16 5718868 2
16 5719347 0.822552519577671
16 5724956 1.08430177274368
16 5725563 0.632377923727727
16 5729426 1.65073725856526
16 5730359 0.122035696533202
16 5734304 2
16 5739628 0.7402
16 5740931 0.7402
16 5742822 0.7402
16 5743414 0.7402
16 5769674 0.537696462702029
16 5769959 0.613907648224644
16 5773676 0.7402
16 5785172 0.7402
16 5789286 2
16 5792659 2
16 5793086 2
16 5804109 2
16 5804373 1.0160194658502
16 5806800 1.0048080279644
16 5807915 2.48071914470221
16 5815490 2
16 5817687 2
16 5825056 2
16 5827662 1.7015
16 5828437 1.8357
16 5842125 2
16 5850888 2
16 5856007 0.543280845279062
16 5870510 1.1214
16 5884067 0.3401
16 5894895 2
16 5901331 2
16 5903128 2.3655
16 5904314 1.1703656848025
16 5905048 2
16 5911841 1.23257994659392
16 5912940 0.932781451546761
16 5916824 0.441632816035731
16 5926834 0.18209806351845
16 5930172 0.512639167131897
16 5937350 2
16 5944223 0.714310695631762
16 5946553 1.1775
16 5947706 2
16 5954210 0.9724
16 5955283 5e-04
16 5968603 1.77008299640035
16 5969940 0.341920298086164
16 5982162 2
16 5983827 2
16 5995372 0.694719736748
16 5997519 1.5308
16 6016290 5e-04
16 6017943 0.4449
16 6018678 2
16 6020167 2
16 6021909 2
16 6031911 2
16 6044556 0.2066
16 6044876 2.7151
16 6061052 0.9059
16 6066098 2
16 6066111 0.472760114637073
16 6068286 2
16 6071954 2
16 6079163 0.5801
16 6079283 0.7296
16 6083792 1.9094
16 6089079 5e-04
16 6089659 0.4086
16 6098029 2
16 6107487 2
16 6111221 2
16 6113123 1.9206
16 6114305 1.8084
16 6116036 0.127594493184817
16 6127840 1.05593503689261
16 6147834 2
16 6153501 2
16 6153737 2
16 6154962 2
16 6155565 2.5695
16 6158910 0.765719690757479
16 6162009 2.2111
16 6165140 2
16 6170437 2
16 6172887 1.35237333722306
16 6173828 0.379155510036702
16 6175853 0.388936455400472
16 6176242 0.530018136882409
16 6183479 0.530390799974177
16 6191564 2
16 6195229 2
16 6209334 0.8375
16 6214423 1.702
16 6220844 0.70779475294943
16 6221979 2.9779
16 6223546 2.5828
16 6229093 2
16 6230392 1.31750178293148
16 6233063 0.923948161049704
16 6234529 0.564547888537747
16 6235090 2
16 6235409 1.17900849417551
16 6235542 1.97314394341214
16 6250260 0.283143668407144
16 6250350 1.85960790045403
16 6250489 0.817093813795463
16 6253868 0.348444920296632
16 6257979 0.90523441030602
16 6264934 1.72437379115416
16 6266566 0.0228740302410985
16 6292329 0.648670626728459
16 6293597 0.1203
16 6293746 0.1005
16 6310448 2
16 6310886 0.183677727307337
16 6311404 2.4948
16 6314961 2
16 6317543 2
16 6321696 2
16 6347426 0.7409
16 6350687 2.3148
16 6351073 0.7409
16 6351464 2
16 6359154 2
16 6361671 2
16 6363249 2
16 6371228 1.33771405383578
16 6388351 1.1724
16 6391207 2
16 6398021 0.7362
16 6398290 2
16 6400462 2
16 6403644 2
16 6406221 2
16 6408468 2
16 6410148 2
16 6413477 2
16 6420748 2
16 6422035 2.4561
16 6424108 3.1938
16 6450832 5e-04
16 6454023 2
16 6454822 0.5157
16 6461406 2.4248
16 6484935 0.6601
16 6488243 1.7219
16 6489668 1.7219
16 6494059 1.3232
16 6494768 1.317
16 6497564 0.279866101743975
16 6507750 1.2891
16 6515773 2
16 6518845 4.1857
16 6523259 1.39465390333422
16 6525299 0.0160845944052552
16 6527412 1.04079621724744
16 6536271 0.0716
16 6536623 2.0005
16 6537246 0.0823
16 6537712 1.5951
16 6541470 2
16 6543867 2
16 6560381 0
16 6565804 0.173725809255563
16 6585192 2
16 6586807 0.9957
16 6587076 1.0665
16 6588265 0.9957
16 6594695 5e-04
16 6595183 0.9553
16 6595305 0.9553
16 6600750 2
16 6610934 1.03303017556422
16 6611209 2
16 6612590 0.464
16 6616972 2.0478
16 6634720 6e-04
16 6642329 1.0033
16 6642979 0.0518
16 6644758 0.140055881461195
16 6647813 1.2099
16 6648385 1.18318776066077
16 6649306 2
16 6652172 0.5889
16 6654473 1.2259
16 6654479 1.2259
16 6655246 1.2099
16 6656233 1.3043
16 6658927 0.8754
16 6658940 2
16 6664089 2
16 6673612 2
16 6676148 1e-04
16 6676150 2
16 6676570 1.381
16 6676590 2
16 6676802 2
16 6678052 2
16 6702074 2
16 6712248 3.0233
16 6713127 3.0085
16 6713775 3.0085
16 6722080 0.256111056109753
16 6723807 0.480511392857183
16 6726205 0.440728183200607
16 6731590 0
16 6738870 2
16 6751928 0.8583
16 6755153 2.25821988570021
16 6755736 2
16 6755912 0
16 6758012 0.72208824450545
16 6761190 0.0467
16 6768336 1.3952
16 6797980 0.1725
16 6804379 1.46803817493171
16 6811716 2
16 6817086 2
16 6820384 0.37117071499596
16 6820993 0.341977947629085
16 6823066 0.507
16 6831468 2
16 6835854 1.04706617775474
16 6840578 2
16 6841851 2
16 6842618 2
16 6846706 0
16 6849889 0.196761980608608
16 6852721 0.2715
16 6855923 2.2073
16 6858863 0.5536
16 6866234 0.2811
16 6866393 2.1804
16 6866505 0.0784841957336796
16 6869320 2.1804
16 6875545 2
16 6878471 2.1804
16 6878564 2
16 6880377 0.2523
16 6881273 2
16 6887560 2.99030357136242
16 6890364 2
16 6894188 2
16 6896626 2.2073
16 6899020 0.8157
16 6900551 0.2153
16 6904617 2
16 6913026 0.1716
16 6913769 2
16 6914616 0.1214
16 6915123 0.1283
16 6915297 2
16 6921466 2
16 6922008 2
16 6922276 2
16 6923439 4.6036
16 6925371 2
16 6926507 1.1182
16 6928845 0.7575
16 6929299 0.1735
16 6935569 1.9548
16 6936064 1.9548
16 6940810 2
16 6944393 2
16 6946134 2
16 6949958 2
16 6950238 2
16 6955966 1.0654270239317
16 6960815 0.822761980336855
16 6960944 0.777826553954398
16 6961690 1.32747728580471
16 6961803 0.156303960812394
16 6962867 1.22409987572571
16 6966980 2
16 6977127 0.6536
16 6979249 1.5298
16 6982954 2
16 6988567 0.586777717221568
16 6988572 1.5948
16 6999222 5e-04
16 7000541 0.970823879226849
16 7000761 0.943760458081268
16 7006660 0.8871
16 7007566 2
16 7008746 0
16 7012444 0.8147
16 7013636 2
16 7028579 2
16 7029107 2
16 7036665 2
16 7040928 3.121
16 7055252 2
16 7061737 0.1624
16 7066262 0.1996
16 7067781 0.1694
16 7079046 2
16 7080491 2
16 7082980 2
16 7083195 2
16 7096268 1.95342546281466
16 7096376 1.37089411342661
16 7097875 2
16 7100987 2
16 7104266 2
16 7105447 2
16 7111327 2
16 7111947 2
16 7133056 0.0615
16 7138252 0.5219
16 7145327 2
16 7163250 0.813794798606322
16 7170378 1.39132991079779
16 7173585 2
16 7182875 2
16 7186935 2
16 7187133 1.2383
16 7188773 2
16 7194310 2
16 7204234 2
16 7211961 2
16 7212994 1.05036822057915
16 7214781 0.0309
16 7216285 0.3036
16 7221758 0.3196
16 7223728 0.198541045869596
16 7225495 2
16 7225928 2
16 7228055 0.3531
16 7229756 2
16 7232782 0.325204190652328
16 7238360 0.504996639590637
16 7238537 0.351943134765871
16 7241003 1.517
16 7242388 1.63677825903788
16 7246948 2
16 7251205 0.0524322142360686
16 7252658 0.804578656966096
16 7255644 2
16 7256514 0.1353
16 7269413 0.456021722358235
16 7270495 1.6293
16 7273240 5e-04
16 7273324 2
16 7273770 2
16 7301051 0.1469
16 7304183 2
16 7313953 0.1834
16 7314881 0
16 7321140 1.3909
16 7326318 2
16 7328238 2.9027
16 7335632 1.0399
16 7337343 2
16 7348451 2.8055
16 7355781 2
16 7358479 2.8055
16 7385863 2.6994
16 7387914 0.6268
16 7388834 2.6994
16 7405905 0.1258
16 7406100 0.1258
16 7411272 2
16 7411976 2
16 7412073 2
16 7416906 0.1636
16 7417467 0.041169089066856
16 7418351 0.1177
16 7428255 1.6212
16 7428957 1.6113
16 7431251 0.5609
16 7434479 2
16 7437257 5e-04
16 7440320 1.4866
16 7443651 3.3033
16 7448924 0.0897
16 7459618 1.5541027595117
16 7473473 0.739330428065344
16 7482494 2
16 7495114 2
16 7498102 2
16 7498847 2
16 7501804 2
16 7515072 1.15912633497218
16 7530790 2
16 7532490 0.0104
16 7534790 5e-04
16 7537753 0.680560271903562
16 7537845 1.2476
16 7541505 0.5591
16 7549379 0.4876
16 7551106 8e-04
16 7556254 0.143024461388857
16 7557446 2
16 7557850 2
16 7559439 2
16 7559700 0.7778
16 7562506 0.9217
16 7565041 0.0158
16 7566854 0.7858
16 7567210 5e-04
16 7567784 1.3545
16 7569624 1.228
16 7569847 0.303651441662852
16 7572880 1.228
16 7582029 0
16 7586716 0.0640347588245477
16 7599651 0
16 7601589 9e-04
16 7608180 0.0564
16 7610970 0.1126
16 7612178 0.1446
16 7612809 0.465131046781667
16 7614241 3.7071
16 7616405 0.367324477460476
16 7617963 0.618406199610839
16 7621297 0.1235
16 7627752 1.4099
16 7637364 2
16 7674135 2
16 7674703 2
16 7675748 2
16 7684016 2
16 7690298 1.7868
16 7703695 0.334
16 7705048 0.0078
16 7721724 0.85301031660768
16 7722966 1.5169
16 7727953 1.2858
16 7730680 0.1396
16 7759474 0.1191
16 7759946 0.1191
16 7761580 0.1985
16 7778862 0.741934159781183
16 7787451 0.0681
16 7790179 0.0217
16 7792040 0.656232731166522
16 7798190 0.0866
16 7798338 0.0162
16 7799222 0.0162
16 7803710 0.0107
16 7805653 0.0107
16 7818568 0.9164
16 7822596 0.807
16 7822901 2.2073
16 7826852 2.2073
16 7827616 0.8323
16 7856043 2
16 7862422 2
16 7862674 0.7359
16 7868761 2
16 7870565 2
16 7882423 0.71428025701476
16 7902134 2
16 7904038 2
16 7907342 0.417201724760268
16 7909833 2
16 7910975 2
16 7913876 2
16 7917954 2
16 7932525 0.1432
16 7935022 2
16 7935313 2
16 7935873 2
16 7946153 2
16 7956146 2
16 7958965 2
16 7960146 2
16 7963794 2
16 7966390 2
16 7967110 2
16 7967419 2
16 7973509 2
16 7990193 2
16 8011279 1.1326
16 8014435 1.23779818212127
16 8014498 2
16 8015130 1.1252
16 8015210 2
16 8016153 0.0782342855977771
16 8017464 0.359972900284084
16 8017536 0.267369998378753
16 8017580 2
16 8020181 1.12714005203071
16 8021356 2
16 8023916 0.674755832173303
16 8041400 2
16 8044512 2
16 8047157 0.2794
16 8049236 0.2794
16 8049915 0.0187555324317369
16 8060788 3.8818
16 8071351 0.2651
16 8071456 0.2651
16 8071699 0.2651
16 8102479 0.1817
16 8102850 0.1817
16 8106277 0.1817
16 8106353 0.2802
16 8111745 1e-04
16 8111810 1e-04
16 8115792 2
16 8137493 2
16 8140899 2
16 8142198 0.480374047094945
16 8154902 0.150029337566675
16 8155122 0.793582732711704
16 8158739 0.4313
16 8174300 0.3239
16 8191533 1.1409487811034
16 8194943 1.15881567970726
16 8202514 0.050465046027627
16 8204199 0.0685
16 8213056 2
16 8216397 2
16 8235368 2.6679
16 8237879 0.770078027751257
16 8238098 2
16 8246084 0.9236
16 8247683 0.78620017962298
16 8252362 0.3383
16 8253579 2
16 8255677 0.6732
16 8258279 0.1117
16 8266126 2.2067
16 8267938 0.9376
16 8268492 2
16 8269792 0.9376
16 8276900 2
16 8277995 2
16 8278463 2.5448
16 8288321 0.73
16 8327000 1.4403
16 8331395 2
16 8341920 1.6115
16 8352100 2.6254
16 8352857 0.0963
16 8355534 0.872
16 8356734 1.0364
16 8364973 0.6945
16 8365933 0.9992
16 8366088 2.8213
16 8366272 0.9992
16 8366273 0.9992
16 8373507 2.9049
16 8375562 2.9149
16 8383323 2.839
16 8393464 2.9149
16 8396815 0.9673
16 8411831 0.598903138150802
16 8413590 3.1147
16 8421489 1.51326469323382
16 8421499 2.49269932039073
16 8421552 0.705138796445498
16 8422588 0.00969245020857836
16 8424732 2
16 8429651 2
16 8429969 2
16 8433680 2
16 8433919 0.927624370096874
16 8435587 0.630903673453412
16 8439441 2
16 8439676 2
16 8440797 2
16 8441671 2
16 8446452 0.844
16 8451327 0.844
16 8454760 2
16 8454969 2
16 8464659 2
16 8466041 2
16 8466318 2
16 8470244 2
16 8470577 2
16 8480927 0.9006
16 8481029 0.2003
16 8482254 0.9006
16 8490148 2
16 8492529 2
16 8493236 2
16 8499383 0.964
16 8510487 0.964
16 8514754 2
16 8515100 0.9805
16 8516670 0.964
16 8517214 2
16 8517395 0.964
16 8522156 0.220934281926099
16 8522244 1.98204158024346
16 8524888 0.378731791371644
16 8531271 2
16 8534231 2
16 8535963 0.438949749453015
16 8546003 0.8636
16 8548167 1.0461
16 8548874 0.9677
16 8552486 0.2697
16 8554796 0.2512
16 8555940 0.2512
16 8557612 0.9735
16 8562172 0.8767
16 8565883 0.442937705826209
16 8566369 0.3107
16 8566627 0.8767
16 8568164 0.8767
16 8570469 0.0162
16 8570481 0.179
16 8577760 0.8767
16 8591479 2
16 8592748 2
16 8612766 2
16 8615548 2
16 8618085 2
16 8636537 0.0062
16 8638813 0
16 8640945 2
16 8643697 0
16 8649158 0.8247
16 8656166 2
16 8661229 2
16 8663546 0.2434
16 8668867 2
16 8669006 2
16 8676044 5e-04
16 8676995 1.1401
16 8680981 2
16 8682245 2.5896
16 8682552 2
16 8683822 2
16 8686287 2
16 8687653 0.4807
16 8688539 0.8247
16 8688713 0.6007
16 8691486 0.190109246399422
16 8703646 4.236
16 8708240 2.1019
16 8723880 1.3165
16 8724227 3.01524931484844
16 8724911 2.52032578070496
16 8732698 2
16 8737949 8e-04
16 8743984 2
16 8744974 2
16 8754099 0.0053
16 8755574 2.2997
16 8763596 1.4478
16 8769099 2
16 8771962 0.6171
16 8776905 0.0286
16 8780470 2.7032
16 8780640 1.18751923788721
16 8781189 0.74825404024496
16 8785108 0.2773
16 8785335 1.0015
16 8789826 1.0015
16 8800081 2.784
16 8804019 0.6725
16 8807426 0.0273
16 8809732 0.177717937670994
16 8814954 0.3621
16 8816578 1.90920472271526
16 8826046 0.0282
16 8827845 0.45077317947138
16 8827963 2
16 8829517 0.6386
16 8830898 0.0282
16 8833863 0.5514
16 8835258 1.42224036742975
16 8835946 2.6943
16 8836053 0.614246994608526
16 8840488 0.4488
16 8842111 2
16 8842774 0.438161823437263
16 8850775 2
16 8853271 0.1448
16 8853394 0.9834
16 8856113 0
16 8856232 1.04668231035499
16 8857498 5e-04
16 8859704 2.6682
16 8862776 2.6597
16 8863633 0.6386
16 8875014 2
16 8875419 0.061
16 8881139 2
16 8882697 1.4897
16 8884844 2
16 8894331 2
16 8901557 2
16 8934773 0.218713839372766
16 8944260 2
16 8953070 3.4121
16 8953564 5e-04
16 8957090 1.4557
16 8967098 2.0603
16 8971679 1.2337
16 8985095 0.636
16 8989510 0.150013599119146
16 8992704 0.173237517084294
16 8993354 0.634
16 8995464 1.08319622662117
16 9006131 0.306329822021272
16 9007687 2
16 9012358 0.0349321474854909
16 9023850 0.719397006449533
16 9027652 2
16 9032224 0.0256
16 9034311 1.29202056817348
16 9064898 0.3131
16 9070629 1.2926
16 9070785 0
16 9080724 1.3719
16 9096892 1.5078
16 9119584 0.0127
16 9136857 0.2745
16 9153184 2
16 9153519 2
16 9157496 1.47219863369564
16 9158107 0.486134815801671
16 9175487 0.1326
16 9176451 0.726406645979473
16 9176554 1.27908843026043
16 9178115 0.0171
16 9181005 0.914163992419024
16 9197778 1.5563
16 9199393 2.6443
16 9200159 0.79539500490405
16 9203318 0.363394455760955
16 9222955 0.2567
16 9224764 0.1036
16 9230291 0.1324
16 9231230 0.0256028097071267
16 9231672 0.719408978398615
16 9231918 1.0201
16 9236910 1.0201
16 9238255 0.0933
16 9240735 0.0933
16 9242086 0.2567
16 9242091 0.2567
16 9246927 0.2567
16 9253271 0.284
16 9254323 0.152257533025197
16 9286851 2
16 9290433 2
16 9292061 2
16 9297403 2.2627
16 9302030 0.749147294126855
16 9305939 0.2213
16 9313218 0.220815322951879
16 9331068 2.26796955539996
16 9331505 0.8716
16 9340615 2
16 9345183 0.0871243153578593
16 9358931 0.501767874914846
16 9389345 2
16 9398711 2
16 9411495 2.3062
16 9422255 0.6345
16 9424895 5e-04
16 9427610 2.2383
16 9428092 0.341
16 9430168 0.3256
16 9432103 2.404
16 9452225 0.0347
16 9472936 0.0231726007968186
16 9475590 0.2607
16 9480518 2
16 9487008 1.77777753577944
16 9488649 0.2157
16 9495996 0.173
16 9525587 0.382944059148361
16 9538768 2
16 9551601 2
16 9563913 0.255532595631227
16 9582346 0.233014708495677
16 9583221 2
16 9600096 0.933103321258027
16 9606227 0.0981
16 9615466 1.1664
16 9622188 2
16 9623042 2
16 9623512 2
16 9627444 1.2285
16 9630208 2
16 9642565 0.1617
16 9642766 0.9698
16 9643024 1.8793
16 9648260 0.55038147235822
16 9649930 2
16 9652773 0.929791698828628
16 9654344 0.0157563115957557
16 9660522 0.1768
16 9660955 2
16 9671103 0.226990194951916
16 9675083 0.3545
16 9676331 0.3545
16 9678271 0.3545
16 9681378 0.3208
16 9689433 0.3572
16 9691242 0.3572
16 9706083 2.8543
16 9708906 1.36624118555008
16 9710125 2.08740266154638
16 9711251 0.496296244151455
16 9718220 1.16193538719745
16 9723263 2
16 9728591 2
16 9738442 2
16 9745964 0.0339433437525178
16 9748895 0.435464734638547
16 9750828 0.0347338365204249
16 9757021 2
16 9767473 2
16 9769818 1.55631989267675
16 9770712 2
16 9773960 0.0592
16 9784478 0.6595
16 9789145 1.76054185810427
16 9789680 1.40519553641838
16 9809366 0.6605
16 9826445 2.014
16 9844462 1.0038
16 9848715 1e-04
16 9872350 2
16 9873516 0.7613
16 9903003 0.7396
16 9909273 2.5345
16 9921339 0.784471141628335
16 9940419 2
16 9965150 0.3916
16 9969672 1.0885
16 9972006 1.4905
16 9976428 0.72103502351357
16 9977336 0.0696
16 9985351 1.33086207478286
16 9988317 0.14915628795273
16 9991074 0.815630702574682
16 9995439 0.198
16 9997302 0.0696
16 9997737 1.0309
16 10005686 0.443491441647135
16 10018342 0.245900221080837
16 10022842 1.13520526743349
16 10024304 0.0866
16 10026498 1.49
16 10031805 0.5421
16 10034332 1.0399
16 10034529 0.979304569540306
16 10037130 1.0399
16 10041195 0.0989674620909242
16 10044048 0.1111
16 10045264 2.0627805054413
16 10055091 5e-04
16 10059978 0.708584852268029
16 10062188 1.0309
16 10069620 1.0309
16 10073452 1.0309
16 10074835 1.083
16 10076298 1.083
16 10084138 2
16 10086366 2
16 10088627 1.12351225063352
16 10089224 0.0494235657477053
16 10091439 1.6453
16 10092639 0.983
16 10098610 0.7881
16 10100708 0.5802
16 10105046 2
16 10109593 2
16 10110310 2.0005
16 10111931 2
16 10114361 2
16 10115056 2
16 10118643 0.0577
16 10120195 0.475801896870408
16 10155583 0.300480844813725
16 10171317 0.0684
16 10171513 0.2165
16 10176201 0.2165
16 10179679 1.4628
16 10189064 2
16 10189616 2
16 10203721 5e-04
16 10215235 1.01030405710799
16 10219978 2
16 10220973 2
16 10222802 2
16 10223740 2
16 10241843 1.0368
16 10244019 2
16 10244929 2
16 10256791 0.964348264136471
16 10258038 1.0217
16 10263373 0.3555
16 10265732 0.3622
16 10278707 5e-04
16 10286401 2
16 10288337 0.1613
16 10288802 0.2479
16 10295555 2
16 10313257 0.834296579779389
16 10321496 0
16 10327949 2
16 10332183 1.6872
16 10350771 1.5453
16 10351306 1.9654
16 10352337 2
16 10353710 0.0482878404881783
16 10359762 2
16 10362463 2
16 10364884 0.774299271825124
16 10365419 1.8039
16 10378225 1.8325
16 10386989 0.555274964022493
16 10393127 2.8052
16 10396263 2
16 10411144 2
16 10411919 0.287949317036868
16 10412011 0
16 10416092 0.535562894703007
16 10423165 2
16 10432810 2
16 10446827 2
16 10460350 1.348
16 10492177 1.4506
16 10511973 2.3421
16 10516016 2.2286
16 10519400 0.3641
16 10527228 2
16 10531051 2
16 10532807 2.1379
16 10536136 2
16 10537557 1.8216
16 10557886 5e-04
16 10558030 5e-04
16 10558418 1.8875
16 10562378 2
16 10569257 1.1549
16 10570629 1.2601
16 10571186 0.867971444129659
16 10575062 2
16 10575250 0.510209736585495
16 10577009 2
16 10580400 2
16 10585616 2
16 10594408 2
16 10640617 0.7386
16 10656545 2
16 10661344 1.384224786151
16 10663800 2
16 10667684 2
16 10677880 2
16 10678279 2
16 10680031 2
16 10680639 2
16 10681998 2
16 10682206 0.7816
16 10682666 2
16 10686811 0.178499737140342
16 10689687 1.3035
16 10696541 0.7671
16 10702287 2
16 10703827 2
16 10706934 2
16 10709613 2
16 10709822 2
16 10710439 2
16 10717389 2
16 10728118 2
16 10762330 0.7642
16 10768374 2
16 10812598 2
16 10822332 0.0227
16 10833590 2
16 10856562 0.9576
16 10861599 2
16 10879755 2
16 10910293 2
16 10926398 2
16 10942031 2
16 10948140 1.9221
16 10954493 2
16 10998531 2.0775
16 11016354 2
16 11017000 2
16 11018374 2
16 11030842 1.9796
16 11062140 2
16 11070391 1.1049
16 11088277 0.43761028295641
16 11098642 1.8953
16 11115882 2
16 11116590 1.29423168543272
16 11131207 1.8449
16 11141714 2
16 11148957 2
16 11151542 2
16 11153774 0.7765
16 11153920 2
16 11158660 2
16 11198022 0.603745838383242
16 11202428 0.225862798207223
16 11215318 0.319125371528291
16 11217880 3.6403
16 11223808 2
16 11230714 2
16 11232514 0.8963
16 11245845 2
16 11251895 3.0977
16 11274759 2
16 11274892 2
16 11278830 2
16 11291099 2
16 11311657 1e-04
16 11313379 2
16 11324861 0.9213
16 11340245 2
16 11341084 2
16 11344112 2
16 11350546 0.1068
16 11353376 1.0552
16 11353415 2
16 11355679 2
16 11356254 2
16 11357352 0.0263
16 11359275 4.0151
16 11363670 0.1336
16 11364212 1.2347
16 11370475 0.708616599885049
16 11371485 2.3673
16 11375174 2
16 11378785 2
16 11381075 2.3673
16 11382586 2
16 11382671 3.6053
16 11385229 0.929698501590495
16 11385448 2
16 11388526 0.0308567709021535
16 11388864 3.7577
16 11391258 2
16 11392475 3.7577
16 11392778 1.7889
16 11393320 0.5521
16 11397479 1.8273
16 11398782 0.429153346562031
16 11399860 0.076
16 11401720 0.434443118687572
16 11406773 2
16 11407099 0.0937
16 11413334 2.4229
16 11414455 0.142
16 11415758 2.7307
16 11416938 2.4229
16 11418385 2.4229
16 11418621 0.957322608922954
16 11426939 2
16 11429388 0.927977257119065
16 11443363 2
16 11455604 0.896534610591734
16 11456288 0.449734047450887
16 11457659 0.946810717199101
16 11458608 2
16 11460881 0.530135733857661
16 11464490 0.114789353265362
16 11470816 3.6403
16 11473321 2
16 11474002 2
16 11490429 2
16 11490626 2
16 11494037 1e-04
16 11496067 0.0793
16 11499696 2
16 11500435 2
16 11502810 0.7423
16 11502889 2
16 11505718 2
16 11509489 2
16 11509809 2
16 11513236 2
16 11525366 1.8624688810288
16 11531525 2
16 11532270 2
16 11537909 2
16 11539334 2
16 11539525 2
16 11542450 2
16 11543067 2
16 11547324 1.36521479595492
16 11549775 2
16 11549871 2
16 11565650 1.2629
16 11574598 2
16 11582723 1.1556
16 11587065 0.956698580391277
16 11601131 2
16 11604098 2
16 11605444 2
16 11606952 0.2156
16 11607072 2
16 11610437 0.5499
16 11613869 2
16 11614617 2
16 11622430 0.0804
16 11631655 0.1382
16 11658653 1.1707
16 11663235 2
16 11668579 5e-04
16 11668615 5e-04
16 11679806 0.132
16 11704902 0.0988
16 11716526 0.0988
16 11756992 0.542941217876648
16 11759911 2
16 11760138 0.6509
16 11772847 0.7148
16 11783321 0.7148
16 11806800 1.1169
16 11816339 0.7148
16 11836153 1.1216
16 11838869 0.3531
16 11844950 0.7027
16 11846972 2
16 11866001 1.9128
16 11879632 0.105539890102677
16 11893017 1.5002
16 11902731 0.3191
16 11909866 0.544907035294833
16 11914656 0.3338
16 11919744 1.0845
16 11927475 2
16 11947175 0.0622
16 11950698 0.156531608080746
16 11951478 5e-04
16 11974850 0.1025
16 11975388 2
16 11979943 0.0731
16 11980101 2
16 11981827 2
16 11987521 0.1309
16 11988195 2
16 12001887 2
16 12015084 2
16 12020726 0.719559491042047
16 12043097 2
16 12043476 2
16 12043900 0.8617
16 12047160 0.8617
16 12056551 2
16 12057823 2
16 12062878 0.5679
16 12068006 0.0067
16 12076023 1.0561
16 12080120 1.0561
16 12080694 1.26995720648532
16 12114133 2
16 12128207 2
16 12137882 0.344418788621509
16 12138242 2
16 12138378 2
16 12138813 2
16 12139402 2
16 12153971 2
16 12174541 1.0227
16 12200487 0.0075
16 12202512 1.0227
16 12210740 1.0227
16 12212596 1.13516769807637
16 12215624 2
16 12216852 2
16 12224623 5e-04
16 12257397 2
16 12261097 2
16 12281173 1.58648945413201
16 12282304 1.945
16 12285544 0.6517
16 12288644 0.920906696308505
16 12304634 2.3316
16 12321971 0.61955855486637
16 12330775 0.525291399811309
16 12347228 2
16 12371862 2
16 12377003 2
16 12377864 0.409851777889208
16 12390340 2
16 12391439 2
16 12393412 1.2062
16 12400135 2
16 12404694 2
16 12406040 2
16 12408806 2
16 12413890 2
16 12415347 2
16 12417628 2
16 12418335 0.0078
16 12438692 1.024227857429
16 12439764 2
16 12444227 1.65807769263433
16 12466173 2
16 12468455 1.0035
16 12471050 2
16 12471970 1.67890084616389
16 12472931 1.6936
16 12483312 2
16 12500711 1.9192
16 12501650 0.9693
16 12515063 0.6258
16 12517630 1.0034
16 12519493 1.1556
16 12521337 2
16 12524135 2
16 12536662 0.379910809406071
16 12540038 1.282247566634
16 12540040 0.172031183828511
16 12540367 0.952492526327112
16 12543222 0.0771196244775989
16 12543478 1.2834525695274
16 12545043 0.377988390785533
16 12545328 0.765688030137591
16 12553620 0.1679
16 12554534 0.853346650109756
16 12557017 0.700165237614218
16 12557141 0.822283144784104
16 12560005 0.0230521873097361
16 12561931 0.308430726609756
16 12564541 1.10618994846226
16 12572107 2
16 12575677 2
16 12584770 2
16 12587259 2
16 12587925 2
16 12588309 2
16 12588828 2
16 12589120 2
16 12589800 2
16 12590517 2
16 12592201 2
16 12592561 2
16 12595039 2
16 12596265 2
16 12601046 2
16 12604249 0.13594086791186
16 12604931 2
16 12606176 1.1786
16 12606776 2
16 12608176 2
16 12615131 0.0817526563412546
16 12617735 4.0151
16 12620368 1.59320584685579
16 12622562 0.731
16 12627014 2
16 12630055 1.3244
16 12631144 0.5947
16 12640805 1.08463648530392
16 12663352 0.0577
16 12680706 0.0636
16 12686241 1.7678
16 12688131 0.402009426004948
16 12689365 1.1887
16 12699399 2
16 12711496 2
16 12728182 2
16 12735985 2
16 12743490 1.5973
16 12752394 2
16 12764203 2
16 12766277 0.9217
16 12779403 2
16 12783264 1.1664
16 12791098 2
16 12793321 2
16 12801170 2
16 12803538 2
16 12805940 2
16 12807057 2
16 12811484 2
16 12816205 2
16 12816286 2
16 12819947 2
16 12820689 2
16 12843194 1.1191
16 12844313 1.1191
16 12849645 2
16 12853907 2
16 12860588 2
16 12864260 2
16 12864333 1.2474
16 12866853 2
16 12880364 2
16 12887991 2
16 12889771 2
16 12890247 2
16 12895154 2
16 12906146 2
16 12907122 1.3154
16 12907156 2
16 12914859 2.4849
16 12915997 0.321101102766092
16 12917309 0.6299
16 12923839 0.901390095215889
16 12924188 2.2286
16 12929798 2
16 12936365 2
16 12939006 2
16 12939137 0.9383
16 12970349 2e-04
16 12970380 1e-04
16 12970473 1e-04
16 12980054 2.3666
16 12985841 2
16 12986252 0.0263
16 13017042 2
16 13022610 0.844994281685835
16 13038196 2
16 13043232 2
16 13045778 1.0776
16 13045801 2
16 13061021 0.847771016510926
16 13062293 0.5644
16 13076431 1.6627
16 13086723 1.651
16 13103079 1.651
16 13107682 2
16 13112746 1.6748
16 13113297 0.2256
16 13131111 0
16 13134472 0.5481
16 13142465 0.9766
16 13170328 2
16 13172287 0.6684
16 13187380 0.7811
16 13190230 3.1163
16 13195136 1.0644
16 13198197 1.0038
16 13203831 0.4279
16 13208502 1.087
16 13211313 1.087
16 13212638 1.1583
16 13221007 2
16 13224622 0.987285574169931
16 13235612 1.3745
16 13242587 0.657245640401802
16 13256268 2
16 13258412 0.4872
16 13263471 2
16 13266588 0.2128
16 13275470 0.7449
16 13289356 2
16 13293919 2
16 13304478 2
16 13316027 2
16 13318629 2
16 13326033 2
16 13337522 2
16 13349202 0.391635596108782
16 13354644 2
16 13366020 5e-04
16 13366741 2
16 13368751 2
16 13373715 2
16 13373848 2
16 13377894 2
16 13378032 2
16 13380811 2
16 13389275 1.432
16 13415474 2
16 13423966 0.1917
16 13424219 0.0232
16 13433790 2
16 13434032 2
16 13441965 2
16 13451453 2
16 13451736 2
16 13456619 2
16 13471281 2.76357991661048
16 13476544 2
16 13476771 0.2113
16 13481485 2
16 13501932 3.3753
16 13502834 2
16 13505321 2.4299
16 13506485 2
16 13510940 0.0981
16 13523347 0.886102260168159
16 13528575 2
16 13532074 2
16 13539361 0.0993
16 13550892 0.9981
16 13570467 1.1662
16 13572942 0.8779
16 13606405 0.0897
16 13625209 0.7181
16 13625892 1.3936
16 13628708 1.4076
16 13629012 1.4076
16 13634812 1.4005
16 13639874 1.343399166149
16 13645328 0.860572723264501
16 13646690 0.2625
16 13648615 0.3198
16 13654260 0.568937925569456
16 13656400 0.114345753384038
16 13670823 0.694370137779147
16 13672223 0.6221
16 13686568 0.6221
16 13692240 1.97009981092463
16 13700170 0.436129361705893
16 13702664 1.85864242840092
16 13711737 0.2971
16 13715173 1.43379638584317
16 13715919 0.6212
16 13719847 0.6212
16 13733454 2
16 13734743 1.0907
16 13744782 2
16 13751399 1.0194
16 13757251 0.0386
16 13760463 2
16 13776158 5e-04
16 13786433 2
16 13789868 2
16 13797610 0.6776
16 13820927 0.9186
16 13827112 0.6769
16 13858909 1.3504
16 13859039 2.29477307547753
16 13862371 0.674539052576144
16 13865530 2.2846
16 13865556 5e-04
16 13868403 1.3748
16 13872931 0.0903
16 13876329 1.64
16 13879246 1.19937805362015
16 13881623 1.0038
16 13884647 0.314657936500309
16 13888987 2.1649
16 13890058 2
16 13904618 0.677552532588271
16 13906861 2
16 13915962 2
16 13917037 1.2319
16 13937206 2
16 13948320 2
16 13964764 2
16 13983804 2
16 13983890 2
16 13987328 2
16 13987369 2.55263131033193
16 13996965 0.247682378390674
16 13997899 0.4236
16 14004564 0.5101
16 14012884 0.2985
16 14031523 1.5241
16 14057383 0.7851
16 14057831 5e-04
16 14071055 1.669
16 14072091 1.6511
16 14097103 1.077
16 14101166 1.6511
16 14102156 1.077
16 14114954 1.0825
16 14118492 1.4673
16 14130810 1.077
16 14144274 0.1722
16 14184268 2
16 14193031 1.4724
16 14222572 0.318060085686408
16 14225055 2.0405
16 14227209 1.4855
16 14227740 1.4855
16 14276666 2.2719
16 14281320 1.4724
16 14314008 0.19191360509399
16 14320407 0.389050278750536
16 14321943 0.735977947011546
16 14325044 1.4389
16 14334017 0.426447660433343
16 14335584 1.05913370465334
16 14343166 1.5286
16 14353801 5e-04
16 14365098 2
16 14368440 0.568779989866082
16 14369857 0.246643118781744
16 14378217 2
16 14379013 2
16 14393179 0.404993442818473
16 14398274 2.3732
16 14410570 1.299
16 14437587 1.049
16 14451796 3.6053
16 14472450 0.0189237220359294
16 14528023 1.7774
16 14529983 1.81297972372717
16 14551394 1.7905
16 14560737 0.953601501240416
16 14561657 1.75636167272502
16 14563759 0.450202576454184
16 14602714 1.7646
16 14666258 1.3327
16 14775120 2
16 14778831 0.1038
16 14779447 1.1055
16 14804832 0.309387101049791
16 14866230 0.8229
16 15062512 1.9702
16 15074903 2
16 15078261 0.4615
16 15079172 2
16 15104741 1.3751
16 15324389 5e-04
16 15357778 2
16 15369193 0.426153497185693
16 15390887 0.9642
16 15400937 1.1785
16 15414306 2
16 15426692 2
16 15456155 2
16 15476160 0.481824897660099
16 15477487 0.305020249518069
16 15480604 0.4167
16 15499916 0.892158540424288
16 15593898 0.1335
16 15603766 0.0932
16 15608203 1.3709
16 15614248 1.2808
16 15661429 2
16 15664127 1.614
16 15681322 1.8294
16 15685482 1.9316
16 15690446 0.341
16 15717166 0.362
16 15724985 1.614
16 15726440 0.2377
16 15744222 1.8272
16 15756793 0.0073
16 15804150 2
16 15807726 0.0971
16 15821945 2.2002
16 15822132 0.7711
16 15828579 0.325508611139219
16 15830134 0.8719
16 15834276 2
16 15838517 2
16 15846448 0.1304
16 15847727 2
16 15852865 2
16 15852921 2
16 15854842 2
16 15856349 2
16 15861273 2
16 15868338 1.7015
16 15871537 1.7015
16 15871690 1.7015
16 15881972 2
16 15884964 2
16 15888097 2
16 15896538 2
16 15914141 0.4475
16 15946093 2
16 15955776 2
16 15967758 0.410331460779454
16 15968315 1.2244
16 15983430 2
16 15991359 1.3579
16 16003944 2
16 16005701 0.654812387559247
16 16005713 0.672077816396882
16 16006656 0.475317560291699
16 16008697 0.4939
16 16013308 2
16 16023804 2.8432
16 16033608 1.9128
16 16036667 0.1607
16 16040137 0.271197081025
16 16045249 2
16 16049634 2.0946
16 16060566 2
16 16060641 2
16 16070208 0.74990914738663
16 16070243 1.96002767748618
16 16071241 0.414916146150322
16 16072560 0.00828143136499856
16 16076914 1.2154
16 16088139 2
16 16101735 2.2689
16 16107751 0.582861055784594
16 16111592 0
16 16130575 1.8027
16 16156715 5e-04
16 16158311 2
16 16166162 0.1397
16 16166586 0.1397
16 16166902 0.1397
16 16168666 0.976787591955031
16 16170945 8e-04
16 16171121 2
16 16172244 5e-04
16 16175395 2
16 16200286 1.1224
16 16200537 1.7699
16 16264718 0.194408584641856
16 16480464 1e-04
16 16480496 0.0237
16 16491814 0.290551918008915
16 16543826 1.3183
16 16544118 0.2389
16 16550749 0.3397
16 16590097 2
16 16590119 0.7606
16 16599415 2
16 16652983 0.66430094005982
16 16695387 2
16 16743265 1.52221948231135
16 16749886 1.39247911589968
16 16754027 0.223326712361024
16 16763748 1.2445
16 16765944 2
16 16777782 0.138621833074711
16 16779959 0.311893238220549
16 16798001 0.6365
16 16812353 2
16 16814267 0.6469
16 16818957 0.2466
16 16820988 1.19064906619232
16 16823462 0.2548
16 16826699 0.414303511209916
16 16829414 0.237057648809309
16 16832538 0.2548
16 16835824 0.582
16 16847210 1.00163463859741
16 16849531 0.923031600311377
16 16851129 1.52300987227868
16 16851900 0.470800106863211
16 16852890 0.961529911037264
16 16854432 0.109143863740526
16 16858986 0.490965051898969
16 16866631 0.512191049701332
16 16866756 0.0329
16 16871488 0.604631065730038
16 16874427 1.5882
16 16878547 1.1293
16 16880979 1.1293
16 16886626 0.0194187593823253
16 16889093 0.408029124667092
16 16890439 0.8031
16 16893515 0.6743
16 16905092 2
16 16926347 5e-04
16 16931816 0.0263
16 16934390 0.12
16 16947086 2
16 16993811 1.4351
16 17030880 1.442
16 17033880 1.4217
16 17036786 1.442
16 17046399 0.9367
16 17047190 2
16 17051613 0.9367
16 17052567 0.9367
16 17053007 2.209
16 17060020 0.0078
16 17071528 2
16 17076608 0.278019539376845
16 17115483 2
16 17119926 1.81015088421577
16 17122941 1.1007
16 17132165 1.8096
16 17135215 1.1007
16 17155007 1.762
16 17161645 0.0586
16 17165444 2
16 17168088 2.4968
16 17168939 2
16 17169996 0.0528
16 17173799 2.4839
16 17179591 0.392522802540906
16 17222475 2
16 17235979 1.8896
16 17262955 2
16 17263600 0.872
16 17267499 2
16 17271489 2.0433
16 17273920 2.0433
16 17273964 2
16 17283402 1.00069801940805
16 17283899 1.8782
16 17293384 2
16 17318577 2
16 17322607 2
16 17326657 2
16 17332798 2
16 17333272 2
16 17353427 2
16 17355212 2
16 17355373 2.2374
16 17356753 1.9229
16 17357002 2
16 17357522 2.3377
16 17377406 2.5502
16 17379660 0.3558
16 17381891 2
16 17382146 0.34
16 17383898 0.377210910540445
16 17384845 1.40815781644871
16 17385538 0.3558
16 17385616 0.3558
16 17386036 0.3558
16 17402327 2
16 17420980 2
16 17425129 2
16 17437013 1.0204
16 17440243 0.3743
16 17446360 2
16 17453524 2
16 17454538 2
16 17456586 2
16 17475645 0.155474232935504
16 17502527 1.49577700649922
16 17502880 0.316045657988317
16 17503349 0.790328063875753
16 17525636 2
16 17534813 0.1349
16 17574386 1.8378
16 17575594 2
16 17576185 2
16 17577574 2
16 17577654 2
16 17584185 2
16 17589173 2
16 17595932 2
16 17646099 1.8731
16 17648005 1.8731
16 17653512 2
16 17654899 1.8731
16 17672161 0.0366670450893573
16 17690721 1.0565
16 17719031 0.278044728347405
16 17720915 0.1918
16 17751714 0.352317437788875
16 17752527 2
16 17755252 2
16 17761216 2
16 17767628 2
16 17775485 2
16 17786039 2
16 17798592 0.572522687582547
16 17798629 1.0862
16 17804951 1.0824
16 17805844 1.116
16 17813516 1.116
16 17815471 0.0196
16 17816432 0.0639
16 17818729 1.1214
16 17820732 0.0424
16 17826244 1.1214
16 17826441 1.1214
16 17826646 2.97639505075002
16 17829890 0.323794299362167
16 17830227 0.0073660524415935
16 17837006 2.6497
16 17841542 1.0867
16 17842691 0.8143
16 17845925 1.1581
16 17851415 1.1581
16 17853270 1.1581
16 17857533 0.8143
16 17878516 1.5059
16 17886047 1.5059
16 17890210 2
16 17893557 1.5059
16 17898279 1.4773
16 17898845 2
16 17900300 2
16 17918523 2
16 17949475 2
16 17954842 0.5749
16 18011663 1.09251072384489
16 18015328 1.8491
16 18016927 1.1109
16 18031234 1.0401
16 18036645 0.410683173992098
16 18040299 1.2314
16 18061951 1.2314
16 18062250 5e-04
16 18091702 0.7006085075845
16 18165378 1.3158
16 18195728 0.6942
16 18210493 3.598
16 18212068 2
16 18218906 0.970127719021096
16 18701603 5e-04
16 18734657 1.0603
16 18750861 2
16 18760359 1e-04
16 18768897 1.3405812266428
16 18771281 0.9017
16 18776864 2
16 18797367 2
16 18812407 2
16 18813069 2
16 18833700 2
16 18876699 2.145
16 18878608 1.39531859552134
16 18894011 2
16 18917144 0.937732710174906
16 18918876 0.194308118126852
16 18921619 2
16 18925785 0.623938715055975
16 18926186 2
16 18929086 0.709024034524048
16 18941003 1.06271521100531
16 18953285 2
16 18955053 2
16 18959299 2
16 18963517 2
16 18970720 2
16 18971693 0.421509981668124
16 18971742 2
16 18987052 2
16 18989520 2
16 18996656 2
16 18998582 0.156628360902121
16 18999827 2
16 19004042 0
16 19009809 2
16 19014791 2
16 19022840 1.7766
16 19025412 2
16 19026472 1.19734542773526
16 19044249 2
16 19045447 0.320680312457242
16 19061265 2.3324
16 19067270 0.833676362397504
16 19070411 2.3324
16 19078240 0.9434
16 19082673 0.9434
16 19085399 0.049
16 19086184 2.3324
16 19090371 2
16 19098919 2.2686
16 19107318 2
16 19138806 2.03974210855348
16 19140547 0.376587709457677
16 19147257 2
16 19163091 2.2028
16 19213789 1.3848
16 19218340 0.2316
16 19229867 2.0678
16 19231342 1.4398
16 19232789 3.1145
16 19238264 0.161615043111252
16 19240282 1.10728354628374
16 19252414 0.5994
16 19252518 1e-04
16 19254563 0.745495296291212
16 19301543 1.4351
16 19301734 2
16 19307014 1.7364
16 19318552 0.1181
16 19319816 1.47600861134718
16 19321902 0.736360220543659
16 19322517 0.1181
16 19327294 0.254321657982532
16 19332069 1.49772694117961
16 19335361 0.7086
16 19339186 0.0264
16 19348026 0.9222
16 19351227 0.4171
16 19355426 1.1303
16 19363622 2
16 19380382 0.4165
16 19380720 0.507242297312698
16 19382581 0.1071
16 19383223 2
16 19404076 2
16 19409105 2
16 19410249 2
16 19417184 2.1838
16 19427711 2
16 19427907 2
16 19435211 0.6929
16 19436285 8e-04
16 19438961 0.1059
16 19448015 2
16 19448756 2
16 19452042 2.1665
16 19461334 0.1059
16 19465071 5e-04
16 19466833 1.3715
16 19468050 0.1059
16 19475837 2
16 19477112 1.5417
16 19482957 1.3715
16 19490947 2
16 19497251 0.769542893827616
16 19501666 1.3715
16 19525253 1.545
16 19564512 1.3715
16 19567809 1.3715
16 19573010 2
16 19574475 5e-04
16 19580490 0.7081
16 19581668 0.5032
16 19585605 0.7081
16 19593376 0.0078
16 19623610 1.6853
16 19699380 1.0275
16 19730908 1.2256
16 19779840 2
16 19790692 1.0621
16 19792934 1.0621
16 19799262 1.0275
16 19802283 1.0621
16 19815212 1.0621
16 19818677 1.0621
16 19823932 0.0078
16 19831625 0.679780451413852
16 19832222 0.9437
16 19834101 0.9437
16 19850285 1.5605
16 19851034 1.1555
16 19855438 1.1364
16 19855699 1.1364
16 19861785 1.5519
16 19876784 0.3214
16 19882469 1.76533080819434
16 19908258 2
16 19908624 1.168
16 19922189 1.168
16 19923201 2
16 19930617 1.9546
16 19944513 2
16 19954419 2
16 19964460 1.168
16 19966279 1.168
16 19968012 1.0175
16 19972431 1.20357292383138
16 19978897 0.609818683131799
16 19983949 0.0977
16 20003394 2
16 20005554 2.5924
16 20007229 2
16 20008020 0.965756181950109
16 20019883 2
16 20028343 2
16 20032008 0.107205989400121
16 20035634 0.0967902095848158
16 20041110 5e-04
16 20044731 0.479
16 20060808 0.8424
16 20097510 0.838354879211565
16 20119432 0.758837737049477
16 20130043 0.1911
16 20138818 0.129294030553522
16 20138930 1.24416866533115
16 20180884 2
16 20185267 2
16 20191427 0.579028294826512
16 20191475 0
16 20191499 6e-04
16 20191545 2
16 20200100 2
16 20200260 2
16 20200730 0.0332
16 20206739 2
16 20212751 2
16 20219622 2
16 20219752 2
16 20232855 0.1445
16 20233447 0.0731
16 20237087 1.7052
16 20250399 0
16 20267292 2.3324
16 20276033 1.7989
16 20284134 2.0729
16 20288225 0.0315
16 20288382 0.0315
16 20297569 1.61441157107218
16 20316949 0.575445040579135
16 20320878 0.920200850466379
16 20355137 0.00447028190271115
16 20364345 0.543019997403797
16 20390230 0
16 20403657 5e-04
16 20421644 5e-04
16 20425851 1.25110888688645
16 20430794 1.545
16 20431954 2
16 20436545 2
16 20437008 2
16 20458925 7e-04
16 20462137 2.3421
16 20462581 2
16 20463115 0.1128
16 20472639 2
16 20473068 2
16 20473755 2
16 20475772 2
16 20477880 2
16 20514275 1.3046
16 20520618 1.3046
16 20535064 2
16 20538455 2
16 20542383 1.21626838850909
16 20550284 2
16 20551946 2
16 20556938 2
16 20566043 0.9097
16 20588025 2
16 20589752 1.545
16 20589931 2
16 20590760 2
16 20591991 2
16 20599640 0.9371
16 20601477 0.5818
16 20606682 0.9371
16 20606729 2
16 20608131 1.2774
16 20611404 2
16 20612453 2
16 20616840 2
16 20618192 0.9371
16 20623795 0.9371
16 20626284 0.9371
16 20627879 6e-04
16 20636322 1.3933
16 20658065 0.73689298947681
16 20665647 2.01088247490506
16 20668830 2
16 20672341 1.4986
16 20672924 2
16 20673032 2
16 20673509 1.4475
16 20676546 0
16 20684164 2
16 20684242 0.848113927616014
16 20692682 0.340663085135296
16 20702711 1.0759
16 20716042 1.0778
16 20720651 0.3361899036267
16 20726827 2
16 20734999 2
16 20739176 1.3172
16 20740211 2
16 20743956 0.357800984438067
16 20744328 1.0759
16 20745593 5e-04
16 20757111 1.5818
16 20788485 0.253329627406129
16 20797961 1.0759
16 20799408 1.7937
16 20815544 0.0901247789309649
16 20905435 1.0364
16 20940646 2
16 20971780 0.6278
16 20972124 2
16 20980220 2
16 20983250 0.6278
16 21062361 0.148797770485375
16 21067762 0.8715
16 21069095 0
16 21074345 0.993918985303691
16 21074961 0.937114384587797
16 21084049 0.483014959915438
16 21086449 1.35591852636025
16 21103086 0.475763497702174
16 21103379 0.695922972552258
16 21105995 0.0263
16 21130266 0.545364649242148
16 21131484 0.171434163568061
16 21131586 0.29352898961717
16 21132762 0.956052798427398
16 21133574 1.2240464579022
16 21138893 0.579082587607347
16 21138987 2.36236666394045
16 21141917 0.109697566130053
16 21154197 0.447965695791898
16 21160135 0.756225777340565
16 21164035 0.3217
16 21165840 0.630131166978201
16 21195272 1.68840147778486
16 21195809 0.810333209604766
16 21220638 2
16 21232629 0.2117
16 21267313 0.35296989380747
16 21270306 0.379371738794456
16 21273236 1.16300670781196
16 21275006 0.560648359341504
16 21289415 0.5117
16 21306490 1.3364
16 21359134 5e-04
16 21376789 1.08345906940997
16 21507669 5e-04
16 21529176 1.22549127222443
16 21593021 0.328
16 21613833 2
16 21619427 0.3907
16 21643048 1.8745
16 21647068 1.8745
16 21652474 1.8745
16 21713598 0.0609
16 21735622 2
16 21735902 1.0132
16 21736235 2
16 21881342 2.9795
16 21983826 0.9882
16 21994207 2.0367
16 22109379 0.579616527303744
16 22113268 5e-04
16 22124150 0.3321
16 22166935 0.5812
16 22193297 0.171569205602676
16 22220090 1.0772328484764
16 22331415 1.1379
16 22463657 5e-04
16 22633679 0.414032141771955
16 22662400 0.779546832071338
16 22672823 1.71996829651964
16 22723896 0.1682
16 22744819 0.399030282989189
16 22746610 0.8563
16 22754654 2
16 22757500 2
16 22759960 2
16 22762004 2
16 22777158 1.4193
16 22780067 2
16 22792702 0.0708725534420863
16 22801043 0.997134653661378
16 22808729 0.8016
16 22818819 1e-04
16 22824743 2
16 22825821 2
16 22832733 2
16 22843647 2
16 22859387 0.7414
16 22872995 1.6758
16 22888030 0.911313610558009
16 22890746 0.1345
16 22918073 0.0252
16 22924952 0.909722712611126
16 22937830 2
16 22958451 2
16 22981474 2
16 23001118 2
16 23001666 2
16 23008290 2
16 23038799 0.3328
16 23040044 0.3234
16 23041496 0.3328
16 23119185 2
16 23145130 2
16 23181532 0.0897
16 23182361 0.7937
16 23184396 0.7937
16 23206509 2
16 23217879 2
16 23219558 2
16 23224902 1.18785309202119
16 23231690 0.1674
16 23268791 0.0063
16 23285225 2
16 23305533 5e-04
16 23339580 1.3652
16 23365603 6e-04
16 23370940 0.8402
16 23376934 0.1855
16 23381517 1.21746656002491
16 23451318 0.731856187321778
16 23455648 2.67054448202626
16 23526877 0.126922244148253
16 23529477 0.362334277541777
16 23538296 0.6107
16 23539617 3.21834578119656
16 23581808 2
16 23597894 0.151188080267394
16 23610069 2.9793
16 23623429 0.6554
16 23701992 1.6711267940777
16 23703091 0.230665680235319
16 23705473 0.738443744735958
16 23719703 1.4213721766147
16 23719865 0.568130948674195
16 23723593 0.756885287395594
16 23736137 0.431135831143266
16 23737007 0.810448408220823
16 23743875 1.3842
16 23744306 1.81339419276189
16 23746076 2
16 23748912 0.318715893318838
16 23780387 2
16 23780836 2
16 23783718 2
16 23789509 0.5294
16 23790834 0.5294
16 23801184 1.28288505477057
16 23801777 1e-04
16 23810732 0.5834
16 23820180 2
16 23820795 2
16 23825246 0.662
16 23825727 2
16 23830349 0.0276
16 23836254 2
16 23840649 1.04212934275911
16 23844532 0.584
16 23846364 0.584
16 23847385 0.0078
16 23849516 0.584
16 23849594 2
16 23856588 0.106855839155267
16 23858319 0.0997
16 23859226 0.0997
16 23866994 0
16 23867367 0.116052430526101
16 23869159 1.52932589569147
16 23870609 0.0332
16 23873858 0.0332
16 23876990 0.4604
16 23879569 1.54358001662099
16 23880824 1.30293322710955
16 23882530 1.82621797756084
16 23887284 0.0332
16 23891023 1.07082166864896
16 23893460 1.8548
16 23897919 0.0332
16 23907758 0.9394
16 23925589 0.9086
16 23936214 1.1168
16 23938834 0.241
16 23938915 0.241
16 23943519 2
16 23950133 1e-04
16 23958694 0.131853827714699
16 23982335 0.798378226948589
16 23990490 1.43541934562231
16 24006835 0.840550386332548
16 24008387 1.5337230840928
16 24012202 2.7095
16 24013352 0.0263
16 24019683 0.5705
16 24021577 2
16 24021602 2
16 24024114 2
16 24028340 1.7364
16 24028900 2
16 24037941 2
16 24039395 0.8635
16 24041526 1.13088246475322
16 24045476 1.0815
16 24047182 0.649501768372156
16 24049321 0.433839352348856
16 24049413 0.448509403989273
16 24056887 0.0760615312420339
16 24068258 1.2849
16 24077063 0.0483
16 24090861 2
16 24095700 1.1191
16 24103732 2
16 24106487 2
16 24108170 0.8942
16 24108343 1.1617
16 24115788 2
16 24119344 0.740991744604344
16 24132773 0.541968715077871
16 24148013 1.14444705108206
16 24150883 0.944747741586704
16 24153983 0.405451249260466
16 24154809 0.83784496535705
16 24167538 0.502039937551993
16 24193631 1.2424
16 24219582 2.8037
16 24227688 1.14402327993399
16 24257966 2
16 24276057 0.142112744162071
16 24276335 1.4506
16 24277407 0.5098
16 24294109 1.4506
16 24305149 1.166
16 24311909 2
16 24313571 2
16 24326903 1.14150466454356
16 24343508 0.2309
16 24348112 0.1337
16 24353318 0.1241
16 24355650 0.314918677260282
16 24363982 2
16 24369281 1.01
16 24369827 0.6251
16 24371266 0.7692
16 24371579 0.7692
16 24377207 1.2744
16 24391132 0.654963446501481
16 24419249 0.579
16 24420895 0.0500632821205466
16 24449537 0.9061
16 24479618 0.9217
16 24485356 0.1242
16 24487352 0.988155172475562
16 24492485 0.145340600273333
16 24508614 0.942086946468699
16 24510619 0.339073766197044
16 24510732 0.759801376166364
16 24513777 0.458426431369865
16 24516122 0.0162933781305502
16 24518132 0.638749146857894
16 24519626 1.0527
16 24525122 0.24853375115376
16 24546866 0.234171808109271
16 24548784 0.514625102336562
16 24549808 0.685979502304628
16 24551948 0.9781
16 24574020 0.280940005076327
16 24575809 2e-04
16 24587251 0.544238964636864
16 24604492 0.440377276760834
16 24607210 2.2117
16 24623355 2.8712
16 24625741 1e-04
16 24649739 0.458473824965947
16 24674265 1.7072
16 24715473 2.2967
16 24738579 2
16 24781732 2
16 24782420 2
16 24786758 2
16 24812071 2
16 24819518 0.555805322975387
16 24823847 2
16 24831377 0.0078
16 24836547 0.854388256693735
16 24844887 2
16 24850406 0.288933645973283
16 24856569 1.1581
16 24893670 2.30372993918519
16 24893724 0.492418553868491
16 24901956 2e-04
16 24902392 0.694157650584847
16 24905851 4.2613
16 24918154 1.1577
16 24978507 0.6799
16 24981750 0.5037
16 24983001 0
16 24983004 3e-04
16 24983356 0.6799
16 25006099 0.6982
16 25008377 1.216
16 25011698 1.92416855926501
16 25017071 0.5481
16 25017090 0.5481
16 25021385 0
16 25021387 4e-04
16 25025403 2
16 25027010 0.0263
16 25031956 0.2597
16 25033818 0.694
16 25039066 1.33203756590646
16 25041057 0.1776
16 25047309 0.1776
16 25050424 2.99
16 25058189 0.0981
16 25058739 0.0263
16 25059695 0.734181939111505
16 25062711 1e-04
16 25083807 2
16 25094885 2
16 25096865 2
16 25101025 2
16 25105409 2
16 25123346 0.380648255082652
16 25125700 0.442764917527119
16 25131154 0.42925183356465
16 25171080 1.28445823611986
16 25176591 1.23345432474069
16 25179859 0
16 25181293 1.08132080617642
16 25184129 2
16 25197874 2
16 25209593 0.0897
16 25216193 2
16 25216339 1.9106
16 25230260 2
16 25257657 1.6901
16 25272818 0.734851378479709
16 25273450 1.6718015979998
16 25284128 0.145565693395346
16 25284769 0.1317
16 25285055 2.12267944171935
16 25285735 0.315391412119433
16 25286444 1.1721069212515
16 25287232 1.22296680114531
16 25287590 0.413774713836902
16 25290092 0.544944118877255
16 25291801 0.306677561661046
16 25292229 0.643499831691556
16 25333105 0.1251
16 25338917 0.1251
16 25339219 0.1184
16 25339220 0.1184
16 25355731 1.7231
16 25386060 0.0311309139854949
16 25387732 1.7403
16 25395097 0.263139112471304
16 25415037 0.789985600046005
16 25421962 2.0669
16 25422346 1.7403
16 25427562 0.47422623535897
16 25427750 0.527517677781992
16 25430009 0.412749475491961
16 25434357 0.502068409770042
16 25439805 0.949128542028357
16 25443744 2
16 25445493 0.849066909984152
16 25447098 1.66678280674589
16 25451068 0.187246030433443
16 25451865 0.330942489968551
16 25452122 0.44323192265224
16 25454539 0.675839178400924
16 25475580 1.10561169118771
16 25476192 2
16 25476891 0.059382115289095
16 25489878 2.1546
16 25490734 0.0210518529163429
16 25492090 0.773697503497376
16 25493926 0.0907399355429444
16 25499818 0.124229350050709
16 25500126 0.418461959187677
16 25510687 0.343583655438048
16 25518163 3.1148
16 25518464 0.110283725336623
16 25533051 1.94455535623495
16 25567291 1.1105
16 25595919 0.7638
16 25610083 0.7842
16 25611595 1.1876
16 25613312 1.9901
16 25618038 0.6972
16 25624079 1.47140012389031
16 25634174 0.7388
16 25638194 0.7464
16 25640460 1.5272
16 25644277 0.7263
16 25645234 1.5272
16 25659834 0.1134
16 25662469 0.1134
16 25664490 2.1125
16 25666608 1.3752
16 25669993 2
16 25672298 0.1134
16 25679392 0.1134
16 25684240 1.6243
16 25688440 2
16 25689625 2
16 25692464 0.25713185378306
16 25700037 2
16 25707229 0.85698586014519
16 25716405 1.0815
16 25747707 2
16 25760423 2
16 25763587 0.538416769606191
16 25768078 0.722190748203488
16 25769641 0.358684915796275
16 25773538 0.0053
16 25774933 1.10308053093941
16 25779527 0.916
16 25798381 2
16 25811161 0.9072
16 25812230 0.8701
16 25817193 2
16 25823968 2
16 25828244 1e-04
16 25837969 1.75917638870391
16 25840238 0.6475
16 25841598 0.6475
16 25845280 0.4133
16 25850483 0.60794020900013
16 25850753 0.5066
16 25862583 1.1577
16 25863271 1.1577
16 25871955 1.10380124676919
16 25873536 0.3886
16 25875253 0.3845
16 25876768 0.2145
16 25893452 0.1664
16 25899137 0.7259
16 25900199 0.823
16 25924360 2.7295
16 25938107 2
16 25944478 2
16 25959787 2
16 25968608 2
16 25976071 0.1071
16 25978984 0.0396
16 25979964 0.0453
16 25980865 0.8128
16 25983115 0.95210658282679
16 25983900 0.0015
16 26007390 2
16 26012189 0.2545
16 26016161 0.671176278030807
16 26022159 1.464
16 26026706 2
16 26056930 0.7095
16 26088794 0.1347
16 26090034 0.1347
16 26093736 0.0856
16 26119886 0.1901
16 26120071 0.148
16 26120957 2
16 26142866 0.0324123733329886
16 26143154 0.892529792922602
16 26143798 0.516104132416088
16 26155035 1.12994134126112
16 26189306 1.9785
16 26202445 1.72196721203162
16 26207583 2.0678
16 26213391 2
16 26225080 0.513599835965839
16 26235847 0.1137
16 26237108 0.1203
16 26241623 0.0897273510713285
16 26243214 2.6671
16 26263872 2.35336131093263
16 26296019 0.171233072346084
16 26302046 0.0924993780894334
16 26322284 1.14141061660166
16 26329491 0.0975
16 26333281 0.416958421089289
16 26341761 1.1556
16 26348559 2
16 26348928 2
16 26358137 2
16 26360193 1.3378
16 26360481 1.3378
16 26384185 2
16 26389881 2
16 26403116 0.0169
16 26457408 1.94254690620395
16 26494729 0.599
16 26495733 2
16 26496978 0.795435725029779
16 26500136 2
16 26501247 1.422
16 26502541 1.422
16 26503807 1.422
16 26505099 0.452779028986031
16 26506022 2
16 26508020 1.3821
16 26510858 2
16 26512173 1.54035905884488
16 26518171 0.844726358384553
16 26535167 1.0359
16 26545566 0.7487
16 26546661 1.687
16 26553246 1.1268
16 26558290 2
16 26568666 5e-04
16 26573495 2
16 26573625 1.2173
16 26584353 0.188918910270134
16 26588459 0.9313
16 26617361 2
16 26624691 0.4257
16 26639399 0.7708
16 26650640 0.544424742568438
16 26654481 0.544575246969515
16 26661223 1.545
16 26664522 0.9761
16 26687014 2
16 26692823 0.7394
16 26694333 0.6178
16 26696871 2
16 26702454 2
16 26702484 2
16 26709901 1.46979006387033
16 26718436 0.222963504944748
16 26757859 0.6103
16 26775630 0.661
16 26790563 0.0273
16 26801195 1.44013484706013
16 26802444 2
16 26812427 2
16 26814255 0.7125
16 26814515 2
16 26818347 2
16 26822126 1.493
16 26824421 2.0367
16 26827157 0.6495
16 26829581 2
16 26840313 0.816
16 26852704 2.3054
16 26896328 0.8925
16 26921532 2
16 26937261 1.6258
16 26940112 0.9889
16 26946508 0.713
16 26949195 0.23097420084757
16 26949668 0.615
16 26961824 0.2356
16 26965826 0.2356
16 26966236 0.2356
16 26975853 0.7132
16 26977706 2
16 26978024 0.9703
16 26982327 2
16 26990377 0.7324
16 26994743 1.3712
16 27014553 2
16 27016687 2
16 27022807 2
16 27050775 0.057012317123618
16 27052816 0.0643154609062132
16 27057235 0.049
16 27060061 0.125978272596648
16 27063383 2
16 27063861 2
16 27064034 2
16 27064190 1.1492
16 27077383 0.487266161392818
16 27085694 0.8773
16 27088859 0.9006
16 27090261 2
16 27096757 1.59303915279846
16 27099832 0.449297995710049
16 27115827 0.6447
16 27125404 0.331900936556414
16 27128286 0.964
16 27128687 1.7065
16 27138543 0.829835558529315
16 27138742 2
16 27138966 0.4995
16 27139678 2
16 27149034 0.9952
16 27149399 0.782623848027955
16 27157212 1.61586229680672
16 27161564 1.2795
16 27161965 0.7772
16 27163347 1.2795
16 27167053 1.0708
16 27170122 1.8456
16 27171157 0.7532
16 27172043 0.7532
16 27185721 2.4925
16 27188726 5e-04
16 27191710 2
16 27226789 0.628317860897801
16 27228326 0.663618529768956
16 27237922 0.137796888443237
16 27241738 0
16 27248875 0.67856569451702
16 27251076 0.0692389012231352
16 27252452 0.392421844516661
16 27261432 1.11133522144281
16 27297310 2
16 27299573 2
16 27309048 2
16 27310062 2
16 27327706 2
16 27337847 2
16 27338526 2
16 27349307 2
16 27352365 0.0329
16 27352912 1.44176451868418
16 27356678 0.0329
16 27358288 2
16 27360263 0.877125173045214
16 27386747 2
16 27401093 2
16 27405513 2
16 27418907 0.306259014781962
16 27424457 0.757447937462016
16 27431333 0.521383657843177
16 27432498 0.4587
16 27449747 0.868
16 27455657 0.9198
16 27465227 1.0432
16 27491734 0.103538539275395
16 27501439 1.0432
16 27554737 0.1241
16 27593752 1.8774
16 27603737 0.0263
16 27604292 0.1241
16 27626576 0.1175
16 27642726 0.1175
16 27661100 1.0432
16 27674010 1.0432
16 27676109 1.0432
16 27680839 1.0432
16 27699919 0.95891160559642
16 27713671 5e-04
16 27713767 1e-04
16 27745898 2.89950075909082
16 27782205 0.9419
16 27798180 0.084
16 27799724 2
16 27803258 1.0097
16 27821216 0.849518202866275
16 27825797 0.852281282419182
16 27839806 1.54312076508877
16 27840555 2
16 27865466 2.2654
16 27868804 1.1738
16 27869644 0.041
16 27870937 0.8919
16 27882948 1.0067
16 27888549 6e-04
16 27901638 1.0067
16 27907865 1.364
16 27921249 1.19079042252828
16 27922477 0.130236421521028
16 27925598 0.2527
16 27926913 0.8679
16 27946629 1e-04
16 27947597 0.565408283867777
16 27953583 0.290196614304477
16 27964086 0.637485104126
16 27971005 0.6743
16 27978525 2
16 27979078 0.9166
16 27985501 0.6903
16 27988306 0.16532410149611
16 27992537 0.862168291714564
16 28013372 1.51905397589693
16 28034262 5e-04
16 28052627 1.87366024721398
16 28056551 2
16 28063581 0.0263
16 28072988 1.16777190258575
16 28073217 0.0381047107301779
16 28073225 0.193474863559794
16 28073455 0.994723447674517
16 28087188 1.52822784284648
16 28121240 0
16 28153588 1.71399418532659
16 28156593 0.241547009554869
16 28251535 0.250084061508163
16 28299590 2
16 28329624 0.286310092135503
16 28330085 2
16 28372110 2.9962
16 28506584 1.05699824683733
16 28511269 1.5357
16 28527015 1.1765
16 28558729 2
16 28564634 5e-04
16 28568710 2
16 28579427 0.0263
16 28588090 2
16 28592021 2
16 28606916 0.106940626222165
16 28615683 0.57131678340625
16 28629858 0.0415617896374118
16 28637746 2
16 28698471 0.128930243926789
16 28760772 1e-04
16 28835545 0.535052298838946
16 28850560 0.542763028749186
16 28853522 1.91821507300132
16 28853721 0.0216055547712499
16 28871103 1.7711501259457
16 28873475 5e-04
16 28881801 1.99217224572211
16 28882403 2.11444762452921
16 28888008 2
16 28902705 1.0045
16 28912200 0.294190954237255
16 28943139 2
16 28961946 0.533659212614982
16 28969372 0.2796
16 28993078 2
16 28996168 0.2796
16 29000403 5e-04
16 29074161 2
16 29121811 0.407099420297306
16 29128333 2.2356
16 29147640 0
16 29159368 1e-04
16 29168988 2
16 29175043 2
16 29181590 2
16 29187554 1.53580983748775
16 29193401 2
16 29207399 0.0053
16 29207661 2
16 29214168 2
16 29220650 2
16 29228508 0.4346
16 29233216 0.2838
16 29239957 0.5525
16 29240641 2.5965
16 29242331 2
16 29250990 5e-04
16 29255771 2
16 29256952 0.6107
16 29260625 0.762549447754775
16 29262465 1.79768381964103
16 29264953 0.371645685656518
16 29268980 0.0377491956638249
16 29270493 0.9229
16 29276532 0.341957058104406
16 29277180 0.259621921022024
16 29279791 0.326137510168212
16 29286759 1.8807
16 29299458 1.0815
16 29306756 1.2212
16 29308357 0.6587
16 29318232 0.7125
16 29333773 1.17306399423857
16 29344452 0.3522
16 29383231 2.301
16 29408354 1.0959
16 29571948 1.0603
16 29604489 0.8236
16 29635584 0.7706
16 29637663 0.0263
16 29661882 0.9936
16 29669068 0.4835
16 29670386 2
16 29673467 2
16 29681371 2
16 29683068 2
16 29698456 2
16 29705248 2
16 29713073 2
16 29713677 1e-04
16 29719305 2
16 29721639 2
16 29737318 2
16 29758948 0
16 29761321 1.155
16 29762835 0
16 29763021 0
16 29822167 0.8081
16 29863614 0.229960336766511
16 29866238 0.0386
16 29879885 0.426
16 29883982 1.41724909201918
16 29885069 1.23248033986517
16 29899197 0.0383615980845212
16 29902674 0.3312
16 29924184 0.0759
16 29932046 0.0897
16 29939508 0.0897
16 29956694 0.246
16 29967484 0.679612076720134
16 30001945 0.246
16 30022312 0.840289377077918
16 30042960 2
16 30052459 0.564808596422214
16 30056216 0.185838004745441
16 30080727 1.04098509595245
16 30091481 2
16 30091839 2
16 30095964 0.975732719436087
16 30109621 0.2032
16 30119172 0.3537
16 30145077 2
16 30158072 2
16 30170041 2
16 30170104 0.0263
16 30190294 1e-04
16 30328648 3.4166
16 30352061 0.8667
16 30404278 0.8027
16 30446470 0
16 30447399 2
16 30452713 2
16 30466450 2
16 30482309 2
16 30502818 1.68741995558192
16 30525351 2
16 30533770 1e-04
16 30547017 2
16 30550505 0.0263
16 30601748 5e-04
16 30636997 2.6671
16 30702571 1e-04
16 30742924 0.380420061213259
16 30751319 0
16 30776376 2
16 30817351 2
16 30825109 2.4219
16 30844377 5e-04
16 30891032 2
16 30908486 2.3702
16 30938194 2.7697047626304
16 30968733 0.00545013928411924
16 30984348 0.507309205102223
16 30994626 0.5838
16 31015538 1.3731003514923
16 31022384 1.9096
16 31061588 0.204185023625093
16 31066819 1.7387185039492
16 31068513 0.381529349357168
16 31072003 1.42094640492947
16 31090086 2
16 31103601 0.0264
16 31121189 0.0193
16 31126391 0.5838
16 31142825 0.665169034353206
16 31164284 1.78205530109858
16 31166684 0.554191063731452
16 31171375 1.2839
16 31203577 0.376023466307139
16 31205458 0.68167408294681
16 31256377 0.491130776402659
16 31257664 0.608661888621872
16 31277593 0.841
16 31289690 0.935608505528716
16 31291880 0.841
16 31329047 0.543799486739873
16 31334539 6e-04
16 31346489 1.23858125073793
16 31348009 0.0281503629190695
16 31350942 0.443659195496344
16 31354695 0.719873210675062
16 31356857 0.42881682700855
16 31360480 3.1209
16 31365528 2
16 31369275 2
16 31372201 1.8181
16 31380726 1.46352063127856
16 31380868 0.7853
16 31387145 1.0435
16 31396207 0.734621186057059
16 31414744 0.0354
16 31424046 0.7304
16 31477595 2
16 31483749 1.25229467452004
16 31484256 2
16 31510687 2
16 31512480 0.8647
16 31515893 0.175974676800598
16 31527145 0.511851849540961
16 31536501 0.624480872511453
16 31553055 0.27199895025974
16 31558271 0.848005184376188
16 31566922 1.97896182503748
16 31570251 1.2154
16 31577412 1.2154
16 31578759 0.0415453621026686
16 31581083 0.894141667131542
16 31603698 2
16 31630756 0.0851031074286283
16 31632304 0.0757808780100501
16 31654073 0.484
16 31654177 0.4675
16 31679180 0.0207
16 31684042 0.0666
16 31695682 0.0657
16 31700421 0.2222
16 31701123 0.815025742694233
16 31704610 0.7575
16 31718231 0.484
16 31721936 0.4675
16 31736409 0.0657
16 31742193 0.7032
16 31743553 0.4675
16 31748738 0.2303
16 31750875 0.4675
16 31756199 0.2303
16 31801793 0.2303
16 31809279 0.2222
16 31821655 1.46
16 31821792 2.7115
16 31836629 0.0657
16 31836698 0.863033181817564
16 31904856 2
16 31904990 0.0171
16 31912628 0.0171
16 31924409 0.0015
16 31932760 0.0171
16 31934712 0.95379473247769
16 32120191 2.7115
16 32307940 5e-04
16 32517320 2
16 32647788 1.87374611750997
16 32790043 1.4555
16 32838911 5e-04
16 33770503 0.587122255722861
16 33907858 2.7241
16 33958448 5e-04
16 33994840 1.8181
16 34014933 0.7116
16 34046398 2
16 34061005 2
16 34218589 1.04574919530082
16 34266385 1.39304922103328
16 34275270 2
16 34276320 0.3717
16 34571964 5e-04
16 34582723 5e-04
16 34585651 5e-04
16 34586177 5e-04
16 34612149 0.0263
16 34613631 2.94106774414251
16 34678029 5e-04
16 34698644 0.8889
16 34718158 0.0897
16 34755773 5e-04
16 34759705 0.0263
16 34773397 0.090170925808175
16 34785228 1.19007411270536
16 34790824 0.0263
16 34931763 2
16 35007307 2
16 35017736 0.298
16 35116122 1.5036
16 35117709 0.0053
16 35161809 1.8854
16 35165960 2.4244
16 35187182 2.1191
16 35204369 2.3009
16 35306348 2.4793
16 35396969 0.0574851069746191
16 35522700 0
16 35564378 0
16 35595505 0.995183801378098
16 35692349 0.6053
16 35708120 5e-04
16 35730144 2
16 35830844 2
16 35833307 0.686582275670164
16 35896875 2.3299
16 35905114 0
16 35911130 2
16 36008759 0.784
16 36052911 0.0897
16 36071061 5e-04
16 36149011 5e-04
16 36150482 1.15707273625406
16 36154823 1.21026522812954
16 36155609 2
16 36166772 1.22188651812725
16 36167776 1.72797946319869
16 36208026 1.71975538108312
16 36242036 5e-04
16 36322568 5e-04
16 36331938 0.534225169663868
16 36348562 5e-04
16 38267648 5e-04
16 38277260 0.485810908946699
16 46391459 5e-04
16 46414989 0.8102
16 46482753 0
16 46621298 0
16 46641903 2.2664
16 46654079 2.4244
16 46675010 1.91606382697017
16 46692889 0.0502
16 46694675 5e-04
16 46741731 0.0444024768892015
16 46754788 0
16 46765979 1e-04
16 46831435 0.0263
16 46851544 0
16 46854499 2
16 46865216 2
16 46876964 0.8826
16 46896754 0.837
16 46916270 2
16 46941401 2
16 46944296 0.563
16 46958734 0.29583722099787
16 46996340 0.083
16 46999150 0.32254874353524
16 47003673 2
16 47020178 0.0276
16 47035233 0.0347
16 47102585 0.911873157464479
16 47181540 1.5053
16 47250579 2
16 47265178 5e-04
16 47293028 2
16 47433792 8e-04
16 47538353 0.8539
16 47542664 2
16 47597388 1.04326101205842
16 47852507 0.623339675446868
16 47870957 0.0386
16 47907194 0.2579
16 47994395 0.9507
16 48159014 1.4046
16 48175959 1.0867
16 48180206 1.4348
16 48183890 1.0867
16 48187668 1.4245
16 48219363 1.02
16 48249532 1.5608
16 48258602 1.0529
16 48309731 0.8554
16 48327271 1.02
16 48384913 2.4526
16 48444632 2
16 48449974 2.981
16 48469645 0.1508
16 48470001 0.1395
16 48478253 0.1508
16 48486409 0.14
16 48489532 0.1514
16 48493083 0.1514
16 48493897 2.9985
16 48511998 0.1747
16 48513043 0.1747
16 48520338 0.1747
16 48548508 1.9969
16 48592115 1.3611
16 48620164 0.171521666157337
16 48654524 1.20542790576048
16 48657004 0.819199275391864
16 48664757 0.489426602082307
16 48667619 1.45852775041587
16 48668627 0.152568902731798
16 48680455 0.959879846351426
16 48695073 0.267837060737955
16 48699852 0.8905
16 48714010 0.0263
16 48714118 0.0273
16 48751035 0.5389
16 48768666 0.564043817285599
16 48768821 0.0075
16 48788686 0.718929971946173
16 48825621 2
16 48840574 0.0243
16 48842193 0.0243
16 48861550 2
16 48863686 2
16 48864197 2
16 48864324 2
16 48872532 0.354084842589159
16 48883155 2
16 48885224 2
16 48898472 0.625068173129566
16 48907095 0.63767799734964
16 48917506 1.83556765565904
16 48925639 2.7295
16 48931555 0.864745810858694
16 48948773 1.8317
16 48955811 1.8942
16 48960502 0.427923146830052
16 48976006 1.1418
16 48979503 1.1198
16 49005166 0.812825419854605
16 49007891 1.22177129478151
16 49016058 6e-04
16 49020053 1.22501505480495
16 49031907 2
16 49034676 0.195073576168594
16 49040073 0.8633
16 49040650 0.8633
16 49063719 2.1122
16 49069653 2
16 49069810 0.889564839801566
16 49078229 2
16 49078317 2.0896
16 49092425 2
16 49099097 0.0078
16 49100569 1.66781838797276
16 49105625 2
16 49108682 2
16 49115748 0.914098143592997
16 49124051 0.3047
16 49130763 0.179352214652756
16 49133589 0.500431239653565
16 49142726 0.156770604612142
16 49198548 1.27141740148597
16 49202314 1.13265630149316
16 49220180 0.5035
16 49225213 0.0445
16 49240394 0.2241
16 49244609 0.2241
16 49264691 0.3011
16 49304589 2
16 49316834 0.266719380681372
16 49325210 0.866614495462383
16 49343846 2.3009
16 49371813 0.489094548672099
16 49378620 2
16 49378738 2.11
16 49388177 2.23366168391475
16 49389413 0.63065006573162
16 49394967 0.955882327428359
16 49403717 2.3673
16 49419635 0.508932551100937
16 49430748 2.18887361396909
16 49460119 1.24572590011817
16 49474654 0.6419
16 49481664 0.8881
16 49483162 0.6419
16 49498078 0.6138
16 49507768 2
16 49507778 0.9919
16 49508048 2
16 49512273 2
16 49514000 2
16 49519431 2
16 49549061 2.2998
16 49556159 0.6738
16 49556523 1.10656119551324
16 49564318 2
16 49575848 1.30909665332302
16 49578172 0.4662
16 49623229 5e-04
16 49643601 1.66839404190242
16 49646734 0.996820151386948
16 49654910 0.299230520360341
16 49657434 1.42056333000308
16 49659028 1.0247
16 49688593 1.79492934643873
16 49703184 0.5503
16 49710580 0.1154
16 49716648 0.0984
16 49728482 0.0237
16 49757748 0.198
16 49790986 0.4589
16 49794494 0.0544
16 49817199 2
16 49841329 0.119119939098351
16 49843191 0.7163
16 49865431 0.1865
16 49869496 0.320316522232955
16 49878181 3.1163
16 49879390 0.2092
16 49880294 0.2171
16 49892197 0.0179
16 49914763 1.7757
16 49915852 1.2101
16 49939090 0.1553
16 49939744 2
16 49946663 2
16 49961414 0.9491
16 49962389 1.2747
16 49978403 0.2032
16 49985191 0.5453
16 49996409 0.0332
16 50008451 2
16 50018859 3.1262
16 50050251 0.0637
16 50055571 1.9424
16 50060993 2
16 50065836 2
16 50065866 2
16 50077163 2
16 50095354 2
16 50096048 2
16 50096601 2
16 50108245 2
16 50109293 2
16 50113891 2
16 50114082 2
16 50117390 2
16 50138180 2
16 50140772 2
16 50152358 2
16 50161768 1.3848
16 50177201 0.0693686266535637
16 50183479 2
16 50183698 2
16 50279173 2
16 50285980 0.1371
16 50286084 0.0817746249400757
16 50293545 0.684394007038824
16 50302148 0.8947
16 50341092 0.124199263268963
16 50352491 0.1995
16 50363680 0.1337
16 50364572 0.4761
16 50378041 0
16 50379499 0.652
16 50383266 2
16 50391652 0.00365323029026385
16 50393750 0.6597
16 50401107 1.2017
16 50402562 2
16 50408505 2
16 50418754 0.2824
16 50419197 0.2824
16 50421029 2
16 50425506 0.2824
16 50435587 1.7478
16 50438640 1.7586
16 50442845 1e-04
16 50445072 1.767
16 50455161 0.1122
16 50466902 0.1122
16 50475737 0
16 50494571 0.7244
16 50531042 0.2032
16 50562927 2
16 50580662 2.6671
16 50592181 2
16 50593415 2
16 50598262 5e-04
16 50628933 2
16 50634515 2
16 50658453 2
16 50680424 0.2234
16 50703587 2
16 50704636 0.2409
16 50707275 0.3222
16 50725358 0.2997
16 50727523 0.2997
16 50735652 2
16 50738206 0.4609
16 50753572 0.6595
16 50754873 1e-04
16 50754996 1e-04
16 50757339 0.2544
16 50785655 1.40682018930593
16 50817665 2
16 50821637 2.0768
16 50827868 2
16 50827975 2
16 50829818 0.0347
16 50832339 0.181036475931596
16 50839500 1.5398
16 50842953 0.294723522145094
16 50884890 2
16 50896043 0.620458919548691
16 50901769 2
16 50905878 2
16 50930592 1.14152835127351
16 50951038 2
16 50974634 2
16 50979523 0.0659
16 50981250 2
16 50997457 2.562
16 50998004 0.0317462911931236
16 51003777 0.6743
16 51006241 0.680352507507356
16 51006614 0
16 51014135 0.341807315804647
16 51014136 1.08195343504945
16 51014204 5e-04
16 51015276 1.8465
16 51043827 2
16 51047110 0.1239
16 51057822 2e-04
16 51057824 2
16 51078606 2
16 51080446 2
16 51091363 0.8718
16 51105434 2
16 51135323 2
16 51136523 2
16 51185678 2
16 51232516 2
16 51253904 1.0356
16 51273821 0.90554342099707
16 51275731 1.0356
16 51278250 2
16 51288454 1.24827100219462
16 51311610 1.15456763399808
16 51333255 0
16 51353926 0.541932611030129
16 51355785 1.30814530564174
16 51396693 0.1901
16 51402971 1.4975
16 51410154 2
16 51412852 2
16 51416763 2
16 51427522 2.52786963103384
16 51442079 2
16 51450926 0.704307185120521
16 51470951 0.8424
16 51476149 0.9198
16 51487968 2
16 51492534 2
16 51493409 2
16 51516297 2
16 51533629 2
16 51544170 1.9705
16 51553977 1.9705
16 51565290 2
16 51565349 2
16 51568604 0.9382
16 51573089 0.0362634623710452
16 51579783 0.295368654701384
16 51632235 0.559
16 51642325 1.774
16 51661141 1.74050166006456
16 51681566 0.0571
16 51702087 0.517388131942902
16 51704542 0.063
16 51706184 0.063
16 51714324 0.1003
16 51715038 0.1003
16 51715771 0.1003
16 51718340 0.1708
16 51718796 1.30093319514875
16 51718891 5e-04
16 51724428 0.9507
16 51726320 2
16 51763324 2
16 51768573 1.1401
16 51771727 0.6913
16 51812003 2
16 51883985 1.6044
16 51899617 0.340017039247931
16 51913026 0.5916
16 51921547 2
16 51926167 2
16 51928891 2.5378
16 51931000 2
16 51931664 2
16 51944704 2
16 51951954 0.178541759358244
16 51953842 2
16 51956842 2
16 51996253 0.5359
16 51996833 2
16 52013250 2.0064
16 52025043 0.1013
16 52095592 0.1075
16 52105052 1.0818
16 52120727 2
16 52158625 0.0619
16 52159572 2
16 52167488 0.0447
16 52170893 0.353125029856205
16 52174544 1.1725
16 52175862 2
16 52176528 0.727009099834263
16 52177742 1.89097501818633
16 52178719 0.477900033753649
16 52184703 2
16 52220911 1.2058
16 52224704 1.2058
16 52245647 2
16 52276633 1.2744
16 52283926 2
16 52307809 2
16 52309007 2
16 52371901 2
16 52383329 2
16 52390160 0.699623710720096
16 52390677 2
16 52395955 1.0094
16 52400711 2
16 52402704 2
16 52430580 0.0459
16 52442951 2
16 52461841 0.225714767585394
16 52467445 0.592162758738239
16 52487305 0.5356
16 52511423 2
16 52524761 0.627201095762291
16 52550261 0.161432607549541
16 52552429 0.0356988297910111
16 52562506 1.6044
16 52563932 0.98235409537765
16 52571184 0.591677739777943
16 52574852 1.4555
16 52575617 0.1484
16 52583266 1.83820701755419
16 52586665 0.087997991033527
16 52587577 1.2399
16 52588507 1.47322824659733
16 52590534 1.01953283771746
16 52592484 0.147289471935047
16 52595790 1.7681079422423
16 52595915 0.129222718818568
16 52597580 0.237705891755181
16 52598719 1.02607526388318
16 52622676 2
16 52654794 2
16 52660977 2
16 52664061 0.619212060019057
16 52665933 2
16 52678051 2
16 52698682 2
16 52735337 2
16 52745155 2
16 52756996 2
16 52761566 1.2811
16 52769373 2
16 52775602 0.99559501727292
16 52784531 2
16 52785043 1.4797
16 52790323 2
16 52791695 1.42592350862578
16 52794915 1.6044
16 52799763 1.6044
16 52802671 2
16 52818344 0.232711879609891
16 52828960 2
16 52829510 2
16 52843373 2
16 52843783 2
16 52847444 5e-04
16 52847962 2
16 52859424 2
16 52869481 2
16 52876629 2
16 52880053 2
16 52882006 2
16 52883354 2
16 52884890 0.138686794631924
16 52891789 0.425467205633956
16 52892270 0.190126231635807
16 52899694 1.08480670878189
16 52920833 2
16 52926830 2
16 52952125 2
16 52956954 0.765901963481485
16 52960428 0.490118311313429
16 52961195 0.750770505651081
16 52966065 2
16 52967892 0
16 52970012 1.39555578724916
16 52972630 1.47140839127218
16 52979303 1.2495
16 52980306 0.8216
16 52984881 2
16 52997468 3.1209
16 52999807 2
16 53002219 2
16 53003228 1.2495
16 53003763 2
16 53012222 2
16 53014543 2
16 53019190 2
16 53021189 2.1117
16 53034901 2
16 53039876 2
16 53043489 2
16 53057452 2
16 53072560 0.2818
16 53091013 2
16 53116823 2
16 53120062 0.8444
16 53123083 2
16 53130366 0.3753
16 53132105 1.32396073208132
16 53136453 0.3753
16 53141024 0.3753
16 53158419 2
16 53160041 0.3753
16 53170063 0.897439207765683
16 53177720 0.3753
16 53185214 2
16 53192186 2
16 53193306 0.883759552150129
16 53193422 1.03098474789063
16 53199363 0.3753
16 53199751 2
16 53200263 2
16 53217167 0.3753
16 53218108 2
16 53220264 0.468486531198789
16 53222137 2
16 53238304 2
16 53257765 0.311448162918689
16 53282942 0.0795714111674816
16 53293509 0.328
16 53293656 0.3753
16 53300404 2
16 53309159 0.0854893972818971
16 53309688 0.00682225615117206
16 53314245 0.6704251750719
16 53314295 2
16 53315759 2
16 53315875 0.3753
16 53318417 2
16 53320819 2
16 53327953 0.3753
16 53335602 0.3753
16 53336659 1.00573946181721
16 53359159 2
16 53373932 0.975709288909823
16 53381126 2
16 53382655 0.8894
16 53389971 0.539216957688932
16 53423592 1.6044
16 53423857 0.5098
16 53435527 0.0263
16 53437166 1.0151
16 53438473 2
16 53446797 2
16 53453306 2
16 53461397 1.6044
16 53462269 2
16 53488260 2
16 53489499 2
16 53500712 2
16 53509016 2
16 53522178 2
16 53528683 0.335177443180015
16 53531054 2
16 53545506 2
16 53552265 2
16 53555160 2
16 53576017 0.943197203334673
16 53613139 2
16 53615473 0.0264
16 53631425 0.6497
16 53632167 2
16 53676668 2
16 53692002 2
16 53693937 0.450612359102807
16 53700309 2
16 53719079 1.4555
16 53722827 2
16 53739346 0.4764
16 53745957 2
16 53760170 2
16 53760256 0.247126090517106
16 53760918 2
16 53763145 1.3275
16 53763606 1.0921378789171
16 53783406 0.204229273496031
16 53788257 1.1215404420634
16 53816499 2
16 53821688 0.476116783163777
16 53827227 0.701262862376758
16 53835364 2.1903
16 53835976 0.327315075116434
16 53836894 2
16 53839740 0.244833181372327
16 53839813 1e-04
16 53839817 0.485954454227513
16 53842695 0.0706899864597411
16 53845618 0.0774088174208109
16 53853232 0.311136656241233
16 53855038 0.80034454558168
16 53876349 0.3077
16 53882414 1.3378
16 53893683 2.49757908556043
16 53899635 0.421632205410799
16 53902541 2
16 53909327 0.162368738289152
16 53922915 0.662
16 53927855 0.810524694885039
16 53932151 0.4652
16 53975633 0.573392537051247
16 53984322 1.9776
16 53989423 2
16 53997651 2
16 54018720 0.733145484616529
16 54036893 2
16 54039137 2
16 54041345 2
16 54061928 0.9217
16 54081540 2
16 54084523 0.620286525430124
16 54084711 0.0502
16 54094285 2
16 54099738 2
16 54100890 1.0569
16 54102533 1.0983
16 54104068 1.0983
16 54111013 0.199240824597143
16 54134726 0.7059
16 54166215 0.6014
16 54171792 2
16 54180560 0.739666192651438
16 54182508 0.264497829278439
16 54182674 2
16 54183673 2
16 54188032 2
16 54188888 2
16 54207843 0.4093
16 54208776 2
16 54215238 2
16 54225675 2
16 54239114 1.1946
16 54243841 0.6252
16 54254217 0.5684
16 54284405 0.899652302893822
16 54286923 2
16 54298492 2
16 54308714 5e-04
16 54318203 0.2649
16 54318378 2
16 54319128 0.8496
16 54335546 0.250043351622796
16 54361270 0.9493
16 54367986 2.0024
16 54374776 2.63980498525318
16 54385389 1.4312
16 54386409 1.4121
16 54409510 2.54612755451634
16 54411416 1.4509
16 54411897 2
16 54419287 0.8071
16 54435558 0.275749342265029
16 54436270 0.572891279488026
16 54440290 0
16 54458055 2
16 54460512 2
16 54473981 3.0378
16 54486720 2
16 54488209 0.972290451306215
16 54491039 1.5718
16 54492342 2
16 54521308 0
16 54530061 1.66193907627094
16 54554041 0.8186
16 54560581 0.7971
16 54560858 2
16 54565360 2
16 54565381 2
16 54581129 0.716016762006674
16 54582995 0.718014071553247
16 54598693 0.210510126638409
16 54598815 1.25431795472115
16 54601825 0.202169428185877
16 54613297 0.0495836204693322
16 54645463 1.3545
16 54649366 0.0334813717756733
16 54652539 1.2933
16 54685009 2
16 54686072 5e-04
16 54686551 0.0273
16 54703547 0.511
16 54717334 1.0399
16 54757979 1.5783
16 54788469 2
16 54792074 1.0534
16 54831534 2
16 54831997 2
16 54847746 1.24724845863192
16 54848293 0.5139
16 54854009 1.82354185451456
16 54860410 0.5139
16 54868739 0.5363
16 54871010 0.878
16 54883995 0.5568
16 54894438 0.6911
16 54907556 0.6335
16 54907978 0.6335
16 54941817 0.765178404181343
16 54942462 0.1888
16 54949465 1.3284778351893
16 54957157 0.428677646465867
16 54957783 1.28343306472422
16 54962725 0.0432
16 54971961 0.0907
16 54994434 2
16 54994636 0.881431811382854
16 55000343 0.680320322370192
16 55001776 1.1882
16 55004869 1.4524
16 55005801 0.855
16 55007846 1.52106188302451
16 55019622 1.8297
16 55021812 2
16 55022240 2
16 55022908 2
16 55024440 2
16 55024660 2
16 55025891 2
16 55028904 2
16 55030664 2
16 55056071 0.0018
16 55058937 0.1629
16 55059312 0.1629
16 55061660 0.1629
16 55062482 1.3536
16 55063396 0.1912
16 55063736 0.1629
16 55084782 2
16 55091772 2.635
16 55100366 0.47782150462035
16 55119448 0.412708328147403
16 55120101 0.174130916662442
16 55149553 0.1326
16 55168680 1.2732
16 55177557 0.4898
16 55180314 2
16 55181678 0.9163
16 55184219 2
16 55216687 0.208738284471272
16 55221524 0.203660480280716
16 55226056 2
16 55233204 2
16 55234383 2
16 55238133 2
16 55242528 2
16 55244777 0.590364117582501
16 55252467 0.489916388321497
16 55271663 1.1513
16 55282584 1.05297013027083
16 55285461 0.616329966491326
16 55287324 0.777667077083462
16 55296464 1.5363
16 55303940 0.1523
16 55306436 0.665812467025122
16 55309653 0.9961
16 55315002 1.29290348129807
16 55316660 0.1871
16 55318501 0.1871
16 55321419 0.1523
16 55325533 2e-04
16 55325541 2e-04
16 55329326 0.9745
16 55332264 0.9745
16 55344823 2
16 55363342 1.6984
16 55367421 1.12313253429017
16 55374918 0.7381
16 55406692 2
16 55417959 2
16 55422070 2
16 55431632 0.4281
16 55439564 0.0822
16 55441217 0.0167470222613709
16 55442009 0.0822
16 55447159 0.0822
16 55448559 1e-04
16 55448692 1e-04
16 55448744 2
16 55455004 1.43074987861259
16 55460771 0.0497982898863571
16 55466308 1.57708901135325
16 55468984 1.46271381862809
16 55471979 1.7174
16 55475929 1.5928
16 55476547 0.6325
16 55480671 0.0107
16 55481783 2
16 55495499 0.037
16 55504651 2
16 55520825 2
16 55524296 2
16 55546611 2
16 55556230 2.22127740333292
16 55570216 2
16 55574120 2
16 55577049 2
16 55580535 2
16 55584539 2
16 55600631 1.3337
16 55611518 0.477132485135656
16 55615698 0.603553679855768
16 55620972 0.4563
16 55659943 0.2328
16 55660371 0.2248
16 55669136 0.1868
16 55674581 0.4078
16 55679874 1.2622
16 55684906 2
16 55688478 1.1139
16 55690473 2
16 55690527 1.0761
16 55695924 2
16 55706939 2
16 55707292 0.1363
16 55719205 0.1425
16 55719790 1.8857
16 55730951 2
16 55735371 0.1877
16 55741813 0.1425
16 55744812 2
16 55754252 1.08725571302722
16 55755658 0.1425
16 55758220 2
16 55758904 2
16 55759783 0.6034
16 55760856 2
16 55762212 1.2458
16 55763791 1.3242
16 55764622 0.2775
16 55767228 1.3454
16 55767975 0.841833759336212
16 55775116 0.2724
16 55775573 1.3104
16 55778662 1.3527
16 55778844 1.00621326741451
16 55788283 0.734175188375742
16 55808204 2
16 55811275 1.6169
16 55820500 2
16 55849849 0.0467922970589005
16 55856622 2.4793
16 55862349 0.288176577065609
16 55866403 2
16 55867701 2
16 55875251 2
16 55892724 0.117541432865551
16 55903870 1.8935
16 55958224 2
16 55963705 2
16 55965792 0.9067
16 55965794 5e-04
16 55965800 2
16 55969744 2
16 55970799 0.8506
16 55988499 2
16 55988964 1.8063
16 55999455 2
16 56011993 2
16 56013232 2
16 56036125 0.01365459775055
16 56040101 0.319196457782006
16 56044801 0.498766307671556
16 56044921 0.509082982637894
16 56065305 2
16 56075421 2
16 56080827 2
16 56115140 2
16 56118989 1.66502867473059
16 56127393 0.133739691533646
16 56153600 2
16 56154515 2
16 56154582 2
16 56165393 2
16 56176303 2.1324
16 56179486 2
16 56183762 2
16 56194154 2
16 56210801 1.0115
16 56267590 2.03713886546681
16 56300038 0.644216464288956
16 56307125 2
16 56328969 2
16 56354569 2
16 56370791 2
16 56372344 2
16 56382184 1.946
16 56397773 1.9527
16 56398274 2
16 56403960 0.906914334196378
16 56406101 2e-04
16 56418368 1.946
16 56422386 0.889
16 56423792 0.889
16 56443365 2
16 56492956 2
16 56505057 2.4916
16 56513342 2
16 56518768 0.889
16 56520564 2
16 56522846 1.2792
16 56525553 0.612712968496404
16 56527582 1.0784549450518
16 56537502 1.8275
16 56541499 2.2691994050471
16 56542116 1.0109
16 56542729 0.695806629943956
16 56545165 2
16 56547631 0.7111
16 56553185 0.892156243865807
16 56570913 1.09931812279464
16 56574678 1.54991793327041
16 56578685 1.7766
16 56598094 2
16 56598843 2.9778
16 56599034 0.5107
16 56609431 0.598227920827239
16 56615919 0.8273
16 56626208 0.0546592567974081
16 56629116 0.321335302770608
16 56646445 1.0594
16 56654196 0.0072
16 56655772 1.0999
16 56656946 1.0999
16 56681405 2
16 56699204 1.4704
16 56711169 1e-04
16 56739421 0.0078
16 56780935 0.4138
16 56786625 0.656391165804063
16 56800322 2
16 56802196 0.4138
16 56808131 5e-04
16 56810331 1.6452
16 56812892 2
16 56814330 2.4309
16 56822660 1.3899
16 56828083 0.3922
16 56832590 0.7624
16 56839701 2
16 56842933 2
16 56861961 1.11199133855628
16 56862818 0.3495
16 56874791 2
16 56874972 2
16 56879507 0.8824
16 56888748 1.0448
16 56890873 1.6137432769441
16 56893846 1.86791229431922
16 56918186 2
16 56925107 0.409406093550568
16 56925646 1.35034521119598
16 56930103 2
16 56931795 1.0238
16 56950570 1.17981037696969
16 56957612 1.1197
16 56957829 2
16 56961324 0.292523154694664
16 56962367 1.9294
16 56966760 2.9667
16 56967304 2
16 56978467 0.2706
16 56988440 0.0904382976083887
16 57002446 0.1273
16 57004855 2
16 57005230 2
16 57011586 0.8545
16 57017242 2
16 57019865 0.6046
16 57027055 0.4157
16 57032264 2
16 57039555 2
16 57041268 0.189714184294064
16 57041467 2
16 57068201 0.250300830663877
16 57071073 2
16 57077090 1.64849125633741
16 57104162 2
16 57112379 1.1674
16 57113776 2
16 57117884 2
16 57120297 2
16 57123123 2
16 57136842 0.0276
16 57156247 1.4516
16 57187953 2
16 57188535 0.0263
16 57201358 1.1034
16 57208451 1.53922404896406
16 57216069 2
16 57231806 1.4389
16 57236895 1.1034
16 57254982 2
16 57259073 1.1106
16 57267123 2
16 57269244 2
16 57276147 2
16 57283318 2
16 57287891 2
16 57288525 2
16 57300641 2
16 57302716 0.723463168520621
16 57310245 2
16 57311485 2
16 57317659 1.5635
16 57327434 0.921225735059012
16 57336414 0.876952000416838
16 57337623 2
16 57340329 5e-04
16 57341052 2
16 57351096 2.0645
16 57368569 0.0866
16 57373899 2
16 57385624 1.9794
16 57386116 0.0897
16 57387099 2
16 57409234 0.5949
16 57429636 2
16 57430324 2
16 57435033 2.0054
16 57439704 1.6243
16 57441059 2
16 57454622 2
16 57477104 1.8569
16 57481457 0.5291
16 57505961 2
16 57507605 2
16 57511413 1.1368
16 57512538 0.7811
16 57545429 2
16 57552725 2
16 57558407 2
16 57563685 2
16 57566167 2
16 57597367 2
16 57609166 0.9703
16 57617137 2
16 57627159 0.1267
16 57627734 4e-04
16 57627867 0.1267
16 57631112 2
16 57631227 0.5869
16 57631416 0.263873407280538
16 57634816 2
16 57634844 2
16 57642509 2
16 57644779 0.563581497387412
16 57646677 2
16 57647942 2
16 57655116 0.959973571730116
16 57664802 1.9161
16 57670048 2
16 57670841 2
16 57674730 2
16 57723362 2
16 57735488 2
16 57740259 0.131275006574394
16 57742405 2
16 57752605 2
16 57763111 0.4303
16 57767438 2
16 57776353 2
16 57781577 2
16 57789733 2
16 57790380 0.7635
16 57794237 2
16 57802253 2
16 57803550 2
16 57825500 1.3816
16 57833711 0.7539
16 57857975 0.0792
16 57872222 0.395908602494563
16 57879778 1e-04
16 57879780 5e-04
16 57881220 2
16 57881503 1.2143
16 57882702 1.3038
16 57885130 0.2336
16 57887588 0.1799
16 57906066 0.456026648597144
16 57906284 2
16 57908695 2
16 57910313 2
16 57911364 2
16 57923290 2.978
16 57935653 2
16 57942862 2
16 57944825 2
16 57965497 0.699121319052443
16 57965867 0.149699868455464
16 57971480 2
16 57975172 2
16 57996149 2
16 58009726 0.095160095534703
16 58025960 0.500321159929314
16 58046311 2
16 58068419 2
16 58068647 2
16 58071128 0.82873741206431
16 58075992 0.0150234276017649
16 58083929 2
16 58091935 2
16 58131478 0.189413610636862
16 58152684 0.220522378146431
16 58164904 0.663108051894208
16 58189175 0.190107414283623
16 58191287 0.0508604692904227
16 58204415 5e-04
16 58209688 0.6208
16 58217879 0.471694769427467
16 58218526 0.339961366044413
16 58223794 5e-04
16 58225608 0.222
16 58228835 0.804283829863508
16 58233369 0.00300920990918598
16 58250649 0.545032221496479
16 58251220 0.290034759510635
16 58251221 0.293054640625309
16 58251803 1.01037499880218
16 58263615 2.02099636176592
16 58269695 1.94433489409086
16 58285035 1.22770750741686
16 58285644 0.329544296228274
16 58286656 0.38609161695391
16 58287377 0.115582790002622
16 58290899 0.0253428075088572
16 58293327 0.650508299188784
16 58308976 1.1948
16 58315124 0.353618065498696
16 58324174 5e-04
16 58324183 1e-04
16 58330729 0.0022
16 58345538 2
16 58371019 1.18546393367363
16 58411577 2
16 58424737 2
16 58427461 0.000584279967795416
16 58432885 0.144150608791965
16 58433004 2
16 58433333 1.52613718606658
16 58434307 0.0034
16 58437093 0.189830005192032
16 58445160 0.2999
16 58470368 2
16 58472293 2
16 58481990 1.32556564836279
16 58508760 2.19964676767156
16 58515437 0.375734407910248
16 58519848 0.519337922617779
16 58536625 0.0814354234830826
16 58537281 2
16 58541585 0.816757846111393
16 58544358 2
16 58546309 1.44909809636175
16 58562387 2
16 58579980 1.30680728129732
16 58586159 1.3208
16 58593483 2
16 58596263 2
16 58598506 0.353333048477926
16 58608862 0.689221741164733
16 58615238 0.267
16 58615818 0.0544
16 58624210 2
16 58626759 1.90062884110937
16 58634662 2
16 58673860 2
16 58686962 1.4563
16 58688254 2
16 58688710 2
16 58695810 2
16 58703171 2
16 58704902 2
16 58722023 2
16 58723427 2
16 58724442 2
16 58726515 2
16 58736568 2
16 58738961 0.4221
16 58742925 2
16 58743673 2
16 58747194 2
16 58747703 5e-04
16 58750920 2
16 58752102 2
16 58752438 2
16 58755689 0.1291
16 58766723 0.0395
16 58766732 2
16 58769821 0.1291
16 58775287 6e-04
16 58784428 0.1337
16 58784904 2
16 58786414 0.805625445845048
16 58786688 0.181
16 58798171 0.1418
16 58805307 0.1291
16 58808219 5e-04
16 58812281 0.4768
16 58813866 0.3015
16 58818618 1.0834
16 58832108 2.57902911029835
16 58832483 0.1556
16 58839700 8e-04
16 58849766 2.30725808645663
16 58854264 2
16 58857850 1.8325
16 58859685 2
16 58866166 2
16 58866310 2
16 58866426 2
16 58873963 2
16 58875435 2
16 58877259 2
16 58887301 2
16 58889447 2
16 58892811 2
16 58901517 2
16 58910894 1.5049
16 58914426 2
16 58928508 1e-04
16 58938341 2
16 58952300 2
16 58954153 0.0103890116414218
16 58965063 2
16 58967408 0.0480804339899728
16 58973070 2
16 58977973 2
16 58990930 2
16 58993541 2
16 58998431 2
16 58998687 2
16 59000534 2
16 59004341 2
16 59022010 0.510081790825105
16 59036136 2.4561
16 59051192 0.752810903418797
16 59074272 0.9138
16 59125470 1.06216844885316
16 59128046 2
16 59136503 0.102031636304871
16 59174165 2.38193943746076
16 59179674 1.68507448174354
16 59181327 2
16 59221851 2
16 59226353 1.1884
16 59236926 2
16 59244341 2
16 59254423 2
16 59256275 2
16 59289633 2
16 59294176 2
16 59327167 0.1385
16 59341107 0.1302
16 59344534 2
16 59354899 0.2469
16 59358243 0.1241
16 59361563 0.1164
16 59371898 0.1164
16 59372331 0.1164
16 59374706 0.1385
16 59377477 0.383
16 59378291 0.383
16 59412193 0.0575
16 59425563 0.3312
16 59434069 1.6044
16 59434629 0.373897681265009
16 59437657 0.1355
16 59474729 1.2999
16 59498836 0.9732
16 59508851 0.0565998497060546
16 59514595 0.795126233876903
16 59515096 0.749355677736041
16 59517493 1.43536337471693
16 59519726 0.648217988357872
16 59520094 0.106632314030639
16 59521050 2
16 59521677 1.4204
16 59522913 1.5879
16 59525877 1.5879
16 59527428 0.503198315117446
16 59529487 1.513
16 59535730 1.5747
16 59564937 2.3678
16 59582365 0.8864
16 59583267 0.3396
16 59591787 0.3396
16 59597498 0.3396
16 59604555 0.3396
16 59606089 0.3396
16 59612637 0.2904
16 59624827 1.5143
16 59650454 2
16 59653564 1.8776
16 59672344 0.403704648709384
16 59672617 0.899254261018051
16 59672998 0.0878022943859353
16 59676012 0.458608872527506
16 59676350 0.597072018802957
16 59678480 0.790164612778184
16 59683903 1.4571623042402
16 59687074 0.328462863365627
16 59687379 1.157534295603
16 59697167 5e-04
16 59699483 0.554734382222889
16 59703785 0.0772864641796285
16 59713060 0.61730536221858
16 59722275 0.494232244177339
16 59733058 0.4167
16 59743010 2
16 59755971 2
16 59774922 0
16 59779214 2
16 59781634 2
16 59810563 0.5661
16 59811832 2
16 59813827 0.549
16 59849577 0.0716
16 59849987 0.0823
16 59851833 0.418253404220842
16 59866307 2
16 59870031 2.4029
16 59877709 1.50662643570478
16 59882477 1.58031917023145
16 59887218 1.0151
16 59902451 1.4555
16 59929607 2
16 59947444 2
16 59948066 2
16 59962776 2
16 59968438 2
16 59970450 0.228938520854485
16 59974519 2
16 59975372 2
16 59987702 2
16 59992453 2
16 59992904 0.1273
16 59996789 2
16 60000425 0
16 60003489 0.1206
16 60011156 0.0078
16 60012406 2
16 60023991 2
16 60033255 2
16 60035440 2
16 60052358 0.914993294279659
16 60064831 0.837781404101463
16 60065809 1.07241355644668
16 60078907 0.638362959212593
16 60082390 0.480634745838534
16 60082750 0.646607314193337
16 60083997 1.58278502867661
16 60107614 0.97179953870338
16 60118777 1.9047
16 60119825 0.637367804966362
16 60123232 0.376515968213161
16 60127007 0.952878860873345
16 60144335 0.16271834696794
16 60154638 2
16 60156017 2.234
16 60157678 0.5538
16 60158272 0.5538
16 60190669 0.631
16 60191462 2
16 60207120 2
16 60211202 0.8152
16 60212909 2
16 60217635 2
16 60220884 2
16 60220982 2
16 60225332 2
16 60227471 0.7027
16 60244781 2
16 60247084 1.669
16 60247240 2
16 60250927 2
16 60260813 0.619
16 60262889 2
16 60268289 2
16 60279138 2
16 60280585 2
16 60292595 2
16 60294032 2
16 60302080 2
16 60336850 2
16 60343424 2
16 60347478 0.8715
16 60352505 0.0245175623598851
16 60367415 2
16 60390307 2
16 60401709 0.1422
16 60406553 2
16 60417298 0.34249046048852
16 60419944 2
16 60423606 0.4035
16 60433743 2.12035199158767
16 60437507 0.436250469180937
16 60439245 1.11921466864899
16 60454371 1.7696943930332
16 60483030 0.89101039369444
16 60484113 2
16 60486686 1.322
16 60505607 2
16 60511761 2
16 60521135 2
16 60533175 0.856842938366801
16 60535212 1.96321900174449
16 60558424 2
16 60562091 0.275864943024811
16 60566282 1.28054829992658
16 60567937 2
16 60570439 2
16 60574981 2
16 60578619 0.242546849998765
16 60589357 2
16 60594579 0.313933075449764
16 60609375 2
16 60609783 2
16 60614139 0
16 60615462 2
16 60622249 2
16 60631193 0.4736
16 60646650 0.4386
16 60649772 1.2211
16 60650156 0.4386
16 60653083 2
16 60654957 0.3667
16 60662747 0.4923
16 60670018 1.2466
16 60670849 2
16 60713019 0.4116
16 60718305 0.3463
16 60737569 5e-04
16 60739496 0.063003769186697
16 60744754 0.2307
16 60752299 0.0638452117755674
16 60755378 0.779748982698742
16 60763495 0.2189
16 60771922 0.332580472773852
16 60783199 0.189663696436514
16 60793530 0.262013084015957
16 60793911 0.158097430535844
16 60798538 0.889
16 60801903 0.134448588591732
16 60808132 0.295788256262349
16 60811580 1.3881
16 60835147 0.0663498740996578
16 60842039 0.216834071683271
16 60872460 2
16 60880018 2.60254922002549
16 60883760 1.2553
16 60884454 2e-04
16 60903958 0.722791050495808
16 60924757 2
16 60934278 0.248963496831563
16 60934384 0.409
16 60937143 2
16 60938514 0.409
16 60956172 1.66503598589662
16 60959478 0.00391953936214204
16 60993829 2.46185496021791
16 61001517 1.5879
16 61003364 0.413592907293479
16 61009055 0.0364235806213125
16 61014429 0.547994921689759
16 61037034 0.934078561155257
16 61039289 2
16 61041086 2
16 61052801 2
16 61060711 2
16 61078615 0.802346907594531
16 61080601 0.0859215605306251
16 61085013 0.212829421621544
16 61085704 1.14817704811406
16 61087077 0.1083
16 61097504 1.6044
16 61099841 1.6044
16 61160788 5e-04
16 61387523 0.0219
16 61421425 0.73130077331078
16 61423187 0.8863
16 61423255 2.542
16 61426007 2e-04
16 61426031 3e-04
16 61426041 3e-04
16 61426107 0
16 61427563 0.329452730908456
16 61443413 0.8863
16 61443718 2
16 61445911 1.3638
16 61453022 0.415691300977952
16 61465316 0.8863
16 61468820 0.8863
16 61473588 0.716870257061348
16 61500939 1.1599
16 61519604 1.20909191633813
16 61520025 0.352917271630916
16 61543762 0.5258
16 61561930 0.939
16 61569614 0.939
16 61576469 2
16 61583465 2
16 61591570 0.939
16 61592412 1.959
16 61594032 1.959
16 61594467 1.959
16 61598632 1.959
16 61607892 1.959
16 61616561 2
16 61617572 2
16 61620105 2
16 61622682 2
16 61629176 0.85901438240424
16 61631954 0.678599648575224
16 61632558 3.1271
16 61637896 1.1364
16 61646137 1.2399
16 61682478 1.1001
16 61714942 2
16 61715968 2
16 61727514 0.792911481088112
16 61728911 2
16 61744380 0.5409
16 61753223 0.1208
16 61772382 1.3378
16 61772554 2
16 61776260 1.3378
16 61778756 1.3378
16 61830102 0.0717
16 61835123 2
16 61844677 1.36116616433317
16 61853465 0.0717
16 61859299 2
16 61864154 2
16 61886498 1.3378
16 61888448 2
16 61891077 2
16 61902969 0.0165
16 61918520 2
16 61918530 2
16 61934196 2
16 61934433 2
16 61941023 2
16 61951277 2
16 61959352 2
16 61960406 2
16 61978644 1.46705625393493
16 61992042 1.6594
16 62017386 2
16 62039236 0.318790340525374
16 62039653 2
16 62101609 0.15
16 62117976 0.15
16 62127331 0.0404
16 62130632 0.1112
16 62132321 0.1373
16 62146898 2
16 62154383 2
16 62158800 0.7092
16 62163603 0.8291
16 62167324 2
16 62188390 0.8291
16 62205811 2.12764598769888
16 62206014 0.026956085411358
16 62208097 0.749257244590978
16 62218114 0.9132
16 62228141 1.5709
16 62231169 0.9642
16 62241440 1.5158
16 62241482 1.5293
16 62246972 0.2115
16 62249067 2
16 62272483 0.573863674969434
16 62278975 2
16 62323788 2
16 62329552 0.9823
16 62350253 2
16 62354440 0.541559573358716
16 62354780 1.42213763685186
16 62358486 1.98785747571919
16 62358882 2
16 62365031 2
16 62378989 0.425502157993769
16 62385718 0.5745
16 62387191 0.6322
16 62399273 0.65
16 62405880 0.410985621230006
16 62406144 2.0367
16 62421489 0.527589971795242
16 62425207 0.65
16 62465087 2.2967
16 62466650 0.633107254675835
16 62510561 0.275
16 62514431 0.2596
16 62517577 0.178196209569869
16 62518729 0.810014450125741
16 62528622 1.10341458757432
16 62588216 2
16 62598000 2
16 62608077 2
16 62612165 1.82633966326601
16 62615248 1.65238791526808
16 62619331 0.7647
16 62626408 0.856312752222836
16 62632608 1.49899971990708
16 62644727 0.0444
16 62644730 0.397958383028359
16 62654223 0
16 62655496 0.3018
16 62676845 0.673338100925574
16 62685867 2
16 62694952 2
16 62694955 0.264300216647336
16 62696545 0.107833986762266
16 62703875 0.945808905010747
16 62707483 1.01539435107433
16 62707504 1.74467410162727
16 62712191 2
16 62715428 1.01040872097964
16 62717807 2.132
16 62720114 1.24817651899191
16 62731861 1.06388994412543
16 62734702 0.288372184515712
16 62745423 1.14592352968553
16 62749994 0.1383
16 62752026 0.1383
16 62779608 1.22260289538667
16 62794223 1.25680840574951
16 62800648 0.122323936301464
16 62821811 0.150656675558632
16 62849818 0.3702
16 62865645 1.0132
16 62889547 0.5694
16 62941699 2
16 62943715 0.591491051030792
16 62981382 0.8175
16 62992126 0.2534
16 62997457 0.8909
16 63007414 1.31083198870769
16 63014854 1.15249602479475
16 63020320 0.0841158464127548
16 63020982 1.8879
16 63048289 0.6623
16 63055006 0.9842
16 63093683 1.48167782834572
16 63103601 2.14999003776904
16 63105847 0.666938187718025
16 63155407 2
16 63181570 0.7993
16 63185669 2
16 63185916 0.4397
16 63200323 1.10305637457778
16 63239679 2
16 63240660 0.7223
16 63248902 2
16 63265661 2.1967
16 63317993 2
16 63325722 2.8855
16 63348775 5e-04
16 63352999 2
16 63357105 0.66393541214602
16 63365121 2
16 63386246 0.6019
16 63411891 0.6019
16 63442420 0.6379
16 63477473 2
16 63485212 1.5558
16 63521618 2
16 63531655 2
16 63542757 2
16 63547567 2
16 63552448 0.257951942994982
16 63556944 2
16 63558162 2
16 63575020 1.1371
16 63585450 0.0329
16 63587290 0.2188
16 63611281 1.2024
16 63629609 1.2024
16 63634196 2
16 63650616 1.2399
16 63656285 1.3786
16 63677118 2
16 63681930 2
16 63698974 2
16 63700259 0.878731479405051
16 63715000 2
16 63721154 2
16 63722940 2
16 63728863 2
16 63732170 1.86528783261105
16 63739839 2
16 63741336 0.660927528136034
16 63746388 0.893931581796361
16 63750761 1.20091234776271
16 63752959 0.508733502919747
16 63758267 1.876
16 63764191 1.66209232327661
16 63779658 0.1207
16 63797570 0.133
16 63827798 2
16 63839877 2
16 63850952 2
16 63853648 1.35577104053673
16 63870460 0.5942
16 63876865 1.3111
16 63905080 0.194165967150211
16 63905169 3.1209
16 63914525 0.905402658426956
16 63939627 2
16 63949031 2
16 63973181 2
16 63982949 1.2474
16 63991679 2
16 64011702 1.1866
16 64041842 0.7519
16 64127886 0.7519
16 64147088 0.5619
16 64156916 0.4421
16 64156955 0.4421
16 64205798 0.0332
16 64217433 1.428
16 64241412 1.3825
16 64243454 1.3046
16 64243713 2
16 64245305 2
16 64251926 2
16 64258825 2
16 64267064 2
16 64287409 2
16 64291583 2
16 64304915 2
16 64307460 0.138383341196858
16 64312912 1.7307176288645
16 64316936 2
16 64317414 2
16 64318821 2
16 64324525 2
16 64332592 2
16 64338708 0.211343575234548
16 64371755 2
16 64376676 2
16 64380154 2
16 64391723 0.387903552687309
16 64406334 0.961844436685151
16 64408232 1.71761546155447
16 64418746 2
16 64418959 1.3045
16 64419954 2
16 64422791 2
16 64425040 2
16 64427490 2
16 64427978 2
16 64431919 2
16 64435504 2.5331
16 64435607 2
16 64436901 2
16 64437333 2
16 64438045 2
16 64442165 2
16 64451473 2
16 64455919 2
16 64464648 2
16 64471499 0.685205067348358
16 64482557 2
16 64487766 2
16 64489550 2
16 64497124 1.25983613123091
16 64503167 0.878455199045953
16 64528277 2
16 64537800 0.0987
16 64553483 2.99
16 64563312 1.03932044717469
16 64563326 0.0449
16 64572500 1.506137638315
16 64576366 0.85201354252735
16 64595089 0
16 64602234 1.8234578246987
16 64615362 0.53954280393545
16 64635976 0.0160293693341637
16 64638254 1.75418934846382
16 64639810 2
16 64643194 1.29371377656567
16 64644523 2
16 64646151 2
16 64651296 1.9629
16 64658854 1.25967284368437
16 64674669 0.0592
16 64696647 2
16 64705322 0.9974
16 64732903 2.7548
16 64746454 0.9974
16 64749078 0.9974
16 64758396 2
16 64777629 1.029
16 64781644 1.029
16 64795664 2
16 64801358 0.9974
16 64825158 2
16 64828658 2
16 64838553 0.9674
16 64846706 1.1191
16 64850385 2
16 64864254 0.66777703484215
16 64871873 1.0181
16 64881220 2
16 64923111 0.2893
16 64924347 0.7313
16 64925846 0.7313
16 64926482 2.2286
16 64926911 0.7313
16 64926977 0.7313
16 64928787 0.7313
16 64930068 0.7313
16 64931214 0.3266
16 64948130 0.2893
16 64963306 0.1244
16 64971559 0.4529
16 64981796 0.6258
16 64982981 0.6258
16 64983231 0.0222
16 64990533 2
16 65007867 0.6258
16 65011118 0.0222
16 65013823 0.2447
16 65025360 0.4857
16 65054489 0.3041
16 65057754 0.0673
16 65063620 0.0734
16 65084497 0.642
16 65101212 0.2104
16 65123505 0.367069910283409
16 65129697 2
16 65136860 1.22144325891011
16 65138649 0.982498676947166
16 65143009 1.45584920797589
16 65144182 0.8489
16 65147853 0.8489
16 65157937 0.852655169525342
16 65160153 0.0222
16 65168925 0.168729253294995
16 65173663 0.00693230166869813
16 65188059 2
16 65188291 2
16 65189448 0.517839831452924
16 65229498 2
16 65234895 2
16 65240044 2
16 65248438 0.4533
16 65259389 1.2441
16 65276603 2.50953047505019
16 65302953 1.48006722684369
16 65321662 3.1481410787017
16 65323572 2e-04
16 65328902 0.079507547993897
16 65337518 0.0502
16 65363379 2
16 65376317 1.40655207147066
16 65380708 2
16 65407054 2
16 65412162 2
16 65451884 2
16 65455042 2
16 65460806 2
16 65462585 2
16 65465707 1.05834985803353
16 65486894 2
16 65497599 2
16 65511969 1.0111
16 65536989 2
16 65544184 3e-04
16 65566801 0.5374
16 65573652 0.1486
16 65574441 0.0807
16 65575801 0.1061
16 65595336 2
16 65623244 2
16 65666072 2
16 65667687 2
16 65688177 2
16 65702800 2
16 65735892 0.0378482852974317
16 65753982 0.455281653111773
16 65756095 2
16 65760818 0.0263
16 65765071 2
16 65784005 0.0624
16 65785702 0.0624
16 65786321 0.0564
16 65787122 0.0564
16 65787218 2
16 65789373 0.0564
16 65796106 1.27313493793198
16 65805741 2
16 65808915 0.780564622743017
16 65814018 2
16 65839566 0.0561
16 65868137 2
16 65873870 2
16 65881448 1.19041699282238
16 65882122 1.23211097817509
16 65889067 0.928611168902686
16 65890664 1.32025842002005
16 65892157 1.2545937329465
16 65902131 0.198659132897497
16 65902820 0.534794354941652
16 65903070 1.60483226668993
16 65916862 0.520140066478199
16 65930285 0.78498101502547
16 65932115 0.1032
16 65933987 0.1032
16 65944713 0.1032
16 65945747 0.516402283254094
16 65946594 1.2126
16 65971605 5e-04
16 65972427 0.304451257336352
16 65999592 0.618962964308939
16 65999641 0.97974618041773
16 66001300 1.03658445126813
16 66001327 1.42645136593404
16 66001982 0.0162
16 66005089 0.0582931475452963
16 66025620 2
16 66029520 2.2133
16 66031007 0.1879
16 66050819 2
16 66050884 0.1729
16 66050945 5e-04
16 66057525 2
16 66065199 2
16 66081422 2
16 66089708 2
16 66108520 0.4294
16 66121738 0.0837
16 66158180 0.1284
16 66161393 2
16 66162909 1.5377
16 66165993 2
16 66168610 0.1088
16 66209957 0.054
16 66225816 2
16 66228796 0.054
16 66232792 0.054
16 66237994 2
16 66240988 0.054
16 66245148 2
16 66268192 2.5359
16 66274201 1.6784
16 66275365 1.91535535900263
16 66283450 1.33343687877758
16 66297661 1.614
16 66320792 0.313870916662365
16 66322728 0.29377883159829
16 66323577 0.512961419026368
16 66325361 0.713240347061069
16 66329127 0.0517322199380655
16 66336785 2
16 66354931 1.22945651301111
16 66362238 0.553961508621242
16 66364738 2.7095
16 66364942 1.0777
16 66378221 2
16 66379147 2
16 66379927 2.2255659620068
16 66386601 0.2227
16 66409552 0.88913296624189
16 66418833 0.7059
16 66419862 0.7059
16 66441900 0.7644
16 66476250 1.5002
16 66558965 2
16 66597639 2
16 66633102 0.0456479677582134
16 66672649 2
16 66683181 0.3396
16 66706169 2
16 66714398 2
16 66715003 2
16 66715629 2
16 66719753 2
16 66725551 2
16 66738598 2
16 66757622 2
16 66759323 0.2835
16 66776923 2
16 66782751 2
16 66787821 2
16 66788583 2.1171
16 66793142 0.2835
16 66795096 2
16 66797425 1.4466
16 66800064 2
16 66803402 0.2685
16 66857180 2
16 66872321 0.182658708565934
16 67044553 0.254498958696451
16 67060743 1.944
16 67234620 1.945
16 67282697 0.1852
16 67748252 1.9629
16 67770215 5e-04
16 67816797 0.6451
16 67855419 0
16 67880015 1.945
16 68032621 0.472580283603281
16 68050342 1.1117
16 68098310 5e-04
16 68133885 1.7528
16 68145248 1.5536
16 68199247 1.2381
16 68226924 5e-04
16 68264121 0.620563859683549
16 68267824 2.1379
16 68270210 0.0520716959070809
16 68272259 0.140538685735323
16 68302457 1.17010394115378
16 68323026 0.373417761008038
16 68340534 0.807202998272249
16 68341703 0.607760128956431
16 68343576 3.1157
16 68363627 1.33717723156043
16 68368783 0.944787119745261
16 68403286 0.6684
16 68425884 0.66061303862053
16 68427460 0.011402374932189
16 68450565 0.273506353241534
16 68453009 0.712229750410781
16 68464968 0.37190424774921
16 68465308 0.702444626915792
16 68483055 0.609756385493828
16 68483134 0.156690469214084
16 68496986 1.44291256021189
16 68509320 0.0694015375210829
16 68509336 6e-04
16 68524564 0.623323217242733
16 68526993 1.25842669407845
16 68527976 0.926399283391105
16 68529888 0.690806692627947
16 68534634 0.0485673997994116
16 68535556 1.3398831744286
16 68537966 0.047205013114859
16 68539392 0.516622233525703
16 68547475 0.195281295893852
16 68551414 0.694088184304831
16 68555530 0.564174399394083
16 68569432 1.07745910606217
16 68607356 1.57612715605604
16 68640885 0.538815944883714
16 68653251 0.8793
16 68656569 0.3018
16 68662737 0.3018
16 68672084 0.185508364658594
16 68673030 1.09629391519884
16 68674207 0.4441
16 68675657 0.4584
16 68700952 0.960489216612772
16 68703609 0.54312130485153
16 68710999 0.0078
16 68716615 0.671382464986681
16 68722863 0.937148933196359
16 68723669 0.175320313915051
16 68730850 0.720556828438999
16 68736795 0.246024380707247
16 68745548 1.2469
16 68752564 0.456807421973176
16 68765708 0.0915079422667625
16 68766549 0.619819792632811
16 68775370 1.28347624580578
16 68775375 2.33614198480045
16 68785000 0.216318380986185
16 68796764 0.606404973522512
16 68799985 0.77761960071376
16 68851136 2.71720470698263
16 68980436 1e-04
16 69015126 2.6472
16 69020809 0.44806368966939
16 69033635 1.69991059847299
16 69057457 1.2252
16 69058840 2.7862
16 69063829 0.56027143626355
16 69065095 1.2252
16 69072476 0.5129
16 69081399 0.5032
16 69145120 1.7755
16 69190735 0.7947
16 69282738 0.5136
16 69315835 1.05461751044879
16 69317897 0.5136
16 69386770 0.633250073702551
16 69413329 1.2205
16 69420831 0.396423017824657
16 69423645 0.9093
16 69431240 0.9093
16 69436808 0.9093
16 69459730 1.278
16 69461050 0.949444497680962
16 69465828 0.729797531703888
16 69475603 0.1799
16 69475922 0.865581727670426
16 69483089 5e-04
16 69496854 0.433234185802982
16 69498120 0.962115491719746
16 69531087 0.462714276197296
16 69539250 0.9693
16 69542476 5e-04
16 69565900 0.337073887190318
16 69568780 2.1546
16 69575138 1.4219
16 69577990 1.12999571594573
16 69584340 1.4089
16 69593188 1.4219
16 69614724 1.0097
16 69655447 0.9693
16 69657977 1.0097
16 69668028 1.0097
16 69670624 1.4286
16 69687403 1.4154
16 69716195 1.7646
16 69725839 1.4089
16 69730509 0.1151
16 69734073 3.1157
16 69734364 0.721397255045187
16 69734707 0.632034178933185
16 69778860 1.1012118096158
16 69778942 5e-04
16 69781683 0.8344
16 69782708 1.297906329732
16 69797844 0.00185960116023252
16 69802604 2
16 69815128 1.4089
16 69826866 0.31565129471578
16 69830408 0.492934954991166
16 69830655 1.42759620428101
16 69845915 0.837334705124686
16 69864095 0.15163254809597
16 69866384 1.7814
16 69892377 0.0153511295115033
16 69907300 2.3089
16 69917944 1.0004199751763
16 69925320 0.7125
16 69932247 0.4852
16 69939752 0.4852
16 69954909 0.9598
16 69966888 0.4852
16 69972864 1.37608777382698
16 69978044 0.4788
16 69978544 0.9504
16 69983475 0.4645
16 69984631 0.639742746482828
16 69988953 0.4574
16 69990493 0.9328
16 69996593 0.9514
16 69999106 0.3283
16 70000823 0.4574
16 70000831 0.9328
16 70001025 0.4574
16 70003217 0.4574
16 70003372 0.9514
16 70011562 0.4574
16 70018042 0.4574
16 70022367 0.9504
16 70030358 1.6207
16 70045279 0.6912
16 70045684 0.9514
16 70054894 0.4574
16 70059192 0.3283
16 70069586 0.0053
16 70080815 0.6912
16 70099984 0.566274611339188
16 70109476 0.9328
16 70203822 0.2601
16 70205358 2.755
16 70210601 1.8562
16 70336098 0.854699843858423
16 70353133 1.37028734306985
16 70377208 0.7223
16 70378455 0.0263
16 70487290 0.0787097259045792
16 70508006 0.928
16 70546977 0.928
16 70576094 0.5379
16 70576320 1.23827340119823
16 70608132 0.5978
16 70608305 2.8714
16 70608930 1.5536
16 70624299 2.1732
16 70625028 2.3939
16 70631398 0.7272
16 70634001 2.3939
16 70637519 0.7272
16 70641274 0.5913
16 70649856 0.7272
16 70651035 2.2595
16 70655177 2.3089
16 70655307 0.0898
16 70655561 0.0898
16 70655752 0.726
16 70667976 0.593273398837183
16 70691423 1.4242
16 70697991 0.421557582797727
16 70709963 0.788573032681866
16 70759114 0.220858362804833
16 70782990 1.96483430561687
16 70965192 1.12300038498058
16 70991014 0.486446881930498
16 71003586 0.195801071275678
16 71180326 0.0606209171031794
16 71188573 1.33286167846783
16 71201086 0.627117315193479
16 71210995 0.471138871809221
16 71217892 1.11462885276724
16 71222010 0.0384202129097981
16 71234783 1.23448265228133
16 71245971 0.644382872909255
16 71247243 5e-04
16 71249886 0.336317510811424
16 71266890 1.31690568487481
16 71269526 0.0425
16 71275557 0.0263
16 71276794 1.17269049341909
16 71299974 0.0482
16 71299994 1.69365735831487
16 71300940 1.02847974142207
16 71305302 0.425034779348867
16 71309806 0.200471313892844
16 71311833 0.0569981169105901
16 71318154 0.0482
16 71325396 0.266980034636082
16 71326523 0.195706412336312
16 71330567 1.45024943497791
16 71336115 1.123
16 71340740 5e-04
16 71347976 1.81773784334214
16 71351922 1.19998872406302
16 71364057 1.48144306236511
16 71377094 0.45647759493131
16 71380706 2.81169124031108
16 71388148 0.911969001250052
16 71394280 1.32853369656045
16 71396850 0.00168532944177968
16 71398186 0.0807
16 71398513 0.0817
16 71400191 0.144585383761164
16 71400812 1.78864377771737
16 71402875 0.7972
16 71405146 0.193177039118408
16 71406816 1.30149378730143
16 71418728 0.0457743667063086
16 71420721 1.2644
16 71428777 1.97826984103477
16 71435802 0.150961173264756
16 71444346 0.8547
16 71471803 1.2268
16 71492817 0.972617958943958
16 71518469 0.7628
16 71566574 0.599437549666857
16 71575151 1.321
16 71576373 0.964
16 71579086 1e-04
16 71592046 0.4661
16 71601418 0.980579451633965
16 71605630 2.15299544131366
16 71624541 0.1008
16 71665385 1.2039
16 71677396 1.60151008630429
16 71693959 0.0522670280871447
16 71721195 1.1925
16 71729876 1.2215
16 71730931 0.140797638248756
16 71738496 0.0998
16 71744169 1.47479001018569
16 71749755 0.2945
16 71756909 0.0866
16 71790811 0.6345
16 71809378 2.1913
16 71815564 0.6713
16 71817187 0.0866
16 71828545 0.00713826734236729
16 71834265 0.2919
16 71835360 0.562293613674033
16 71841612 0.405566091516334
16 71858069 0.0898
16 71863496 1.05607684750473
16 71875327 0.6903
16 71877295 1.2318
16 71883781 0.213699799352104
16 71898370 0.106399724826333
16 71903370 0.5931
16 71907187 0.480386944001599
16 71908403 0.0183019890870659
16 71911008 2.0825
16 71924149 0.6903
16 71930021 0.6903
16 71947731 1.3848416232694
16 71953976 0.859
16 71962047 1.16
16 71969178 0.505795811959629
16 71978497 0
16 71978499 0.7531
16 71982940 0.8234
16 71986049 0.8234
16 71986828 0.8234
16 71988142 0.3893
16 71991530 0.0185
16 71993785 3.1242
16 72008529 0.4504
16 72010106 0.0386
16 72014733 1.25297038349834
16 72024982 0.397974372220557
16 72027142 1.337
16 72034396 0.124896956526406
16 72036675 0.503883760926096
16 72043101 0.404287694098337
16 72063356 0.564145232287837
16 72091718 0.600196566722421
16 72094308 1.08387506127135
16 72108173 0.000624067713268039
16 72114492 1.16097265151767
16 72120288 0.898534909946782
16 72131957 0.0873594464513082
16 72144076 1.7766
16 72151775 0.394918954739407
16 72156481 1.265
16 72156751 0.739258608195502
16 72165184 1.2559
16 72192173 2.8944
16 72195633 1.2324
16 72196795 0.250667396028282
16 72213202 0.923564828273408
16 72217389 1.01992045607682
16 72225819 1.2998
16 72266498 0.2226
16 72289819 0.2904
16 72293596 0.5813
16 72299497 0.14244906333869
16 72329816 1.3745
16 72332020 0.780428452704186
16 72340497 1.1547314530079
16 72340729 1.64378627569977
16 72343588 1.26848611227713
16 72345640 0.0549089750965334
16 72348224 0.3493
16 72355011 0.705158333385168
16 72356995 0.177664609014797
16 72358124 2.0322844136802
16 72385172 1.1328
16 72403350 0.0324480738636383
16 72420374 0.9857
16 72436984 0.2786
16 72440781 2.93454122745808
16 72442141 0.8989
16 72444820 1.42444621472166
16 72458941 1.21070137583449
16 72479254 0.469877986273938
16 72486614 0.9314
16 72497704 1.66419821149213
16 72515841 0.0263
16 72523921 0.29
16 72542713 0.9314
16 72546993 0.382360964260221
16 72549348 0.0263
16 72554853 0.0263
16 72561897 0.0432391218637157
16 72578072 0.9314
16 72586495 0.0374769390937556
16 72601003 0.0263
16 72611047 1e-04
16 72616012 0.0898
16 72633959 0.9314
16 72644275 2.8944
16 72652897 5e-04
16 72655213 1.21466259282909
16 72656048 0.340505296045844
16 72692964 1.37231448681579
16 72702999 0.0263
16 72710606 2.21167144817884
16 72711592 0.8334
16 72764234 0.29
16 72775858 0.29
16 72816887 2.8122
16 72827548 0.481689353718491
16 72836665 0.3493
16 72850325 0.4176
16 72851819 0.4176
16 72864088 0.4176
16 72867975 0.438996926198031
16 72881337 0.167940915274392
16 72882995 5e-04
16 72887274 1.8184
16 72895029 0.636893769741778
16 72898804 2.3149829828559
16 72901302 0.023
16 72912109 2.4111474698061
16 72916403 0.4048
16 72918845 0.0414
16 72929694 0.740078723937784
16 72931295 0.970589567597803
16 72931407 2.1967
16 72931470 0.825756264534804
16 72967926 0.247785559892759
16 72968627 0.4818
16 72980617 0.593
16 72999614 1.41027047599756
16 73001039 0.190469204788561
16 73010584 0.452808028845985
16 73011485 0.305472476688894
16 73013058 0.0480420067805115
16 73025962 0.12006570993919
16 73029578 0.586490731431983
16 73031031 2.0113
16 73033055 0.1234
16 73040113 0.220557106161375
16 73050377 0.5875
16 73058358 1.9194
16 73062719 1.07197690903259
16 73072139 0.2586
16 73086935 0.0269
16 73088327 0.4833
16 73104323 1.2215820739613
16 73105444 0.68090679883723
16 73118509 0.127715594416976
16 73119310 0.756397095687364
16 73119605 0.649961191822843
16 73125030 0.1091
16 73136582 0.764242410673804
16 73155706 0.135513682634363
16 73250466 0.332227674047716
16 73251461 0.0342653785552997
16 73260260 0.703034811810823
16 73260542 0.224005458001066
16 73272845 0.095
16 73276080 0.0942
16 73278521 0.095
16 73280729 0.1989
16 73284732 0.9007
16 73290175 0.1408
16 73294781 0.161
16 73301117 2.05655402647299
16 73319347 0.7485
16 73325927 0.091821732154668
16 73326140 0.7485
16 73327222 0.7485
16 73336544 1.19821384337422
16 73341820 0.102874195094598
16 73349632 0.103284567033298
16 73363741 1.07058765109005
16 73381796 1.30022272811088
16 73397285 0.841023667881678
16 73400687 0.246317022666544
16 73408109 1.2715
16 73419785 0.0564
16 73431477 0.0127
16 73437986 1.19868534821376
16 73446584 0.0389
16 73446591 1.04498226967406
16 73446766 0.898637754611654
16 73449053 0.175977467017473
16 73455134 0.570385435959305
16 73456542 0.1792
16 73468673 0.214928186524645
16 73469627 1.2419
16 73474852 1.0824
16 73480136 0.627490374793291
16 73481317 1.0824
16 73502184 1.01783771154079
16 73531400 0.601133868623482
16 73541793 5e-04
16 73543850 0.6757
16 73548479 0.3015
16 73548480 5e-04
16 73552724 0.3015
16 73553746 1.5994
16 73560320 0.2292
16 73563664 1.4993
16 73607793 0.314
16 73612934 0.2965
16 73615607 0.2965
16 73617036 0.0107
16 73646346 0.9208
16 73647024 0.0263
16 73650688 1.9596
16 73651911 0.0107
16 73654806 0.5845
16 73663522 0.3865
16 73667884 0.3865
16 73668831 0.3865
16 73678335 0.0487
16 73680931 0.8678
16 73687167 1.7634
16 73691949 1.055
16 73699086 0.105
16 73699881 0.0107
16 73708079 0.0792
16 73709029 0.0053
16 73723998 0.0431
16 73726980 0.0431
16 73728658 0.1241
16 73732916 0.049
16 73758233 0.690324928206095
16 73773051 1.71915659669676
16 73789088 0.108629472676852
16 73794589 2.6416
16 73811290 0.237568332962919
16 73831681 0.542224417272576
16 73871412 2.9009
16 73877156 0.0263
16 73880913 1.1593
16 73882398 1.01201303648209
16 73923691 1.1667
16 73947384 1e-04
16 73952275 1.6521637625337
16 73964264 3.3019
16 73974643 1.31008487499949
16 73980927 0.9086
16 73993349 0.4249
16 73998466 1.9535
16 74012647 1.42036725471314
16 74018657 0.379530797069754
16 74022406 1.08211580885406
16 74025843 0.640922639136145
16 74028345 1.76411998919271
16 74028437 0.367975647077506
16 74042580 0.189909418136064
16 74046447 0.164293755724964
16 74047427 0.191614668933339
16 74050569 0.1486
16 74054034 2.24373033773418
16 74054878 1.8447
16 74072154 0.1776
16 74074995 0.1776
16 74080663 1.85956339981794
16 74082389 0.1785
16 74082828 1.14176742920543
16 74086507 0.977923508264128
16 74086920 1e-04
16 74096687 0.337438896507458
16 74098562 1.6392
16 74100412 0.429185425944458
16 74111748 0.906516611949688
16 74112871 0.869281443972289
16 74113123 1.54885872327531
16 74118674 0.0326
16 74121824 0.0499
16 74139200 0.7491
16 74142302 0.2139
16 74150428 0.8037
16 74161895 0.0326
16 74163191 0.649024873911573
16 74166915 0.9321
16 74167465 0.9321
16 74168061 0.8963
16 74169243 0.9141
16 74169421 0.9141
16 74170252 0.8963
16 74170463 0.9141
16 74174808 0.9141
16 74220327 0.9345
16 74277295 0.990894816701555
16 74290964 0.2276
16 74301306 0.166039930152865
16 74322965 0.341529068547708
16 74332257 1.09320584720184
16 74349722 2.4525
16 74356710 1.86585951493261
16 74377800 7e-04
16 74430871 0.659341338698754
16 74445283 0.244945035107438
16 74447215 1.7489
16 74466542 1.10366983436181
16 74480134 0.512596475829344
16 74489418 0.4865
16 74493699 0.55233831340606
16 74493720 0.476869206435325
16 74497267 0.253258314244465
16 74516385 0.3908
16 74531070 1.61939464651175
16 74533177 0.122187481266447
16 74542739 2
16 74546157 1.3461
16 74554308 0.874934393731834
16 74556833 1.54066710087646
16 74560955 0.243213728938699
16 74574063 0.368365305510763
16 74577777 0.0927112809024427
16 74590459 0.414089884005938
16 74603408 0.775407652657091
16 74603738 0.798290578319926
16 74616605 0.722
16 74653906 0.585234455765721
16 74663340 1.11705665099291
16 74674505 1.67663707768077
16 74680114 1.0179
16 74686021 1.12983120454292
16 74687062 1.14316215729877
16 74697634 0.0871648289029358
16 74702996 1.19025783557259
16 74703393 0.638909442335091
16 74706845 0.186783752715014
16 74708092 0.4794
16 74711030 0.5177
16 74717049 1.9831
16 74720162 0.406917012707285
16 74737946 0.0280532254255622
16 74740521 0.138351471633091
16 74771732 0.975834809967641
16 74775822 1.4491
16 74777559 5e-04
16 74795152 0.458377691087687
16 74823654 0.0392
16 74837842 0.737446726807952
16 74837906 4e-04
16 74841738 0.0913856027984935
16 74844314 0
16 74845042 2.9898
16 74852389 0.768138199013722
16 74854623 0.0041
16 74855186 0.0133
16 74860363 1.1265
16 74866348 0.2417
16 74870825 0.0227
16 74877998 0.0227
16 74884571 1.83687653933284
16 74884887 0.2417
16 74888880 0.1316
16 74890121 1.9177
16 74891101 2.53318761819689
16 74903357 0.213132873051438
16 74904377 1.05972280915488
16 74914025 0.5665
16 74927646 5e-04
16 74934861 0.743031818926027
16 74945485 2.03315740960416
16 74950073 1.9372
16 74953581 1.31521808838411
16 74957966 0.940840299959898
16 74959391 0.456532702957196
16 74959867 0.344236729161918
16 74973315 4.1946
16 74977274 1.6672
16 74992074 0.028
16 74993684 0.028
16 75020277 2.2356
16 75032215 1.56054955155588
16 75043993 0.888026997218431
16 75060767 1.29657746029734
16 75061460 0
16 75090363 0.271790374452764
16 75093005 1.65943876089892
16 75118928 2.13761901902691
16 75121225 0.0461
16 75123477 0.0079
16 75123935 5e-04
16 75129770 0.5925
16 75133867 0.6093
16 75142085 0.5925
16 75142765 0.2719
16 75146782 0.2719
16 75147681 0.263
16 75148191 0.2282
16 75156350 0.063
16 75162591 0.0329
16 75163573 0.0571
16 75164651 0.0329
16 75195372 5e-04
16 75197843 0.1977
16 75199969 1.6732
16 75201894 0.6321
16 75219906 0.4894
16 75227114 1.55439688610463
16 75232371 0.0191987203051641
16 75233778 0.2046
16 75242397 0.2046
16 75255711 0.269201976879105
16 75260127 0.3723
16 75267405 1.5853
16 75274522 1.0643
16 75279360 0.398553678315469
16 75279483 0.455327877914069
16 75279889 1.2915
16 75279906 1.09556296590114
16 75285148 0.5833
16 75289661 0.5528
16 75298143 0.5377
16 75298908 0.116957280051803
16 75299564 0.280112821265708
16 75305833 1.3035
16 75307040 1.3035
16 75308948 0.1629
16 75349678 1e-04
16 75355586 0.90458493270822
16 75356073 1.2856
16 75357287 0.433
16 75375056 0.4443
16 75376900 0.1433
16 75377547 0.433
16 75377736 0.881515209177234
16 75386138 2.0202
16 75388303 1.11840526620466
16 75390212 1.14187023848896
16 75394408 0.433
16 75395435 0.433
16 75399076 2
16 75399176 0.433
16 75401245 0.433
16 75405808 0.0497
16 75408462 0.433
16 75411394 0.0263
16 75413495 0.433
16 75422525 0.433
16 75427931 0.433
16 75457174 0.433
16 75460046 0.6916
16 75463051 0.4072
16 75464355 0.3743
16 75468414 0.3743
16 75510674 0.173119867654572
16 75519733 0.792951722620432
16 75535449 0.682
16 75549601 1.05806868078118
16 75552271 0.9249
16 75580892 0.8667
16 75586113 0.0179627417612569
16 75589095 0.1369
16 75605215 0.511776280306859
16 75605596 1.14504290269463
16 75609775 2.24495150275022
16 75612593 1.96343034394511
16 75616325 0.0946479962370879
16 75624275 0.185249693353718
16 75624833 1.66385171597256
16 75639790 0.661048969678424
16 75651613 0.0355690108477475
16 75663755 2.1899
16 75672203 0.26441618468512
16 75677747 0.715156544689618
16 75679905 0.429619863435599
16 75704952 0.509975221815329
16 75732190 0.310422202311805
16 75735542 0.901906460634129
16 75739061 0.391081527290451
16 75743442 1.0969117682416
16 75746301 0.0795375703173047
16 75751825 1.5114
16 75786645 0.0249
16 75817183 5e-04
16 75819728 1.0399
16 75841583 2.1125
16 75862417 0
16 75897006 0.0314699606672394
16 75940995 0.167710746404432
16 75959329 0.394054707991187
16 75963651 0.6946
16 75964095 1.1424
16 75964828 0.631001544780586
16 75969271 0.0263
16 76010825 0.537287227216908
16 76012508 0.262252117870353
16 76018631 1.33277320618578
16 76030371 0.8742
16 76039002 0.8742
16 76063407 0.4285
16 76064851 0.4285
16 76086129 0.55921563045955
16 76109159 0.419848727143725
16 76109880 0.322335622297035
16 76110107 0.70198117818012
16 76121181 0.769959978823436
16 76124712 1.1578690096591
16 76126576 2.9996
16 76138335 0
16 76140290 0.031239604372182
16 76189554 0.49027139679811
16 76205597 0.4797
16 76207515 1.31179805053918
16 76208532 1.02425976569707
16 76219094 1.475
16 76220031 2.301
16 76247265 1.1916
16 76284325 0.759461566493717
16 76284687 0.601603566970206
16 76289590 0.1643368789606
16 76290464 0.576895413594828
16 76299580 1.57357478405218
16 76321901 0.5684
16 76330280 0.1545
16 76334817 0.5421
16 76342496 1.2796
16 76346091 0.5684
16 76348427 0.5684
16 76350961 1.2312
16 76366803 0.986002917019295
16 76369038 1.35619073966836
16 76373657 2.11645023679067
16 76396182 0.4754
16 76396630 0.4754
16 76397745 0.0078
16 76399431 0.5727
16 76404470 0.5203
16 76404669 0.5063
16 76408100 0.164322789938413
16 76412784 1.40499244857003
16 76413943 0.00464935135737826
16 76414860 0.5084
16 76416593 0.8047
16 76417592 0.8047
16 76419727 0.8047
16 76421075 0.1764
16 76423407 1.20055243198913
16 76423699 0.1764
16 76433371 0.9659
16 76436174 1.044
16 76450979 1.24748413181196
16 76451733 0.12020576832343
16 76453684 1.34423421870179
16 76456784 0.593105866003699
16 76459143 1.06121105755304
16 76459286 1.44228520864003
16 76469488 0.346354915402391
16 76471163 0.366804938780639
16 76475050 0.892680855266567
16 76475422 0.8766299247186
16 76479986 0.0521306547789712
16 76481744 0.538337956444167
16 76483054 0.544101354269874
16 76493488 0.0561
16 76499525 0.0502
16 76499567 0.9953
16 76503940 0.0164
16 76516101 0.893315420453721
16 76522638 1.13577948316709
16 76547888 0.7378
16 76574219 1.4183
16 76594992 0.7141
16 76601848 0.278757648497789
16 76603780 0.521598870974872
16 76608507 0.804943512546236
16 76625919 1.5125
16 76639093 1.6483
16 76645561 0.6977
16 76648901 1.3416
16 76681897 1.0088
16 76704215 0.6977
16 76706230 0.9554
16 76715474 0.9554
16 76720843 0.9554
16 76728475 0.6977
16 76740337 0.9554
16 76742514 0.434774805205702
16 76745715 0.9554
16 76749887 0.9554
16 76755943 0.9554
16 76768195 0.9554
16 76780530 0.6977
16 76781448 0.6977
16 76784572 0.6977
16 76791574 0.9814
16 76795785 0.9554
16 76797207 0.6977
16 76799204 0.9306
16 76804564 0.9554
16 76806152 0.9306
16 76830608 1.49597662598448
16 76845099 1.1961698938478
16 76845136 0.61591459653759
16 76849669 0.492230060817638
16 76851002 0.7146
16 76860090 0.2517
16 76869438 0.39286684715979
16 76871133 0.209393231374908
16 76886736 2.9344
16 76891972 1.6339297347345
16 76893238 1.59469861242723
16 76909585 0.0529
16 76915517 0.143825184993586
16 76920151 0.644030262487188
16 76920452 0.0838
16 76925842 0.268194476793666
16 76928271 2.9923
16 76932240 0.82471920562712
16 76942838 0.0838
16 76948860 0.76991272172379
16 76952500 0.54408922998191
16 76958434 2.2293
16 76965542 0.138413062153036
16 76982383 1.30406545240589
16 76984239 0.206017298953421
16 76994543 0.1075
16 77000559 0.9259
16 77011002 0.55
16 77015360 0.153940494516989
16 77026096 0.3322
16 77043429 0.0056
16 77046906 0.5705
16 77047312 1.1824
16 77052877 0.5705
16 77058483 0.0056
16 77060756 5e-04
16 77060866 1.1824
16 77062183 0.5458
16 77064141 0.0056
16 77064342 0.5458
16 77070923 0.0999677706718971
16 77075864 0.5458
16 77087125 2.4057
16 77087151 0.5221
16 77094593 1.04255185990683
16 77098389 0.057215346379433
16 77112794 0.19758728459365
16 77113527 1.259283837019
16 77115185 0.515021364204528
16 77133769 0.27121644687399
16 77145509 0.3823
16 77154810 0.8313
16 77188808 0.033
16 77199441 0.972045604578408
16 77200266 1.81345431398254
16 77212074 1.87056869835013
16 77214894 0.140391346416278
16 77218463 3.01211146468459
16 77224232 2.11653144764236
16 77230191 0.684060570645487
16 77231581 1.57076859143627
16 77232446 2.52827695359675
16 77240909 1.5092
16 77243442 0.113157922765807
16 77270040 0.172600417646542
16 77285161 0.537436881622685
16 77293845 0.063
16 77296427 1.1583
16 77305050 1.13006284386536
16 77308080 1.2041
16 77312838 0.941516780662154
16 77314886 0.651528286131894
16 77318594 0.00586852809924694
16 77325082 0.534769065167181
16 77327093 0.283314464779264
16 77328119 0.900073662135348
16 77332715 0.817909699657341
16 77354835 0.679278791799583
16 77357479 0.445804068157749
16 77365981 1.2041
16 77366780 0.9373418033212
16 77378142 0.0949538600598172
16 77378452 1.3668167477356
16 77379907 1.2041
16 77384833 0
16 77400767 1.2754
16 77409989 0.6003
16 77410716 0.3738
16 77413417 0.7359
16 77418901 0.7166
16 77427259 0.463192740321486
16 77428515 0.1490167623924
16 77430010 1.07113946040019
16 77433724 0.179599580570952
16 77441675 0.897003638655814
16 77451360 0.0285892252581924
16 77453517 0.225854148148044
16 77471971 0.499039982931344
16 77476169 0.189073918179696
16 77487281 1.78417006075718
16 77490231 1.04423364490864
16 77497152 1.26816688875402
16 77499875 0.3081
16 77517012 0.1721
16 77518797 0.128383146533708
16 77522571 1.11836427168076
16 77526364 0.988633348845126
16 77527571 1.66829215274641
16 77533439 0.832723411969196
16 77533843 0.634700287054391
16 77538757 0.0578
16 77544578 0.0795430710615656
16 77546928 0.9517
16 77547579 0.9517
16 77547957 0.6942
16 77552754 0.375
16 77557716 0.3851
16 77577596 0.455268869745119
16 77580662 0.2246
16 77581765 0.4472
16 77583040 0.4472
16 77593897 3.1166
16 77596868 0.448967963677464
16 77613176 0.312
16 77620038 5e-04
16 77643729 1.006513583654
16 77651441 0.249966443205252
16 77652972 1.03470988647705
16 77654554 0.841868671053552
16 77662711 0.0556084250894155
16 77669125 0.9788
16 77675024 0.2381
16 77703490 0.3905
16 77704242 0.3555
16 77712011 0.477476747105905
16 77713547 0.8934
16 77727501 0.7355
16 77727511 0.7355
16 77729978 1.2821970174564
16 77747903 0.3651
16 77750587 0.167546246153897
16 77756853 0.4228
16 77764801 0.4508
16 77765222 0.4349
16 77765458 0.4349
16 77773039 0.4349
16 77774407 0.4349
16 77777824 0.5651
16 77779721 0.4617
16 77795277 1.3151
16 77813716 1.26867370060972
16 77820871 0.520979042863698
16 77841720 0.11715543672195
16 77868967 0.00493361785006034
16 77870425 0
16 77871761 0.3149
16 77895118 0.0948849236899547
16 77895441 0.87160290953906
16 77895611 0.992601664568838
16 77896293 0.608022888411789
16 77904278 0.3661
16 77918026 1.2371
16 77927077 0.9198
16 77935610 1.26247927360052
16 77942345 1.0681
16 77946994 1.0681
16 77951366 1.3653
16 77952784 2.5935
16 77959219 1.3589
16 77967267 1.3719
16 77968894 0.2086
16 77975067 0.694557301305604
16 77981753 0.132839231508348
16 77982578 1.60123240726928
16 77982746 0.74124526370757
16 77982925 0.429993784684346
16 77983154 0.81087273985527
16 77984705 0.1538
16 77989696 0.4103
16 77999243 0
16 78006884 0.4523
16 78015624 0.3406
16 78019746 0.11411391399866
16 78029681 0.0502
16 78032452 0.4523
16 78038864 0.438
16 78046244 1.10101169696805
16 78046626 0.892408926353698
16 78053664 0.424
16 78062505 0.929943637728297
16 78063155 0.438
16 78064173 0.0229396334707082
16 78065147 0.438
16 78065206 0.224329413754359
16 78065263 0.438
16 78065682 0.438
16 78067069 0.438
16 78068880 1.1662
16 78069736 0.0166165306288062
16 78076520 0.5133
16 78078660 5e-04
16 78081611 0.5133
16 78082678 0.00690595287044015
16 78086492 0.4523
16 78090709 0.65748641462404
16 78096258 0.967796312750668
16 78096510 0.5466
16 78102685 0.2293
16 78103086 0.193963416275165
16 78110827 1.96785696591587
16 78115276 1.85670581909489
16 78118800 2.34963061811267
16 78123467 0.3969
16 78131251 0.0873338698328941
16 78138596 0.9654
16 78145711 0.9654
16 78146903 0.9654
16 78149917 0.911309226623876
16 78151227 1.38042006603572
16 78154399 0.126789541750337
16 78159758 0.629490561265558
16 78160888 1.0759058149629
16 78174302 1.0453
16 78180660 1.7225
16 78187473 0.76
16 78190289 0.5783
16 78191089 0.783
16 78198806 0.395231680485756
16 78201770 0.6183
16 78206228 0.356254645259816
16 78227604 1.0114
16 78229908 1.1983
16 78231591 1.11584640245367
16 78234578 0.801753600929943
16 78236714 0.417101290160494
16 78261736 1.0957
16 78277902 0.3436
16 78279875 0.0419711981657049
16 78281886 0.8624
16 78281957 0.20363019047524
16 78282196 0.5165
16 78282986 0.8414
16 78289633 0.374347538864655
16 78290251 1.7669
16 78296117 1.3974
16 78329818 0.991170993489671
16 78347400 0.5393
16 78352121 0.3582
16 78354349 1.3209
16 78357179 1.15710179748691
16 78359278 0.240707777345333
16 78359413 0.195039921642053
16 78365369 0.082615951300551
16 78380509 2.91414375884996
16 78383417 0.1572
16 78391965 0.165794198175149
16 78392370 1.43899068709102
16 78392789 0.480304402569074
16 78393494 0.8867
16 78394242 0.89112926288982
16 78394651 0.325190331537966
16 78400945 0.411346289119819
16 78400968 0.0206
16 78402711 0.266604493106508
16 78421329 0.4206
16 78422750 0.4532
16 78457971 0.5715
16 78461933 1.64686340973276
16 78468772 0.482866746484314
16 78470775 1.1449483050203
16 78471511 0.91285511330089
16 78476987 0.9986
16 78478626 0.3672
16 78480171 0.629
16 78486304 2.5935
16 78491248 0.344342878123334
16 78493135 0.578243779358606
16 78494549 2.5445138382733
16 78495248 0.0830155100356571
16 78495913 0.282396261727338
16 78496841 2.19132862554996
16 78504679 0.328905973060483
16 78506485 0.634728909711196
16 78525837 0.690587466358803
16 78525983 0.0914
16 78547266 0.2428
16 78567809 0.900350187475487
16 78576639 1.64279075250626
16 78588605 0.485035983097884
16 78589865 2.9778
16 78595764 0.135869217253886
16 78606288 0.129925492472362
16 78613321 0.058747398020165
16 78615820 0.022200657357367
16 78621957 0.261305419440215
16 78624335 0.688087202793635
16 78631091 1.15189415183377
16 78638701 0.0402238855203209
16 78639587 0.125125421030617
16 78644462 1.028
16 78651193 1.004
16 78652954 0.958116044218423
16 78659916 0.00324094228518548
16 78671907 2.6681
16 78673135 2.6681
16 78679524 0.106188444711248
16 78684055 0.192430451695035
16 78686282 2.3677
16 78688106 1.39201299395759
16 78689242 0.2457
16 78689322 0.2457
16 78689333 0.4681
16 78710691 1.05365209837958
16 78715444 0.3195
16 78723151 1.20135314850632
16 78723337 0.59972428059426
16 78723720 0.474906148542286
16 78725083 0.4225
16 78727390 0.544947127703704
16 78728020 1.2649228887732
16 78730608 0.17238694854361
16 78758591 0.745574533610446
16 78764190 0.1008
16 78765358 1.9256
16 78768219 1.23513165679196
16 78768231 1.7929
16 78768676 2.6444
16 78769224 0.3777
16 78769793 0.9633
16 78770800 0.434037846307687
16 78773359 0.421
16 78777875 0.9373
16 78778041 0.9373
16 78794303 0.179040301759871
16 78799761 0.5817
16 78802849 0.311
16 78805508 0.1087
16 78807169 0.604304683964764
16 78823915 0.519497194237825
16 78825693 0.0488807804456256
16 78828289 0.296853144094691
16 78833160 1.82156462184248
16 78833982 0.715797569673876
16 78836282 1.3624
16 78843721 0.0617667532508362
16 78846749 1.2526
16 78848543 0.0977
16 78855324 1.2834
16 78862689 0.773439437593934
16 78870321 0.254
16 78878545 0.187204691292856
16 78890433 1.51822882186849
16 78896319 0.404776763574358
16 78904357 0.447724503955285
16 78908754 1.945
16 78910932 1.2811
16 78918955 0.193
16 78923121 0.690047461378094
16 78939098 1.32368428096189
16 78940265 0.169466846378573
16 78956038 0.4343
16 78956689 1.257
16 78957698 1.257
16 78959509 1.5668
16 78963514 0.8965
16 78965358 0
16 78966867 0.774386067067403
16 78969848 0.749834595243977
16 78992376 0.4547
16 78992726 0
16 78996481 0
16 79002464 0.1831
16 79008986 0.84172877419686
16 79027060 0.3861
16 79027346 0.5202
16 79028898 0.8636
16 79031758 2.184
16 79032796 1.6415
16 79034840 1.2474
16 79051651 0.8698
16 79053015 0.491612393134369
16 79056552 0.863461200890966
16 79056554 2.7115
16 79058537 0.507879873308536
16 79058806 1.31284590685039
16 79073309 2.9997
16 79074457 0.905287365650564
16 79074932 0.23628145686839
16 79099593 1.8262133067835
16 79104474 1.4569
16 79128723 0.5632
16 79130696 5e-04
16 79133791 0.2592
16 79145507 0.853519791593952
16 79148685 1.49276974819581
16 79155533 1.2961
16 79157771 1.29690215201915
16 79163774 0.0752
16 79173024 1.3258
16 79175325 0.230903045131475
16 79175870 0.282685311927929
16 79199263 2.2705
16 79204004 0.923949491789314
16 79204463 0.444632781038128
16 79204635 1.2043
16 79215624 1.07445914571415
16 79216181 0.0104872406922628
16 79224697 2.1396
16 79234890 0.714086831471697
16 79242655 0.63637297600096
16 79244416 0.193
16 79247206 0.436739582591901
16 79248311 0.9164
16 79251040 0.9164
16 79262772 0.1495
16 79269266 0.177
16 79271813 0.1728
16 79272985 0.159418610463808
16 79275764 0.656671969932647
16 79279938 0.0731
16 79283285 0.0854
16 79289453 0.0854
16 79298763 1.86802860075161
16 79300337 1.34235175237167
16 79301426 0.869899739826203
16 79311018 0.93578866207975
16 79316022 0.168790665580613
16 79322154 0.460572852059022
16 79322708 0.915095529691851
16 79323699 1.68145832145529
16 79333952 0
16 79335882 0.3641
16 79338096 2.3009
16 79345757 0.0729259693624642
16 79357257 6e-04
16 79365486 2.3009
16 79381606 2.3377
16 79391028 2.3377
16 79397793 0.315
16 79399259 2.2664
16 79404804 0.185758022163519
16 79410496 2.3813
16 79411858 0.1577
16 79424169 0.3268
16 79438415 5e-04
16 79469683 0.234463501311147
16 79472176 2.30092551368422
16 79474274 0.3467
16 79474784 0.3467
16 79476528 0
16 79486880 0.424884809137643
16 79491565 1.44637260814385
16 79498778 1.20468454909313
16 79499720 2.7095
16 79515461 0.0745
16 79518113 0.0807
16 79524030 0.664155401860726
16 79526846 0.843536191823075
16 79526934 0.192514547297732
16 79528490 1.2154
16 79531607 1.41283936846479
16 79532253 0.736417267363604
16 79535128 1.54492816529325
16 79535913 1.1209
16 79539319 0.622102025428431
16 79541776 0.0217
16 79546298 1.47484427871391
16 79547093 0.265302523417721
16 79548477 1.00709884989154
16 79548654 1.1662
16 79548901 0.855188582526427
16 79553076 1.58609454035871
16 79566542 0.0694691093516882
16 79574470 0.0419
16 79587428 1.077
16 79588296 5e-04
16 79593795 0.0444
16 79594712 1.10399658279919
16 79602246 0.2956
16 79604181 0.490543052905089
16 79609366 0.524319022378947
16 79612479 0.8619
16 79629356 0.206904062012769
16 79639679 0.22855743643848
16 79653280 2.40190100423058
16 79657026 0.508333075898575
16 79660741 0.6696
16 79678658 0.5442
16 79682982 0.129220337792695
16 79685020 0.5593
16 79688043 0.0078
16 79704528 0.1311
16 79705020 0.4391
16 79705119 0.4391
16 79706081 0.5749
16 79715383 0.5749
16 79730704 0.7317
16 79730842 0.7317
16 79736997 0.21901881170887
16 79738169 0.208055600754401
16 79740033 1.8447
16 79741560 1.5285
16 79742406 1.42129806239161
16 79744863 0.0263
16 79754927 1.4706
16 79762299 0.5119
16 79762498 1.4628
16 79764652 1.1393
16 79765951 0.897351018726813
16 79766878 1.1393
16 79770562 1.5461
16 79778366 1.6829
16 79790884 0.5127
16 79791098 0.5127
16 79797998 0.5311
16 79820090 1.1828
16 79851935 1.228
16 79858401 5e-04
16 79877473 1.2044
16 79881248 1.5092
16 79890301 1.1192
16 79891503 1.432
16 79894532 1.1602
16 79898316 1.4691
16 79901693 1.4691
16 79902171 1.4691
16 79908879 1.432
16 79909133 1.11079174916859
16 79909976 1.5092
16 79911524 1.5092
16 79913741 0.9856
16 79915631 0.599304204183302
16 79943353 1.5902107736217
16 79945975 2.9795
16 79986944 2.2468
16 79996325 0.626403084193993
16 79998240 0.826166762257557
16 80001835 0.454863347967559
16 80004264 0.65711804993258
16 80010092 0.765693640466528
16 80021597 1.4956
16 80022289 0.906075340745047
16 80034545 2.5901
16 80070019 0.742568802970073
16 80076285 0.281434946288319
16 80115185 0.149655038219144
16 80125393 0.407180368757902
16 80126119 0.304505050302341
16 80129912 0.0171002126200681
16 80133259 0.280355969441985
16 80147317 0.499472045250823
16 80150598 1.52766152826451
16 80160323 0.279799188769361
16 80166088 0.96465320674513
16 80166425 0.646302590831284
16 80169718 0.201365979937344
16 80174539 1.1423
16 80178084 0.187402890391021
16 80191789 1.1553
16 80197356 5e-04
16 80200311 0.8177
16 80202432 2.6935
16 80209868 0.7254
16 80219205 0.1799
16 80238777 0.7688
16 80243449 5e-04
16 80244376 0.0078
16 80253412 0.7573
16 80256599 0.4984
16 80278315 0.109350947719435
16 80280870 0.547554838915049
16 80282678 1.3611
16 80283691 0.00318776868052453
16 80286807 0.646183088360273
16 80299438 0.835282296104986
16 80316225 0.5484
16 80316926 0.1695
16 80321118 2.4469
16 80322564 2.365
16 80327584 2.19164902151522
16 80329370 2.8206
16 80339178 1.3208
16 80349863 2.9997
16 80353046 0.08234914302479
16 80353659 0.755809475156319
16 80358696 1.3815
16 80379256 3.1273
16 80382930 2.1901
16 80391806 0.3143
16 80392540 0.641241273110284
16 80393604 0.3983
16 80395285 0
16 80399162 0.235
16 80399823 0.2515
16 80400684 0.1492
16 80403386 0.2644
16 80409102 0.3344
16 80410108 0.873460010538918
16 80411057 0.240451687825046
16 80415343 0.3549
16 80437890 0.4611
16 80438930 0.2841
16 80443665 0.8721
16 80454286 2.2685
16 80455326 0.3549
16 80468653 0.0983
16 80472987 0.1833
16 80483371 2.3358
16 80491813 0.202
16 80492041 0.9451
16 80509200 2.4963
16 80511262 1.3255
16 80512286 0.4854
16 80515795 1.3255
16 80523080 0.2602
16 80528122 0.134671219983066
16 80528488 0.123309768272363
16 80529798 0.995996983223224
16 80538497 0.905451525595073
16 80540409 0.868787540400173
16 80549379 1.24852618085585
16 80550230 1.14115828598304
16 80564487 1.24194374219232
16 80565351 5e-04
16 80565826 1.33775231158967
16 80574393 2.0274
16 80593328 5e-04
16 80606749 0.2797
16 80606895 0.2642
16 80607500 0.7418
16 80608039 0.8102
16 80610766 0.7864
16 80618349 0.9174
16 80624462 0.332047765299532
16 80647389 1.5033
16 80672521 0.203409060951719
16 80672534 0.0218
16 80685189 0.2949
16 80691942 1.77642315374338
16 80724023 1.90955478195328
16 80733520 1.27717002933688
16 80741158 0.0339
16 80741397 0.0227
16 80744029 1.60242999836878
16 80749882 1.08057426651922
16 80784374 0.2336
16 80821028 0.143805050910039
16 80858016 1.8634381307222
16 80862566 0.3282
16 80869350 0.0095
16 80871906 2.9898
16 80879831 2.9898
16 80880049 0.3618
16 80886348 0.2966
16 80893414 1.14389036580065
16 80898451 1.50081645773684
16 80900962 1.6224
16 80901218 1.58779584877792
16 80906110 0.252558344431159
16 80928362 0.222135819802992
16 80935777 0.777086847810588
16 80966315 0.602478955494018
16 80987867 1.1740025813388
16 80988152 1.053
16 80988211 1.58805646896465
16 80989967 1.4256286825306
16 80990054 0.443016646484575
16 80999042 0.249872930649345
16 81002988 0.281944727245251
16 81005566 0.9876
16 81027156 0.868219924382338
16 81029544 0.687739649561266
16 81044310 0.0718007472917324
16 81054334 0.281515266924067
16 81054346 0
16 81055267 1.11790645483195
16 81062574 0.475983478640071
16 81080067 0.0564
16 81083941 0
16 81085887 0.1703
16 81086125 0
16 81094418 0.0564
16 81094601 0.0564
16 81094785 0
16 81106806 8e-04
16 81110065 0.0818046980460097
16 81117517 0
16 81120289 1.77897658245893
16 81122796 0.0107
16 81126887 0.3966
16 81135822 0.637369471968568
16 81135864 0.749115919954662
16 81140238 0.0596704837746024
16 81140272 1.35513590987604
16 81140407 0.2071
16 81149661 1.2425692235733
16 81152834 1.4705
16 81155712 0.4227
16 81158735 0.0958327335329437
16 81159716 0.7371
16 81162555 0.0162
16 81166536 0.941957164620246
16 81167524 0.299888755290877
16 81167545 0.6713
16 81167817 1.92872513325805
16 81169706 0.678648094969443
16 81170331 0.354641686656814
16 81171198 0.0476101451934482
16 81172904 1.6347
16 81173096 1.00976244683057
16 81173417 1.06497246331243
16 81174598 0.825
16 81176026 0.6305
16 81176615 0.5152
16 81176687 0.996465944203075
16 81177891 0.6843
16 81191219 1e-04
16 81198670 0.592680970864438
16 81205863 0.680495797991583
16 81206931 0.693805906177658
16 81207202 1.40136163421947
16 81207246 0.294882375659491
16 81207307 0.152144418350989
16 81209753 1.4491549372048
16 81209926 0.817106721827825
16 81210128 2.40095059761757
16 81212574 0.598991215070162
16 81219298 0.671000999507372
16 81224654 1.01043286385463
16 81225647 0.414434105385927
16 81233089 0.320368094563177
16 81238301 1.69849133421019
16 81240904 1.0509
16 81242445 0.494555324743193
16 81244660 0.172973479797678
16 81248366 0.59322167633214
16 81249336 0.0668839936695425
16 81252856 0.469922491664215
16 81255510 1.10515387370169
16 81272659 1.1677
16 81295523 0.253500290573223
16 81296908 1.5107
16 81297031 1.08361079739429
16 81322714 1.3138
16 81324822 1.79705611368261
16 81327939 1.56910806211166
16 81329857 0.728
16 81331325 0
16 81337751 1.00364099505715
16 81351920 0.3534
16 81362682 1.40895640571578
16 81364352 0.5033
16 81388372 0.3451
16 81388676 0.115547594262492
16 81389375 0.3622
16 81391500 0.3668
16 81392804 0.0396
16 81396646 0.0015
16 81398570 1.1411
16 81405641 0.693669836955367
16 81406086 0.0111420754107234
16 81408214 0.0341
16 81417210 0.0920806335671495
16 81420119 0.2964
16 81421054 0.640593566868092
16 81440919 0.5122
16 81464102 0.3363
16 81467942 0.5483
16 81468042 5e-04
16 81480015 1.06247128645602
16 81480583 0.203193764303463
16 81483253 0.237957450301578
16 81497498 0.9491
16 81515272 1.1387
16 81519035 1.1156
16 81519465 1.0102
16 81524524 1.3448
16 81529514 0.7391
16 81532144 0.62190755005291
16 81533512 0.7391
16 81552815 1.12308801229224
16 81556929 1.07309474613965
16 81557357 1.3881
16 81557366 2.14691775277541
16 81560176 1.5387
16 81562839 1.1304
16 81564352 0.8989
16 81572964 0.0419480432361677
16 81588516 2.4755
16 81605304 1.12065294237373
16 81608802 0.3435
16 81611365 2.0076
16 81660397 0.899359028133407
16 81666358 0.0223967119338303
16 81670256 0.252999296874496
16 81682941 0.364469735421578
16 81690097 1.48345550480515
16 81696977 0.415713618744086
16 81703142 1.52604216149421
16 81704449 2e-04
16 81709487 0.106
16 81709723 1.13154359601823
16 81719477 1e-04
16 81720225 0.0217
16 81728079 1e-04
16 81728162 1e-04
16 81728367 1.01605126041533
16 81731214 0
16 81732999 0.1027
16 81739398 0.2937
16 81743163 0.987166015853547
16 81743338 0.2534
16 81750293 0.465038277120732
16 81764522 1.07213401166507
16 81776945 0.508729395440175
16 81777659 2.2676891195079
16 81777792 0.1385
16 81778073 0.022
16 81778378 0.1385
16 81778405 0.282723495608178
16 81785881 0.224598910844232
16 81789852 1.4168
16 81790700 0.3225
16 81799225 0.256993400885447
16 81803680 0.821205873897702
16 81813175 0.738570744031152
16 81813850 0.313443794198851
16 81815777 0.2129
16 81818757 1.439
16 81827567 0.233598127078122
16 81827778 0.0698241087657958
16 81831772 0.2142
16 81845668 0.8802
16 81853266 0.0363798546783196
16 81853344 0.6169
16 81855489 0.9597
16 81856706 0.5825
16 81857032 0.5825
16 81861162 1.48719934453055
16 81866669 0.3628
16 81873021 0.5293
16 81875623 2.10061330691075
16 81877390 3.39985539816136
16 81878975 0.896717983820543
16 81883494 0.95278149711277
16 81885331 0.5756
16 81888384 3.2942
16 81895883 0.2837
16 81904517 0.3475
16 81907107 0.0502
16 81910020 0.4332
16 81930852 0.5543
16 81938684 1.22475658581272
16 81942075 1.45977466712748
16 81942572 0.9232
16 81945520 1.09483266233865
16 81949494 0.306961705367983
16 81950457 0.1503
16 81956296 0.727528806837757
16 81965801 1.5373
16 82084836 0.661
16 82086065 0.0272
16 82094738 1.43044686240141
16 82106296 1.71326702857455
16 82115642 0.0945384639389637
16 82116150 1e-04
16 82117628 1.79333551655369
16 82124776 0.3953
16 82125579 0.3953
16 82130591 0.5182
16 82132026 0.3953
16 82135780 0.529969705474269
16 82163203 0.439104755439981
16 82164278 0.681234716639721
16 82166059 0.791863645742932
16 82166406 0.569856089975836
16 82166999 0.579337943999062
16 82168293 1.18772337856858
16 82172619 0.16643335737858
16 82172622 1.62963244220587
16 82174750 0.118446177495576
16 82178607 0.175463868588801
16 82222459 0.388
16 82222591 0.388
16 82243461 0.3943
16 82375441 0.861464012522107
16 82387410 0.1537
16 82394887 0.1984
16 82398089 0.657
16 82411451 0.0227
16 82419989 0.0254
16 82420417 0.0512
16 82431806 5e-04
16 82439761 0.211
16 82443827 0.2696
16 82448138 1.2469
16 82451960 0.2854
16 82458179 0.6255
16 82477496 0
16 82479181 0.3051
16 82479788 0.553627913312761
16 82484752 0.0866
16 82492552 0.4139
16 82501263 1.3289673012759
16 82507182 0.6601
16 82519655 0.6167
16 82525657 2
16 82536768 1.1405
16 82539206 1.8187
16 82539966 2
16 82540440 2
16 82541027 2
16 82545874 0.2824
16 82554509 1.8491
16 82559049 2
16 82565463 2
16 82580085 2.3813
16 82583774 1.7977
16 82585061 1.1861
16 82592100 0.6849
16 82604439 1.33276467285303
16 82608920 2.5345
16 82609046 0.291
16 82611395 0.937002193872261
16 82616878 0.4124
16 82618293 0.4626
16 82637664 2.1546
16 82639805 0.902101638104025
16 82640236 1.6329
16 82642318 0.111528865842757
16 82646921 0.883989366636195
16 82648979 1.11972371035821
16 82659873 1.4993
16 82663650 1.03913670901516
16 82667104 0.897408828837096
16 82679498 1.15421963802522
16 82689335 1.4305
16 82691762 1.4305
16 82692121 1.4305
16 82704561 0.760016790301123
16 82712699 0.6424
16 82715456 0.832202396555897
16 82715956 1.00784416699484
16 82718604 0.7532
16 82721463 0.381416174140291
16 82724822 2
16 82725733 2
16 82745269 1.0739
16 82747929 0.2208
16 82754795 0.166073349392899
16 82755484 0.4746
16 82764713 1.04610767049182
16 82768564 0.157607758418423
16 82771764 0.0920263575967747
16 82779248 0.499576673415539
16 82780018 1.2201
16 82787650 2
16 82789721 0
16 82793339 2
16 82803566 1.4947
16 82804099 2
16 82805199 0.0369003937431188
16 82812386 0.8632
16 82818691 0.789605674049628
16 82823334 1.92194365050553
16 82824546 0.633322826624529
16 82830642 1.38502539481726
16 82841587 0.667150337393752
16 82842141 1e-04
16 82849451 0.176801692124094
16 82850226 0.505060602553086
16 82854262 0.0559718245220777
16 82856658 0.706848340608776
16 82874256 0.776916033452431
16 82879784 0.1917
16 82879830 0.9518
16 82883313 0.942662700506923
16 82884247 0.196559326684674
16 82885111 0.266069216877344
16 82887132 0.289854509891687
16 82889821 0.0428799316446868
16 82890076 0.175762178302108
16 82892075 1.23854584991531
16 82906855 1.59797933855624
16 82924311 0.00732891660307047
16 82925832 0.170602428220252
16 82940233 0.9642
16 82942707 0.9357
16 82953505 1.4774
16 82953521 2
16 82953913 0.171758798030078
16 82965649 1.30962249223553
16 82966608 1.47623237523028
16 82966915 0.38086595222845
16 82978187 1.71139964769895
16 82984834 1.1803
16 82989215 0.879171147347547
16 82996118 1.213
16 82997257 1.4150827821873
16 82997653 1.1569
16 82997665 2.234
16 82998814 0.9314
16 82999433 1.1964
16 82999790 0.9314
16 83006900 1.67785897923822
16 83006928 0.449416526299328
16 83007241 0.106815395343938
16 83022095 0.587057570258499
16 83027343 0.8653
16 83027407 0.8653
16 83033782 2.7837
16 83038009 1.21882211061196
16 83051118 0.1059
16 83055270 5e-04
16 83058461 0.1191
16 83064248 2.7099
16 83070329 0.745880915493889
16 83085024 2
16 83087945 0.743193378715815
16 83088091 2.34788872711903
16 83094749 2
16 83095605 2
16 83096624 2
16 83098475 0.3185
16 83107922 2
16 83111352 2
16 83111543 2
16 83116040 2
16 83120417 0.0941671513035645
16 83120822 2
16 83122161 2.7123
16 83123470 2
16 83125745 0.0162
16 83130611 0.6594
16 83136503 0.425304184869229
16 83136804 2.8715
16 83139300 2
16 83155110 2
16 83158038 2
16 83161338 1.2471
16 83163245 0.8197
16 83167528 2
16 83169185 2
16 83169587 2
16 83170684 1.4206
16 83188657 1.6637
16 83190526 1.6256
16 83191462 1e-04
16 83196660 2
16 83199126 2
16 83206903 5e-04
16 83214533 5e-04
16 83216443 0.5136
16 83219121 0.3392
16 83227006 0.4842
16 83229876 1.2154
16 83233314 0.843024273459008
16 83238740 2
16 83248678 2
16 83251833 1.2402
16 83254848 0.240004916581337
16 83255878 2
16 83259200 1.28048100019637
16 83263895 2
16 83266344 2
16 83278256 1.7715
16 83281805 2
16 83288255 2
16 83290029 0.00211384197213078
16 83291467 2
16 83305560 2
16 83323518 0.453
16 83324330 2
16 83328399 2
16 83339309 0.191699062976038
16 83341653 0.152627150013182
16 83344348 2
16 83365467 0.34730155825072
16 83371706 0.976665547097681
16 83374820 0.00433575020698458
16 83381958 0.2177
16 83390045 0.165678184977873
16 83409300 1.83324171912662
16 83417032 1.6382
16 83423493 1.76902505458953
16 83425647 0.462350488089334
16 83430504 0.239560423448752
16 83430816 0.4477
16 83444478 2
16 83447427 2
16 83449839 2
16 83455541 2
16 83463170 2
16 83465982 2
16 83472083 2
16 83492795 2
16 83495401 2
16 83500208 2
16 83500296 8e-04
16 83501459 0
16 83508119 2
16 83510199 2
16 83513643 2
16 83514921 2
16 83524328 0.8779
16 83533464 1.3568
16 83545876 1.1214
16 83546429 2
16 83547932 2
16 83548986 0.6169
16 83549317 0.6345
16 83562748 0.0404
16 83569874 0.5835
16 83570105 2
16 83571660 2
16 83572312 1.7844
16 83576782 0.2227
16 83578576 2
16 83602082 0.073932875248818
16 83608202 2
16 83613599 1.2288
16 83622653 2
16 83623238 2
16 83623698 2
16 83643268 0.327
16 83655538 0.413351816840473
16 83669832 0.5371
16 83672391 1.8932
16 83678830 1.64896225037674
16 83687043 0.377316219397842
16 83692135 2.05112547621098
16 83696442 1.72978236895966
16 83715044 1.44300389310069
16 83717070 2.54679554900147
16 83717084 0
16 83739200 0.8784
16 83743322 0.0135979832883939
16 83743768 5e-04
16 83746102 0.5925
16 83750442 0.2694
16 83752354 0.518295477183676
16 83752738 0.2524
16 83756566 0.9955
16 83767287 1.0537
16 83772902 0.0263
16 83776312 0.4475
16 83782959 0.2524
16 83782974 1.5204
16 83783414 0.2119
16 83784287 0.5044
16 83786436 0.2198
16 83786546 0.1811
16 83786649 1.12914063739409
16 83788814 1.47787694363192
16 83799446 0.508572938730127
16 83814030 0.4963
16 83822203 0.4473
16 83824184 0.1947
16 83827539 0.0263
16 83838732 0.4136
16 83841967 0.186830876911539
16 83849051 0.125689198844165
16 83861820 1.37968815872348
16 83862794 0.0217
16 83868888 0.0273
16 83869250 0
16 83875651 1.3006
16 83881770 1.2947
16 83889076 1.9885
16 83895479 1.7638
16 83895508 0.4182
16 83903123 0.0263
16 83904180 0.6724
16 83907389 2
16 83909616 1.7891
16 83915901 1.5278
16 83918886 2
16 83922693 0.1831
16 83931516 2
16 83940351 0.1613
16 83942959 0.9179
16 83945543 2
16 83949355 0.0552920890966682
16 83950726 2.2136
16 83952915 0.136508931211674
16 83953647 0.246629261629895
16 83965057 0.6576
16 83982209 1.2154
16 83999225 1.5559
16 84000414 1.4946
16 84002720 0.6503
16 84003519 1.56554882691652
16 84003688 0.505869912542015
16 84007344 2.2090934255252
16 84009691 0.021
16 84009775 1.48044817746574
16 84010778 0.6835
16 84016257 0.8229
16 84019430 0.71086312220746
16 84020362 0.233088433754778
16 84024009 0.7314
16 84025036 0.0285115981404264
16 84025158 2
16 84030830 0.148541769959125
16 84034199 0.0570681109196357
16 84036633 0.263144221293805
16 84046482 0.25873609435779
16 84049661 2
16 84051100 0.863336885473263
16 84052039 2
16 84054912 0.2765
16 84059973 2
16 84073674 2
16 84075194 0.5252
16 84077299 1.15537455988169
16 84081956 0.725202963279707
16 84083481 1.31653352738951
16 84123142 2.1804
16 84129273 3.1145
16 84136065 2.1804
16 84147855 2.1804
16 84148666 2.1804
16 84154285 0.746725154221707
16 84160035 2
16 84162454 0.930601871901336
16 84167946 2
16 84168683 0.912055226047818
16 84168896 2.0617
16 84169750 1.02216657928139
16 84171792 2
16 84178965 2
16 84186056 0.1907
16 84193108 1.41600652516448
16 84196770 2
16 84198122 2
16 84203952 2
16 84206498 1.68815300408688
16 84209277 1.04806596278708
16 84210055 1.59269545738744
16 84210411 2
16 84213553 1.1758988914974
16 84225824 2
16 84226547 1.43277600435448
16 84229697 1.58465375451313
16 84241399 2
16 84256225 0.921804779638322
16 84259029 1.3014277070405
16 84259070 2
16 84267395 2
16 84268427 1.26311273730502
16 84270507 0.6037
16 84278685 2
16 84278688 2
16 84281952 1.81117696316788
16 84285412 0.0176130813252827
16 84288377 0.675387327501792
16 84288940 0.3891
16 84289626 2
16 84297641 2
16 84301293 0.7592
16 84308196 1.67447418761526
16 84317074 1.3954
16 84330094 0.8922
16 84332527 0.8939
16 84339494 1.3153
16 84340036 0.0053
16 84341000 0.9699
16 84341385 1.1861
16 84342032 3.0378
16 84350695 0
16 84354365 0.3657
16 84355233 1.3111
16 84355353 5e-04
16 84355369 5e-04
16 84355634 1.2984
16 84356112 0.1604
16 84357052 0.626174919396533
16 84358344 1.16446077556387
16 84361955 1.61618138064821
16 84375959 0
16 84387277 2
16 84388978 0.891927781986627
16 84394011 0.6349
16 84398367 0.1837
16 84400703 0.349172378393677
16 84403729 2
16 84416084 0.064090290119274
16 84423036 0.927443586982965
16 84428306 1.6022
16 84429239 0.2112
16 84429646 0.2112
16 84430989 0.2112
16 84437430 0.264854682734288
16 84437587 1.41190411060206
16 84441008 0.9471
16 84441230 0.214504671136265
16 84441894 0.764747551456885
16 84441959 1.55307202339926
16 84451332 0.332428370957142
16 84474270 0.413524460589956
16 84476416 1.222
16 84477205 1.10105803980209
16 84479693 0.688319958909869
16 84488237 0.585902635704516
16 84491312 0.0958482127023073
16 84494205 0.0667
16 84500983 0.2695
16 84501190 0.6135
16 84506361 0.157406726165957
16 84507093 0.299174837406477
16 84508642 0.647274697195249
16 84511099 5e-04
16 84514424 0.180083897997689
16 84516769 1.33423751089746
16 84522089 0.0820246952208663
16 84531889 0.976612820130913
16 84536099 2.7093
16 84540562 1.33752434176507
16 84548162 1.0076
16 84550121 2
16 84562652 0.9805
16 84562793 1.64829670951338
16 84565924 0.3631
16 84566260 0.3631
16 84573127 0.844
16 84574885 2
16 84580901 2
16 84589470 0.8851
16 84593561 2
16 84597764 0.9323
16 84602118 2
16 84604173 0.8183
16 84605018 2
16 84615878 0.701315364056608
16 84616326 1.24418180682607
16 84618615 1.4942
16 84624590 1.5581
16 84634319 0.0344
16 84635201 2
16 84637367 0.0158
16 84638142 0.0158
16 84668375 0.850302689597896
16 84669599 0.995
16 84675578 2
16 84680470 0.9953
16 84684676 0.91639009561985
16 84685698 2
16 84686342 1.34486299970047
16 84697717 2
16 84700541 2
16 84701251 2
16 84705606 2
16 84706913 0.571916266491706
16 84709272 2
16 84710777 1.7901
16 84714909 2
16 84717168 2
16 84735418 1.8491
16 84737570 2
16 84747007 0.664792270373369
16 84747647 0.646865815840755
16 84754908 0.0636
16 84759742 2.22142227768592
16 84761147 1.1824
16 84762796 2
16 84773547 2.0508
16 84791421 2
16 84792045 2
16 84805155 2
16 84808277 1.1739
16 84809669 1.047
16 84810005 0.1097
16 84810938 1.1739
16 84813473 1.45288235802241
16 84814264 1.0862
16 84822896 1.23880082462806
16 84823739 1.73434221750305
16 84826506 1.75624303888235
16 84827768 1.96535424912117
16 84832022 0.0988748992596634
16 84833396 0.77681743431292
16 84866133 2
16 84881836 0.702633588512893
16 84892932 2
16 84893113 0.0053
16 84893257 2
16 84896101 0.0263
16 84904355 0.0244
16 84905183 1.1383
16 84909613 2
16 84909709 2
16 84921009 0.319932704905864
16 84924019 1.7255
16 84936349 0.6424
16 84938445 0.514704323882905
16 84940048 2
16 84948657 1.6672
16 84949134 0.776921919109387
16 84949701 0.880664862847432
16 84958283 0.759449886224664
16 84971696 0.287855401193673
16 84973452 1.3153
16 84976158 0.999890749924003
16 84979063 2
16 84998142 1.26105015330951
16 85000327 2
16 85002866 1.2410265892016
16 85004362 0.117651658702348
16 85005631 1.6638
16 85006732 0.709624024714599
16 85011402 2
16 85017586 0.6413
16 85027404 1.7822
16 85050967 1.7668
16 85068055 2
16 85068628 0.20696407529964
16 85071694 1.5818
16 85084816 0.14679532020094
16 85090796 0.767062762096933
16 85091159 0.401245924267129
16 85094845 0.114829740453918
16 85111051 1.1152
16 85111087 0.5628
16 85111495 1.0773
16 85114383 2
16 85116462 2
16 85120983 2
16 85122599 1.2082
16 85128737 1.55853195464157
16 85138341 1.64534323732724
16 85141599 2.2678
16 85145795 2
16 85146071 2
16 85149470 2
16 85150692 1.55263093580132
16 85157977 1.01271387854866
16 85160008 2
16 85160049 5e-04
16 85170272 2
16 85175813 1.01040499128022
16 85199421 0.951021109351383
16 85200078 0.499456122927518
16 85215436 1.2856
16 85222343 0.852810066439132
16 85236804 0.0884
16 85246380 0.839350058843304
16 85246880 0.9898
16 85255494 0.1966
16 85263948 1.0497
16 85269719 0.0975335788082474
16 85277088 0.0535527905923122
16 85284689 0.00692480279758854
16 85297581 2
16 85320102 0.0944
16 85320291 2
16 85324092 2
16 85337299 1.2224
16 85337460 0.7491
16 85337671 0.7152
16 85339928 0.3891
16 85342368 0.166089937563056
16 85343499 0.889
16 85348713 2
16 85352719 2
16 85360772 1.39781012612182
16 85363479 0.810766982130939
16 85374547 0.117040153693412
16 85381059 0.879866698957152
16 85381787 1.56358031533556
16 85386458 2
16 85390557 2
16 85402240 0.9461
16 85404614 2
16 85404797 5e-04
16 85407634 1e-04
16 85408255 2e-04
16 85409130 2e-04
16 85419545 0.8563
16 85424725 3.18517264675864
16 85426097 0.2966
16 85426103 1.97896825706169
16 85432165 1.5114
16 85451970 2
16 85465146 2
16 85466445 2
16 85467028 2
16 85474528 0.5579
16 85476588 2
16 85477566 0.7051
16 85481866 2
16 85502517 2
16 85514578 0.5356
16 85538805 0.3781
16 85547949 0.109549167446249
16 85549033 1.7271
16 85549817 2
16 85563179 2
16 85587296 0.409683654113672
16 85602674 0.887621667208815
16 85636688 0.755867724957489
16 85653210 2e-04
16 85656732 0.6944
16 85682760 0.9395
16 85682857 2
16 85697534 0.4476
16 85709093 2
16 85713587 2
16 85713773 2
16 85713775 2e-04
16 85721046 0.5109
16 85721401 2
16 85724857 2
16 85729514 2.7115
16 85736063 2
16 85739133 1.0115
16 85739619 2
16 85740733 2
16 85745061 2
16 85746847 2
16 85752653 0.25384623293411
16 85757510 5e-04
16 85762165 5e-04
16 85766901 0
16 85767759 2
16 85775688 2
16 85783365 2
16 85783644 2
16 85794802 0.658795283255302
16 85796327 2
16 85804897 0
16 85845743 1.5865
16 85846733 1.60343781914588
16 85855450 5e-04
16 85855466 6e-04
16 85856415 2
16 85858210 2
16 85860069 0.6475
16 85860089 0.4587
16 85864078 2
16 85867796 1.5165
16 85878996 0.4798
16 85893588 2
16 85908168 2
16 85917652 2
16 85919590 3.28859907192599
16 85920076 2
16 85922438 1.30775123445224
16 85932678 2
16 85937112 2
16 85938575 2
16 85942796 2
16 85950343 3.1148
16 85961978 2
16 85966801 1.13638533064162
16 85969840 1.20796317324185
16 85970614 0.178441935000659
16 85985269 0.106817185268889
16 85986050 0.0567040541727903
16 85991273 2
16 85994613 2
16 85999655 2.68121904136252
16 86004755 0.1274
16 86016015 1.4881
16 86023338 1.1636
16 86035652 1.0426
16 86057186 2
16 86062677 2
16 86063671 0.0061
16 86070237 1.78401100785529
16 86075510 0.9784
16 86081461 2
16 86082032 2
16 86082487 1.0878
16 86084320 2
16 86085335 2
16 86088918 0.61835034694791
16 86089137 0.363516444441513
16 86098513 0.024
16 86099970 0.807057606157099
16 86101189 0.920075179543092
16 86106079 0.0335
16 86115165 0.0062295421965871
16 86115812 0.516065396223123
16 86116228 0.4983
16 86116891 0.864221497523708
16 86120814 1.45030578814969
16 86122358 2
16 86126004 0.283002082392636
16 86133498 0.714846096968363
16 86134198 0.349014211872941
16 86135813 0.200804082091251
16 86136504 0.447185679848801
16 86136990 1.19669381896541
16 86137292 0.4533568296254
16 86143025 0.974833021236099
16 86143683 2.5901
16 86144167 0.761900019297373
16 86146145 0.021563803830055
16 86148339 1.20753609666458
16 86152260 0.8604
16 86152773 0.179251558164106
16 86178339 1.3034
16 86178548 1e-04
16 86187097 0.246887827106264
16 86190596 1.2124
16 86210911 2
16 86211343 5e-04
16 86216192 1.33631200402172
16 86216819 0.268579636417143
16 86226167 2
16 86231915 2
16 86232932 0.5226
16 86233298 0.5356
16 86233459 0.052
16 86237688 2
16 86239673 0.5136
16 86240552 0.7808
16 86243795 0.3216
16 86246052 5e-04
16 86249225 2
16 86258113 0.1146
16 86260467 1.1358
16 86261453 0.5335
16 86268426 0.5084
16 86269546 1.1358
16 86278444 2.04439138948138
16 86289306 1.4515
16 86291002 1.37590560148095
16 86298263 0.735254961977115
16 86300189 1.1738
16 86309157 0.3015
16 86310306 1.6036
16 86318837 0.7844
16 86329907 2
16 86330448 1.67858684312166
16 86334452 2
16 86335532 2
16 86340056 0.9153
16 86340254 0.759065933264467
16 86345516 2
16 86345854 2
16 86350094 1.53991515116802
16 86358293 0.672941077148819
16 86358456 2
16 86363346 1.5267
16 86369855 1.2471
16 86370650 1.5112
16 86373103 1.0839
16 86377636 1.0897
16 86381982 1.0142
16 86383040 2
16 86387211 1.4506609641702
16 86395247 2
16 86395269 0.5956
16 86406552 1.04575328116074
16 86408292 2
16 86413765 2
16 86413973 0.1739
16 86418482 1.5115
16 86421691 2
16 86426131 2
16 86430828 2
16 86434653 2
16 86436183 2
16 86442831 2
16 86443691 0.1041
16 86446963 2
16 86447368 1.92134050013748
16 86463977 2
16 86464437 0.0263
16 86468713 2
16 86470568 1.0615091556859
16 86474507 0.720177634433581
16 86474707 0.29397630305784
16 86475366 0.793703423886309
16 86476577 2
16 86478433 5e-04
16 86478618 2
16 86489976 2
16 86498569 0.208793497222447
16 86502506 1.89037006813751
16 86513890 0.197515372467299
16 86518176 2
16 86522135 2
16 86523760 2
16 86523998 0.14093763439176
16 86524458 1.07696831396539
16 86529523 2
16 86531931 2
16 86538230 0.0502
16 86548236 2
16 86551532 2
16 86559885 0.0561
16 86562979 2
16 86570675 2
16 86570682 2
16 86576206 2
16 86578175 0.0263
16 86587872 2
16 86600005 2
16 86601666 2
16 86601768 2
16 86612174 2
16 86612412 2
16 86626039 2
16 86635353 1.344
16 86636611 2
16 86649392 1.2226
16 86649845 1.2226
16 86650928 0.2228
16 86656124 0.836170253004509
16 86660704 2
16 86663088 1.1997
16 86669480 2
16 86670790 0.7808
16 86671258 0.8777
16 86673427 0.727931859498014
16 86676352 2
16 86682833 2
16 86685151 2
16 86688109 2
16 86703135 5e-04
16 86703192 0.38077277305948
16 86703222 1.14685013943023
16 86711430 0.0107
16 86724439 2
16 86733660 2
16 86736724 2
16 86737495 2
16 86744161 2
16 86745032 0.3274
16 86747163 1.259
16 86747507 2
16 86758360 2.2848
16 86760070 0.7983
16 86766172 0.7814
16 86782604 0.114473175667658
16 86785000 2
16 86796879 2
16 86798295 1.5068
16 86800093 1.5525
16 86816850 2
16 86865282 0.221158255155759
16 86870529 0.136827302298813
16 86883690 2
16 86886168 2
16 86887672 2
16 86893745 0.2105
16 86917503 2.2708
16 86919471 1.4326
16 86921016 1.381
16 86944356 1.1018
16 86959030 0.1236
16 86965982 0.278348273965387
16 86973827 2
16 86996183 2
16 86996917 0
16 86997241 2
16 86998485 2
16 87001268 2
16 87011932 2
16 87012757 2
16 87013908 2
16 87016039 0.0263
16 87020086 1.70330500380258
16 87020143 1.6989
16 87020513 1.63215743787191
16 87027417 2
16 87029150 2
16 87032595 0.434297866699742
16 87033586 0.2262
16 87038056 2
16 87041155 0
16 87051461 1.32188460782273
16 87056219 2
16 87056600 2
16 87069638 0.331653289469644
16 87079049 0.0408590492033287
16 87123135 1.0278
16 87128847 1.43428962449511
16 87129476 0.980532509634583
16 87138645 0.0987925776626643
16 87142030 1.61693049180473
16 87158376 0.0854591313370551
16 87159561 0.957797485056359
16 87160588 0.784005400280461
16 87174223 0.3404
16 87184097 0.3334
16 87187368 0.5459
16 87193405 0.23844471294113
16 87199910 0.6308
16 87207597 1.23849509988633
16 87215661 0.3457
16 87232639 0.411683835976036
16 87237262 1.7505
16 87255163 0.4373
16 87257601 0.3066
16 87267956 2
16 87268059 2
16 87275179 2.404
16 87279224 5e-04
16 87283431 2
16 87286239 0.915864107067327
16 87295322 0.278708479195227
16 87295937 0.207632234737095
16 87306781 0.859650027801528
16 87310032 1.59265796341238
16 87314160 0.00303180162591699
16 87317343 2.1343
16 87318421 0.8226
16 87325687 0.408038234700234
16 87335972 2
16 87338335 2
16 87344298 2
16 87344949 4e-04
16 87381644 0.9264
16 87383297 0
16 87384015 0.645298549677734
16 87392336 1.9352
16 87400519 0.0162
16 87410128 0.8108
16 87411664 1.16359390974042
16 87432867 0.277624029589296
16 87436182 1.2145
16 87436277 1.314
16 87444670 0.914549214038363
16 87460345 1.953
16 87466705 1.953
16 87470319 0.6615
16 87485932 1.76452452188739
16 87526066 0.7464
16 87539708 1.37280302543275
16 87540674 0.0617
16 87542523 1.26286288096627
16 87551142 0.7136
16 87556374 1.6241
16 87557202 5e-04
16 87561189 2
16 87564371 0.3833
16 87596481 2
16 87610901 2
16 87613619 2
16 87621938 2
16 87623972 1.13765070322231
16 87635006 2
16 87638146 2
16 87646841 2
16 87654962 2
16 87655580 2
16 87659386 0.239204146595846
16 87662003 0.1986933195844
16 87667774 2
16 87681535 5e-04
16 87686996 2
16 87690232 1.0101
16 87691942 0.4757
16 87725298 2.0018
16 87726224 2
16 87729207 0.9621
16 87738225 5e-04
16 87739503 1.29729064722706
16 87743468 0.126516531257554
16 87750490 1.0532
16 87750969 0.639
16 87752615 0.639
16 87754568 1.1980660671288
16 87768327 0.940885264302492
16 87768705 0.26194607684367
16 87769542 1.1203
16 87776600 1.8047
16 87784963 0.778739086208719
16 87793609 1.1784771353605
16 87806196 2
16 87813465 1.7456
16 87815297 0.715893991909245
16 87819640 0.86576504379305
16 87820804 2.05190720420508
16 87822716 2.3652
16 87829957 1.29391858620193
16 87831688 1.1616726131158
16 87834266 2.053760841808
16 87837607 0.5136
16 87847361 1.53059860048801
16 87849089 0.519317241632507
16 87852884 0.662074751227501
16 87854513 0.0651
16 87859504 1.7255
16 87860343 0.2995
16 87864269 1.0789
16 87870563 2
16 87874142 2
16 87874354 2
16 87875071 0.2624
16 87875271 2
16 87879699 2
16 87897448 1.4701
16 87898998 2
16 87903387 1.4023
16 87904060 1.3952
16 87905564 1.4315
16 87906536 2
16 87915248 2
16 87915661 1.68977968774616
16 87916966 2.33800853254738
16 87919678 1.60527774054635
16 87942873 0.304179445195718
16 87943294 2
16 87946112 1.78345483902988
16 87950440 0.555627485316508
16 87957445 0.1557
16 87962269 0.1994
16 87962849 0.2927
16 87966986 0.2927
16 87968336 0.2927
16 87970738 0.3129
16 87971248 0.3129
16 87973536 0.3129
16 87975826 0
16 87991909 1.8264
16 87998824 0
16 88036201 2
16 88037883 1.8964
16 88042182 2
16 88044056 1.03431320646042
16 88045538 2
16 88049679 2
16 88052187 1.55283448697337
16 88052241 1.47836691603171
16 88053843 2
16 88058726 0.276655728608435
16 88062597 2
16 88066874 1.02316926682565
16 88067637 0.172223845662041
16 88107196 1.25588848504242
16 88107199 0.0732555778816939
16 88108548 0.147168816251626
16 88115696 0.709213762117184
16 88116185 0.0124556267374009
16 88129788 0.231517518018934
16 88131513 2
16 88131604 1.5084878858586
16 88138911 2
16 88144491 2
16 88148033 2
16 88152989 1.52314147108411
16 88157159 2
16 88165542 1.33509424212802
16 88167164 0.0350257385882014
16 88171450 2
16 88174473 0.4117
16 88176113 5e-04
16 88180188 2
16 88194726 0
16 88197500 1.12667854207711
16 88198518 2
16 88202412 2
16 88207881 1.5525
16 88208809 0.0256
16 88208811 0.403613677501897
16 88222514 0.0504
16 88229722 2
16 88238895 1.45442288385596
16 88240509 0.622965115179976
16 88248191 0.628667564136187
16 88255029 1.12378618379335
16 88267752 0.0265428826595387
16 88278761 1.06104230472806
16 88279899 0.692
16 88279924 2
16 88283679 2
16 88284112 1e-04
16 88287256 0.580202146727282
16 88289230 0.718855150810689
16 88317382 0.630724824886668
16 88329817 2
16 88333338 5e-04
16 88334054 0.718041079075454
16 88334340 0.861055617417019
16 88341422 2
16 88347175 2
16 88351699 0.128427230455899
16 88351888 2
16 88351950 2
16 88356118 1.15349113530589
16 88361850 1.14441679980227
16 88362234 2
16 88368297 0.250742519685281
16 88372120 0.0897
16 88379267 2
16 88380122 2
16 88390647 0.945131381124207
16 88394158 0.131890851399056
16 88394191 0.402185579564898
16 88394195 1.12384296788562
16 88394736 0.0793
16 88397627 2
16 88399959 2
16 88404174 2
16 88408345 0.0792
16 88416350 0.0162
16 88431813 0.0621
16 88431889 0.0107
16 88440177 2
16 88441528 0
16 88443767 2
16 88443886 1.52889379628397
16 88444280 0.720506167942794
16 88449763 0.897800274549678
16 88450532 1.82542086405016
16 88450696 2
16 88459767 0.689610942565302
16 88461278 2
16 88470764 0
16 88488072 0.0866
16 88488893 0.649063766958733
16 88501649 0
16 88509518 2
16 88520598 0.9705
16 88520870 0.9789
16 88524592 2
16 88529841 2
16 88541823 2
16 88544758 1.58826716637126
16 88550213 2
16 88557415 2
16 88561996 2
16 88565104 0.653721174661019
16 88565863 0.206512119331825
16 88567055 0.0777206494785139
16 88568534 0.0502
16 88570647 0.3618
16 88574913 0.0561
16 88589093 1.05702095081415
16 88590779 0.3281
16 88591463 0.0225
16 88595805 5e-04
16 88596302 0.91945295255481
16 88602605 0.0621
16 88623589 2.52911252375182
16 88628924 2
16 88629196 2
16 88633042 1.24325807021672
16 88640860 2
16 88654604 0.337447489280225
16 88663994 2
16 88667197 2
16 88678348 1.011
16 88694823 2
16 88696524 2
16 88701690 2
16 88711587 2
16 88715911 2
16 88731220 1.13220472176985
16 88744550 2
16 88745569 2
16 88746029 2
16 88746475 2
16 88755889 0.149803354540935
16 88760454 0.271192001432693
16 88764197 0.0597947321592707
16 88774254 0.303376700993886
16 88778601 0.751961843107009
16 88812501 0.201593728590961
16 88818592 0.6441
16 88828019 0.131
16 88828798 0.349438250527657
16 88837133 0.1484
16 88888919 5e-04
16 88891046 2
16 88892932 2
16 88893860 2
16 88904678 2
16 88915744 2.5386
16 88932972 0.303504350085966
16 88933784 1.11842263183379
16 88949966 0.3303
16 88950227 0.721508327506984
16 88951718 0.4781
16 88974403 0.0265
16 88978435 2
16 88988151 2
16 88990879 2
16 88993810 2
16 88999589 1e-04
16 89011383 0.5583
16 89052261 2
16 89053719 2
16 89054810 2
16 89055074 1.3959
16 89055502 2
16 89062461 0.9362
16 89069221 2
16 89074232 0.193202166278233
16 89085028 0.468552631396448
16 89086790 0.66773597325629
16 89088494 0.35289693438656
16 89100996 0.314198351462504
16 89101546 0.387979275418634
16 89102315 2
16 89102317 0.0645236181884272
16 89105714 2.48530413868594
16 89109243 1.9
16 89110050 2
16 89118131 2
16 89120121 1.05766203130663
16 89124695 0.0725
16 89135633 0.587187184844775
16 89145254 1.9992
16 89156516 1.17149954225478
16 89157072 2
16 89158032 1.55330462384727
16 89182270 0
16 89192808 6e-04
16 89206684 0.133330679801263
16 89209014 0.774028651164952
16 89212155 2
16 89214114 0
16 89214406 0.0162
16 89219952 2
16 89227206 2
16 89233034 2
16 89235442 2
16 89239049 2
16 89242733 1.0948
16 89251808 2
16 89258711 5e-04
16 89259963 2.978
16 89261524 0.5534
16 89286270 1.16725425547083
16 89292596 0.81779450968129
16 89300253 1.7122
16 89301090 0.420343861182037
16 89308002 0.217855822562711
16 89310537 0.160803302097577
16 89311811 1.3881
16 89317317 0.2024
16 89323564 5e-04
16 89328152 2
16 89328759 1.8578
16 89329009 2
16 89331546 2
16 89337630 2
16 89356633 2
16 89372985 2.3061
16 89399899 2
16 89434949 2
16 89457073 1.3218
16 89470602 1.3218
16 89498531 0
16 89502467 2
16 89511649 2
16 89532947 2
16 89534394 2
16 89536317 1.7579
16 89541006 1.7136719304761
16 89561263 1.2963
16 89578067 5e-04
16 89578759 0.753704378726658
16 89579549 0.281261620182282
16 89587801 0.252491995841307
16 89588077 0
16 89591804 2.3714
16 89591838 2
16 89593907 1.4341
16 89600103 0.7909
16 89603306 0.849079676779602
16 89604039 0
16 89604586 1.865
16 89609692 2.5176
16 89615141 2
16 89616083 0.5169
16 89618992 2e-04
16 89619487 4e-04
16 89631662 2
16 89631875 2
16 89633115 2
16 89634473 2
16 89635796 2
16 89637957 0.4699
16 89648466 1.30246182962725
16 89653359 2
16 89654942 5e-04
16 89661187 0.711655564533432
16 89673877 2
16 89674415 0.5668
16 89676022 2
16 89687162 0.19948024012728
16 89688808 2
16 89689777 0.671504664537905
16 89690373 0.61353670829578
16 89692775 0
16 89696002 1.0963
16 89696806 2
16 89705462 2
16 89706498 2
16 89726707 2
16 89728524 0.0954861664693741
16 89728797 0.0433
16 89731546 2.00227397095526
16 89743140 2
16 89744533 2
16 89745717 2
16 89749959 2
16 89754251 2
16 89755956 2
16 89761027 2
16 89766343 2
16 89774448 2
16 89781012 2
16 89783974 2
16 89784422 2.54881002368132
16 89784771 2
16 89790511 2
16 89791140 2
16 89794094 1.8371688623231
16 89808151 2
16 89820497 1.14520846033157
16 89820841 0.4479
16 89822241 2
16 89833787 2
16 89839121 2
16 89850835 2
16 89852423 6e-04
16 89860462 0.6252
16 89879980 2
16 89881540 2
16 89888243 2
16 89899580 2
16 89905937 2
16 89907824 0.372947593292768
16 89907835 4e-04
16 89909921 2
16 89914448 0.697237530315454
16 89917285 2
16 89917429 2.7978
16 89926798 2
16 89934006 0.0790956057655071
16 89940267 2
16 89940617 2
16 89944672 2
16 89944847 2
16 89945372 2
16 89946847 2
16 89951778 2
16 89971420 2
16 89976075 2.5175
16 89977970 2
16 90000032 0.859
16 90003336 0.2306
16 90007650 2
16 90025173 2
16 90029153 0.289401166018704
16 90034709 0.8708
16 90034767 0.875706012644205
16 90041327 0.4362
16 90045797 0.662266900439122
16 90046713 0.017681109632798
16 90059550 2
16 90060585 1.3938
16 90065310 2
16 90086759 2
16 90087938 2
16 90091356 0.1507
16 90095557 1.3694
16 90169521 2
16 90170043 2
