chr pos logPval
18 49034 1.2383
18 49639 2
18 82977 1.2438
18 93363 0.4794
18 99707 2
18 112053 3e-04
18 112062 3e-04
18 112139 2
18 122474 0.254718329852363
18 128929 0.248234379006661
18 133011 0.467772539035564
18 147824 0.742677580399869
18 150390 0.0706
18 154628 2
18 156739 2
18 171030 3e-04
18 177101 2
18 216958 2
18 221647 2
18 229518 2
18 272535 2
18 276661 0.873
18 278210 2
18 284398 2
18 293384 0.6418
18 300137 0.277859233823997
18 305712 0.104657908085982
18 312044 2
18 318138 0.0107
18 324979 2
18 335675 0.0184339853517048
18 339337 0.590190744220909
18 343717 0.579350638656918
18 344459 1.5115
18 349136 2
18 368668 1.2791
18 372041 0.289053905575
18 386092 1.00904656932395
18 387120 0.2338
18 397177 0
18 399447 0.966575668706926
18 407586 1.17929011030526
18 410944 0.75076468478072
18 413686 0.0549271359399664
18 417965 0
18 418583 0.550621644069916
18 421055 0
18 422163 0.963252170105052
18 422880 0.2227
18 422954 0.784134613009787
18 423108 0.6549
18 425844 0.728633173196094
18 426016 1.14286152643693
18 427408 0.551322912368901
18 429054 0.236454354153351
18 430196 1.0583
18 434925 1.98413715953294
18 435127 0.701406318462015
18 435951 1.57689123382284
18 443052 0.279687033286078
18 445433 0.898491282698873
18 446441 0.191769605527399
18 454542 1.0704
18 463418 0.416037645090784
18 469874 0.1988
18 470129 0.1839
18 471287 1.85148754163029
18 473028 1.31245850481293
18 479301 0.675433368166349
18 482029 2
18 489242 2
18 492194 0.167474342446051
18 513026 5e-04
18 521402 0.1554
18 521633 0.1554
18 523395 1.46728135605452
18 549319 0.8416
18 553112 1.3781
18 564147 0.890564107744706
18 565870 2.247
18 566183 2.247
18 570322 0.9585
18 575087 1.95546442388906
18 581123 0.6422
18 581954 2
18 584218 2
18 584223 2
18 588936 5e-04
18 605487 0.8313
18 616576 2
18 627026 1e-04
18 633561 2
18 650353 1.64466374660289
18 657095 0.360367198558249
18 665609 2
18 668038 0.3027
18 671520 0.3027
18 673016 0.3027
18 684197 0.154435273973149
18 684230 2.5866
18 689665 2
18 690436 2
18 691173 2
18 692095 2
18 696533 2
18 701572 2
18 703388 2
18 706183 1.45055622690133
18 708299 2
18 709232 0.928196008840317
18 709590 2
18 715556 2
18 726161 0.711250958380532
18 727654 2
18 730329 2
18 730959 2
18 737869 0.61983769476072
18 740876 1.01245931936489
18 743797 1.216
18 748797 0.163779763892032
18 749721 1.216
18 787128 1.22182060892353
18 792172 0.7613
18 825470 2
18 827534 0.59768733323978
18 827538 0.0919756686829386
18 847718 0.2846
18 847857 1.0626
18 847888 0.6831
18 863354 2
18 865290 2
18 866127 1.58072695793965
18 867403 5e-04
18 879440 2
18 887670 0.7268
18 889158 0.7268
18 889904 0.56776869127526
18 890911 2
18 891560 0.61497675834683
18 894241 2
18 895511 0.7268
18 896196 2
18 897840 2
18 898735 0.183
18 903638 0.0233818840619094
18 905886 1.3468
18 908534 0.650733932001854
18 923260 0.2473
18 926297 0.3272
18 933679 0.1343
18 938156 0.564294783786374
18 949778 2.40906386744017
18 951376 1.51358786603586
18 961824 0.824432518249493
18 962061 2
18 964424 2
18 971127 0.3366
18 986598 0.255336527025749
18 988666 1e-04
18 989788 2
18 993552 1.09231701750577
18 1012104 2
18 1036594 2
18 1062471 2
18 1078001 0.1635
18 1078042 2
18 1078738 2
18 1079820 0.535161202975604
18 1084632 0.175407563619627
18 1098371 2
18 1101274 2
18 1113310 0.780426984309008
18 1113960 2
18 1131238 1.44635930948411
18 1138368 0.179939430905637
18 1141175 0.4134
18 1151019 0.316258887096764
18 1156925 0.4134
18 1160253 2
18 1174893 0.738296526120055
18 1180574 1.9664
18 1200960 0.349733076391604
18 1212530 2
18 1224192 0.431345721832936
18 1232760 1.83707843351723
18 1236815 0.381815850388149
18 1247254 0.953328573164416
18 1259392 0.417071767486706
18 1274000 0.511892059662518
18 1275506 0.543271449236365
18 1299486 2
18 1300968 2.61943901734695
18 1302069 2
18 1309990 2
18 1326439 2
18 1331076 2
18 1332993 2
18 1336965 2
18 1344119 0.7967
18 1351534 1.495
18 1354346 2
18 1355045 0.609535159252631
18 1357651 2
18 1378453 2
18 1382712 2
18 1414781 0.4059
18 1427808 0.570743000374229
18 1435755 0.401315582143667
18 1442023 0.497953638896411
18 1458298 0.217834506024169
18 1463235 0.9485
18 1465282 0.0046
18 1468566 0.9485
18 1469976 0
18 1479512 0.3015
18 1482923 2
18 1485242 2
18 1486185 1.2865
18 1487731 2
18 1487817 2
18 1495204 2
18 1496915 0.0015
18 1498479 1.4373
18 1504718 1e-04
18 1504726 1e-04
18 1507853 0.1705
18 1515807 1e-04
18 1515839 0.8007
18 1521862 2
18 1523510 2
18 1531294 1.0961
18 1541121 0.619881879243094
18 1541160 0.1554
18 1541161 0.1554
18 1542665 0
18 1543650 2
18 1549895 2
18 1566925 0.8412
18 1567185 0.8412
18 1570336 1.1363
18 1575560 0.7356
18 1576159 1.12486412133646
18 1577408 2
18 1586538 1.1625
18 1586947 0.920512222038332
18 1587734 0.637739214041491
18 1589310 1.1347
18 1591411 0.388151118882584
18 1591881 1.4404
18 1594552 2
18 1596045 2
18 1607079 1.3458
18 1608858 0.0629
18 1619577 2
18 1631170 2
18 1631312 2
18 1636173 0.6383
18 1636325 1.3281
18 1640812 2
18 1645875 0.226
18 1646228 2
18 1646237 0.6383
18 1647673 2
18 1656103 1.035
18 1660316 1.8782
18 1672664 2
18 1678019 0.291124041274809
18 1685382 0.483
18 1696408 0.3637
18 1698036 2
18 1703245 0.4719
18 1721250 0.3505
18 1734142 0.238724541463735
18 1737539 2
18 1747029 0.4088
18 1747145 3.8871
18 1755266 0.296
18 1755417 1.89608953492394
18 1769878 0.1745
18 1772845 2
18 1776385 2.2664
18 1809868 0.61110369924509
18 1816035 0.80826088691354
18 1827165 1.8726026180251
18 1830926 0.833326274605543
18 1852234 2.3009
18 1854901 1.6458
18 1868400 1.35878390558318
18 1873356 0.2413
18 1899396 0.166
18 1907315 0.568873544494767
18 1911323 1.24889675444891
18 1917423 0.198
18 1918012 0.660318304848302
18 1931565 0.29224853136362
18 1947964 0.0618
18 1952175 0.0519
18 1952778 0.0327
18 1957543 2.03863934464969
18 1963048 0.622512729666411
18 1967344 0.61
18 1970240 1.238
18 1977720 1.2745
18 1980483 0.2202
18 1983189 0.339319670484341
18 1983511 0.2366
18 1985703 0.2282
18 1986927 0.3641
18 1999420 0.380448808481183
18 2021734 1.34785372480492
18 2024616 0.9907
18 2029422 0.592005210692055
18 2039533 1.24809660593771
18 2051521 2.33850507037864
18 2060316 0.611122836074478
18 2065348 0.0709
18 2070522 0.0502549473714073
18 2075426 0.757955717498197
18 2075434 1.79882712375316
18 2079285 0.452767135815299
18 2079874 0.403319787130134
18 2080830 0.211867302173037
18 2081616 0.19567710144708
18 2082892 0.4728
18 2084776 0.243183733261221
18 2084814 0.4592
18 2090516 0.2127
18 2092305 0.480262074802763
18 2109015 1.3162
18 2116439 2.1912
18 2116972 1.4616
18 2123876 0.5163
18 2127220 0.7472
18 2133274 0.7595
18 2146695 0.3602
18 2148783 0.802981618020836
18 2157232 0.6973
18 2157993 0.141731477680275
18 2162818 1.0016
18 2165543 0.9629
18 2170567 0.093
18 2173694 0.9332
18 2173806 0.191300546976216
18 2179246 0.2592
18 2192359 0.8397
18 2201611 0.8457
18 2210442 0.6203
18 2211033 0.615155820917706
18 2247691 0.0441676266058281
18 2267456 0.0895
18 2275945 0.709714053016848
18 2278040 0.404438808987868
18 2281545 1.2154
18 2285294 0.133194815551238
18 2290028 0.0591
18 2290679 0.4409
18 2292420 0.928344007354287
18 2293572 1.17085819262536
18 2294546 0.0694
18 2299321 1.2694
18 2316134 2.0995
18 2326915 2.00048904152183
18 2327189 0.8679
18 2328148 0.3275
18 2335453 1.28762557333119
18 2339142 1.575
18 2353071 0.114689109360145
18 2367849 0.0904143084995736
18 2373742 0
18 2374582 0
18 2375114 1.2881
18 2383387 0
18 2384880 0
18 2387619 1.3799
18 2389486 0.9404
18 2392868 0.0710979307748926
18 2400629 0.6789
18 2404605 0.228043499474583
18 2449215 2
18 2451857 2
18 2452548 1.18456018340089
18 2459366 0.568178238578933
18 2464491 1.33280814971127
18 2466768 0.340809056575442
18 2469701 1.03452816450691
18 2470167 0.155460709137047
18 2478976 0.189580590052865
18 2480371 2.7095
18 2482908 0.43217603968824
18 2483671 0.0164968278038312
18 2485040 1.6685352673101
18 2486679 0.82809199277924
18 2489226 0.0515
18 2489432 0.965
18 2492336 0.227533027236247
18 2496330 0.331089150463985
18 2500923 0.85110731962525
18 2501837 2
18 2501927 0.908361165918553
18 2503030 0.8955
18 2504028 2
18 2505006 1.1988
18 2507016 2
18 2511085 2
18 2516649 0.283828177407642
18 2517546 2
18 2520395 2
18 2521386 2
18 2526238 2
18 2528041 0.5286
18 2536150 0
18 2536979 0.703866551232533
18 2548102 0.3056
18 2557927 0.5476
18 2582233 2
18 2586908 0.699784687130064
18 2598196 0.401029422605454
18 2598874 0.9012
18 2603577 1.6424
18 2619761 0.1503
18 2620943 0
18 2629516 1.16431875909517
18 2631492 0.340337660538881
18 2637869 0.8345
18 2637895 0.397245390874978
18 2638217 1.28069813355776
18 2639425 0.7019
18 2640790 0.4558
18 2646531 0.9626
18 2661871 2.7419
18 2662183 0.0263
18 2662212 0.2268
18 2685102 5e-04
18 2688800 1.01779024380261
18 2689374 0.317746859293827
18 2690971 2
18 2701117 2
18 2714232 0.7366
18 2725235 0.7366
18 2740716 0.7366
18 2747147 2
18 2757241 2
18 2758834 2
18 2767580 1.4552
18 2768670 0.7459
18 2768882 2
18 2780236 2
18 2791956 2
18 2792120 0.8826
18 2792970 2
18 2803180 5e-04
18 2807979 0.114825901275625
18 2829033 0.484
18 2829286 0.484
18 2850480 2.0504
18 2869437 0.6785
18 2869670 0.8545
18 2873632 0.3236
18 2874123 2
18 2874410 0.3695
18 2876639 2
18 2889606 0.616649598582603
18 2900641 0.348295609529209
18 2900805 2
18 2904596 0.428127734640994
18 2917225 0.189228218389604
18 2932191 0.092
18 2947315 0.177463367504254
18 2969376 0.092
18 2988769 0.0107
18 3001616 1.1595
18 3002259 0.1744
18 3015316 2
18 3015892 8e-04
18 3017968 2
18 3017972 2
18 3021020 0.3015
18 3021174 1e-04
18 3028365 1.00417140400034
18 3029461 0.0399
18 3030384 0.712
18 3032493 0.415
18 3038099 0.145045507616293
18 3039188 2
18 3048873 0.817530803237834
18 3049585 1.75379141269369
18 3056417 1.76937146746585
18 3057980 0.3022
18 3064632 2
18 3066424 1.1824
18 3075314 1.9294
18 3077399 0.6344
18 3095741 2
18 3101099 0.2870965825034
18 3114261 2
18 3114463 2
18 3115001 2
18 3115235 2
18 3117105 2
18 3118266 0.936801577539308
18 3136120 1.24318390201484
18 3157106 2
18 3163644 1.40030448009807
18 3166194 1.5501
18 3167723 1.5501
18 3171192 2
18 3176042 2
18 3177893 2
18 3188644 1.2013
18 3192964 2
18 3214920 0.0455896974691174
18 3215032 2.15141348097645
18 3220499 0.12916845737912
18 3228495 1.36852005454621
18 3234811 0.840761001233552
18 3238608 2
18 3246301 2
18 3251036 2
18 3258992 2
18 3263188 0.0107
18 3272800 0.0107
18 3279689 2
18 3280527 1.9294
18 3289914 2.2468
18 3311082 0.784718023701716
18 3313207 2
18 3313215 2
18 3322119 1.9357
18 3324352 0.5194
18 3324660 0.812944796393673
18 3327543 0.262466649781599
18 3329236 0.0728807174441899
18 3333292 2
18 3350542 1.3611
18 3385901 2
18 3389330 2
18 3395721 0.789239575740264
18 3398450 2
18 3399186 0.688936419631081
18 3399717 2
18 3424247 0.47793077437349
18 3435199 0.53457163531734
18 3442401 0.31666169443065
18 3448073 2.3399
18 3466306 1.2837
18 3470817 0.350576452818824
18 3484741 0
18 3501231 0.729391989238149
18 3504674 2
18 3510233 0.0150320547878672
18 3515189 0.1911
18 3527692 3.1332283728739
18 3547200 1.4723
18 3552607 1.4632
18 3560648 0.144635434605928
18 3563475 5e-04
18 3571219 0.700575996558926
18 3571769 1.4374
18 3574838 2
18 3575935 2
18 3590578 0.2022
18 3596555 3.1182
18 3601937 0.8322
18 3602458 0.0291
18 3605152 0.856335655668726
18 3614090 2
18 3614199 1.49422483573952
18 3622862 2
18 3624170 2
18 3626595 5e-04
18 3639912 0.817243091947561
18 3675924 1.45640657560764
18 3680476 1.2404
18 3683152 1.2404
18 3683801 0.458590625128454
18 3694091 0.215719458568013
18 3695152 0.467373746098539
18 3697306 1.1996
18 3710345 0.6519
18 3717308 0.6987
18 3735625 5e-04
18 3765381 2
18 3772310 1.0757
18 3780998 2
18 3784627 1.1645
18 3785809 1.1645
18 3803733 0.08182562798777
18 3816175 0.0629008924234307
18 3851253 5e-04
18 3852590 2
18 3858543 1.5165
18 3860311 0.3015
18 3862633 1.1354
18 3865716 2
18 3867271 2
18 3904590 2
18 3907474 2
18 3915609 2
18 3916039 2
18 3917030 2
18 3918155 1.4425
18 3930608 0.346013380508035
18 3938431 0.8032
18 3940775 0.5007
18 3954737 0.2817
18 3955710 1.04370338751824
18 3956217 0.0162
18 3988191 3.0702
18 4052493 0.668
18 4052771 2
18 4060206 0.8108
18 4060577 1.37186415713709
18 4061823 0.8108
18 4065264 2.2653
18 4067321 0.3541
18 4070184 1.9579
18 4084850 0.820117712489208
18 4087297 0.2638
18 4087756 0.2795
18 4092001 0.1422
18 4108556 2
18 4110338 2
18 4133739 0.1261
18 4134482 2
18 4139280 2
18 4147990 2
18 4175316 2
18 4179743 2
18 4180782 2
18 4193922 0.198577437048493
18 4201253 2
18 4206595 2
18 4235618 2
18 4238612 2
18 4248561 2
18 4260079 2
18 4281279 0.8694
18 4283592 0.7404
18 4292011 0.7848
18 4293666 0.2931
18 4296152 0.1715
18 4305911 0.0273
18 4331235 0.3396
18 4332857 2
18 4384905 2
18 4394166 0.0264
18 4401794 2
18 4404070 2
18 4405706 1.17629671502122
18 4409690 0.1391
18 4410685 2.9983
18 4411953 0.1391
18 4412153 0.1949
18 4412389 0.239
18 4418785 2
18 4419893 2
18 4426360 0.2093
18 4429389 2
18 4440477 0.560386299216775
18 4441097 2
18 4441481 2
18 4442382 2
18 4447260 0.484166276125319
18 4452475 1.1971
18 4452993 2
18 4476070 2
18 4476910 2
18 4483871 2
18 4487509 0.211588095645784
18 4490022 2
18 4502178 1.67036345738129
18 4503923 0.579181105843079
18 4506842 0.154864812623479
18 4509944 0.784
18 4510806 1e-04
18 4510890 6e-04
18 4512538 2.5303
18 4515000 0.5251
18 4523293 1.1717
18 4538718 1.1717
18 4553737 2
18 4573286 2
18 4576610 1.1717
18 4583286 2
18 4583380 2
18 4607629 2
18 4613179 1.53858382037373
18 4616648 2.2075
18 4628275 2.2075
18 4636531 1.4204
18 4638106 2
18 4639465 2
18 4649905 0.0510614364872905
18 4666399 0.1027
18 4670002 1.4145
18 4673745 1.4145
18 4688497 2
18 4694751 2
18 4704988 2
18 4707230 2
18 4707653 2.1264
18 4708015 0.1219
18 4712019 2
18 4747066 1.10199040995134
18 4757499 0.853746476892288
18 4767528 1.7418
18 4794430 2.3688
18 4797187 2
18 4798534 0.7279
18 4804370 2.4059
18 4804607 2
18 4809495 2.4059
18 4817500 0.2665
18 4831790 2
18 4838276 1.4957
18 4841121 2
18 4842813 2
18 4845028 2
18 4851493 0.3025
18 4870412 2
18 4876832 2
18 4880477 2
18 4889697 1.8124
18 4894579 2
18 4912396 0.362
18 4937613 0.790463506355646
18 4947184 0.835071778206227
18 4964475 1.93538848929167
18 4967836 2
18 4972233 1.7948604685103
18 4973582 0.6179
18 4977265 0.152702499901463
18 4978260 0.740050756694118
18 4978885 0.830398061294836
18 4988203 0.0032
18 4991189 0.1562
18 4996501 2
18 4999143 1.18903031831262
18 5006908 1.49383826389461
18 5007189 0.460055933969282
18 5009055 0.736724781270269
18 5019458 2
18 5035903 0.1633
18 5036021 0.696057581737846
18 5041927 1.5760131460667
18 5041994 0.230238993304017
18 5054172 0.765494125585208
18 5056648 0.962089879133185
18 5078070 0.5211
18 5102257 2
18 5107353 0.1479
18 5124046 0.7774
18 5125062 0.5285
18 5157839 0.492901515669407
18 5168862 2
18 5171905 2
18 5178169 0.735670660148077
18 5180399 8e-04
18 5188512 2
18 5192450 2
18 5198778 1.8208
18 5203033 1.1645
18 5204763 1.37372289168718
18 5206567 0.607450546711283
18 5213270 1.561
18 5215377 0.302854462182754
18 5216025 1.561
18 5216247 1.561
18 5221027 1.561
18 5221348 1.561
18 5222749 0.236315785394685
18 5223899 1.08511493190865
18 5224286 1.561
18 5225756 1.2209
18 5227130 0.151192371387242
18 5229610 0.581077349897594
18 5229615 0.6672166148134
18 5230253 2
18 5234730 2
18 5238443 2
18 5239320 1.14865496449891
18 5239741 2
18 5244174 0.17127601772081
18 5245408 0.35262136741817
18 5247986 0.527171882920857
18 5249692 0.0151959259577609
18 5266131 1.3955
18 5283746 0.906413313776837
18 5284119 1.3955
18 5293751 2
18 5297270 0.57721854533464
18 5306504 0.0217
18 5307586 2
18 5307696 2
18 5307955 2
18 5308196 2
18 5308536 5e-04
18 5314090 0.1279436067783
18 5324787 0.0367
18 5332457 6e-04
18 5338293 2
18 5342660 1.3105
18 5350758 0.682891424866689
18 5354801 2.2551
18 5362995 0.147152284128106
18 5391749 2.0272
18 5408276 0.430399347679127
18 5409680 0.0162
18 5423325 2.2059
18 5455064 0.2591
18 5461253 1.94347434382664
18 5466782 1.46464178529949
18 5471647 0.549
18 5475272 0.125173299687308
18 5481604 2
18 5505756 5e-04
18 5510821 1.1608
18 5517305 1.0918
18 5524427 2
18 5550168 1.2058
18 5551805 1.2058
18 5552472 1.2058
18 5575812 0.2267
18 5587095 1.20451121731588
18 5590927 0.0685625393532305
18 5594668 0.249653911367855
18 5594918 0.0567159094765952
18 5598977 1.48068723857981
18 5609807 0.129660368677452
18 5618788 1.2340143044746
18 5628415 0.4614
18 5630532 0.082
18 5635725 0.7531
18 5660126 2
18 5671245 2
18 5671638 2
18 5672921 2
18 5702103 0.4998
18 5702176 0.35043943696325
18 5730580 1.82628808379905
18 5733150 2
18 5734094 2
18 5742586 2
18 5751576 2
18 5762598 0.575663880749072
18 5794670 0.2269
18 5798346 2
18 5807126 2
18 5811376 2.2059
18 5812658 2
18 5825335 2
18 5860063 1.0238
18 5862658 0.0078
18 5894265 2
18 5923639 2
18 5932277 0.864126673444904
18 5943422 2
18 5948904 0.16205792330405
18 5953189 2.5866
18 5954397 2
18 5960166 2
18 5967897 0.1563
18 5974167 0.391328447369777
18 5991034 0.2309
18 6005848 1.23544007471061
18 6008024 0.755007016382066
18 6010026 1.29457268875679
18 6026666 2
18 6026987 2
18 6040018 0.781077013739947
18 6143969 2
18 6173886 2.2059
18 6348257 1.1818
18 6387289 0.0263
18 6389617 0.0263
18 6391893 0.4247
18 6395337 0.395496211614165
18 6395386 0.5228
18 6396491 0.2525
18 6436563 1.4858062778522
18 6449845 2
18 6450340 0.25873549324649
18 6454883 2
18 6455763 2
18 6457228 1.7061
18 6458451 2
18 6459660 0.197475476250856
18 6480057 2
18 6480752 2
18 6517835 0.1237
18 6520996 0.0227
18 6521564 2.04978095175763
18 6529819 1.6958701579303
18 6533181 1.22072463446096
18 6560843 1.5171657315476
18 6561485 1.51782669123812
18 6564323 2
18 6565374 2
18 6568629 1.0187024250114
18 6589122 1.6909
18 6600238 0.3551
18 6604405 1.2045
18 6626373 0.176638728566149
18 6636170 2
18 6640511 2
18 6644258 2
18 6649263 0.6411
18 6651679 0.189974786539781
18 6651779 0.7969
18 6658048 2
18 6659086 2
18 6669338 0.6306
18 6670015 2
18 6670809 2
18 6672172 2
18 6674019 0.7038
18 6674195 0.230554819428799
18 6675740 0.143694091130129
18 6677181 1.74928970366691
18 6679153 1e-04
18 6680158 0.0402
18 6690538 0.7038
18 6694192 0.51553033982698
18 6720799 0.5536490931016
18 6721389 1.98902074699289
18 6729572 5e-04
18 6730188 0.967469809653482
18 6732462 1.15715747678639
18 6734218 0.652
18 6743017 0
18 6744766 5e-04
18 6758922 2
18 6759295 2
18 6760341 2
18 6766432 2
18 6791839 0.0291
18 6812510 1.0457
18 6816164 2
18 6817157 2
18 6823941 2
18 6824938 2
18 6831292 2
18 6848607 0.9686
18 6851229 2
18 6855747 2
18 6858608 2
18 6859506 2
18 6879354 0.6806
18 6887523 0.6615
18 6889687 2
18 6904955 2
18 6911331 2
18 6912333 2
18 6913017 2
18 6916953 2
18 6921114 2.3688
18 6939966 2
18 6956394 2
18 6980488 0.660654290549192
18 6981518 1.273
18 6991413 2
18 6993402 1.293
18 6995513 0.859924653922589
18 6996045 1.5951
18 7019182 0.7993
18 7020465 1.2286
18 7029718 2
18 7030751 2
18 7030899 2
18 7032418 2
18 7034145 2
18 7034449 2
18 7038784 1.17063199495142
18 7042912 1.5924
18 7044281 2.245
18 7054389 2
18 7057971 2.3054
18 7062442 2
18 7062783 2
18 7066576 2
18 7085398 1.57259234627103
18 7085559 1.7677
18 7089480 2.2163
18 7100696 1.6331
18 7100700 1.6331
18 7104229 0.4024
18 7109653 1.6306
18 7132588 0.6694
18 7137069 0.705772980106181
18 7139277 1.9087
18 7141335 1.7352
18 7143396 2
18 7145561 2
18 7145866 2
18 7147565 2
18 7169725 2
18 7171735 2
18 7171945 0.0818
18 7172390 0.0696
18 7191472 1.0213
18 7194923 0.8328
18 7194955 0.598650294521012
18 7210875 0.708030105055175
18 7215831 0.987513922444721
18 7222640 0.273388171315332
18 7243172 2
18 7248748 2.3644
18 7249908 0
18 7254273 2
18 7259285 2
18 7260337 2
18 7264599 2
18 7264937 2
18 7265040 0
18 7265100 2
18 7267672 2
18 7273370 2
18 7275561 2
18 7280564 2
18 7301906 1.7113
18 7302387 2
18 7307152 1.6684
18 7334400 2
18 7336054 2
18 7347364 2
18 7349361 2
18 7350302 2
18 7377512 2
18 7378739 0.4193
18 7383540 0.7077
18 7387316 0.0389
18 7397013 2
18 7397524 1.4863
18 7398497 2
18 7407753 2
18 7410885 2
18 7412809 0.0072
18 7416265 2
18 7417191 0.2403
18 7419086 1.5201
18 7428969 1.4946
18 7433521 1.24624771580277
18 7435024 0.955293540293595
18 7440261 0.330698329004959
18 7440419 1.2757
18 7443411 0.9963
18 7444239 0.9655
18 7457831 1.6347
18 7466112 1.18806665420497
18 7487100 1.4144
18 7491170 1.4266
18 7498948 1.4144
18 7509399 0.723
18 7517321 1.0713
18 7532637 1.6709
18 7538482 1.0956
18 7541236 0.1143
18 7544384 1.7159
18 7544602 1.7159
18 7544635 0.866
18 7545932 2
18 7553768 0.8935
18 7555335 2
18 7585131 0.7243
18 7604558 1.6831
18 7630269 1.6831
18 7650552 5e-04
18 7652647 0.0078
18 7661060 0.835
18 7670180 1.11413405901232
18 7684294 0.83355274031204
18 7722656 3.1225
18 7722664 0.5165
18 7732143 0.0913
18 7734996 0.0792
18 7737603 0.5165
18 7738266 0.5165
18 7767338 2
18 7773585 2
18 7774106 2
18 7800482 2
18 7806678 2
18 7815419 2
18 7822170 2
18 7832496 2
18 7833722 2
18 7836714 2
18 7839888 2
18 7846480 2
18 7850719 2
18 7881316 1.4322
18 7891082 2
18 7911826 2
18 7919508 2
18 7985398 0.3016
18 7988645 1.3215
18 7998666 0.8583
18 8050888 1.2976
18 8084620 1.3477
18 8086393 1.3288
18 8144271 0.1209
18 8172284 2
18 8179030 1.6558
18 8182348 2
18 8193659 0.1204
18 8203524 2
18 8205632 2
18 8207245 0.5809
18 8209865 1.6423
18 8209954 1.0655
18 8214272 1.1097
18 8216336 1.1097
18 8219308 2
18 8225427 2
18 8227956 1.0619
18 8237399 2
18 8260916 2
18 8262022 3.2941
18 8266468 2
18 8289388 5e-04
18 8289807 1.1861
18 8294181 0.251
18 8300096 0.251
18 8306511 2
18 8311107 2
18 8320134 1.0572
18 8330170 0.0379
18 8336026 2.9955
18 8337398 2
18 8351044 0.0053
18 8351393 1.8428
18 8352627 2
18 8354618 2
18 8356155 0.0947976233151316
18 8381075 0.8379
18 8387825 2
18 8393827 1.02946135913213
18 8401939 2
18 8427207 2
18 8431495 1.9859
18 8436852 2
18 8439368 2
18 8442318 0.471935473818347
18 8443839 1.66492012509797
18 8447609 0.6201
18 8448056 0.6413
18 8456777 2.3732
18 8457083 2.3732
18 8458055 2
18 8458397 2
18 8458716 2
18 8459154 2
18 8462751 2
18 8465309 0
18 8473024 2
18 8474856 1.6566
18 8480591 2
18 8480732 2
18 8484617 2.4103
18 8487139 1.0622
18 8488695 1.0622
18 8506249 2
18 8506510 0.7985
18 8516999 0.8902
18 8539903 0.5683
18 8540641 0.5683
18 8546913 0.6156
18 8549220 0.2525
18 8550022 0.6342
18 8560822 1.6234
18 8562817 0.0765663248394953
18 8573082 0.729120941834076
18 8589680 0.4254
18 8593687 0.9934
18 8595242 0.462594442510478
18 8606317 2
18 8606408 2
18 8614272 1.40407272457289
18 8614840 0.436265326081031
18 8620325 0.5508
18 8621319 1.4394
18 8623999 1.1901
18 8633731 5e-04
18 8634449 0.468292670911019
18 8647127 0.106210357114763
18 8648662 0.491316632552706
18 8659803 1.3859
18 8665094 2
18 8666251 2
18 8671285 2
18 8678805 2
18 8694068 1.14848241439358
18 8701958 1.1654
18 8707622 1.20505030327175
18 8713776 1.0761
18 8716323 0.6687
18 8728437 0.133976631515347
18 8750411 2
18 8757117 2
18 8798606 0.1068
18 8799296 0.127
18 8801038 2.6985
18 8801636 0.1202
18 8805761 0.6427
18 8816541 0.799868544480632
18 8816715 2.24068362145746
18 8829037 2.2973
18 8835871 2.0478
18 8854709 1.06447617098281
18 8855272 0
18 8864813 0.699220083600042
18 8869337 0.49175481804936
18 8879956 0.737147861947052
18 8881716 0.6169
18 8883964 0.3601
18 8886328 1.5317
18 8890775 1.0759
18 8892897 1.57113320697267
18 8909141 0.6246
18 8909497 1.54424177404804
18 8912327 2.6179
18 8915759 0.6246
18 8916053 0.6246
18 8918806 2.7808
18 8939393 0.845812513555706
18 8944081 0.1318
18 8963540 1.04824702891143
18 8966146 1.0536450154329
18 8973931 1.222
18 8976845 1.0009
18 8979591 0.7813
18 8985851 0.157233093801116
18 8987701 3.9016
18 8989818 0.564240323346298
18 8992974 0.904895870179951
18 9016470 0.563
18 9020703 0.3203
18 9027180 0.0078
18 9030020 0.6034
18 9033257 0.9756
18 9039307 1.70944319591491
18 9039791 2.5345
18 9047866 1.98248230353908
18 9059838 1.2579
18 9081217 0.5664
18 9088982 0.250859060394633
18 9112084 0.654529321448839
18 9157583 0.200949626997121
18 9161096 2.13852600778225
18 9162224 1.40425786724539
18 9169020 1.2334898052095
18 9177561 2
18 9183744 0.405277227836645
18 9194216 0.666591367129038
18 9197528 1.73550727610581
18 9205378 0.97187161455282
18 9210262 0.0574088415630636
18 9214899 0.9907
18 9250538 1.4401
18 9259368 0.823361846424275
18 9284973 2.3078
18 9284988 1.4169
18 9307413 1.5088
18 9317539 1.7228
18 9325947 1.05880045600226
18 9335745 1.6509
18 9344081 0.0141769049970089
18 9344747 0.112816674371103
18 9355673 0.644164388584951
18 9366358 1.5981
18 9372448 0.3127
18 9381066 1.7522
18 9407713 1.0947
18 9408230 1.5667
18 9412308 0
18 9412934 1.4116
18 9436244 2
18 9440968 2
18 9441125 0.282521906861547
18 9450863 0.0091
18 9455169 1.004
18 9469101 1.406
18 9478295 1.5341013351043
18 9478856 2
18 9486330 0.0634888111054683
18 9487023 0.212593366102179
18 9492198 2
18 9512170 1.4004
18 9521434 2
18 9527990 2
18 9542538 1.468
18 9558186 2
18 9569271 0.444404034359278
18 9581168 2
18 9585325 2
18 9585417 2
18 9607057 2
18 9615669 1.3949
18 9620963 0.1622
18 9622227 0.655591196514053
18 9623054 0.1622
18 9624070 2
18 9624975 2
18 9632374 0.1075
18 9634645 1.3971
18 9636643 0.9722328621222
18 9637991 1.62994906290492
18 9641441 1.0828
18 9653983 2
18 9665353 1.1577
18 9673182 1.2439
18 9675668 2
18 9679745 2
18 9680673 0
18 9690317 0.9142
18 9694063 1.367
18 9696425 2.0276
18 9708529 2.8037
18 9709392 2
18 9728879 2
18 9734539 0.679
18 9746442 0.052
18 9747852 0.818446544820023
18 9748599 2
18 9755261 0.89978857345561
18 9760151 2.04613472147364
18 9764336 2
18 9777289 2
18 9777730 2
18 9800780 0.1904
18 9801732 0.2041
18 9806747 0.6224
18 9816737 2
18 9818825 2
18 9846934 0.2657
18 9860538 2
18 9862067 0.8555
18 9862880 2
18 9867974 2
18 9869236 0.8102
18 9870934 1.7251
18 9871657 1.8328
18 9872620 2
18 9873738 0.3579
18 9873760 0.3083
18 9876031 1.617
18 9882590 2
18 9882712 1.7184
18 9883236 2
18 9886893 2
18 9887397 1.14969693413248
18 9888030 1.7184
18 9906353 2
18 9909411 2.09381145501354
18 9923950 0.0073
18 9933611 1.7573
18 9950147 2
18 9952530 2
18 9957921 2
18 9982838 0.6302
18 9983795 1.4342
18 9985733 0.115867619193372
18 9988327 2
18 9988654 2
18 9997435 0.3285
18 10003571 1.0288
18 10010429 2
18 10015386 0.0233
18 10021736 1.0314
18 10025642 1.48361377952362
18 10032809 1.48866243025034
18 10056000 2
18 10062932 5e-04
18 10079677 0.2559
18 10104610 1.36751568894149
18 10109687 0.68757792700869
18 10110270 0.803097354838195
18 10115558 0.4916
18 10130982 0.829
18 10198742 2
18 10204754 0.0822
18 10207332 1.8815
18 10242311 0.621016216109499
18 10243780 5e-04
18 10256084 0.325
18 10264303 1.4127
18 10274239 2
18 10275027 2
18 10281705 2
18 10282872 2
18 10283064 2
18 10295391 2
18 10312570 1.8402
18 10320682 0.0342
18 10323662 0.431724168247746
18 10324928 0.3609
18 10326563 0.3429
18 10326796 0.3609
18 10335214 1.9662
18 10336341 0.079
18 10345344 2
18 10355703 2
18 10357722 2
18 10357888 2
18 10358455 2
18 10359125 2
18 10361241 2
18 10362054 2
18 10367171 0.278
18 10375935 2
18 10378377 2
18 10379437 0.919410062716343
18 10382583 0.990771154822665
18 10385100 0.1347
18 10389214 0.872
18 10392553 0.490271379745438
18 10396695 2
18 10402392 0.0165
18 10402882 2
18 10405198 2
18 10406618 2
18 10408831 2
18 10410545 1.4342
18 10414039 2.3748
18 10428010 0.0500561519204539
18 10433996 0.5684
18 10438249 1.2435
18 10457173 2
18 10457850 2
18 10458093 2.1233
18 10460311 0.584755124534139
18 10466021 1.02259595293499
18 10477607 1.5192
18 10484651 1.858
18 10488742 1.7164
18 10496988 1.7164
18 10498623 1.7164
18 10500116 1.7164
18 10504977 1.7164
18 10507225 1.7164
18 10537755 2
18 10543334 1.767
18 10545266 1.04143141887543
18 10545921 0.7262
18 10566348 0.6519
18 10567326 0.615452639397739
18 10573083 0.7877
18 10588320 1.00004954243798
18 10591094 1.6672
18 10592728 1.7864
18 10594557 0.007
18 10595980 2.2073
18 10596539 1.3074
18 10603936 1.3074
18 10605335 0.478357374580286
18 10609149 1.85512075845012
18 10609301 2
18 10622047 1.2904
18 10626086 1.2904
18 10650495 0.7993
18 10651623 0.7993
18 10651742 0.7993
18 10663761 1.52303430211466
18 10670165 2
18 10675929 2
18 10689982 1.5181
18 10692666 2
18 10692667 1.1644
18 10700791 0.7333
18 10701812 0.7333
18 10702371 2.49989499795192
18 10709051 0.618735777002386
18 10722345 0.7074
18 10725869 2
18 10727806 0.2401
18 10733022 1.8846
18 10735551 2
18 10736478 0.789
18 10763009 2
18 10766202 1.8665
18 10766427 2
18 10772378 2
18 10778583 2
18 10782698 2
18 10782782 2
18 10809063 1.3247927816055
18 10823213 2.6428
18 10825342 1.799
18 10825874 1.799
18 10827552 0.7088
18 10840626 0.6992
18 10863884 0.726
18 10864745 0.726
18 10887889 0.9442
18 10898907 0.0444
18 10920836 0.5638
18 10925421 1.1006
18 10925898 0.9952
18 10931478 0.9585
18 10941748 0.201703444659269
18 10942481 1.10649221078033
18 10946100 0.525383604235512
18 10948637 0.701278138371599
18 10963993 1.2477
18 10967209 1.2477
18 10992018 1.1974
18 10997642 1.1974
18 11009830 1.0323
18 11013846 1.0323
18 11017093 1.028
18 11044968 0.8364
18 11044978 0.826662759993055
18 11057866 0.148076385795228
18 11062652 1.92073241439135
18 11063771 0.914672745249932
18 11065994 0.990584927652576
18 11067157 0.125671475140011
18 11067557 0.1017
18 11071198 2.28578950032341
18 11072875 0.198868899940848
18 11073064 0.0702
18 11073823 0.0702
18 11082819 0.969763709994651
18 11085307 0.735544235717765
18 11089535 1.2772
18 11099154 3.1166
18 11122157 2
18 11135038 2
18 11144931 2
18 11173036 0.8971
18 11173725 3.2459
18 11193106 2
18 11208777 1.5705
18 11215789 2
18 11217095 2
18 11222537 0.998414061216325
18 11251870 0
18 11259202 2.2744
18 11261288 0.340443475988714
18 11266000 0.583505288105028
18 11272255 0.849346557174163
18 11284427 2
18 11302274 2
18 11314574 2
18 11329407 2
18 11383436 2
18 11391115 0.672763922819942
18 11392911 0.908604950062142
18 11395658 1.7785
18 11398036 1.7785
18 11408737 1.7696
18 11425657 1.3284
18 11458781 0.369602827265447
18 11474169 1.7186
18 11480493 1.6719
18 11485133 1.6719
18 11486018 1.6719
18 11486378 0.241111509802002
18 11497699 2.5428
18 11503513 0.8125
18 11505087 0.8125
18 11508923 0.8125
18 11525603 0.8323
18 11531631 0.8323
18 11532946 0.263
18 11540760 0.8892
18 11557345 4e-04
18 11561255 1.0736
18 11568864 0.3877
18 11582612 2
18 11591996 0.7324
18 11593552 0.4927
18 11594743 0.7324
18 11598918 1.7182
18 11601151 2
18 11606430 0.7324
18 11610122 0.7582
18 11613139 0.447341869799231
18 11613219 2
18 11613459 0.976349235564872
18 11614385 0.432696130801205
18 11615872 2
18 11619547 5e-04
18 11628795 1.71720402840679
18 11666992 1.19240527943233
18 11667036 0.281485714368304
18 11683202 0.066
18 11683432 0.3813
18 11686449 0.0109638596044443
18 11688132 0.82504444796431
18 11688980 0.177443241623454
18 11694009 0.345969592442105
18 11696329 0.382393652316612
18 11778840 1.4472
18 11779323 2
18 11781963 1.4472
18 11788910 2
18 11792239 2
18 11804977 0.428365246843421
18 11807203 2
18 11815749 2
18 11817750 2.3054
18 11822808 2
18 11823805 2
18 11827646 2
18 11840479 2
18 11842200 2
18 11846089 2
18 11846460 1e-04
18 11847767 2.8716
18 11866017 2
18 11868998 2
18 11871543 2
18 11872155 2
18 11880437 0.170921321680331
18 11882677 1.41151188278862
18 11899079 0.0309510397014237
18 11901235 0.8907
18 11905954 0.187
18 11909260 2
18 11911004 2
18 11916303 2
18 11916844 2
18 11923564 2
18 11927814 2
18 11940118 2
18 11942566 2
18 11943755 2
18 11945913 2
18 11946079 2.9933
18 11949299 2
18 11953175 2
18 11954112 0.0657
18 11960471 2
18 11965416 0.6635
18 11972917 2
18 11977962 2.2152
18 11978222 0.0078
18 11983074 2
18 11990228 2
18 11992520 1.4177
18 11995403 2
18 12010647 1.0426
18 12013183 0.6948
18 12020471 2
18 12022259 2
18 12026034 5e-04
18 12026504 0.270392374165658
18 12028248 1.1644766961195
18 12029562 0.101291103066141
18 12032831 0.196423214561121
18 12033879 0.3241
18 12044083 1.41939742834068
18 12047974 2.7001
18 12061120 0.681678710350714
18 12061813 0.245325775276438
18 12063675 2
18 12102157 0.253046036210763
18 12111248 0.856020374185881
18 12112112 0.674852118174437
18 12123887 0.722195936748875
18 12139490 0.0579
18 12141567 0.0579
18 12146532 0.333523812568245
18 12155891 1.71336810976904
18 12158535 0.126390427153408
18 12159854 0.307957951850074
18 12172897 0.914881205327102
18 12175451 5e-04
18 12181781 0.951115569813399
18 12192340 0.135767295702277
18 12226496 0.5521
18 12235092 2
18 12258657 1.0045251021303
18 12264550 5e-04
18 12269520 2
18 12272139 6e-04
18 12295214 2
18 12298965 2
18 12299047 2
18 12299148 2
18 12339665 2
18 12343970 1.6147
18 12386022 0.095
18 12390963 2.8376
18 12393624 0.0896564451662479
18 12435099 2
18 12442230 0.692088203034585
18 12457883 2.3953
18 12458439 0.393152702984318
18 12490896 2.7724
18 12507278 0.0078
18 12511875 0.7034
18 12524214 2
18 12555611 2
18 12563099 2
18 12565763 0.97735254713853
18 12576283 2.1918
18 12588265 2
18 12591924 0.559339456908811
18 12599512 1.0724448277898
18 12608221 2
18 12619288 1.91571593475879
18 12621611 2
18 12621995 2
18 12623917 2
18 12626051 0.6331
18 12634705 1.6568
18 12636517 2
18 12637228 2
18 12661257 2
18 12668809 0.3514
18 12668986 0.69109010245797
18 12694734 2
18 12697821 2
18 12705211 0.0921431000851149
18 12705464 0.603051059985967
18 12718594 0.251220219462794
18 12719671 2
18 12764675 1.9316
18 12765486 2
18 12777816 2
18 12778033 1.6955435817184
18 12796437 0.0208838521161733
18 12801634 0
18 12806924 2
18 12810472 0.862402912909908
18 12813021 2
18 12820138 0
18 12823057 0.0807
18 12843276 0.0389073092269539
18 12870301 1e-04
18 12870424 6e-04
18 12881808 2.1108
18 12892170 2
18 12903055 1.2309
18 12905450 2.7984
18 12910365 2
18 12916253 0.819293902365889
18 12925024 1.5795
18 12926925 0.243012393326714
18 12933473 1.5795
18 12955065 0.8091
18 12961400 1.8236
18 12970467 0.8411
18 12974074 2
18 12979435 0.0121
18 12980708 0.579155340623699
18 12981110 2.8909
18 12982265 2
18 13000092 1e-04
18 13000211 0.0121
18 13030838 0.9489
18 13067544 0.9489
18 13073288 0.9489
18 13092777 0.9489
18 13109880 0.0121
18 13113198 0.0121
18 13128456 0.140614462008122
18 13131396 0.0121
18 13137993 0.0121
18 13144973 0.0121
18 13148569 2
18 13157967 2
18 13168430 0.3117
18 13180324 2
18 13183610 0.176256311770626
18 13186709 0.855556187654476
18 13193493 0.189
18 13200304 0.0273
18 13206204 0.189
18 13207017 0
18 13212297 2.3015
18 13265227 2.78
18 13267990 0.8744
18 13284222 1.1729
18 13288828 2
18 13288829 0.1214
18 13304506 0.4365
18 13310206 0.5355
18 13311872 1.66990854214549
18 13312135 1.41220723783733
18 13312265 0.5561
18 13316131 0.4586
18 13321917 0.892995731697495
18 13330831 0.496
18 13358207 0.4406
18 13363932 0.5561
18 13369575 0.0053
18 13369941 1.1198
18 13385294 2.02332991651844
18 13388581 0.392877764782571
18 13391682 0.184229972990335
18 13399494 1.75445685603114
18 13403110 1.1255
18 13415473 2
18 13427878 0.4641
18 13433611 0.413
18 13434153 2
18 13459536 0.758349238022968
18 13462899 0.0026
18 13465271 0.0026
18 13468806 0.0032
18 13482107 2
18 13485176 2
18 13490646 2
18 13490923 2
18 13499080 2
18 13505940 2
18 13506047 2
18 13506972 2
18 13509378 2
18 13509758 2
18 13510209 2
18 13515862 2
18 13516922 2
18 13522063 2
18 13523640 2
18 13534387 2
18 13561369 1.026
18 13565173 0.299551210768129
18 13576457 2
18 13590338 2
18 13595000 1.1682
18 13609530 0.0078
18 13654066 0.884851338270853
18 13660591 0.3214
18 13673352 2
18 13673536 1.4118
18 13674213 2
18 13705731 2
18 13719292 1.7858399900801
18 13720294 0.736473429171682
18 13724269 1.3092
18 13752129 0.072986533570854
18 13761848 3.7259
18 13770319 1.3092
18 13770688 1.07033157542675
18 13773758 0.0688480110373705
18 13780468 0.34439523370124
18 13790220 0.422837003300295
18 13790754 1.8337
18 13799969 2
18 13801210 2
18 13811007 1.6264
18 13816179 2
18 13833857 2
18 13835442 0.3091
18 13836382 1.29573290805526
18 13844471 0.3326
18 13845404 2
18 13852420 2
18 13853624 1.3217
18 13854081 1.3217
18 13859263 1.3217
18 13863439 2.2032
18 13868464 0
18 13881799 5e-04
18 13909408 2
18 13911587 2.4619
18 13912315 2
18 13926265 2
18 13929855 2
18 13945942 0.866490679582971
18 13950814 1.0394
18 13955747 1.63985510843783
18 13984797 1.1277
18 13988969 2
18 14010164 0.0078
18 14020575 1.4372
18 14032620 0.9937
18 14053126 2
18 14069757 1.20830990256908
18 14069923 2
18 14081353 1.4372
18 14097885 1.4372
18 14109130 0.4357
18 14143640 0.61525171022896
18 14148520 0.3004
18 14148523 0.3004
18 14151329 0.5608
18 14159669 0
18 14160555 2.2468
18 14167477 1.8504
18 14167996 0
18 14178265 2
18 14188748 0.875827408438069
18 14198218 0.9207
18 14210288 0.4185
18 14223246 0.4973
18 14223551 2.6663
18 14224781 0.5027
18 14247344 2.1045
18 14272130 2
18 14272325 2
18 14274920 2
18 14278509 2.322
18 14280189 2.3715
18 14286863 2
18 14297880 1.0052
18 14298043 5e-04
18 14305129 5e-04
18 14318060 0.0335811652024409
18 14323438 0.640858714761478
18 14326392 0.76548728640948
18 14327346 2.2499
18 14328774 2
18 14332432 1.1809
18 14333536 1.1809
18 14335375 0.0129400640812619
18 14340400 2
18 14342924 0.101209111941569
18 14350316 1.5458
18 14353480 2
18 14363018 1.8662
18 14364532 0.4849
18 14375445 0.2715
18 14382777 0.501316163331111
18 14383541 0.0681
18 14410597 1.22925945255018
18 14421498 0.3117
18 14439803 2
18 14444784 1.3643
18 14453817 2
18 14455507 2
18 14457592 2
18 14465835 2
18 14472402 1.514
18 14476667 0.796174337135217
18 14500728 0.25613244165083
18 14507499 0.991151465793215
18 14519895 0.453253502193082
18 14521136 1.2445
18 14526882 1.71653126554344
18 14531337 0.818541172942801
18 14537154 2.7623
18 14537211 2.869
18 14540403 0.620985005272297
18 14540901 0.2384
18 14542427 1.6549
18 14548331 1.19154079717776
18 14555373 0.7318
18 14556495 1.4023
18 14562990 1.7813
18 14576758 1.4793
18 14585730 1.8553
18 14600582 0.0078
18 14619100 2.0608
18 14650452 1e-04
18 14650539 1e-04
18 14667055 1.1894
18 14672620 2
18 14678263 2
18 14689075 0.447287597213924
18 14689765 0.1524
18 14698833 0.1657
18 14700503 0
18 14707469 0.1657
18 14719992 0.1657
18 14724546 0.0502
18 14726147 0.1928
18 14726181 5e-04
18 14729316 0.0502
18 14736649 0.0502
18 14745127 0.0502
18 14746366 0.3865
18 14753436 0.397786136051595
18 14777301 0.2941
18 14791917 0.1585
18 14800296 2.5072
18 14804950 1.0157
18 14806628 1.0157
18 14860347 1.21519865932014
18 14870919 0
18 14876561 0.1156
18 14903846 0.1367
18 14905317 0.1367
18 14909965 0.1261
18 14910410 0.1261
18 14914644 0.1261
18 14932004 1e-04
18 14949676 0.9278
18 14962831 3.901
18 14967044 0.9278
18 14975545 1.2475
18 14997099 0
18 14997664 0.8915
18 15010496 3.901
18 15016982 2.3172
18 15038103 0.0297236766386641
18 15038139 0.383375134913901
18 15050072 0.1774
18 15069524 2.29176801305954
18 15075384 0.0448
18 15075642 0.0448
18 15084836 0.1774
18 15087744 0.1774
18 15091569 0.846512393459187
18 15104707 2
18 15107349 2
18 15110783 1.96056041632137
18 15113232 0.9737
18 15113654 2
18 15114228 2
18 15115566 2
18 15119209 2
18 15120773 2
18 15121363 2
18 15164778 2
18 15168234 2
18 15174960 2.7151
18 15177742 2
18 15182484 2
18 15185379 2
18 15190996 2
18 15192639 2
18 15214691 1.5058
18 15263545 2
18 15312600 0.201943006900362
18 15691933 5e-04
18 15704289 5e-04
18 15885130 5e-04
18 17816763 5e-04
18 17816769 6e-04
18 18447574 0.251468088247981
18 18447611 5e-04
18 18657144 0
18 18827708 0.2995
18 19207663 1e-04
18 19507464 1.33172247133422
18 19855142 0
18 19931611 0.916714659374388
18 20065955 4e-04
18 20211587 2
18 20576829 0.256545855051604
18 20578920 5e-04
18 20593632 0.214842521744578
18 20635520 2
18 20802362 0.310620835722523
18 20805317 5e-04
18 20818218 5e-04
18 20828078 2
18 21138481 6e-04
18 21152435 2.1456
18 21268568 0.786346070882092
18 21347806 1.5058
18 21356114 2.1045
18 21366633 0.5413
18 21397283 1.1757
18 21434501 9e-04
18 21457274 0.928016288939237
18 21592321 0.310714347359169
18 21592381 5e-04
18 21592956 0.28855778036974
18 21610914 0.0736671368802202
18 21642701 1.36846426072629
18 21654857 0.143993504589849
18 21672540 1.09900222484817
18 21672864 0.7495451367148
18 21713604 5e-04
18 21726426 2.8176
18 21796828 2
18 21823231 0.1027
18 21843734 1.0007
18 21895594 2
18 21972566 2.7288
18 21986444 2
18 21998394 1.1757
18 22021756 1.2819
18 22025839 1.2092
18 22028884 2.3019
18 22038055 2.3569
18 22045195 1.3651
18 22046019 2.3091
18 22049019 1.3651
18 22052281 1.3227
18 22064089 1.973
18 22065461 1.3651
18 22068485 1.5357
18 22075979 1.3227
18 22076264 2.064
18 22086923 1.3651
18 22093808 1.5357
18 22098157 2.3204
18 22138085 1.3345
18 22180689 0.568
18 22204192 2
18 22212197 0.0078
18 22226006 1.4859
18 22226392 2
18 22227108 1.5372
18 22246261 2
18 22246779 0.4742
18 22264834 0.2524
18 22267447 0
18 22273989 0.782692407288519
18 22287277 0.121684267411936
18 22295116 0.613880736421647
18 22296854 0.0856349987293658
18 22327489 0.759265914068838
18 22329404 0.665271319832828
18 22343817 2
18 22353727 2
18 22357024 0
18 22364853 2.3654
18 22369342 1.01605074704908
18 22373134 1.3461
18 22396536 2
18 22423662 0.4692
18 22423703 0.4692
18 22429640 2
18 22440256 1.3873
18 22448788 2
18 22450176 2
18 22450219 2
18 22465491 2
18 22484069 1.22507571942403
18 22487578 0.495332269890132
18 22496180 0.897540053521741
18 22497111 2
18 22503039 0.0984
18 22505140 2
18 22507760 0.0921
18 22511045 0.0921
18 22514446 0.0921
18 22524758 2
18 22525842 0.0984
18 22544396 2.81104189685429
18 22553204 0.604027198414638
18 22564362 0.3692
18 22579593 2
18 22580690 0
18 22588328 2
18 22592612 2
18 22599913 0.3692
18 22607332 2
18 22611732 2.9344
18 22611961 2
18 22615474 2
18 22616250 2
18 22619201 0.3509
18 22621579 2
18 22621948 2
18 22639824 2
18 22642489 2
18 22649076 2
18 22650558 2
18 22665821 2
18 22691628 0.0053
18 22706132 2.9344
18 22707005 0.8701
18 22714556 2
18 22721711 1.16522422727409
18 22740785 6e-04
18 22751853 1.5067
18 22752258 2
18 22756932 0.239849647347822
18 22758355 0.9907
18 22771767 0.1842
18 22777673 1.5067
18 22807591 5e-04
18 22846715 1.30375185967834
18 22866880 0.239556856762183
18 22891406 0.8518
18 22909074 0.297029627349601
18 22910464 2
18 22915716 0.171310467818503
18 22919893 2
18 22927124 0.8518
18 22927501 2
18 22928675 0.2384
18 22936020 2
18 22951702 0.644362416136193
18 22967863 0
18 22972335 2
18 22983259 0.601945856292676
18 22993903 0.726221822979461
18 23002656 3.8915
18 23007443 0.153133236184959
18 23011231 0.158040692239104
18 23042023 0.8518
18 23044320 2
18 23045468 0.8293
18 23055247 2
18 23058305 0
18 23061290 2
18 23069220 1.3628
18 23072727 2
18 23075947 0.8215
18 23089806 2
18 23089811 2
18 23091964 1e-04
18 23105528 0.0502
18 23110283 2
18 23121462 2
18 23152260 2
18 23223161 1.32292061741121
18 23237312 2
18 23249008 0.3416
18 23283949 1.0499
18 23285428 1.0499
18 23286582 0.252746198632616
18 23287284 1.41
18 23290196 0.6363
18 23290630 0.545995571069983
18 23309541 3.0702
18 23315085 1.87385476371771
18 23317833 0.5642
18 23332063 0.105004687217059
18 23347399 0.6194
18 23359328 0.14732346312634
18 23372226 1.5743
18 23386675 1.5362
18 23413368 1.5362
18 23413457 2
18 23425544 1.012
18 23455634 0.9792
18 23456176 2
18 23475128 0.0444
18 23494680 1.3433
18 23500403 2
18 23502417 2
18 23528649 2
18 23529502 2
18 23535942 1.4335
18 23559154 1.466
18 23562376 2
18 23590986 0.9821
18 23639340 2
18 23645569 1.8304
18 23653035 3.1247
18 23668030 5e-04
18 23682940 0.9069
18 23685936 0.558456228473855
18 23685939 1.83772910660384
18 23710383 2.19435733267961
18 23727468 1.2343
18 23744102 1.2343
18 23766840 0.602884610598285
18 23784372 1.2343
18 23812603 2
18 23908142 1.2343
18 23915519 0.854100518559838
18 23927361 0.8772262315532
18 23946123 1.1164
18 23964052 0.6382
18 23992873 0.699570451453557
18 23994914 0
18 24010362 2
18 24012036 2
18 24023956 2e-04
18 24023999 0
18 24042431 2
18 24046671 0.4163
18 24060600 2
18 24073532 2
18 24091814 1.234
18 24091860 1.2649
18 24102685 0.419584401387048
18 24111518 0.3895
18 24111671 1.95438649738872
18 24139444 0.0063
18 24142644 0.208366492180669
18 24147487 1.4432
18 24148703 0.333040219172516
18 24166050 1.28599036125121
18 24186860 0.3646
18 24187820 1.02236624547272
18 24188642 0.3646
18 24206524 0.1201
18 24209763 1.00336243451977
18 24220334 0.1633
18 24223617 1.3584
18 24248135 1.8332
18 24256617 1.4449
18 24262392 1.7889
18 24266656 1.8238
18 24268525 0.6426
18 24273274 1.9814
18 24278824 1.0612
18 24306910 1.0245
18 24311702 1.151
18 24312011 1.151
18 24325592 0.8078
18 24343361 1.80149048193668
18 24345180 0.2024
18 24362195 0.0078
18 24375844 0.8834
18 24382138 0.0584332103357562
18 24386368 0.4765
18 24415928 0.661308023336652
18 24418674 0.0329
18 24428663 0.715
18 24429595 4.2469
18 24437598 0.1216
18 24440579 0.0329
18 24440722 2
18 24457561 0.1351
18 24469052 0.715
18 24469616 0.6979
18 24479955 1.5655
18 24480951 1.3942
18 24484330 1.3152
18 24488263 1.3405
18 24505150 0.26009578035994
18 24517498 0.5561
18 24520158 1.63174430674852
18 24528779 1.58677570654452
18 24531390 0.7094
18 24541060 0
18 24546328 0.726334848853952
18 24548443 2
18 24548663 0.205882323589163
18 24567681 2.6682
18 24586424 0.0053
18 24586798 1.37771405318754
18 24607176 2
18 24607271 2
18 24610524 1.75646842487894
18 24612747 0.3237
18 24614524 0.3237
18 24614876 1.5181
18 24618235 0.3237
18 24707944 0.5053
18 24716769 0.528
18 24720882 0.528
18 24721282 0.528
18 24726643 0.817542188192134
18 24731267 0.528
18 24748694 5e-04
18 24778893 0.598088269280508
18 24808435 0.0183361145687349
18 24815905 2
18 24835685 1.988
18 24836976 2
18 24837188 0.9445
18 24837512 1.7321
18 24840781 2
18 24841236 0.9445
18 24861550 2
18 24877622 1.2319
18 24901814 0.7604
18 24913472 2
18 24916629 2.9958
18 24925606 0.0708
18 24927510 0.5684
18 24929381 2.9925
18 24935727 1.09980357879025
18 24992116 2
18 24996102 2
18 24998443 2
18 25001225 5e-04
18 25003078 0.13400225764574
18 25011782 0.0381097148006697
18 25016884 1.09324910775855
18 25039221 0.0263
18 25046297 1.1404
18 25048213 2
18 25051513 2
18 25055385 0.1419
18 25059165 1.6312
18 25068061 2
18 25083844 1.6597
18 25109545 2
18 25113657 0.900737203150788
18 25116919 1.60959357113329
18 25132006 0.78332809891855
18 25133139 2
18 25159037 0.151869427366818
18 25159965 1.16777144060878
18 25171903 1.0973
18 25180466 2.2967
18 25213143 2.7419
18 25228348 2
18 25288572 0.0076
18 25311667 0.3803
18 25329330 0.89175743062369
18 25331732 1.00651184071442
18 25342516 0.5484
18 25342684 2
18 25348210 0.833660642002219
18 25362523 0.324738228563835
18 25363201 0.9455
18 25372232 2
18 25398225 0.1007
18 25424196 1.3436
18 25442726 0.640613815924846
18 25447754 0.151712985396589
18 25463924 0.0444
18 25479635 1.18728490363551
18 25498782 0.782608229200006
18 25504470 0.197403104178855
18 25520726 1.5897
18 25524609 1.5323
18 25529739 1.6322
18 25534251 1.5332344058663
18 25540079 1.37881564764057
18 25548941 2.28819269856754
18 25552608 1.1219573451326
18 25558236 0.3115
18 25559670 0.186
18 25562916 1.6201
18 25566288 1.0786758567812
18 25571905 1.6096
18 25588228 0.574037040703565
18 25602654 0.1834
18 25609039 1.98670177626904
18 25616785 0.582505716166504
18 25624739 0.0724998996362134
18 25626119 2
18 25696818 0.435173714108449
18 25720843 0.215208729010425
18 25741493 2
18 25744751 2
18 25746027 0.339426938742449
18 25784322 2
18 25791288 2.26863713276812
18 25802318 2
18 25803466 2.2845
18 25806466 2.2845
18 25807981 0.310950219585165
18 25825725 1.30893136349105
18 25830725 1.89009566981174
18 25836019 1.59958425022846
18 25840407 0.4847
18 25853227 2.28533777149685
18 25857313 2
18 25858205 0.446092188778296
18 25876258 0.3451
18 25881219 2
18 25894123 0.3451
18 25896484 2
18 25906459 2
18 25927774 1.5494647836996
18 25938391 2
18 25940791 0.0657
18 25943448 2
18 25949541 2
18 25952094 2
18 25955757 2
18 25968604 5e-04
18 25968868 0.0637
18 25980457 0.0273
18 25997783 1.112
18 26206558 1.12246539884803
18 26211978 0.204613695709261
18 26250148 1.02464264374627
18 26251685 2.69988935739763
18 26255659 1.6347
18 26269224 1.0299663289164
18 26273768 1.364
18 26278616 5e-04
18 26303111 5e-04
18 26305099 0.358064917141164
18 26315130 0.0078
18 26315136 5e-04
18 26319371 1.09114843307054
18 26330691 0.494299318368973
18 26332726 2.10240189529459
18 26344112 0.763936114130094
18 26369245 0.953631188585977
18 26385914 1.50363124827636
18 26388860 1.46775516350862
18 26390713 1.6243
18 26401077 0.0223051548029232
18 26410603 1.6561
18 26429494 0.185560225851802
18 26433248 1.6561
18 26434831 0.404681884427088
18 26437849 2.0144
18 26446227 1.17392422716039
18 26446875 0.443518421307785
18 26447720 0.354
18 26459155 0.1797
18 26461552 2
18 26471135 2
18 26483560 0.0652782573220515
18 26495335 2
18 26504799 0.573035729743377
18 26541850 2
18 26543012 1.99996284089275
18 26543611 0.898115992384978
18 26552657 0.0794
18 26561412 1.43235937096073
18 26567137 5e-04
18 26570195 0.443397490998077
18 26586079 1.1922
18 26593426 0.254472174147605
18 26593661 0.360070561457107
18 26600926 0.0431541549440987
18 26603750 2
18 26604074 0
18 26611417 0.388838460438499
18 26614812 0.1334
18 26632934 0.147344373950433
18 26639355 0.234848817097709
18 26643685 2.4996
18 26643758 0.2648
18 26647086 1.5107200759016
18 26653866 1.52325295139549
18 26668804 2
18 26677136 2
18 26681018 2
18 26681957 0.0111437158811567
18 26711301 2
18 26737929 2.0409
18 26752512 2
18 26777772 2
18 26782788 0.6653
18 26791774 2
18 26796315 0.407490246889447
18 26797572 0.0639
18 26798431 2
18 26800118 0.0255
18 26806571 1.4593
18 26806760 2
18 26807016 2
18 26815307 2
18 26824905 2
18 26831201 2
18 26834763 2
18 26837216 0.7046
18 26842362 1.19380529016325
18 26849205 2
18 26863001 1.83238686277266
18 26867425 1.5637
18 26869085 2
18 26899996 0.148904282686747
18 26901502 2.784
18 26913089 0.1081
18 26927974 0.0884862227224333
18 26930154 2.12396039923152
18 26934624 0.51165765066143
18 26950876 2
18 26956068 1.7374
18 26959187 1.7374
18 26964142 0.545150501802992
18 26989742 0.23234854561092
18 26995534 2
18 27001401 0.118114559606809
18 27006622 2
18 27020570 2
18 27031891 1.00235261322878
18 27035256 0
18 27039817 2
18 27041412 2
18 27053347 0.201407540992397
18 27055646 2
18 27071694 2
18 27073309 2
18 27084555 2
18 27089281 2
18 27106815 2
18 27115888 1.35608013945059
18 27117118 0.0263
18 27119398 0.429825274032954
18 27126697 0.284474454420149
18 27138541 2
18 27145926 0.422851732123944
18 27169773 2.07481452417579
18 27179104 2
18 27191272 2
18 27240735 5e-04
18 27247992 0.184
18 27297488 1.767
18 27302829 2.5261
18 27328400 1.1316
18 27338962 1.39571867441171
18 27353004 2
18 27364354 2
18 27410973 2
18 27411254 2
18 27419051 2
18 27447396 2
18 27472828 2
18 27485068 2
18 27538164 1.36008190041322
18 27547889 0.5105
18 27552855 1.80414294943641
18 27575025 2
18 27576484 2
18 27579226 2
18 27588137 2
18 27591396 1.02801285633466
18 27618635 1.25540227025641
18 27623801 2
18 27634367 2
18 27634628 1.2092
18 27635344 0.257196062321938
18 27647312 1.4755
18 27647654 0
18 27648996 0.4916
18 27650396 2
18 27656229 2
18 27677204 2
18 27760630 2
18 27762645 2
18 27784163 2.2653
18 27784229 2
18 27804077 2
18 27807973 2
18 27809160 2
18 27811783 2
18 27816146 2
18 27839484 0.628146796284544
18 27847010 0.0160597019108481
18 27852558 1.8205043883873
18 27869371 1.85090839923759
18 27886873 0.908393271662191
18 27919820 0.2575
18 27939113 0
18 27971408 1.9275
18 27972841 0.0246144268416151
18 27978234 2
18 27980143 1.33986356769586
18 27997957 2
18 27998008 1.3806
18 28013967 0.464942449368587
18 28028062 0.312044879521909
18 28032498 1.78141145377093
18 28051719 0.659955933769973
18 28051815 2
18 28057913 2
18 28073983 2
18 28076860 2.0037
18 28077821 2
18 28086717 2
18 28094667 2
18 28121176 2
18 28138212 0.8907
18 28138651 0.8907
18 28148255 0.0800651276558151
18 28165093 1.27357966361056
18 28206332 2
18 28207288 2
18 28207992 2
18 28223341 2
18 28227131 1.4136
18 28228895 0.2824
18 28229112 0.2953
18 28231192 0.2953
18 28251316 0.2953
18 28262642 0.2953
18 28271782 0.871845467411968
18 28283384 0.161484528316867
18 28283591 1.35010105851745
18 28285442 0.201001106280605
18 28311393 2
18 28323641 2
18 28323839 2
18 28325492 2.1396
18 28333912 2.4484
18 28343510 2.4484
18 28369658 2
18 28373391 5e-04
18 28379818 2
18 28389787 0
18 28389908 1.5343
18 28391119 2
18 28400712 2.5867
18 28411613 1.7925
18 28436595 2
18 28438060 2
18 28442582 2
18 28444707 2
18 28457275 0
18 28460737 1.7925
18 28465658 0
18 28472198 2
18 28479130 2
18 28495567 2
18 28532065 2
18 28532657 2
18 28533879 2
18 28545551 2.4921
18 28559915 2.4063
18 28601706 0.325331058055164
18 28607232 0.913977218949567
18 28607243 1.14321611344776
18 28616008 1.14959139534162
18 28631642 0.5816
18 28651552 0.660715223897936
18 28660092 1.11618785157146
18 28665132 0.884481048518859
18 28672277 0.251272438035228
18 28672816 0.245901615452779
18 28681771 0.5548
18 28698456 0.198545385114709
18 28700551 0.6623
18 28718268 0.0808053319620344
18 28719672 2.06702690670946
18 28736659 0.1878
18 28749986 0.747418034300334
18 28755865 0.803687517412022
18 28757797 0.272644805235167
18 28761564 0.963372368733241
18 28761951 0.571
18 28783815 0
18 28799936 0.644423972767729
18 28801338 0.325453305916339
18 28805025 0.312536377632264
18 28808664 5e-04
18 28809343 0.5824
18 28823089 1.4936
18 28834322 0.161705743287763
18 28850566 1.4936
18 28852026 0.848408562505333
18 28852852 1.4936
18 28858890 0.402066952199998
18 28875372 0.5278
18 28876703 0.0267101465729084
18 28879049 1.41221789433076
18 28886805 0.4542
18 28901493 0.0203607682521367
18 28908074 0.409762889951992
18 28908861 0.4542
18 28910768 0.4542
18 28913796 0.4542
18 28916435 0.4542
18 28917204 0.229038358874931
18 28926031 1.1075
18 28965638 1.1214
18 28966583 0.5975
18 28970735 1.1965
18 28993516 1.2254
18 28998140 0.3477
18 28998400 0.3477
18 29008003 0.802740795615729
18 29015591 1.10627907957964
18 29019016 0.377430230185241
18 29037031 2.58133672772648
18 29041303 0.1981
18 29041493 0.6614
18 29043521 1.6406
18 29055310 0.245782578360426
18 29056153 1.1808
18 29057576 1.76332488285461
18 29102928 0.743783911077691
18 29113985 1.35603850148735
18 29116676 2.5266
18 29121829 0.783849606189936
18 29145449 1.6212
18 29158049 0
18 29160758 5e-04
18 29196087 0.9217
18 29201425 0.5907
18 29201783 0.6799
18 29204017 0.5907
18 29222795 1.5733
18 29237496 1.5826
18 29238425 1.6884
18 29240011 1.5826
18 29240246 1.5826
18 29263599 2
18 29273098 1.5521
18 29327935 2
18 29339063 2
18 29342190 2
18 29365116 2
18 29386162 2.2293
18 29397022 2
18 29406702 2
18 29408101 2
18 29408580 2
18 29413258 2
18 29425780 2
18 29425863 5e-04
18 29429713 0
18 29433685 1.5697
18 29440877 0.999676402718993
18 29441032 2.5464
18 29455542 1.40050424691243
18 29456323 1.8718
18 29457705 1.39538866313956
18 29458547 0.792901145724265
18 29466521 0.11138647015193
18 29474624 1.2254
18 29482116 3.0702
18 29490524 0.542129633949928
18 29490527 1.49180504522519
18 29496091 1.06732066974767
18 29496464 2.4949
18 29502879 1.97817985867553
18 29503250 0.938130170234358
18 29505619 1.4186695019244
18 29505721 1e-04
18 29509453 1.38708586805471
18 29512143 1e-04
18 29517681 0.055544479537531
18 29521409 0.0446746265848911
18 29524518 0.49756016420967
18 29529141 0.568129965637052
18 29545641 1.1944
18 29551780 0.2448
18 29556718 1.00230155827445
18 29564908 2
18 29581450 1.4017
18 29594302 1.20705458444073
18 29594803 2.696
18 29594849 2.698
18 29597513 0.187573226729619
18 29601169 1.05164292536563
18 29619324 0.759375667294781
18 29625262 1.75422549205404
18 29637265 0.0618857521961341
18 29663545 2
18 29664194 2
18 29671641 1.48251663277233
18 29673118 0.334790439775296
18 29676864 0.0053
18 29687200 0.686702004360176
18 29710883 0.498199561086415
18 29723827 0.485246497726099
18 29727858 1.55733887201637
18 29728988 0.0250237349418662
18 29731350 0
18 29740619 0.687795196457377
18 29749000 2
18 29749003 2
18 29754818 2
18 29756124 0.629
18 29760084 2
18 29782596 2
18 29783880 2
18 29783892 0.0586030988268872
18 29784039 5e-04
18 29790465 0
18 29791084 0.198672673562146
18 29794792 2
18 29796899 0.5057
18 29810207 1.0044
18 29820886 0.2179
18 29845801 0.9329
18 29852132 0.117998261248951
18 29871476 0.963932865384171
18 29872827 0.235989739475842
18 29874462 0.888051641421102
18 29877722 2.784
18 29897854 1.7295
18 29914287 1.14329738016968
18 29922926 2.0878
18 29934530 1.48025148630796
18 29970806 0.742574609151682
18 29977642 0.7554
18 29984166 2
18 29989114 2
18 30000938 2
18 30002751 2
18 30007721 2
18 30012052 0.250570025664909
18 30014426 0.413435117357914
18 30025306 2
18 30034020 2
18 30038394 0.7554
18 30040384 1.03323967963656
18 30043860 6e-04
18 30049773 5e-04
18 30051820 0.7947
18 30052305 2
18 30054511 2
18 30054690 2
18 30067818 0.9328
18 30072632 0.9559
18 30076421 0.767853881723456
18 30077980 0.245744540179361
18 30099564 0.9328
18 30103479 0.787285620474311
18 30109446 0.0387825465242487
18 30112489 0.4172
18 30113718 0.460789319080644
18 30117006 0.382994369389207
18 30130165 0.932040117942083
18 30130969 0.9559
18 30131683 6e-04
18 30142388 0.189343961306871
18 30142715 0.388646355992682
18 30152225 2.3649
18 30157684 1.0897
18 30158133 0.359229222796371
18 30160941 0.799854692758265
18 30161781 0.669379670406423
18 30163934 1.36343150123683
18 30166574 1.0897
18 30168240 0.898737546372852
18 30179327 0.308198043067813
18 30179955 0.652376281795353
18 30195930 0.929067160662871
18 30196465 0.9328
18 30198112 0.0215071067310158
18 30199942 0.907342840518901
18 30200124 1.04255380602737
18 30205205 1.04531071071082
18 30208510 1.79834720955422
18 30214382 2
18 30223541 0.0053
18 30228238 2
18 30228797 0.2651
18 30238902 0.0053
18 30263238 0.363706018380877
18 30269759 0.00211019770921092
18 30273592 1.8139
18 30274721 0.6371
18 30285813 1.5029
18 30323717 0.665
18 30328318 0.665
18 30337346 2
18 30338464 2
18 30338672 2
18 30340574 1.9034
18 30342607 2
18 30343634 2
18 30344424 2
18 30366715 0.3827
18 30381746 0.4189
18 30408130 0.3827
18 30418761 2
18 30434022 1.17426672403836
18 30446431 2
18 30451135 2
18 30455457 2
18 30468328 2
18 30474624 0.8103
18 30479951 0.0979
18 30480134 0.0979
18 30484245 0.304294594089154
18 30491889 0.742753075385742
18 30492196 0.712252552306931
18 30513061 2
18 30516093 2
18 30517215 2
18 30518411 0.9437
18 30518627 3.2683
18 30524303 0.12615468864635
18 30525941 0.796241779563493
18 30528791 2.6444
18 30538066 0.71175783425809
18 30539984 0.2681
18 30548165 1.44908337338352
18 30556682 0.641368656352307
18 30556740 1.24223703442062
18 30556905 0.097185552535635
18 30574543 0.266348544606324
18 30577464 1.834
18 30578549 0.881489767717096
18 30581326 1.834
18 30585288 1.834
18 30586222 0.182254978336854
18 30587665 0.01963010590408
18 30597201 2
18 30629416 2
18 30633113 0.495636527215578
18 30668712 0.360332719437153
18 30677233 2
18 30679945 2
18 30685454 2
18 30733704 2
18 30734151 2
18 30748551 0.698624873183244
18 30775271 2
18 30775689 1.8979
18 30781005 1.1515
18 30788070 2
18 30792697 0.932331926597457
18 30851034 2
18 30856981 2
18 30880716 0.78991243764292
18 30894797 0.657887567415453
18 30902790 0.31201982365421
18 30910877 1.3629
18 30925877 1.3449
18 30967484 2
18 30967901 1.54063322954106
18 30977925 0.340045800639435
18 30979216 1.37571448741927
18 31003972 2
18 31011426 0.999168321521432
18 31011875 0.4148
18 31013686 1.83730038402249
18 31014943 2
18 31019700 2
18 31040710 2
18 31042558 2
18 31063105 2
18 31096097 1.67814780197833
18 31106803 2
18 31107233 2
18 31117107 0.0796
18 31134031 2
18 31144142 0.8545
18 31151953 0.8545
18 31158224 2
18 31171096 2
18 31171622 2
18 31179576 2
18 31182517 2
18 31184357 2
18 31187397 2
18 31189674 0.899374496359163
18 31191880 0.362681884590413
18 31214412 1.847
18 31215604 0.165455335065169
18 31216472 1.6393
18 31226600 0.86071663431824
18 31228585 1.6069
18 31237328 0.564387933863963
18 31254589 2.8712
18 31264220 0.872
18 31306640 0.1332
18 31309703 1.22291732888634
18 31344021 0.816674188493488
18 31345390 0.3209
18 31368744 1.6243
18 31371075 0.346356700663133
18 31377762 1.6347
18 31384705 1.4583439130441
18 31386555 1.02446955640046
18 31389045 0.793852297519718
18 31415530 0.304916661299034
18 31422956 0.703317881219092
18 31440447 0.9278
18 31444774 0.879744057354072
18 31446535 0.210985197890718
18 31449626 0.9278
18 31454136 0.9011
18 31466467 0.0639490471527146
18 31468577 0.6469
18 31472920 0.269067157924414
18 31476681 2
18 31484735 2.3961
18 31493082 2
18 31495912 2
18 31496041 0.1288
18 31496464 2
18 31496539 2
18 31496866 2
18 31542836 0.7418
18 31551758 5e-04
18 31554559 2
18 31556500 2
18 31560204 2.8287
18 31560551 2
18 31569248 2
18 31603849 2
18 31607926 0.0349263483786756
18 31613622 2
18 31657503 0.3204
18 31668515 2
18 31688882 0.340328728646602
18 31696024 1.52333536199466
18 31712492 0.0489366029488297
18 31715869 2
18 31731982 0.2746
18 31732762 2
18 31749877 0.296715221302946
18 31758708 2
18 31759656 1.6226
18 31770026 2
18 31826096 2
18 31829356 2
18 31852870 2
18 31874765 0.613066716303266
18 31886260 1.07194806193457
18 31891136 0.398662402862317
18 31894253 2
18 31895728 2
18 31900136 0.2591
18 31921227 2
18 31934144 0.598188710209365
18 31939144 2
18 31942023 0.695574909437198
18 31943956 0.5441
18 31947921 2
18 31956301 0
18 31959561 0.442
18 31966636 5e-04
18 31968094 1.1983
18 31993280 2
18 32003125 2
18 32011359 2.8127
18 32038360 0.864457531252371
18 32041682 2
18 32047168 2
18 32047849 2
18 32060467 2
18 32073225 0.5498
18 32076038 0.139885918976729
18 32084094 0.4903
18 32087181 0.2728
18 32097974 6e-04
18 32121354 2.8755
18 32132541 2
18 32133702 2
18 32135000 5e-04
18 32140035 2.5001
18 32143309 0.0244
18 32152245 2
18 32155821 2
18 32157114 2
18 32177814 2.4568
18 32201374 2
18 32201525 2
18 32216222 2
18 32222487 0.5669
18 32232682 2.20905601929805
18 32242251 1.164
18 32271652 2
18 32336180 0.4906
18 32343515 1.5335
18 32377826 0.7512
18 32381889 0.9273
18 32387370 0.7147
18 32398951 1.3719
18 32427547 0.7147
18 32431309 0.7512
18 32464215 1.02908755019078
18 32477437 2
18 32482126 1.1366
18 32487994 0.655503597681641
18 32494374 2
18 32505392 0.0015
18 32511614 0.873534582547291
18 32513759 0.437691545766618
18 32527930 0.536082564772162
18 32548011 2.2384
18 32554190 0.923379054254408
18 32564341 0.770535848482358
18 32575551 2
18 32579204 0.260330298770209
18 32582019 0.00865823820181532
18 32605578 0.00330587694985259
18 32607433 0.236226008782559
18 32618609 2
18 32626247 0.4539
18 32629195 3.1156
18 32645602 2
18 32649299 2
18 32664386 2
18 32668229 2
18 32669470 2
18 32669575 2
18 32669819 2
18 32675254 2
18 32677492 0.269448647345204
18 32698558 2
18 32702742 2
18 32707474 2
18 32708684 2
18 32711746 2
18 32714547 2
18 32716564 2
18 32719290 2
18 32722879 2
18 32723812 2.5424
18 32726961 2
18 32753114 0.0465
18 32753849 0.0348
18 32764884 1.2404
18 32771347 0.175
18 32784059 2.5424
18 32808616 0.1262
18 32812105 1.6654
18 32815410 0.19
18 32816812 0
18 32827628 3.1156
18 32828390 0.495416723431201
18 32828470 0.211
18 32829032 0.0165
18 32832837 5e-04
18 32834276 0.0056
18 32834838 8e-04
18 32840195 0.0056
18 32843700 8e-04
18 32846707 0.0056
18 32853189 0.0056
18 32855486 2
18 32875576 0.0056
18 32881214 0.0056
18 32902425 2
18 32905685 0.0056
18 32906845 0.0056
18 32908671 2.075
18 32937214 0.619273301210624
18 32960938 2.2602
18 32997985 2
18 33000712 2
18 33053582 2
18 33053895 2
18 33060244 2
18 33103149 2
18 33111649 2
18 33116853 2.3278
18 33123034 2
18 33127017 2
18 33134184 2
18 33136253 2
18 33153740 2
18 33166806 2
18 33179081 2e-04
18 33179084 2e-04
18 33186896 2
18 33210254 2
18 33213566 2
18 33234666 2
18 33262810 2
18 33279598 0.5095
18 33279696 2
18 33287091 2
18 33304463 2.1923
18 33306548 1.8039
18 33323315 2
18 33341461 0.5665
18 33354861 0.683392832273892
18 33406142 0.0527605948415286
18 33412613 0.1507
18 33437590 0.1507
18 33445416 0.1507
18 33446799 0.1507
18 33451316 0.648799983256125
18 33453337 0.3328
18 33453541 0.3328
18 33460107 0.5812
18 33461845 0.6067
18 33463076 0.3651
18 33469533 2
18 33506440 1.4252
18 33508699 1.4252
18 33514009 1.3348
18 33520457 1.4972
18 33538622 1.3748
18 33564045 1.3221
18 33587226 1.3158
18 33596303 2.5348
18 33623659 1.22718478142455
18 33625245 1.1136
18 33639220 1.945
18 33680530 1.29848057326851
18 33683837 0.941023052956201
18 33685447 0.117153024523131
18 33696981 2
18 33697839 2
18 33708603 2
18 33731197 0.5404
18 33738372 0.4981
18 33742576 0.4706
18 33745021 1.54937204704928
18 33765936 0.4807
18 33772931 0.6473
18 33782363 0.4571
18 33785647 0.4571
18 33789390 0.747175406865307
18 33791697 0.6787
18 33795860 0.258701662558142
18 33802522 0.4843
18 33806214 1.411
18 33810486 0.5404
18 33811637 0.6787
18 33812359 0.512
18 33814858 1.0837
18 33823239 0.957
18 33823290 0.6787
18 33831039 0.512
18 33840684 2
18 33843341 1.9885
18 33880124 0.9638
18 33898640 2
18 33937163 2
18 33938415 2
18 33997474 0.411058894794543
18 34010601 0.807596663576726
18 34041512 0.207211006253034
18 34045861 0.011976968148492
18 34045933 2
18 34047991 2
18 34050456 2
18 34050770 1.8942
18 34052278 2
18 34055850 2
18 34073395 1.8942
18 34076385 2
18 34110945 0.8351
18 34115140 2
18 34115446 0.178513327321886
18 34129465 0.9561
18 34143752 0.9561
18 34161619 0.889
18 34170145 0.463791460079469
18 34221565 1.593
18 34233763 2
18 34278495 5e-04
18 34284645 2
18 34334524 0.230661505151265
18 34371605 1.2415
18 34376396 1.2415
18 34378734 0.380179861178177
18 34387811 2.0391
18 34414407 1.78423703668273
18 34418157 1.0594
18 34434476 0.167582316315851
18 34435560 2
18 34436630 6e-04
18 34440624 0.757980638912165
18 34478102 2
18 34483617 0.0559923380526807
18 34524866 0.2416
18 34528430 0.2416
18 34537987 2
18 34542896 2
18 34558612 1.4198
18 34562262 1.4198
18 34572591 2
18 34573333 1.4198
18 34583872 1.4415
18 34584100 1.4415
18 34587071 3.1166
18 34587188 1.4415
18 34587835 1.4415
18 34605750 1.4198
18 34607371 1.4198
18 34657452 2
18 34660044 1.449
18 34661933 1.449
18 34674591 1.458
18 34703217 1.458
18 34715499 1.4148
18 34744033 1.4063
18 34785072 0.0718761625876288
18 34895217 5e-04
18 34923441 0.850023580000232
18 34927255 1.28600920921246
18 34981882 2
18 34984473 2
18 35008971 2
18 35018271 2
18 35029155 2
18 35045752 2
18 35047124 1.6767044093963
18 35057975 2
18 35058888 2
18 35077240 0.891555895520194
18 35079851 2
18 35095858 2
18 35128831 2
18 35131053 2
18 35139392 2
18 35142905 2
18 35152051 2
18 35216340 2
18 35244321 1.3937235787752
18 35267190 1.34469343809417
18 35319507 5e-04
18 35324966 2
18 35331796 2
18 35336255 2
18 35341171 5e-04
18 35351862 0.0561
18 35360261 5e-04
18 35361389 2
18 35400246 0.0444
18 35456980 0.6287
18 35466710 0.2987
18 35471759 0.2987
18 35495135 0.705970618836725
18 35497128 0.540201125605654
18 35511254 2
18 35522649 2
18 35536803 2
18 35555147 2
18 35562006 0.0929
18 35567690 0
18 35568666 0.261559082194161
18 35571903 1.37928324493107
18 35574587 2.8716
18 35582055 2
18 35608729 5e-04
18 35619952 2
18 35626653 0.0458
18 35630414 2
18 35642715 2
18 35650955 2
18 35670270 2.4561
18 35676529 2
18 35711929 1.6125
18 35714639 2
18 35721146 2.0504
18 35723663 2
18 35736946 2
18 35737194 2
18 35739118 2
18 35740728 0.0474
18 35744574 2
18 35759949 0.6097
18 35764171 2
18 35766263 0.669801815122902
18 35782469 0.8108
18 35782992 0.8557
18 35791461 0.8108
18 35800395 2
18 35813892 0.736976247579545
18 35815422 0.7693
18 35830620 5e-04
18 35846929 1.0165
18 35849249 0.172002263321588
18 35857769 2
18 35859141 2
18 35863129 2
18 35868883 1.67278520460989
18 35871402 2
18 35878139 2
18 35914673 2
18 35922951 2
18 35937982 2.3317
18 35940666 2
18 35944040 2
18 35957651 5e-04
18 35980170 2
18 35984629 2
18 36004617 2
18 36008573 2
18 36010566 2.35153676435737
18 36024743 2
18 36031728 0.236290616162372
18 36051740 2
18 36052084 2
18 36068407 2
18 36076675 2
18 36077746 2
18 36099938 0.255
18 36115980 1.2711156865167
18 36120044 2
18 36121488 2
18 36127618 2.11911760880719
18 36129254 2
18 36139081 1.5773
18 36148021 2
18 36149488 2
18 36161780 2
18 36166329 4e-04
18 36169543 2
18 36177397 1.5505
18 36178473 2
18 36187786 2
18 36218477 2
18 36228265 0.652947781058373
18 36232674 2
18 36236684 2
18 36240838 1.2818
18 36249061 0.747573237521576
18 36257725 2
18 36272664 0.2032
18 36285774 2
18 36288020 0.660735777707559
18 36299031 1.0162
18 36325350 2
18 36327665 2
18 36336234 0.417982228053694
18 36364303 1.04073889377427
18 36423985 2
18 36474810 2
18 36476073 0.9217
18 36482845 2
18 36490565 1.56099042841024
18 36494438 2
18 36511342 0.17601565197823
18 36531252 0.47071698195086
18 36548205 0.9533
18 36568618 2
18 36572734 2
18 36587743 2
18 36589097 2
18 36606697 2
18 36613029 2
18 36622121 0.841549479431124
18 36624610 0.7647
18 36639778 2.0081
18 36640844 2.1456
18 36643234 2.1456
18 36655740 2.3278
18 36655772 1.41524526503299
18 36664009 1.93856956993265
18 36687928 0.5418
18 36698836 2
18 36704899 2
18 36713120 0.538
18 36715664 0.538
18 36720696 2
18 36744413 2
18 36786385 0.8164
18 36794902 0.8164
18 36802874 2
18 36815280 0.8164
18 36821032 0.8164
18 36821415 0.8164
18 36848789 1.12661701187276
18 36910178 0
18 36916574 0.4495
18 36930368 1.65908630448039
18 36937826 0.7334
18 36939587 2
18 36944570 0.190130456684766
18 36948410 1.2335
18 36959615 0.4495
18 36965519 0.0162
18 36968304 0.4495
18 36970641 0.4495
18 36975238 0.4495
18 36977313 0.340889740590246
18 36977602 0.4495
18 36983410 0.7334
18 36997051 0.4495
18 37008065 0.7334
18 37018231 0.4495
18 37022198 0.4495
18 37026094 0.680140028646894
18 37079874 0.4791
18 37100163 1.39339360190509
18 37130405 0.422750448836183
18 37138996 0.7334
18 37165568 0.4791
18 37244567 1.35127392838115
18 37248734 1.2335
18 37257843 0.8601
18 37272278 0.810715689684184
18 37280565 2
18 37298618 0.247822618055473
18 37303171 0.9933
18 37306932 1.20899326952921
18 37308770 0.179767654212912
18 37312106 0.9933
18 37319383 1.50397278533899
18 37326416 1.57210079982844
18 37338066 2
18 37352459 3.1145
18 37355153 0.274699605050967
18 37373352 0.460448310877594
18 37392829 1.5058
18 37408501 2
18 37412591 2
18 37414351 2
18 37418446 2
18 37426152 2
18 37427041 5e-04
18 37436512 0.87895102340735
18 37437205 1.67144153141778
18 37462919 2
18 37464843 0.306911444992518
18 37498524 5e-04
18 37503140 0.9217
18 37504907 1.1712
18 37524829 2
18 37525439 0.34410947499559
18 37539943 1.8474
18 37563705 1.2984
18 37565697 0.0107
18 37579633 0.798244168271177
18 37595802 0.469785550958863
18 37601376 0.0681
18 37617879 1.21665058383923
18 37624895 2.21445705655176
18 37633858 2
18 37636298 0.474594911471522
18 37652658 0.743794766426443
18 37659942 0.58434487447157
18 37692527 2.7837
18 37693253 0.363372547171389
18 37697107 0
18 37699959 2
18 37700449 1.8626
18 37701405 2
18 37716089 2
18 37723842 2
18 37748556 1.2267387372164
18 37781788 0.694012877830419
18 37782003 2.49982243546603
18 37782548 0.465760628178681
18 37783143 1.38741854128735
18 37796816 1.60095102184375
18 37833231 2
18 37840627 2
18 37845537 1.47494638838381
18 37852378 1.37212430524488
18 37861839 0.286689930066711
18 37872826 2
18 37880781 2.0382573252389
18 37890627 2.1267
18 37909337 1.16569182604768
18 37922270 2
18 37923487 2
18 37937967 0.881162448966236
18 37944091 1.1645
18 37950616 0.36095332461386
18 37951907 0.679266796090347
18 37954999 1.1645
18 37965139 1.64608034123179
18 37965212 2
18 37976069 1.0254
18 37990850 0.19811999907798
18 37994172 2.06546571372405
18 38004361 0.5889
18 38012568 1.2548
18 38035931 0.0300729710031059
18 38040500 5e-04
18 38051864 0.071
18 38052564 0.5889
18 38060353 0.234956467628701
18 38088625 0.5889
18 38137103 0.370241977713986
18 38137174 0
18 38137614 0.1367
18 38139348 1.04070229116993
18 38146605 0.32142296851578
18 38156970 3.0702
18 38159817 0.9732
18 38166134 0.541429866624541
18 38180872 0.724776184210999
18 38182460 0.524643872471665
18 38215460 2
18 38218118 2
18 38222426 2
18 38228934 1.962
18 38229068 2
18 38241794 2
18 38248778 2
18 38249957 1.1682
18 38262268 0.5125
18 38266024 0.5125
18 38272336 0.5125
18 38283881 0.5125
18 38291405 0.428945796027869
18 38311458 0.0741249334831137
18 38329620 0.4007
18 38333274 2
18 38352207 2
18 38364212 2
18 38368335 0.240083515522819
18 38377467 5e-04
18 38378752 0.8494
18 38382961 2
18 38398552 0.7715
18 38399333 0.7715
18 38402664 0.7715
18 38412019 2
18 38414174 2
18 38419550 0.658277997157801
18 38439188 0.203279177232946
18 38440352 1.27228583291032
18 38440551 2
18 38440706 0.641071799225191
18 38441636 0.608948274529135
18 38451638 2.00764338327254
18 38460714 0.918
18 38461371 0.4444
18 38464183 0.0076
18 38481903 2
18 38511949 1.2513
18 38519937 2
18 38525243 0.1397
18 38529120 0.0453
18 38550455 1.00595310145209
18 38553040 0.793912476806062
18 38563913 2.0887
18 38571989 0.0854
18 38585018 0.0263
18 38610855 0.450239440608849
18 38619433 0
18 38633413 2
18 38643843 2
18 38654240 1.1492
18 38660248 0.510111141911538
18 38664355 1.1351
18 38683340 2
18 38687902 2
18 38705317 0.82
18 38744242 5e-04
18 38751700 0.576056466940867
18 38761355 2
18 38781611 2
18 38786139 0.952044595723106
18 38794547 2
18 38804303 2
18 38816706 0.186445395893151
18 38835799 2
18 38853884 2
18 38863585 2
18 38871279 0
18 38900150 1.12667978521399
18 38900340 1.02403949785109
18 38907410 0.1145
18 38937206 0.644811905967614
18 38945040 0.8467
18 38946863 0.0263
18 38953773 0.8467
18 38960708 0.8467
18 38961109 2
18 38963049 2
18 38975821 0.9307
18 38983529 2
18 38983650 2
18 39009102 1.03373365301505
18 39013631 0
18 39020851 2
18 39037881 2
18 39073074 0.6964
18 39122215 2.1581
18 39122404 1.4167
18 39140316 0.0228
18 39183878 0
18 39191779 1.76408065537961
18 39211419 0.958318466386001
18 39223142 2
18 39256504 5e-04
18 39265077 2
18 39294538 0.0941807090839937
18 39314640 1.28930964171542
18 39324638 0.694532244788974
18 39329299 2
18 39334624 0.0444
18 39335330 2
18 39335618 2
18 39365354 2
18 39365615 0.883513529194504
18 39367741 1.2694
18 39377181 1.14437158149368
18 39403349 2
18 39403518 2
18 39407655 2
18 39408199 2
18 39416271 1.4926
18 39417922 1.2923
18 39431960 2
18 39437628 1.14618975367702
18 39448936 2
18 39456814 2.2458
18 39477198 5e-04
18 39477250 0
18 39486858 0.120920989910883
18 39545639 2
18 39550419 0.7824
18 39564267 2
18 39573410 2
18 39576742 0.9585
18 39589197 2
18 39607665 0.7824
18 39608658 2
18 39616003 2
18 39619603 0.7824
18 39633189 0.7824
18 39641532 0.7824
18 39643541 2e-04
18 39644331 2
18 39647738 0.7824
18 39649204 0.9724
18 39667464 0.7824
18 39697060 2
18 39706837 2
18 39710509 2
18 39710693 2
18 39733807 5e-04
18 39733824 1.1377
18 39738989 5e-04
18 39777826 2
18 39785896 0.7824
18 39788114 2
18 39915264 2
18 39930423 2
18 39942635 2
18 39972051 5e-04
18 40014850 2
18 40020548 2.5935
18 40096449 2
18 40103647 1e-04
18 40109764 0.7081
18 40110198 0.7272
18 40111008 0.7286
18 40111823 0.7081
18 40111824 0.7081
18 40111954 0.7286
18 40113931 2
18 40117970 2
18 40119242 2
18 40122441 2
18 40127337 2
18 40134222 2
18 40162120 0.695615885284546
18 40166545 1.6772
18 40176327 2
18 40185901 0.37392786056669
18 40192873 0.453720818295527
18 40218886 2
18 40253861 0.150246925420729
18 40256792 0.213899655543279
18 40289733 1.2249
18 40294051 1.2307
18 40294666 1.3894
18 40331416 0.9116
18 40362695 0.1124
18 40363525 0.1737
18 40372250 0.4601
18 40374665 0.9067
18 40376751 0.4979
18 40380979 0.5977
18 40383215 0.5385
18 40390173 0.1124
18 40401064 0.5247
18 40403061 0.1124
18 40417229 0
18 40422180 0.789884822694039
18 40427527 0.774454430928816
18 40429443 0.270498770149814
18 40430611 0.980812424467271
18 40437425 0.949854892718697
18 40439532 1.20770385499991
18 40440635 2.18205659777044
18 40449193 0.150423622857551
18 40463460 0.260808945403994
18 40464939 2
18 40465342 0.564535534078976
18 40490263 2
18 40491600 2
18 40501778 2
18 40514762 2
18 40518425 2
18 40519408 2
18 40532259 2.176
18 40533401 2
18 40535412 2
18 40543679 2
18 40546290 2
18 40565298 2
18 40569181 0.9248
18 40571094 2
18 40586094 2
18 40589421 2
18 40600543 0.6966
18 40600724 0.9735
18 40601316 2
18 40605094 2
18 40605392 2
18 40613520 2
18 40619456 2
18 40620706 2
18 40620806 0.6966
18 40629918 2
18 40638335 2
18 40638763 2
18 40656973 3.0702
18 40660350 2
18 40661183 0.0162
18 40662514 2
18 40666000 2
18 40667947 2
18 40668795 2
18 40679930 0.4548
18 40680562 0.7467
18 40681637 0.854
18 40690084 2
18 40693095 2
18 40699707 2
18 40706056 2
18 40708702 0.0323
18 40726003 2
18 40730929 0.9735
18 40730994 2
18 40743725 0.9683906465903
18 40763032 2
18 40788050 0.0360209618449688
18 40813805 2.1381
18 40815933 0.684349241346307
18 40820190 2
18 40842346 0.626199787529519
18 40862253 0.122877422261055
18 40864283 2
18 40867255 2.1381
18 40870233 2
18 40872199 2
18 40872371 0
18 40873782 2
18 40876355 3.10087215777843
18 40884268 0.1284
18 40895135 0.553413591445291
18 40901377 2
18 40931422 1.18308248271194
18 40938679 0
18 40963837 1.17420208449833
18 40968226 0.0907318313604062
18 40968819 1.58317799905514
18 40970415 0.799561051293089
18 40971420 0.2969
18 40984067 0.9785
18 40984132 0.1238
18 40992534 0.1976
18 40993646 0.464
18 41012536 5e-04
18 41015644 1.5288
18 41021890 2
18 41032490 0.6332
18 41043075 1.5377
18 41043401 1.5377
18 41049188 0.6332
18 41049352 0.0564
18 41055897 2
18 41065425 2
18 41134637 2
18 41176658 2
18 41191384 1.0529
18 41198502 1.2808
18 41232594 0.4974
18 41236654 2
18 41259030 0.6988
18 41283566 0.9775
18 41284366 0
18 41290449 2
18 41294406 1.8474
18 41314370 2
18 41320791 0
18 41327547 2
18 41349896 0.3015
18 41351761 1.15434088393508
18 41361883 2
18 41362568 1.06280648016848
18 41371217 2
18 41378518 5e-04
18 41390833 2
18 41408784 0
18 41433688 2
18 41439948 1.2512
18 41484262 2
18 41485255 2.0504
18 41509241 2
18 41516806 1.19449100431126
18 41531892 2
18 41540054 2
18 41550133 2
18 41553112 2.8716
18 41559805 2
18 41570615 2
18 41582173 2
18 41582968 2
18 41583108 2
18 41585622 2
18 41595722 2
18 41597065 2
18 41597222 2
18 41597223 2
18 41597224 2
18 41598878 2
18 41606600 2
18 41608767 2
18 41610221 2
18 41611435 2
18 41624240 1.8804
18 41625348 2
18 41639441 2
18 41725680 2
18 41729316 2
18 41756756 2
18 41797838 2
18 41801172 2
18 41804445 2
18 41816792 2
18 41817482 1.10827450363186
18 41831735 0.999756735531808
18 41841313 2
18 41855832 2
18 41859202 2
18 41864812 0.148414465923076
18 41911885 0.758162576516094
18 41917916 2
18 41918805 0
18 41926289 2
18 41971709 2
18 41986579 2
18 42014163 2
18 42055852 2
18 42062324 2
18 42073259 2
18 42078475 2
18 42089489 2
18 42102069 2
18 42103278 2
18 42104521 2
18 42124238 2
18 42155587 0
18 42176031 2
18 42207155 2
18 42235683 2
18 42239327 2
18 42256091 0.315937649637365
18 42262538 0.5767
18 42273484 0.721278893698956
18 42274991 0.219233813639859
18 42280561 0.916436073197882
18 42283567 0.673803926084902
18 42287939 0.277724080556083
18 42298103 1.48563633987963
18 42327449 2
18 42335562 2
18 42339632 2
18 42349447 2
18 42351256 2
18 42358008 2
18 42360174 2.4916
18 42362632 2
18 42371376 2
18 42384024 2
18 42387055 2
18 42390825 2
18 42402267 2
18 42408402 2
18 42409009 2
18 42412479 2
18 42428992 0.3215
18 42434528 2
18 42449004 1.2365
18 42450753 2
18 42452726 2
18 42455182 2
18 42458910 2
18 42466669 2
18 42468170 2
18 42477357 0
18 42491404 2
18 42493435 2
18 42543760 2.5345
18 42556004 2
18 42560380 2
18 42560439 2
18 42577573 2
18 42595674 2
18 42605155 1.8815
18 42606518 0.293066452321743
18 42608356 0.0787283977002917
18 42608386 5e-04
18 42609155 0.646234363020819
18 42609189 0.0655403126994487
18 42611500 0.388372318796242
18 42630949 0.3542
18 42634426 0.257663879055612
18 42634523 0.3542
18 42639919 0.3542
18 42642346 0.520104358439278
18 42642373 0.467485064568766
18 42656866 0.218003162238866
18 42669984 2
18 42733175 0.649137908468037
18 42749476 1.48806461763602
18 42761532 0.482201952795734
18 42787167 0.191315502442632
18 42789049 0.201777182135184
18 42789730 0.340292936353202
18 42793116 0.355074169293821
18 42793847 0.581357591146587
18 42800778 1.5581
18 42829637 0.8617
18 42831022 0.8617
18 42833260 0.8617
18 42843735 0.907
18 42888869 0.8617
18 42963773 2
18 43026550 0.784
18 43049451 0.0564
18 43060844 0.9217
18 43094576 0.6876
18 43097550 0.6876
18 43123476 0.962934573048669
18 43132495 1.1099762510318
18 43139531 0.296685505681381
18 43139847 1.33186021087416
18 43140381 2
18 43143258 0.174752906299626
18 43150670 2
18 43151892 0.187365683378884
18 43153282 1.378384196989
18 43156198 0.0886929412048871
18 43180825 0.7274
18 43182058 0.7274
18 43185134 1.62865127135606
18 43191385 0.354789547615101
18 43191544 2
18 43200379 1.33706104381847
18 43207281 2
18 43214447 0.8304
18 43224181 1.83936909289821
18 43226812 0.928475386395066
18 43243638 1.4177
18 43258288 2
18 43262640 1.33366386218267
18 43287446 0.307717204442398
18 43298493 2
18 43349091 2
18 43352041 0.388424858215182
18 43355239 2
18 43357518 2
18 43361112 2
18 43369736 1.247
18 43392019 1.7489
18 43397958 0.144599358320453
18 43397982 5e-04
18 43405557 0.0949650926529039
18 43413020 0.0747606287279506
18 43425932 1.4722
18 43432261 0.8791
18 43433309 2
18 43433829 0.8791
18 43445865 1.5544
18 43448108 2
18 43448659 2
18 43449453 2
18 43453272 0.8791
18 43454935 1.5455
18 43472572 2
18 43488388 2
18 43512031 2
18 43516255 2
18 43527559 2
18 43528665 2
18 43529301 2
18 43530711 2
18 43560452 2
18 43589734 2
18 43612248 2
18 43613655 2
18 43614043 0
18 43615239 0.516440155571221
18 43619367 0.197351559925049
18 43619404 2
18 43630279 0.278699052494778
18 43632510 2
18 43643057 1.62168485413217
18 43643699 2
18 43644054 2
18 43666178 2
18 43671619 2
18 43676053 2
18 43676369 1.2177
18 43680615 2
18 43682973 2
18 43683663 2
18 43688672 2
18 43692657 2
18 43693169 2
18 43699226 0.440297347264945
18 43705484 0.2479
18 43705861 1.4542
18 43706309 1.06342952539373
18 43719917 0.0334334438406055
18 43731168 2
18 43734693 1.14297385596679
18 43734905 0.547865311040418
18 43735122 0.430568347154147
18 43740742 0.9525
18 43742617 0.164134446928972
18 43743799 0.062528634610695
18 43746962 1.83652732507698
18 43754496 0.0101368595249432
18 43758079 0.285197952581126
18 43789849 0.188976045248223
18 43793559 2.34059872907535
18 43794681 1.09946542641995
18 43821253 1.27661278814554
18 43835011 2
18 43852062 2
18 43867861 0.3104
18 43868984 2
18 43878362 5e-04
18 43883276 0.93306362805138
18 43902452 0.1861
18 43909347 2
18 43933046 2
18 43934177 0.391737510426515
18 43935960 1.6212
18 43938269 2
18 43941453 2
18 43953569 2
18 43963727 2
18 43964531 2
18 43965440 1.46816068224691
18 43977597 2
18 44022334 5e-04
18 44027606 0.2119
18 44035348 2
18 44052218 2
18 44055508 2
18 44055968 2
18 44056755 1.834
18 44059536 0.1965
18 44064095 2
18 44068283 0.1965
18 44068979 2
18 44070321 2
18 44078764 5e-04
18 44091419 1.8935
18 44099752 2
18 44100804 0.2222
18 44102690 2
18 44126878 1.1983
18 44132262 1.8935
18 44134883 2
18 44146226 2
18 44151734 1.026
18 44153197 2
18 44153906 2
18 44160113 2
18 44168477 0.9566
18 44171324 1.026
18 44194460 1.026
18 44196580 2
18 44196615 2
18 44203265 1.8063
18 44208184 1.8063
18 44209358 2
18 44220672 2
18 44263443 0.1336
18 44300658 0.1268
18 44313403 0.0396
18 44320960 2
18 44329949 2
18 44355976 1.1648
18 44360092 1.1648
18 44411996 0.861
18 44439022 0.861
18 44439339 0.6289
18 44459045 0.717
18 44461149 0.861
18 44461308 0.861
18 44463541 0.861
18 44465555 0.6456
18 44481763 0.756
18 44490834 1.2015
18 44510702 0.112288988555809
18 44539359 0.0405
18 44547009 2
18 44549737 1.846
18 44556949 1.1377
18 44566402 1.1368
18 44596341 2
18 44606687 0.106013806651056
18 44609651 2.9992
18 44617198 0.9894
18 44641733 2
18 44654464 0
18 44659119 2
18 44672443 1.8483
18 44677146 5e-04
18 44688396 1.1516
18 44694448 1.3221
18 44734666 2
18 44742977 2
18 44754200 0.738254885183706
18 44755810 1.7395
18 44758105 1.13194899702936
18 44763571 2
18 44765621 2
18 44779039 0.970078071038407
18 44793826 1.5201
18 44802567 2.2967
18 44819728 1.5201
18 44827750 1.5912
18 44842104 2
18 44860573 1.15072892811669
18 44864573 2.8080585456033
18 44874723 0.030944970224416
18 44878231 2
18 44885019 0.732055194410863
18 44897219 2
18 44902837 0.767651396648251
18 44947654 0.462678602107503
18 44957382 0.374894094087983
18 45005792 0.38299766960798
18 45036978 2
18 45058613 2
18 45075623 0.0821
18 45091671 0.5676
18 45097503 0.4727
18 45109382 0.473833613213973
18 45125869 1.08390168655476
18 45132471 1.11721968984755
18 45133181 1.11865634669012
18 45151345 0.717763020403258
18 45152962 2
18 45153745 2
18 45168400 0.8164
18 45173293 0.8164
18 45185787 0.4705
18 45186757 0.4705
18 45199144 2
18 45222045 2
18 45226679 1.2159
18 45230568 0.9698
18 45234154 0.214231839526875
18 45259082 0.109621705104207
18 45271848 0.109390582631066
18 45281043 0.31275294634218
18 45285670 2
18 45293913 0.545299018639649
18 45294059 0.675714437249744
18 45297183 0.148957467057991
18 45298539 2
18 45337060 1.1948
18 45360729 2
18 45372419 2
18 45378427 2
18 45393957 1.5168
18 45398646 2
18 45420748 0.0107
18 45432379 2
18 45432470 2
18 45444534 0
18 45451640 0.1003
18 45456751 0.1689
18 45461168 2
18 45467750 0.1068
18 45472220 2
18 45476634 2
18 45535434 2
18 45541618 2
18 45580778 2
18 45586117 1.3852
18 45600028 2
18 45614375 2
18 45615838 1.13378245582546
18 45615987 2.3299
18 45660866 2
18 45668979 2
18 45688880 2
18 45705573 0.99217293299673
18 45713541 2
18 45728118 2
18 45731415 0.1016
18 45751318 0.830526176535302
18 45751357 0
18 45756177 2
18 45759105 2
18 45763001 0.449262794548247
18 45778649 2
18 45782448 0.310085152116325
18 45796325 1.67910436580726
18 45843126 2
18 45850001 2
18 45867311 0.5335
18 45921801 0.7784
18 45929079 1.4398
18 45934027 1.4398
18 45937295 1.4398
18 45948283 1.3988
18 45971047 1.4472
18 45977812 2.07843995215545
18 45978197 2
18 45984012 0.8071
18 45984084 0.8071
18 45985548 0.8071
18 45985679 0.8071
18 45988354 0.8071
18 45994015 1.3261
18 45998399 0.8109
18 46006398 2.7106
18 46021239 2.3667
18 46027358 0
18 46027572 2
18 46049215 2
18 46057277 1.4109
18 46078793 0.978520617458087
18 46084835 0.871674345820704
18 46112318 5e-04
18 46112986 2
18 46118873 1.2976
18 46125557 1.3034
18 46127022 1.2976
18 46134418 1.10486566125409
18 46134510 2
18 46143849 0.4758
18 46159764 2
18 46217598 0.7786
18 46230071 2
18 46237789 0.765
18 46252149 0.765
18 46257929 0.209188799303727
18 46300992 2
18 46304408 2
18 46308184 2
18 46310466 2
18 46316877 2
18 46331658 2
18 46348821 2.20274151068028
18 46355251 2
18 46396284 1.01709623642439
18 46406242 2
18 46411566 2
18 46415117 2
18 46419942 0.760759391210211
18 46469945 0.463508260269357
18 46479788 0.961349134897761
18 46486865 2
18 46499230 0.838447758558779
18 46502357 0.785380823933016
18 46506378 0.51346238599274
18 46513713 2
18 46526021 0.941813113567797
18 46532397 2
18 46543246 1.59477962101787
18 46545164 0.9628
18 46598663 0.5836
18 46635510 0.6001
18 46644828 0.6472
18 46669479 5e-04
18 46669652 0.6576
18 46685883 1.6521
18 46688416 2
18 46694140 0.276791848379059
18 46709523 1.0614
18 46714759 0.942487985885019
18 46725540 2
18 46728979 2.184
18 46749482 2
18 46752948 2
18 46771683 2
18 46772295 2
18 46773956 2
18 46775936 2
18 46782258 1.3689
18 46786884 1.3689
18 46808141 1.5289
18 46840034 2
18 46842370 2
18 46856555 1.5289
18 46865579 1.5378
18 46866908 1.5289
18 46868732 1.3689
18 46879385 0
18 46883116 2
18 46885456 2
18 46897913 1.3689
18 46912610 1.3689
18 46922213 1.93832494228367
18 46925622 1.5289
18 46926445 2
18 46928708 8e-04
18 46942074 2
18 46947434 2
18 46947932 2
18 46957554 0.8904
18 46961800 0.917389556133745
18 47040619 2
18 47049869 2.05519583434415
18 47052181 0.819823054521042
18 47062177 0.506392003385374
18 47071960 0.3334
18 47076445 2
18 47087351 0.0443
18 47090123 2
18 47095411 0.636238322936422
18 47117756 2
18 47119239 2
18 47119766 1.8882
18 47174488 2
18 47176347 2
18 47193870 1.1657
18 47202373 1.1657
18 47204452 1.1657
18 47206018 2
18 47245997 2
18 47258329 2
18 47260498 2
18 47261127 2
18 47275028 2
18 47295282 2
18 47302886 1.7757
18 47307127 2
18 47335799 0.6536
18 47341954 2
18 47349719 2
18 47365332 2
18 47369949 0.6536
18 47385542 0.0273
18 47386219 2
18 47388112 2
18 47390613 0.129325771726063
18 47401609 2
18 47404561 1.2507
18 47412911 1.2507
18 47420375 0.0561
18 47484880 1.12065510384791
18 47507724 0.563600174029805
18 47507731 1.97901618331729
18 47526084 0.7735
18 47526809 4e-04
18 47536426 0.7081
18 47541524 0.0053
18 47555731 1.0084
18 47570886 2
18 47579911 0.0078
18 47605710 2
18 47610181 2
18 47610319 0.161879821466935
18 47618532 0.6609
18 47623230 2
18 47628962 0.6609
18 47639577 2
18 47667276 2.1722
18 47681980 0.1255
18 47691116 0.0689
18 47730686 0.82
18 47731382 1.46204009116615
18 47735711 0
18 47762992 0.798246141268572
18 47806835 0.460204497153983
18 47817081 0.044162070429237
18 47839025 1.4785
18 47843964 1.4785
18 47853566 2
18 47859656 2
18 47871252 1.02905032969699
18 47890190 1.662
18 47890513 0.235589090101256
18 47895528 0.749537307605567
18 47914673 1.23719365373166
18 47919636 0.197937585720059
18 47932392 2
18 47937937 0.107217207687888
18 47940256 0.395890041307678
18 47946312 0.5031
18 47955117 1.74892496434968
18 47958569 2
18 47965310 2
18 47971107 2
18 47979470 2
18 47982436 2
18 47982743 1e-04
18 47986507 2
18 47990616 2
18 47993117 2
18 48024009 1.9413535488559
18 48032275 2.5881
18 48036727 0.552415332117321
18 48088014 2
18 48096545 1.5343
18 48099384 0.772304838662214
18 48128346 2
18 48130435 1.0401
18 48141152 0.5435
18 48147430 0.119539980663071
18 48149948 0.673237895083241
18 48179765 2
18 48187968 2
18 48194710 0.114815576102471
18 48195484 0.702437871079999
18 48201519 2
18 48209886 0.199964577158797
18 48247222 1.2269
18 48248810 2
18 48259835 2
18 48268751 5e-04
18 48273413 2
18 48281490 0.369579083402066
18 48293979 0.7187
18 48293980 0.332051713393318
18 48295797 0.7187
18 48305443 0.584
18 48306153 0.584
18 48306658 0.584
18 48342940 2
18 48347223 2
18 48377325 2
18 48386841 2
18 48389738 0.6579
18 48390842 0.094231583345014
18 48406010 0.9217
18 48410851 0.7089
18 48414997 0.121817364803226
18 48445557 0
18 48457637 0.00923520527930982
18 48460278 0.0939373299406842
18 48472148 0.180384674736813
18 48473972 0.362224682947225
18 48504376 0.341185650528113
18 48511927 0
18 48511971 3e-04
18 48514951 2.7099
18 48536864 0.350935527444734
18 48549725 3.03528744505726
18 48559459 1.89688236428951
18 48582703 1.15094631118993
18 48625075 0.930865577122969
18 48626595 1.2227
18 48629752 1.0964
18 48632214 2
18 48637646 2
18 48644508 2
18 48664907 2
18 48681288 2
18 48738598 2
18 48743820 0
18 48753033 0.8066
18 48757595 2
18 48786185 2
18 48788013 1.21132132488443
18 48796052 0.6071
18 48807550 2
18 48811490 2
18 48817435 1.2455
18 48819737 1.18797093439679
18 48820844 2
18 48849256 2
18 48849637 1.06754108669488
18 48858920 2
18 48889086 0.467461264709772
18 48915846 1.7489
18 48922449 2
18 48932953 2
18 48934015 2
18 48951151 2
18 48959785 2
18 48960500 2.0005
18 48967596 2
18 48973531 0.463720505217633
18 48981398 1.6764
18 48981939 2
18 48995972 2
18 49002912 0.988634701729166
18 49010620 3.1145
18 49010642 2
18 49030102 1.6897
18 49037058 2
18 49041111 2
18 49061284 0.0636
18 49070437 1.3977
18 49085086 1.9872
18 49105276 0.1024
18 49144371 0.1021
18 49146033 0.0959
18 49150831 0.9761
18 49153986 2
18 49189715 2
18 49192211 2.0433
18 49202892 2
18 49203238 2
18 49208487 2
18 49213733 2
18 49221396 5e-04
18 49221986 2
18 49273010 1.3811
18 49286058 1.3902
18 49290207 0.965141912476314
18 49295276 2
18 49298147 2
18 49300166 1.3936
18 49301810 1.3936
18 49316079 2
18 49317606 2e-04
18 49327971 0.580361646536949
18 49343863 0.570682309461174
18 49347411 2
18 49350091 0.176137675584856
18 49350379 2
18 49370193 1.3936
18 49390159 1.3936
18 49390353 1.3936
18 49404641 2
18 49415378 1.3871
18 49425023 1.3936
18 49428635 1.3871
18 49441548 1.3936
18 49448456 2
18 49458817 2
18 49462996 2
18 49469104 1.7662
18 49474551 0.106556936960807
18 49476770 0.329983423274947
18 49485371 1.7662
18 49487209 1.9106
18 49495786 0.570312151687863
18 49499180 1.8022
18 49506824 1.36379901445018
18 49508685 0.0864
18 49515273 1.16038149710659
18 49517262 0.170331883822078
18 49517846 0.993031929071374
18 49527703 0.507339403298974
18 49548938 0.988960543981241
18 49570612 0.5014
18 49574670 2
18 49591004 0.5447
18 49596484 2
18 49601955 0.433539502737903
18 49605346 0.713160158815379
18 49615803 0.880035657326895
18 49617609 0.0745253862792845
18 49626074 0.7974
18 49630558 0.0274
18 49634164 0.5006
18 49638723 2
18 49647950 0.5251
18 49654864 0.5251
18 49655298 0.588387439877049
18 49677585 2
18 49703347 0.03122808906859
18 49723650 0.867115972761937
18 49723795 0.7851
18 49733234 2
18 49746873 2
18 49749460 2
18 49749696 2
18 49749704 2
18 49753715 0.3496
18 49754354 2
18 49754570 2
18 49754702 2
18 49757792 2
18 49760985 0.586833562800116
18 49761297 2.11711627917626
18 49764916 0.1911
18 49767368 0.1945
18 49781780 2
18 49822032 0.2574
18 49824857 2
18 49834784 2
18 49836038 0.2574
18 49847096 0.1666
18 49873958 0.8663
18 49878426 5e-04
18 49883204 2
18 49883437 2
18 49887607 2
18 49889913 2
18 49890043 2
18 49891331 2
18 49922214 2
18 49941776 2
18 49942081 2
18 49942457 2
18 49946178 0.2497
18 49952734 0.2497
18 49953984 0.7837
18 49954617 2
18 49963219 2
18 49963227 2.1122
18 49963418 1.17361225390942
18 49974779 0.157235136265365
18 50036094 0.500380396937168
18 50038723 0.605554023845698
18 50043282 5e-04
18 50043286 1e-04
18 50043295 0.2634
18 50049727 1.76882091557145
18 50050947 0.157124826387378
18 50064998 2
18 50072202 1.84629249222543
18 50086393 0.159801642665062
18 50093659 2
18 50093768 2
18 50094746 2
18 50104177 2
18 50114802 0.329049066464994
18 50118171 0.857726346148028
18 50120077 0.1215
18 50120460 0.1215
18 50121090 0.1215
18 50136124 2
18 50138023 1.34986328042802
18 50160847 0.789071814648254
18 50175049 2.04571337928975
18 50181562 1.54905048388147
18 50183339 0.0666649130647921
18 50207629 2
18 50220893 2
18 50222085 0.2176
18 50235549 2
18 50243693 0.231236445674269
18 50257008 1.64524029570565
18 50261032 0.120047378275742
18 50279049 0.539555022235576
18 50283881 2
18 50320483 3.0002
18 50324133 0.4425
18 50324780 2
18 50325064 2
18 50329847 0.0855
18 50342604 0.0347
18 50343739 0.0347
18 50359323 0.3227
18 50359767 0.0347
18 50370566 0.0347
18 50371903 0.4259
18 50383283 0.2276
18 50384871 2
18 50391732 0.0855
18 50397901 0.0855
18 50405182 0.4449
18 50405292 0.2332
18 50406723 0.4449
18 50406836 0.4449
18 50407897 0.5075
18 50418162 0.5075
18 50418240 0.5075
18 50445854 0.1112
18 50451958 0.1112
18 50478079 1.6939
18 50481505 1.167
18 50492583 0.3255
18 50502917 0.2199
18 50507203 1.167
18 50533834 0.4547
18 50552727 0.1204
18 50556050 0.1204
18 50567972 1.46727954453753
18 50567992 1.5837
18 50568984 0.226
18 50578276 0.0831852316138766
18 50586350 0.226
18 50589873 0.226
18 50600135 0.226
18 50621506 2
18 50621652 2
18 50628797 0.769397085373619
18 50669188 0.87780533467114
18 50675093 0.406628730002608
18 50692453 0.467277907307142
18 50693150 1.21943127212807
18 50697417 1.89288359283784
18 50702013 1.20940829839755
18 50741958 0.0287627822879266
18 50744133 0.432655107154529
18 50761448 2
18 50762697 5e-04
18 50764256 0.21526363808908
18 50778590 2
18 50784103 0.834430847317967
18 50791750 2
18 50802712 0.591164760434015
18 50809868 0.652833054464268
18 50822303 2
18 50822821 0.8866
18 50823246 2
18 50833552 0.654569317399057
18 50855454 2
18 50857511 0.0236
18 50861011 1.6517
18 50866180 2
18 50867546 2
18 50903234 2
18 50930080 1.4654
18 50950497 5e-04
18 50977537 2
18 50994175 2
18 50998325 2
18 51026083 2
18 51026855 2
18 51038251 0.5831
18 51055548 2
18 51055609 1.7634
18 51073394 0.4675969321065
18 51121503 2
18 51131233 0.734073848822224
18 51135979 2
18 51217586 0.1975
18 51221355 0.1799
18 51253397 0.1744
18 51255139 0.20959190481178
18 51265749 0.3769
18 51273621 2
18 51280245 0.869
18 51288910 2
18 51291404 1e-04
18 51296920 2
18 51304166 2
18 51309280 2
18 51320264 2
18 51327982 5e-04
18 51345105 2
18 51369181 2
18 51383200 0.0701
18 51401652 0.1769
18 51409262 0.1769
18 51414578 0.1769
18 51415999 0.2418
18 51419862 0.258
18 51428385 0.0604
18 51441330 0.4323
18 51445263 0.4323
18 51459423 0.3538
18 51462392 0.2049
18 51487361 0.9935
18 51494203 0.8233
18 51494333 0.7353
18 51516018 1.7134
18 51531235 0.000611105689110714
18 51534957 0.527431348052455
18 51537247 0.360216769469813
18 51593857 1.34415350714149
18 51595926 1.97415906494956
18 51621046 0.9879
18 51640268 0.5127
18 51690005 2.9972
18 51693509 0.3472
18 51693788 0.3472
18 51696251 0.3472
18 51699571 0.8285
18 51700701 0.8285
18 51703226 0.9235
18 51710035 0.9235
18 51710780 0.328229711753483
18 51712839 0.9235
18 51719133 0.9235
18 51719706 0.7865
18 51724514 0.440962555712303
18 51739700 0.9235
18 51746187 1.31350459168019
18 51749647 0.3862
18 51750024 2
18 51771847 0.9755
18 51812076 2.2832
18 51918485 2.42787226226555
18 51925621 2
18 51940023 0.5212
18 51953900 2
18 51996898 2
18 52015889 0.6873
18 52026228 0.718620267241809
18 52051184 2.4422
18 52058374 2.4474
18 52058549 2.1166
18 52070603 1.73197956154577
18 52085877 0.0107
18 52086993 0.018773854640555
18 52093943 1.49403262037206
18 52095964 0.338277316143838
18 52099133 0.300878709155637
18 52099444 0.381316767898641
18 52104648 0.0600849145067343
18 52133443 1.61614985759299
18 52138090 0.0381790002282823
18 52151378 2.4027
18 52161166 0.0053
18 52168150 0.6224
18 52173735 1e-04
18 52192717 0.152223845923014
18 52197049 0.7044
18 52206975 0.7044
18 52220230 0.505068697734333
18 52226062 1.93744825644259
18 52228725 2e-04
18 52257183 2
18 52282735 0.452413358824636
18 52284111 1.0537675017852
18 52284376 1e-04
18 52298031 0
18 52302620 0
18 52322156 2
18 52333593 0.0883
18 52342468 2
18 52349864 0.981
18 52351432 2
18 52353751 2
18 52377923 2.13
18 52378464 5e-04
18 52378983 0.5837
18 52390643 1.1209
18 52392155 1.0789
18 52393914 0.1139
18 52400943 1.0789
18 52403951 0.1205
18 52409437 0.8506
18 52412011 0.237745996773467
18 52441441 1.57218785976617
18 52467112 0.279429045515179
18 52479588 2.38395633254555
18 52504750 0.8639
18 52512884 1.6219
18 52516638 0.593407886091284
18 52530526 0.218738491349572
18 52535070 1.6219
18 52541890 1.0866981646656
18 52557559 1.6939
18 52567080 0.218732411694
18 52567932 0
18 52574815 0.6299
18 52576161 1.3876
18 52601257 1.1267
18 52603885 0.346446933218697
18 52607764 0.0162
18 52609658 1.34015918190213
18 52611134 1.04499843402585
18 52614050 1.0548
18 52619343 0.267886790235845
18 52622417 0.274315859913476
18 52631252 1.1662
18 52638464 1.311
18 52642651 2
18 52645732 1.311
18 52651776 2
18 52653654 2
18 52659087 0.278613344728965
18 52667191 1.53588082382458
18 52680857 2
18 52684386 0.0078
18 52686279 1.34818595764729
18 52690002 2
18 52716031 1.19629469636624
18 52718930 2
18 52723203 0.112580968399927
18 52733985 2
18 52743129 2
18 52757768 1.1209
18 52758677 1.1209
18 52759706 2.0616
18 52765491 2.0887
18 52801351 0.0509660360592286
18 52809480 5e-04
18 52823808 0.84493450710739
18 52828568 0.326178821964222
18 52833979 1.0542
18 52838082 2
18 52841330 2
18 52842427 2
18 52851981 2
18 52859844 2
18 52862669 2
18 52878313 1.5945
18 52881037 0
18 52889832 2
18 52893907 2
18 52897864 2
18 52897993 2
18 52911329 2
18 52912219 0.0285
18 52918858 2
18 52925130 2
18 52927769 2
18 52929187 2
18 52932128 1.6724
18 52935225 1.6247
18 52950962 0.0263
18 52951179 2
18 52963307 2
18 52974517 2
18 52974671 2
18 52978296 2
18 52995196 2
18 53000410 1.9705
18 53002755 1.1559
18 53023401 0
18 53023412 0.956658556903851
18 53026595 2
18 53048249 0.4454
18 53078990 2
18 53085991 0.740456956423551
18 53086006 2.3981
18 53092977 2
18 53095371 2
18 53096025 2
18 53103037 2
18 53123980 2
18 53130914 2
18 53137930 2
18 53146719 2
18 53154154 2
18 53162397 2
18 53162600 2
18 53167590 2
18 53171856 2
18 53177193 2
18 53192510 2
18 53195342 2
18 53204233 2
18 53213750 2
18 53223565 2
18 53227239 2
18 53236679 2
18 53256479 2
18 53282489 0.0854
18 53312214 2
18 53314827 2.1167
18 53315489 2
18 53337438 2
18 53345497 0
18 53351350 0
18 53351416 0
18 53351424 3e-04
18 53355310 0.702
18 53370669 2
18 53371847 2
18 53376377 2
18 53379892 2
18 53380455 2
18 53380919 2
18 53382952 2
18 53384973 2
18 53398284 2
18 53402728 2
18 53404576 2
18 53407594 2
18 53410231 2
18 53420269 2
18 53424225 2
18 53427572 2
18 53429779 2
18 53433852 2
18 53445845 1.1559
18 53451428 2
18 53459840 2
18 53462471 2
18 53474759 0.736217877108499
18 53483811 2
18 53513732 0.0621
18 53527260 0.1241
18 53539169 2.3114
18 53552065 1.2859
18 53570056 2
18 53591465 0.320044474306249
18 53620582 2.20736452550141
18 53624800 0.64178623180258
18 53626868 0.6582
18 53648055 2
18 53672032 0.2969
18 53678688 0.506992818078387
18 53683007 0.658
18 53683341 0.6766
18 53684381 0.508602475420943
18 53686666 1.01064730013449
18 53691236 0.140245252796675
18 53691937 1.92727794896004
18 53693779 1.37447463235048
18 53708535 0.282057374617247
18 53712432 0.161740275012876
18 53722644 0.213922003175635
18 53727268 1.9629
18 53727598 0.2897
18 53731187 0.919883091645011
18 53734957 0.2897
18 53743302 0.61893721977916
18 53743414 1.1859
18 53759129 0.285221777256393
18 53810216 0.977553757661198
18 53818958 0.4398
18 53828602 0.4744
18 53829995 0.4626
18 53830649 0.6641
18 53832816 0.0800986151011572
18 53842108 0.4987
18 53846425 1.527
18 53848065 0.4744
18 53853601 0.1263
18 53863594 0.0077
18 53863663 0.906747148424431
18 53864882 0.7537
18 53870670 0.1263
18 53873871 1.5358
18 53885984 1.88556269055933
18 53887027 0.849732675294065
18 53887363 0
18 53901282 0.976866616812886
18 53901595 1.1675
18 53909651 1.1675
18 53918965 0.238697112974573
18 53919575 0.408055961930528
18 53920828 0.176255645396306
18 53922441 1.5358
18 53923196 1.5358
18 53932166 1.4082
18 53935277 0.6373
18 53939618 0.6373
18 53940170 1.026
18 53953969 1.9106
18 53953974 0.6373
18 53954808 0.6373
18 53959113 1.0024
18 53962233 0.6373
18 53964571 0.6373
18 53964581 0.53633850615021
18 53965371 0.6373
18 53965402 1.9275
18 53968121 0.6373
18 53976778 0.6373
18 53978904 0.6373
18 53983267 0.6373
18 53986594 0.6373
18 53987455 0.6373
18 53989823 1.54295715204735
18 53992661 0.6373
18 53996258 1.31673871453346
18 54003871 1.1633428662127
18 54019328 1.87971764547683
18 54019362 1.55765206362628
18 54022472 2.49393185121406
18 54022803 0.219489764871535
18 54023590 2.30373762243615
18 54030027 0.770163538745271
18 54032127 0.80732150584963
18 54034453 0.946200359470462
18 54058899 1.5937
18 54059616 1.20282737689365
18 54070106 1.4513
18 54118670 0.536200445286951
18 54124886 1.4698
18 54129669 1.31234947343835
18 54134538 1.14369572959865
18 54134714 1.4698
18 54147517 0.571852922445589
18 54148240 0.12351147514565
18 54160975 0.750460118391401
18 54166542 1.48711235382292
18 54175073 0.337942767499972
18 54177827 0.238603262239596
18 54179330 0.46452340464164
18 54232209 1.98632881779578
18 54239396 0.50552377349859
18 54241615 1.1997
18 54242286 1.16483034172109
18 54242510 0.735387218915301
18 54244236 0.15334435025984
18 54247680 0.0263
18 54261622 2
18 54263026 2
18 54288913 2
18 54297553 2
18 54298304 0.7105
18 54303345 2
18 54308593 2
18 54346046 2
18 54347599 2
18 54366605 2
18 54371683 2
18 54375421 2
18 54375495 0.9067
18 54383399 2
18 54385450 2
18 54388911 2
18 54394432 1.64212137861071
18 54403956 2
18 54404791 2
18 54407137 2
18 54417444 0.9371
18 54433587 0.0571
18 54441000 0.74778953818818
18 54441835 0.3063
18 54442818 0.3063
18 54492155 0.2908
18 54492283 0.2813
18 54502955 0.301
18 54511332 0.0693
18 54542404 2
18 54552783 2
18 54554270 2
18 54555577 2
18 54574203 2
18 54619319 2
18 54620423 6e-04
18 54624426 0.686514732777189
18 54629128 2
18 54633939 2
18 54639549 1.054
18 54640054 0.26519554856925
18 54643693 0.277331788601376
18 54644433 0.461845229646452
18 54666401 1.52132149090984
18 54670023 0.928911225907279
18 54684175 0.919976001345557
18 54684234 0.155122369075192
18 54693255 0.858478194802814
18 54696578 0.156641420463598
18 54697230 2
18 54697946 1.44568697568241
18 54710677 0.9142
18 54712901 0.8944
18 54724157 0.9142
18 54736225 1.1451
18 54763159 0.324517985646866
18 54764092 2
18 54769364 0.652199064295381
18 54782350 1.30496441690721
18 54804869 8e-04
18 54804892 1e-04
18 54806939 0.783489123086603
18 54809238 0.78944390572564
18 54852918 0.1742
18 54857803 2
18 54859839 0.4316151941524
18 54860234 0.9373
18 54865403 2
18 54883387 0.3537
18 54903146 2
18 54922806 2
18 54923730 0.160813576861277
18 54932344 0.2905
18 54932405 0.0708141114170861
18 54932428 0.778779113592743
18 54933067 2
18 54937491 1.39422315627931
18 54943144 0.909001620276443
18 54979545 2
18 54989079 2
18 54993633 1.65116413290295
18 54996666 2
18 54998446 2
18 55003154 2
18 55008124 0.826735537954462
18 55020002 2
18 55021988 2
18 55024882 0.7741
18 55028614 0.42881432214419
18 55046739 5e-04
18 55081678 2
18 55084786 0.34
18 55087688 1.63616034080537
18 55100746 0.23013154817586
18 55100883 0.1363
18 55106319 1.8642
18 55109928 1.8642
18 55129754 0.9314
18 55154149 0.1363
18 55155803 0.9314
18 55164235 2
18 55168603 1.3819
18 55179990 1.3819
18 55180464 2
18 55190501 1.98397245290141
18 55198206 1.3473
18 55198258 1.3473
18 55206608 0.0703
18 55207214 0.4594
18 55211301 0.4594
18 55215772 0.9745
18 55217994 1.7638
18 55231643 0.8643
18 55237790 1.953
18 55238742 0.9772
18 55244248 1.953
18 55272009 1.5668
18 55294383 1.5668
18 55306161 0.0263
18 55309403 1.9195
18 55357848 1.8878
18 55392517 0.4569
18 55413160 0.4569
18 55449206 0.0263
18 55474728 1.5483
18 55483919 1.7685
18 55493112 2
18 55493559 1.7685
18 55505447 5e-04
18 55530562 1e-04
18 55539976 2
18 55609358 2
18 55617293 2
18 55635614 0
18 55652249 0.225852437817005
18 55654092 2
18 55658629 1.82055756220605
18 55717465 2
18 55751320 2
18 55753171 2
18 55758303 0.7853
18 55760250 2
18 55772944 0.220787094593689
18 55791677 0.1138
18 55801295 2
18 55801793 2
18 55820231 0.5854
18 55820389 2
18 55847314 0.0310753935476392
18 55855487 2
18 55865958 1.5245
18 55880423 2
18 55911645 2
18 55915530 0.4256
18 55930524 0.776
18 55939924 0.776
18 55962040 2
18 55963811 2
18 55967682 1.93649651601579
18 55978779 1.2994225855636
18 56009863 2
18 56013287 2
18 56033068 0.5241
18 56040338 1.4572
18 56046106 0.434371358947776
18 56053251 0.7777
18 56066714 0
18 56075451 1.0328
18 56081409 0.8425
18 56122592 0.6506
18 56130039 0.515498779469545
18 56145005 2
18 56164853 0.2661
18 56167679 2
18 56174958 0.1261
18 56181879 0.160543111892116
18 56225826 2
18 56263218 0.2118
18 56263975 0.2641
18 56268069 0.833957932755542
18 56295373 2
18 56296909 2
18 56298568 0.920849178176979
18 56344645 2
18 56345674 2.7839
18 56346711 2
18 56365645 2
18 56402774 0.5917
18 56440383 1.22175071849667
18 56482505 0.5679
18 56489013 0.5679
18 56491353 0.370727269220074
18 56493418 0.4755
18 56502890 0.4755
18 56509802 0.6159
18 56529076 2.17102886141917
18 56542775 2.1903
18 56585395 0.1395
18 56649482 0.0804
18 56660868 2.446
18 56664545 0
18 56678646 2
18 56764231 1.8942
18 56821649 0.56991255246911
18 56855234 1.06476840460379
18 56889978 0.699181588297861
18 56909914 0.139115528043894
18 56913115 1.12902488975143
18 56920090 0.0161070398805093
18 56962789 0
18 56971398 0.132944969825337
18 56986708 2.81306897031339
18 57012460 2.10922500974262
18 57019385 0.0290340146948819
18 57033685 0.4182
18 57056519 0.359053244890345
18 57068717 1.2126
18 57069753 2.0262902084807
18 57073872 0.228223957385041
18 57081124 2
18 57086834 0.296882356144296
18 57094793 0.8694
18 57105006 0.917557607187087
18 57116190 2
18 57117124 2
18 57129084 1.55072449149715
18 57132209 0.435021990172902
18 57133419 1.05812935597634
18 57139965 1.3428
18 57143434 2
18 57143924 2
18 57145309 2
18 57146128 2
18 57146319 2
18 57154670 2
18 57174019 2
18 57189105 0.97
18 57205107 2
18 57210260 2
18 57239888 0.6207
18 57245615 0.506
18 57260413 2
18 57260668 2
18 57266331 2
18 57268467 2
18 57283524 2
18 57283539 0.6795
18 57287358 2.8716
18 57289468 2
18 57290500 2
18 57294774 0.886464920617023
18 57297781 0.3579
18 57308767 0.735852649017245
18 57331636 1.84248991848973
18 57346635 0.797820335928341
18 57347226 0.220393896945364
18 57354494 2
18 57389683 1.37375594947145
18 57397308 0
18 57485463 2
18 57495371 2
18 57497746 0.957311533776409
18 57499138 2
18 57509248 2
18 57525679 1.21447228278282
18 57539977 0.2316
18 57548266 2
18 57559022 1.55044239453706
18 57559151 0.645828292825516
18 57562663 1.21299455121216
18 57565061 1.04214927445407
18 57569568 1.20383425042364
18 57581658 2
18 57583919 0.219161043364575
18 57598624 1.8474
18 57601634 2
18 57622860 1.1793
18 57633983 2
18 57636919 2
18 57637228 1.14170063569798
18 57639613 2.1424
18 57642828 0.9258
18 57647234 2
18 57658849 1.524
18 57668008 0.323846460057336
18 57669642 0.6728
18 57669654 0.2066989193482
18 57672923 1e-04
18 57672974 1.89432406949506
18 57680615 0.0126934872852659
18 57683456 0.276850365782995
18 57696111 0
18 57708421 2.0609361077184
18 57713184 1.59909347839331
18 57713208 0.0382265658204289
18 57732036 0.0647141378628995
18 57732173 0.496252535649144
18 57747077 0.255352831945558
18 57751573 0.345284077517389
18 57753320 1.22719446755852
18 57755385 2
18 57756214 5e-04
18 57756244 4e-04
18 57760921 0.619064713484931
18 57771492 2
18 57772746 2
18 57795237 2
18 57795795 0.374630748888203
18 57804747 0.849883623151561
18 57804776 0.0173286076715764
18 57824996 2
18 57833265 2
18 57833396 2
18 57850212 2
18 57852346 2
18 57857312 4e-04
18 57858451 2
18 57862601 2
18 57862838 2
18 57866125 2
18 57868931 2
18 57869789 0.9182
18 57875315 2
18 57877586 0.3878
18 57891000 0.3878
18 57898781 2
18 57899095 2
18 57900390 0.603663603695983
18 57906536 2
18 57913340 2
18 57922296 2
18 57931503 0.4253
18 57931777 2
18 57939821 2
18 57945495 2
18 57953341 2
18 57953686 2
18 57970880 2
18 57972083 2
18 57978115 2
18 57982830 2
18 57986410 2
18 57987244 0.652
18 57988874 2
18 57998914 2
18 58000164 2
18 58002812 2
18 58003504 2
18 58005345 5e-04
18 58019498 2
18 58039655 2
18 58050311 2
18 58051580 2.3667
18 58052834 2
18 58053683 2
18 58056448 2
18 58059349 2
18 58083965 2
18 58100533 0.7154
18 58104567 1.34271368901364
18 58107843 0.404830099534655
18 58139097 0.0939
18 58141460 0.454521569298833
18 58142195 0.657498014558028
18 58144561 0.5489
18 58153233 2
18 58174365 0.1166
18 58194648 0.4567
18 58242554 0.9626
18 58243291 0.375
18 58287989 0.38327556610267
18 58317248 2
18 58373417 2
18 58418591 1.18119216900279
18 58418685 0.1601
18 58442926 0.1819
18 58455275 0.1819
18 58462572 0.1819
18 58465162 5e-04
18 58469248 0.386667964689269
18 58471387 0.1454
18 58471816 0.1454
18 58473786 0.1454
18 58474961 0.1454
18 58475548 0.1454
18 58481564 0.2629
18 58482661 2.16347768730221
18 58484194 1.30452512111719
18 58485895 2
18 58494019 1.044
18 58502176 5e-04
18 58504835 0.837313598790297
18 58512498 2
18 58519586 2
18 58557700 0.256414404141045
18 58571443 1.897
18 58574022 0.1668
18 58582961 0.774
18 58583773 0.0337
18 58607282 0.124773447240693
18 58614128 0.417
18 58623745 0.7031
18 58631846 0.722941961518638
18 58663116 0.5095
18 58684469 1.542
18 58689464 1.5336
18 58691609 0.971687476037424
18 58694545 0.386807104093268
18 58698925 0.768942683648123
18 58716960 0.118061265253127
18 58721336 1.542
18 58748794 1.39750554962508
18 58752547 1.6005
18 58754690 1.542
18 58754870 1.4516
18 58768475 0.490656824450845
18 58777589 0
18 58799437 1.1782677870824
18 58816975 2
18 58834554 0.362
18 58872856 0.576433304966763
18 58873251 0.628077092907643
18 58878889 1.59262587599271
18 58879814 1.83475431793549
18 58889390 1.37320729338504
18 58891563 1.43237128264386
18 58897691 0.3492
18 58935162 5e-04
18 58943953 0.566
18 58955486 0.5833
18 58978817 0.5832
18 58983623 2
18 58987172 1.02067144978568
18 58992472 0.3867
18 58993640 0.814137093014704
18 59001278 2
18 59003005 1.42964276698499
18 59032004 0.375070328703937
18 59036426 0.98871931041404
18 59037496 1.42237303543162
18 59038116 0.819994927312941
18 59052668 0.6274
18 59063446 0.836475348783329
18 59067509 0.470115104902734
18 59070555 0.685674547226111
18 59082368 1.24820093988558
18 59089445 0.230952209281189
18 59100236 1.8944
18 59103114 1.9096
18 59108680 2
18 59137261 0.0315
18 59144416 0.565275956810237
18 59162754 0.433861067326592
18 59165543 0.0905053785345341
18 59192216 0.1487
18 59205167 2
18 59208716 2
18 59214996 2
18 59235349 0.314318429853379
18 59237845 2
18 59247638 0.6671
18 59253767 0.6671
18 59254466 0.6671
18 59254757 0.6671
18 59256357 2
18 59256439 0.6671
18 59257632 0.6671
18 59258709 0.6671
18 59258864 0.298988447252279
18 59259516 0.6671
18 59263197 1.6204
18 59264429 2
18 59270257 0.6671
18 59284178 2
18 59286583 0.067
18 59287067 2
18 59297122 0.417466508264963
18 59304166 0.386477160891451
18 59312573 2
18 59318497 2
18 59332245 0.9258
18 59336657 2
18 59338423 0.8974
18 59347115 0.531891311735824
18 59361851 2
18 59368461 2
18 59369244 2
18 59369495 2
18 59371225 2
18 59372238 2
18 59375164 0.184651396027734
18 59381638 1.082775974688
18 59395126 2
18 59411179 2
18 59411764 2
18 59416659 2
18 59432433 1.2395
18 59443185 2
18 59453707 0.0380429306903914
18 59457044 2
18 59470839 1.7505
18 59481585 0.127230591912309
18 59486766 0.876305848537347
18 59487740 0.4268
18 59488190 1.0148
18 59489235 2
18 59493155 2
18 59494906 2
18 59495985 2
18 59502018 0.662602176267362
18 59504118 2
18 59513340 2
18 59515960 1.0601
18 59518070 0.4284
18 59519354 0.63467065815142
18 59519573 0.9293
18 59522712 0.4703
18 59522991 2
18 59526459 0.4149
18 59526805 0.953711849456072
18 59529294 0.0279890657946363
18 59537456 0.908098307869528
18 59541594 1.90124491833421
18 59545334 2
18 59546533 0.6837
18 59549458 0.4135
18 59553636 0.3474
18 59558832 0.3673
18 59561218 1.14505827194149
18 59562482 0.308302378617122
18 59569635 2.9968
18 59573303 2
18 59595701 2
18 59611491 0.3258
18 59614051 0.3206
18 59620062 0.2421
18 59627890 0.607032146872833
18 59638074 0.0379
18 59641551 1.78188700612465
18 59642236 0.0284
18 59656511 5e-04
18 59670312 0.4253
18 59683697 0.2742
18 59691492 1.04237722648042
18 59694602 0.698426238475013
18 59696219 0.2892
18 59724902 0.567364615433878
18 59727162 2
18 59727403 2
18 59737747 0.554044908016321
18 59752856 0.0683393529698583
18 59761985 2
18 59771822 0.3488
18 59777465 0.304
18 59785090 0.0201168328256219
18 59785691 0.37949661180102
18 59789039 1.1269
18 59805534 0.937295572910323
18 59807970 2
18 59814947 1.83376661707735
18 59816545 0.904263835191589
18 59823092 0.425054476537575
18 59825362 2
18 59835319 0.8684
18 59845176 0.7496
18 59852453 2
18 59853494 2
18 59866246 0.3222
18 59874574 2.0202
18 59880506 0.1701
18 59893578 0.856080168433122
18 59903101 0.985647685097393
18 59918029 1.35823462115648
18 59942031 0.2417
18 59942265 0.348520771017019
18 59942360 0.825600041964332
18 59942363 1.3144800379289
18 59942507 0.0307624180576148
18 59952322 0.362529803798733
18 59979077 0.8604
18 59979745 0.3944
18 59979773 1.9177
18 59985406 0.3922
18 59985795 1.0316
18 59988536 1.46540332618057
18 59989066 0.951
18 59995743 0.823744871985859
18 60004645 0.125345580480307
18 60006567 0.158165663845431
18 60010062 0.7678
18 60012127 0.406894406255476
18 60015017 0.659682155452255
18 60018403 1.50868097612682
18 60019391 1.6351
18 60026590 0.436040704624936
18 60027032 1e-04
18 60029676 0.101282642059896
18 60035545 1.6351
18 60035600 0.929565320798857
18 60038756 0.433108160177548
18 60038790 2.68226096651902
18 60043662 0.6221
18 60045583 0.0788928023684293
18 60053105 0.5879
18 60053498 0.8868
18 60055359 0.8868
18 60062864 1.29081077943337
18 60085571 0.33929163395817
18 60088090 1.92769665015147
18 60092404 5e-04
18 60116909 0.282464910203109
18 60158231 0.41662871067615
18 60176642 0.539138618876722
18 60183189 0.682690562484189
18 60196001 2.33231981364165
18 60217517 0.494171514132717
18 60219605 1.07470326343371
18 60226097 0.444334933041374
18 60241513 0.0525516400851046
18 60253388 0.789170280698564
18 60260637 0.553092691990213
18 60275566 1.27330862879023
18 60288712 0.602448321506783
18 60291782 0.282277614877515
18 60304146 0.299424773996928
18 60319144 0.348599690269208
18 60320450 0.693650614357328
18 60330552 0.156459793468046
18 60342687 1.23423613103987
18 60350016 1.18912072164673
18 60366443 2
18 60380955 0.1166
18 60423594 1.8023
18 60432149 2
18 60432642 0.745493508565593
18 60441413 0.949961076273406
18 60442086 2
18 60443650 2
18 60453739 1.15816196065665
18 60455471 0.587955420668251
18 60462542 0.663782446358989
18 60478363 0.0948206760686175
18 60503219 0.442893486749569
18 60510524 0.727447382289234
18 60511078 0.0330720048162693
18 60517323 0.57714246473129
18 60519915 0.748975936176407
18 60521132 1.2054243108891
18 60529335 1.10958970375406
18 60531431 0.852398398818096
18 60531630 0.617361823008301
18 60536740 1.78677271994828
18 60541440 0.717940956906865
18 60556753 2
18 60560849 2.08137334364846
18 60563716 0.231174450445937
18 60565221 0.1413
18 60566763 1.9275
18 60567884 1.5722
18 60578832 1.2677
18 60602923 1.5073
18 60603926 2
18 60617130 2
18 60637309 1.26789262145845
18 60640375 1.23303070384314
18 60641235 0.540299675237864
18 60643110 0.706547222570021
18 60657275 1.38281168168693
18 60667689 0.569650954254391
18 60668722 0.275526023399639
18 60675110 0.00223992211011439
18 60681396 1.25776805518652
18 60687910 0.215402105716114
18 60688009 0.807437050010064
18 60688405 0.583804814570369
18 60688838 0.406844608543159
18 60727663 0.266
18 60745661 0.266
18 60784849 0.6094
18 60817106 0.6094
18 60823666 0.6183
18 60824253 0.6183
18 60825381 0.6367
18 60828096 0.6367
18 60850502 0.6461
18 60859935 0.5756
18 60972576 0.5932
18 60973659 2.7977
18 60983247 0
18 61001486 0.6471
18 61027232 2
18 61046810 0
18 61075991 0.7765
18 61092389 0.7455
18 61097142 1.7096
18 61104058 2
18 61115201 0.8091
18 61146480 2
18 61148579 0.4831
18 61160919 2
18 61168702 2.9779
18 61173285 1.44294369255885
18 61179767 1.26751977993845
18 61180509 0.6819
18 61182102 2
18 61185935 2
18 61186052 2
18 61249363 1.9629
18 61250357 2
18 61251246 2
18 61252594 2
18 61255806 0.222059142981962
18 61280355 2
18 61293967 2.9027
18 61294958 1.8474
18 61341501 2
18 61355131 2
18 61359191 2
18 61360830 2
18 61365552 2
18 61387015 1.0981
18 61438753 2.4916
18 61452691 3.1239
18 61459798 3.6452
18 61480388 2
18 61484794 2
18 61495713 0.0217
18 61496076 0.6007
18 61498263 0.0056
18 61532555 0
18 61550271 2
18 61552197 0.4897
18 61562358 1.86454854127113
18 61564366 0.465616462690813
18 61576316 2.7115
18 61576956 0.8617
18 61577549 2
18 61581456 0.7105
18 61609325 2
18 61619785 0.204993677899774
18 61621659 2
18 61643940 0.864496961350184
18 61644701 0.408511768528737
18 61644951 1.38145320104382
18 61668000 0.8779
18 61678423 0.5318
18 61688598 1.3206
18 61701872 0.8245
18 61722967 0.3703
18 61738571 0.2246
18 61779802 2
18 61783943 0.939486126897704
18 61787384 2
18 61790408 1.0808
18 61795370 2
18 61801100 1.3953
18 61804502 2
18 61817874 1.4647
18 61820329 6e-04
18 61820917 2
18 61823273 2
18 61823535 2
18 61825836 2
18 61828629 2
18 61829506 2
18 61833904 2
18 61900553 0.3376
18 61901536 2
18 61906634 0.7112
18 61909397 1.367
18 61915710 0.7112
18 61917998 2
18 61920622 0.6145
18 61923154 0.4237
18 61924160 0.1029
18 61926045 0.1756
18 61936493 0.4727
18 61938896 0.993232660168901
18 61940316 0.655437413287165
18 61952966 5e-04
18 61954443 0.203911229320593
18 61969624 2.5583
18 61969660 1.1209
18 61971932 5e-04
18 61975261 2
18 61981633 2
18 61985484 2
18 61987216 2
18 61992734 2
18 62004372 1.59472402769584
18 62005831 2
18 62010630 0.0302300945119383
18 62016543 2
18 62017903 0.4332
18 62019051 2
18 62029806 0.3838
18 62029919 0.5379
18 62034044 1.5746
18 62034459 0.7149
18 62035811 0.5509
18 62035899 0.5509
18 62036529 0.5735
18 62039564 0.5443
18 62055891 0.8319
18 62061068 0.5443
18 62065645 0.5443
18 62070137 0.0776
18 62071050 0.5443
18 62087093 0.1375
18 62094384 0.1375
18 62117552 2.701
18 62117768 0.5735
18 62123227 0.133103713462371
18 62132178 0.1557
18 62137618 0.3638
18 62147538 0.095720760804922
18 62157876 0.1375
18 62159697 0.1375
18 62160271 0.283596718693058
18 62169473 0.1375
18 62170170 1.60168833382169
18 62171475 1.58881616804319
18 62174521 0.1375
18 62188058 1.1494336481177
18 62195760 0.00185150364825145
18 62196990 0.119262638876781
18 62214421 1.43734705563034
18 62214731 0.770521221434343
18 62232178 1.4792
18 62237268 0.17397589184005
18 62241020 1.384
18 62263718 1.81993199192063
18 62264322 1.4873
18 62277740 0.983440715913442
18 62291445 0.222920708655052
18 62296018 0.0114609069161417
18 62302193 0.22370142460943
18 62310092 1.055352036913
18 62310331 0.360462810387204
18 62313506 0.536158601705106
18 62313874 1.9177
18 62326009 0.0716
18 62331225 2
18 62332340 2
18 62337026 1.5125
18 62340030 0.604
18 62341835 0.0078
18 62342222 0.5993
18 62347902 0.0015
18 62355088 0.5827
18 62362210 0.9929
18 62365105 1.9106
18 62389310 0.6525
18 62391205 0.362577099696741
18 62391914 1.39129913114186
18 62393891 0.1331
18 62395353 0.1331
18 62395867 1.57006107680794
18 62399655 0.225571874225673
18 62400148 1.2829
18 62405432 1.2775
18 62405945 1.2932
18 62406308 0.0244
18 62413078 0.539850627848736
18 62414634 2
18 62422456 1.2139
18 62424764 2
18 62425703 2
18 62428753 2
18 62430354 0.7538
18 62439253 0.947691136809298
18 62442555 0.128757968723308
18 62444014 0.413781550902639
18 62448386 0.7448
18 62449188 2
18 62449276 0.031880193367824
18 62449573 0.377967974251118
18 62492656 0.270702306721603
18 62509991 1.6156
18 62521406 1.47533732561478
18 62525064 0.409284984217386
18 62602567 0.0955565481011565
18 62613974 0.0273
18 62628081 0.1087
18 62630286 1.2174
18 62632038 0.1087
18 62632300 0.9766
18 62635160 0.9766
18 62670703 1.6046
18 62716694 1.6849
18 62766079 1e-04
18 62773024 1.3812
18 62793762 2
18 62812296 1.3875
18 62826815 1.5962
18 62880934 0.278
18 62895065 0.1268
18 62901864 2
18 62915195 1.3039
18 62919716 0.946306037230042
18 62937757 0.294
18 62939430 0.1795
18 62942490 0.6457
18 62943321 2
18 62952154 1.3627
18 62976515 2
18 62981639 0.6756
18 62986589 1.3039
18 63007910 0.0078
18 63010989 0.1466
18 63011586 1.3745
18 63012926 0.724
18 63015199 0.1611
18 63016724 0.5654
18 63048636 1.50930224224534
18 63074490 2
18 63087518 0.0135311347609794
18 63103944 2
18 63106976 2
18 63139720 1.3537
18 63143219 2
18 63146748 2
18 63153042 2
18 63159527 0.9784
18 63169332 5e-04
18 63174676 1.1446
18 63192744 2
18 63194338 1.35977161443671
18 63229701 0.219590358882583
18 63274416 0.5439
18 63277462 0.0257128441758915
18 63313638 2
18 63316935 2
18 63322181 0.6891
18 63324900 2
18 63328355 1.01285202774027
18 63329127 2
18 63330545 2
18 63341974 0.745674855650126
18 63347947 2
18 63357588 0.0078
18 63366942 0.516861278110571
18 63391225 1.1054
18 63412711 2.9027
18 63423597 2
18 63436239 2.4525
18 63449924 2
18 63462414 1.1517
18 63467417 0.820560863217547
18 63468350 2.46086985846165
18 63469587 1e-04
18 63469677 2e-04
18 63469992 1.1875
18 63470011 2
18 63470049 2
18 63473127 0
18 63481989 0.00503895358750084
18 63491175 0.689534209883995
18 63504088 0.725375645496469
18 63507281 0.7566
18 63523901 0.1212
18 63529816 2.6775
18 63537717 1.14932875413459
18 63562843 0.884166651319955
18 63580180 0.710333538376391
18 63582089 0.292202131947591
18 63588207 0.556900377355555
18 63609268 0.0107
18 63616418 2
18 63650745 0.3708
18 63666523 0.8779
18 63677899 0
18 63685132 0.1299
18 63723127 0.1392
18 63727622 0.1392
18 63745621 1e-04
18 63745747 8e-04
18 63772409 0.1651
18 63817767 0.3409
18 63844338 0.6556
18 63845767 0.273
18 63965142 0.178951675888137
18 63985881 1.3908
18 63993605 2
18 64008523 0.942822099153903
18 64049667 0.757228377562833
18 64058448 2
18 64059265 2
18 64065787 2
18 64071805 2
18 64087935 2
18 64099712 1.4407
18 64103482 2
18 64117885 2
18 64124575 2
18 64136202 2
18 64141010 0.0649021282107156
18 64143305 2
18 64143797 2
18 64148952 2
18 64153018 2
18 64176449 0.7299
18 64185177 0.7122
18 64188845 1.1233
18 64231666 2
18 64241796 2
18 64250212 2
18 64256451 2
18 64277657 2
18 64321372 2
18 64334108 2.1298
18 64340705 2
18 64348016 2
18 64351614 2
18 64356646 2
18 64363522 2
18 64387889 2
18 64391025 2
18 64400024 2
18 64430466 0.0425
18 64430566 0.989734264099721
18 64432589 0.0107
18 64444001 0.0444
18 64456001 0.26585163777357
18 64467507 0.876038220844684
18 64474487 0.486084404492031
18 64489029 0.0699284718781637
18 64494908 1.4266
18 64498117 0.302835520235032
18 64509925 2.55808135685409
18 64520015 0.154391019164635
18 64546070 5e-04
18 64554945 0.1343
18 64558269 0.1225
18 64559963 0.3176
18 64562785 0.0053
18 64563444 1.1263
18 64582514 0.3176
18 64620172 2
18 64627292 2.4171
18 64639999 2
18 64649565 0.903826413208273
18 64670022 0.0539193885069328
18 64676447 2
18 64685177 2
18 64693027 2
18 64693125 2
18 64693977 2
18 64699128 0.0956988391679308
18 64700010 2
18 64705879 2
18 64712528 0.018
18 64719128 0.018
18 64720155 0.018
18 64724838 2
18 64726913 1.13864542586063
18 64733562 0.817404137748869
18 64734458 1.15296447870095
18 64749048 0.0755
18 64751237 0.0018
18 64751748 2
18 64753356 0.0162
18 64754972 1.03925922590034
18 64756426 2
18 64773082 2
18 64785891 2
18 64811146 2.03197205243271
18 64813767 2
18 64819000 2
18 64823109 2
18 64823579 2
18 64825599 1.89830525994477
18 64837427 2.4914
18 64850388 2
18 64852612 2
18 64858536 1.57713252798421
18 64874560 0.262137622738859
18 64894371 0.313575269115528
18 64897129 0.64072209229744
18 64900281 0.2845
18 64928132 2
18 65017099 1.7134
18 65031652 0.9695
18 65054432 0.9695
18 65056774 0.40549522273642
18 65096424 1.14450493093581
18 65102178 1.86274072123408
18 65112122 0.2994
18 65114382 0.00411697996039036
18 65120596 2
18 65134613 5e-04
18 65173771 0.4358
18 65173862 0.959424595139153
18 65176626 0.879619402115086
18 65190728 0.0438522124171381
18 65194703 0.849842583001435
18 65205078 1.91652226828907
18 65206817 2.4476
18 65239381 1.83169033407527
18 65240444 0.999080730191878
18 65249496 0.487332951676158
18 65249700 0.927029777988108
18 65271872 0.128804158785753
18 65298198 2
18 65307391 2
18 65312214 0.618
18 65312623 0.242817526623644
18 65319164 2
18 65324897 0.372377334482547
18 65336490 2
18 65342775 2
18 65347958 2
18 65352172 2
18 65361496 0
18 65363908 2
18 65364422 0.1783
18 65375192 2
18 65385214 2.4935
18 65401229 2
18 65450909 0.2616
18 65452666 0.2616
18 65466628 0.2031
18 65467419 2.3652
18 65469902 3.8233
18 65472965 0.2362
18 65504031 0.2362
18 65519066 0.2157
18 65536369 0.269760940754303
18 65556898 1.0397
18 65602843 1.0206
18 65638772 0.5595
18 65672102 1.1529
18 65672226 2
18 65684340 2
18 65685338 1.1827
18 65687566 2
18 65689758 1.1529
18 65702021 2
18 65707556 2
18 65713557 2
18 65715303 2
18 65722540 0
18 65740218 1.1827
18 65741354 1.1827
18 65742778 2
18 65750073 2
18 65754214 2
18 65755110 2
18 65775649 2
18 65776635 2
18 65781969 0.0078
18 65782144 1.50836325004481
18 65782187 2
18 65785870 2
18 65785935 2
18 65787300 2
18 65794709 2
18 65797809 0.1647
18 65816061 0.40810858687545
18 65817027 0.40177839814102
18 65820292 0.929306421062481
18 65824936 0.247511782384963
18 65826480 0
18 65828182 0.626788960419758
18 65828704 0.915544543984202
18 65855352 0.871522202442122
18 65878106 0.494586977439961
18 65882042 0.913029075954509
18 65884662 0.346343715445794
18 65888871 1.6044
18 65899430 0.969216994493998
18 65916735 1.08856186172247
18 65921075 0.977881897223835
18 65921609 0.641375264730128
18 65925921 2.9909
18 65926842 1.6145
18 65929268 0.0078
18 65944650 0.1904
18 65945739 0.1904
18 65980271 1.3678
18 66008035 0.49489200818751
18 66008054 2.10289728870859
18 66020376 0.348089866608317
18 66022570 1.52184708135267
18 66022703 0.0242537947315153
18 66024189 1.92893879133046
18 66028925 0.00724199045372355
18 66031114 1.03505713986955
18 66034007 0.207946393967126
18 66046023 1.02082458821639
18 66046678 1.60270781099095
18 66072592 1.6077
18 66079387 1.2219
18 66080866 0.00971273915693544
18 66090608 1.1995
18 66101270 0.2919
18 66109819 0.315
18 66112765 0.907398987469397
18 66126039 0.18092449228657
18 66137383 2
18 66138471 2
18 66162902 0.155322194097324
18 66164740 0.551
18 66173284 0.551
18 66176858 1.01486176977142
18 66177762 0.654349708308528
18 66178765 0.452069909744235
18 66185594 0.7142622192135
18 66225371 0.6151
18 66238640 2
18 66239441 2
18 66240547 0.026210635135823
18 66269797 2
18 66270865 1.0312
18 66286486 2
18 66298332 0.219669105981996
18 66326551 2.1602
18 66326593 2.1602
18 66339149 2.1357
18 66342677 2.1357
18 66373558 2.1602
18 66378088 2.1602
18 66380858 2.1357
18 66390453 0.649
18 66392555 2
18 66407002 2
18 66410587 2
18 66419410 2
18 66428037 0.540883213608726
18 66446138 0.274560256743714
18 66453309 0.119103371082762
18 66466375 0
18 66472409 5e-04
18 66488571 0.4866
18 66508810 0.7093
18 66513655 1.34995726595632
18 66517847 0.6004
18 66566424 0.2716
18 66592620 0.5774
18 66603595 0.0675194009578967
18 66623255 2
18 66631990 1.7016
18 66632281 2
18 66632829 2
18 66642586 2
18 66687958 2
18 66693472 2
18 66696064 2
18 66696563 0.9197
18 66751645 0.3239
18 66764948 0.385156592775809
18 66794171 0.3239
18 66804044 0.115860911738967
18 66806388 1.35431079886256
18 66816266 0.0691660624374253
18 66822141 2
18 66824094 0.084557054133297
18 66840100 0.7061
18 66845804 0.4233
18 66859782 0.4233
18 66862421 0.061
18 66866774 1.4785
18 66870803 0.0298842756050572
18 66870877 0.322643148235244
18 66871538 1e-04
18 66872552 0.00559249100360347
18 66873176 0.115906893496851
18 66873442 0.352149274223786
18 66912288 0.409018809809436
18 66914335 2.4027
18 66916277 0.702054651545528
18 66936332 0.0078
18 66954257 4.03379747930644
18 66956329 1.11955612047211
18 66964309 1.7256
18 66967681 0.435662712563636
18 66974919 0.0563219184968517
18 67010428 2
18 67031968 2
18 67041361 0.0105181343138532
18 67064662 0.3231
18 67066800 0.0386
18 67075233 3
18 67075234 3.0006
18 67077266 0.0505
18 67077368 0.0564
18 67079023 0.0505
18 67087048 0.0505
18 67091654 0.3986
18 67095252 0.3527
18 67095889 0.3789
18 67112755 1.1916
18 67163103 1.8714
18 67165506 0.791
18 67167164 0.791
18 67188712 1.84765394453838
18 67221173 0.260954486196292
18 67222121 0.159339102664485
18 67222201 1.29693330090991
18 67226988 0.409458859765068
18 67227114 0.877490123512249
18 67229520 2.55147474271185
18 67234169 0.93873155660883
18 67234212 0.0754586689582177
18 67251422 0.6444
18 67269170 1.379443170771
18 67275302 0.436371742285429
18 67282494 0.949023283275703
18 67287431 0.547709559417647
18 67289920 2.2845
18 67291484 1.82732834411028
18 67292226 0.841943853008925
18 67303489 0.270840547521634
18 67305728 0.340968921301065
18 67305965 2.07297062247955
18 67315638 1.00125233714692
18 67317692 0.4106
18 67319887 0.4106
18 67321416 0.4106
18 67324477 0.970514908531341
18 67330286 1.087
18 67333685 0.3626750092028
18 67334976 0.529812736042846
18 67338426 1e-04
18 67342047 0.1689
18 67353772 2
18 67358395 2
18 67375848 1.11309531050352
18 67377702 0.2814
18 67385975 2
18 67386390 0.639786941715171
18 67401934 2
18 67406622 0.345
18 67410354 2
18 67414666 0.8152
18 67421315 0.546826540829289
18 67432625 2.5897
18 67432922 2
18 67450879 0.303771157985851
18 67470199 1.324
18 67486594 0.584
18 67498566 2
18 67515842 2
18 67518184 0.363595420075282
18 67524254 2
18 67526361 1.3963
18 67545775 1.09447406721458
18 67549089 0.250531865171008
18 67554883 2
18 67555365 1.06134698695664
18 67556825 2
18 67563708 2
18 67564530 2
18 67574701 2
18 67578006 0.0858
18 67579340 0.0797
18 67584507 0.0465331755957775
18 67587727 2
18 67591367 2
18 67603427 0.0696
18 67607750 2
18 67620212 1.2252
18 67691709 0.8571
18 67705164 1.1662
18 67712794 0.0981
18 67715305 0.2465
18 67716227 0.0981
18 67718869 0.2465
18 67721526 0.359955545389299
18 67721533 1.7066
18 67735719 1.2751
18 67766412 0.682281209705364
18 67780581 0.6742
18 67789067 0.1186533223536
18 67791717 0.779435179148696
18 67800194 1.55981243829701
18 67809793 0.158793732666971
18 67829327 1.8039
18 67839236 0.5461
18 67839348 1.99263226048398
18 67839605 0.6364
18 67840461 0.5461
18 67851858 0.146046386433984
18 67851991 2
18 67853558 0.5461
18 67853646 0.5461
18 67858134 2
18 67859130 2
18 67859443 2
18 67860733 2
18 67872557 0.2038692371589
18 67877355 0.359
18 67888834 1.4034
18 67895332 0.7814
18 67906389 2
18 67909717 0.5264
18 67910316 0.599774042511652
18 67913845 1.3689
18 67923790 0.2441
18 67926266 0.883
18 67929264 5e-04
18 67930707 0
18 67937673 5e-04
18 67939445 0.3651
18 67955234 0.3651
18 67957640 0.3651
18 67961619 0.4669
18 67965578 0.5451
18 67966671 0.4289
18 67976056 0.9504
18 67992565 0.5923
18 67992757 0.3631
18 67996368 0.7901
18 67997725 0.7855
18 68004091 1.70661776959174
18 68008714 1.0798
18 68014018 0.6203
18 68019851 0.229375408224216
18 68028981 1.51000300860883
18 68033665 0.449753897335549
18 68036216 0.275052133944021
18 68037776 0.8831
18 68042307 0.436310213293215
18 68042677 0.309503226679511
18 68046601 0.00703402758630295
18 68051233 1.08328142903837
18 68074948 2.0405
18 68085657 1.6131213609722
18 68097020 1.21280530501701
18 68113989 1.364
18 68135036 1.43662575438835
18 68139390 0.420817460046644
18 68140899 0.353536129381511
18 68143235 0.429154538007882
18 68167708 1.11646790311451
18 68170419 0.911954985109482
18 68191680 0.1218
18 68199461 0.244748004785788
18 68201021 0.24113333989788
18 68201375 0.221059941048026
18 68210001 0
18 68210318 0
18 68210648 1.70381666329431
18 68212407 0.0263
18 68212458 0.736009177916473
18 68214309 1.0516
18 68229188 0.535793242851196
18 68246256 2
18 68259769 4e-04
18 68259874 0.2339
18 68272001 1.0879
18 68280423 0.0262
18 68283115 0.642688826305946
18 68283471 0.0353
18 68284041 1.06998388281563
18 68284136 0.0353
18 68300777 1.1189
18 68302260 0.104016406009832
18 68304902 0.2554
18 68308203 0.6433
18 68309941 1.2306
18 68325120 0.277168948616352
18 68330902 0.0262
18 68355521 1.29092951301721
18 68355992 0.173569376802338
18 68356090 2.7094
18 68356417 1.16320639176255
18 68357137 5e-04
18 68357299 1.5951
18 68375649 0.823174532770337
18 68380615 1.6115
18 68386128 2
18 68391194 2.4027
18 68394397 0.67890301804079
18 68413519 0.255393583783721
18 68430324 0
18 68457152 0.9851
18 68471656 1.9345
18 68475120 0.2103
18 68476384 1.9345
18 68478963 2
18 68482411 1.1191
18 68500663 1.1191
18 68506619 1.311
18 68509859 1.3787
18 68517168 1.78143250184283
18 68524586 0.9371
18 68525779 2
18 68541872 2
18 68545138 0
18 68547113 2
18 68549019 0.7934
18 68571229 2
18 68584284 0.626227640748803
18 68586696 2
18 68601332 0.439631677085317
18 68602371 1.66089674898945
18 68602776 1.75833170967112
18 68607033 0.35616036222717
18 68616935 0.329998455770685
18 68630120 1.55269910807243
18 68634665 5e-04
18 68647799 0.3713
18 68674457 0.0078
18 68699078 1.1693
18 68717070 1.1693
18 68724579 1.1693
18 68731894 0.824
18 68732351 0.0963
18 68748218 0.162579131749926
18 68814754 0.450101421599078
18 68817843 0.99677309366789
18 68833529 1.59694351652272
18 68854597 2
18 68861244 2
18 68867789 2
18 68870284 2
18 68871064 1.1241
18 68892448 2
18 68896209 2
18 68904277 0.0777
18 68908090 0.0716
18 68910868 2
18 68913519 0.0597
18 68933096 2
18 68939563 2
18 68941588 0.2452
18 68942593 0.2452
18 68956424 1e-04
18 68958852 5e-04
18 68964430 0.368035699065333
18 68968465 0.837275728366915
18 68972530 0.961033379807249
18 68983651 2.15059411059606
18 69019519 0
18 69027666 5e-04
18 69052055 5e-04
18 69061965 2
18 69115699 1.6754
18 69124121 0.0329
18 69124560 1.0671
18 69128550 0.3981231661988
18 69128781 1.0055
18 69135364 1.7268
18 69154707 2.4914
18 69157709 2.4914
18 69174856 1.2154
18 69179935 2.20763027263014
18 69187823 0.9693
18 69189891 0.207186183316047
18 69191123 2.3693
18 69200762 0.695585391722626
18 69204131 0.670768475656936
18 69204833 1.28646736791373
18 69206197 0.594755346963463
18 69212298 1.38027706629862
18 69213737 0.106109384770352
18 69235434 0.7121
18 69237204 0.598469472149199
18 69255567 0.7224
18 69264348 0.4799
18 69266768 0.4799
18 69268185 0.702933334248306
18 69269992 0.502363230350719
18 69271569 0
18 69300770 1.0164
18 69308863 0.5994
18 69309595 0.6069
18 69317161 0.2951
18 69319610 0.662
18 69322138 0.164974279499132
18 69326191 0.564315932996941
18 69331097 0.653061537197434
18 69333862 1.576
18 69335758 0.144099356149084
18 69340856 0
18 69348522 0.814646251316477
18 69355226 0.748258073825204
18 69382988 1.6657901369544
18 69394588 1.9279
18 69408918 2.30809713815388
18 69416568 0.62737436812035
18 69435457 0.307253887194349
18 69439179 0.465097198816488
18 69439329 0.9072
18 69445846 0.7491
18 69445848 0.355593312159395
18 69446079 0.147584771728105
18 69446458 0.509106845343474
18 69472053 1.38052900771154
18 69480020 0.934029727693945
18 69486666 0.477290532688201
18 69494579 1.72969916745612
18 69494699 0.5328953893012
18 69509404 0.8067
18 69509774 0.981
18 69511648 0.981
18 69514851 0.634639135612126
18 69515894 0.204953231943035
18 69517161 1.6243
18 69518893 0.423277275230029
18 69530861 0.136337863930261
18 69536280 0.765710499826206
18 69558563 0.514357500826554
18 69560933 1.57137641955514
18 69562987 0.23235378165401
18 69602966 1.5377
18 69608073 1.08816290438686
18 69609207 0.368913884158097
18 69623401 0.1007
18 69626293 0.1007
18 69631634 0.123644448680086
18 69652974 2.54247678230759
18 69655918 0.7858
18 69659385 0.0661572995491916
18 69659497 0.9083
18 69671326 0.786027650623488
18 69678667 0.304594813829636
18 69710595 1.63843723037807
18 69712197 1.6123
18 69725949 0.0926837948599472
18 69733026 1.945
18 69770881 5e-04
18 69773558 1.18111236066749
18 69777028 1.2831
18 69777937 1.04760817566416
18 69795833 0.871589786788376
18 69821318 0.5009
18 69823918 0.578987513031165
18 69824355 1.72741448005297
18 69824863 0.045555658279127
18 69828869 5e-04
18 69846345 0.447304709147824
18 69852156 0.341348024385011
18 69858050 0.3702
18 69894282 1.49341608618565
18 69904374 0.3466
18 69965742 5e-04
18 69993610 1.36643597116707
18 69996874 0.0217
18 69998370 0.0053
18 70012633 0.0107
18 70042628 0.0273
18 70083117 0.0512
18 70094108 2.6292
18 70095063 0.0386
18 70115520 0.0444
18 70144727 0
18 70149540 8e-04
18 70158574 0.0273
18 70161460 0.0329
18 70164550 0.0386
18 70177959 0.0339
18 70192669 1.93401366046071
18 70196614 0
18 70206760 0.0306102162557494
18 70235111 0.840128076474475
18 70249945 0.309135516099623
18 70256047 2.83225537739889
18 70257221 1.2888327733704
18 70264109 0.0190306371459057
18 70287960 1.5119
18 70293168 0.381790425118103
18 70339505 1.35818407748801
18 70342152 5e-04
18 70342181 5e-04
18 70343533 0.0273
18 70366730 1.376
18 70366918 1.1757
18 70371937 0.752707268981241
18 70376752 2.1872
18 70376776 0.2416
18 70382840 0.3914
18 70391383 5e-04
18 70406454 1.4749111488485
18 70410575 0.3946
18 70418873 0.1045
18 70426356 0.9053
18 70434403 0.980834371528644
18 70437349 0.602871401807491
18 70439626 0.739721842609892
18 70440379 1.69762092524005
18 70450394 1.158
18 70457946 1.1181
18 70460811 0.89
18 70463565 1.1877
18 70469072 0.9732
18 70480746 0.0807
18 70483614 0.0807
18 70486326 3.2993
18 70487988 0.0807
18 70523190 1.06560214096744
18 70525300 0.243512945435291
18 70530931 0.601585303515881
18 70548465 0.212914987917388
18 70557347 0.256588430819027
18 70581509 0.0101
18 70582211 0.0101
18 70600976 0.115701201799786
18 70605803 0.613949782822105
18 70607354 1.77
18 70613938 0.327177087091329
18 70633025 2.1207
18 70642153 1.5979
18 70667353 3.0005
18 70672052 0.305123846187875
18 70674909 1.9828
18 70687493 1.09088864973444
18 70688939 0.695814746312683
18 70691076 0.476021046001158
18 70691587 1.89709979669661
18 70693385 0.1976
18 70708206 1.70845274115179
18 70716516 1.38394347398601
18 70731606 0.901154959392005
18 70736051 0.904296020049577
18 70739931 5e-04
18 70766432 0.230011569922239
18 70772361 0
18 70803657 0.0273
18 70826008 0.68153854486987
18 70836862 2.262
18 70852235 0.5553
18 70885360 1.99478150571424
18 70896673 0.374335943799101
18 70908571 0.403375965004006
18 70917788 1.6708
18 70928295 0.374693244569411
18 70934509 0.6207
18 70943715 1.5706
18 70943869 1.5706
18 70972059 0.0329
18 71007696 0.332932593004104
18 71008207 0.182595169760723
18 71013985 0.557242202618149
18 71022192 0.184
18 71045652 0.4134
18 71057498 1.25138064310322
18 71068560 0.257020393478045
18 71090046 1.6174030391745
18 71096948 0.3376
18 71102495 0.661773525148871
18 71112496 0.4552
18 71130452 0
18 71133029 0.292824595756667
18 71135545 0.638989021511944
18 71147477 0.458692334121672
18 71147715 0.0078
18 71148463 1.73577923119191
18 71150677 3.56423460602779
18 71159798 1.2699
18 71160222 0.388655433023548
18 71163130 0.7657
18 71170055 0.8631
18 71170950 0.448375173481561
18 71177257 0.107
18 71178429 0.0076
18 71195640 0.1348
18 71196000 0.1346
18 71198443 1e-04
18 71201863 0.1417
18 71205803 0.2638
18 71209214 1.6561
18 71211555 0.0523
18 71257684 1e-04
18 71258826 0.7437
18 71259286 0.7885
18 71263916 1.1023
18 71265414 1.1023
18 71292491 0.8124
18 71293413 1.6672
18 71299372 0.9505
18 71300336 1.6672
18 71309559 0.4536
18 71331113 0.8225
18 71343861 0.3323
18 71344456 0.4413
18 71348961 0.1477
18 71350206 0
18 71351647 0.781687325259836
18 71351733 0.4413
18 71357551 0
18 71379370 0.585676179807252
18 71408851 1.99246071629848
18 71409111 0.552801307105409
18 71412112 0.309091579098062
18 71417362 0.859189188658149
18 71419011 0.854075233870226
18 71424529 2.027
18 71434395 0.551153972745882
18 71440137 0.460491375819105
18 71444754 1.0198
18 71456031 1.0565
18 71456251 0.673544618045386
18 71460279 1.4123
18 71464612 0.405489135126728
18 71466401 2.08062408866495
18 71469188 0.1083
18 71471157 0.0624
18 71472570 0.746814237488613
18 71486839 0.7208
18 71487024 5e-04
18 71493324 0.479674099151726
18 71496481 0.7208
18 71510248 0.964879048661247
18 71511133 0.642231871691178
18 71515752 0.925356916785766
18 71536076 1.37541753010628
18 71537815 0.7208
18 71542956 0.0053
18 71547309 0.6885
18 71560354 1.2584474063811
18 71571186 1.5382
18 71572334 0.781058999678908
18 71580387 0.0447
18 71584783 2.8718
18 71588953 0.515011254668978
18 71589591 1.2751
18 71593204 0.4592
18 71624392 0
18 71653567 0.537
18 71653977 0.133678538223436
18 71655220 2.52327527147762
18 71661258 0.872
18 71663449 0.691591080180776
18 71677113 1.3036
18 71683431 0.512136938364145
18 71687315 1.20601691296288
18 71689053 0.7943
18 71702617 0.6487
18 71730791 0.644643115388268
18 71735550 0.602727116111666
18 71743423 2.16838107029898
18 71744202 1.29394875851971
18 71744914 0.4932
18 71745007 0.7615
18 71761686 0.0296
18 71782569 1.17513150855585
18 71792605 1.14341020669513
18 71793632 0.286934879731159
18 71794004 0
18 71795911 0
18 71795961 1.95368696718926
18 71806359 1.36811184123492
18 71812635 0.5129
18 71817395 0.871750866348622
18 71824638 0.885762620711186
18 71826187 1.11191276505659
18 71827279 1.5977852068041
18 71842991 1.2413
18 71857708 0.83487700309361
18 71880628 1.02650107859435
18 71886883 0.715232399594544
18 71910356 0.384543670322872
18 71945192 0.553038505429957
18 71955907 0.726779452045259
18 71984514 0.263642847587933
18 71986080 1.26651815402592
18 72000381 0.723269255703509
18 72005035 1.6358590593401
18 72022667 0.0258377781760228
18 72028003 0.0949363972354119
18 72038479 0.132747457829556
18 72038549 0.266248547827354
18 72057853 0.111994437871006
18 72058011 0.420338867171519
18 72098049 0.363908320409258
18 72104372 0.952729436763723
18 72104619 0.290957163563913
18 72124261 2.13080869317883
18 72127962 1.98080039439088
18 72129547 1.0885113970558
18 72131079 1.18388075851278
18 72132464 0.161841533193937
18 72133530 0.768013081468464
18 72142990 0.463280391414114
18 72146555 1.02330776293628
18 72146644 0.516517812488454
18 72151063 0.609432073774423
18 72179237 0.57003894524762
18 72187696 1.0116699589104
18 72191663 0.499846736274803
18 72196596 0.0458278484974019
18 72197819 0.347064981381961
18 72200900 0
18 72204528 0.223581481735594
18 72222651 1.46543565073091
18 72241435 0.401065411026538
18 72243228 1.85363835663307
18 72245835 0.314843781945019
18 72255459 2.35956677174481
18 72295191 0.132549027961869
18 72300451 0.513442629502118
18 72300816 0.967358163528829
18 72301448 0.973984065530077
18 72303473 0.496999339373729
18 72333947 0.1993
18 72336377 0.1993
18 72337483 0.1993
18 72339161 0.1997
18 72341279 0.4106
18 72354156 0.980232417918071
18 72365179 0.6474
18 72367623 0.652526838607227
18 72404047 0.5811
18 72406146 1.096
18 72435869 0.982892655120472
18 72460760 5e-04
18 72464774 2.7865
18 72476701 0.8511
18 72477110 0.8511
18 72483011 2.2174
18 72489274 0.2143
18 72503314 0.9223
18 72509963 0.2143
18 72546818 0.471155492283993
18 72561243 0.3419
18 72569293 5e-04
18 72601955 1.55800359571719
18 72615283 0.137465724886039
18 72630495 0.1583
18 72633597 1.02576083584847
18 72634166 0.525321605252787
18 72641691 0.347442261365349
18 72647620 0.0956529011165498
18 72654602 1.97240525007506
18 72657285 1.7901
18 72666632 0.898494138509753
18 72689953 0.344611770421492
18 72695853 5e-04
18 72700577 2
18 72701546 1.13
18 72707543 1.077
18 72707714 0.7042
18 72707741 0.332015816854034
18 72712136 0.987176718176993
18 72714111 0.519541341734787
18 72714366 1.2116
18 72717189 0.951743455278239
18 72718459 0.0771088789934237
18 72721747 0.2291
18 72731703 0.365220944879463
18 72736480 0.265736978738157
18 72738706 0.957604706270957
18 72739271 0.877879500865633
18 72755726 0.205232232712614
18 72763822 0.215
18 72765735 0.2291
18 72769066 0.7472
18 72771286 1.322
18 72771560 0.307511001898641
18 72772792 5e-04
18 72781915 0.2969
18 72789103 1.3606
18 72796978 0.834812463212379
18 72812695 1.2502
18 72813064 1.2502
18 72814749 2.0718
18 72826771 0.0949
18 72843672 0.937664218347259
18 72862683 2.9027
18 72883827 0.0811
18 72896049 0.291340560476432
18 72904915 0.466439292492587
18 72905924 0.823852230339725
18 72911733 1.39445552820316
18 72916755 0.548580784195759
18 72918855 0.090580550367698
18 72939433 0.556938376323763
18 72941204 1.11545175254108
18 72941758 0.242235146029016
18 72942187 0.267241636535532
18 72942956 2.09720265154627
18 72944722 0.941999257635352
18 72945876 0.98175773036431
18 72949771 0.0329
18 72958898 2.64354331364804
18 72973329 0.5683
18 72975536 0.2672
18 72978298 0.952896825653256
18 72978589 0.5779
18 72981019 0.5779
18 72981380 0.503662484723047
18 72983125 0.6539
18 72988474 2.29636031908427
18 72991375 0.6539
18 72992610 0.5683
18 72998334 0.0874
18 72999049 0.6611
18 73000535 0.5529
18 73009761 0
18 73018865 0.603933437872196
18 73020476 0
18 73031161 0.1456
18 73031171 1.241
18 73035055 0
18 73038606 1.1486
18 73038768 0.1618
18 73122917 3.1166
18 73133097 0.8319
18 73152181 0.8578
18 73155518 0.8851
18 73173418 5e-04
18 73198928 1.5201
18 73206353 5e-04
18 73238195 1.2325
18 73275977 0.1315
18 73284838 0.1014
18 73295462 0
18 73304934 0.766024995214294
18 73310203 0.820434336644781
18 73313383 0.793142719937976
18 73319176 0.541014036871944
18 73327407 1.42362985678603
18 73329436 0.5815
18 73333851 0.1003
18 73343231 0.3191
18 73344500 1.67859931785359
18 73358161 0.113671761793775
18 73376444 0.727336353152451
18 73376694 0.8011373496431
18 73386727 0.662449912460001
18 73387157 0.79
18 73397628 0.195845813820273
18 73402241 0.486461791122372
18 73403459 0.373987307434044
18 73405614 1.51004283288934
18 73413171 0.580940981150722
18 73415762 1.77437835466553
18 73416621 1.34257318940705
18 73417353 0.539111660359588
18 73417368 1.2809
18 73418309 0.5326
18 73419853 0.550795926285227
18 73420861 1.1202
18 73422867 0.112593236118995
18 73432527 1.1202
18 73434325 0.846003496847806
18 73435325 0.286872902449495
18 73440249 0.341885090802532
18 73449105 1.13285632887022
18 73454806 0.2117
18 73457764 0.502546488892072
18 73468779 1.61268584975632
18 73469851 0.65434389065534
18 73471836 1.29008788533933
18 73481073 0.463065706454279
18 73502354 0.251418787977505
18 73504357 0.716596892781148
18 73509085 1.47193923535623
18 73510289 0.522859733712975
18 73511500 0.7875
18 73514443 0.7018
18 73517118 1.3476
18 73517631 0.7875
18 73518317 0
18 73527788 1.26724660344435
18 73528822 2.18270455127241
18 73547154 1.34972064112893
18 73550424 0.606800223856019
18 73550713 0.206640393062298
18 73555223 0
18 73557172 0.0227664583625101
18 73567492 0.414367238676672
18 73569419 0.0193316876301474
18 73587203 1.59941965713043
18 73592019 0.412865188680122
18 73593624 0.19317687488386
18 73598375 0.495667031663996
18 73603376 0.466291640597091
18 73605007 0.653982148701017
18 73605076 0.036364369116817
18 73608196 1.82720733166204
18 73610285 1.82553997446509
18 73634994 0.275489872189211
18 73643378 0.600049460569421
18 73648500 0.947540864644071
18 73649207 1.39765606487404
18 73651842 0.0165
18 73664136 1.47608090246158
18 73675359 0.291984124958988
18 73736107 0.581668588991309
18 73752621 0.779290799684707
18 73753872 2e-04
18 73773394 0.348288861943404
18 73777754 1.1626
18 73788108 0.595602391701417
18 73792276 0.6633
18 73795159 0.759957247275146
18 73795851 0.132602386977632
18 73805598 1.22269081729853
18 73806653 0.1444
18 73822184 1.09549626874811
18 73841206 0
18 73846172 0.2956
18 73864666 0.9999
18 73869851 1.7182
18 73895550 2.3399
18 73899617 2.4916
18 73900838 1.01991962765266
18 73902049 0.903111353078136
18 73910474 2.3387253869236
18 73912732 0.0611446270674011
18 73913141 2.4476
18 73923373 1.63872052419389
18 73926260 0.0519190986051318
18 73930061 0.930291451958018
18 73939162 0.0053
18 73942306 1.4741
18 73951093 0.349649252769649
18 73964558 0.556167358619343
18 73965153 1.51677222815828
18 73969022 1.92934113405533
18 73972417 0.959372762638545
18 74033796 1.5533
18 74069724 1.439
18 74071245 1.3464
18 74101093 0.0749649726826887
18 74171351 0.29748914294677
18 74171624 1.26094777666741
18 74173867 1.37878434393931
18 74174115 0.0961
18 74188803 0.515659278737013
18 74192330 0.458591025637554
18 74197626 0.4217
18 74204685 2.6941
18 74205759 0.263237078273702
18 74205858 0.142828402513478
18 74216410 1.11286700465452
18 74218329 1e-04
18 74218400 1e-04
18 74218705 5e-04
18 74219237 1.06045226304868
18 74222812 1.35375241431381
18 74224753 0.618715719088382
18 74226225 1.3658281714831
18 74227017 2.81270507092024
18 74227749 0.7631
18 74229611 0.584208341789078
18 74248820 1.56965347642019
18 74257202 0.872
18 74261485 1.06668335816654
18 74262607 0.0904033332368058
18 74264952 5e-04
18 74266264 0.95685038281009
18 74269545 0.454930229153712
18 74269910 0.981408106865835
18 74278063 0.0308186088712545
18 74292967 1.25393807449768
18 74302756 1.43362630699383
18 74310442 1.70214592243107
18 74313155 0.0671762957122247
18 74319533 1.28340074846642
18 74327303 0.0224719637897409
18 74333970 0.902965167026192
18 74340167 1.3291
18 74340393 1.00388907755588
18 74352475 1.2189418541251
18 74357492 0.356052771494614
18 74358924 1.3291
18 74361660 0.5983
18 74366667 1.67654922060122
18 74375752 0.2505
18 74386550 1.5338
18 74408877 1.84503311202434
18 74437279 1.75694284767741
18 74442628 0.625464669161679
18 74449534 0.514981521246972
18 74467841 1.9696
18 74474890 0.436
18 74490520 1.14142439340001
18 74494586 0.577893558199049
18 74495038 1.9828
18 74501077 1.0776
18 74512344 1.1367
18 74521136 0.0052
18 74529507 0.276319144778041
18 74531796 0.936637773458251
18 74533297 1.03109094980116
18 74545837 1.09415685900421
18 74558597 1.0537
18 74564685 0.81150544964635
18 74581014 0.3162
18 74586502 0.2472
18 74588037 0.0053
18 74593908 0.0905
18 74596107 1.16820845355291
18 74596354 0.1386
18 74604370 3.2908
18 74604666 0.915740124953068
18 74630652 1.0924
18 74657152 1.5783
18 74662670 0.2367
18 74667321 0.2367
18 74690452 0.816
18 74702031 0.7937
18 74704770 0.1342
18 74713032 3.0378
18 74734028 0.0634
18 74775451 0.122400459924853
18 74775901 1.52935911255638
18 74782300 0.427406669220248
18 74789824 0.5032
18 74791557 0.93427931622152
18 74809320 0.5281
18 74812756 0.4346
18 74827893 0.0634
18 74850128 0.2245
18 74864720 2.5413
18 74879318 1.1104
18 74903971 0.2233
18 74904560 0.2097
18 74919974 2.0699
18 74977625 0.0289
18 74999267 1.0316
18 75012688 0
18 75037526 1.4109
18 75037745 1.4109
18 75055398 0
18 75098417 0.0997
18 75104476 0.0759
18 75109089 0.0997
18 75120072 0.1468
18 75132530 1.9127
18 75133360 0.0836
18 75145481 0.5097
18 75145718 0.7115
18 75175243 0.29396141132621
18 75175623 2.33578320617869
18 75176518 0.981786794989049
18 75183829 2.80198158375489
18 75185654 0.753955741378767
18 75187629 0.674661734169568
18 75188214 0.436296492420781
18 75197366 0.0535
18 75244003 2.35120194926208
18 75271735 2.1561
18 75272982 1.0623
18 75276524 1.0225
18 75290035 1.8527
18 75302815 1.6112
18 75307096 1.2129
18 75307651 0.8507
18 75311541 1.2129
18 75321155 1.1245
18 75322153 2.4988
18 75325458 0.8233
18 75331378 1.8741
18 75331536 1.2202
18 75332621 1.8741
18 75333898 0.1754
18 75348442 0.9559
18 75353716 0.5034
18 75362157 0
18 75376788 0.4502
18 75388626 0.11036426946046
18 75402385 1.82623659610334
18 75415465 0.8526
18 75444438 0.4087
18 75446649 1.1205
18 75457409 0.89
18 75465718 2.3299
18 75482564 0.9232
18 75500357 0.3363
18 75500593 0
18 75528023 0.9771
18 75532977 1.5536
18 75535546 5e-04
18 75535901 5e-04
18 75535912 0.574
18 75537977 0.574
18 75568024 0.8975
18 75569892 1.8423
18 75573042 1.8321
18 75588545 0.9959
18 75595620 1.855
18 75605738 0.9574
18 75606022 5e-04
18 75606561 0.619403704576596
18 75616530 1.1428
18 75621682 0.0882
18 75622738 0.0819
18 75627711 0.1377
18 75636764 0.1806
18 75638928 0.2192
18 75644099 0
18 75651381 0.847637286066844
18 75690241 0.1064
18 75698127 1.0303
18 75768564 1.46998521157956
18 75769622 0.6450039655524
18 75773541 0.2922
18 75774751 0.512
18 75777875 1.2501
18 75779907 1.189
18 75780000 0.0768
18 75786042 2.9344
18 75791278 0.253116948548315
18 75792434 0.838994454160017
18 75796006 0.685850102875103
18 75797787 1.4464
18 75806286 0.751370947341833
18 75811165 0.1414
18 75814000 0.0823
18 75823533 0.831
18 75833138 0.118458130659187
18 75840731 0.129317685861232
18 75842133 0.630933931437569
18 75843525 0.7632
18 75855483 0.9578
18 75855687 0.9386
18 75885777 0.6401
18 75889669 0.7824
18 75903160 0.0827
18 75931890 0.729696578707279
18 75933824 1.04865125257748
18 75939462 0.304159046323885
18 75942521 1.8904
18 75959403 0.475951647570767
18 75964109 0.608793394849562
18 75969634 1.09430357206638
18 75975542 1.060453330132
18 75987135 0.603194441080641
18 75988443 2.07382153804163
18 76001747 0.6022
18 76005614 8e-04
18 76006055 0.6905
18 76008381 0.747780228330011
18 76033001 0.793533076939856
18 76034864 0.926788845503845
18 76034915 1.34225818861909
18 76058195 0.795081143948957
18 76059503 0.620056927798548
18 76089404 0.0766610543274321
18 76118844 1.25304434182321
18 76127016 0.335
18 76137240 2.19942754756574
18 76138815 0.7358
18 76153772 1.263
18 76156491 0.709998924990431
18 76198576 0.122
18 76212682 5e-04
18 76221569 0.0329
18 76228129 0.0217
18 76228840 0.0386
18 76271051 1.44169508500385
18 76276612 0.0273
18 76278520 1.64982106414166
18 76287834 0.0217
18 76297688 3.2964
18 76315339 0.4979
18 76357468 0.143280353895486
18 76368501 1.0181152865357
18 76376774 0.677866980310351
18 76376933 0.678080947877001
18 76377578 0.3604
18 76394724 5e-04
18 76394839 0.226665938696392
18 76396788 0.215221332879564
18 76402415 0
18 76407164 0.0530182248619977
18 76440207 0.634076438471507
18 76473550 1.37529938633958
18 76481807 0.1301
18 76486374 0.681210689742282
18 76487770 0.00990649324484441
18 76508510 0
18 76517562 0.5918
18 76529826 0.7647
18 76544599 0.853703496443412
18 76549768 0.42644553520429
18 76553300 1.8474
18 76558607 1.38527428460524
18 76558753 0.12589906249211
18 76572958 0.101159698166703
18 76578076 0.0085
18 76589494 0.0322889072944562
18 76598700 0.7991
18 76599471 0.174411241106168
18 76606350 1.5881
18 76611901 0.0078
18 76613432 1.3354
18 76614148 1.7822
18 76616199 1.7822
18 76624187 0.9636
18 76625974 0.0473868481487676
18 76629183 1.41560914637044
18 76642171 0.0301639475887019
18 76646654 5e-04
18 76647625 0.6511
18 76664177 0.8642
18 76666106 1.17941041818249
18 76666660 0.7287
18 76668213 0.6677
18 76668686 1.7939310428884
18 76670323 0.7956
18 76670689 0.6808
18 76671204 1.27768967585452
18 76674680 0.9572
18 76677695 0.9323
18 76679479 2.1424
18 76683612 0.5089
18 76693348 0.562992890331816
18 76721445 0.334127491658235
18 76729379 0.8285
18 76731594 0.3965
18 76733068 0.8285
18 76733643 0.4029
18 76739052 7e-04
18 76744480 0.0053
18 76759861 0.302399307896507
18 76777399 0.1881
18 76779377 1.7624
18 76797560 0.384598692563523
18 76797799 0.8855
18 76798002 0.4348
18 76801607 0.807755250614674
18 76802303 0.97
18 76805357 0.681076002436951
18 76806995 0.4134
18 76815971 0.241090898406703
18 76844413 2.4547
18 76848009 1.2993710769735
18 76863582 0.49805249321474
18 76879594 0.689705174808361
18 76887477 0.473428924111231
18 76895687 0.545179880970624
18 76895968 0.162706994387419
18 76937716 0.9003
18 76960426 0.4472
18 76978801 0.687853297540517
18 76991205 1.1993
18 76992664 0.4204
18 76998336 5e-04
18 77012301 0.3105
18 77026405 0.2755
18 77043562 1.3104
18 77045405 0.0018
18 77045982 0.1401
18 77064992 0.7342
18 77074267 0.0781098216214202
18 77076179 0.650379645212625
18 77091880 0.1692
18 77093103 1.0598
18 77117658 0.351411109458311
18 77117869 0.3015
18 77118106 0.0078
18 77121326 1.85674590307897
18 77131414 0.214932033596778
18 77132511 1.45121686843914
18 77142417 0.844886395829624
18 77153448 0.974630540994815
18 77153783 1.26358867685395
18 77157348 0.729773230523515
18 77159016 1.49449320371442
18 77160322 1.5842
18 77161556 0.6654
18 77162122 1.80072462757579
18 77162279 0.6654
18 77171569 0.146494930618604
18 77174582 0.1513
18 77175341 0.0263
18 77179901 0.435103323275561
18 77182631 0.866646022668754
18 77184500 1.3362
18 77188958 0.206500570738817
18 77208020 0.9494
18 77211060 1.12764064550053
18 77213392 1.6463565464794
18 77213452 1.0471
18 77216951 0.350380394169294
18 77227464 0.205074608694173
18 77232179 1.0108
18 77232562 0.8855
18 77236542 0.8855
18 77242647 2.0872
18 77243261 0.927748431020778
18 77243325 0.106644380206976
18 77247506 2.0872
18 77255735 1.41998856204663
18 77261300 0.463688443423037
18 77264630 1.2036
18 77280657 0.9065
18 77281380 1.25087409868756
18 77285086 2.65840191055619
18 77287044 0.447854493207995
18 77288776 0.0106
18 77293956 1.42692836881855
18 77295156 0.504326767708864
18 77300129 1.82677217286452
18 77304436 1.44904865357264
18 77308314 1.7197916670942
18 77311087 0.685
18 77314716 0.626105871885901
18 77317157 1.9708
18 77324599 0.103334979660835
18 77336746 0.615351540686232
18 77355571 0.1996
18 77363806 1.8222
18 77369334 0.8286
18 77373551 2e-04
18 77374706 1.08940188467429
18 77376862 0.236689742648044
18 77379114 0.0165525009320035
18 77382028 1.0264
18 77406122 0.9493
18 77408952 0.395628139990687
18 77413839 1.27127950404464
18 77417181 1.33938671429001
18 77421850 0.672865268392047
18 77427056 0.507757771128806
18 77430016 0.499936716148847
18 77433331 0.209485224962715
18 77441072 0.141040870348464
18 77443176 0.73824131722746
18 77445065 0.851520360299482
18 77455447 0.792270115694328
18 77455752 0.543514105333237
18 77469406 2.52352850965904
18 77470937 0.00428127221022504
18 77487763 0.492062482355986
18 77490656 0.968735876633422
18 77494962 0.0260264654395272
18 77498380 0.3113
18 77507785 2
18 77513799 4.3261
18 77517362 1.0947
18 77517709 0.238652655455587
18 77522612 0.7945
18 77526908 0.176869964367526
18 77537550 2.16894999294969
18 77541939 0
18 77545190 0.479310872864406
18 77549556 0.1197
18 77550711 1.52169593655408
18 77558184 0.510190609741312
18 77571772 0.1866
18 77574839 1.9031428922819
18 77578721 0.1013
18 77584406 0.1013
18 77591730 0.1644
18 77594128 0.8529
18 77607364 1.11981319168932
18 77636498 0.0217
18 77640938 0.1278
18 77641014 1.1664
18 77641063 0.1278
18 77645982 1.3893
18 77650004 0.8974
18 77653894 1.4065
18 77654265 0.5148
18 77655055 1.96853659600478
18 77656073 0.0587
18 77656477 0.876504933628658
18 77656556 1.31448962607544
18 77660210 0.0528
18 77663256 0.0605
18 77664609 0.0605
18 77668076 2.1120472581201
18 77668892 0.0955178108621437
18 77669009 1.1662
18 77669464 0.5775
18 77671171 0.6322
18 77674390 1.09477594292015
18 77676257 0.7722
18 77676267 0.0276
18 77678454 1.04162859813502
18 77678912 1.0304
18 77684165 1.4892
18 77684171 1.4969
18 77689033 1.4969
18 77696344 1.09292259934532
18 77701887 1.5709
18 77706994 0.0591902497151003
18 77710007 0.8429
18 77717402 0.3995
18 77721517 1.2011
18 77725084 1.2011
18 77725472 0.3995
18 77728579 1.2011
18 77738984 1.5314
18 77742630 1.5314
18 77766358 0.960174697062758
18 77767543 1.38639965145649
18 77773992 5e-04
18 77774096 1.25396390374226
18 77783388 0.1399
18 77795028 1.0399
18 77802713 0.998116938669805
18 77810496 1.0399
18 77821111 0.0814
18 77829809 1.30282762793923
18 77835749 0.1087
18 77842155 0
18 77854810 1.2719
18 77858016 1.2719
18 77859365 1.3150222459693
18 77873511 2.1874
18 77880705 0.635723318033903
18 77900717 0.2565
18 77900762 0.0162
18 77904259 0.3751
18 77925145 1.04343505095872
18 77931772 3.1225
18 77932756 0.5066
18 77943594 0.011
18 77958236 0.7027
18 77958284 2
18 77959345 0.392783319209117
18 77969396 2
18 77975145 1.0445
18 77996252 1.1677
18 78010191 0
18 78010451 1e-04
18 78011826 0.2635
18 78011879 0.0078
18 78029633 0.26004192465471
18 78031449 0.230335944342459
18 78031510 0.29980725525433
18 78040499 0.4094
18 78040576 1.63599848145599
18 78054363 0.9467
18 78057504 1.03173345810299
18 78060131 0.9209
18 78060472 0.976326843558395
18 78083624 0.8324
18 78085623 0.430140262901288
18 78091340 0.9102
18 78092074 1.52740082915813
18 78092649 2.3091
18 78095918 0.955029628431957
18 78098314 0.40296841026554
18 78101628 1.37001400789675
18 78102225 0.418716176032244
18 78103033 1.4338
18 78105943 1.4338
18 78106546 0.688516448110301
18 78111005 1.38041188847445
18 78119907 1.1120024693862
18 78149754 0.4267
18 78166254 0.860701237969572
18 78178492 1.5484289386902
18 78181814 1.22933732779843
18 78182692 0.0353467351379909
18 78182786 0.257400353251775
18 78189178 1.30812337245978
18 78189413 0.0788824343550472
18 78196968 1.2837
18 78196981 1.2837
18 78213833 0.197599112821361
18 78223726 0.873572982278874
18 78226740 0.0597921863534579
18 78227850 0.237158833722638
18 78228841 1.7010131361881
18 78231625 1.01591249186702
18 78232457 0.160639317999504
18 78237276 2.5664
18 78242871 0.538353506807715
18 78243550 0.9373
18 78258082 0.132145993752059
18 78263464 1.10898797380424
18 78266525 1.19282472365422
18 78279646 0.6173
18 78279684 0.102627774137575
18 78291275 0.52518549631085
18 78295950 0.918285086236683
18 78296360 1.0076
18 78303873 0.551426173918521
18 78318005 0
18 78325094 0.693689465163344
18 78335588 0.0162635830110619
18 78342301 0.0868778819254582
18 78345421 0.300561358657655
18 78351614 0.317962723338252
18 78351881 1.8293742943007
18 78355457 2.38345069807502
18 78368117 1.24273782277756
18 78381358 0.538684167272732
18 78391278 0.5032
18 78398086 1.10877872912215
18 78398147 0.970437278248231
18 78401336 0.619345662984024
18 78403545 1.09652982764554
18 78409848 0
18 78416033 0
18 78421876 0.323268031273495
18 78430991 0.189646121298112
18 78434558 0.8286
18 78439268 0.4091
18 78448390 1.7333
18 78455662 1.75843394648193
18 78465386 1.3176099282948
18 78498438 0.9183
18 78509623 0.8488
18 78515868 0.202591894726372
18 78523434 1.1021
18 78531285 1.1307
18 78533322 1.6033511168363
18 78534112 0.9925
18 78534490 0.301229176333014
18 78542148 1.7052
18 78542450 0.0175
18 78543114 0.0539
18 78543456 0.671430312587466
18 78543775 0.784
18 78547433 0.7606
18 78563977 0.3508
18 78564504 1.19028180626558
18 78564830 0.9204
18 78578913 0.3823
18 78585945 0.712483230287899
18 78588780 0.54720175175627
18 78593176 0.426539419129738
18 78594200 0.566936922364194
18 78595084 0.4914
18 78596999 1.09661513816147
18 78599908 1.6438
18 78602084 1.25892761076757
18 78608449 0.0971
18 78610494 1.5723
18 78614460 0.439215278435843
18 78616381 0.0318521834530646
18 78619805 0.281558408644138
18 78626502 0.956974842579132
18 78627033 0.0457
18 78630807 0.761976361719786
18 78638334 0.496093808234843
18 78638713 5e-04
18 78644407 1.8509
18 78645992 0.729864888921697
18 78646971 0.349484180494727
18 78650729 0.0078
18 78655363 0.156390762819232
18 78656349 0.982550888464402
18 78656940 0.9371
18 78660279 1.0335
18 78667880 5e-04
18 78672192 1.7506
18 78672230 0.0946
18 78672385 0.3088
18 78674821 0.0291
18 78677601 1.45514597961684
18 78679957 0.1404
18 78689021 1.87515239776987
18 78695619 0.129619926386278
18 78704203 3.3019
18 78713675 0.0291
18 78714328 1.0446
18 78718271 0.0638
18 78718914 1.81570162603417
18 78719348 0.0882
18 78722815 0.0530304423740129
18 78738803 6e-04
18 78742646 0.3506
18 78742689 0.3506
18 78745150 1.38172463870684
18 78746554 1.12399818787476
18 78764938 0.21828352348195
18 78770270 1.4472
18 78771445 1.1209
18 78775483 1.57132756840467
18 78780232 0.36521976384943
18 78802373 0.64194186355047
18 78810960 0.118385120721368
18 78823634 0.968931673652293
18 78832155 0.0263
18 78834204 0.235677164798613
18 78835120 0
18 78836088 1.41707378507583
18 78837131 1.39125638934373
18 78851812 2.0508
18 78861959 1.5843
18 78866387 1.6168
18 78876952 2.01108225496219
18 78878661 2.5345
18 78880778 0.436037491973079
18 78881318 1.2996103608704
18 78883358 0.168229224725376
18 78884766 1.0762
18 78888210 0.909846123162008
18 78892363 0.50297939051029
18 78892426 0.410026675992376
18 78893467 1.97796744303001
18 78896295 0.716275511231884
18 78898748 5e-04
18 78900917 2.2356
18 78902985 1.2455
18 78906290 0.0393
18 78908428 5e-04
18 78909338 1.06589844888262
18 78914316 1.7662
18 78917414 0.4025
18 78921702 0.322439281827114
18 78931362 0.547026458880837
18 78941257 0
18 78942246 2.00057070505367
18 78942355 2
18 78944505 0.409180931691997
18 78944745 0.246159983290806
18 78944974 1.7221
18 78947478 0.959569365459802
18 78948170 0.653263944322256
18 78953572 0.5158
18 78957339 3.1146
18 78963021 0.0948
18 78970738 1.8158
18 78982920 1.6189
18 78991727 1.30103416878976
18 79018080 0.479809753436505
18 79020175 0.824732239374877
18 79025505 0.0121977420991102
18 79068188 0.626058928141187
18 79071559 1.87595679947749
18 79082548 0.503935577346999
18 79088599 0.5814
18 79097935 1.1711313056084
18 79098457 0.490610160282883
18 79099171 0.4804
18 79102008 0.4804
18 79110831 0.4804
18 79118695 0.554
18 79132444 0.511285452664881
18 79137458 0.4804
18 79141223 0.4804
18 79147334 0.5377
18 79168630 0.777919483941605
18 79170188 1.6289
18 79170914 0.5377
18 79175785 0.323032967938611
18 79177175 1.42578260463665
18 79180720 1.43975355391317
18 79182836 2.22176327667841
18 79190363 0.5377
18 79196791 0.7652
18 79215527 0.3791
18 79218644 0.3791
18 79225913 0.279607238744678
18 79245424 0.0078
18 79246043 2.848
18 79253918 0.723738550928447
18 79260056 0.614052473101723
18 79269909 3.41873817424379
18 79273045 5e-04
18 79274176 0.31154977243885
18 79285069 0.609436893540052
18 79287760 1.22812090704307
18 79290060 0.814361586257377
18 79313072 0.825894121132327
18 79324476 0.644559395329867
18 79327555 0.7625
18 79327597 5e-04
18 79327828 0.0791985786243148
18 79330660 0.5516
18 79330730 1.1387
18 79334719 0.554225236457043
18 79336216 0.407873094181781
18 79354798 1.0207
18 79365029 2.9973
18 79372241 1.0207
18 79373717 0.0292
18 79374252 0.5516
18 79385379 2
18 79385479 0.494405620375387
18 79400067 0.68192876551986
18 79400661 1.11709216834409
18 79415533 1.26669210741206
18 79415610 1.2586
18 79421220 1.9609
18 79424282 0.2277
18 79427663 2.28458777543382
18 79429387 0.509525518309193
18 79432854 1.1107172209333
18 79441766 0.22916105103197
18 79447613 1.6981
18 79455389 0.660336764887468
18 79462613 0.882545431980823
18 79463302 1.11084783148735
18 79467678 0.959572955032569
18 79472698 0.2277
18 79473625 0.7446
18 79482693 5e-04
18 79483239 0.513637742717362
18 79489311 0.5102
18 79490638 0.5102
18 79494011 0.579181626935227
18 79495511 1.1504
18 79501608 0.1718
18 79503156 0.511945171553065
18 79504132 1.1504
18 79504720 1.1504
18 79511669 1.1435
18 79520614 0.538
18 79520757 5e-04
18 79521785 0
18 79524930 0.6195
18 79525046 1.6633
18 79525477 4e-04
18 79530167 0.0843297683215804
18 79530876 2.09070611538156
18 79532251 1e-04
18 79532329 1.47299840655082
18 79534783 1.1957
18 79535464 1.1957
18 79552091 1e-04
18 79552109 0.0164
18 79552111 0.0164
18 79552543 0.502567105673175
18 79562227 0.539172004731722
18 79570652 0.265856151052447
18 79586222 0.814390743094866
18 79586566 0.584
18 79592814 1.04459711861172
18 79600826 0.407665750276484
18 79601158 0.327027668605108
18 79602456 0.405230864233216
18 79614110 1.58070571621404
18 79617308 0.0653999970119171
18 79617422 6e-04
18 79617440 6e-04
18 79618033 0.8245
18 79618259 5e-04
18 79621236 0.831820461974969
18 79627183 0.521745818365276
18 79631276 0.084592580644736
18 79635966 0.529
18 79645417 1.09817973005917
18 79646983 0.0865
18 79647282 7e-04
18 79648511 1e-04
18 79648553 2e-04
18 79649081 5e-04
18 79649105 5e-04
18 79649170 2
18 79660703 1.37521066059939
18 79689494 1.17679263873111
18 79691403 0.9693
18 79697324 0.3571
18 79712471 0.516755739934035
18 79717372 0.614436642193594
18 79725743 0.2746
18 79734190 0.2556
18 79743754 0.401500485479268
18 79745057 1.1232
18 79746637 0.0872311718612245
18 79749825 0.360488544705118
18 79757658 1.1527
18 79758512 1.8611
18 79759914 0.2676
18 79767195 0.3622
18 79767531 0.4335
18 79771060 2
18 79774411 0.4326
18 79774416 0.4326
18 79774547 0.4326
18 79776809 0.293278710128174
18 79779359 0.4369
18 79790883 1.4389
18 79800878 0.0975
18 79801978 0.9695
18 79806535 0.7531
18 79814374 1.0037
18 79866006 0.0897
18 79866704 0.3083
18 79866708 0.3083
18 79866759 0.3083
18 79866911 5e-04
18 79867164 0.3077
18 79872565 1.06983403975719
18 79880207 0.4278
18 79901431 0.37914198973756
18 79907513 0.594
18 79918327 0.5577
18 79932917 1.56741241028342
18 79952606 6e-04
18 79952622 5e-04
18 79969351 2
18 79970600 1.10889633415594
18 79976966 0.3271
18 79981409 0.0621853206435221
18 79988972 0.389623463518262
18 79993320 1.68886025308377
18 80004232 0.6076
18 80005618 0.4315
18 80006438 0.4315
18 80014886 0.00345042338297835
18 80018816 0.4491
18 80028215 0.7779
18 80028595 0.4491
18 80030402 0.487487808226294
18 80030689 1.47054462850246
18 80032676 0.4491
18 80037750 0.156795034632271
18 80043716 0.4491
18 80048712 0.5402
18 80048725 1.6521
18 80054855 1.02600812841191
18 80057471 0.8441
18 80060400 0.553415386101182
18 80062556 0.5402
18 80066246 0.0269
18 80067563 1.10262104274336
18 80070659 0.8183
18 80071249 5e-04
18 80073141 2.03215869892585
18 80073304 5e-04
18 80088784 0.8183
18 80097284 0.404583403430033
18 80097486 1.1001
18 80098620 0.0222
18 80109143 0.0075
18 80111138 0.0075
18 80119916 0.8441
18 80121775 0.483267380626748
18 80134056 0.816045359087703
18 80134836 5e-04
18 80143232 1.6609
18 80146131 2.38244438889669
18 80158531 0.682271239899762
18 80159179 0.272322219001259
18 80166075 1.02526889755931
18 80167115 0.8441
18 80174730 1.1001
18 80198172 0.229
18 80202638 0.6099
18 80208805 0.8712
18 80211420 0.5996
18 80214570 0.0879
18 80217851 0.5906
18 80229041 1.6499
18 80234102 1.0635
18 80244847 0.2801
18 80249901 0.7896
18 80256699 1.0291
18 80257347 0.9298
