chr pos logPval
1 51898 4.7948
1 54708 2
1 62203 0.290887325685507
1 66251 0
1 66263 0
1 180944 0.2142
1 803830 0.141921732379356
1 827221 0.1027
1 830725 1.93199034690731
1 851618 2.4943
1 855380 0
1 858049 0.131966787583931
1 868052 1.6356
1 904947 0.794646427106841
1 908961 2
1 909894 0.429960385535712
1 917495 1.28721165246095
1 924321 0.011
1 925412 8e-04
1 926428 0.011
1 928176 0.0376967172961747
1 929839 2.40397581161108
1 937507 0.0078
1 950802 0.732170249943301
1 969750 0.367685249106821
1 976745 0.150410272933606
1 977988 0
1 981454 0.373687738078332
1 993198 0.022
1 996128 1.90282021518891
1 1006159 0.0807
1 1008527 0.37947144948973
1 1034835 0.0951574804519798
1 1038819 0.0453
1 1043223 0.59311827254422
1 1049114 0.970088854333776
1 1049886 0.1271
1 1053552 0.208203310906268
1 1069577 0.486254706358819
1 1071823 0.1344
1 1073854 0.948022935351069
1 1077121 1.94233114059594
1 1077137 0.343741968906189
1 1078000 2
1 1081817 0.109253289368453
1 1085026 0.266252312364804
1 1095253 0.6742
1 1102708 1.0763
1 1118005 0.0608053029123528
1 1123255 1.2173
1 1133289 0.256560182062546
1 1144253 2
1 1163962 0.0348
1 1176196 2
1 1176269 5e-04
1 1187013 1.19054669260068
1 1192000 1.27176057817677
1 1192800 5e-04
1 1193398 0.538528229187891
1 1202562 0.383619492366902
1 1245171 2e-04
1 1259165 1.9516
1 1274256 1.6298
1 1277269 1.518
1 1284200 5e-04
1 1288392 0.0781
1 1324165 0.3005
1 1360507 0.0582
1 1360773 0.0162
1 1363456 0.0712
1 1363880 1.366
1 1367965 1.366
1 1367970 1.366
1 1367994 1.366
1 1369252 5e-04
1 1369627 1.366
1 1373007 1.4343
1 1378635 0.0505
1 1381294 0.0505
1 1485203 5e-04
1 1499125 1.617
1 1534141 0.0712
1 1536667 0.83913748163962
1 1538924 0.5822
1 1542198 2.3356
1 1543953 0.615
1 1559703 0.5822
1 1589151 1.01069100855995
1 1593274 5e-04
1 1594131 0.656888757203128
1 1602057 0.0558596985016259
1 1602666 0.3456
1 1608603 0.2971
1 1609058 0.373290048645371
1 1618213 0.180081935965682
1 1624086 2.05770543554093
1 1630798 0.142636584312832
1 1648826 0.254671224252807
1 1656715 5e-04
1 1679085 0.707329134395775
1 1688531 2.9966
1 1721197 5e-04
1 1728671 1.59315678013585
1 1740160 0.4948
1 1749639 1e-04
1 1755523 0.22400423441913
1 1756043 0.00568567459092387
1 1770997 1.62899408416615
1 1773356 0.222262175582895
1 1774165 0.8064
1 1782906 0.203122988965478
1 1811086 5e-04
1 1814815 1.87543868377996
1 1819705 0.0078
1 1820337 2.80405667635042
1 1837340 0.738179733784832
1 1840043 1.21782661292119
1 1855245 0.199591138335535
1 1860628 2.8723
1 1862347 0.0329
1 1864048 0.0329
1 1872690 0.868692129300977
1 1872863 0.0329
1 1892085 0.631411029046188
1 1920695 0.0859454054609156
1 1922882 0.842171036461584
1 1931580 0.7213
1 1934666 1.26644907500586
1 1934896 0.8067
1 1936734 0.0078
1 1946058 1.4731242209698
1 1949064 2
1 1951521 2.11042558004407
1 1956891 0.4636
1 1958353 0.15841897241744
1 1979621 0.7999
1 1981563 0.8219
1 1991395 0.0462
1 1991778 0.983875330102102
1 1991835 0.4553
1 1993854 1.269
1 1998049 1.866
1 1998952 1.0459
1 1999542 1.0635
1 2000090 0.598242233778403
1 2003927 0.786353403588836
1 2015152 0.532709060056052
1 2017366 0.116442212037981
1 2022997 0.0867043829622226
1 2024545 0.904807859043514
1 2034805 1.4516
1 2035575 0.342
1 2036515 0.342
1 2037780 1.4761
1 2053249 1.7528
1 2082783 1.222
1 2113103 0.323455737548964
1 2115499 0.405748263439475
1 2116145 0.135534855463798
1 2121658 8e-04
1 2123038 1e-04
1 2124387 1.8078
1 2124411 2
1 2126584 1.92907291932594
1 2127343 0.926662724817025
1 2127704 0.6641
1 2133900 0.505371034949126
1 2141561 0.1765
1 2142407 2e-04
1 2143629 0.211476841295095
1 2144131 2.33650748391205
1 2153701 0.874552804082567
1 2155277 1.41430221538426
1 2169620 0.716461979483868
1 2201613 0.647260711813864
1 2204652 1.8902848391427
1 2209954 1.14305478883184
1 2236920 0.292741022391204
1 2255546 0.1659
1 2260544 0.0712
1 2271335 1.4693
1 2277469 1.32406621696485
1 2289783 1.13190413867256
1 2291705 0.126330625579207
1 2337299 0.2962
1 2348984 0.1347
1 2351874 0.200106449698511
1 2364339 0.435476887097175
1 2367872 1.13950236760941
1 2397974 0.0077
1 2398222 1.03987566287816
1 2402505 0.0621
1 2413486 1.0966
1 2421930 0.0346876293352436
1 2436279 1e-04
1 2438460 1.2521
1 2452669 1.47014242967748
1 2459449 5e-04
1 2459594 0.124407340707032
1 2483898 0.0273
1 2503305 0.7151
1 2507329 0.1796
1 2579316 1.046
1 2592379 0.439633090784924
1 2602936 1.0299
1 2603958 3.1272
1 2604563 0.7026
1 2627444 2.1405
1 2628764 3.1145
1 2634801 1e-04
1 2635184 0.303638480839962
1 2684706 0.0032
1 2687083 0.997
1 2755973 1e-04
1 2773287 0.150034056405851
1 2776524 2.1405
1 2793011 1.6079001629199
1 2795605 0.836840845785428
1 2800905 0.7025
1 2815299 2.3054
1 2843420 1.0745952299136
1 2849663 0.8552
1 2856924 0.38921915325178
1 2866178 0
1 2875388 0.094
1 2884894 1.1526
1 2889542 0.6157
1 2889919 2
1 2902994 0.6424
1 2905847 0.6424
1 2921432 0.243956862095183
1 2922233 0.90676190680059
1 2924045 1.3463089369765
1 2925705 0.531562415571087
1 2927285 1.74967877940688
1 2927792 0.988107718528371
1 2947398 0.861369611757615
1 2960113 2.8185
1 2963819 1.0464
1 2966476 0.9809
1 2976360 0.485
1 2977405 0.0078
1 2977507 5e-04
1 2977546 0.424810256175603
1 2978068 0.568159456350589
1 2987009 3.1163
1 3026042 2
1 3052172 2.9933
1 3069321 0.946004070751351
1 3072161 2.6704
1 3083560 0.775928522861165
1 3106151 0.567081814703858
1 3109696 0.736069606504235
1 3116001 0.248203298706467
1 3129899 0.6887
1 3130688 0.6887
1 3141674 0.960476627302982
1 3149004 0.331095006990866
1 3162891 0.0078
1 3190723 0.580949316822732
1 3190822 0.692634316649351
1 3201114 0.0625
1 3202925 1.88448519047987
1 3207591 1.0664
1 3224426 0.74982608542928
1 3226820 0.5447
1 3240721 0.9905
1 3253002 1.41697779046721
1 3253026 0.811027281202866
1 3253350 2.9301
1 3260749 0.1475
1 3282653 1.3703
1 3287970 0.9225
1 3292932 0.0988
1 3294681 1.7134
1 3306063 0.9288
1 3306075 0.322120058166572
1 3309964 1.0218
1 3321237 0.28
1 3324727 1.3435
1 3332678 0.5744
1 3333590 0.3549
1 3335611 0.23614958810498
1 3341218 0.4636
1 3351581 1.0204
1 3351626 5e-04
1 3355405 0.163760078861596
1 3369186 1.6189
1 3401323 0.310048624605049
1 3403599 1.18689970190875
1 3409314 0.9217
1 3426240 0.7021
1 3436199 0.0066
1 3440674 0.0327
1 3447362 0.0966
1 3448173 0.0327
1 3467101 0.0783
1 3479409 0.0066
1 3481361 0.0843
1 3495879 0.284668564011172
1 3497541 0.4227
1 3505580 0.8371
1 3518819 1.3789
1 3542117 0.733
1 3550507 0.399274379835098
1 3575728 1.1599
1 3580623 2.0548
1 3581431 0.196933300480849
1 3585723 0.0917
1 3587926 5e-04
1 3595370 0.270433209384155
1 3598187 0.454
1 3598728 0.0162
1 3598870 1.1188
1 3609058 0.395033075868704
1 3609075 0.581391088750715
1 3616063 0.391716374842784
1 3616145 0.983649272200961
1 3617423 0.5825
1 3618228 0.905030185596822
1 3619615 2.1555074310437
1 3622271 0.6462
1 3629028 1.3299
1 3631778 0.953
1 3633288 1.11831122989481
1 3640291 0.9529
1 3640342 0.369944986305125
1 3654319 0.0413007061152401
1 3663264 0.525654265614866
1 3677541 0.0519
1 3679204 0.424847301101908
1 3689023 0.8473
1 3690956 0.8875
1 3698518 0.970160454537316
1 3700228 0.8672
1 3716973 0.022
1 3738183 1.5203
1 3738378 2.2286
1 3761369 0.00889899943632109
1 3765267 1.10335184639373
1 3768390 0.5849
1 3786770 1.739
1 3793615 0.391727501798756
1 3801680 0.5647
1 3803768 0.989967422924308
1 3804401 0.334663035327607
1 3806089 0.7779
1 3816218 1.01541996247515
1 3816902 0.271543076789037
1 3823909 0.441286143620118
1 3824180 0.395833432625606
1 3826568 0.333845568905743
1 3829223 0.910786894557918
1 3829690 0.0853517648090997
1 3830025 1.96532777386717
1 3831016 1.11238176790184
1 3833511 0.757
1 3833603 1.75018978951891
1 3843745 0.8222
1 3845208 0.6153
1 3845852 1.31838412806722
1 3848491 0.6986
1 3850023 0.6153
1 3851132 0.791619312541585
1 3855711 0.519869345301888
1 3856542 0.674608248826259
1 3868859 0.14672308508565
1 3872074 0.5959
1 3879978 1.2609880569263
1 3886207 0.790700583467365
1 3897726 0.424238504107269
1 3898430 1.585533920063
1 3900023 0.430203090218359
1 3920600 1.35475711048231
1 3929447 1.40231200291226
1 3929592 1.52843359783187
1 3935229 1.1566
1 3942319 0.0863
1 3951025 1.7527
1 3951813 0.0271060657960582
1 3962405 1.43541211207803
1 3962935 0.637192445916803
1 3964359 0.949024943029843
1 3977605 1.53103583353408
1 3977649 1.37211455222533
1 3977658 0.47152189067193
1 3998384 1.01658831016932
1 4001743 2.0641
1 4003919 2.9976
1 4008661 0.921857578778292
1 4009029 1.67152526502958
1 4013515 1.0127
1 4017047 5e-04
1 4020704 0.1112
1 4029184 0.9809
1 4058927 0.574741386231366
1 4060135 0.0266
1 4060818 0.227607183409697
1 4062511 0.0263
1 4065890 0.922071819730256
1 4066165 0
1 4067801 1.2623621965268
1 4071250 0.795441083353413
1 4074655 0.5921
1 4079000 0.937575281495485
1 4087901 0.1032
1 4092146 0.1516
1 4092868 0.7757
1 4104533 0.8467
1 4114929 0.8467
1 4118353 0.188610481920383
1 4127536 2.2372
1 4132337 2.2372
1 4137782 0.6386
1 4139684 2.2372
1 4147331 2.0272
1 4149053 2.4916
1 4152282 0.1229
1 4152525 2.0272
1 4154215 2.2666
1 4156721 2.0272
1 4160200 0.350403638724264
1 4170021 2.0149
1 4172154 2.2978
1 4173750 1.1295
1 4179395 1.30627021658694
1 4186318 0.8152
1 4186483 2.2073
1 4190003 1.16337575578202
1 4203003 2.52810601678625
1 4208191 0.0793069248532647
1 4209431 2.37214730159967
1 4211424 0
1 4219106 1.59865198811461
1 4223964 0.5573
1 4229662 0.4993
1 4240245 0.867033848354027
1 4244968 0.385417016421949
1 4261628 0.291335410247945
1 4268445 1.3305
1 4274541 0.723512341938983
1 4283278 0.3117
1 4302429 1.31185241795467
1 4303675 2.18503412278761
1 4331751 0.7746
1 4345042 1.7529
1 4348246 0.700633062273172
1 4350151 0.939333837124517
1 4354094 0.852816763532941
1 4355070 1.1028212164022
1 4355096 0.82364303152797
1 4359937 1.47278024423941
1 4378449 0.269427345149335
1 4389069 1.6709
1 4394120 1.16558625791357
1 4408058 1.20320466187218
1 4412676 1.1931
1 4420410 0.7814
1 4443042 0.9422
1 4445906 0.0332
1 4461542 2.0973693812833
1 4470015 1.5477
1 4474407 0.5681
1 4478490 0.9733
1 4492576 0.243312575935408
1 4497257 1.0798
1 4499157 0.543960620886617
1 4505320 0.0610807301850471
1 4513074 0.5094
1 4513400 0.0926
1 4514030 1.1295
1 4517567 0.9662
1 4518833 0.9616
1 4521525 1.00479268858636
1 4523234 0.3256
1 4527820 1.1295
1 4536218 0.1627
1 4539932 0.1627
1 4540261 0.1627
1 4541262 0.1627
1 4542070 2.7849
1 4555524 0.128
1 4574043 1.0933
1 4583422 1.782
1 4590931 0.187209047385034
1 4597027 0.314501154251979
1 4598705 0.313644287535204
1 4607936 1.8363
1 4620715 0.367
1 4621077 1.12077155995481
1 4621505 0.883
1 4632526 0.0072
1 4633111 6e-04
1 4642283 0.258183439228936
1 4647531 0.441255977668401
1 4661733 0.363335105560341
1 4662891 0.8581
1 4664171 0.9959
1 4677632 1.9133
1 4684146 0.822571349215405
1 4688245 0.5766
1 4696408 0.4908
1 4697138 1.3227
1 4698267 0.174666107143097
1 4704362 1.13426967661315
1 4708371 0.8916
1 4718110 1.8782
1 4734805 0.413800848083541
1 4735718 0.1261
1 4736163 0.2442
1 4740061 2.81582799741197
1 4756127 1.4688
1 4756142 0.913
1 4766216 0.5194
1 4768323 0.5317
1 4777321 1.397
1 4783858 1.0258
1 4788409 1.7043
1 4792847 0.5731
1 4793352 0.5796
1 4801707 0.9276
1 4849748 0.2611
1 4858124 0.2358
1 4862761 0.2358
1 4865113 0.2358
1 4868127 0.2358
1 4886192 0.4807
1 4903945 0.2793
1 4904446 0.974422494017464
1 4933664 0.258123816842574
1 4935115 0.897605689975894
1 4935752 0.67499612522049
1 4935882 0.426173355718137
1 4939290 0.625308976751925
1 4950829 1.5154
1 4975877 1.30203170654629
1 4991650 0.8571
1 5012235 2.78086041530591
1 5030101 1.0902
1 5034470 5e-04
1 5045809 1.76503783485617
1 5046879 0.875745391737151
1 5050456 0.456352841968333
1 5064175 1.67126799302208
1 5076132 0.0078
1 5079140 1.1005915176276
1 5083298 0.2495
1 5092302 1.4043
1 5114018 1.80234973069254
1 5115201 0.708909167453809
1 5135257 1.17191735523535
1 5149861 0.0207825903346494
1 5154525 0.25452667535215
1 5159784 0.756967745290355
1 5170686 0.73242109213075
1 5182965 0.559734970894201
1 5187680 1.8776
1 5190437 0.6837
1 5194537 0.184373582862036
1 5198496 0.611572132071015
1 5206442 0.153952357894937
1 5207910 0.881601550492993
1 5208863 0.577283417233546
1 5210025 1.1879505053949
1 5210621 1.3814
1 5223008 1.00896046184275
1 5236784 0.206658556806378
1 5244348 0.2062
1 5246175 1.0733
1 5247614 0.3
1 5248816 0.3
1 5259763 0.2473
1 5268565 1.02626085598596
1 5269275 0.675205395110285
1 5269920 0.906941441575809
1 5270355 0.271917540675419
1 5271855 0.472342376300827
1 5279305 0.7086
1 5283114 1.04657281571782
1 5289886 0.483341841463678
1 5290014 0.0226634821971188
1 5295539 0.021683952301462
1 5307906 0.648572784233663
1 5309156 0.299104331004601
1 5309270 0.626896624378055
1 5314176 0.318194169367585
1 5314350 0
1 5315879 0.612426411730267
1 5321837 1.2211
1 5326418 1.1388
1 5329231 1.1388
1 5330473 1.2427
1 5341229 1.355
1 5341854 1.1588
1 5424920 2.5952
1 5454134 2.16641372847207
1 5487978 1.153
1 5501372 0.262688332631349
1 5531785 0.534240652331775
1 5533371 1.25529896110822
1 5535296 0.127776536250014
1 5538666 1.5164
1 5546410 1.5105
1 5548093 1.5164
1 5550231 1.7298
1 5555464 0.67059088102411
1 5556770 1.5164
1 5560727 1.24180289679057
1 5562068 1.5223
1 5563101 1.5223
1 5565912 0.825293186112882
1 5569563 1.4821
1 5576833 1.7774
1 5577522 0.207191946536658
1 5582016 0.9964
1 5582451 0.2811
1 5582645 0.62214794900516
1 5602804 1.21988532551458
1 5603986 0.853378906728329
1 5606170 2.5331
1 5608774 1.2803
1 5609579 0.696939883829726
1 5612808 0.881276748860655
1 5620541 2
1 5620931 2
1 5625959 2
1 5633537 1.7817
1 5634909 2
1 5642007 2
1 5642736 1.7817
1 5643185 2
1 5649773 2
1 5656068 2
1 5657346 2
1 5666331 2
1 5687124 2
1 5692356 2
1 5719067 0.2833
1 5730109 0.3829
1 5735339 0.6607
1 5739062 0.6443
1 5740144 2
1 5786267 0.776988699304009
1 5790096 0.8846
1 5797901 0.8581
1 5809405 1.20233011554036
1 5816569 0.1683
1 5816928 0.7256
1 5817061 0.168379831048919
1 5829812 0.31479477341538
1 5841915 0.8259
1 5841990 0.686626799698984
1 5843466 0.1719
1 5846583 0.1719
1 5873470 2
1 5877353 2
1 5878319 0.7011
1 5893727 2
1 5895781 0.7011
1 5905119 2
1 5921858 0.7011
1 5929921 0.7011
1 5955882 0.7539
1 5962391 0.7539
1 5971592 0.7866
1 5988702 0.7866
1 5989910 0.7866
1 5992014 2
1 6002737 0.8043
1 6005113 6e-04
1 6005427 5e-04
1 6008757 2
1 6022033 2
1 6024837 2
1 6032573 2
1 6037961 2
1 6048105 0.2666
1 6079040 5e-04
1 6088862 1.2694
1 6090577 0.0727
1 6101994 1.36201683058713
1 6102573 1.2694
1 6108145 0.2683
1 6119850 0.883906928637406
1 6135538 2
1 6136433 2
1 6137032 2
1 6137399 2
1 6142363 1.1792
1 6144782 0.735465012124273
1 6212018 1.4777
1 6236149 1.0622
1 6272849 0.541147786290627
1 6296759 1.5688
1 6298544 0.510511914944484
1 6310753 2
1 6313638 0.236590271503776
1 6314823 0.701743924428071
1 6322782 1.22
1 6327596 0.0509
1 6332065 1.25044265355822
1 6336767 1.24620382136254
1 6339651 1.05362148922763
1 6350743 1.83615469802606
1 6359547 1.81920678837282
1 6369532 2
1 6370532 2
1 6375838 5e-04
1 6379972 0.322351908568642
1 6383963 0.0112
1 6385199 0.0915570643928229
1 6390476 0.717387195816549
1 6390944 2.4476
1 6392950 2.4476
1 6393579 2
1 6404474 1.5843
1 6408493 1.6591842184378
1 6412038 2
1 6412239 0.507637978127269
1 6414304 2
1 6417341 0.356932875244179
1 6424166 1.8474
1 6435601 2
1 6485724 5e-04
1 6508183 2
1 6508810 0.6036
1 6510502 0.6036
1 6523171 1.0234
1 6527637 0.471343484392504
1 6527800 0.233087162509429
1 6531406 0.752201797602133
1 6539695 0.707456863813871
1 6545892 2.8037
1 6549836 0.248462493416111
1 6553524 0.332766204347719
1 6555635 0.0236677060938532
1 6559690 0
1 6571640 0.0371423632541534
1 6575636 2
1 6575695 5e-04
1 6578004 0.9977
1 6599812 0.890915373503057
1 6610983 1.2499
1 6643747 0.923670417938459
1 6652712 1.5635
1 6662832 0.353317751552636
1 6665170 2
1 6677175 2
1 6679713 0.874277108888713
1 6683286 0.429376579204147
1 6685079 2
1 6728925 2
1 6757354 0.413372428491926
1 6761930 2.96775641051562
1 6770313 0.330156723110186
1 6776292 2
1 6791064 1.43160101242377
1 6794014 1.41985924155823
1 6797386 1.50658102652963
1 6798772 1.0216
1 6819314 1.24473216481558
1 6823783 2
1 6826589 0.0013
1 6869456 0.7811
1 6904776 1.8068
1 6915161 0.701103476670984
1 6922405 1.04725733341757
1 6927737 1.4236
1 6932798 0.2966
1 6935919 0.001
1 6952169 1.4475
1 6990809 2
1 6993793 1.7528
1 6994919 0.2437
1 6997278 1.23713313349682
1 7019833 0.1445
1 7024046 0.0066
1 7047654 0.8245
1 7054065 0.8744
1 7063175 2
1 7066611 2
1 7069560 2
1 7077405 2
1 7092009 1.6062
1 7104243 5e-04
1 7104283 0.186423951358479
1 7107303 0.0402
1 7150985 0.018871438579178
1 7165578 2
1 7179028 2
1 7188154 0.120552525615274
1 7204971 1.00153567300866
1 7222774 0.1131
1 7246391 0.0593167162439288
1 7255520 1.70639978429675
1 7257636 0.110022101489974
1 7263628 2.44734614911764
1 7274529 2
1 7302870 0.527030861042471
1 7323199 1.25605625700945
1 7335143 3.4749
1 7344913 0.235218263056214
1 7356858 2
1 7364257 2
1 7373801 0.0621
1 7394882 2
1 7395057 2
1 7400373 2
1 7402916 2
1 7409537 0.0561
1 7411412 0.0053
1 7411834 0.0502
1 7417056 0.0502
1 7422903 0.718
1 7429521 2
1 7434451 2
1 7449551 0.9434
1 7463846 0.338256025417305
1 7464600 1.0789
1 7465922 0.379833921043083
1 7466699 0.7573
1 7472230 1.63915867086529
1 7473979 0.7925
1 7477440 1.68283347541817
1 7480108 1.82125681784064
1 7487312 0.0940644049890287
1 7492741 0.901961823716965
1 7492777 0.796017822950268
1 7496306 1.30032057276271
1 7499309 0.115120630969869
1 7499440 1.38071036119763
1 7500587 0.7179
1 7504601 2
1 7507451 0.937607352536544
1 7517091 0.1558
1 7518273 0.2719
1 7521838 0.608278807827118
1 7548993 0.8929
1 7557662 5e-04
1 7573738 2
1 7609862 2
1 7622429 2
1 7626415 2
1 7627461 2
1 7634244 2
1 7650750 0.400323022097518
1 7652019 2.0433
1 7655106 2.16769373570561
1 7657582 0.0886
1 7659716 2
1 7660075 2
1 7665795 2
1 7668433 0.583
1 7677591 1.6374
1 7687919 2
1 7688191 2
1 7689814 0.0611
1 7696495 2
1 7715038 2.2627
1 7715355 0
1 7717543 0.6737
1 7739126 0.9747
1 7745343 2.23992431714317
1 7745528 0.626564678412588
1 7783747 2
1 7786210 0.0276
1 7799257 1.456
1 7801244 2.52518837782804
1 7801772 0.0276
1 7811421 2
1 7820623 2
1 7855563 0.0349
1 7860267 2
1 7862194 0.6104
1 7867450 2
1 7868292 0.530531139321586
1 7868688 2
1 7874733 0.238
1 7881411 0.238
1 7893386 0.342
1 7893393 0.872
1 7900505 0.1145
1 7929967 1.1265
1 7930307 0.5671
1 7968870 0.7081
1 7999838 2.9973
1 8001999 0.1517
1 8006854 0.4305
1 8008962 0.4109
1 8020835 0.7081
1 8045115 0.1616
1 8046141 0.7081
1 8065027 0.4119
1 8089315 2
1 8092300 0.445904956725434
1 8103062 1.68319505645555
1 8105607 1.04616341447278
1 8128256 2
1 8135166 2
1 8135400 2
1 8140086 1.3085
1 8140268 0.6075
1 8146560 2
1 8152843 2
1 8153450 2
1 8154002 2
1 8157243 2
1 8161713 2
1 8163038 2
1 8163528 2
1 8164339 2
1 8196253 0.5184
1 8222403 0.3321
1 8224190 0.4485
1 8238497 1.9181
1 8255008 2
1 8262314 2
1 8278693 2
1 8279450 2
1 8293405 0.896028958360728
1 8299077 1e-04
1 8305128 0.606554095529406
1 8320063 0.5191
1 8321704 0.8681
1 8323718 0.5043
1 8333085 1.11427120136462
1 8333158 2.2701830107995
1 8346274 0.5428
1 8346481 1.84
1 8353779 0.7651
1 8365840 0.8936
1 8366176 0.8936
1 8374986 0.6261
1 8386056 1.8939
1 8387662 2
1 8401270 0.8936
1 8401940 0.8936
1 8406670 2
1 8429242 2
1 8443319 2
1 8465555 2
1 8468794 2
1 8477229 2
1 8479209 0.476191572664189
1 8501031 6e-04
1 8501695 0.0263
1 8504241 2
1 8520901 0.4936
1 8521196 2
1 8523668 2
1 8544311 2
1 8550778 2
1 8554867 2
1 8566058 2
1 8569837 2
1 8578086 2
1 8594246 2
1 8598418 2
1 8610934 1.55740473052442
1 8617505 2
1 8617714 2
1 8628947 0.4706
1 8678076 2
1 8680654 0.581773665590424
1 8799432 0.539315068647654
1 8802339 0.0369
1 8804753 0.9018
1 8832518 1.13230235201699
1 8836658 0.158906906565368
1 8850519 0.912495053696271
1 8850927 0.391847022610466
1 8858736 0.0019860742615229
1 8875090 0.561743296509428
1 8877714 2
1 8894349 1.06763005344753
1 8900328 1.24033174862147
1 8902768 2
1 8912063 2
1 8913105 2
1 8919627 2
1 8930686 1.5399
1 8941176 1.17729947652646
1 8948957 2
1 8951233 2
1 8960846 1.34293057257839
1 8968113 2
1 8969655 2
1 8974362 0.381221257801538
1 8975184 2
1 8975857 0.156218046899237
1 8979645 0.4699
1 8984746 2
1 9000185 2
1 9007083 0.8706
1 9009519 1.1948
1 9009664 0.5256
1 9009684 0.6115
1 9010871 1.1948
1 9012714 0.6946
1 9017997 0.5504
1 9022114 2
1 9032200 0.0515
1 9033856 2
1 9035435 2
1 9038213 2
1 9042830 1.6226
1 9048304 0.0107
1 9050143 2
1 9067157 2
1 9074969 0.4419
1 9092021 0.5075
1 9098541 0.5075
1 9098706 2
1 9101262 0.5753
1 9104141 0.229743278020315
1 9113895 0.8937
1 9114162 2.7841
1 9114265 2
1 9116357 2
1 9117258 2
1 9119536 0.5578
1 9125601 0.400135306711588
1 9126078 2.5331
1 9144491 2
1 9147662 2
1 9160043 2
1 9200841 0.3352
1 9206072 0.1287
1 9207599 0.1287
1 9207994 0.0263
1 9212100 2
1 9212219 2
1 9213137 0.1287
1 9219981 2
1 9223399 2
1 9223449 0.0263
1 9268749 2
1 9273289 2
1 9274937 2
1 9277199 0
1 9280043 2
1 9286878 1.739
1 9293213 2
1 9299573 0.6996
1 9307650 0.6828
1 9311150 0.262418448358891
1 9329311 1.08824777463543
1 9337170 1.06449263969729
1 9340001 0.5879
1 9340093 0.0461
1 9347418 0.523640040697582
1 9362959 2
1 9364340 1.24998104066362
1 9365968 0.295219398250019
1 9380240 0.435222465776725
1 9389384 2
1 9391223 2
1 9416756 2
1 9419203 5e-04
1 9423772 2
1 9450869 2
1 9454787 0.663111739926602
1 9465359 2.29863016341585
1 9465638 0.757885161616568
1 9466897 0.0801371479599697
1 9469773 2
1 9482912 0.4555
1 9490859 1.79944282626721
1 9529288 0
1 9531440 2
1 9553460 2
1 9564227 2
1 9567045 2
1 9571879 2
1 9580864 2
1 9591221 2
1 9613721 2
1 9617795 2
1 9624358 2
1 9632861 2
1 9635830 2
1 9639319 2
1 9639502 2
1 9649014 0.495867324598695
1 9651702 0.833078891050613
1 9657562 2
1 9660438 2
1 9689877 1.43372606308101
1 9730937 0.1183
1 9768412 1.4826
1 9768560 2
1 9790865 2
1 9800767 0.0078
1 9811802 1.3496
1 9813493 2
1 9824341 2
1 9828144 2
1 9842580 2
1 9850299 2
1 9867196 2
1 9949080 2
1 9951013 2
1 9953448 2
1 9968564 1e-04
1 9999317 2
1 10032712 2
1 10040833 0.0513794039879166
1 10048049 2
1 10056707 2
1 10072435 2
1 10095225 0.0899
1 10100063 2
1 10143930 2
1 10181267 1.6412
1 10191391 2
1 10210823 0.0897
1 10214588 0.6253
1 10215255 0.720820089728616
1 10250156 0.64509676663721
1 10254599 2
1 10259401 0.77020927348986
1 10261996 2.24801241241971
1 10262300 2
1 10266632 2
1 10286145 0.911156769617411
1 10294406 2
1 10316745 2
1 10317830 0.2557
1 10331828 2
1 10339120 0.771396377024525
1 10357996 1.50289295490345
1 10362900 2
1 10365059 0.4256
1 10372730 0.6508971730969
1 10391525 2
1 10402031 1.58863991641271
1 10410923 2
1 10413139 0.889288532465437
1 10418773 0.930832767746117
1 10419621 2
1 10435710 0.654
1 10444055 0.230258274891911
1 10483606 5e-04
1 10489791 0.347095589941231
1 10506158 0.206647622196481
1 10525470 0.288080614845443
1 10527515 1.08127993820295
1 10574114 0.0866737022934035
1 10577588 4e-04
1 10596374 2
1 10604495 1.4706
1 10715658 1.2283
1 10718982 1.04607314397568
1 10737371 2
1 10740680 1.004
1 10747620 2.3421
1 10750557 0.0104
1 10751615 0.454752993874734
1 10781276 0.533036406942301
1 10784501 0.0872104948898704
1 10789368 2
1 10808995 1.1452
1 10814833 0.4101
1 10817699 1.2857
1 10818909 2
1 10829828 0.0122
1 10830647 2
1 10832750 1.20701178190942
1 10834269 0.54532201916993
1 10851932 0.9792
1 10866503 0.758956376018905
1 10872401 2
1 10873563 2.77340435970469
1 10875175 2
1 10897927 2
1 10898351 2
1 10908673 2
1 10917588 2
1 10918842 2
1 10923894 2
1 10926003 0.518116989224314
1 10927560 0.271889231552237
1 10928436 0.8105205393935
1 10932879 0.2966
1 10937134 1.7978
1 10946611 1.7215
1 10947102 0.0652
1 10954473 5e-04
1 10956715 0.672
1 10973740 2
1 10974325 2
1 10978991 2
1 10984374 2
1 10985482 2
1 10986125 2
1 10987244 2
1 10988131 2
1 11000742 2
1 11043243 2.5866
1 11046055 2.9455
1 11066512 0.0562999045303066
1 11068597 0.0861438527825838
1 11121270 0.446991709839464
1 11130589 1.15032438738551
1 11157662 2
1 11201872 1.05879847906532
1 11201963 0.562759301808686
1 11206407 0.284257470829046
1 11230284 1.57722592792098
1 11235811 0.844620239621422
1 11244663 0.974071704625232
1 11257604 0.266157654712258
1 11281757 1.2922
1 11335714 0.9539
1 11337006 0.9539
1 11338158 5e-04
1 11340352 0.5427
1 11340850 0.5427
1 11343637 0.6511
1 11344438 0.5574
1 11344575 0.5574
1 11347253 0.5574
1 11377969 0.6416
1 11426464 2
1 11436937 2
1 11443603 2
1 11444360 2
1 11471002 2
1 11473369 0.0053
1 11477185 2
1 11488344 2
1 11491839 0.7546
1 11494905 2
1 11526939 0.6835
1 11527074 0.9314
1 11559810 2
1 11566372 2
1 11570660 2
1 11576371 1.0395
1 11587746 0.6265
1 11601452 0.1356
1 11604865 0.1356
1 11609278 0.3604
1 11635638 0.5763
1 11642098 0.4982
1 11668837 1.1743
1 11680301 0.3145
1 11694111 0.798621576905753
1 11702518 0.888399199427892
1 11710879 0.116022739870613
1 11721077 2
1 11723394 2
1 11724061 2
1 11730329 0.1436
1 11730393 0.112925867509281
1 11730997 0.1985
1 11742810 1.55623313669436
1 11771538 1.4475
1 11773468 0.957146386087662
1 11774050 0.0619
1 11776126 0.735582698264698
1 11776176 0.9841
1 11780323 0.00758392912595982
1 11781824 0.9841
1 11782951 0.837495350949834
1 11784273 0.205003163381096
1 11801798 0.7911
1 11809521 0.0789
1 11810326 0.8795
1 11811671 0.9899
1 11812338 0.9899
1 11816845 1.57806506879422
1 11821081 0.977866897555343
1 11822575 0.9841
1 11827246 0.7911
1 11830147 0.9899
1 11833232 0.9899
1 11854094 1.1191
1 11854139 1.1191
1 11856176 0.291238669954083
1 11880426 0.154464703631758
1 11882724 2
1 11889767 0.758800521213117
1 11897489 0.8998
1 11908021 0.205359644680395
1 11915586 0.531102397099634
1 11947443 1.4315
1 11949899 1.0507
1 11960355 1.0507
1 11962734 1.0888
1 11971748 1.4167
1 11971973 0.693655264796335
1 11972015 0.5991
1 11975964 1.3814
1 11986032 1.24077570438294
1 11986277 1.33589818649165
1 12012461 0.79198124588828
1 12056260 2
1 12070145 0.0519981667940762
1 12070460 0.7708
1 12075268 0.9486
1 12078409 0.2052
1 12082168 2
1 12088331 1.00999068205753
1 12113599 0
1 12131143 0.2148
1 12133738 0.0072
1 12157083 2
1 12174178 0.217983544512152
1 12207914 2
1 12422019 0.936720129413549
1 12534626 0.0263
1 12538975 5e-04
1 12546406 1.9415
1 12551439 0.9128
1 12552120 0.8494
1 12554148 0.7997
1 12557189 0.9299
1 12559666 1.93
1 12575577 0.0263
1 12576007 2.0025
1 12582874 0.3088
1 12586202 2
1 12599396 0.921753248370741
1 12600408 1.24255862627843
1 12603769 2
1 12604992 2
1 12609447 2
1 12612531 1.15420937113234
1 12621535 1.4913
1 12623184 1.62323203705133
1 12648484 2
1 12649712 2
1 12657725 2
1 12660089 2
1 12663442 2
1 12668142 2
1 12679856 2
1 12715701 2
1 12721140 1.37720783301096
1 12728898 0.694552941603557
1 12743006 2.40687655472302
1 12743101 1.29454533211594
1 12756224 2.5866
1 12772173 2
1 12789721 3.1217
1 12812145 2
1 12812887 0.222208764198223
1 12816467 0.756747668267291
1 12817422 2.36129258149262
1 12818107 1.98641925902199
1 12819605 0.741223442846236
1 12820276 0.568503680694277
1 12823949 0.152546391929025
1 12825693 0.571399955931461
1 12828529 2.57139563909318
1 12829144 0.00331192097974793
1 12833310 0.400740020748814
1 12833902 0.170410537640395
1 12850596 0.7763
1 12857653 5e-04
1 12891285 2
1 12915626 1.00783708265373
1 13108545 1.08459728461535
1 13280352 2.0273
1 13290860 2
1 13330721 0.809150459022525
1 13371977 5e-04
1 13377387 2
1 13378349 1.06305858811627
1 13378492 1.25914532591387
1 13380069 5e-04
1 13382132 2
1 13382942 5e-04
1 13389061 2
1 13396027 0.0078
1 13405758 2
1 13407077 0.138505355834586
1 13418237 2
1 13436719 0.7882
1 13436847 0.7882
1 13445161 1.5845
1 13451553 0.2948
1 13466282 2
1 13466739 2
1 13466778 2
1 13468838 2
1 13470142 5e-04
1 13473718 2
1 13480690 2
1 13482501 2
1 13496156 0.3048
1 13499352 0.2601
1 13507702 0.5889
1 13514560 1.062
1 13522399 0.3373
1 13524013 0.8458
1 13532314 0.8184
1 13557493 0.0902
1 13558398 0.1347
1 13567971 5e-04
1 13575934 0.0271054210780737
1 13584898 1.4946
1 13592862 0.52219737283061
1 13595017 1.5114
1 13608679 0.904591506492161
1 13611882 0.095957309723139
1 13614369 1.00408431178255
1 13619231 2
1 13621730 0.36110855671733
1 13622048 2.8217
1 13622592 1.3814
1 13627626 0.761803855224201
1 13630519 2.40965348186359
1 13669583 0.1408
1 13677086 0.1464
1 13681154 0.1912
1 13691325 0.1912
1 13716940 0.7989
1 13717615 0.0181
1 13729214 0.7051
1 13764309 2.2126
1 13792844 1.8731
1 13793752 0.7268
1 13795397 1.0465
1 13799001 1.1989
1 13799958 1.75855280349443
1 13812701 0.3542
1 13822295 0.3497
1 13836933 2
1 13837204 2
1 13852021 1.0479
1 13857531 2
1 13879600 2
1 13879665 2
1 13880909 2
1 13905555 2
1 13910538 0.712618055274513
1 13917022 0.4636
1 13931172 0.3028
1 13941547 0.2418
1 13946275 0.5325
1 13951218 0.784
1 13951369 0.2494
1 13956250 0.3224
1 13978495 2
1 13983705 1.0897
1 13984561 0.0621
1 13993966 2
1 13997176 0.435896400597191
1 13997635 1.0897
1 14022137 1.2261
1 14045115 0.643849866415765
1 14065195 1.4802
1 14081307 0.650381420056243
1 14083214 0.109611097915253
1 14115115 1.46461350530506
1 14141496 5e-04
1 14142062 0.3445
1 14150089 0.8369
1 14171998 0.530565550848496
1 14173667 1.2154
1 14188791 2
1 14206702 2
1 14226700 0.3843
1 14227317 0.3843
1 14231615 2
1 14240125 2
1 14244713 0.4897
1 14246245 2
1 14260460 2
1 14271560 0.0814
1 14290131 0.3148
1 14326795 2
1 14338315 0.0623
1 14367276 2
1 14373220 2.2289
1 14373990 0.87719947242589
1 14381381 1.8857
1 14391487 2
1 14405703 0.9739
1 14406664 0.8989
1 14435969 0.177014284589569
1 14444794 0.6155
1 14449123 2
1 14450120 0.447215167280068
1 14450236 0.454013252182367
1 14451995 2
1 14461622 1.1126
1 14463936 1.167
1 14491708 5e-04
1 14495890 0.0803778488257877
1 14498989 0.0681
1 14503151 1.34048597016704
1 14509214 0.561632356341367
1 14528349 2.1602
1 14529102 2
1 14535664 0.191245959697216
1 14553137 2.13
1 14556390 0.992041355000421
1 14595143 0.645966302085523
1 14606000 0.1468
1 14606709 0.1525
1 14606921 0.1525
1 14634067 2
1 14641668 0.575681176988162
1 14654744 0.2276
1 14657025 1.9275
1 14658159 1.8942
1 14659099 0.4706
1 14665307 0.379609253024087
1 14669143 1.44751993703488
1 14670446 0.699420184097513
1 14672376 1.96861505973316
1 14679849 1.8626
1 14683213 1.2021
1 14683510 0.642801792512845
1 14685257 2.02838337799159
1 14702991 0.312066451570779
1 14703653 0.213157318135748
1 14715948 0.0707
1 14716521 0.0707
1 14726604 2
1 14731945 3.0378
1 14739419 1.07614277899258
1 14746118 2.15240602289359
1 14749809 2
1 14761074 2
1 14762518 0.534848401525517
1 14762650 1.19950314904938
1 14766245 0.0609
1 14769500 1.91537425817529
1 14774305 0.94
1 14798201 1.0735
1 14820984 0.689414633049574
1 14824156 0.420421120569879
1 14827947 0.458203765705173
1 14836074 1.3227
1 14844271 1.38799072978253
1 14858733 0.2424
1 14859389 1.25302457401133
1 14869639 0.216230471355714
1 14885921 0.1413
1 14886697 2
1 14905713 0.1024
1 14910522 0.0779
1 14914421 0.2027
1 14919034 1.21874272880812
1 14928321 2.978
1 14930407 0.7635
1 14937235 1.3028
1 14951540 0.209179433293677
1 14951940 0.473
1 14967079 0.40646594928746
1 14979096 0.6046
1 14991307 0.112331713668077
1 14992988 0.222023195341834
1 14993418 0.104380517360932
1 15006327 1.8768958444633
1 15021158 0.539
1 15026462 0.458047151966848
1 15032120 0.1009
1 15032414 1.5937
1 15038142 0.7595
1 15042409 0.5702
1 15083686 0.0076
1 15086425 0.138025004154384
1 15095159 0.349157964920145
1 15099154 1.72073734825411
1 15102012 0.255946030409701
1 15102225 0.698897010778872
1 15104437 1.80448289988624
1 15106464 0.0273
1 15108395 1.875
1 15110237 0.3707
1 15112917 0.0273
1 15119559 0.143124640809155
1 15124407 0.199310893406186
1 15127572 1.59175406883165
1 15137246 1.15706502283981
1 15139574 1.4795486539027
1 15145139 0.470812468980524
1 15146062 1.54539019744661
1 15146391 0.0217
1 15153790 0.0411992439344852
1 15156201 1.28580814288354
1 15156210 0.445378115021677
1 15167054 2.68313135726915
1 15171336 0.158390742199587
1 15171348 0.895425357074277
1 15174823 0.86621790225811
1 15179144 0.0078
1 15184153 0.406326131037364
1 15185114 1.09201083449494
1 15189783 0.677563353915208
1 15190856 0.4769
1 15192687 1.31817246408786
1 15198733 0.47700058559186
1 15206554 0.805724854774155
1 15215601 0.778
1 15230085 0.327439755456949
1 15230427 0.152516685707512
1 15233262 0.922774508842431
1 15240203 1.98879483517615
1 15245637 0.646827975162748
1 15263561 0.847
1 15271143 0.410678673097676
1 15271295 2
1 15272529 2
1 15290558 2
1 15334808 0.5129
1 15336110 0.5129
1 15350570 0.525325538199899
1 15377292 0.754006505962762
1 15384867 1.38837937980369
1 15410129 0.0897
1 15417791 0.0680992104651497
1 15418181 1.5842
1 15442237 0.899903719461843
1 15456601 5e-04
1 15459162 0.0976528945447048
1 15471822 0.525895894624093
1 15474866 2
1 15483381 1.74305548436089
1 15493273 2.75750684660921
1 15497644 1.0760924545907
1 15503308 2
1 15508793 0.313635476158337
1 15524297 0.548644572998057
1 15582039 0.00900315633815587
1 15583052 0.0248511115730464
1 15587881 1.82707541851283
1 15588662 1.1799
1 15593801 1.0932
1 15601364 0.65376441639937
1 15602022 0.6748
1 15611613 1.2657
1 15618437 1.5862
1 15628751 2
1 15629020 1.0932
1 15642115 0.6748
1 15649492 0.6921
1 15675793 2
1 15689032 1.2939
1 15701878 0.5221
1 15702671 0.5221
1 15712037 0.9549
1 15747999 1.0021
1 15762529 0.7541
1 15770742 2
1 15791427 0.4366
1 15817679 0.0634
1 15822105 2
1 15827828 1.0756
1 15858145 2
1 15904479 5e-04
1 15905314 1.25820208585403
1 15952454 0.689250240278185
1 15962033 1.2402639083291
1 15971097 2
1 15981952 0.141
1 15988462 0.0634
1 15988732 0.0634
1 15993909 2
1 15995406 0.0634
1 15998553 0.0634
1 16003062 2
1 16005488 2
1 16013277 0.0554
1 16020690 2
1 16021039 0.0638516972435809
1 16022234 0.1872
1 16040205 2
1 16040237 0.105
1 16040449 0.0415642102222317
1 16040707 0.1128780420347
1 16042283 2
1 16043396 2
1 16045437 0.165995886621157
1 16047328 2
1 16047366 1.82654908293167
1 16055227 0.5011
1 16057086 2
1 16081492 2
1 16084284 2
1 16089882 2e-04
1 16093094 2
1 16117495 2
1 16121542 2
1 16121800 2
1 16123251 2
1 16140896 0.3382
1 16167021 0.362205635579495
1 16168599 0.227928064237936
1 16169351 1.63770166459326
1 16169458 0.033302990507645
1 16171553 0.2425
1 16178054 0.3327
1 16179598 0.636761571324768
1 16186425 0.3327
1 16195080 0.424569166471043
1 16222799 1.2368164377037
1 16228610 1.62738917356662
1 16234533 0.282111691826721
1 16238134 1.3065
1 16266188 0.359042374296999
1 16274382 0.509135180593685
1 16296051 0.443487291246421
1 16301473 0.992830896345537
1 16307094 0.793781579659221
1 16317208 2
1 16321895 2
1 16344723 1.83281010019381
1 16354240 1.40386192803943
1 16370462 0.134161194181187
1 16389325 1.6752
1 16390625 0.366755804856877
1 16407941 2
1 16429531 2
1 16451317 0.5931
1 16460109 1.4558
1 16464406 0.251532456642887
1 16467596 0.706975009075025
1 16467620 0.990872398710735
1 16483223 2.5952
1 16493055 1.23277844442893
1 16504338 2
1 16519045 2
1 16521337 1.25928033573798
1 16606436 0.3015
1 16639133 0.1474
1 16678355 1.61170535440772
1 16681714 2
1 16713156 2
1 16718705 2
1 16862947 2
1 16917062 0.684508870800174
1 16947633 0.0496
1 16953530 2
1 16953644 2
1 16954148 1.6875
1 16962069 0.0078
1 16977094 2
1 16980453 2
1 16984695 2
1 17015873 2
1 17050016 2
1 17057385 0.0156
1 17063153 2
1 17066485 2
1 17076071 2
1 17076733 2
1 17080381 2
1 17080719 0.0103
1 17083044 5e-04
1 17091844 2
1 17095807 2
1 17097807 2
1 17112859 0.4212
1 17120816 1.0498
1 17125221 1.2847
1 17127230 0.4542
1 17127392 5e-04
1 17131367 2
1 17133766 0.3229
1 17134938 2
1 17137228 2
1 17138208 2
1 17163325 2
1 17171648 0
1 17176066 2
1 17180559 2
1 17181916 2
1 17189723 2
1 17191939 2
1 17195935 2
1 17196386 2
1 17202673 2
1 17206513 0.6597
1 17233412 2
1 17233560 2
1 17233618 2
1 17239874 0.403728354198312
1 17241503 1.29926503006927
1 17243320 2
1 17248386 5e-04
1 17258693 2
1 17285024 2
1 17289699 2
1 17290400 5e-04
1 17295263 0.554946591990986
1 17301349 0.0112787228862997
1 17304741 2
1 17308646 0
1 17323002 1.7941763223153
1 17323119 0.448614981065021
1 17323301 0.165207233264466
1 17328554 0.492893628867107
1 17333318 0.427019545109631
1 17334947 1.3519
1 17336912 0.718815409134515
1 17343936 2
1 17351956 0.0078
1 17367216 2
1 17368541 5e-04
1 17369116 2
1 17374302 2
1 17431350 5e-04
1 17465171 0.0053
1 17480679 2
1 17493725 2
1 17504906 0.1985
1 17506915 5e-04
1 17526611 0.0107
1 17541279 1.20985363985476
1 17544278 1.5189
1 17551516 1.00654553146979
1 17552124 0.501743275917655
1 17571594 0.729143925265324
1 17588912 1e-04
1 17591568 0.2574
1 17591852 0.2439
1 17634317 0
1 17646549 2
1 17647158 2
1 17679612 2
1 17682920 2
1 17683617 0
1 17683694 2
1 17687325 2
1 17690095 2
1 17693366 2
1 17698299 0.0392232959116495
1 17701231 2
1 17714331 2
1 17720291 0.4253
1 17726150 0.76365603432611
1 17736637 2
1 17748207 2
1 17751197 2
1 17756290 2
1 17758795 2
1 17772912 2
1 17774099 2
1 17774310 2
1 17776554 2
1 17785251 1.40053782794296
1 17792983 0.711172948066555
1 17800626 2
1 17833638 1.3971172384156
1 17837427 0.164338998811208
1 17838905 0.86517955265041
1 17859600 5e-04
1 17870325 0.8784
1 17887899 2
1 17890323 0.1976
1 17899163 0.4021
1 17899200 0.4021
1 17909441 2
1 17911145 2
1 17914166 2
1 17927477 2
1 17933903 2
1 17935336 2
1 17937863 0.0624
1 17948404 0.271062561673947
1 17982215 1.0024
1 18002554 2
1 18005897 1.22175453118015
1 18007398 2
1 18015448 2
1 18015874 2
1 18020579 1.8651
1 18023688 0.2253
1 18028918 0.0492
1 18033407 0.1263
1 18035565 2
1 18046248 0.2333
1 18048344 0.0492
1 18048918 0.2333
1 18049658 5e-04
1 18049669 5e-04
1 18071944 2
1 18085841 2.72719769025142
1 18086928 1.55574236358638
1 18090195 0.614858517203533
1 18099460 2
1 18103995 2
1 18109254 0.209461246474286
1 18111835 0.3954
1 18117515 2
1 18122201 2
1 18123827 2
1 18132911 1.54388193352288
1 18139129 0.98
1 18139431 0.98
1 18139797 0.98
1 18148118 0.0273
1 18150956 2
1 18157511 2
1 18164080 0.313
1 18164093 0.888354023079499
1 18188187 2
1 18192478 0.3681
1 18208261 2
1 18219438 2.11041434738454
1 18224700 2
1 18225411 0.339252147709048
1 18225471 2
1 18228217 1.2113
1 18230465 0.39009153786134
1 18238762 0.902373951186164
1 18258526 2
1 18267873 1.56740257952031
1 18273525 5e-04
1 18273940 2
1 18274925 2
1 18306307 2
1 18324300 0.0401
1 18327592 2
1 18357449 0
1 18359264 2
1 18380973 2
1 18396728 0.629559638595988
1 18398529 2
1 18404102 2
1 18407117 0.00174862362445938
1 18409899 0.118116317447075
1 18438750 2
1 18438820 2
1 18441783 2
1 18457106 2
1 18457987 2
1 18464634 2
1 18472791 2
1 18479204 2
1 18494034 0.461459973606954
1 18502610 0.16353697468396
1 18503178 0.387166800359868
1 18518354 2
1 18520509 1.7124
1 18534272 0.7804
1 18539904 5e-04
1 18545534 0.1976
1 18554081 1.42991890878714
1 18567098 0.391440054595097
1 18578872 1.090154257566
1 18588034 0.875670294602151
1 18599018 0.6839962207297
1 18607921 0.546513910812556
1 18625491 0.908861677142723
1 18625618 0.971328421852989
1 18627561 1.71707442303788
1 18629910 0.835618408376406
1 18649723 1.10931914758393
1 18659087 1.52661528964739
1 18672553 0.10614321194699
1 18689134 0.2428
1 18693774 2
1 18694879 2
1 18730633 0.795585402462229
1 18732823 0.2216
1 18764688 2
1 18769469 1.45637367540587
1 18770235 2
1 18773942 2
1 18781861 2
1 18785270 0.0523334537051554
1 18787030 0.250444478701435
1 18790468 0.7329
1 18794752 2
1 18802364 0.95353832908259
1 18813912 2
1 18817777 2
1 18821180 2
1 18821188 2
1 18829829 0.954206253515648
1 18832756 0
1 18835373 2
1 18837783 2
1 18843094 0.748056677372977
1 18845192 0.8263
1 18848456 0.2642
1 18851377 0.7448
1 18854899 0.6443
1 18865546 2
1 18867959 0.7935
1 18871924 0.7129
1 18872143 2
1 18913922 1.0064173205987
1 18924660 1.617
1 18924940 1.617
1 18938092 2
1 18943220 2.4476
1 18962731 0.954902804569912
1 18974925 2
1 18978818 2
1 18979838 1.4908
1 18981883 1.12673385144595
1 18991035 2
1 18999915 2
1 19000277 2
1 19003218 2
1 19014785 0.964
1 19016611 0.8716
1 19017351 0.8716
1 19020784 2
1 19020909 0
1 19020911 2
1 19024129 0.3016
1 19032031 1.6107
1 19034825 0.3016
1 19036406 1.5167
1 19041446 1.6004
1 19044373 1.166
1 19044613 0.8851
1 19052645 2
1 19053353 1.6212
1 19059498 0.301115993067619
1 19088810 0.1791
1 19089970 2.0057
1 19101921 1.7984
1 19114678 0.0990935766347002
1 19114718 0.2745
1 19121595 2.0057
1 19131240 1.701
1 19183029 0.2745
1 19207400 2.0057
1 19235817 2.0301
1 19246561 0.494962747300668
1 19246729 1.20764087035246
1 19254131 0.9238
1 19258204 0.618954554767522
1 19260736 0.958128504045543
1 19261342 2
1 19263611 0.9238
1 19274706 2.18731537195539
1 19283827 1.63437151266099
1 19297460 0.161099406444804
1 19299693 1.29802639890044
1 19310497 0.885374183968273
1 19314894 1.44653632818905
1 19332012 0.5281
1 19348769 0.5991
1 19375689 0.389822977460855
1 19397829 0.0267328545643891
1 19403852 1.05209033256116
1 19404371 1.0999855561683
1 19404787 0.519792489745931
1 19412662 0.532984188515265
1 19419838 0.15
1 19425089 0.681102487437384
1 19426633 1.47732166421132
1 19428894 0.496210277440222
1 19435400 1.1172
1 19445431 1.01443363191463
1 19454474 0.573746610938793
1 19476222 2
1 19482677 2
1 19483212 2
1 19491515 5e-04
1 19498914 1.4045904128358
1 19502375 2
1 19509690 0.358685020392084
1 19524537 2
1 19528771 2
1 19530868 2
1 19533450 0.349300119571533
1 19536628 1.2647
1 19540708 1.55304390070943
1 19541269 0.9760094227198
1 19547907 2
1 19548523 0.848620627201706
1 19555972 0.3905
1 19568488 0.505266495860625
1 19620486 0.3784
1 19627604 2
1 19652402 2
1 19688649 1.4669
1 19691558 2
1 19691584 2
1 19692857 1.4669
1 19692909 1.4669
1 19702119 2
1 19702205 2
1 19708265 2
1 19708270 2
1 19712384 0.772109676112857
1 19730116 2
1 19732030 2
1 19748833 0.0078
1 19753817 0.7608
1 19757089 1.3666
1 19760913 0.602269595589778
1 19765445 0.739775846473823
1 19765555 1.64551484639936
1 19773062 0.487591959540726
1 19786018 2
1 19817213 2
1 19817839 2
1 19819693 2.5874717151321
1 19845367 0.521779640403021
1 19848899 2
1 19860828 2
1 19890985 2
1 19917417 2
1 19928004 2
1 19932969 0.1027
1 19933000 2
1 19938126 2
1 19945043 0
1 19947187 2
1 19954634 0.9076
1 19959628 0.813429042375017
1 19960391 1.69429550392864
1 19963923 0.00208872553835929
1 19984848 0.81129801364109
1 19998362 0.136469390974185
1 20008645 1.9212
1 20025404 0.0332
1 20042791 0.0332
1 20043294 0.169073815405912
1 20046614 2.0066
1 20047174 0.703843310906284
1 20053125 2.0066
1 20059573 0.5669
1 20064675 0.912351728373984
1 20067453 2.0182
1 20084839 0.760733652154696
1 20099096 1.8644
1 20125527 0.4693
1 20157339 2
1 20174675 1.74230850806884
1 20175089 0.6516
1 20197108 0.83
1 20212607 0.1332
1 20212609 0.1332
1 20251937 1.01352749106121
1 20252916 0.996210088272749
1 20253143 1.39303207377579
1 20256192 1.88850788821528
1 20260579 1.08148362690627
1 20261738 0.37095421295658
1 20261830 2.37401809267318
1 20262485 0.452965307344347
1 20268819 0.0402062443010863
1 20272889 0.636821265138434
1 20274828 1.58139129558047
1 20278455 0.481859663047707
1 20279975 0.00110989103794698
1 20305674 0.8851
1 20306787 2
1 20308168 2
1 20327641 0.0501262561714571
1 20337332 1.30733800813633
1 20345468 0.406079409614669
1 20367394 0.333335072488247
1 20390997 1.40809318511757
1 20405994 2
1 20419721 2
1 20430166 0.6061
1 20431432 1.13960141206229
1 20432910 2
1 20450528 1.3096
1 20456490 1.0464
1 20459540 0.1169
1 20459604 1.0464
1 20463497 0.0549203978571068
1 20463543 2
1 20485551 0.0095
1 20485567 0.0897
1 20532809 1.92321085242686
1 20535613 0.8037
1 20548940 0.7811
1 20559887 4e-04
1 20560287 2
1 20566064 2
1 20574179 0.0078
1 20576113 2
1 20586939 0.0621
1 20595350 2
1 20597962 2
1 20600138 0.0350063902126681
1 20612295 0.706378985152392
1 20613275 0.960205310308023
1 20617737 2
1 20626129 0
1 20631531 2
1 20632353 0.991911129668754
1 20633628 0.3015
1 20639449 2
1 20640726 2
1 20643667 0.022660397479958
1 20647399 2
1 20653957 0.260765626966105
1 20697388 0.382734153729708
1 20703925 1.0819
1 20709220 0.586063683851192
1 20729398 2
1 20735508 0.536077729729099
1 20746084 2
1 20759198 0.899314047544006
1 20814747 0.3076
1 20817055 0.0214107543849494
1 20837428 1.34036487368456
1 20842892 0.862998687244321
1 20846281 1.44888765436956
1 20863676 1.00321343323576
1 20863767 0.180049541401024
1 20881002 0.0136451037735006
1 20955238 0.293984151184624
1 20959898 0.750819084901485
1 20984561 0
1 20997998 0.280189186889279
1 21003174 0.471131737465068
1 21035885 2
1 21043215 2
1 21053124 2
1 21069723 0.330539722570123
1 21070103 0.255024415306192
1 21072247 1.60958801364646
1 21098540 0.707511972163349
1 21100602 5e-04
1 21105532 0.110927925578046
1 21144755 0.596969003620802
1 21181994 1.10439249260006
1 21196215 0.3206
1 21198735 1.09609550302776
1 21205961 0.362827908123189
1 21216966 2
1 21218108 2
1 21218242 2
1 21234286 0.220113280914992
1 21253906 2
1 21260952 0.307632652964538
1 21264380 0.381087014866131
1 21317121 1.3591816521983
1 21320415 0.920263309898748
1 21320504 0.9546
1 21347403 2
1 21350869 0.627675284175395
1 21354394 0.0391215912068145
1 21361361 0.1793471045995
1 21368268 0.089
1 21374643 1e-04
1 21374653 0.1508
1 21374679 0
1 21374681 0.2996
1 21377747 0.890135598231031
1 21380157 1.5792
1 21387064 1e-04
1 21392065 0.110910750813819
1 21407157 1.5817
1 21407742 0.1423
1 21415829 2
1 21415831 2
1 21418249 2
1 21418721 0.0521443636348227
1 21419487 2
1 21427500 2
1 21431376 2
1 21432626 3.1145
1 21438576 1.5591
1 21441698 0.1729
1 21448027 2
1 21449004 2
1 21455241 0.2969
1 21468794 0.2969
1 21474853 0.468226883697868
1 21475870 1.5591
1 21477175 1.5544
1 21480078 1.4759
1 21486198 0.761309104550916
1 21486650 0.498964767375182
1 21487694 0.786157912548058
1 21491680 1.3274
1 21513555 0.88034114974022
1 21515604 1.97527499635089
1 21516194 0.803123543968555
1 21516399 0.612420211585462
1 21518276 1.06251587915358
1 21520618 1.3401
1 21534493 0.131379114838941
1 21534527 2
1 21536132 0.237500496419704
1 21537198 2
1 21545307 0.8009
1 21549999 2
1 21554811 0.0197
1 21559489 1.38888431743604
1 21574532 0.0434
1 21576260 2
1 21608560 2
1 21612091 2
1 21617288 1.0611
1 21632043 0.188963211115255
1 21634598 0.0720646396614734
1 21634645 2
1 21637323 5e-04
1 21647342 2
1 21647715 0.673984393364275
1 21650452 0.0742
1 21660352 7e-04
1 21662129 0.270424423836205
1 21670355 2
1 21672345 0.873850622499413
1 21699771 0.0805600505895014
1 21707894 0.0873
1 21712436 8e-04
1 21712494 0.0873
1 21727934 0.129068512530652
1 21738457 1.4251
1 21745418 0.412750099874709
1 21746619 0.147341714661331
1 21751204 0.422196488435045
1 21754101 2.05363769049182
1 21754518 0.359304096481411
1 21759137 2
1 21760559 2
1 21771383 0.029
1 21777532 2
1 21779016 1.10509964962699
1 21782244 0.121217374424711
1 21791177 1.6099
1 21813303 2
1 21818304 0.362104042885317
1 21823667 0.114628777938375
1 21832515 0.6167
1 21848107 2
1 21864440 2
1 21875410 0.355303508823321
1 21887786 2.0005
1 21902863 0.433102956129491
1 21907091 0.0139018254813987
1 21921973 2.68156448694477
1 21924767 2
1 21925769 2
1 21934846 0.290369202752802
1 21950427 2
1 21965467 2
1 21965907 2
1 21970468 2
1 21971515 2
1 21972280 2
1 21977914 2
1 21980589 0.32
1 21982211 0.388035460241883
1 21985130 0.417007104346092
1 21985694 2
1 21985794 0.3339
1 21987196 0.3339
1 21987609 2.4096
1 21994007 0.428369572560948
1 21994061 1.02935839410808
1 21999239 0.567998245712908
1 22002413 2
1 22002924 2.73911344168301
1 22003333 2
1 22003385 2
1 22007850 2
1 22009878 2
1 22010317 0.1458
1 22012775 5e-04
1 22012780 5e-04
1 22013002 2
1 22013181 1.25672353518576
1 22022063 2
1 22031056 2
1 22032413 2
1 22047178 0.6521
1 22057028 1.4594
1 22064691 0.0681
1 22070706 2
1 22102282 2
1 22104978 1.05390831977896
1 22106636 1.0086
1 22119227 0.221605675184373
1 22121955 0.7711
1 22149712 0.0386
1 22178615 0.172581783147112
1 22182553 0.1154
1 22182758 0.698139154845209
1 22183413 2
1 22186354 0.1593
1 22186518 0.2947
1 22199372 1.1832
1 22206613 0.1593
1 22212136 0.732872381894432
1 22214785 1.78029964233857
1 22221849 1.2848701364996
1 22225250 0.186267723038344
1 22250878 2.38365626421933
1 22253309 0.873120910078048
1 22259709 0.630974987114368
1 22260359 0.0078
1 22262527 0.588223490765509
1 22271936 1.2865
1 22277175 1.2865
1 22277308 0.6167
1 22280616 2
1 22290805 2
1 22291964 1.298
1 22300902 2
1 22306206 2
1 22336394 1.955
1 22360101 2
1 22361208 2
1 22365104 2
1 22365585 2
1 22370145 2
1 22375268 2
1 22376832 2
1 22379312 2
1 22381761 2
1 22392498 2
1 22392617 2
1 22399332 2
1 22405400 2
1 22418041 0.0315158447971206
1 22442882 1.7916
1 22443246 0
1 22461661 2
1 22503113 2
1 22503611 2
1 22513532 2
1 22517804 0.00616518883244595
1 22519959 1.90385515780282
1 22523203 2
1 22538099 2
1 22553929 2
1 22555274 2
1 22573224 0.0854595040421844
1 22601856 0.5911
1 22606862 2
1 22610862 8e-04
1 22617230 0.8851
1 22635290 0.4942
1 22641003 0.1986
1 22675321 2
1 22678892 2
1 22690391 0.1247
1 22694555 2.9009115521789
1 22695002 1.24386178926985
1 22698640 2
1 22719450 0.825824226611066
1 22748668 0.99577049461546
1 22751226 0
1 22755509 0
1 22757934 5e-04
1 22758213 0.0063
1 22770325 2
1 22781339 2
1 22784012 2
1 22789256 2
1 22792104 2
1 22794415 0.160874351800727
1 22814207 0.196721950041311
1 22814990 0.237347339294649
1 22815160 1.53542088922575
1 22815467 0.239823041631893
1 22817501 0.434
1 22822025 0.134296615677969
1 22824960 1.1261
1 22850266 1.50103260587964
1 22888687 0.1399
1 22907107 0.0535
1 22920902 0.1624
1 22931728 1.25418236656862
1 22933134 0.191049215746536
1 22940597 0.19845239091669
1 22950862 1.876268188062
1 22980526 2.7123
1 22982291 2
1 22987338 2
1 23007156 2
1 23033730 0.4964
1 23065615 2
1 23075526 2
1 23076964 0.2755
1 23120009 2
1 23121809 2
1 23143967 0.8251042264653
1 23144603 2
1 23172274 0.0388198507375884
1 23176357 2
1 23178302 2
1 23185270 2
1 23188723 2
1 23191734 2
1 23208668 1.55918431825183
1 23211830 0.576619887375221
1 23226732 0.0328730029309091
1 23231118 0.3015
1 23256034 0.313078541313483
1 23267932 2.4047
1 23279755 2.5866
1 23286851 2
1 23307562 2
1 23314874 2
1 23332648 2
1 23338304 2
1 23364383 2
1 23375090 2
1 23382426 2
1 23388746 2
1 23396394 2
1 23402577 2
1 23405507 2
1 23411503 2
1 23421273 0.0681
1 23421947 2
1 23437656 2
1 23438686 3.1148
1 23440631 5e-04
1 23440855 1.16546273353284
1 23444844 1.7255
1 23455149 2
1 23468421 2
1 23478424 2
1 23504150 0.3088
1 23504335 2
1 23510335 2
1 23518618 0.566162299784358
1 23521217 1.40798482856764
1 23540460 0.116202309904834
1 23564926 2
1 23568161 2
1 23610527 2
1 23627636 0.0821
1 23643640 0.78547838991132
1 23646051 2
1 23647541 2
1 23650745 0.0846
1 23665396 0.1167
1 23666841 2
1 23669154 1.7814
1 23696642 2
1 23701888 2.4263
1 23714167 1.0612047875184
1 23750171 0
1 23760107 5e-04
1 23778343 2
1 23778344 2.0038663149497
1 23803057 2
1 23830119 1e-04
1 23841529 0.53
1 23853067 0.9601
1 23853501 0.9601
1 23859387 0.9601
1 23860811 0
1 23871022 0.3388
1 23872647 2
1 23872873 0.155741378738384
1 23874619 0.3388
1 23884852 2
1 23885972 1.26125277060434
1 23888430 2.978
1 23896755 1.07030261447802
1 23899554 2
1 23900507 0
1 23908468 0.0053
1 23916256 1.9922
1 23918387 0.0621
1 23920311 0.0053
1 23932549 5e-04
1 23939236 0.19376783362273
1 23940419 5e-04
1 23953726 3.2953
1 23961387 1.4315
1 23961986 0.5931
1 23963944 5e-04
1 23967759 0
1 23968089 2.4263
1 23980809 5e-04
1 23982198 0.0078
1 23988791 3.2953
1 23997382 3.2953
1 24006147 5e-04
1 24009497 5e-04
1 24009753 5e-04
1 24017183 1.48813303897693
1 24024427 0.341860846455171
1 24041300 1.3151
1 24048325 2.3416
1 24050976 1.12795682791314
1 24065459 0.7905
1 24067317 0.7514
1 24071146 2.8716
1 24076514 0.4382
1 24076524 2
1 24087128 1.22286386259563
1 24100795 0.167076343528462
1 24110339 0.0078
1 24117927 0.2074
1 24124511 2.7095
1 24124595 2
1 24125134 0.0380852468498006
1 24128101 2
1 24136914 0.3465
1 24138077 2
1 24144505 0.0349
1 24146712 0.0053
1 24146870 2
1 24149151 5e-04
1 24154900 1.09016338003829
1 24157001 0.0053
1 24160170 0.430949346096639
1 24162884 1e-04
1 24163866 1.15642652086411
1 24166318 1.09117236644309
1 24167224 0.0053
1 24171954 0.0053
1 24174631 0.0053
1 24178950 0.0053
1 24181986 0.2129
1 24189141 0.0163581333729667
1 24189333 2
1 24192628 2
1 24194974 2
1 24219303 0.0078
1 24241173 0.804
1 24253270 1.2915
1 24255003 2
1 24266103 2
1 24278013 1.2856
1 24287050 2
1 24291098 1.23688380757006
1 24292283 0.852881096265163
1 24292971 2
1 24300910 1.06888307500586
1 24307684 0.0354
1 24318552 1.7622
1 24336413 1.3398
1 24342352 2
1 24345040 1.02926791065244
1 24345190 0.8929
1 24354611 2.1125
1 24361288 0.0505
1 24378604 2
1 24389338 0.335445031221874
1 24395455 0.692647841971996
1 24406116 1.16315111481431
1 24414368 1.55372693462314
1 24422339 0.783445389557246
1 24424707 0.044118440957662
1 24427936 2.4053272596199
1 24438425 2.40928435812208
1 24440936 0.170620095592173
1 24457649 1.69325206762586
1 24461457 0.280955119876592
1 24471893 2
1 24481031 0.269607705133975
1 24485004 0.0942753676974352
1 24491035 2
1 24515636 2
1 24521903 0.610224779533964
1 24532338 0.0931208773376816
1 24533978 1.3893559997985
1 24541291 0.1515
1 24543512 1.02320867091235
1 24550608 2.37997192102916
1 24551412 2
1 24562260 2
1 24562959 2
1 24564623 2
1 24565802 2
1 24566068 2
1 24569031 0.717967318814972
1 24576063 0.5696
1 24589493 2
1 24591062 2
1 24597692 5e-04
1 24609703 2
1 24612370 0.0273
1 24615363 0.338
1 24615741 0.338
1 24620306 0.400575197877787
1 24628278 2
1 24628287 2
1 24632781 1.50250006208028
1 24655334 2
1 24675414 1.12650220665576
1 24684196 0.661015837965595
1 24685671 0.303557992967828
1 24701315 2
1 24709382 2.75195480532876
1 24717965 2
1 24719767 2
1 24723195 2
1 24730510 2
1 24748024 1.08459505461316
1 24752868 2
1 24772947 1.05201028323571
1 24805105 2
1 24858262 2.5345
1 24859226 2
1 24859660 2
1 24861890 2
1 24862502 2
1 24864312 0.602678806979429
1 24866664 2
1 24873755 2
1 24884324 2
1 24894007 2
1 24956635 0.987523078304037
1 24971917 0.5245
1 24973345 2
1 24973945 0.542999506766668
1 24983331 0.2249
1 24989486 0.7248
1 25002121 0
1 25002123 1.02273251133685
1 25002512 2.6996
1 25006630 0.8108
1 25032215 0.710129129788927
1 25038161 0.478036491229871
1 25044586 2
1 25047689 0.3324
1 25054380 1.7941
1 25054590 1.5464
1 25055095 1.3682
1 25064336 2.00441671294657
1 25070342 2.66950267445793
1 25077439 0.7313
1 25077539 0.7313
1 25080838 3.1148
1 25134389 2.1903
1 25135839 3.1148
1 25139490 2
1 25141505 2.8716
1 25143422 2
1 25162990 1.0005954420843
1 25165179 0.954720325475873
1 25165251 0.944568940754237
1 25166648 2
1 25187440 1.55877011519043
1 25301957 1.9641
1 25308306 0.0053
1 25333500 2.7872
1 25339752 2.8716
1 25341875 0.772096030288129
1 25342673 2.8716
1 25403893 5e-04
1 25419154 0.343049376550877
1 25420072 1.56276881611918
1 25428523 1.49048130778573
1 25430290 0.31099463290009
1 25442718 1.10493794963476
1 25454402 0.896882463455826
1 25454662 0.15200149940503
1 25474918 0.418058687110598
1 25475202 3.1148
1 25480604 0.137333368789239
1 25515140 1.89097931013308
1 25551456 2
1 25551789 2
1 25563698 1.06854310418385
1 25601392 0.0712
1 25641096 2
1 25652436 0.9006
1 25666953 0
1 25681099 1.3341
1 25684612 1.3341
1 25689108 0.717553637809134
1 25689346 1.3341
1 25751079 1.4907
1 25761662 1.3162
1 25762108 2
1 25774672 2
1 25781197 2
1 25783574 2
1 25797480 2
1 25799343 2
1 25801691 2
1 25804968 2
1 25819901 2
1 25844193 2
1 25854083 2
1 25862134 2
1 25870572 2
1 25883186 2
1 25931035 0.9138
1 25934423 1.0601
1 25936160 0
1 25941195 0.2014
1 25944248 0.2494
1 25949844 2
1 25957626 2
1 25964396 0.591728259529479
1 25966521 0.205805434570644
1 25983561 0.84480370653239
1 25991630 1.241035274238
1 26009731 2
1 26017419 2
1 26023476 2
1 26024981 1.2482
1 26028252 0.258929543492856
1 26040907 0.590031086890333
1 26041400 2.784
1 26048975 0.728611587502905
1 26052487 0.119514472297777
1 26100564 1.75315681215739
1 26111529 5e-04
1 26113334 3.38
1 26131824 0.4936
1 26140406 2.978
1 26152454 0.5012
1 26154637 2.784
1 26161449 2
1 26163229 2
1 26164527 2
1 26172751 2
1 26192585 0.143
1 26200672 2
1 26201208 2
1 26204765 0.0573856731294637
1 26204917 2
1 26217638 1.4072
1 26233233 2
1 26235365 2
1 26243518 2
1 26252036 2
1 26261720 0.228100940054892
1 26263691 2
1 26265007 0.260165971789735
1 26265819 2
1 26271290 2
1 26276034 2
1 26282323 0.935665483192809
1 26291445 2
1 26305153 1.13622306552742
1 26309340 2
1 26321543 2
1 26324478 1.51138362993451
1 26329741 0.0945418238844412
1 26335385 0.449980959763369
1 26357084 2
1 26357219 0.5906
1 26357894 0.2328
1 26372131 2
1 26384008 2
1 26392740 0.0502
1 26396271 3.1166
1 26396561 5e-04
1 26404544 2
1 26443563 2
1 26476939 2
1 26478568 1e-04
1 26478575 1e-04
1 26493727 0.7666
1 26513065 0.0219
1 26514413 0.7666
1 26516729 0.7666
1 26517583 0.1758
1 26518875 0.7666
1 26559623 2
1 26577079 2
1 26583274 2.84523419733491
1 26586936 1.8626
1 26681102 5e-04
1 26782951 2
1 26804934 2
1 26809287 2
1 26809388 2
1 26815734 2
1 26818345 2
1 26821772 2
1 26829256 2
1 26846232 2
1 26846958 2
1 26851416 2
1 26855770 2
1 26858946 5e-04
1 26869440 2
1 26894134 2
1 26914534 2
1 26915518 2
1 26921782 2
1 27039021 0.0163
1 27041195 0.5964
1 27043573 2
1 27049226 0.0163
1 27051324 2.978
1 27070672 2
1 27072857 1e-04
1 27085997 2
1 27088295 2
1 27093787 0.1363
1 27176959 2
1 27177902 2
1 27190023 5e-04
1 27276693 0.0263
1 27362142 2
1 27376810 1.08623887640321
1 27403754 8e-04
1 27427087 8e-04
1 27433133 8e-04
1 27448684 8e-04
1 27524572 1.1721
1 27625669 2.1546
1 27636043 5e-04
1 27679364 0
1 27748568 0
1 27769314 2.5935
1 27789216 2.293
1 27792917 2.293
1 27815598 2.2
1 27818239 2.1456
1 27844511 2.1203
1 27877473 0.7225
1 27882794 2
1 27886521 2
1 27894619 2
1 27907814 2
1 27919815 2
1 27920949 2
1 27922041 2
1 27924174 2
1 27925003 2
1 27935089 0.392
1 27936746 0.0413
1 27936800 2
1 27937738 2
1 27941278 2
1 27942809 2
1 28002357 2
1 28010100 1.6752
1 28022633 2
1 28026143 2
1 28063291 2
1 28066025 1.6058
1 28067303 2
1 28082885 2
1 28098399 0.633012455335423
1 28098678 1.5259
1 28115635 2
1 28115739 0.0263
1 28131578 1.30524382126073
1 28151665 1.568870360276
1 28168193 1.3972
1 28187781 1.4057
1 28193341 0.4326
1 28221547 0.3134
1 28230578 0.3134
1 28234069 0.4326
1 28241582 0.4326
1 28248610 0.4326
1 28248629 0.4326
1 28252023 0.956520755063013
1 28280486 2
1 28292705 1.568
1 28311748 2
1 28316172 0.223165538925721
1 28338411 0.344
1 28342047 0.344
1 28360186 0.3277
1 28366128 2
1 28367486 0.3277
1 28374944 0.3958
1 28375840 0.3277
1 28377935 0.3277
1 28380436 0.3277
1 28381338 0.3277
1 28382018 0.6043
1 28390493 5e-04
1 28397979 0.3277
1 28419188 0.3277
1 28436164 0.3277
1 28436741 0.3958
1 28441449 0.3277
1 28477446 0.3958
1 28487410 0.3277
1 28488860 2
1 28511368 2
1 28511439 1.04592932982012
1 28543142 0.3833
1 28560042 2
1 28568936 2
1 28574943 0.4142
1 28587325 0.3015
1 28623048 0.7118
1 28630559 0.7118
1 28695863 0.401811904662428
1 28698442 2
1 28734386 2
1 28734871 5e-04
1 28753369 6e-04
1 28762201 1.0427
1 28766369 2
1 28774219 2
1 28774280 2
1 28792136 0.7248
1 28792658 0.7596
1 28793518 2
1 28855013 0.3649
1 28860361 0.6041
1 28873063 1.5084472103108
1 28873816 1.1368
1 28876383 2
1 28883272 0.34419781540304
1 28904825 1.5197
1 28912361 2
1 28921599 2
1 28924257 2
1 28932604 0.7248
1 28932802 2
1 28945099 2
1 28957883 2
1 28972589 0.7248
1 28973858 2
1 28978618 1.5455
1 29004696 2
1 29020767 1.5114
1 29055966 1.5114
1 29066249 0.716744362715839
1 29108309 1.5114
1 29110230 2
1 29164576 0.8451
1 29240438 2
1 29245276 2
1 29257759 0.250211406168507
1 29260895 2.784
1 29269138 2.2967
1 29308375 0.0679492644522355
1 29321507 0.334874675415041
1 29323362 1.08458892702328
1 29328028 1.3135964092063
1 29350519 0.0444
1 29386550 2.1002
1 29392700 0.6595
1 29395382 2
1 29404940 2
1 29424842 0.140478804189213
1 29427098 0.860191917443469
1 29429245 1.8337
1 29442854 5e-04
1 29443764 1.0487
1 29446721 0.816
1 29448930 0.8672
1 29464170 2
1 29465630 2
1 29474856 1.22975246183344
1 29536235 2
1 29536893 2
1 29551733 1.11793782723294
1 29560626 2
1 29574076 2
1 29581945 0.7086
1 29583884 2
1 29586831 2
1 29605602 2.9439
1 29608512 0.1172
1 29628428 1.5525
1 29629493 2
1 29642129 2
1 29648738 2
1 29660920 2.9717
1 29663557 2.5297639298685
1 29665885 2
1 29672999 2
1 29675383 2
1 29675419 2
1 29685140 2
1 29685623 2
1 29690351 1.4201
1 29693066 2
1 29697316 1.4057
1 29708570 2
1 29721559 2
1 29723849 0
1 29724560 2
1 29732145 1.2735
1 29735694 0.8886
1 29743902 0.315382550339458
1 29748214 1.2735
1 29764322 0.8886
1 29767437 0.8886
1 29771220 0
1 29782549 2
1 29785940 1.2346
1 29787572 2
1 29794633 1e-04
1 29827035 0.2019
1 29831016 0.4139
1 29838538 1.8324
1 29844772 2
1 29846651 2
1 29850961 0.4574
1 29851615 1.9191
1 29856391 1.2954
1 29872552 0.7028
1 29874251 2
1 29876153 0.5713
1 29879017 0.7028
1 29887106 2
1 29888558 0.907326932356003
1 29890738 2
1 29892614 2
1 29897532 0.1477
1 29905481 0.216965454020331
1 29907319 2
1 29910099 0.7028
1 29926467 0.562889205884292
1 29932523 0.9662
1 29937723 1.05427889443483
1 29948671 0.9156
1 29958429 2.981
1 29961039 0.9026
1 29963153 0.8922
1 29973144 2
1 29973237 2
1 29977619 2
1 29978018 2
1 29982605 2
1 29991785 2
1 30000704 2.51927863280135
1 30004339 2
1 30015174 2
1 30015493 2
1 30019516 2
1 30030607 1.8416
1 30048965 0.9855
1 30050737 0.3286
1 30052834 2
1 30054983 0.1377
1 30059716 2
1 30061120 2
1 30062422 2
1 30072668 0.4742
1 30077335 1.75419138487646
1 30079883 3.5952
1 30082896 0.4275
1 30085792 0.7487
1 30092249 1.57896033202378
1 30094079 0.7724
1 30096165 2
1 30099582 0.630471455901838
1 30099965 0.523733246803878
1 30101168 0.7724
1 30120508 1.3066
1 30165741 0.716864428619942
1 30176477 0.358625855056436
1 30183485 1.21977318405554
1 30183817 2
1 30187992 2
1 30188472 2
1 30202667 0.5491
1 30205239 0.2143
1 30246763 1.8508
1 30307706 2.2789
1 30325210 1.30565881257815
1 30335294 0.447449354990344
1 30338745 0.968543487701007
1 30344200 0.193490198834098
1 30345480 0.917400742857255
1 30348467 1.03225809085688
1 30361438 1.09748652616031
1 30361528 1.62383888313883
1 30387810 0.953325919834746
1 30388969 0.0962105676818875
1 30390724 1.73187932403089
1 30394908 1.35684671477981
1 30395119 1.11665585207521
1 30414885 1.1879
1 30422971 3.0444
1 30446169 0.629216871280122
1 30446420 1.77539207818752
1 30453805 0.226
1 30465002 1e-04
1 30488727 0.792167225634641
1 30494782 1.24418839539979
1 30500299 0.551630416970531
1 30505281 2.16381589490053
1 30508815 0.6521
1 30514487 2.11869004930691
1 30517420 0.568985747102691
1 30519328 1.07319257742773
1 30524572 2e-04
1 30524624 1.87720762411658
1 30556133 0.0053
1 30569731 0.820650843375803
1 30575911 0.0713471958339563
1 30585455 1.92190646774217
1 30585706 0.0947244705740695
1 30599030 1.0038
1 30600344 0.9433
1 30604147 1.3339
1 30604288 0.4079
1 30604317 0.5852
1 30604822 0.5852
1 30605990 0.5852
1 30607765 0.5852
1 30607833 0.4144
1 30628203 0.2688
1 30635596 0.2841
1 30643541 2
1 30651621 5e-04
1 30651734 0.0077
1 30683363 0.9516
1 30686950 0.6025
1 30690609 0.5019
1 30691276 0.7028
1 30702658 2
1 30702724 2
1 30702917 2
1 30705041 2
1 30716054 2
1 30728493 2
1 30749144 0.2421
1 30763089 0.831577085380934
1 30776202 0.0505232325876782
1 30776438 0.394631804527986
1 30781426 0.8408
1 30785980 0.13316359519359
1 30790415 2
1 30811749 0.946010003575981
1 30822813 1.20662192256209
1 30841707 0.75
1 30847804 0.205273810562412
1 30851033 1.44566678706242
1 30864446 2
1 30867898 0.809350939596386
1 30894452 0.786195435373169
1 30904896 2
1 30910582 2
1 30972307 0
1 31020632 2
1 31032116 2
1 31049586 2
1 31049771 2.0703
1 31057354 0.5046
1 31061534 2
1 31064779 5e-04
1 31070192 0.7779
1 31073601 0.9121
1 31075071 2
1 31084095 1.075
1 31104541 1.2865
1 31107314 1.1832
1 31123563 1.2325
1 31152918 1.2865
1 31155539 1.2325
1 31161914 1.2325
1 31169415 5e-04
1 31177032 0.2057
1 31177044 0.116834460798785
1 31214812 2
1 31215594 2
1 31216114 2
1 31221623 2
1 31224904 2
1 31232095 0
1 31263033 2
1 31288878 2
1 31295350 2
1 31298097 2
1 31301955 2
1 31302383 2
1 31311529 2
1 31317629 2
1 31324247 2
1 31348018 2
1 31360199 2
1 31367579 2
1 31384743 2
1 31384960 1e-04
1 31385000 2
1 31387640 0.95485717948353
1 31388340 2
1 31394104 2
1 31394808 2
1 31427824 5e-04
1 31434035 0.011
1 31434255 0.0165
1 31434507 5e-04
1 31435968 0
1 31439091 1.4838
1 31442830 1.4518
1 31454429 3.1148
1 31455240 3.1148
1 31455456 1.4117
1 31464494 2
1 31471588 1.0099
1 31473942 2
1 31474144 2
1 31476551 2
1 31494416 5e-04
1 31505266 2
1 31506831 2
1 31514374 2
1 31516955 2
1 31533081 2
1 31544989 2
1 31561388 0.4992
1 31578942 5e-04
1 31588493 0.1831
1 31596465 1.2196
1 31610543 0.9274
1 31642021 0.5547
1 31682072 0.2902
1 31690310 1.1531
1 31704334 1.2021
1 31712324 1.7995
1 31772016 2
1 31804483 2
1 31806228 2
1 31806675 2
1 31809527 2
1 31818871 2
1 31822482 0.9566
1 31849546 1.8116
1 31861836 1.969
1 31903202 2.2356
1 31908243 2.784
1 31924723 2
1 31966493 1.2229
1 31968018 1.2229
1 32025490 0.7028
1 32325544 5e-04
1 32450816 0
1 32507670 1.3679
1 32512242 1.367
1 32514383 1.367
1 32536465 5e-04
1 32542403 5e-04
1 32549680 1.1861
1 32550786 1.2383
1 32567820 0.350268260571926
1 32590067 1.2383
1 32600698 1.3597
1 32639292 0
1 32644373 0.0162
1 32653645 2
1 32658610 0.0217
1 32658946 5e-04
1 32671694 0.0386
1 32673232 0
1 32691568 5e-04
1 32696205 0.0162
1 32708643 0.8004
1 32715340 0.8004
1 32753819 1.3908
1 32760082 1.3188
1 32785083 0.6284
1 32785890 5e-04
1 32798411 0.3332
1 32805221 2
1 32815115 0.6482
1 32830543 2
1 32842223 6e-04
1 32893000 2
1 32893161 2
1 32911497 2
1 32914241 2
1 32921578 2
1 32922588 2
1 32928175 2
1 32953641 1.3881
1 32975210 2
1 32976544 0.0053
1 32997023 2
1 33023909 2
1 33028417 2
1 33049609 2
1 33074417 2
1 33075729 2
1 33113705 0.0276
1 33129657 2
1 33138640 0.7346
1 33165148 2
1 33172559 0
1 33189722 0.0114
1 33193008 0.5565
1 33196273 0.4625
1 33210936 0.3088
1 33232375 1.18799837962316
1 33262380 0.4503
1 33271197 0
1 33287127 0.7694
1 33295413 1.23125063270014
1 33297351 1.15567527556744
1 33301627 0.269566502219057
1 33304925 0.592813421741341
1 33309410 0.676087861859869
1 33310168 0.410534839365535
1 33313171 0
1 33337950 5e-04
1 33345478 0.0639007515095185
1 33356621 0.173824970411104
1 33373120 0.707340952424232
1 33375751 0.63464180827499
1 33376668 0.511789844275891
1 33377165 1.96009659761601
1 33395676 1.749
1 33407374 1.08049083246614
1 33456277 0.269090902431024
1 33459247 0.756549440580998
1 33459504 0.707576395223574
1 33465938 1.11677391955296
1 33484025 0.246901375049562
1 33500603 1.4531000857856
1 33508900 2.6702
1 33509247 2.6702
1 33515418 0.244094906556003
1 33520445 2
1 33529182 0.1889
1 33534209 0.1747
1 33535735 0.247482637892234
1 33555686 1.50104078511631
1 33558267 0.8842
1 33567912 1.2447
1 33591339 0.2896
1 33597916 1.5101
1 33670852 1.1438
1 33671866 2
1 33677986 1.1116
1 33687594 2
1 33693919 0.4434
1 33712908 0.3379
1 33719017 2
1 33742541 2
1 33747476 1.387
1 33748534 2.9951
1 33751645 2
1 33764138 2
1 33767696 2
1 33798312 2
1 33825139 0.3923
1 33827100 0.8324
1 33831475 1.2016
1 33832586 3.045
1 33837217 0.8324
1 33838326 0.8324
1 33848207 2
1 33860355 0.0937897016999088
1 33890052 2
1 33890379 0.8651
1 33899935 0.144306768216977
1 33904738 0.0815781539337238
1 33907145 2
1 33908105 0.5045
1 33916822 2
1 33920139 1.8337
1 33928658 1.7985
1 33949437 2
1 33950242 2.4988
1 33954070 2.37
1 33962450 0.726
1 33988937 0.8288
1 33991169 0.6945
1 34004966 0.6945
1 34010130 0.7461
1 34012414 0.8107
1 34019599 2
1 34031380 1.7934
1 34034915 0.5182
1 34035205 0.4658
1 34040190 0.238108366991161
1 34059248 0.4077
1 34103399 1.1172
1 34105543 2
1 34110027 1.3317
1 34113497 2
1 34117031 1.3317
1 34118792 1.2293
1 34123362 1.3435
1 34126419 1.3317
1 34136920 2
1 34137269 1.2076
1 34154046 2
1 34186114 2
1 34187437 2
1 34209213 0.830657034441765
1 34232220 0.3717
1 34241457 0.1134
1 34250035 0.1134
1 34250894 0.1134
1 34257562 0.1134
1 34267196 0.6558
1 34267211 2
1 34268384 2
1 34272212 2
1 34274855 2
1 34286718 2
1 34299235 0.6366
1 34306846 2
1 34315350 0.427993938054032
1 34334932 1.3453
1 34345699 0.8416
1 34347060 2.1349
1 34355460 1.33291845996137
1 34358021 1.22868845247464
1 34361722 2
1 34369536 2
1 34379235 1.6901
1 34382081 1.6901
1 34382531 1.0724
1 34389036 2
1 34394174 0.5457
1 34394563 1.6901
1 34396637 2
1 34403900 0.7802
1 34426030 2.1125
1 34431055 0.0065
1 34431176 1.2434
1 34435289 0.8891
1 34436196 3.3036
1 34440175 2.2688
1 34459041 1.2737
1 34464812 2
1 34487029 2.122
1 34499698 2
1 34506870 2
1 34514073 2
1 34518681 2
1 34549528 2
1 34562166 2
1 34583731 1.1697
1 34584157 2
1 34589089 1.1697
1 34591087 1.3308
1 34595177 0.273
1 34603387 2
1 34609405 2
1 34623207 0.2889
1 34632442 2
1 34650208 5e-04
1 34650366 2
1 34652734 0.831059068167551
1 34694704 2
1 34696213 2
1 34707397 1.0068
1 34717908 0.749657543496972
1 34732048 2
1 34750388 0.4015
1 34758280 0.9609
1 34768450 2
1 34769901 2
1 34770034 2
1 34777915 2
1 34785628 0.1898
1 34790361 1.075
1 34791862 1.075
1 34796434 2
1 34797842 1.075
1 34802432 2.1022
1 34803644 1.85068418388717
1 34805005 1.05779098241575
1 34848325 0.293514155637115
1 34850318 0.394130890366901
1 34852157 0.180073527112052
1 34861316 2
1 34915694 1.33220297087524
1 34916045 1.1948
1 34961357 2
1 34962790 2
1 35088458 2
1 35089630 2
1 35149603 2
1 35204898 0
1 35217662 1.5785
1 35225783 2.5345
1 35280870 2
1 35309800 0.0273
1 35326139 2
1 35347150 2.9777
1 35359907 2
1 35555393 3.2826
1 35628597 1e-04
1 35640652 0.0217
1 35696446 2
1 35698554 0
1 35700113 2.5871
1 35713408 1.74165241476464
1 35744678 2
1 35905567 2
1 35905818 2
1 35908500 2
1 35915564 2
1 35945217 2
1 35967469 2
1 35977968 2
1 35979474 2
1 36003710 5e-04
1 36028397 0
1 36057338 2.7977
1 36103354 0.0078
1 36114380 0.0685127244501259
1 36126766 1.70415307068882
1 36129507 2.7839
1 36145206 2
1 36145686 1.16450513543654
1 36149112 0.502391673789038
1 36162432 0.727476654396846
1 36168813 0.937526577586993
1 36211111 2
1 36211984 0.0107
1 36217514 1.1703
1 36218859 1.1703
1 36232879 0.5398
1 36234580 0.0946
1 36241428 0.1882
1 36285200 2.7115
1 36335460 1.2166
1 36340139 2.9777
1 36376248 0.76768964379725
1 36384031 2
1 36391543 1.1275
1 36397005 0.9251
1 36411163 1.0908
1 36411406 1.0884
1 36415327 2
1 36417140 1.946
1 36418929 5e-04
1 36422701 2
1 36430189 1.3227
1 36431311 1.3289
1 36457275 5e-04
1 36457408 2
1 36491866 0.8906
1 36503105 2.9027
1 36544342 2e-04
1 36544345 2e-04
1 36545252 5e-04
1 36552972 0.4904
1 36586360 0.809908224203336
1 36620985 1.5136
1 36627392 1.6248
1 36627425 1.6578
1 36632492 2
1 36632575 2e-04
1 36635840 2
1 36641307 1.6752
1 36642321 2
1 36651847 1.3888
1 36657662 1.4068
1 36688526 2
1 36705144 2
1 36708388 2
1 36709728 2
1 36757877 2
1 36765086 1.0238
1 36767442 2
1 36840557 0.436684510341085
1 36854712 0.7939
1 36875276 0.1235
1 36882026 0.0712
1 36891984 0.1235
1 36913420 0.0712
1 36940823 1.7724
1 36942480 1.7724
1 36954240 2
1 36957921 5e-04
1 36958664 1.8739
1 36958962 2
1 36979594 0.9847
1 36994349 0.7118
1 37001226 2
1 37002677 2
1 37010811 2
1 37013791 1.4947
1 37033184 2
1 37041972 3.343
1 37043638 0.399353155729112
1 37043751 0.6088
1 37045636 3.343
1 37060880 0.3723
1 37064076 1.27707995945096
1 37067577 0.792432002073361
1 37068623 2
1 37074575 2
1 37079970 2
1 37081254 0.613580956386582
1 37081359 2
1 37089313 0.4005
1 37102855 0.885657603840662
1 37107179 0.4537
1 37109033 2
1 37109107 1.0759
1 37110263 2
1 37112031 2
1 37114298 1.0759
1 37119080 2
1 37143283 2.34622768022423
1 37170516 2
1 37212055 0.350102631351785
1 37238780 0.0329
1 37243200 0.0561
1 37251254 1.06727887435099
1 37251618 2
1 37253808 1.52025801798706
1 37258578 0.682121578354056
1 37268328 0.1444
1 37272931 5e-04
1 37278760 2
1 37285423 0.355
1 37287372 0.1444
1 37295415 0.7811
1 37306991 0.2098
1 37310959 2
1 37319547 1.57908305913529
1 37326144 0.0151846718390674
1 37333085 0.440916405956019
1 37340912 0.7937
1 37342482 0.888107331380571
1 37350891 1.0408168400768
1 37350898 1.88209189553287
1 37390462 2
1 37405950 0.1338
1 37420184 1.1315
1 37453865 1.07375351317658
1 37462642 0.1405
1 37473493 2
1 37486153 2
1 37489202 0.0616554081185877
1 37499164 2
1 37504538 2
1 37514332 2
1 37522068 5e-04
1 37564524 0.93146766523431
1 37597823 2
1 37603946 2
1 37610260 2.4047
1 37620906 0.025672740997246
1 37624011 0.0669002414042816
1 37646034 0.1016
1 37651925 1.1531
1 37656262 2
1 37665649 2
1 37691952 0.8785
1 37692275 0.9377
1 37692539 1.9644
1 37708022 1.9644
1 37708311 1.2033
1 37722207 1.252
1 37742901 2
1 37750661 1.40353929280504
1 37751218 0.36104817247361
1 37772300 2
1 37775259 1.6145
1 37776217 2
1 37785550 1.8491
1 37789890 3.1156
1 37791673 0.5732
1 37818573 0.8831
1 37842234 2
1 37864327 2
1 37868905 2
1 37887731 0.6768
1 37889431 0.6768
1 37895345 0.5691
1 37901235 1.8046
1 37910175 0.5732
1 37913707 0.5732
1 37914871 2
1 37927826 2
1 37932151 0.0046
1 37941474 0.6449
1 37950833 2
1 37954628 2
1 37972033 0.9706
1 37988881 0.998605982319799
1 38010195 4.4946
1 38022954 1.1581
1 38024563 0.0282
1 38051868 2.6869
1 38058262 0.9076
1 38089079 0.7624
1 38091426 0.7624
1 38128099 0.265167560718571
1 38143653 0.9855
1 38173153 0.9855
1 38216683 0.7409
1 38256900 2
1 38264599 2
1 38271202 1.3868
1 38272214 0.8629
1 38291565 0.4362
1 38302630 2.1593
1 38319064 2.1814
1 38321035 0.865859834325278
1 38329367 0
1 38341194 0.2074
1 38347095 2
1 38353290 2.2936
1 38356820 2
1 38368901 2.8163
1 38377083 2
1 38378356 0.7509
1 38386001 2
1 38392924 2
1 38395463 2.8884
1 38400444 0.655325833334891
1 38411689 1.06912882298655
1 38424450 1.07104833216798
1 38425950 1.69165993183352
1 38428853 1.73529793386198
1 38452874 3.5952
1 38459725 1.0697
1 38464087 0.8891
1 38485919 0.815496250418377
1 38498630 1.4387
1 38533447 0
1 38538942 0.154367645335011
1 38557221 2
1 38560711 2.1323
1 38575090 0
1 38580996 2
1 38588885 1.60894222450043
1 38600777 1.0049
1 38605346 2
1 38605600 2
1 38610306 0.264230676850976
1 38614580 2
1 38637338 2
1 38637893 2
1 38652089 2
1 38667627 2
1 38668970 2
1 38679973 2
1 38694870 0.0998
1 38712975 1.9713
1 38745091 0.6137
1 38749074 0.66148373830532
1 38755030 0.482604586974928
1 38758980 2
1 38776232 2
1 38780926 0.263254552716087
1 38819881 0.4828
1 38837321 0.39962369373409
1 38870564 1.303
1 38871639 1.6762
1 38882333 2
1 38883300 0.7028
1 38884410 1.0497
1 38891974 1.6193296973723
1 38892200 0.9983
1 38892471 1.6762
1 38901700 0.260096743994291
1 38902424 5e-04
1 38907276 0.9983
1 38922425 0.8938
1 38930398 2
1 38932662 2
1 38933197 2
1 38940480 0.7799
1 38943566 0.6709
1 38944140 2
1 38950439 2
1 38954527 2
1 38961702 0.6709
1 38965901 2
1 38980059 2
1 38987184 2
1 38991344 1.1291
1 38991941 2.8723
1 38994680 1e-04
1 39014260 2
1 39019050 0.8527
1 39022339 2
1 39026255 0.4101
1 39035166 5e-04
1 39043362 0.4101
1 39048480 2
1 39051550 0.4101
1 39052806 2
1 39057096 0.3293
1 39064315 0.4049
1 39084936 2
1 39085949 2
1 39094578 2
1 39096212 2
1 39099218 2
1 39102162 0.5081
1 39102577 2.22314290441189
1 39112495 2
1 39123391 0.021
1 39163390 2
1 39165625 2
1 39181115 2
1 39181366 0.2781
1 39233798 2
1 39251584 2
1 39293321 2
1 39298134 2
1 39306610 8e-04
1 39313938 2
1 39321246 0
1 39337779 1.7593
1 39343612 2
1 39355291 2
1 39375096 2
1 39413694 2
1 39448691 2
1 39484408 2
1 39487458 0.0404
1 39490429 0.052
1 39491629 2
1 39526058 2
1 39540380 2
1 39571682 2
1 39601559 0.0078
1 39612775 1.2174
1 39613442 2
1 39617969 2
1 39634424 2
1 39657267 0.746267356665736
1 39664495 5e-04
1 39685871 2.0077
1 39687469 2
1 39687724 0.942902750633474
1 39707682 0.8247
1 39714840 0.8247
1 39717556 0.4365
1 39726698 0.921018203159761
1 39731292 2.0028
1 39740838 1.78550025099503
1 39761071 1.30673407753657
1 39761447 1.0897
1 39783710 1.4318
1 39786972 2
1 39788618 2
1 39789001 0.0149850091558284
1 39789343 2
1 39791023 2
1 39791235 2
1 39794194 2
1 39811821 2
1 39820557 2
1 39824925 1.462
1 39832608 2.5668
1 39835171 2
1 39879586 1.5581
1 39880457 2
1 39914527 0.716095412715204
1 39916592 2
1 39925481 2
1 39930170 2
1 39937742 2
1 39950765 0.3809
1 39961325 0.8895
1 39972657 0.8672
1 39976880 1.65087989318382
1 39994149 1.4557
1 40007489 2
1 40009346 2
1 40016842 2
1 40023024 2.3489
1 40046589 2
1 40051907 2
1 40055259 2
1 40073776 2
1 40083440 2
1 40083891 2
1 40094719 2
1 40117251 2
1 40168958 2.0005
1 40196418 2
1 40222460 2
1 40240054 1.9404
1 40247109 1.9814
1 40267320 0.3066
1 40267986 0.8903
1 40306620 0.723079473179671
1 40321122 1e-04
1 40321242 0.9891
1 40331738 1.1604
1 40331818 2
1 40336751 1.04640511216552
1 40337266 0.6056
1 40338072 0.6056
1 40342407 0.8275
1 40345111 0.8434
1 40352026 0.6986
1 40397725 1.2821
1 40415955 1.305
1 40431783 0.4238
1 40437107 0.285089162741677
1 40444553 2.1151
1 40455473 1.2036
1 40472256 1.1466
1 40482807 0.1405
1 40482997 0.976585685403437
1 40485387 1.7255
1 40486690 0.355378000595765
1 40488253 0.1405
1 40491966 1.01645124317741
1 40500348 1.7255
1 40506090 1.7255
1 40516370 1.1941
1 40517412 1.0309
1 40523205 1.0309
1 40523496 1.4369
1 40523638 1.4369
1 40530625 1.0309
1 40540482 1.7255
1 40545609 1.4369
1 40549339 2
1 40549630 0.282901419062265
1 40557630 2.5345
1 40557839 1.20723411870161
1 40559199 0.2663
1 40560611 1.1484
1 40561046 1.16144098323939
1 40562475 2.4931
1 40567999 2
1 40575321 1.5021
1 40578608 2
1 40579024 1.6953
1 40584367 2
1 40584382 1.682
1 40585561 2
1 40588278 1.6347
1 40610874 0.7028
1 40647039 2
1 40659187 2
1 40669239 2
1 40707062 0.6261
1 40707376 1.9998
1 40722675 0.7782
1 40727038 2
1 40727216 2
1 40727309 2.5345
1 40727955 2
1 40731634 2
1 40751428 2
1 40754724 0.7782
1 40759251 0.6261
1 40762771 0.7782
1 40763288 2
1 40791337 5e-04
1 40798520 0.5291
1 40799781 0.5291
1 40802853 0.8247
1 40804491 0.5745
1 40805481 0.2458
1 40811877 0.7409
1 40830128 0.0156
1 40852961 0.9595
1 40858798 2
1 40865338 2
1 40884511 0.6992
1 40886628 0.6043
1 40888577 2
1 40890105 0.9217
1 40893138 2
1 40895703 2
1 40897064 2
1 40897212 0.0162
1 40902543 2
1 40905914 1.0037
1 40912633 0.1003
1 40914389 0.5818
1 40914768 0.726046362369643
1 40915935 0.0876
1 40930868 0.553396553624067
1 40933358 0.52683564198696
1 40934143 0.51098173962736
1 40937912 1.42054827752495
1 40943968 2
1 40953846 0.106127825923541
1 40958442 0.9822
1 40963673 0.8102
1 40966732 1.4244
1 40974992 0
1 40992021 2
1 41000800 0.588
1 41001131 0.588
1 41001601 2
1 41003371 2
1 41009413 0.2091
1 41020573 2
1 41035839 0.7028
1 41060754 2
1 41108950 2
1 41110027 0.1854
1 41112526 2
1 41127326 0.0864
1 41129409 2
1 41155455 0.1854
1 41167695 2
1 41173190 0.3506
1 41173863 2.0498
1 41187190 2
1 41200476 0.7028
1 41233850 2
1 41234561 2
1 41235412 5e-04
1 41250367 2
1 41270328 2
1 41281642 0.2091
1 41294645 2
1 41298503 2
1 41301350 2
1 41308022 0
1 41309917 2
1 41344324 0.187560663142375
1 41359803 0.0103
1 41366515 0.7692
1 41379443 2
1 41379574 1.3696
1 41386275 0.6802
1 41388685 2.0216
1 41397651 0.1393
1 41401129 0.7585
1 41411156 0
1 41419903 1.0009
1 41424504 0.309632700228824
1 41437367 2.47358832672753
1 41452519 0
1 41473618 0
1 41487787 2
1 41489419 0.4926
1 41497860 0
1 41506196 2
1 41506580 1.574
1 41518241 0
1 41519782 2
1 41528082 2
1 41543333 0.7779
1 41544960 2e-04
1 41548541 2
1 41551337 0.0621
1 41591512 2
1 41598806 0.6956
1 41620248 2
1 41623718 2
1 41638098 2
1 41638355 1e-04
1 41640196 2
1 41642419 2
1 41648527 2
1 41652066 2
1 41675581 2
1 41722402 0.57636028469286
1 41757214 0.2765
1 41758786 0.2765
1 41764374 0.2765
1 41766671 0.2765
1 41769086 0.0162
1 41782496 2
1 41790342 1.7679
1 41791455 2
1 41801479 2
1 41842050 2
1 41863449 0.0858
1 41867932 2
1 41869277 2
1 41869727 0.4179
1 41871010 0.4179
1 41897604 2
1 41918207 0.8771
1 41921711 0.8771
1 41955269 0.9654
1 41971845 0.9801
1 41975087 1.0054
1 41991272 0.8771
1 41994587 1.0054
1 41996389 0.9654
1 42027772 0.7757
1 42055837 2.1858
1 42057196 1.8573
1 42061553 2
1 42065355 0.4844
1 42073932 0.7047
1 42078611 2
1 42083782 2
1 42089493 2
1 42108510 2
1 42110192 0
1 42114832 1.0615
1 42166802 0.144207393669767
1 42175954 0.183540234255194
1 42227439 0.00345242120370279
1 42230409 0.504073688999307
1 42235558 2.7548
1 42245719 0.422449445736183
1 42277530 1e-04
1 42280735 2
1 42281996 2.299
1 42303298 0.481527981046384
1 42314969 0.461343381078755
1 42324054 0.475071000210177
1 42341859 0.733412244487539
1 42342946 0.412303096336498
1 42385763 0.932124186562659
1 42385771 0.735246613878282
1 42385849 1e-04
1 42391968 2
1 42399797 2
1 42411025 2
1 42411586 2
1 42412245 2
1 42424314 2
1 42424726 2
1 42426624 2
1 42438730 2
1 42440989 1.4723
1 42445129 0
1 42447144 1.4723
1 42450737 2
1 42459409 2
1 42471294 2
1 42482531 1.19642068788536
1 42485128 2
1 42485659 2
1 42490363 1.5059
1 42507254 1.5059
1 42512319 1.5059
1 42517641 2
1 42528950 2
1 42529344 2
1 42547839 1.5059
1 42554554 1.12721686029822
1 42571932 2
1 42579936 1.5059
1 42584959 1.5059
1 42594844 2
1 42604595 2
1 42626914 2
1 42633056 2
1 42633903 2
1 42634561 1.30488600472827
1 42635599 2
1 42636896 2
1 42636944 2.0443
1 42642022 2.2379
1 42642036 2
1 42642248 2
1 42649737 1.0789
1 42661850 1.3019
1 42688821 2
1 42689391 2
1 42690871 2
1 42699620 2
1 42743754 2
1 42749012 2
1 42763236 2.6704
1 42783949 2
1 42790596 2.10940999892944
1 42810095 2
1 42820083 2
1 42835250 0.091
1 42845311 0.6575
1 42854801 1.1521
1 42876350 0.745759916734767
1 42887014 0.0994
1 42894353 0.0078
1 42962979 1.20552888142153
1 42970842 0.923619148274671
1 42985697 0.0180690490997782
1 42985963 0.0389
1 42994436 0.388427319443826
1 43005095 2
1 43105775 0.026
1 43108165 1.364
1 43112465 0.0897
1 43149502 1.7096
1 43151082 1.32
1 43151986 1.32
1 43163655 5e-04
1 43175490 2
1 43180257 1.6347
1 43186771 1.7096
1 43207475 2
1 43213006 2
1 43213603 2
1 43218607 5e-04
1 43219133 2
1 43223807 2
1 43259573 2
1 43308766 2
1 43309806 2
1 43322501 0.5789
1 43342849 2
1 43355400 2
1 43356185 2
1 43358818 2
1 43376266 2
1 43378214 2
1 43398186 2
1 43414117 2
1 43414425 2
1 43433956 2
1 43462526 0.5788
1 43473130 2
1 43494271 0.0881244489141055
1 43498740 2
1 43533656 1.1994
1 43554060 0.218
1 43559589 2
1 43563682 0.552654247889757
1 43586926 2
1 43596596 2
1 43602624 0.3226
1 43616241 2
1 43625065 0.2109
1 43628857 2
1 43644078 2
1 43644145 0.2509
1 43652735 0.5455
1 43657831 0.2187
1 43660769 2
1 43661926 0.3226
1 43664108 0.2536
1 43696309 0.3289
1 43720773 0.2417
1 43734985 2
1 43752037 0.3289
1 43758173 2
1 43765936 0.0263
1 43784245 0.0624
1 43785448 0.5011
1 43788731 0.0684
1 43813899 3e-04
1 43813907 2
1 43814039 0.3351
1 43821476 2
1 43857499 5e-04
1 43874983 0.0624
1 43875914 4e-04
1 43922804 1.1804
1 43924720 0.4622
1 43940742 0.0078
1 44015820 0.4024
1 44040117 2
1 44042101 2
1 44043879 2
1 44050024 2
1 44057474 0.9067
1 44069435 1.2808
1 44071991 1.4544
1 44074473 1.4701
1 44108461 1.5467
1 44159155 2
1 44159893 0.274134950308262
1 44260211 0.2254
1 44301507 0.1758
1 44310688 0.1957
1 44324981 0.1575
1 44362174 1.24631908626455
1 44395851 2.5897
1 44413016 1.4619
1 44418007 0.862722503274821
1 44423493 0.4038
1 44432900 1e-04
1 44449657 0.7857
1 44456961 0.2644
1 44457011 0.7857
1 44458779 0.7411
1 44503293 0.505298599894026
1 44527865 0.0332
1 44564519 0.399771427190761
1 44584995 0.0827853007395643
1 44589560 0.027
1 44594157 0.550001576406495
1 44602338 2
1 44612250 2
1 44612762 5e-04
1 44628049 3.0285
1 44638651 3.0285
1 44648787 3.0285
1 44663460 2.9671
1 44669797 0.245979028681921
1 44671892 2
1 44683765 2.9671
1 44729966 1.51248397999316
1 44765686 0.6749
1 44795016 1e-04
1 44797987 0.0584815599605011
1 44806156 0.6511
1 44807855 2
1 44852243 3.5952
1 44876683 1.1908
1 44889678 0.6835
1 44907994 1.8461
1 44916650 1.0022
1 44927747 0.6511
1 44930666 0.6511
1 44938552 1.6855
1 44942887 0.6511
1 44952690 0.6835
1 44953706 1.0022
1 44958709 0.6511
1 44960521 0.6511
1 44975455 1.6855
1 44978094 1.6855
1 44986555 1.0022
1 45004458 0.0386
1 45010993 5e-04
1 45021335 0.0053
1 45038811 0.532927547362291
1 45039296 0.204293873957282
1 45044040 2
1 45047017 2
1 45119535 2
1 45124269 2
1 45147907 5e-04
1 45186254 2
1 45189844 2
1 45223119 0.0897
1 45235543 1.21459008508828
1 45247882 2
1 45266642 0.038537229887544
1 45282473 2
1 45284323 1.439
1 45297978 2
1 45310044 0.0488
1 45317712 0.1844
1 45432508 5e-04
1 45433068 5e-04
1 45435698 0.0541
1 45440442 5e-04
1 45443943 2
1 45450220 0.1393
1 45450250 0.9937
1 45485483 0.765737644061345
1 45488927 0.4177
1 45497707 5e-04
1 45512131 0.8682
1 45520088 0.65454797190041
1 45525407 0.4969
1 45533387 0.393909387840874
1 45533898 0.462789296712008
1 45535365 0.517140182022651
1 45548261 1.06644502298214
1 45575843 2
1 45586297 5e-04
1 45593855 2
1 45629600 2
1 45630730 2
1 45634509 2
1 45651820 2
1 45656468 0.4583
1 45660208 2
1 45671083 2
1 45673666 2
1 45685133 2
1 45700203 2
1 45712878 1.27820460094045
1 45717512 2
1 45726094 0.7375
1 45732338 2
1 45748255 2
1 45763780 2
1 45773171 1.1478
1 45777683 0
1 45779254 0.0078
1 45783714 2
1 45784283 2
1 45816412 2
1 45830394 0.775826487738251
1 45831659 2
1 45831731 1.03357307950899
1 45844498 1.6695
1 45858519 2
1 45876665 2
1 45880562 0.240999542639765
1 45883915 1e-04
1 45884834 2
1 45912356 0.376
1 45914565 1.0496644924163
1 45937226 1.29056522107327
1 45940745 2
1 45942995 2
1 45962166 2
1 45965949 2
1 45986067 0.3954
1 46020298 2
1 46037545 2
1 46038717 0.376
1 46039563 0.376
1 46058562 2
1 46066735 0.3954
1 46071736 1.44586811137226
1 46091483 2
1 46098867 2
1 46102750 2
1 46145110 0.5988
1 46186469 0.117873781087177
1 46278228 2
1 46314613 1.53280459596233
1 46316786 2
1 46342790 1.01900034811874
1 46345543 2.8698
1 46348420 2.47384076948905
1 46349706 0.0567948581425676
1 46354661 2.8698
1 46357534 0.191419964350372
1 46358376 0.130647222844424
1 46362688 2
1 46374243 0.0053
1 46382671 0.297420146131044
1 46384452 0.619618270466711
1 46387032 2
1 46392997 2
1 46395155 0.0239631136222221
1 46398981 0.721
1 46417996 2
1 46420268 1.1369
1 46426253 2
1 46433132 0.8016
1 46434275 2.55667213761639
1 46442282 0.891853832760058
1 46445220 1.30352973172471
1 46454345 0.38380158258122
1 46454359 2.5598
1 46461431 2
1 46463118 2.5349
1 46476270 0.644245240861484
1 46479551 2
1 46481880 0.3691
1 46516919 0.312575114232972
1 46524754 0.1284
1 46542570 0.62662383503131
1 46549588 0.0483448781079513
1 46576344 1.05155103287766
1 46581769 0.0343383521222738
1 46599959 2
1 46602823 2.30246103926342
1 46604058 2
1 46613421 0.487475063392035
1 46615311 2.05121950760482
1 46634049 2
1 46634487 2
1 46643656 0.0051
1 46648339 2
1 46649542 2.1108
1 46661897 0.0015
1 46662092 2.1379
1 46664956 0.1358
1 46670283 2.1665
1 46676046 0.1336
1 46678860 0.1336
1 46680861 2
1 46700976 5e-04
1 46703300 2
1 46712012 2
1 46718867 2.4263
1 46719410 0.1336
1 46734589 2
1 46762817 1.2546
1 46800204 0
1 46827033 0.448623027498121
1 46836690 1.6688290491373
1 46843593 0.359668302012634
1 46849405 0.622040494631829
1 46884955 5e-04
1 46905446 0.718270125758368
1 46933285 2.20432159595209
1 46954199 0.0502
1 46957811 0.719631789640903
1 46962273 0.0521892709393462
1 47016291 0.390029195519562
1 47016349 1.04137701892252
1 47016486 0.0277701973592774
1 47016654 2
1 47027666 1.12205118669306
1 47062711 2.17073067910774
1 47079270 1.82696960938283
1 47098094 0.0744949851478252
1 47103620 1.23814146433477
1 47104845 0.0631565566221465
1 47118829 1.31765104288468
1 47121318 2.52082182843066
1 47143996 0.652267686704285
1 47148813 0.085751915778007
1 47153712 1.29239762115969
1 47165253 2.2950970639473
1 47166576 0.324751005067245
1 47184473 0.3088
1 47246385 2
1 47267708 2.17853410802391
1 47278153 0.8468
1 47278785 0.8468
1 47287060 0.529482455361285
1 47312561 2
1 47316090 0.246347401001233
1 47327071 2
1 47330867 2
1 47332459 2
1 47333764 1.1388467638002
1 47338598 0.335908790644319
1 47342988 5e-04
1 47369478 0.743025180225783
1 47421566 2.566
1 47441193 5e-04
1 47441990 2
1 47442424 2
1 47444441 2.2719
1 47449307 1.3715
1 47453336 2.3026
1 47455614 2
1 47464969 1.3438
1 47466148 1.3371
1 47476750 0.4586
1 47480153 0.8918
1 47483092 0.506742156173651
1 47486991 0.4915
1 47489099 2
1 47489728 0.769123370690556
1 47514250 0.803
1 47540874 2
1 47550839 0.3658
1 47567128 2
1 47584282 1.6276
1 47621893 0.9128
1 47622420 0.9128
1 47634895 2
1 47641981 1.4897
1 47646027 1.4986
1 47650120 1.0061
1 47665697 2
1 47723581 2
1 47743299 5e-04
1 47759624 0.238705126020642
1 47762271 1.0146
1 47764882 2.22407190772471
1 47766710 1.3069
1 47795559 0.459831980861062
1 47797015 2
1 47820891 0.3796
1 47821342 0.461402972554654
1 47823739 3.0275
1 47829047 2
1 47846855 2
1 47859265 2
1 47866049 0.309827548556916
1 47886935 2.6709
1 47912956 0
1 47920326 2
1 47925439 2
1 47934352 0.533422611103926
1 47979713 1.41590308109184
1 48020500 2
1 48032078 2
1 48060667 2
1 48062570 2
1 48071126 2
1 48078417 2
1 48079665 2
1 48086589 2
1 48089823 2
1 48093791 0.8189
1 48098595 0.7504
1 48127623 0.5681
1 48129126 2.859
1 48132651 0.8049
1 48136671 2.0211
1 48137193 0.8473
1 48144634 0.3117
1 48148327 1.10730773004353
1 48157502 1.9285
1 48159209 1.9285
1 48177506 0.6213
1 48181435 1.0908
1 48181452 1.0542
1 48181879 5e-04
1 48183818 1.0908
1 48185831 0.3117
1 48191903 1.0542
1 48195387 1.0908
1 48198321 1.0908
1 48205697 0.8056
1 48206066 1.0723
1 48209562 1.8107
1 48233893 0.1059
1 48236222 0.1059
1 48236261 0.3117
1 48243706 0.1124
1 48277512 1.17773071018039
1 48285298 2.98947858623431
1 48285321 2
1 48294183 1.23010701943064
1 48302675 2
1 48328771 1.9459
1 48335337 0.9855
1 48337068 1.1209
1 48356298 1.9116
1 48358484 1.1662
1 48362343 2
1 48376143 2
1 48396474 0.7552
1 48408485 2
1 48421056 2
1 48429590 0.298729648803383
1 48440184 1.1662
1 48469215 1.1662
1 48478816 0.9531
1 48480447 0.128
1 48484822 0
1 48487941 2
1 48500346 0.126112642457787
1 48500950 2
1 48511912 2
1 48518805 0.952204215908481
1 48520873 0.858478560979473
1 48594034 2
1 48594859 2
1 48657745 2
1 48669922 2
1 48672507 2
1 48699551 2
1 48704123 0
1 48714389 1.12287698795563
1 48720161 2
1 48724103 1.1331
1 48758571 0.0682
1 48786285 1.1688
1 48801191 2
1 48828196 2
1 48831629 2
1 48873804 2
1 48883320 0.6112
1 48893546 0.6112
1 48897619 1.1698
1 48904950 1.0632
1 48909876 1.0141
1 48916835 2
1 48929512 2
1 48943269 2
1 48953643 2
1 48967263 2
1 48972393 2
1 49006264 2
1 49031623 2
1 49044535 2
1 49048101 0.8425
1 49051838 2
1 49114739 2
1 49157410 0.8425
1 49229451 2
1 49241562 2
1 49245609 2
1 49285795 2
1 49306780 0.83
1 49319078 2
1 49332132 2
1 49395816 2
1 49459802 2
1 49487438 2
1 49504306 2
1 49510249 2
1 49530273 0.8173
1 49558409 2
1 49569424 2
1 49601910 2.8733
1 49630620 2
1 49649398 5e-04
1 49658125 1.58096265458352
1 49699103 2
1 49719403 2
1 49754986 2.5331
1 49784601 2
1 49794958 2
1 49796625 8e-04
1 49891598 2
1 49914416 1.6468
1 49992771 1.6468
1 50003254 1.3943
1 50024506 2
1 50039981 2
1 50048700 2
1 50085111 0.8425
1 50158068 1.03443252380767
1 50172193 2
1 50200843 2
1 50202958 1.54105822501915
1 50206861 0.8995
1 50210431 0.0162
1 50303936 0.47916663356154
1 50304013 0.922885280387858
1 50338864 2
1 50351307 2
1 50358886 2
1 50365779 5e-04
1 50369349 2
1 50378643 0
1 50380142 2
1 50381783 2
1 50383692 2
1 50386251 2
1 50386775 2
1 50389535 2
1 50392580 2
1 50403636 2
1 50405495 2
1 50412430 2
1 50415217 2
1 50428784 2
1 50474420 2
1 50485134 0.7453
1 50550931 0.189973877379367
1 50594888 0.423193584154778
1 50629327 0.788166048585378
1 50645834 0.0209527380602505
1 50733444 0.183354929993726
1 50737673 0
1 50770920 1.07836425844442
1 50793973 0.896357046265294
1 50819465 0.704489284796054
1 50819803 0.1955
1 50904075 0.444988574916555
1 50978033 3.0436
1 51080468 1.9106
1 51090040 2
1 51159469 0
1 51198397 1.6384
1 51205311 0
1 51237651 1.6384
1 51253068 1.5509
1 51255102 1.6384
1 51276037 1.628
1 51283692 0.0078
1 51286207 0.0078
1 51296674 2.0406
1 51357276 1.9106
1 51357389 1e-04
1 51373047 0.9314
1 51403332 1.9106
1 51413113 1.9106
1 51430567 5e-04
1 51438456 0.8784
1 51458487 1.9106
1 51466623 1.9106
1 51472427 0.8784
1 51487118 1.9106
1 51488258 1.9106
1 51514377 5e-04
1 51518880 1.9106
1 51519324 5e-04
1 51521804 0.2658
1 51551041 0.1374
1 51638669 0.8589
1 51766947 0.8333
1 51788192 0.8589
1 51800570 0.0808
1 51831387 2
1 51874158 5e-04
1 51882420 0.163795155001095
1 51883097 0.00745256467156104
1 51887674 1.77672199020049
1 51900906 1.9753
1 51912566 0
1 51912572 4e-04
1 51921196 0.310480060670471
1 51927605 0.931347276623701
1 52066707 0
1 52070213 2
1 52085318 5e-04
1 52098687 0.0162
1 52109003 5e-04
1 52130773 0.0444
1 52134210 0.0107
1 52166955 0.9866
1 52168532 0.0897
1 52188743 2
1 52203220 0.0162
1 52263760 2
1 52323895 0.3219
1 52382214 2
1 52417298 0.9323
1 52440911 0.6213
1 52498113 0.9323
1 52540978 1.1361
1 52544047 0.9323
1 52560723 2
1 52592372 2
1 52596569 2
1 52602421 2
1 52607884 2
1 52622991 2.9998
1 52623679 2
1 52629130 0.28621482072807
1 52636461 2.4562
1 52640385 1.41737859823739
1 52648552 2
1 52648588 0.9714
1 52669391 2.6908
1 52671656 0.3108
1 52677599 0.7761
1 52698548 1.4823
1 52714133 1.5317
1 52715092 1.9301
1 52715284 1.5317
1 52721566 0.251415086906152
1 52729712 1.5317
1 52741922 4e-04
1 52742082 2.0028
1 52765798 3.0624
1 52768869 1.117
1 52772091 0.899
1 52775696 4.3127
1 52779800 1.117
1 52786840 1.9838
1 52791162 0.899
1 52797460 7e-04
1 52803095 4e-04
1 52803157 4e-04
1 52803241 5e-04
1 52803261 5e-04
1 52815826 1.1929
1 52817779 1e-04
1 52828801 0.475
1 52843135 1.3887
1 52845287 1.3887
1 52853179 1.3887
1 52868611 2.1546
1 52883918 1.9838
1 52892396 1.9838
1 52898377 1.071
1 52926925 1.9838
1 52942221 1.0238
1 52954152 2.2356
1 52973740 1.0894
1 52991696 1.9275
1 52995583 1.4039
1 52998971 1.1645
1 53005022 1.4039
1 53012517 1.807
1 53021681 1.9275
1 53022457 1.396
1 53023415 1.396
1 53023648 1.807
1 53024576 4e-04
1 53025341 1.396
1 53025830 1.807
1 53026167 1.396
1 53027953 1.396
1 53028673 1.396
1 53029962 1.807
1 53035487 1.8647
1 53040998 1.807
1 53045265 1.8647
1 53048310 1.7505
1 53053131 1.8454
1 53053136 0.0078
1 53061024 1.7505
1 53062830 1.807
1 53068190 1.807
1 53088633 2.3766
1 53093575 1.5087
1 53097130 0.1294
1 53101565 0.1294
1 53101749 0.0255
1 53114485 0
1 53129277 2
1 53136029 0.790375633698541
1 53136155 1.4658
1 53137116 0.6078
1 53139108 1.7193
1 53141555 0.6078
1 53142753 1.6458
1 53145180 0.0576
1 53145865 0.2662
1 53148583 0.8014
1 53155321 3.5952
1 53155673 1.10174906170583
1 53159148 1.47385897980051
1 53162306 1.5628
1 53163143 0.11050013976138
1 53165033 2
1 53167820 1.3728
1 53169572 1.29491613225189
1 53173434 1e-04
1 53188772 1.30252205529695
1 53209377 2
1 53216434 0.4221
1 53226765 0.4033
1 53228393 0.4033
1 53230379 0.4033
1 53257518 0.2674
1 53290847 0.62334864616602
1 53297109 2
1 53342916 0.636823472857792
1 53343021 0.462972336831978
1 53350892 2
1 53361989 0.2655
1 53365719 2
1 53366116 2
1 53371515 0.0638
1 53390687 3.5988
1 53425382 2
1 53425624 2
1 53427885 2
1 53428935 2
1 53430927 2
1 53445564 2
1 53462507 2
1 53463790 2
1 53485108 1.2924
1 53502958 2
1 53521273 0.0088
1 53531280 0.0828
1 53537534 0.9214
1 53539518 0.456820176873432
1 53550159 0.649669227540566
1 53555493 0.936427131878314
1 53556630 5e-04
1 53564183 2
1 53565029 3.4128
1 53580183 1.7166
1 53580544 0.8843
1 53595660 0.2192
1 53598265 0.2192
1 53604340 0.0107
1 53613250 0.2192
1 53614235 0.4359
1 53689984 1.7901
1 53709629 0.155
1 53721609 0.7902
1 53726759 0.191829690257839
1 53740953 0.3651
1 53803414 2
1 53846752 2
1 53875973 0.824988116639875
1 53909675 2
1 53913770 2
1 53922184 2
1 53939219 2
1 53951713 2
1 53963954 0
1 53977234 2
1 53980286 0.753734898719585
1 53990368 0.74170923673247
1 54003944 0.323225280247095
1 54033405 1.58300497925318
1 54042721 1.43372721804715
1 54048550 1.2252
1 54069127 0.361780169639968
1 54071478 0.0839627316438678
1 54093285 1.7335
1 54119113 0.191702774280007
1 54127292 0.0789
1 54130747 0.0136
1 54144016 2.05675441236412
1 54148938 2.566
1 54148972 0.215586815151236
1 54148973 0.370510082240451
1 54151080 0.299442921415879
1 54162087 2
1 54164371 0.0347107183953238
1 54164485 1.71098939908283
1 54171304 2
1 54171494 2
1 54191878 2
1 54194000 0
1 54204311 1.021
1 54206186 2.84775155698404
1 54235034 0.913725006690899
1 54240098 0
1 54240122 0
1 54252053 0.1752
1 54259434 2
1 54263838 2
1 54274397 2
1 54275447 2
1 54331866 2
1 54336761 2
1 54359010 2
1 54368020 2
1 54373396 1.5165
1 54375426 1.09929663593851
1 54393239 2
1 54396141 2
1 54398335 2
1 54405796 2
1 54410054 2
1 54413998 2
1 54417244 2
1 54420051 2
1 54429558 0.757883882919276
1 54435360 2
1 54437188 0.364379687788848
1 54448935 1.07748983785171
1 54449068 1.2557
1 54449494 2
1 54449653 0.8941
1 54452393 1.4615
1 54458928 5e-04
1 54459133 0.612757224147201
1 54464648 2
1 54477591 0.299621912608523
1 54490014 1.61760684694891
1 54490553 1.28565980065904
1 54490678 0.736273158272883
1 54497969 2
1 54554333 2
1 54561899 5e-04
1 54563114 2
1 54569675 2
1 54583939 1.38499676492695
1 54593170 2
1 54599219 3e-04
1 54624618 0.422318381634954
1 54631647 2.05188989156276
1 54652893 0
1 54653471 0.4629
1 54656560 0
1 54663891 1.05322520068691
1 54664925 0.3827
1 54670683 1.05372131653445
1 54690565 2
1 54707374 0.868267302220495
1 54725971 0.782030694462475
1 54731476 2
1 54760615 2
1 54761907 1.11140115223932
1 54771929 1.2031373571405
1 54776267 2
1 54784003 2
1 54808791 2
1 54809885 0
1 54818045 0.836459394693855
1 54818854 0.142360404817817
1 54820009 0.550640767173809
1 54822140 2.1582
1 54824088 0.4128
1 54827027 2.2763
1 54832005 0.4128
1 54833332 1.13004181404575
1 54838935 0.889874937349919
1 54844943 0.527470735286406
1 54844989 0.28768587828807
1 54852673 1.33723035334856
1 54855878 0.72063679942753
1 54865083 0.136219019876371
1 54868427 1.8181
1 54868478 0.21280202067494
1 54871277 0.79128697482984
1 54879095 1.15748237254698
1 54880192 1.8964245938301
1 54881435 0.0288618579494642
1 54899963 1.78779626495744
1 54900673 0.204823729118604
1 54907499 1.09990382380034
1 54931733 0.02
1 54932292 1e-04
1 54933449 0.02
1 54938427 2
1 54951102 0.665516304865987
1 54951259 0.762272271077548
1 54951922 0.360746209815643
1 54952315 0.372849450631355
1 54957374 0.332307097828078
1 54957426 5e-04
1 54962631 1.89665974773493
1 54966260 1.3779
1 54970511 1.1693688138488
1 54977865 0.673524298150012
1 54981979 0.848292258811057
1 54992037 1.33074437934809
1 54992142 1.48362390044039
1 54992553 0.406066307366864
1 54996007 0.114885199205944
1 55011962 2
1 55013433 1.0035
1 55015431 1.2935
1 55021673 0.8137
1 55025030 2
1 55027486 2
1 55034756 0.0553281029931166
1 55057688 0.0665205192439363
1 55060195 0.114562677889681
1 55065463 1.18472775278299
1 55075036 2.0123
1 55087431 0.533344869989917
1 55091867 0.0224581269583175
1 55191199 2.0123
1 55198153 2
1 55199829 0.584841369688075
1 55219114 0.126923100113981
1 55223912 0.718093400287551
1 55237599 0.431128154940498
1 55240632 1.55745203327354
1 55254984 2
1 55257216 2
1 55259527 2
1 55264910 1.5189
1 55266100 0
1 55274042 0.847678625305301
1 55276418 0.845503007794229
1 55293524 0.6889
1 55311933 0.109442025592763
1 55322936 0.528127553356192
1 55328230 7e-04
1 55332009 0.1569
1 55341828 2
1 55357016 2
1 55357825 0.5156
1 55383474 1.16775830917421
1 55393118 1.8942
1 55400456 0.997002231128826
1 55438711 2
1 55445073 2
1 55457312 0.0874960486688047
1 55462803 2
1 55495496 2
1 55496278 0.0109021341629033
1 55499740 2
1 55502255 2
1 55527137 2
1 55530306 2.42855455985897
1 55532762 2
1 55550242 1.0854
1 55552286 0.0742324928582141
1 55565138 0.636635119737136
1 55569179 2
1 55587846 2
1 55598968 2
1 55602671 2
1 55602721 0.663
1 55605374 2
1 55611042 0.6294
1 55615171 2
1 55618613 2
1 55623405 2
1 55637986 2
1 55642592 1.2852
1 55647692 0.2873
1 55663610 0.404080314728112
1 55665507 3.2946
1 55665629 5e-04
1 55665719 1.47021306629594
1 55665895 0.3449
1 55666336 5e-04
1 55667161 2
1 55668315 0.5676
1 55674499 3.39634110153193
1 55687563 0.7248
1 55695788 1.58615724125481
1 55719881 2
1 55728239 0.5686
1 55728988 5e-04
1 55749115 2
1 55753620 2
1 55767928 2
1 55780515 0.7905
1 55782050 0.925356443697301
1 55799098 2
1 55823071 2
1 55841314 0.5952
1 55844015 0.9018
1 55850127 2
1 55858869 0.922310540443803
1 55869564 0.9693
1 55906857 0.4949
1 55908638 1.0035
1 55919889 0.723038946985867
1 55922851 0.0559928460504986
1 55931208 0.7248
1 55933435 2
1 55933898 0.737954031694443
1 55945325 0.612592497737701
1 55946416 0.849787146338102
1 55980531 2
1 55993264 2
1 55995812 2
1 56002631 2
1 56004613 2
1 56008081 2
1 56012510 2
1 56044291 2
1 56048205 2
1 56079811 2
1 56098962 2
1 56118641 2
1 56149090 2
1 56150137 2
1 56152104 2
1 56152284 2
1 56161616 2
1 56173881 0.0153
1 56188693 2
1 56193392 2
1 56209530 0.4253
1 56211500 2
1 56221720 0.414162858204905
1 56224647 2
1 56250899 0
1 56271257 2
1 56275020 0.0997
1 56288030 2
1 56296771 2
1 56304368 2
1 56315474 0.0078
1 56317753 0.7237
1 56320923 0.6648
1 56332177 0.1119
1 56332421 2
1 56347934 2
1 56348571 0
1 56382353 2
1 56384940 2
1 56393109 0.1118
1 56398170 0.3433
1 56421962 0.9842
1 56426893 2
1 56429720 0.40880196109106
1 56431258 2
1 56433326 2
1 56440602 2
1 56447282 2.1804
1 56450414 1.21816828473438
1 56458620 0.441572192489425
1 56459048 0.915414839161318
1 56466922 0.0879
1 56467872 0.1209
1 56478823 1.17762028235519
1 56490147 0.0882543028558213
1 56491940 0.537846041560516
1 56497955 1.1662
1 56516147 0
1 56524050 1.31634124494618
1 56525081 1.1662
1 56527743 1.05273521934854
1 56533228 1.9071
1 56557381 2
1 56567822 2
1 56569117 2
1 56579744 2
1 56585007 2
1 56593900 2
1 56603340 2.11100114231275
1 56603459 0.53436890055934
1 56603957 1.15612977592987
1 56606508 2
1 56608588 0
1 56609725 0.713963402997484
1 56610465 1.00402409369002
1 56611116 0.648784549939453
1 56614177 0.79448768012348
1 56614438 2
1 56618093 2.1171
1 56620931 1.16772423302881
1 56621060 2
1 56662166 2
1 56664174 0.478544597536308
1 56673697 0.184785146290224
1 56677815 0.464170258890723
1 56689656 0.542971216930448
1 56693463 0.164669330704321
1 56725471 1.8647
1 56737199 2
1 56747429 2
1 56757691 0.817680318984968
1 56758581 2
1 56769766 0.656371875147842
1 56772529 1.24731517882926
1 56778615 2
1 56786942 2
1 56798791 0.525197772143985
1 56801003 1.62063598758247
1 56801383 0.548965346233491
1 56808858 0.0389
1 56809980 2
1 56875187 0.978250350168411
1 56878097 0.577358040121282
1 56883941 2
1 56896315 2.20519275476493
1 56902549 0.32750863102225
1 56931366 0.115978264516789
1 56931628 0.265844931559219
1 56933863 2.31031012828123
1 56953553 2
1 56957258 2
1 56966455 1.45061523275529
1 56977729 0.624756928761997
1 56981352 2.2734
1 56985272 1.60424071518504
1 56997653 1.92967224172647
1 57003118 2.04282610688242
1 57054837 2.7141
1 57059808 2
1 57080149 1.4249
1 57092119 2
1 57093301 2
1 57096690 0.2466
1 57108048 2
1 57114260 2
1 57140216 1.0917
1 57157027 2
1 57161530 2
1 57170066 1.72280850016236
1 57173517 2
1 57193577 0.620049220998141
1 57201088 0.839766880103599
1 57201557 2
1 57203681 2.4365
1 57207466 0.312417165802567
1 57217744 0.436848865448297
1 57244098 2
1 57245929 2
1 57259284 2
1 57272253 2
1 57272867 2
1 57291714 0.382009865683466
1 57292565 0.752381081823148
1 57304198 2
1 57306227 2
1 57348613 0.6689
1 57354867 0.6689
1 57355718 0.7248
1 57365852 2
1 57385045 0.241623706985327
1 57386563 2
1 57393703 2
1 57400247 0.440722056617885
1 57402644 2
1 57407315 2
1 57415022 2
1 57449213 2
1 57491980 2
1 57502397 1.5791
1 57507011 0.126836937958366
1 57508176 0.0595347609901798
1 57522993 0.0819
1 57528639 0.0088
1 57555092 0.1624
1 57567288 0.3308
1 57570673 0.1624
1 57587482 0.1843
1 57607636 0.0117
1 57620784 2
1 57635533 2
1 57640842 2
1 57644556 2
1 57657260 2
1 57663498 2
1 57663964 0.1986
1 57690344 0.1667
1 57696568 0.1667
1 57697183 2
1 57698686 1.2916
1 57719059 2
1 57733711 1.2935
1 57738314 0.9808
1 57738668 0.5281
1 57739685 1.2208
1 57756037 0.3274
1 57757981 1.5027
1 57760628 0.258031894344072
1 57768461 0.6303
1 57773020 1.2849539186867
1 57776153 0.805541393397149
1 57779969 0.918015718181862
1 57782176 0.377155920536389
1 57790519 1.02298091873641
1 57791237 0.0729087500908309
1 57819355 0.255438731542977
1 57830590 0.753785358224436
1 57840717 0.646852834220186
1 57843698 2.1804
1 57852107 0.839919799018735
1 57887043 1.1468
1 57902532 0.8379
1 57917354 2
1 57925861 1.9281
1 57928707 1.9281
1 57932137 1.9281
1 57934044 1.9281
1 57937014 0.469997236454079
1 57937205 0.129236780888875
1 57937243 1.57972269306108
1 57938594 0.362482257653482
1 57946795 1.33019886736027
1 57948476 0.0479522020268052
1 57948717 0.221550395962163
1 57954989 1.44694611778357
1 57961236 1.41703644323351
1 57974555 1.26864452119829
1 57989112 0.243543419413835
1 57992511 0.372276946189161
1 58004763 1.32898261758444
1 58004853 0.199362923418168
1 58005419 2
1 58011478 2
1 58016669 1.30734582511023
1 58020092 2
1 58020958 2
1 58051363 2
1 58064781 1.98991526604194
1 58080656 2
1 58106892 2
1 58107083 1.9753
1 58113512 0.477330495422844
1 58136194 0.2549
1 58167054 2.8224
1 58192590 2
1 58197891 0.551
1 58213168 2
1 58215407 2
1 58256118 2
1 58256791 1.1209
1 58261557 1.0789
1 58265635 0.176
1 58276478 0.176
1 58290976 1.08326992244859
1 58293531 1.0789
1 58303285 2
1 58306455 0.236754175082253
1 58324656 1.1662
1 58327614 0.9904
1 58334469 1.1662
1 58336936 2
1 58353838 2
1 58361928 0.0981
1 58383790 2
1 58390823 2
1 58425827 1.045
1 58441043 0.389424106514125
1 58445368 0.2168
1 58468219 1.07992839682169
1 58470866 0.447363810448962
1 58497614 2
1 58509422 2
1 58518237 5e-04
1 58542800 2
1 58543607 2
1 58555613 2
1 58558880 0.166617202089071
1 58574498 2
1 58575983 2
1 58578892 8e-04
1 58582043 2
1 58583300 2
1 58583380 1.6434
1 58583452 2
1 58583983 2
1 58597232 2
1 58598945 2
1 58600813 2
1 58608286 2
1 58618471 2
1 58643928 0.403343748341342
1 58654907 2
1 58654978 2
1 58655318 2
1 58661969 0.153966827374759
1 58662565 0.594501767611205
1 58666526 2
1 58671203 2
1 58672111 2
1 58678793 2
1 58679115 2
1 58686286 0.241255065700592
1 58696006 2
1 58698086 0.596076811844498
1 58704223 2
1 58708354 0.18542948074977
1 58735238 2
1 58737449 2
1 58738546 0.216971270972328
1 58745695 2
1 58746284 2
1 58746875 2
1 58764361 2.61505609424267
1 58787562 0.893268268510316
1 58805234 0.195603364434993
1 58820634 0.651132330861759
1 58838451 2
1 58851862 2
1 58855173 2
1 58864021 2
1 58864600 1.30889432600799
1 58889833 0.8984
1 58928453 2
1 58933783 2
1 58950085 0.0934
1 58959410 1.04753826789121
1 58962631 0.227644163309506
1 58975483 0.616644267654112
1 58992143 2
1 58998612 2
1 59001915 0.134319072116022
1 59005618 1.12639988052182
1 59010853 1.19830168395473
1 59013129 2
1 59015757 1.12817800855201
1 59051022 2
1 59056686 0.6224
1 59106142 0.460200300692333
1 59145453 0.0217
1 59211144 0
1 59239393 2
1 59240774 2
1 59242213 1.8474
1 59248313 2
1 59249043 1.1676
1 59251199 1.2252
1 59268695 2
1 59311591 1.46099865804369
1 59320128 0.914481459502288
1 59366477 2
1 59394584 1.13329503006965
1 59414975 4e-04
1 59426149 0.49897322632089
1 59429312 2.02296090552314
1 59443044 1.1946
1 59446079 2
1 59451380 2
1 59465160 2
1 59473868 2
1 59522840 0.0780210335723119
1 59553336 1.47000242643407
1 59563482 1.03306156747954
1 59566487 0.910571177824194
1 59568730 0.613395486083996
1 59577219 0.939676201515018
1 59580480 0.775198531004432
1 59590035 0.524456524557826
1 59595819 1.2075428636153
1 59601231 2
1 59606619 0.12036283572818
1 59606997 1.36381786733241
1 59632523 2
1 59661248 2
1 59738791 0.9302
1 59756981 2
1 59760824 2
1 59760825 2
1 59813868 0.5169
1 59858571 1.09324839111024
1 59923002 2
1 59923740 0.7551
1 59957357 2
1 59982192 2
1 60036403 2
1 60041883 1.0409
1 60046654 1.3883
1 60077300 1.0046
1 60081754 1.86605102683686
1 60086025 0.954802922427423
1 60093710 1.0046
1 60113239 2
1 60116622 1.06310005429916
1 60139241 2
1 60139374 2
1 60156069 0.936
1 60208170 2
1 60214086 2
1 60217601 2
1 60219673 2
1 60219922 2
1 60238606 0.8282
1 60267213 0.3274
1 60329513 2
1 60365255 0.9468
1 60390218 5e-04
1 60404051 2
1 60405071 2
1 60415826 2
1 60422810 2
1 60432408 0.666857458097069
1 60452311 0.0107
1 60460060 1.55547668838562
1 60470747 0.2949
1 60471989 0.2949
1 60486434 1.6202134553383
1 60501292 0.292943094526035
1 60501972 2.1933
1 60502833 1.3572
1 60507983 2
1 60511800 2
1 60525889 2
1 60526676 0.0580151707586559
1 60530730 0.4206
1 60547269 2
1 60570090 0.0107
1 60577193 0.263900741118133
1 60584697 0.779526538677391
1 60604308 0.108490934355298
1 60628168 1.07375017044643
1 60631873 2
1 60634885 0.472484115550887
1 60643823 0.2949
1 60648053 0.068597148039568
1 60656438 0.536038863075916
1 60667769 0.3297
1 60680498 0.2093
1 60688397 1.42372019742483
1 60705392 2
1 60723378 2
1 60727228 2
1 60730450 0.317734914228009
1 60734752 0.402239526985435
1 60737729 1.10820803184187
1 60741129 2.60506275447591
1 60764962 2
1 60777431 1.42504374584019
1 60798670 2
1 60813653 1.3762
1 60827021 0.5782
1 60831253 1.3762
1 60848699 0.239845085190043
1 60854397 1.3762
1 60869958 0.921712251189292
1 60872129 0.0668
1 60874389 0.0547
1 60900795 2
1 60914510 2.4799
1 60918273 2.48225402506695
1 60918425 1.08878706228782
1 60926937 0.801893431395336
1 60963702 0.0273
1 60992085 0.739691470207734
1 60993694 1.22028750203101
1 61003458 1.6859
1 61016272 2
1 61042262 2
1 61047631 2
1 61061284 2
1 61109464 0.0217
1 61159638 0.0502
1 61257407 0.89
1 61266653 2
1 61292339 2
1 61298468 2
1 61303653 2
1 61305973 2
1 61309297 2
1 61316101 0.9198
1 61316233 2
1 61330447 2
1 61334569 0
1 61334575 0.321613458916618
1 61352709 0.6804
1 61359992 1.3390379254438
1 61365547 1.5822
1 61430655 2
1 61445800 2
1 61458211 2
1 61462204 0.797455498100478
1 61464390 2
1 61465469 2
1 61466720 7e-04
1 61466732 5e-04
1 61478156 0.5812
1 61489770 0.4235
1 61491530 0.4235
1 61494689 0
1 61513022 0.4129
1 61516213 0.774796829203686
1 61516563 2
1 61529725 1.10517562405155
1 61538274 0.406690895550872
1 61541534 0.0217
1 61546057 5e-04
1 61576018 0.255100329987664
1 61584184 0.5952
1 61597535 0.100778095769388
1 61604511 0.2256
1 61610220 2
1 61611304 2
1 61614569 0.737478179387472
1 61622610 2
1 61629375 2
1 61630563 0.405668390929467
1 61632488 0.559837160054704
1 61638711 2
1 61651134 2
1 61652659 2
1 61655428 0.11019328690672
1 61656576 0.416078519433208
1 61659420 2
1 61660850 0.671653048175227
1 61661579 2
1 61664495 0.8866
1 61670759 0.7212
1 61675586 2
1 61676564 2
1 61707868 0.4206
1 61709868 1.53321223979036
1 61710446 0.7211
1 61717172 1.4782
1 61721395 2
1 61722155 1.4701
1 61728199 0.427074739206867
1 61733140 0.0386
1 61751372 0.844783115000317
1 61752314 4e-04
1 61756647 1.021
1 61773858 0.8545
1 61781717 2
1 61783695 0.390316117773724
1 61791551 0.807669748055585
1 61796740 1e-04
1 61804683 2
1 61817402 2
1 61824015 2
1 61828258 2
1 61853397 4e-04
1 61858779 2
1 61863033 2
1 61866501 2
1 61872371 1.5829
1 61873488 2
1 61877663 2
1 61893058 1.89990348076021
1 61894115 0.1088
1 61895893 0.1487
1 61914102 0.754853460807749
1 61951992 2
1 61958335 0.0946
1 61961099 2
1 61979656 2
1 61981630 2
1 61992181 2
1 61992408 2
1 61997602 2
1 61998431 2
1 62000976 2
1 62003345 2
1 62004733 2
1 62011719 2
1 62032469 2
1 62039372 1.36780511915416
1 62054164 0.0280617504100574
1 62054204 0.74844275638669
1 62060308 2
1 62111663 2
1 62113791 2
1 62117689 2
1 62125756 1.8039
1 62134330 0.0263
1 62137599 0.115596352218798
1 62144769 0
1 62148781 0.2897
1 62165315 2
1 62168329 2.784
1 62168613 2
1 62169386 2
1 62169574 2
1 62170410 0.6611
1 62175143 1.7634
1 62183910 2
1 62185906 0.4776
1 62191458 2
1 62197398 0.456649375135115
1 62204641 1.7505
1 62205567 0.486740022443066
1 62207365 2
1 62209589 2
1 62211694 2
1 62218488 1.8325
1 62219969 2
1 62221923 0.0217
1 62222658 2
1 62224817 2
1 62225183 2
1 62225244 1.44223753362001
1 62225588 1.27644451722298
1 62229716 1.28255992179213
1 62236013 1.8325
1 62237564 0.0128663662075123
1 62242667 2
1 62249364 2
1 62250776 0.2019
1 62251679 2
1 62262400 2
1 62268267 2
1 62296001 0.260782026863231
1 62301518 2
1 62306430 2
1 62308798 2
1 62312876 2
1 62323024 2
1 62336201 2
1 62347403 1.0264
1 62353946 0.481461082478011
1 62360329 0.9022
1 62377904 2
1 62403224 0.0078
1 62404174 1.5804
1 62416932 2
1 62445634 2
1 62449802 0.6273
1 62452194 2
1 62455940 2
1 62460908 2
1 62464096 2
1 62474493 2
1 62479832 2.1933
1 62483980 0
1 62510677 2
1 62511080 2
1 62523301 2
1 62524136 2
1 62535449 2
1 62540416 2
1 62553400 5e-04
1 62579835 2
1 62582316 0.6273
1 62629021 0.6273
1 62646649 2
1 62665320 2
1 62668313 2
1 62676296 0.8905
1 62677495 0
1 62681548 2
1 62688195 0.840369979637834
1 62714850 0.0265332870090128
1 62746576 1.05100467761265
1 62751748 1.33856935111159
1 62759780 0.36525304781875
1 62760241 0.0299853490556887
1 62774160 1.0059
1 62780875 1.0059
1 62791494 1.0059
1 62799494 0.1371
1 62804247 1.0059
1 62806053 2
1 62824457 1.24401539504966
1 62827786 0.110878966926146
1 62828075 1.0471540406013
1 62837115 0.19880541698437
1 62838651 1.0059
1 62839848 1.52579995009247
1 62840983 0.735901334598204
1 62849786 1.09499409728288
1 62850862 0
1 62863788 0.802863524025659
1 62876411 0.00230970869778295
1 62878503 1.0059
1 62895550 0.849805064758234
1 62901125 0.281087208585458
1 62907197 0.0051
1 62923939 2
1 62926257 2.0202
1 62932590 1.1209
1 62933754 0.3187
1 62934021 2.2653
1 62950558 0.00784340180382772
1 62953353 0.0688336775360639
1 62967045 2
1 62971711 2
1 62974454 0.261771062901275
1 62987941 2.1215
1 62991588 2
1 62993565 2
1 63000321 2
1 63004516 0.237264826478885
1 63010773 0.969528202811362
1 63011116 0.295698936427066
1 63015147 2
1 63021488 0.404613070846766
1 63029327 0.428484518508139
1 63034826 0.122515544807493
1 63040939 2
1 63044296 1.00467484339436
1 63044901 0.891582390708619
1 63045067 0.668447093707969
1 63046002 0.0423825583110627
1 63046085 0.0550383275832338
1 63046593 0.296621911900629
1 63046633 1.95023170846257
1 63048023 0.817362174154945
1 63048939 1.36237813856833
1 63053820 0.1281
1 63056038 0.179182486742668
1 63060085 2
1 63088139 2
1 63123699 2
1 63131397 0.727972830294453
1 63136137 0.4206
1 63170150 0.6185
1 63172240 1.37513120003309
1 63173043 0.471160480590223
1 63180020 2
1 63191978 2
1 63207413 0.512670180646326
1 63212632 2
1 63212816 1.62436597134446
1 63225208 0.392150431213407
1 63261871 0.0273
1 63297790 1.2154
1 63298611 1.2154
1 63300889 0.9105
1 63314736 2
1 63332665 1.3604
1 63333977 0.1237
1 63340796 1.24663439363454
1 63345566 0.6843
1 63355658 2
1 63381099 1.17901182414156
1 63400238 0
1 63400283 0
1 63401015 0.226297472127195
1 63408511 1.28995847371866
1 63413769 0.0818073252474088
1 63415881 0.2303
1 63422114 4e-04
1 63427723 0.2303
1 63445383 2
1 63452636 5e-04
1 63473444 1.94459986123522
1 63497733 2
1 63498937 2
1 63502369 2
1 63517289 2
1 63520764 1.20344484275129
1 63540858 0.890685267609343
1 63544574 0.778055661129026
1 63559960 0.897938935827391
1 63562446 0
1 63565084 0.587952642451172
1 63571555 1.50019968794685
1 63573660 1.18249047465688
1 63601008 0.122938061496135
1 63601617 1.2764509074296
1 63608766 0.655849071358312
1 63609060 0.456778969962245
1 63613937 0.194576392137948
1 63613970 0.153157065438838
1 63621773 1.21328505344325
1 63625271 2
1 63633675 0.9668
1 63649827 1.5387
1 63654942 1.35232103566716
1 63661333 0.543094083017319
1 63685000 2
1 63686290 2
1 63689915 2
1 63696379 2
1 63697135 2
1 63704855 2
1 63705210 2
1 63707813 0.0667781745585947
1 63711776 0.0175898003391616
1 63711789 0.834655519193267
1 63715343 2
1 63724048 1.5718
1 63738960 0.803530461146018
1 63755854 0.0399030211007506
1 63759515 0.966378895617711
1 63762069 1.40269715404082
1 63770042 0.0801
1 63792779 0.127036769910173
1 63796447 2
1 63825649 0.1015
1 63826269 1.30869112891003
1 63826836 0.1015
1 63863814 0.1015
1 63871114 1.2900225624281
1 63874868 0.902138911561065
1 63875176 0.5299
1 63876061 0.1015
1 63889542 0.321202844489178
1 63900988 2.21361769509431
1 63902335 1.65777487490928
1 63902864 0.458843518967994
1 63927867 1.11809167727044
1 63938599 1.95923308103602
1 63943053 0.833764105594021
1 63945900 1.28550565413103
1 63965940 0.4887
1 63977969 1.94618078387997
1 63991401 1.96452927485902
1 63991978 0.526211935669802
1 64002874 0.751358976310122
1 64005286 0.328957516939302
1 64020535 0.575953940145424
1 64022714 2
1 64037261 2
1 64049348 1.7421
1 64051177 2.0648
1 64051462 0.1124
1 64056656 0.264878787806214
1 64075766 0.32637744536344
1 64092721 0.158
1 64098025 0.2709
1 64108639 4e-04
1 64117107 0.3653
1 64117540 0.3303
1 64195626 0.2233
1 64215092 2
1 64215856 2
1 64216869 2
1 64219387 2
1 64227791 2
1 64235821 0.6096
1 64246571 2
1 64263238 2
1 64265094 2
1 64290607 0.2903
1 64294119 2
1 64299660 0.8579
1 64302647 1.4781
1 64304771 5e-04
1 64304859 1.26145560951855
1 64316111 2
1 64318205 1.4248574448608
1 64323616 0.120340498056708
1 64324075 0.91652033665286
1 64326005 1.78004251805307
1 64327408 0.579
1 64330705 4e-04
1 64334343 0.4229
1 64334927 2
1 64341001 0.579
1 64342146 0.579
1 64347974 2
1 64349954 0.564
1 64350540 2
1 64366504 0.246627652459449
1 64376227 0.2986
1 64417040 2
1 64427809 2
1 64441688 1.8101
1 64461465 2
1 64474070 2
1 64477633 2
1 64477800 2
1 64490378 2
1 64509926 2
1 64518290 0.3576583770134
1 64519718 2
1 64529145 0.661055376781619
1 64550236 0.0386
1 64553009 2
1 64562550 0.730339796293683
1 64562780 0.446935940884806
1 64566354 0.70467404828501
1 64569761 2
1 64570866 1.104
1 64616097 2
1 64617039 2
1 64618139 2
1 64634852 0.4206
1 64635182 2
1 64663240 2
1 64666872 2
1 64688771 2
1 64688912 2
1 64759295 1.18901005576571
1 64814295 1.95764573523044
1 64839116 2
1 64847266 2
1 64851456 2
1 64862453 2
1 64895229 2
1 64899877 2.0202
1 64908739 2
1 64908916 0.996386457368137
1 64924152 2
1 64936944 0.491230558779914
1 64942572 2
1 64945606 2
1 64960141 2
1 64961860 0.268373608760306
1 64965916 2
1 64975081 0.373432667339867
1 64986901 0.31463531572143
1 64989794 0.0441
1 64990948 0.671471737944926
1 64991594 2.18587351962233
1 65005934 0.191255944822142
1 65030744 1.00076511328067
1 65038321 2
1 65050372 0.229948045529453
1 65074635 2
1 65083155 0.383740800440481
1 65097114 0.595232062642049
1 65102994 2
1 65106398 2
1 65108111 0.345056917303878
1 65113758 0.184966969925103
1 65176643 2
1 65185490 2
1 65187208 2
1 65195982 2
1 65211824 2.3344
1 65222706 2
1 65251255 0.561503237756649
1 65257035 2
1 65260833 2
1 65261990 1.2305752094961
1 65265168 2
1 65270866 0.62135768527086
1 65280260 0.321578184397808
1 65281612 0.301104578344605
1 65291182 0.291415893802254
1 65319534 0.3461
1 65331097 0.3461
1 65336146 0.470015567420394
1 65365222 0.315029226954311
1 65368379 0.2547
1 65371225 0.2736
1 65376830 2
1 65376914 2
1 65379763 2
1 65386627 0.461582800835494
1 65391774 2.52869261057762
1 65395657 2
1 65397214 2
1 65400794 0.892894659626641
1 65400833 0.83804711822042
1 65430878 2
1 65458158 2
1 65488208 8e-04
1 65488287 2
1 65488338 2
1 65493714 1.45385889318692
1 65506835 1.85280636489865
1 65508192 0.64339651205395
1 65512735 2.2653
1 65517236 2
1 65530018 0.443619521724363
1 65542217 0.0919706719842602
1 65543019 2
1 65552292 0.439726552035924
1 65558033 0.0531153024225071
1 65585667 0.315420725455983
1 65586528 5e-04
1 65587873 1.60115392764825
1 65593167 2
1 65614477 0.191106887625094
1 65614586 0.877744659157902
1 65626334 2
1 65634148 2
1 65643712 0.133665818732715
1 65645288 2
1 65646993 2
1 65660476 2
1 65663465 2
1 65664715 2
1 65667577 2
1 65667849 2
1 65670655 2
1 65674828 0.119302399053617
1 65677200 0.276540627745802
1 65677908 0.785490549104641
1 65690289 2
1 65693581 0.964404592631683
1 65693595 0.013705165320963
1 65696790 2
1 65696934 2
1 65697755 2
1 65698661 1.8909
1 65699172 0.622446003916467
1 65701050 2
1 65702136 0.246224908938084
1 65702816 2
1 65709712 2
1 65713381 2
1 65717447 2
1 65723166 0.0564
1 65728780 0.948216156184141
1 65738628 1.6697
1 65749489 0.0935000695121802
1 65818355 2.3368
1 65839348 0.287
1 65851630 0.287
1 65858829 0.2592
1 65866972 2
1 65883137 2.0005
1 65884242 0.8307
1 65886307 0.0669292982510789
1 65893692 0.7565
1 65914709 0.1243
1 65932604 1.2148
1 65955348 1.3599
1 65980175 0.2439
1 65980989 0.1831
1 65984629 1.353
1 65985972 0.683598674978117
1 65994805 0
1 66004523 0.0049
1 66006243 2
1 66043781 2
1 66057560 2
1 66068098 1.04851130531905
1 66073234 2
1 66075628 1.46240814209007
1 66078864 2
1 66096052 0.0472275583876225
1 66152620 0.740173018717991
1 66163146 0.348290259834635
1 66179840 0.5668
1 66184843 0.5668
1 66191995 0.5458
1 66202749 2
1 66211363 0.366274428345424
1 66226301 1.71720624765384
1 66266846 0.64906728912918
1 66271901 0.261839683046667
1 66279377 0.988391596638499
1 66288466 0.930815823927209
1 66305738 1.44061069213708
1 66337397 0.3905
1 66363579 0.1947
1 66381083 0.6425
1 66383765 0.6425
1 66386386 0.8672
1 66456250 0.3369
1 66464305 2
1 66464433 0.3369
1 66477324 1.35845293858819
1 66477525 2
1 66486705 0.0263
1 66486949 0.534803676120282
1 66487394 2.51786236465487
1 66493303 1.34331619670593
1 66499792 2
1 66502949 2
1 66506269 2
1 66508531 2
1 66511436 1.4211807159402
1 66516732 2
1 66537082 2
1 66540124 2
1 66563875 0.8946
1 66564179 0.8946
1 66566839 0.2808
1 66567835 0.4271
1 66569068 0.558655751596984
1 66572866 0.6711395381363
1 66574810 0.8946
1 66574907 0.8946
1 66592340 0.371
1 66616759 0.536286308951719
1 66622974 0.498732682851069
1 66623879 0.5328
1 66624400 0.5435
1 66630886 5e-04
1 66630976 0.786600215575703
1 66655318 0.371
1 66656821 0.5333
1 66658362 1.3642208602376
1 66660011 0.165893487017958
1 66662518 0.5328
1 66664108 0.371
1 66669816 1.5569
1 66673989 0.707296909006159
1 66687314 0.877370896255616
1 66702499 0.405
1 66706297 2
1 66711163 0.4575
1 66711587 0.5045
1 66736398 6e-04
1 66742502 0.3516
1 66746386 0.1238
1 66757251 2
1 66783487 2
1 66789981 1.6132
1 66801318 1.42767661412867
1 66801636 2
1 66808318 2
1 66814668 0.558994980095705
1 66823154 0.798122679299493
1 66825475 1.22677260960064
1 66828380 0.166546092198538
1 66828460 0.38920889472826
1 66848898 1.35973657707808
1 66853842 0.836395890191553
1 66860070 1.60299154673943
1 66867570 0.8374
1 66871715 0.8374
1 66899351 1.47316304090851
1 66913601 1.1351698350206
1 66913949 0.0263
1 66947139 0.6086081969641
1 66987352 2
1 67014377 1.27875630793386
1 67038044 0.825629756619655
1 67053650 0.2687
1 67063406 0.1308
1 67109002 0.1444
1 67114956 0.0047
1 67140456 0.496536322986608
1 67149475 1.15160065569908
1 67170969 0.1241
1 67195358 0.935250243646074
1 67202193 1.42976477668578
1 67207438 2
1 67222894 2
1 67226449 2
1 67226603 0.4101
1 67228065 0.4101
1 67236082 2
1 67266920 2
1 67279984 0.4185
1 67283872 2
1 67322669 2
1 67334335 2
1 67335192 2
1 67338078 2
1 67341517 1e-04
1 67362148 0.109007812718823
1 67364207 2
1 67366472 5e-04
1 67371475 2
1 67380429 2
1 67382624 2
1 67383066 0.612236955723769
1 67383219 2
1 67389459 2
1 67428675 2
1 67436539 2
1 67444099 0.1007
1 67471356 0.2931
1 67480951 0
1 67493350 2
1 67495568 1.1558
1 67496791 2
1 67497422 2
1 67497943 2.4916
1 67503200 0
1 67503528 2
1 67506689 1.1558
1 67508681 2
1 67512279 2
1 67517388 0.0887
1 67542330 0.539191178156489
1 67546571 2
1 67550695 0.807430424380714
1 67559792 0.8214328153812
1 67574522 0.603984803495868
1 67575198 2
1 67576936 1.77340013623044
1 67577458 2
1 67578703 2
1 67580842 2
1 67581786 0.1258
1 67586763 2
1 67588282 0.0369822228099332
1 67592542 1.1578
1 67599735 0.166712323626959
1 67610078 1.66354220304526
1 67613492 0.4604
1 67618872 1.1649
1 67637628 0.103687735544409
1 67649126 0.336197427283412
1 67666633 5e-04
1 67668084 2
1 67682091 1.51068037257699
1 67686297 0.1175
1 67687081 0.461064940109909
1 67692111 2
1 67692122 0.1241
1 67695640 1.87722120698499
1 67709974 5e-04
1 67746406 0.0338
1 67765554 0.190293264818501
1 67773172 2.48836913414043
1 67781502 0.00951426658959293
1 67793719 2
1 67795095 2
1 67837842 2
1 67838913 2
1 67847355 0.535168959212644
1 67854226 0.249355100626327
1 67861893 0.426342369796362
1 67863970 0.977328264378016
1 67878933 0.19060902658817
1 67880873 0.8998
1 67886319 0.106145661197487
1 67888965 0.0179512955740444
1 67891643 2.58922915103851
1 67898535 2
1 67899210 2
1 67904106 2
1 67905870 2
1 67938520 2
1 67941901 0.105245715412069
1 67953855 5e-04
1 67963088 2
1 67981154 2
1 67991121 2
1 68001722 0.067
1 68003284 2
1 68003411 0.067
1 68010791 0.067
1 68071284 0.626300179819146
1 68076939 2
1 68077127 2
1 68083799 0.555213811350357
1 68105748 2
1 68108760 2.56254975792893
1 68118757 0.0666912979191208
1 68122094 0.2611
1 68136203 2.0406
1 68137281 0.0053
1 68137448 0.4604
1 68151944 1.92863576032146
1 68153879 0.202355739329913
1 68169141 1.4241
1 68173702 1.4792
1 68175477 0.786986752360723
1 68193364 1.6898
1 68199230 0.0470481134583269
1 68200455 1.0757
1 68204611 0.1465
1 68214683 0.923645302252755
1 68227061 0.312494917049694
1 68228897 8e-04
1 68235113 0.74658269032643
1 68243043 1.9629
1 68247535 0.123882826680164
1 68253426 0.321689306492544
1 68254729 2
1 68269750 0.467184954574554
1 68271700 0.9173
1 68277248 2
1 68283256 2
1 68285388 2
1 68290809 2.12309296945966
1 68293269 2
1 68338819 2
1 68342651 2
1 68364796 0.357036990141671
1 68377059 1.03589874623184
1 68377696 1.2188771360968
1 68389090 0.515978283301333
1 68389097 0.6012
1 68390958 0.974890088399728
1 68395509 0.626458973819962
1 68396939 0.800751547230261
1 68397436 0.5998
1 68408032 2.01159340036434
1 68409044 1.29313487933573
1 68410930 0.807012937409665
1 68419751 0.812765828117838
1 68427665 2
1 68436052 1.08199791407238
1 68436309 2
1 68443445 2
1 68444078 0.0656855471160689
1 68450870 2
1 68454616 0.0329
1 68472343 2
1 68472348 2
1 68479752 2
1 68483456 2
1 68484711 0.41473094004152
1 68496578 0.25991167912555
1 68498722 0.727296530244555
1 68515055 2
1 68523840 0.495261603125615
1 68535382 0.258695602856115
1 68539098 0.192878320780739
1 68544250 2
1 68548682 0.1271
1 68577541 0.708049920432875
1 68587980 1.19433158926464
1 68589471 1.62389575775023
1 68592719 2
1 68596530 1.74132513359552
1 68597058 0.206467232418683
1 68606843 0.751905347843766
1 68624219 2
1 68646789 1.44203482953935
1 68649196 0.9893
1 68651204 2
1 68652382 0.0563746139830074
1 68664102 0.0217
1 68679686 2
1 68681984 0.0217
1 68683135 1.2107206389298
1 68684678 5e-04
1 68726974 0.9134
1 68765592 2
1 68805253 2
1 68806327 0
1 68816020 2
1 68817836 2
1 68833363 2
1 68833987 5e-04
1 68835536 2
1 68866537 0.769080674593525
1 68881577 1.27974418278181
1 68888002 2.07860471250205
1 68895825 1.30733791965482
1 68899202 1.99431240205399
1 68913975 0.423985705317584
1 68918835 1.84317941878309
1 68936516 0
1 68942895 0.445255180296942
1 68954692 0.303989728721849
1 68961593 0
1 68963809 1.71035295267142
1 68976588 0
1 68978480 2
1 69035005 0.630721475239203
1 69052278 2
1 69061984 2.089
1 69062446 2
1 69074176 2
1 69075930 2
1 69088322 2
1 69095493 2
1 69166898 1.2823
1 69175148 2
1 69193694 2
1 69235495 1.3978489419983
1 69241994 2
1 69244579 2
1 69272224 2
1 69278962 2
1 69296167 2
1 69305496 2
1 69306214 2
1 69308699 0.7662
1 69314445 2
1 69315250 2
1 69329848 2
1 69346376 0
1 69347515 2
1 69366499 2
1 69376935 2
1 69387019 2
1 69388928 2
1 69390707 2
1 69393812 2
1 69395358 2
1 69397395 2
1 69415036 2
1 69432761 2
1 69440474 0.1015
1 69449178 1.43382099748658
1 69538790 2
1 69555072 1.16170856803279
1 69558608 0.434168838394241
1 69569066 1.44810597009867
1 69578788 0.1836
1 69586778 0.525657592766383
1 69597402 2
1 69602044 0.864337978488266
1 69607153 0.692406540857249
1 69630841 2
1 69634080 1.2984
1 69635004 2
1 69637288 2
1 69637647 0.1984
1 69640639 2
1 69641882 2
1 69658343 1.614
1 69663710 5e-04
1 69666338 2
1 69680055 1.3715
1 69680875 2
1 69694495 2
1 69696251 2.22172621529664
1 69697913 1.04503444861106
1 69706161 2
1 69713600 1.6039
1 69772819 0.384146117282377
1 69781932 2
1 69784865 1.8313
1 69808247 1.0788
1 69811253 1.0432
1 69813923 0.467785036162629
1 69819554 2
1 69839075 0.248809085597629
1 69844195 0.142756852434041
1 69847897 2
1 69881812 0.904348188019002
1 69882784 0.742351516883688
1 69890199 0.858524321652613
1 69896421 0.0263
1 69896770 1.0361727090387
1 69907004 1.80798844826446
1 69915660 0.160384667354615
1 69930069 1.22975119819606
1 69930291 0.243968823315759
1 69938480 1.6642177609534
1 69939868 1.27230446879039
1 70085656 0.0578
1 70114375 0.0200080947353959
1 70129898 2
1 70143446 0.524525764807663
1 70154464 0.35427360979391
1 70266164 5e-04
1 70289034 1.7145
1 70340139 2
1 70441819 0.119616311602721
1 70461153 0.553303016670934
1 70463028 0.750202649210579
1 70464827 1.98133348182436
1 70465695 2.04310500712454
1 70467579 0.365746662481262
1 70469146 0.448974447564245
1 70478837 0.9466
1 70482327 2
1 70486631 2
1 70491867 1.3897
1 70492545 2
1 70496005 2
1 70496289 2
1 70500770 2
1 70510392 0.510483810078677
1 70518292 0.871057667844849
1 70522508 2
1 70535094 0.1668
1 70536509 0.1668
1 70541836 1.27366876639793
1 70544454 0.91107529467043
1 70550912 0.26542757928693
1 70551269 0.131819115055139
1 70551404 0.1351
1 70558732 2
1 70575987 0.8984
1 70589977 0.9949
1 70591651 1.56205924253114
1 70595565 2
1 70599918 2
1 70601125 0.114856005552754
1 70602364 1.60509541025821
1 70606950 2
1 70609666 2
1 70610828 2
1 70612259 0.9899
1 70614285 1.21517535931728
1 70614721 2
1 70631948 0.0981
1 70635401 2
1 70653762 2
1 70669109 0.628111856624801
1 70676485 0.264871365653376
1 70689306 0.617975794872756
1 70700693 2
1 70704871 2
1 70709839 2
1 70749401 1.3104
1 70768080 1.27270027267355
1 70789050 0.955
1 70794119 0.955
1 70808272 0.350568541161218
1 70818160 0.0502
1 70874065 0.0340188661357954
1 70889518 2
1 70910701 2
1 70917441 1.2312
1 70917443 5e-04
1 70925296 2
1 70928172 0.0078
1 70938103 0.8149
1 70964785 2
1 70973845 0.8149
1 71014966 2
1 71018261 2
1 71018884 2
1 71020485 2
1 71021089 2
1 71025497 2
1 71027042 2
1 71045832 2
1 71070891 0.9897
1 71083277 1.2319
1 71112759 2
1 71118916 2
1 71145596 1.42921684308973
1 71180681 0.214
1 71193205 1.3841
1 71210444 2
1 71341782 2
1 71348507 2
1 71358257 0.292892054738781
1 71380548 1.08672137925486
1 71425681 0.0427
1 71466036 0.133622779472492
1 71470029 0.226502393160062
1 71487741 2
1 71499823 2
1 71513771 2
1 71527736 0.709551854187455
1 71547250 2
1 71565651 2.4982
1 71568375 2
1 71596133 2
1 71605084 2
1 71612866 0
1 71636993 2
1 71644997 2
1 71647293 0.00157581181471368
1 71658021 2
1 71661075 2
1 71673257 0
1 71676979 0
1 71681858 0.436556652233979
1 71711819 2
1 71734216 2
1 71758050 2
1 71760978 2
1 71762884 2.1591
1 71763369 2
1 71766400 0.0866
1 71767159 0.983236614191282
1 71805114 2
1 71822183 0.659851107082011
1 71842117 0.758027220580186
1 71880648 1.30075620687192
1 71899037 2
1 71905968 1.97725717558754
1 71918254 0.0261
1 71928109 2
1 71940961 1.2126
1 71968653 2.5965
1 71972783 2
1 71976242 2
1 71985581 2
1 72013639 2
1 72014325 2
1 72037228 2
1 72040361 0.228864956561893
1 72052737 2
1 72077055 0.2405
1 72099049 1.49320073233854
1 72100117 1.13952238594179
1 72116283 0.503845360711204
1 72134886 1.43666518755605
1 72140615 2
1 72141955 2
1 72152861 0.885633218186667
1 72168010 2
1 72171785 2
1 72172935 2
1 72177813 2
1 72189047 2
1 72196661 2
1 72217746 0.458250169350725
1 72268158 0.0896
1 72269775 0.0896
1 72269908 2
1 72302423 2
1 72303551 2
1 72321713 2
1 72341271 2
1 72341347 2
1 72348147 0.0884
1 72359461 1.67645939496644
1 72363847 2
1 72367518 2
1 72370057 2
1 72370302 2
1 72409963 1.32505123387639
1 72421697 5e-04
1 72430698 2
1 72450161 2
1 72464952 2.73207032428267
1 72490576 2
1 72491288 2
1 72496615 2
1 72503774 0.246265980364496
1 72509250 2
1 72520801 2
1 72523309 2
1 72525406 2
1 72527173 2
1 72544380 0.466297596018261
1 72547599 0.896583097028314
1 72552629 0.768079871150688
1 72555773 0.639553733129696
1 72564633 0.711307675231085
1 72571815 2
1 72589208 2
1 72589834 0
1 72595967 2
1 72598598 0.466715259713805
1 72604502 0.4736
1 72615089 0.4809
1 72622475 0.4809
1 72713073 0.5109
1 72715709 5e-04
1 72723290 0
1 72739199 0.6214
1 72739396 0.5109
1 72753795 1.60362558862025
1 72769514 1.0349
1 72770804 2
1 72775422 2
1 72775715 2
1 72785471 2
1 72789048 2
1 72798626 1.29802116790303
1 72799152 2
1 72810188 0.0107
1 72821123 2
1 72838779 2
1 72853227 2
1 72856523 0.022
1 72877479 1.4801
1 72881635 0.0165
1 72885965 0.0165
1 72893182 0.460088622540721
1 72899438 2
1 72900217 8e-04
1 72904823 8e-04
1 72904961 2
1 72908113 0.022
1 72915249 0.0755100825769019
1 72915950 5e-04
1 72916673 2
1 72916862 0.022
1 72925423 0.022
1 72940533 2
1 72984504 2
1 73026620 2
1 73086424 2
1 73087346 2
1 73091020 2
1 73094285 2
1 73095128 2
1 73111295 0.379441656396788
1 73132895 2
1 73133596 2
1 73135306 2
1 73149886 2
1 73151646 2
1 73152764 1.7477
1 73152773 2
1 73152864 2
1 73159231 2
1 73159682 2
1 73163658 2
1 73170208 0.589903049182272
1 73170435 2
1 73173327 2
1 73174136 2
1 73176803 2
1 73181735 0.0107
1 73182117 2
1 73185836 2
1 73200544 2
1 73254894 2
1 73265095 0.149486425339851
1 73270879 2
1 73302683 2
1 73307360 2
1 73315270 2
1 73319003 2
1 73329091 2
1 73331266 2
1 73335949 2
1 73363322 2
1 73370058 2
1 73371734 2
1 73376436 2
1 73386069 2
1 73390788 2
1 73394345 2
1 73394628 2
1 73423299 2
1 73433936 2
1 73447116 2
1 73464810 2
1 73467203 2
1 73468647 0.0056
1 73470201 2
1 73522466 2
1 73532167 0.28504465844677
1 73554328 2
1 73575278 0.950102783699862
1 73619616 2
1 73619977 2
1 73620821 2
1 73620978 2
1 73624739 0.8502
1 73626741 0.8502
1 73643530 2
1 73659464 2
1 73667933 0.800576012218414
1 73671810 0.257043574358031
1 73674113 2
1 73681617 0.414459074164032
1 73681957 0.388177658678315
1 73710423 2
1 73720746 2
1 73721982 2
1 73722863 0.335146222567408
1 73738465 2
1 73741009 0.912036017151155
1 73742865 2
1 73747147 2
1 73753354 2
1 73755113 2
1 73769029 0.0847647006028954
1 73770974 0.1278
1 73802608 2
1 73822785 2
1 73825187 2
1 73825640 1.77973201198818
1 73838762 2.8594
1 73842721 2
1 73845341 1.075
1 73860801 0.718574986286316
1 73862965 2
1 73881184 2
1 73891527 2
1 73908491 2.7141
1 73916689 1.80548621979398
1 73939831 0
1 73939879 0
1 73964397 2
1 73972021 1e-04
1 73983814 2
1 73990388 1.4074
1 73994078 2
1 74014615 1.8491
1 74054404 0.0505
1 74066303 2
1 74098643 2
1 74100216 2
1 74100832 0.0505
1 74106667 2
1 74115035 2
1 74121977 2.6444
1 74127563 0.0505
1 74133168 0.0505
1 74148041 2
1 74173821 2
1 74187355 2
1 74223917 2
1 74238829 2
1 74258612 0.1353
1 74268197 1.7476
1 74296514 0.2137
1 74299421 0
1 74305552 0
1 74346904 0.2213
1 74370104 0.229
1 74408787 0.0648
1 74510050 0.1431
1 74532462 0.742265638633268
1 74547759 5e-04
1 74557760 0.16651614567671
1 74580045 1.5411784997007
1 74604047 1.1265
1 74663736 0.334324125194265
1 74667664 2
1 74671027 2
1 74672838 1.47525271173002
1 74685936 0.2278
1 74695901 0.6785
1 74702349 2
1 74709980 1.21432009328225
1 74728305 0.2191
1 74734802 0.8182
1 74738180 0.0034
1 74750656 0.354714708247816
1 74761063 2
1 74768843 0.490261385477506
1 74772286 0.621457439468814
1 74776562 0.8182
1 74786643 1.4329239593723
1 74811884 2
1 74812075 0.520516748234457
1 74825050 0
1 74835719 1.4863
1 74843363 0.9371
1 74847761 2
1 74860186 2
1 74869186 2
1 74883775 2
1 74895233 2
1 74897962 2
1 74911154 0.00896759640142599
1 74912515 0.355071898684963
1 74920947 0.641905240559747
1 74922409 0.814963435752572
1 74929514 1.70940077684006
1 74929643 1.58355192578567
1 74945944 0.666799466618531
1 74946878 0.135215107334773
1 74947119 0.310627832904952
1 74949323 2
1 75009679 2
1 75019442 2
1 75024034 2
1 75036475 1.76018047325407
1 75037982 2.41164880517492
1 75046335 2
1 75063836 2
1 75064229 1.00713236335454
1 75076164 0.620735349925428
1 75079405 0.0724020966620757
1 75092977 2
1 75109635 2
1 75121865 0.618734640179903
1 75133325 0.975141817527395
1 75220302 1.60617339237696
1 75229078 0.4336
1 75230253 1.14290162583113
1 75232783 0.4336
1 75237463 1.26818715115869
1 75238219 0.4336
1 75248526 0.407358589423434
1 75251747 1.00188545892165
1 75257232 0.217959976408719
1 75268930 1.91591865154512
1 75270682 0.112531284680106
1 75274647 1.29144062177038
1 75280157 2e-04
1 75280164 6e-04
1 75280183 0.472267177958883
1 75280214 7e-04
1 75280216 5e-04
1 75280377 6e-04
1 75295266 0.757803137650083
1 75298541 0.550429506560942
1 75336082 0.461684345799465
1 75349618 5e-04
1 75349848 0.422362086894336
1 75357513 2
1 75359655 0.8188
1 75366316 0.812901268730671
1 75387238 0.8421
1 75388134 1.40304847747881
1 75388758 0.646261402087664
1 75389462 0.913797888115592
1 75389905 0.611468397813744
1 75390225 0.584967282549944
1 75410507 0.629
1 75411442 2.31708331296686
1 75413144 1.55092276097059
1 75442488 1.6421964828801
1 75473113 1.19797902428633
1 75481590 2
1 75500465 2
1 75501185 2
1 75503439 2
1 75511144 0.7541
1 75519537 0.7541
1 75534279 2
1 75536631 5e-04
1 75543413 0.0276
1 75547143 0.0276
1 75547177 2
1 75571375 2
1 75577053 2
1 75586641 0.421
1 75586946 0.935405417912401
1 75589057 2
1 75591294 0.0276
1 75591327 2
1 75591701 2
1 75597904 0.0276
1 75602054 2
1 75603259 0.0276
1 75604001 0.656805956436229
1 75626049 0.022
1 75652352 2
1 75655523 2
1 75663549 0.255832342226802
1 75672151 2
1 75672195 0.705692903538863
1 75674627 1.13701657164711
1 75716505 1.02453193608476
1 75732348 0.174967454031915
1 75738817 1.94870851973865
1 75744839 2
1 75745530 1.51169815025294
1 75768504 2.12028354413745
1 75771776 2
1 75773135 0.4421
1 75774632 0.788786288940167
1 75774646 0.772878238351804
1 75774994 2
1 75775484 0.341817116282983
1 75776161 0.004932675562552
1 75798559 2
1 75825440 0.0274986603811985
1 75825542 0.262953751333737
1 75826301 0.18488063547842
1 75832476 0.303837985232114
1 75840574 5e-04
1 75848752 0.949324008680913
1 75869518 0.1684
1 75879026 0.1612
1 75885937 0.1836
1 75886470 5e-04
1 75896780 0.945823350653632
1 75899952 0.47878317342119
1 75906469 0
1 75915269 1.12707357568291
1 75922904 2
1 75922909 0
1 75932564 2.79567077671713
1 75943040 2
1 75944156 2
1 75947454 2
1 75949446 0.994156950075969
1 75960686 0.886713436064367
1 75969083 0.327304638573364
1 75970335 0.0175652439914281
1 76001057 2
1 76001954 0.0531
1 76002293 2
1 76015867 1.5646
1 76017929 0.0078
1 76019142 0.1288
1 76021420 2
1 76022321 0.1288
1 76026445 0.113482267893058
1 76032781 1.43161281404792
1 76036114 0.870784587695654
1 76038288 1.1804990025357
1 76038646 0.9326
1 76039434 0.270089186438783
1 76042312 0.47152452149758
1 76047135 0.0053
1 76064661 2
1 76070735 1.00392232182707
1 76071763 0.742454556084966
1 76081403 2
1 76089254 0.495673603203264
1 76093766 0.3369
1 76123994 0.4346
1 76146317 2
1 76151800 2
1 76159631 2
1 76179838 2
1 76181452 2
1 76181492 2
1 76193714 2
1 76195161 2
1 76281065 0.0582731958970601
1 76283344 2.15317224408204
1 76286412 0.226217507717215
1 76286675 0.2007
1 76289478 0.2007
1 76294256 2
1 76297493 0.199581673383375
1 76297941 0.746
1 76311380 0.759
1 76320399 2
1 76350185 2
1 76381053 0.79582953271774
1 76389508 2
1 76390136 0
1 76396076 0
1 76398018 2
1 76405254 2
1 76414945 2
1 76436250 2
1 76437596 0.3274
1 76467477 0.7333
1 76468303 0.0560172023196496
1 76513898 0.2555
1 76514902 2
1 76516205 0.0078
1 76532778 0.4358
1 76541803 2
1 76553100 2
1 76576519 2
1 76581698 2
1 76582292 2
1 76583537 2
1 76586911 2
1 76626537 0.40742401612423
1 76629300 1.16659304294038
1 76629324 1.0412
1 76644062 0.0294944211129625
1 76646307 0.949175373608324
1 76647236 2
1 76649922 0.343701438824442
1 76663389 1.166
1 76664497 0.631043438272223
1 76666041 0.0263
1 76668206 2.5965
1 76684164 0.767416932365506
1 76685566 2
1 76699503 1.063974627126
1 76702033 5e-04
1 76717223 0.921720523917162
1 76730347 0.822349556770083
1 76759811 0.690879815109431
1 76788156 0.0329
1 76793793 0.396257984284894
1 76794770 1.65052473846676
1 76817243 1.945
1 76829424 1.0971031505252
1 76850175 1.5652
1 76859603 2
1 76860759 0.949037296317375
1 76875478 0.475658478929421
1 76892953 1.07621286877962
1 76895696 0.205495645792476
1 76913972 2
1 76935667 0.246948980908687
1 76937826 1.80648992544092
1 76937938 0.194091258076249
1 76941458 2
1 76970047 2
1 76978582 2.65523812403179
1 76998987 1.12130155849082
1 77011530 1.74627574141605
1 77066895 1.6317
1 77088487 1.7901
1 77091654 1.1961
1 77099856 2
1 77106435 0.471827290665863
1 77122446 2
1 77124076 1.5377
1 77136400 1.5377
1 77149788 2
1 77152785 2
1 77156338 1.2156
1 77175104 2
1 77223745 2
1 77224990 5e-04
1 77230169 1.467
1 77239735 0.185754995688934
1 77239743 2
1 77246952 0.765870593719084
1 77258239 2
1 77270977 1.222
1 77286265 0.665
1 77295691 0.7501
1 77295931 2.21156389305448
1 77307928 0.7501
1 77309381 0.7501
1 77310108 0.0332
1 77310571 0.5653
1 77312909 0.2966
1 77314198 1.1603
1 77332809 0.537040981193905
1 77333874 2
1 77335150 0.2966
1 77348800 0.0194251898248788
1 77356486 1.0114
1 77364024 0.8578
1 77364420 0.225887500367291
1 77367753 0
1 77367796 8e-04
1 77368511 0.17156101964423
1 77369822 0.8578
1 77372180 0.1392
1 77428963 1.2923
1 77432175 1.54498853512004
1 77475369 2
1 77476907 2
1 77481554 2
1 77508845 2
1 77514362 2
1 77525823 0.2757
1 77529308 0.2417
1 77535602 0.2299
1 77548086 0.2486
1 77553988 0.238
1 77574052 0.4863
1 77580212 0.4705
1 77583013 0.4863
1 77602505 2.2744
1 77608194 0.533078578023768
1 77687816 2
1 77844139 0
1 77844143 1.79367523670477
1 77898760 2
1 77950984 2.245
1 77971681 2
1 77977002 0.943427230745058
1 77982138 0.076
1 77994474 2.1362
1 77995251 2
1 78012407 0.0386
1 78015361 0.0386
1 78015956 0.1145
1 78027105 0.1145
1 78032499 2e-04
1 78036836 2
1 78044285 0.859459355430339
1 78058510 2
1 78071717 2
1 78075940 2
1 78081019 0.0462
1 78091802 2
1 78092735 2
1 78119402 0.8418
1 78122676 0.8418
1 78123279 0.0078
1 78124220 0.7957
1 78144426 0.0745
1 78149202 0.1268
1 78153102 0.1675
1 78165610 2
1 78173560 2
1 78175936 1.0489
1 78204220 0
1 78228872 2
1 78259453 0.3456
1 78266180 0.3294
1 78275719 0.437560296384461
1 78280170 0.510570498377366
1 78306013 0.879
1 78306325 0.477
1 78306362 2
1 78321590 0.693827195218024
1 78331344 0.4987
1 78332100 0.0436821335405309
1 78332156 2
1 78340464 1.5076
1 78355813 0.2676
1 78418981 1.1559
1 78428677 0.5504
1 78494249 2
1 78528156 0.21875027468709
1 78579673 0.499848892589046
1 78582258 1.42556170974233
1 78586184 0.303562562698955
1 78589705 0.669370761470111
1 78614351 0.0493
1 78629896 2
1 78666559 0.75564894636162
1 78678634 0.9242
1 78680911 1.1605
1 78681224 0.586177930423001
1 78688520 0.940350360132468
1 78707253 0.569588390098326
1 78708291 1.37592434076087
1 78709740 0.557461483426881
1 78710792 1.643
1 78714661 1.20465350520477
1 78722703 0.257899460303506
1 78722782 1.6425083713887
1 78723819 1.31783719569435
1 78729318 3.587
1 78731579 1.05513033977858
1 78732362 1.20239912731324
1 78738899 2
1 78743420 0.0827374786923071
1 78745705 2
1 78749179 1.7064521629219
1 78759911 2
1 78801271 0.0353511147166041
1 78802191 0.250471442229047
1 78803986 2
1 78820540 0.0913300440873511
1 78833337 2
1 78866061 0.611503460331843
1 78870292 1.60670287356141
1 78870339 0.566531134061755
1 78872920 0.380110952267506
1 78873581 2
1 78880436 2
1 78884112 2
1 78914781 1.20779184596852
1 78930410 0.36428684901304
1 78950666 1.1152
1 78971501 0.451861584592351
1 78999703 1.34552809581866
1 79003419 0.224838849160886
1 79010368 2
1 79015622 0.0485
1 79037204 1.09389780865625
1 79042532 0.307678206864062
1 79045484 2
1 79048559 2
1 79053125 1.1511
1 79071291 2
1 79081588 0.657995707229108
1 79095495 0.302696630755857
1 79095711 1.64186113767715
1 79096270 2e-04
1 79096603 0.0263
1 79100428 1.2982410031966
1 79105751 2
1 79106654 2
1 79108177 2
1 79109193 1.1360107970226
1 79116373 2
1 79124184 0.261932068013283
1 79132370 1.0051
1 79135781 0.982273117344551
1 79140362 1.0051
1 79145729 0.0781985324750684
1 79148824 2.60301423765108
1 79162533 0.9052
1 79175532 2
1 79184974 1.3416
1 79193176 0.373284483507356
1 79197525 2
1 79202226 1.35551050462856
1 79204425 2
1 79223126 2
1 79230249 2
1 79243158 0.0804143312837842
1 79248066 0.358405665070019
1 79254072 1.43568085024767
1 79279924 0.549666514736629
1 79292410 2
1 79294353 2
1 79297221 2
1 79298807 2
1 79307734 2
1 79317468 2
1 79330417 2
1 79333662 2
1 79365022 0.936229509617695
1 79381034 0.1908
1 79396198 0.1322
1 79396581 0.1322
1 79408509 0.1322
1 79414365 0.2033
1 79423822 0.1322
1 79424659 0.1322
1 79455092 0.1322
1 79463941 0.2033
1 79470137 0.1667
1 79472906 2
1 79491653 0.2561
1 79492547 0.1908
1 79507063 0.1435
1 79527314 2
1 79528326 2
1 79541388 2
1 79543729 2
1 79558057 2
1 79564816 0.0788
1 79568999 0.1435
1 79578211 5e-04
1 79588608 0.1667
1 79589723 2
1 79605676 0.0687
1 79612359 0.4919
1 79615575 0.1211
1 79621501 0
1 79629323 2
1 79629813 0.0489
1 79634592 0.6103
1 79636120 0.505521535146192
1 79636670 0.0518
1 79641584 1.93943553971046
1 79642023 0.4996
1 79644089 0.4356
1 79649792 0.435531672557759
1 79653463 0.4356
1 79653935 0.0403
1 79668264 2
1 79676497 2
1 79687747 0.0386
1 79703759 2
1 79704228 2
1 79708832 5e-04
1 79709883 0.650436428796212
1 79748896 2
1 79756005 2
1 79756059 2
1 79761525 2
1 79776167 2
1 79794632 2
1 79802088 2
1 79806156 2
1 79822921 2
1 79826504 2
1 79828890 2
1 79829649 2
1 79837981 2
1 79843265 2
1 79846366 2
1 79862061 1.85420984371885
1 79868199 2
1 79871701 2
1 79872565 2
1 79879783 0.3646
1 79892134 0.162219980587312
1 79911133 2
1 79913723 0.3646
1 79926763 2.6444
1 79928433 0.303707197428593
1 79932099 2
1 79932519 0.0291863323832086
1 79942154 1.18581717623636
1 79942296 0.0235
1 79942800 1.05076354556092
1 79944532 1.51181375595549
1 79949706 2
1 79951302 0.3828
1 79961799 2
1 79965113 0.435908251041549
1 79966348 0.0291
1 79967241 0.3339
1 79981541 1.97761813696612
1 80000388 1.47664709973974
1 80018321 0.0053
1 80044635 0.5308
1 80044981 0.2884
1 80048162 0.430562896774584
1 80054260 0.045350600558496
1 80060542 1.3588898931899
1 80086423 2
1 80096912 1.2127
1 80098743 0.2787
1 80099538 0.7733
1 80111228 0.2787
1 80112064 0.7572
1 80112519 0.2787
1 80121546 6e-04
1 80122122 0.0162
1 80137472 0.7786
1 80143211 0.6552
1 80148116 0.6552
1 80172906 0.8582
1 80194191 0.687047711570398
1 80218136 0.468026000066206
1 80218371 0.1765
1 80224138 0.1765
1 80228692 0.1869
1 80243883 2.978
1 80268402 2
1 80268896 1.39643797895937
1 80285758 2.784
1 80288551 2
1 80295638 2
1 80297825 0.566587591070646
1 80302651 2
1 80317121 0.10482948700868
1 80321280 0.421467385748376
1 80329340 0
1 80331323 2
1 80341292 2
1 80343327 1.3787
1 80345521 2
1 80351966 1.1662
1 80391329 2
1 80391491 2
1 80391981 2
1 80395948 2
1 80404630 2.1063
1 80405007 2
1 80409224 5e-04
1 80410655 0.8779
1 80426144 0.1857
1 80451193 0
1 80453436 2.184
1 80465847 1.54206723124499
1 80469533 0.4206
1 80476462 2
1 80478390 0.2884
1 80486128 0.973330444114564
1 80486876 1.06729014311678
1 80488326 2
1 80502656 1.00956312268878
1 80502979 0.892088244544071
1 80503881 1.18189461317279
1 80509581 1.58731361241511
1 80515300 0.4206
1 80518987 0.471631308333465
1 80521562 1.04397262403727
1 80546011 0.03
1 80569095 0.363811369057141
1 80596802 0.1438
1 80597957 2
1 80620314 2
1 80626761 2
1 80633061 2
1 80681289 2
1 80694446 0.202
1 80698851 2
1 80714866 0.687851984521701
1 80716739 0.101137396149611
1 80725788 0.988797994824184
1 80727110 2
1 80727336 2
1 80730193 2
1 80730437 2
1 80733845 2
1 80733881 2
1 80743776 1.08824982938485
1 80749626 0.119311531795923
1 80755015 1.04335710724656
1 80766193 1.7634
1 80774792 2
1 80775192 2
1 80780509 2
1 80785379 2
1 80793188 2
1 80798373 2
1 80805856 0.401275034819945
1 80836215 5e-04
1 80837610 0.1835
1 80842600 0.622404657171814
1 80864080 0.485445373454487
1 80873546 2
1 80875246 2
1 80890377 1.0976546914902
1 80907886 2
1 80914904 2
1 80920470 2
1 80928959 2
1 80929233 2
1 80932754 2
1 80938951 5e-04
1 80939218 1e-04
1 80946797 2
1 80949078 2
1 80957515 2
1 80969510 0.2125
1 80977385 0.959537284148128
1 80978655 0
1 80981862 2
1 81009204 2
1 81011073 0.0053
1 81012352 2
1 81023522 0.898120172127686
1 81031316 2
1 81032526 0.3036
1 81041981 0.4448
1 81045135 2
1 81063078 2
1 81063925 2
1 81086595 0.6134
1 81098597 2
1 81118870 0.796
1 81125713 2
1 81128616 2
1 81145547 0.619552151677459
1 81167748 1.32082876731278
1 81168633 0.8351
1 81168940 1.4365
1 81182730 1.0089867374304
1 81183610 1.5893
1 81192101 1.0652
1 81201643 2
1 81207112 0.553396878005072
1 81212249 2.4476
1 81230439 1.69529465243222
1 81253554 2
1 81286164 2
1 81292251 2
1 81292321 0.1294
1 81295774 2
1 81299255 1.72480730413908
1 81300718 2
1 81301932 2
1 81308528 2
1 81308828 2
1 81310036 2
1 81311529 0.1316
1 81322107 5e-04
1 81324340 1.0763837754251
1 81331363 1.0557
1 81337694 2
1 81341837 2
1 81351610 2
1 81358319 0.9052
1 81359667 2
1 81370138 2
1 81371210 2
1 81377033 2
1 81382536 1.73624990904544
1 81388275 1.70354966586492
1 81392197 2
1 81393356 0.596
1 81400466 2
1 81406676 0.031
1 81406908 0.547765766005469
1 81408017 2
1 81417708 2
1 81425410 0.569092142028057
1 81426822 1.09439475932062
1 81427141 2
1 81429048 0.0590557274310985
1 81442534 1.246
1 81454916 1.36702388966917
1 81459137 0.151147491280989
1 81465093 0.651700994053282
1 81479243 2
1 81499799 0.89749268104198
1 81503599 0.0890754219136924
1 81517491 0.0842571233453821
1 81523055 1.70792551500423
1 81530185 2
1 81530436 2
1 81531136 2
1 81531481 2
1 81535262 2
1 81553979 1.3053
1 81596619 0.5192
1 81601014 2
1 81611271 2
1 81612100 2
1 81620484 2
1 81627176 2
1 81630240 0.891468442178373
1 81635041 0.03
1 81641502 2
1 81642745 0.7448
1 81644370 0.7448
1 81652799 1.95288415032196
1 81656785 2.3377
1 81670935 1.1209
1 81676124 0.284977305272262
1 81697404 0.95208270564369
1 81704012 0.943167730073998
1 81708218 5e-04
1 81709819 2
1 81721540 2
1 81742421 1.2658
1 81746839 0.264182512013832
1 81753250 0.0898
1 81760721 1.41346848628869
1 81761706 0.176410515155245
1 81763712 2.11101627377216
1 81770627 0.2274
1 81772500 0.9731
1 81774483 0.609832038126045
1 81778197 0.614269936575908
1 81797780 0.285334329930443
1 81826310 0.211537317868223
1 81839850 2
1 81846431 1.19716521202909
1 81847628 1.46326295778184
1 81849725 2
1 81870406 0.565343779231947
1 81873721 0.0796192993943078
1 81886927 1.06047837924245
1 81890732 0.487078673988149
1 81893014 0.506901512162819
1 81893806 1.0494
1 81906885 2
1 81907616 2
1 81913253 0.0319792406841746
1 81920863 2
1 81922027 1.0494
1 81930280 0.503662366884476
1 81941181 0.940448693839891
1 81949012 2
1 81952532 2
1 81963553 1.15723399152859
1 81963575 1.36162708092893
1 81967419 0.76429307466113
1 81986341 2
1 82008064 1.28427740252988
1 82013764 2
1 82033124 0.219327425370486
1 82044317 1.2396
1 82071077 1.56111340901468
1 82072125 0.468861568993216
1 82086383 2
1 82102148 2
1 82102658 0.0162
1 82108333 1.22145197425079
1 82141822 0.8396
1 82172802 2
1 82175936 2
1 82180456 0.8633
1 82183418 0.8633
1 82209000 2
1 82214453 1.84055526661755
1 82217077 2
1 82236999 0.2988
1 82240603 0.622582057628793
1 82240625 0.486808075107778
1 82244439 2
1 82250080 2
1 82250203 1.27556376637289
1 82256985 2
1 82267519 1.6852
1 82271013 2
1 82276143 2
1 82279207 1.97538966341016
1 82279593 0.214434583746602
1 82281954 1.6047
1 82299259 2
1 82307555 0.40621571458863
1 82311545 1.6774
1 82321030 0.625887173348927
1 82322799 0.6034
1 82324112 2.2379
1 82324748 0.0898
1 82336988 0.0329
1 82339883 2
1 82358937 0.0053
1 82366042 2
1 82369735 1.0943
1 82378174 2.49771150963359
1 82381401 0.32832880277259
1 82382439 1.34255728788189
1 82390078 0.375354717516516
1 82399639 0.855119770370047
1 82416721 0.34820429760275
1 82449020 0.8155
1 82454565 1.5442
1 82455943 2
1 82459775 0.1551
1 82459810 1.5442
1 82462893 2
1 82471750 2
1 82472832 2
1 82494870 0.0749379558518424
1 82495510 1.7100719830557
1 82502072 2
1 82521205 2
1 82543542 2
1 82544603 2
1 82560618 2
1 82562712 2
1 82569452 2
1 82569679 2
1 82582741 2
1 82585275 2
1 82598174 2.0361
1 82602204 1.2178
1 82605158 0.0183047282150558
1 82609326 1.2178
1 82628488 0.931456115860903
1 82630913 2
1 82632546 2
1 82635167 2
1 82635319 2
1 82635972 2
1 82636695 2
1 82642084 2
1 82642281 2
1 82644147 2
1 82644688 2
1 82651168 2
1 82651256 0.988
1 82651744 1.3059
1 82666284 0.6582
1 82666850 1.5297
1 82670413 2
1 82671299 0.9473
1 82671384 1.5223
1 82677838 0.490489278988809
1 82679717 0.944457234060672
1 82682063 0.355888352793793
1 82682613 1.34127946339301
1 82683976 0.354667848445437
1 82685707 0.745638478675473
1 82695063 0.0717359371776949
1 82715496 0.9995
1 82718257 2
1 82728922 2
1 82733118 0.31787495209038
1 82752456 0.9995
1 82766183 0.2142
1 82766705 2
1 82776087 0.27787232605978
1 82785453 1.71569647251307
1 82789944 2
1 82797364 1.2212
1 82800987 1.2041
1 82801180 2
1 82804463 2
1 82818391 1.4946
1 82818452 1.9057
1 82840429 0.786878169034673
1 82841363 0.693887405219928
1 82843536 0.0898
1 82845331 0.7531
1 82846876 0.7147
1 82846910 0.7531
1 82851193 2.7431
1 82874548 2.6292
1 82884673 0.4636
1 82905210 0.0078
1 82923233 0.6448
1 82968818 0.7531
1 82976205 0.7964
1 82976788 0.7531
1 82983042 0.7531
1 82984520 0.6128
1 83003541 1.3178
1 83016020 0.4094
1 83029379 0.9747
1 83039964 2
1 83087062 2
1 83101223 0.7773
1 83108757 2
1 83126642 2.05889571860189
1 83128476 0.7773
1 83163651 2
1 83167439 2
1 83172929 2
1 83174493 2
1 83183104 2
1 83185786 2
1 83189385 0.469508114804475
1 83193169 2
1 83206248 1.2694
1 83213760 0.9216
1 83251276 0.2374
1 83269505 0.3756
1 83291402 0.8876
1 83294032 1.10442015273574
1 83303256 1.3283
1 83333106 0.67690036057354
1 83336590 0.8767
1 83341195 0.6678
1 83341702 0.279868785286049
1 83350476 0.469404988545585
1 83350696 2.6826
1 83352698 1.85028642546958
1 83356346 0.0984669543278403
1 83361027 0.396
1 83361320 1.71281950032625
1 83367170 0.8612
1 83370230 0.962854687196666
1 83391885 0.7749
1 83396455 0.3004
1 83396471 0.7749
1 83408809 0.5816
1 83421835 1.12764370236508
1 83430213 2
1 83430777 2
1 83438752 0.6583
1 83443930 2
1 83492357 2
1 83496212 0.544
1 83527278 0.8688
1 83547586 1.5444
1 83561947 0.4101
1 83563124 0.4101
1 83571437 0.499177661575326
1 83572606 0.925472839872638
1 83573027 0.616586766028493
1 83582718 0.0297854533905182
1 83591490 1.70256139693625
1 83594575 0.3895
1 83597625 1.8817
1 83598704 1.06821722766789
1 83607957 0.373561407126591
1 83620135 2
1 83630037 0.5335
1 83630420 0.0214
1 83631283 0.5335
1 83644873 1.2713
1 83645333 0.8457
1 83647868 2.1804
1 83653138 0.0214
1 83670098 5e-04
1 83689909 0.48208826964899
1 83723334 1.0552
1 83731286 0.497068482908348
1 83731997 0.82995925641404
1 83735914 0.620298709375454
1 83736145 0.500314209923777
1 83739009 1.64919796632864
1 83745353 0.335489935096404
1 83751552 2.1
1 83759762 0.236712920712283
1 83760368 0.570432873242801
1 83760927 1.39939111002215
1 83770450 0.7599
1 83771022 1.0943
1 83801430 2
1 83809705 0.1348
1 83814102 2
1 83814247 0.7993
1 83814372 1.2713
1 83824081 0.5881
1 83828592 0.7993
1 83852927 0.821508385914429
1 83873814 2
1 83882317 2
1 83888156 2
1 83892310 0.301
1 83892553 5e-04
1 83909257 1.10709718318514
1 83919180 3.0378
1 83943710 2
1 83983224 2
1 84022846 2
1 84024624 2
1 84033320 2
1 84037201 2
1 84046121 2
1 84050812 2
1 84067449 2
1 84097122 2.36902757656363
1 84113447 2
1 84119440 0.6908
1 84124844 2
1 84125475 2
1 84126335 0.631167989818404
1 84126336 0.155425157083454
1 84185947 1.4933
1 84234770 2
1 84243261 2
1 84246088 0.619364548478052
1 84262446 2
1 84270933 1.24900357315139
1 84284880 0.466630398580787
1 84288033 0.129427546453579
1 84312148 0.0898
1 84373514 0.1583
1 84374048 1.5108
1 84388414 1.7814
1 84393037 0.665443889757786
1 84399051 0.8081
1 84401880 1.7962
1 84409706 2
1 84411584 0
1 84412152 1.7962
1 84415223 1.7962
1 84421214 0.3731
1 84426331 2
1 84460255 2.085
1 84462574 0.8475
1 84479306 0.0467726698856942
1 84483058 2.1379
1 84488031 1.9841
1 84506376 1.3306
1 84508203 1.0186
1 84508527 1.412
1 84518893 2.1379
1 84550922 2.3728
1 84565735 1.9502
1 84604460 0.8294
1 84605826 0.793
1 84606921 0.3297
1 84609804 1.9502
1 84620233 5e-04
1 84624426 0.8627
1 84647546 0.174194489350643
1 84650169 1.19848715890197
1 84651722 5e-04
1 84658995 0.239208561312605
1 84662622 0.356602697713929
1 84677481 0.6356
1 84683649 1.16585931391789
1 84688018 0.3342
1 84691358 2
1 84706752 0.658217284498439
1 84740794 0.9911
1 84741802 0.0162
1 84748909 2
1 84751548 2
1 84753742 2
1 84756628 2
1 84772824 5e-04
1 84777740 2
1 84780335 2
1 84810031 2
1 84832718 2
1 84839802 0.1377
1 84860079 0.7224
1 84866125 0.763213693200613
1 84874911 5e-04
1 84880048 2
1 84880704 2
1 84882852 1.03217032621045
1 84883629 2
1 84884637 1.40910635229864
1 84889182 0.5176
1 84889878 2
1 84893151 2
1 84895289 0.184
1 84895757 0.166
1 84898385 0.1487
1 84899574 0.166
1 84903029 2
1 84907874 2
1 84931603 0.5191
1 84941926 1.3284
1 84963437 1.739
1 84964875 0.743691303369138
1 84965027 1.15726934759834
1 84972560 0.21060594999235
1 84976019 0.38068670205516
1 84976536 2
1 84978276 2.9901
1 84983966 0.1242
1 84986262 2
1 84987271 2
1 84989198 2
1 84994048 0.1026
1 84994456 2.8944
1 84995981 2.3939
1 85053002 3.601
1 85065368 2
1 85066315 2
1 85083781 0.1284
1 85084163 0.238792799541282
1 85086492 1.1007
1 85089989 0.478
1 85094630 0.01664325677085
1 85096597 0.1154
1 85103664 2
1 85118466 0.329
1 85119231 0.329
1 85121066 1.7854
1 85122332 0.2576
1 85132702 0.7643
1 85150513 2
1 85161690 2
1 85165597 2
1 85184631 2
1 85198016 2
1 85230851 2
1 85277769 0.9638
1 85284936 0.0264
1 85290242 0.048444953553979
1 85299203 1.52288016923904
1 85307018 0.750105726787297
1 85329136 0.4361
1 85331615 0.4361
1 85333599 0.4019
1 85339672 0.4019
1 85345499 0.4361
1 85348869 0.935041792416188
1 85354041 2.7548
1 85360511 0.4361
1 85372730 0.432284312771345
1 85383183 0.3373
1 85392591 0.1145
1 85397700 0.0512
1 85402996 0.0512
1 85417637 0.893167669244046
1 85459345 0.6973
1 85463325 0.6973
1 85474252 2
1 85477196 0.636859066155697
1 85480437 0.0898
1 85485539 2
1 85502549 2
1 85507453 2.6444
1 85513422 0.157491225540895
1 85513807 2
1 85525310 0.42870898372507
1 85530075 2
1 85551802 0.0728
1 85604935 0.19
1 85609292 0.0883
1 85633730 2
1 85639721 2
1 85645617 2
1 85647663 2
1 85648449 2
1 85654215 2
1 85661410 2
1 85674583 1.6496
1 85675401 0.0162
1 85710475 2
1 85713292 2
1 85714959 1.0249
1 85742942 0.0162
1 85758995 0.0162
1 85760164 2
1 85760789 0.0162
1 85776959 0.0807
1 85780978 1.9075
1 85782455 2
1 85782716 0.0217
1 85783265 2
1 85790109 0.0502
1 85793858 2
1 85827239 0.127
1 85830106 2
1 85834128 2
1 85852678 5e-04
1 85855139 0.7247
1 85858403 2
1 85891168 0.4164
1 85903079 2
1 85906280 1.483
1 85910661 2
1 85934064 1.3045
1 85935054 2
1 85940686 2
1 85941537 2
1 85966485 2
1 85966534 1.3045
1 85970513 5e-04
1 85982325 2
1 85990635 2
1 85995157 2
1 85996280 2
1 85997566 2
1 85998162 2
1 86000138 2
1 86002633 2
1 86002917 2
1 86007109 2
1 86009930 2
1 86016001 2.2744
1 86017465 2
1 86020129 2
1 86021806 2
1 86044227 2
1 86054038 0.6984
1 86061501 2
1 86073960 0.644525714103003
1 86074288 0.791583339694668
1 86077045 0.77337940386635
1 86078772 2
1 86081871 2
1 86083167 0.694905960278838
1 86094491 2.9985
1 86110639 0.542815580030082
1 86110732 0.0864059699682769
1 86110829 0.810445713571277
1 86111188 0
1 86112832 2.12140640998578
1 86114212 0.115719539708204
1 86114512 1.35402453587646
1 86115117 1.16015793663431
1 86119035 2
1 86119447 1.71674437762015
1 86128618 1.47622557823653
1 86133259 0
1 86133809 0.655303306055305
1 86133902 0.121453152283635
1 86140438 1.5585
1 86165253 2
1 86182465 2
1 86189840 0.0682
1 86200555 0.244844126347741
1 86208150 2
1 86210267 2
1 86213060 2.6829
1 86214757 2
1 86215067 0.1731
1 86217742 2
1 86228812 0.1221
1 86240153 2
1 86240265 2
1 86255111 2
1 86258840 2
1 86265236 0.618380191379235
1 86286686 1.6845
1 86293085 2
1 86331396 1.4345
1 86333704 2
1 86341935 0.425
1 86346491 1.2461
1 86346827 2.9987
1 86349339 0.4047
1 86351304 0.6926
1 86351789 3.1246
1 86353130 0.425
1 86378625 0.3621
1 86380366 0.3621
1 86387912 0.3621
1 86394411 2
1 86397759 0.3621
1 86402357 0.3621
1 86408399 0.3621
1 86414411 0.0406772291246933
1 86415737 1.34779336399399
1 86422815 0.765288714918734
1 86430654 2.4263
1 86431581 0.243260521131458
1 86432069 0.1709
1 86433066 0.359199491303472
1 86449147 2
1 86452261 0.0416
1 86459717 0.425720570364766
1 86480207 0.5795
1 86484247 2
1 86489667 2
1 86497643 2.01977013247304
1 86503516 1.12962926357176
1 86508351 2
1 86519365 2
1 86554934 1.4487897202164
1 86555727 0.2789
1 86573626 2.0546
1 86580213 1.1851397937514
1 86600502 0.9668
1 86621425 0.78532867464024
1 86623777 0.9668
1 86630340 0.8612
1 86659979 0.8799
1 86663257 0.9668
1 86678690 0.9668
1 86690786 0.510910677223097
1 86699912 0.9668
1 86814392 2
1 86824652 1.1617
1 86825532 0.40311075287073
1 86827440 1.5423
1 86828222 0.57781826261314
1 86838423 1.3601
1 86850735 0.8928
1 86861285 1.7821
1 86890567 1.5321
1 86907488 1.5049
1 86922197 1.5321
1 86942944 2
1 86943887 2
1 86959456 0.7687
1 86960830 0.919709170850491
1 86965107 1.09942590448323
1 86971662 0.811999688617176
1 87032398 2
1 87045494 1.7733852221583
1 87086740 1.48653864561117
1 87088226 0.725355667072825
1 87097985 0.0369
1 87110798 0.471158717507389
1 87148492 2
1 87149138 2
1 87167794 0.287619279734488
1 87178155 0.1953
1 87189125 2
1 87195783 2
1 87200410 1.3059
1 87212388 2
1 87221001 2
1 87232446 0.1651
1 87232758 0.5664
1 87237384 0.6474
1 87244041 1.0515931661096
1 87247930 0.2625
1 87251056 2.3356
1 87251105 1.19386131444165
1 87284730 0.462258428737082
1 87285987 0.00266127556626221
1 87287778 0.3334
1 87290169 1.55599892726907
1 87310377 0.885
1 87316837 0.9439
1 87325168 2
1 87335548 0.257161341997451
1 87336496 2
1 87351113 2
1 87351674 2
1 87359801 0.1534
1 87377155 1.649
1 87409775 2
1 87415949 2
1 87418538 2
1 87426689 0.1655
1 87427585 2
1 87433343 2
1 87443690 2
1 87444954 2
1 87482405 0.227813616734628
1 87504923 2
1 87506906 0.9287
1 87513039 2.6284
1 87515929 0.7978
1 87516713 0.9665
1 87517426 0.7978
1 87528811 2
1 87567985 2
1 87593342 2.8716
1 87595735 0.026
1 87597066 0.705420756280381
1 87601109 0.678619935507957
1 87614745 0.4192
1 87615058 0.4542
1 87619597 0.4723
1 87621104 0.4723
1 87623699 0.4542
1 87627137 1.4516
1 87643859 1.1038
1 87652026 0.784194921558604
1 87654068 0.4723
1 87655986 0.994230359716411
1 87697720 0.7511
1 87700258 1.4394
1 87714560 1.6513
1 87719533 0.316235537468248
1 87760646 0.1781
1 87763890 2.5965
1 87767604 0.566295820970112
1 87783301 0.7093
1 87783473 2
1 87808456 0.0487
1 87811706 2
1 87816487 0.493542583515683
1 87868504 0.2335
1 87924459 2.1804
1 87935865 0.7375
1 87942432 0.703000931591869
1 87957714 0.354
1 87960700 0.3844
1 87963574 0.1046
1 87968203 0.4786
1 87986734 0.4131
1 87988865 0.3028
1 87992517 0.730973829565593
1 88038206 1.22342722341648
1 88043107 1.37900041657442
1 88045212 1.06227445788628
1 88047047 2
1 88055946 1.8176
1 88063685 0.25684913446776
1 88141624 0.197884241164368
1 88154637 1.25665951100179
1 88173248 2
1 88173923 0
1 88181120 0
1 88195413 1.54479494151204
1 88198108 0.10509123751968
1 88235843 0.5729
1 88246331 0
1 88252216 2
1 88279990 2
1 88284714 2.895
1 88300947 0.0966
1 88306068 0
1 88308201 2
1 88316482 2
1 88316694 2
1 88320754 2
1 88341156 0.6804
1 88341165 2
1 88346516 0.6804
1 88346519 0.6804
1 88349967 0.1879
1 88359720 2
1 88368508 0.2109
1 88369146 2
1 88381262 2
1 88388356 2
1 88389419 0.1511
1 88390997 2
1 88391054 2
1 88394657 2
1 88398952 2
1 88400078 0.8295
1 88405577 1.1785
1 88406017 0.327438303564921
1 88414104 2.3939
1 88417337 1.56962812672637
1 88438515 2.2145
1 88455222 2.2145
1 88460457 2.1934
1 88478762 0.2542
1 88494921 2
1 88506676 2
1 88508413 2
1 88518096 2
1 88540112 2.2367122412702
1 88543582 2
1 88573196 2
1 88577926 0.3122
1 88581906 2
1 88590872 2
1 88597896 2
1 88603098 2
1 88603340 2
1 88605498 2
1 88618222 2
1 88645342 0
1 88682237 0.999717096876747
1 88682820 1.8362688669412
1 88686682 2
1 88701127 2
1 88702967 2
1 88707665 2
1 88717029 2
1 88736449 2
1 88746500 2.8196
1 88753472 2
1 88766080 0.424445627809064
1 88789356 0.0760414606323094
1 88800651 2.299
1 88807604 2
1 88820181 0
1 88827647 2
1 88832304 2
1 88861315 2
1 88874206 2
1 88878966 0.0445
1 88885395 2.2082
1 88889912 2
1 88896003 1.2984
1 88896928 0.664103866683423
1 88940858 0.650039206937496
1 88942390 0.208163161300077
1 88963356 1.08289683290383
1 89001575 1.2324
1 89002932 2
1 89007941 0.6596
1 89012930 0.58987610492464
1 89012931 0.103598581143173
1 89033116 0.334975364983819
1 89040410 0.7091
1 89052127 2
1 89058385 2
1 89064294 2
1 89076704 2
1 89099182 0.0086
1 89099192 0.0086
1 89103841 0.0215
1 89123464 1.51288930570445
1 89146185 2
1 89157823 0.833781776226503
1 89159044 5e-04
1 89198168 0.2817
1 89210486 2.4275
1 89279572 0.245446683587753
1 89319408 0.0579
1 89323210 0.655801682335546
1 89328449 1.5589
1 89339940 2.6444
1 89375655 0.461086728855049
1 89382998 0.979794084627489
1 89390097 0.0078
1 89399203 1.18965392745543
1 89404513 1.42261249576272
1 89411716 0.0276446702269564
1 89416651 0.56196430168871
1 89420295 0.432902754471132
1 89430398 0.336123498373178
1 89431343 0.492495992637826
1 89447069 0.622692987675749
1 89448737 0.57413814939972
1 89468269 1.0151
1 89493294 2.63224109425927
1 89493686 0.2162
1 89496919 0.585513454769717
1 89502764 6e-04
1 89502765 1.9424515355289
1 89505449 0.256805410393423
1 89510650 0.484623585357229
1 89529956 1.01047874638658
1 89553729 0.40445034801578
1 89557412 0.477028082687602
1 89575199 1.45465063575258
1 89576380 0.672159056874433
1 89587608 2
1 89595455 2
1 89614781 0.0728686162565779
1 89635767 2
1 89642733 2
1 89661879 2
1 89673701 2
1 89677669 2
1 89685336 2.0617
1 89729990 2
1 89737506 2
1 89763967 2
1 89765562 2
1 89767509 2
1 89769626 2
1 89772459 1.3838
1 89786067 2
1 89798175 1.4441
1 89803433 2
1 89821077 5e-04
1 89826418 0.532435046315944
1 89830326 0
1 89832746 0.9669
1 89861128 0.9693
1 89888430 0.6828
1 89891989 2
1 89902725 0.668
1 89949114 1.3105
1 90026958 0.230444857982299
1 90068569 1.0731
1 90070576 1.0363
1 90083597 1.65130591243745
1 90097910 0.0583
1 90110291 1.5664
1 90123414 1.22330091145784
1 90139358 2
1 90158065 2
1 90189025 2
1 90193003 0.7358
1 90246813 0.7726
1 90302369 0.7726
1 90307044 0.287616233552271
1 90311302 0.7726
1 90318725 0
1 90323859 0.9568
1 90327239 0.9568
1 90330067 0.9568
1 90331843 1.9316
1 90335050 1.2483
1 90358119 2
1 90378497 5e-04
1 90378518 0.9276
1 90379438 1.0782
1 90385503 0.1326
1 90428408 2
1 90435269 2
1 90441425 2
1 90442285 0.9371
1 90466208 2
1 90489215 2
1 90499226 2
1 90500613 2
1 90501749 2
1 90508304 2
1 90527055 2.7548
1 90560442 2
1 90584098 1.4897
1 90614145 2
1 90631416 0.2098
1 90655144 0.7782
1 90681097 0.9744
1 90688763 2
1 90688994 0.7554
1 90692547 0.15775480402132
1 90699581 0.7554
1 90709324 2e-04
1 90732152 2
1 90742957 0.363529129936902
1 90743993 2.1546
1 90750342 1.369
1 90755219 0.0769
1 90760009 0.0716916923043425
1 90762678 0.1485833310694
1 90772706 0.0293
1 90802368 1.7274
1 90806630 2.4476
1 90814733 2
1 90815333 1.7274
1 90816253 1.7274
1 90818122 2
1 90838796 2
1 90867301 2
1 90870538 0.7339
1 90891777 1e-04
1 90895605 1.2765
1 90924542 0.1896
1 90926295 1.3883
1 90933125 2.13
1 90949990 2
1 90979460 2
1 90994834 2
1 91006936 2
1 91013459 2
1 91020815 0.1614
1 91037003 2
1 91040293 1e-04
1 91057156 0.58
1 91061641 1.0399
1 91068241 1.3108
1 91069247 1.3174
1 91078095 0.827801177017761
1 91078838 0.0077
1 91083372 2
1 91087422 1.2393
1 91087679 2
1 91090707 0.2814
1 91090998 2
1 91097527 0.3063
1 91101567 2.7105
1 91103988 0.7905
1 91106676 2
1 91109383 0.942
1 91113668 0.7599
1 91114820 2
1 91127599 0.4718
1 91129256 0.4601
1 91129330 2
1 91131564 0.4601
1 91141606 0.266572305888682
1 91142696 0.2868
1 91144080 2.2618
1 91146996 0.5083
1 91147596 0.5083
1 91151553 2
1 91152600 2
1 91155752 2
1 91157749 0.5083
1 91158085 1.1867
1 91158985 2
1 91160108 0.3442
1 91165818 0
1 91166384 0.2106
1 91166690 0.0446
1 91169483 1.5371
1 91169508 2.4814
1 91169857 1.2479
1 91172812 1.008
1 91183911 0.4466
1 91187917 0.4466
1 91198609 2
1 91199656 0.109088522641898
1 91202474 2
1 91204818 0.81668529393688
1 91207408 2
1 91207796 0.0402291005860083
1 91208311 0.177501385409454
1 91210921 0.421919322291268
1 91287000 0
1 91289036 1.1428
1 91318531 2
1 91363341 5e-04
1 91371080 0.0053
1 91387708 0.357659053187921
1 91409246 1.37370162603681
1 91410851 1.09707209020481
1 91416192 1.8434
1 91416554 1.8434
1 91428077 1.39854454035803
1 91429875 1.1807
1 91433582 0.5979
1 91438933 2
1 91441596 2
1 91459285 0
1 91459302 6e-04
1 91460406 2e-04
1 91466658 0.5539
1 91468505 0.940863791826641
1 91488319 0
1 91488629 2
1 91519243 0.8676
1 91524150 2
1 91541066 0.8838
1 91546632 0.8676
1 91559391 2
1 91566838 2
1 91580705 0.813297993592783
1 91589981 2
1 91595488 0
1 91600504 0.318077801861274
1 91602163 2
1 91609367 0.0702
1 91611446 0.0826
1 91615473 0.0826
1 91642179 1.1234
1 91644918 1.1234
1 91648256 0.68535004345114
1 91661715 1.0399
1 91679376 0.9371
1 91689780 2
1 91691585 0.771341354187107
1 91713826 1.2894
1 91719257 1.3144
1 91728159 1.51924362218436
1 91735036 2
1 91735077 2
1 91738111 2
1 91766189 2
1 91771563 0.2671
1 91777203 2
1 91777750 2
1 91781976 1.5002
1 91785658 1.4925
1 91798309 0.480071089615693
1 91816078 2
1 91833779 0.15420469353523
1 91836260 2
1 91874466 2
1 91875783 1e-04
1 91879984 0.018
1 91881016 0.018
1 91902472 0.642948840748523
1 91904435 0.888555814188253
1 91904544 1.12962925841994
1 91916924 0.0078
1 91927484 1.9
1 91934866 0.1564
1 91956689 0.0817
1 91962938 0.053
1 91964903 0.6517
1 91980345 0.1564
1 92042573 2
1 92044941 2
1 92099060 0.2953
1 92109721 0.3464
1 92111548 0.3208
1 92130520 1.69704401091555
1 92133969 0.6856
1 92134533 0.3081
1 92154161 2.8129
1 92176050 0.3593
1 92202104 0.7707
1 92232688 0.4497
1 92239667 0.4429
1 92269138 5e-04
1 92274142 0.4429
1 92327373 0.7892
1 92334708 0.7892
1 92361116 0.3274
1 92385173 2
1 92392004 0.2953
1 92424980 0.7414
1 92430043 0.2953
1 92450295 0.3208
1 92460405 1.227
1 92487304 0.4429
1 92492298 0.5822
1 92547412 0.4429
1 92550671 0.3811
1 92551584 0.2959
1 92561371 0.2959
1 92561620 0.0078
1 92562686 0.3274
1 92567026 0.4429
1 92568466 0.4429
1 92572599 0.3847
1 92580041 0.3847
1 92580154 0.3847
1 92607928 0.3847
1 92611122 0.588321625001006
1 92625377 0.051550678737191
1 92631355 0.3847
1 92641314 0.2843
1 92642845 0.2959
1 92651866 0.208280752949382
1 92655340 0.3274
1 92659957 0.3847
1 92679169 2.0469
1 92697243 0.4136
1 92701962 0.173
1 92723741 0.3847
1 92730716 0.3847
1 92753574 0.3787
1 92755287 0.3787
1 92756861 0.3787
1 92774847 0.3787
1 92793636 0.3847
1 92799154 0.3274
1 92805321 0.3927
1 92806832 0.3927
1 92821334 2.6195621407565
1 92821375 3e-04
1 92860645 5e-04
1 92880725 0.2845
1 92892962 0.2845
1 92902939 0.296
1 92915083 0.704399170992408
1 92962105 0.4281
1 92963597 0.228798514528181
1 93008187 1.51794589808037
1 93009512 1.28847069119672
1 93020813 0
1 93021460 0
1 93024715 2
1 93037384 2
1 93037633 0.319435260400138
1 93037895 0.219114726409888
1 93049126 1.62045234594552
1 93049137 0.434438114907615
1 93049690 2
1 93051531 0
1 93054544 0.677
1 93057465 0.831398646110629
1 93096832 0.0447
1 93097496 2.6704
1 93115322 1.18009479049975
1 93164953 1.59118663083143
1 93173113 2
1 93184569 2.1022
1 93190188 0.253500521319965
1 93209543 0.469488409201703
1 93226177 1.41397130269834
1 93266338 1.58523654955181
1 93274773 2
1 93283515 0.95817882418461
1 93304777 0.1515
1 93307414 1.36644321826454
1 93309255 0.725736269809202
1 93311694 1.51429427484291
1 93327355 0.1515
1 93332834 1.05980371230869
1 93334087 0.578690602981743
1 93361899 0.240864187725678
1 93366517 2.13334764236843
1 93372210 0.9023
1 93373819 1.2958
1 93375977 1.51291943987607
1 93403093 0.0429148949524029
1 93407803 1.43997986878555
1 93465193 8e-04
1 93486964 2.0648
1 93487744 0.0707
1 93509670 0.429753005537138
1 93533083 0.9025
1 93564977 0.0191892297309253
1 93573624 7e-04
1 93579040 0.45703812367452
1 93702090 0.4072
1 93725568 2
1 93730340 2
1 93739982 2.1405
1 93742436 2
1 93743420 2
1 93758213 2
1 93765619 1.8272
1 93777393 0.0897
1 93825774 2
1 93829614 2
1 93833957 2.2986
1 93852596 2
1 93856416 2
1 93862760 2
1 93865459 2.1569
1 93874419 2
1 93882573 2
1 93894551 2
1 93914588 0.2191
1 93934489 0.3986
1 93939485 0.3986
1 93959701 0.588643944927697
1 93976206 0.528804417514919
1 93979930 0.266632379488036
1 93981927 0.00979731372753867
1 94001103 0.918
1 94006933 2.00324899062197
1 94012078 2
1 94014481 1.14444178180762
1 94019052 0.572618084703207
1 94029851 1.25648657630993
1 94103382 2
1 94106878 2
1 94108080 0.439366380434321
1 94119775 1.06736372434762
1 94123995 2
1 94124293 2
1 94136724 2
1 94137476 0.2377
1 94140267 2
1 94141917 0.2795
1 94153521 0.5498
1 94166195 2
1 94177975 0.625824838320178
1 94184520 2
1 94195322 2
1 94209812 5e-04
1 94241722 2
1 94243917 2
1 94245968 2
1 94246808 0.0049
1 94330455 2
1 94372301 0.4646
1 94382619 0.4646
1 94385019 0.4646
1 94385754 0.4646
1 94436788 0.2223
1 94453940 0.496190107196017
1 94471427 0.4422
1 94496179 2.5924
1 94500405 0.2223
1 94542362 0.2298
1 94556604 0
1 94559545 0.0589
1 94559740 2
1 94566572 2
1 94572230 1.0879
1 94599007 0.905405890288586
1 94600384 0.192409822988864
1 94602791 2.25676044216486
1 94610583 2
1 94633984 2
1 94638360 2
1 94638500 0.6684
1 94644669 2
1 94662440 1.1301278703398
1 94668016 0.176125776453911
1 94669347 2
1 94677287 2
1 94679244 0.199615035644967
1 94680446 0.121776439748416
1 94681548 0.56731870043888
1 94684764 1.56561385740247
1 94686246 2
1 94686556 0.698052033578866
1 94687343 0.125803012689836
1 94687584 1.18064402767245
1 94691694 0.078169935116944
1 94691821 2
1 94691839 0.357560196107168
1 94696921 0.310248051541288
1 94698750 0.0274888990580033
1 94700365 0.31333557413044
1 94711193 0
1 94720036 2
1 94727605 1.5547
1 94730199 2
1 94739747 0.5791
1 94739787 0.5791
1 94741976 0.559902519471543
1 94743065 1.26065813504437
1 94746569 0
1 94764368 0.2384
1 94789516 0.727622231920079
1 94792163 0.0157703358227574
1 94793083 0.132951472370495
1 94800648 1.19114199835741
1 94804827 0.128489779433124
1 94820529 0.026210000124275
1 94834231 1.13066973224538
1 94865803 0.46705276604935
1 94867838 1.1704996896292
1 94876609 0.140539656338014
1 94878091 1.2020394066856
1 94881724 0.572900788867374
1 94881856 1.47205284824465
1 94886843 0.6581
1 94887607 0.175187753645615
1 94887967 1.3284
1 94894642 0.991415988734564
1 94899701 2.5889613799366
1 94902338 0.922555309420792
1 94939020 0
1 94955555 0.337668708809238
1 94969943 0.994733202088821
1 94981206 0.7588
1 94986370 1.22030261933657
1 95045791 0.0532855407336574
1 95046277 1.4008
1 95073359 1.1152
1 95074495 1.166
1 95077309 2.06981854855631
1 95078060 0.379381285793306
1 95082122 1.11772181964272
1 95105802 0.395901120876311
1 95106437 1.21607352226383
1 95113528 0.707364388186058
1 95126128 0.7217
1 95138432 1.4208
1 95139890 1.4208
1 95140722 1.4208
1 95142908 0.9326
1 95152016 0.9326
1 95159349 0.6473
1 95159645 0.6473
1 95161364 0.6473
1 95166908 5e-04
1 95168166 0.6417
1 95170330 1.3643
1 95197102 1.3879
1 95208828 0.0731
1 95215725 0.6458
1 95219899 0.502
1 95231934 0.1045
1 95235667 1.3943
1 95240416 0.1045
1 95243483 0.0731
1 95247943 0.1045
1 95264093 0.0731
1 95277772 0.7465
1 95279219 0.13755985514373
1 95280793 0.8614
1 95287163 1.43238025177236
1 95300762 1.67161377614814
1 95307550 0.850707332606485
1 95316446 0.145945289142235
1 95321502 0.0871597656734219
1 95334336 1.0880197395587
1 95335342 0.5541
1 95340537 1.88686053980623
1 95345097 0.281940123314951
1 95353249 1.28557241439688
1 95353542 0.9927
1 95361270 2.3391352999387
1 95364069 0.768492381874328
1 95365278 0.541092514720872
1 95367815 0.158164243317687
1 95384777 1.16243453806771
1 95387405 0.751871941121727
1 95387488 0.3989
1 95389803 2.9933
1 95409998 0.511257244492371
1 95437471 0.5426
1 95440018 2
1 95445776 0.6655
1 95464331 0.5592
1 95467885 0.5592
1 95475308 0.440161710994913
1 95481176 0.716934988424483
1 95489713 0.0505
1 95532514 2.0527
1 95540812 0.7968
1 95547517 0.7968
1 95552102 0.3208
1 95569996 0.749575990072194
1 95570932 0.617853897598427
1 95575805 0.424552906954842
1 95583455 2
1 95583874 2
1 95613854 2
1 95639888 1.7134
1 95643318 1.7638
1 95648450 1.57260300264132
1 95650682 0.199176757256824
1 95660850 0.0367521795449623
1 95676660 2.50779081721622
1 95677040 0.402353583575884
1 95678821 1.49956213294228
1 95684385 1.31975549883375
1 95702474 0.3605
1 95709356 0.2415
1 95711517 0.2415
1 95720357 2
1 95730007 0.2564
1 95740079 0.336884094852081
1 95781983 2
1 95788418 0.930692578041704
1 95792352 1.28298891659917
1 95798066 0.19234573233725
1 95798411 0.2471
1 95805359 0.219
1 95810642 2
1 95815552 2.85428791024953
1 95824380 0.39020999338817
1 95828236 2
1 95832120 1.38595172209601
1 95835691 0.915851961648498
1 95853261 2.1564
1 95878649 0.303673749215993
1 95915787 0.0913423796336779
1 95920566 0.510796209855612
1 95923350 2.78561305200807
1 95934363 0.532135627646229
1 95952283 0.4534034619061
1 95960240 1.8239502719821
1 95983517 0.121451200473334
1 95986191 0.891490519741352
1 96017590 0.386169763272114
1 96018624 2.24341340681754
1 96059118 0.0681
1 96111206 2
1 96116229 2
1 96149380 2
1 96152679 2
1 96156331 2
1 96159941 2
1 96163277 2
1 96167963 2
1 96175165 1.419
1 96191918 0.0056
1 96203911 2
1 96206593 2
1 96211652 2
1 96219844 2
1 96223262 0.4406
1 96253710 0.3137
1 96301246 0.3137
1 96302397 1.0228
1 96303547 1.0228
1 96305062 1.0228
1 96305549 1.0228
1 96306493 1.0228
1 96320338 1.0228
1 96321076 0.3137
1 96323404 1.0228
1 96326626 1.0228
1 96352900 0.3301
1 96353917 0.9901
1 96354600 1.6822
1 96371128 0.7267
1 96371144 0.3137
1 96399631 2
1 96413257 2
1 96417506 1.04349607845812
1 96419254 0.93833142068605
1 96421814 0.8348
1 96425991 0.8111
1 96426067 2
1 96429179 0.8111
1 96434664 0.8111
1 96469096 0.8764
1 96473810 0.427
1 96475602 2
1 96476024 0.8764
1 96479319 0.8764
1 96480038 1.00377400624041
1 96480697 0.266277936896114
1 96494565 2
1 96495551 0.8764
1 96505463 2
1 96506244 2
1 96511469 2
1 96513320 1.877
1 96514833 1.7814
1 96521486 2
1 96524800 2
1 96525255 2
1 96526662 2
1 96527818 2
1 96529158 2
1 96530404 2
1 96534625 2
1 96561569 2
1 96563769 2
1 96569640 0.462
1 96588865 0.9418
1 96595746 2
1 96599309 2
1 96612384 0.8701
1 96613920 0.0624
1 96614420 0.8494
1 96614860 0.8494
1 96621848 2
1 96627246 1.1195
1 96629420 2
1 96633140 1.1195
1 96634417 2
1 96638261 2
1 96656416 0.8094
1 96661872 0.766325481253206
1 96662761 0.964375869600154
1 96662954 0.203806800168424
1 96670771 1.04316389440554
1 96670798 1.76410971938172
1 96677490 0.8094
1 96683562 0.59955592786448
1 96698787 0.18792826613457
1 96702699 0.7902
1 96722708 5e-04
1 96724775 1.76695922095472
1 96734017 1.1195
1 96739019 0.7902
1 96743267 0.7902
1 96776410 0.813665359171908
1 96788458 0.360689505425599
1 96793562 2
1 96827888 1.3228
1 96837195 1.3228
1 96839124 2
1 96846530 1.628
1 96851811 0.0077
1 96868663 1.5629
1 96883307 2
1 96885737 2
1 96899275 0.0897
1 96920088 2
1 96927229 2
1 96939188 1.5692
1 96949810 1.5509
1 96953561 0.0078
1 96955683 1.2748
1 96969271 1.0464
1 96978942 2
1 96997594 2
1 97020645 2
1 97025496 2
1 97027381 2
1 97057448 2
1 97058046 0.9697
1 97092606 0.4003
1 97129077 2
1 97149044 0.562906266134228
1 97161840 0.336226616941974
1 97187236 0.325256639677513
1 97205085 0.675650507392033
1 97212117 0.0078
1 97218772 0.1668
1 97237769 0.3041
1 97240681 1.0943
1 97251061 0.3361
1 97251723 1.3758
1 97254378 1.3758
1 97258061 2
1 97274543 2
1 97283136 0.999327332039711
1 97285418 1.19896203636199
1 97287542 1.71635832400434
1 97296142 1.44519398556729
1 97297828 2
1 97299018 2.7548
1 97301218 1.1668046620398
1 97315117 1.66166976944429
1 97323496 0.7027
1 97324138 0.671836425810009
1 97326854 1.23140459205774
1 97329351 0.0208310721209579
1 97349088 2
1 97350446 1.7891
1 97361690 2
1 97390480 1.0055
1 97393819 1.7638
1 97404173 0.8512
1 97420324 0
1 97431175 1.1896
1 97436000 0.922678200761028
1 97444275 2
1 97481284 0.440701540912744
1 97481623 0.901307189749866
1 97499183 0.0078
1 97568954 1.36188185846281
1 97580946 1.2829
1 97607854 2
1 97618428 1.60572738970597
1 97629468 0.4613
1 97640003 2.2286
1 97653138 1.0399
1 97696806 2
1 97764035 2.043
1 97799022 0.5061
1 97808576 2
1 97810139 0.5061
1 97830671 0.0807231778077474
1 97844683 0.2297
1 97855367 1.3859
1 97858342 5e-04
1 97877129 0.2161
1 97886917 2.8716
1 97926350 0
1 97930340 1.7024
1 97945060 0.2284
1 97953131 0.2284
1 97957216 1.7024
1 97967979 1.0035
1 97973203 0.0263
1 97990401 1.0035
1 97997312 2.1959
1 98004495 2.20748476180855
1 98005049 0.411000260679679
1 98009966 0.0205224371213687
1 98014572 0.393564271706772
1 98016194 2
1 98017594 1.37258665704431
1 98019546 1.95119910906267
1 98022343 0.163127572671987
1 98023524 1.72100583896232
1 98023721 0.0689994087489572
1 98024179 0.04373436318143
1 98035142 1.7255
1 98042702 1.97517775653447
1 98051736 5e-04
1 98066208 1.7255
1 98099203 2
1 98101149 2
1 98101203 0.372413301352696
1 98101227 2.4476
1 98106701 2
1 98123329 0.265498172734276
1 98138581 0.6786
1 98149518 1.6341188225281
1 98152043 2
1 98157646 0.373742160823975
1 98181518 2
1 98181825 0.7626
1 98181895 2
1 98201990 0.810210815666735
1 98219800 2
1 98222724 1.332953105439
1 98223959 1.34982813446027
1 98234769 0.7631
1 98250214 2
1 98259796 2
1 98265648 1.3105
1 98269400 2.2653
1 98284037 1.3105
1 98284920 1.89974802403116
1 98299933 2
1 98300805 2
1 98309202 2
1 98319811 0.284562222343827
1 98333813 0.864967152928446
1 98372585 2
1 98391321 2
1 98416382 0.654164744869986
1 98424215 1.20339743126075
1 98426022 2
1 98435090 2
1 98447237 2
1 98451998 2
1 98455065 2
1 98457130 2
1 98484773 2
1 98486508 2
1 98502131 2
1 98508805 2
1 98512610 0.191489852714908
1 98513484 1.1775
1 98515704 2
1 98517579 2
1 98521674 2
1 98525667 1.1551
1 98533741 2
1 98552985 0.6698
1 98554543 1.1551
1 98558930 2
1 98564451 2
1 98568188 2
1 98571695 0.2118
1 98575160 0.6856
1 98577263 0.2118
1 98580159 2
1 98599094 2
1 98606290 2
1 98609191 2
1 98615716 1.1119
1 98674546 0.3227
1 98677234 0.3227
1 98691338 0.769682712464217
1 98702447 2.9786
1 98712008 2
1 98760071 2
1 98764490 0.7521
1 98769472 0.6802
1 98773592 1.2126
1 98778725 0.0981
1 98782385 2
1 98782995 0.7292
1 98786439 0.0527
1 98797801 2
1 98801011 0.7292
1 98810991 2
1 98838597 2
1 98838687 0.3025
1 98850361 2
1 98856003 2
1 98865095 0
1 98869613 2
1 98875782 2
1 98879857 0.5280132926177
1 98903686 2
1 98907391 2
1 98914578 2
1 98917808 2
1 98920737 2
1 98928637 2
1 98930135 2
1 98931140 2
1 98948896 2
1 98952262 2
1 98957339 2
1 98958054 1.1662
1 98960107 1.7025
1 98966785 1.3957
1 98968783 1.3957
1 98988814 1.7025
1 99011131 0.51868101733498
1 99022123 2
1 99032213 0.0155993712647974
1 99036422 2
1 99036498 2
1 99039121 2
1 99068004 2
1 99086299 1.9802
1 99092590 2
1 99095194 2.859
1 99101910 2
1 99105747 2
1 99107532 2
1 99114896 2
1 99120927 0.842544903561308
1 99124802 0.5883
1 99124898 0.3601
1 99127349 2
1 99134039 2
1 99136053 1.3142
1 99152529 2
1 99160209 2
1 99161843 0.620348157440382
1 99162990 2
1 99166070 2
1 99172740 2.04187452766488
1 99191488 0.6548
1 99215202 2
1 99219798 2
1 99232790 2
1 99260351 2
1 99300475 2
1 99304519 1.286
1 99317779 2
1 99330442 1.7528
1 99345931 1.2126
1 99369684 1.0806
1 99434279 1.0745
1 99445502 0.8287
1 99487687 1.4485
1 99515692 2
1 99520350 0.2336
1 99542185 1.0022
1 99543153 2
1 99571478 1.26359202643329
1 99572314 2
1 99584136 1.19320167604436
1 99590237 0.367696537594775
1 99593237 1.25649021901798
1 99593479 1.01899555308479
1 99593903 0.455849185594787
1 99595497 0.381301340436996
1 99597214 1.00467771298529
1 99598465 1.90940060519378
1 99599043 0.148214201052701
1 99657782 2
1 99674858 1.4399
1 99684103 2.0836
1 99684521 2.0836
1 99698444 2
1 99718902 1.4584
1 99724541 0.0521949539412615
1 99725274 0.589385024955616
1 99730824 1.2559
1 99732741 0.241839053057335
1 99733888 0.438264649903319
1 99734506 1.52380246883339
1 99736676 1.0771
1 99744553 0.678861748956153
1 99754904 0.688513027615121
1 99755263 3.71033215517431
1 99755335 1.53035615384107
1 99756450 1.17640243155655
1 99756731 0.355758624103044
1 99757950 1.73834351720107
1 99765311 1.1866
1 99769881 0.795797554927442
1 99770295 1.2031
1 99771002 0.108268688826982
1 99777079 2.64515532517872
1 99787547 1.54848799829307
1 99798271 1.9622
1 99800012 0.638268172352207
1 99805493 1.86328424809297
1 99816122 0.2843
1 99820480 0.3266
1 99827348 0.0876
1 99845180 0.2747
1 99865925 0.2747
1 99873317 0.3141
1 99877597 0.674297523561869
1 99916976 1.7962
1 99926990 0.165358151206174
1 99938268 0.906242583221645
1 99960693 0.541817863522106
1 99988639 5e-04
1 99997866 0.7448
1 100032840 2
1 100089058 5e-04
1 100103203 0.274085056152745
1 100138524 0.24359949954205
1 100146375 0.167046445391668
1 100147119 0.377274204396332
1 100159608 0
1 100159609 5e-04
1 100163683 1.60873989709231
1 100167913 0.8263
1 100190139 1.18292741845026
1 100215037 0.0433
1 100226860 1.75826469444883
1 100239554 0.558870738786023
1 100248227 0.217214676922742
1 100250235 0.302346695491279
1 100258941 2.77896445319485
1 100262643 5e-04
1 100280736 0.0824086882682231
1 100294608 2.11040367867778
1 100295649 0.158643929033387
1 100330309 2
1 100333504 2
1 100337781 0.4824
1 100346548 0.9423
1 100361965 0.4824
1 100393964 1.2077
1 100457706 1.227
1 100468769 0
1 100480616 1.3475
1 100508309 1.882
1 100523265 0.0313
1 100530518 0.0961
1 100540684 1.4314
1 100545480 0.0716
1 100546929 2
1 100553527 2
1 100556556 2
1 100562530 0
1 100563351 2
1 100564212 2
1 100565154 1.4314
1 100566812 2
1 100566843 0
1 100568033 0.3088
1 100568035 2
1 100568043 2
1 100576527 2
1 100578372 2
1 100579373 2
1 100579965 2
1 100589901 0.921945809165798
1 100612911 0.3831
1 100630500 2
1 100632072 2
1 100634715 2
1 100635715 2
1 100643751 2
1 100668944 2
1 100677785 2
1 100679634 2
1 100706185 2
1 100733591 0.688481968300441
1 100742476 1.124
1 100746700 0.9992
1 100757543 5e-04
1 100777502 2
1 100794747 5e-04
1 100798581 5e-04
1 100800800 2
1 100801563 5e-04
1 100802509 5e-04
1 100808221 2
1 100808534 2
1 100810759 2
1 100811443 1.0404
1 100841139 2.9933
1 100844322 5e-04
1 100863115 2.9933
1 100883229 5e-04
1 100891920 2
1 100913091 0.264573968296179
1 100915407 5e-04
1 100941583 2
1 100943377 2
1 100998507 2
1 101010345 2
1 101074146 2
1 101081947 5e-04
1 101096576 2
1 101102531 1.2134
1 101118107 2
1 101123526 1.12034114333095
1 101172923 0.2111
1 101185461 0.2111
1 101191670 0.9442
1 101197881 0.3458
1 101199088 0.3832
1 101205110 0.7999
1 101252720 2
1 101253761 2
1 101256591 0.0757
1 101272565 1.02497825693517
1 101281532 0.4454
1 101288952 2
1 101292938 0.348489323254082
1 101303312 2
1 101305460 2
1 101309238 0
1 101317434 2
1 101352056 0.976968904962178
1 101353933 2
1 101363104 2
1 101377593 2
1 101392646 0.2056
1 101397143 0.798621348720614
1 101399033 1.74585710359586
1 101401382 2
1 101401902 5e-04
1 101404356 0
1 101411734 0.2515
1 101419994 1.5245
1 101431203 2
1 101432415 0.2284
1 101437079 1.274
1 101454246 2
1 101456140 1.7281
1 101461765 1.03993769959493
1 101468136 2
1 101476281 0.828254465715652
1 101479594 0.737825866775695
1 101479615 0.225065223637581
1 101484510 0.222699303592412
1 101497161 0.2154
1 101500497 1.2922
1 101502400 0.2154
1 101502547 0.2154
1 101510598 1.2922
1 101513187 0.2675
1 101522797 0.0545688188673688
1 101551595 2
1 101551706 2
1 101554095 2
1 101559434 0.0645
1 101564445 2
1 101567983 0.3239
1 101575460 1.4236
1 101585464 0.424786880483396
1 101587894 0.405651632746866
1 101617723 0.293681602134445
1 101624710 0.090762111367207
1 101625740 0.979565610586531
1 101629813 0.383999076254142
1 101629936 0.275957391554708
1 101708388 0.243811633997448
1 101717564 0
1 101719847 1.23877062844638
1 101723694 0.0051
1 101724750 5e-04
1 101731957 2
1 101737128 2
1 101740795 2
1 101740857 2
1 101750184 1.5029
1 101756762 2
1 101757685 2
1 101771430 2
1 101779887 2
1 101791635 2
1 101833233 1.545
1 101834667 0.4348
1 101840420 0.832707187112163
1 101859735 0.4174
1 101869886 0.2749
1 101875735 2.085
1 101877149 1.28042510567873
1 101879591 0.1772
1 101890294 0.763
1 101894202 0.795122162603257
1 101913080 0.6476
1 101940411 1.7795
1 101941652 0.6092
1 101948247 0.6092
1 101957322 1.8209
1 101974728 2
1 101978136 1.24243310875025
1 101987847 2
1 102010756 2
1 102011336 2
1 102019826 0.407548497150159
1 102028655 2
1 102068650 2
1 102069495 1.2886
1 102088589 0.01482846306604
1 102089007 2
1 102095026 1.30669619788489
1 102097673 2
1 102110851 2
1 102124755 1.15141633251212
1 102125749 2
1 102129694 2
1 102136754 0.167040990290363
1 102144822 0.490670872501431
1 102152162 2
1 102163775 1.23862195817805
1 102167820 1.02582652131117
1 102172943 1.4315
1 102207686 0.947386177189384
1 102208577 1.4674
1 102209222 1.4674
1 102209538 1.4674
1 102209803 1.4799
1 102218756 1.4674
1 102226072 1.4897
1 102228651 0.101829988782552
1 102230257 0.0656178561637951
1 102231917 0.310936460859111
1 102232435 1.04926039214288
1 102235037 0.620068680756511
1 102237198 2
1 102261771 0
1 102263651 0.848251967844835
1 102264989 1.3495
1 102272971 1.3422
1 102279408 1.35487373891357
1 102279911 1.3569
1 102282901 1.2189
1 102284804 2
1 102285226 2
1 102285603 1.8103
1 102287191 2
1 102288375 2
1 102293138 2
1 102308222 1.9067
1 102309488 2
1 102309661 2
1 102310897 0
1 102312534 0.775
1 102317816 2
1 102323640 0
1 102323921 2
1 102325651 2
1 102326034 2
1 102326432 0.2672
1 102328109 2
1 102335463 2
1 102338103 0.1544
1 102344008 2
1 102344107 1e-04
1 102344740 2
1 102353094 2
1 102354159 2
1 102356550 2
1 102356645 2
1 102358036 0.0078
1 102361279 2
1 102361834 2
1 102363037 2
1 102363119 2
1 102363706 0.8583
1 102365625 0.1544
1 102372480 2
1 102378043 2
1 102384824 2
1 102392055 2
1 102393940 2
1 102396089 0.8583
1 102397731 0.8583
1 102419757 0.8323
1 102424571 2
1 102430533 2
1 102461970 0.6066
1 102466453 2
1 102475400 2
1 102475923 2
1 102501594 1.3134
1 102524838 0.24140174381705
1 102532984 0.0139061117447997
1 102539528 0.550097518938069
1 102542534 0.0222
1 102546954 0.808076949669865
1 102547531 0.433602063482403
1 102552971 2
1 102555268 0.604429934727762
1 102573872 0.0053
1 102583119 2.5359
1 102585027 1.2928
1 102588027 1.1602415090169
1 102616435 2
1 102618008 2
1 102657616 2
1 102659380 1.3206
1 102666012 0.9587
1 102666495 0.9587
1 102684684 0.0171
1 102690159 2
1 102718119 2
1 102732903 2
1 102737551 2
1 102740760 2
1 102740815 2
1 102748718 2
1 102749417 0
1 102751325 2
1 102762552 2
1 102763023 2
1 102764445 2
1 102764853 1.8115
1 102765472 2
1 102773608 2
1 102776242 2
1 102777565 2
1 102785450 2
1 102789388 1.4734
1 102790131 2
1 102808623 2
1 102813345 2
1 102819336 2
1 102820338 2
1 102821092 2
1 102831830 2
1 102853417 2
1 102862507 2
1 102873555 2
1 102885320 2
1 102896485 2
1 102911306 2
1 102922055 0.163335076436189
1 102925859 2
1 102932765 0.0141598270269804
1 102933446 0.1028
1 102937712 0.0369
1 102938641 0.0425
1 102944507 2
1 102948042 0.0369
1 102957125 2
1 102957993 2.6457
1 102963646 2
1 102963855 2
1 102964382 2
1 102967101 2
1 102994487 2
1 102995952 0.0425
1 103019837 2
1 103028330 2
1 103040571 0.0425
1 103043214 5e-04
1 103045259 0.0425
1 103049238 2
1 103050111 0.0425
1 103064700 2
1 103067929 2
1 103079717 2
1 103086325 1.44100480703442
1 103088611 2
1 103102908 2
1 103103171 2
1 103130787 0.914756328916157
1 103132559 1.62932149678988
1 103143002 2
1 103151765 0.345987019756297
1 103164162 0.899467455397751
1 103167848 0.9314
1 103169125 1.4919
1 103173192 0.0011
1 103174206 1.22986738596799
1 103174779 0.754954568263662
1 103178080 5e-04
1 103180297 1.46339385527708
1 103191388 2
1 103191974 2
1 103192817 0.725276646480383
1 103194385 0.157606361057801
1 103196241 0.166420372137896
1 103201147 0.208072146094485
1 103202209 1.2381
1 103202860 0.785550789497848
1 103206896 2.859
1 103207616 0.837916569999986
1 103236939 0.1028
1 103239251 2
1 103247608 2
1 103262698 1.1662
1 103272077 2
1 103273265 1.915
1 103274303 0
1 103285714 1.5401
1 103287291 0.3399
1 103292146 2
1 103318266 0.7186
1 103333655 1.03290840987249
1 103336909 0.306723029850667
1 103338776 0.631539925308811
1 103342717 0.704912544411294
1 103342916 0.0477829992070558
1 103345857 0.498933541970446
1 103346997 0.800317298258187
1 103381399 2
1 103382423 2.6472
1 103393336 0.0273
1 103396902 0.890809044351678
1 103433319 0.0263
1 103437627 0.326207207568257
1 103451063 2
1 103480349 2
1 103532737 0.156901385162702
1 103534649 2
1 103536367 0.0713844345673312
1 103562368 2
1 103563013 1.0565
1 103572776 1.0565
1 103761700 2
1 103762931 0.8826
1 103767836 0.630438957888796
1 103770443 1.46123930365645
1 103772967 1.69230924851121
1 103788661 1.6996
1 103807709 1.15688800940522
1 103808155 1.46739659502591
1 103822286 0.8826
1 103823102 0.721656616282417
1 103835602 2
1 103842236 2
1 103863233 2
1 103873795 2
1 103883037 1.81575668242054
1 103904377 2
1 103914504 2
1 103931439 2
1 103948587 0.8935
1 103960838 0.0503302418373844
1 103961779 0.891782726990319
1 103962651 0.687951157464657
1 103988654 0.496117397624065
1 103998016 0.0511848937395598
1 104001680 0.0608410950125071
1 104008070 0.163147384743486
1 104010102 0.936626471296045
1 104020208 1.71761497353046
1 104026463 0.742101352689968
1 104042829 0.0273
1 104049197 1e-04
1 104056319 0.0312
1 104077060 1e-04
1 104077793 2
1 104081589 0.284187363281482
1 104082833 2
1 104085642 2
1 104088413 2
1 104093794 2
1 104153378 0.681
1 104193562 2
1 104203297 2
1 104207793 1.6755
1 104211914 2
1 104213618 2
1 104214797 1.6755
1 104218488 0.180600140728045
1 104222842 2
1 104228941 2
1 104235141 2
1 104248875 2
1 104251203 0
1 104254298 5e-04
1 104257971 0.955368161252972
1 104262344 5e-04
1 104270433 2
1 104277901 2
1 104297472 4e-04
1 104310489 2
1 104315843 0.510259656767756
1 104322690 1.5875
1 104328049 1.7916
1 104342547 2
1 104346601 0.60818266054772
1 104348927 1.268
1 104355733 2
1 104368704 2
1 104373403 2.21412801564704
1 104375170 2
1 104380697 1.39646635259598
1 104382500 2
1 104396928 0.406947763015698
1 104405714 0.0663510654107288
1 104407103 2
1 104407551 2
1 104408087 2
1 104413671 2
1 104424250 1.51969135662126
1 104426497 1.8513
1 104433217 0.337988391032276
1 104433807 0.849517628430556
1 104443025 0.387872457324088
1 104454849 0.455479281963732
1 104464730 2
1 104464734 1.75598429761498
1 104484877 0.11
1 104494805 0.79028789813355
1 104495690 2
1 104504324 0.2929
1 104508059 2.8037
1 104509728 2
1 104512453 0.2929
1 104515354 1.3052755071648
1 104528212 0.2929
1 104535364 0.670608573996102
1 104545725 0.7478
1 104551709 2
1 104551975 2
1 104556064 5e-04
1 104556162 0.2098
1 104565605 0.5647
1 104567176 2
1 104578097 2.0202
1 104580081 2
1 104585027 0.587467586754357
1 104601342 0.816216805157995
1 104611342 0.1628
1 104613499 0.434418028042007
1 104613590 5e-04
1 104615162 1.9629
1 104644371 2
1 104655573 2
1 104658971 0.401682510286052
1 104661025 1.411
1 104664770 0.0564
1 104667939 0.430401372072545
1 104689047 2
1 104689796 2
1 104691141 2
1 104692103 2
1 104696373 2
1 104697267 2
1 104713677 1.411
1 104727092 1.411
1 104733336 2
1 104739496 0.14135787589546
1 104739678 0.0564
1 104741997 0.998560382833616
1 104742756 0.316785650912627
1 104743188 0.16443420074472
1 104745945 0.276229833322817
1 104748463 0.519986067839449
1 104751210 0.046
1 104752531 0.751870633173089
1 104758265 5e-04
1 104762428 2
1 104763648 2
1 104767033 2
1 104767246 2
1 104770279 2
1 104785461 2
1 104785596 2
1 104808150 2
1 104819615 0
1 104838161 2
1 104854933 1.71405142440962
1 104876230 0.2228
1 104879436 0.2228
1 104880343 0.2228
1 104882532 2
1 104884485 0.2228
1 104899024 0.212989829793835
1 104905015 0.0298
1 104905898 0.0767661619199304
1 104909118 2
1 104916656 0.1892
1 104932796 0.2317
1 104935671 2
1 104937505 2
1 104937654 2
1 104939708 2
1 104941884 0.204070884925372
1 104944798 2
1 104950143 0.0695401603947673
1 104950878 2
1 104952094 2
1 104953563 2
1 104955664 2
1 104956766 2
1 104958320 2
1 104959483 2
1 104961012 2
1 104963893 2
1 104969198 0.534747086477565
1 104975492 2
1 104976480 6e-04
1 104985578 2
1 104986648 2
1 104986651 2
1 104986783 0.900419062695314
1 104993011 2
1 104998243 2
1 105004701 2
1 105008826 2
1 105011742 0.16731740636611
1 105026491 1.77938165164854
1 105033788 0.2478
1 105035067 0.781780511342057
1 105045980 0.9857
1 105048433 2
1 105052041 0.9857
1 105058922 0.8817
1 105061380 0.8817
1 105064742 1.27598370980372
1 105075394 2
1 105079698 2.4491
1 105094246 2.3705927237071
1 105096744 2
1 105099618 1.49293726318807
1 105102001 2
1 105105016 1.00181226228337
1 105108705 2
1 105115821 2.0526512541779
1 105116441 2
1 105128827 0.9584
1 105130802 1.30453535601875
1 105131176 0.916537664558083
1 105134299 0.46826523669616
1 105138954 0.0079225129090838
1 105146774 0
1 105161663 0.914757742315211
1 105165378 1.07179429257737
1 105166011 1.0582953860088
1 105182147 0.60372653567441
1 105206576 0.336819216793258
1 105223709 2.4933
1 105226436 0.39973680183075
1 105228366 0.250263853966488
1 105243024 1.26920759395074
1 105253002 0.8544
1 105255453 0.217564741763482
1 105257932 0.8544
1 105260721 0
1 105260723 0.83
1 105261885 0.8544
1 105264270 0.8544
1 105273088 2
1 105278832 2
1 105286697 1.7124
1 105287607 1.7124
1 105292227 1.7124
1 105300881 1.7124
1 105312655 2.4049
1 105314848 2.4049
1 105316900 2
1 105321028 2
1 105322262 2
1 105323446 0
1 105331737 2
1 105335525 2
1 105336125 2
1 105346751 2
1 105362068 2.3673
1 105374055 0.0126
1 105378551 2
1 105378984 0.0126
1 105383689 2
1 105401161 0.0126
1 105415570 2
1 105418472 2
1 105419391 2
1 105419576 2
1 105422077 1.58543460187562
1 105437996 2.8986
1 105441901 2
1 105442786 2
1 105444267 0.6294
1 105449364 0.5105
1 105458349 2.05029376446574
1 105462728 0.794006096686993
1 105466381 1.61929477576099
1 105466748 0.0411174441253505
1 105469876 0.4795
1 105486697 0.779924634418489
1 105491413 1.70717780021259
1 105493864 2
1 105495564 0.9496
1 105498511 2
1 105502038 2
1 105505561 2
1 105522098 2
1 105524071 2
1 105530618 2
1 105531117 2
1 105535385 2
1 105535408 2
1 105535445 3.1262
1 105537928 0.0412
1 105539503 2
1 105542455 2
1 105544635 0.31871123873848
1 105545441 0.924
1 105547512 0.0668676146505952
1 105547842 0.371729474176928
1 105549492 1.17291376346687
1 105553509 2.21370419251351
1 105553962 1.4546
1 105562656 0.4352
1 105581905 0.3302
1 105585803 0.3302
1 105586877 0.3302
1 105588409 0.701
1 105588652 0.504628712014153
1 105594730 2.13724254627874
1 105595331 0.0989495309704827
1 105596918 0.199
1 105598488 0.701
1 105616111 1.4042550346947
1 105617076 0.0301156612827907
1 105626871 0.590197065310135
1 105629866 0.626
1 105639458 0.5856
1 105640507 1.47131680489142
1 105646650 2
1 105652218 0.3542
1 105655818 0.4047
1 105677679 2.7548
1 105681375 0.4047
1 105681444 0.4047
1 105697658 2
1 105700826 2
1 105744177 2
1 105758611 0.331852261325712
1 105763866 2
1 105765284 0.176438760713018
1 105769890 2
1 105774301 2
1 105779135 0
1 105779216 2.5331
1 105787307 5e-04
1 105788314 0.0892617926137101
1 105792496 2
1 105796545 0.0823263697616847
1 105821014 0
1 105821714 0.0213368306203763
1 105835869 0.0776128351713988
1 105860680 0.360619886135346
1 105872086 0.5909
1 105872088 2
1 105884842 2
1 105889377 2
1 105895714 2
1 105902808 0.783957303828714
1 105907348 0.7122
1 105912711 1.26543460527081
1 105965624 0.365399085696453
1 105965941 2
1 105985746 2
1 105986148 2.1626
1 106018029 2
1 106060583 0.542803480377787
1 106068186 2.30985044069106
1 106076203 2
1 106076224 2
1 106091169 1.8513
1 106091383 1.8513
1 106095996 0.6105
1 106099182 2
1 106099255 0.6105
1 106100083 2
1 106103516 0.0217
1 106184776 1.4116
1 106202157 2
1 106224109 0.586778427883543
1 106227440 2
1 106227454 2
1 106256205 2
1 106266842 2
1 106277460 2
1 106284131 2
1 106289989 0.5403
1 106293321 0.553
1 106293670 0.5279
1 106306798 0.803
1 106308414 0.803
1 106308415 0.665963336290526
1 106312413 0.803
1 106313698 0.469203831616745
1 106324235 2
1 106390696 0.070100200999538
1 106395083 2.88008612453739
1 106403043 0.312843033339968
1 106426541 5e-04
1 106429600 2
1 106431170 1e-04
1 106431268 0.071
1 106434192 2
1 106439764 2
1 106466746 2
1 106472871 2
1 106480759 2
1 106482383 2
1 106498877 2
1 106507434 2
1 106513053 2
1 106524686 2
1 106536134 2
1 106538545 1.04656228241813
1 106554741 2
1 106563571 0.46069059004651
1 106570331 2
1 106572014 2
1 106609639 2
1 106623245 0.225730815732449
1 106636740 0.343300324158584
1 106640594 0.282638874634621
1 106645284 0.560901641448188
1 106662762 0.903096862889739
1 106671911 1.8195
1 106688194 0.0691
1 106698047 2
1 106712151 1.58609288749652
1 106715482 0.0015
1 106715668 0.0015
1 106720696 0.0691
1 106743565 0.470155700905236
1 106745250 0.0691
1 106747702 1.1959328596745
1 106749146 0.0691
1 106757063 1.81799073505408
1 106762753 0.888871259824589
1 106766251 0.225372788221965
1 106774169 2.1455
1 106816659 1.8433
1 106827429 1.05870717369907
1 106829874 1.1985
1 106859747 0.142272249360245
1 106875802 0.275118150971676
1 106900641 0.113342186208082
1 106906640 0.299247684728268
1 106914975 0.109449204394261
1 106923371 0
1 106935439 0
1 106955989 1.4394
1 106983369 2
1 106988727 2
1 106989453 2
1 106993184 2
1 107011851 2.02537841794613
1 107011941 0.41247630939088
1 107013229 0.302553318379457
1 107013872 2
1 107017785 0.757764174289753
1 107019173 0.499176896993798
1 107025702 0.0281581103321181
1 107028622 0.15364781660064
1 107030943 0.3228
1 107050579 0.8718
1 107055366 0.8718
1 107056636 0.3083
1 107065188 0.8718
1 107107550 1.41603719688496
1 107125834 0.811625401275846
1 107140773 1.23232363625525
1 107151135 0.51123402041277
1 107171856 2
1 107181185 2
1 107207977 0.0276
1 107214790 5e-04
1 107214803 0
1 107216500 0.022
1 107219138 0.022
1 107238794 2
1 107240278 0.3015
1 107243612 0.098
1 107246886 2
1 107249208 2
1 107280147 0.5561
1 107297631 0.5068
1 107298633 0.5068
1 107321016 2
1 107328836 0.225417968362378
1 107348881 0.112833252305408
1 107359851 0.893899552646196
1 107382102 2
1 107410155 0.141616337142712
1 107412962 0
1 107417539 0.1268
1 107436156 0.867812149195959
1 107441476 0.0731
1 107461204 0.056
1 107464289 0
1 107468967 0.056
1 107497974 0.7688
1 107507381 2
1 107537016 2
1 107539261 2
1 107544736 2
1 107547122 1.2172
1 107565307 2
1 107571234 0.346278275774953
1 107575002 0
1 107581063 0.593011231733077
1 107583312 0.9004
1 107594254 0.863067383409365
1 107601261 2
1 107603918 1.77465140678317
1 107609235 1.05514282425998
1 107613419 0.369564385997625
1 107627558 0.242388471204197
1 107634694 0.1781
1 107664933 1.62115101059857
1 107681654 0.833143492040904
1 107687372 1.717041020654
1 107700365 2
1 107700728 2
1 107701854 2
1 107703830 0.388784054336598
1 107708701 0.899613741203322
1 107719652 0.118218143365343
1 107720540 0.0444
1 107725110 0.0246604553762274
1 107728630 0.735557675773322
1 107740025 0.228628987291626
1 107746033 0.5031
1 107764075 0.0897
1 107780757 1.14514211755473
1 107783931 1.5841
1 107791384 5e-04
1 107792000 2
1 107798807 1.3982
1 107800465 2
1 107811840 2
1 107843524 2
1 107850726 2
1 107866416 0.2188
1 107878436 0.0707723355160878
1 107878813 1.16714940438443
1 107882614 0.328000282164452
1 107887151 0.220869902307304
1 107890682 0.15486502634462
1 107902749 0.81402165107751
1 107918704 3.4217
1 107919840 1.36831690205038
1 107929546 0.552744162327712
1 107941804 0.0533367101747109
1 107942276 0
1 107972725 1.86188464889314
1 107974570 0.696481678303967
1 107983056 0.576077766750559
1 107989668 0.0046
1 107995780 1.2744
1 108009032 2.784
1 108010846 0.0587854668049604
1 108015083 0.3279
1 108022800 0.3799
1 108027076 1.09641733741663
1 108029663 0.15146825095784
1 108032382 1.6784
1 108040430 0.9079
1 108044145 0.2724
1 108054423 0.196735835781153
1 108058525 0.385288290277879
1 108063657 1.48585784514895
1 108065725 0.0238
1 108067976 0.107790794890843
1 108069598 0.515495382569241
1 108078629 0.935084755913728
1 108083817 0.0015
1 108087716 1.75980348310891
1 108089138 0.5383
1 108091174 0.622590811133438
1 108094134 0.5383
1 108101331 1.0024
1 108110096 0.508711560954172
1 108110442 0.177
1 108111322 0.0038
1 108111857 0.177
1 108116009 0.177
1 108116216 0.4832
1 108118652 0.7346
1 108122588 0.1267
1 108130011 0.9699
1 108152515 0.6803
1 108153180 0.6931
1 108160076 0.6803
1 108160412 0.6803
1 108181187 0.8852
1 108183564 0.9085
1 108187931 3.40305858413054
1 108194464 0.573476202344185
1 108203656 1.98129063702122
1 108221814 1.03034111168724
1 108222502 0.996067489686579
1 108316609 0.857133907460619
1 108332030 1.63760578093384
1 108368614 0.0132911325537116
1 108503589 0.1648
1 108522649 0.469209213718249
1 108523046 5e-04
1 108534401 1.53528917738505
1 108559280 0.760764176040751
1 108562323 1.17441899394607
1 108580596 0.425465483625303
1 108583602 0.0215679694023486
1 108585023 1.28555390341795
1 108596046 0.939172392892223
1 108598060 0
1 108599784 0.83867720149166
1 108602873 5e-04
1 108612638 1.00823152711476
1 108622529 0.376994517036602
1 108645760 0.110005330373639
1 108657886 0.542209222929692
1 108675898 5e-04
1 108719228 1.6682
1 108723222 1.66
1 108732744 1.75877969051765
1 108748515 0.306344399381662
1 108769162 1.77091646191153
1 108772589 1.08505316366258
1 108780998 0.465314387551034
1 108781969 0.28789107318936
1 108824180 1.0827
1 108827293 1.41553920304614
1 108827813 0.211604617862293
1 108848452 0.3905
1 108853943 0.0561
1 108854286 1.0853
1 108854607 1.0853
1 108855303 1.0464
1 108855642 1.0102
1 108856034 1.0464
1 108861508 1.3596
1 108863334 1.1264
1 108864513 1.4874
1 108901676 1.8367
1 108908680 1.044
1 108911663 1.0269
1 108917627 0
1 108937356 1.0616
1 108939182 0.946990310086264
1 108944865 0.9961
1 108956404 1.0239
1 108997629 0.6659
1 109004190 0.7364
1 109012062 1.9257
1 109026349 5e-04
1 109036534 0.6504
1 109071975 0
1 109174175 0.5792
1 109178438 0.5792
1 109179968 0.5792
1 109183618 2e-04
1 109189765 1.3326
1 109191603 1.32581469078779
1 109194692 0.414674193508988
1 109195128 0.244
1 109195468 1.72806490382798
1 109198894 0.0561
1 109199560 0.0704
1 109206102 1.084
1 109217154 0.7997
1 109219134 0.4321
1 109239287 0.00658220292730337
1 109279782 0.9757
1 109299649 1.0627602110703
1 109313684 0.466938888955954
1 109323947 0.556697503160931
1 109330745 0.140829223354631
1 109336927 0.997246217355162
1 109343688 0.712700695213552
1 109348511 0.387515845629311
1 109384206 0.0364893162201028
1 109398511 0.1740572196702
1 109407134 1.4014
1 109423364 0.149140274778446
1 109455764 0.659892830640566
1 109466191 1.37240690697348
1 109466484 0.2855
1 109494877 0.138368261005847
1 109502508 5e-04
1 109506581 0.76411235488272
1 109512486 0.6505
1 109519443 1.42811129229786
1 109524502 0.1906
1 109526654 0.1906
1 109529511 1.69322656201504
1 109558501 1.07969997855283
1 109558502 1.39368910346615
1 109567271 2.0786
1 109577015 0.0962160534437546
1 109580215 0.7548193117655
1 109595487 1.76140407536837
1 109611768 0.168540242527409
1 109644587 0.393405168150088
1 109652606 1.62865065537563
1 109653807 1.29097290455951
1 109654137 2e-04
1 109654199 5e-04
1 109676094 0.794163194582776
1 109703211 1.29576686747807
1 109711919 1.08033662739307
1 109728612 0.521894473527058
1 109733122 0.661237539289184
1 109744352 0.620845482686531
1 109751455 1.82104590983555
1 109753667 0.785840131720968
1 109756430 0.86252327821124
1 109764641 0.7033
1 109764662 0.7033
1 109769028 0.34241540251328
1 109785300 0.18548805864364
1 109805374 0.804
1 109829593 0.8925
1 109831765 0.0714012449944323
1 109845507 0.916469948197204
1 109889529 0
1 109897495 0.457072558358245
1 109956342 5e-04
1 110034139 0.152268377792957
1 110057174 1.5652
1 110066139 0.702824356527021
1 110075559 1.20104244684615
1 110091555 0.3284
1 110099573 1.439
1 110100764 1.8787
1 110102992 1.6561
1 110108400 1.918
1 110111717 1.20038153608799
1 110120096 0.663700247931713
1 110142389 0.4404
1 110144871 0.4404
1 110157915 0.412371271962666
1 110185837 0.375
1 110190843 0.8154
1 110193790 0.37590076534259
1 110200370 0.400742430003992
1 110215332 0.351355166382537
1 110225567 0.211642781032729
1 110227601 0.9655
1 110235437 0.743888495911294
1 110236123 0.0774
1 110246485 1.344
1 110250225 0.0509130328555593
1 110252205 3.27648679584164
1 110261162 0.601276032791944
1 110263185 0.235827153351685
1 110273530 1.05457983328212
1 110275733 0.189297726631425
1 110278140 2.178002721929
1 110278732 0.930533909388423
1 110280619 1.595509219067
1 110283144 0.45886603753701
1 110294641 0.969295317840858
1 110296732 0.528345182205682
1 110308736 1.3048
1 110311395 1.90230672012379
1 110311460 1.07775628635329
1 110312817 0.607245976774421
1 110329807 1.5788
1 110335135 0.769299667316336
1 110371663 1.1897
1 110380098 0.204234954832924
1 110383821 1.24297312551937
1 110383934 0.3907
1 110389770 1.33310682552105
1 110395392 1.5937
1 110398479 0.760434691407361
1 110399254 0.5407
1 110412598 1.63333669649107
1 110413080 0.372985703204001
1 110420296 0.482279531629121
1 110428646 0.554231958260648
1 110446466 0.867281467683359
1 110449297 0.414939382339218
1 110449575 1.2145
1 110453367 2.3651
1 110485812 1.05396016749353
1 110487369 0.473561202811269
1 110499303 0.2394
1 110529700 0.6603
1 110533346 0.3436
1 110547009 1.5466
1 110619055 1.0814
1 110650973 0.3826
1 110665098 0.2967
1 110666185 0.3826
1 110679972 0.2992
1 110697988 1.5776
1 110715102 0.543473934635831
1 110716801 0.782310894784709
1 110734818 0.850741507860829
1 110743167 2.1967
1 110756229 0.5622
1 110765299 0.409
1 110767506 0.4352
1 110772396 1.0049
1 110774507 0.103048589439399
1 110775133 0.1308
1 110775329 0.1308
1 110776086 0.1308
1 110779616 0.1308
1 110789573 0.316607675154822
1 110799790 0.0901712902309452
1 110808995 2.784
1 110816605 0.886710877682419
1 110826067 0.7118
1 110831255 0.873121815051372
1 110838750 1.2377
1 110843727 0.1684
1 110851091 0.505394197128885
1 110854694 0.26450252624546
1 110861669 0.381305975127797
1 110861780 2.2449474763999
1 110862070 0.0811621487236377
1 110862950 1.38611696615898
1 110865971 1.4305168229085
1 110879521 0.121098081226192
1 110890170 0.0936
1 110898251 0.0936
1 110901469 1.2545
1 110907369 1.7874
1 110911960 1.7719
1 110916597 1.7719
1 110916820 0.3907
1 110921043 1.7719
1 110928521 1.7719
1 110931590 1.7719
1 110933131 1.7719
1 110933219 1.7719
1 110933818 1.7719
1 110938911 1.7719
1 110940746 1.7719
1 110954964 0.7474
1 110966427 1.85114050883903
1 110969835 1.7874
1 110985948 0.4154
1 110991883 0
1 111005555 0.1764
1 111012675 0.139
1 111039228 0.1272
1 111039245 0.1272
1 111040463 0.1272
1 111044306 0.1488
1 111059803 0.0012
1 111073464 0.1488
1 111082591 0.962085188483581
1 111106708 2.09341887630235
1 111111295 0.131691374055262
1 111123662 0.617364241416449
1 111148891 1.44471861006093
1 111220178 0.5738
1 111221404 0.855112818199664
1 111233556 0.108488750002689
1 111236202 0.263419631854971
1 111237712 1.0858
1 111240649 1.1445
1 111243910 0.5746
1 111245692 1.0858
1 111267552 1.27944201521719
1 111269467 1.42579952996301
1 111273522 0.4362
1 111279473 0.424858033431894
1 111279510 0.4362
1 111280598 0.4362
1 111286959 0.508655517171323
1 111290648 0.759175221661667
1 111291315 0.3627
1 111292876 0.308730993452437
1 111301389 0.3627
1 111304604 0.3627
1 111304867 1.85617838682332
1 111306308 1.37029260975857
1 111312119 1.4864
1 111321708 0.953704478856354
1 111330550 0.0045511440120918
1 111357307 0.8049
1 111361199 0.0253907848099495
1 111361405 0.0449874991902928
1 111362488 0.7823
1 111377715 1.8981445627437
1 111391540 0.5067
1 111461969 2.8733
1 111481111 2.9793
1 111484332 0.371343720710624
1 111492542 0.102
1 111498946 0.5751
1 111506982 1.7537
1 111537301 1.0574
1 111545694 1.1234
1 111549909 0.2815
1 111555044 1.3113
1 111556289 0.5015
1 111575818 0.0591
1 111576443 0.0283709932821756
1 111579206 0.3899
1 111590823 1.0116
1 111597534 5e-04
1 111604947 0.0157
1 111607759 5e-04
1 111620924 0.2622
1 111622211 1.0116
1 111623599 0.0943
1 111626523 0.407956053506388
1 111633004 1.0116
1 111650239 1.086
1 111695209 0.3794
1 111721652 0.5502
1 111725662 0.854768624044993
1 111726044 0.1136
1 111728026 0.0905441169790906
1 111745296 0.2125
1 111748129 1.5266
1 111749681 0.841
1 111770478 1.5266
1 111788612 1.2651
1 111791361 1.2651
1 111799887 1.2651
1 111802281 0.0078
1 111831733 1.9333
1 111835455 0.139700880413263
1 111838635 0.2004
1 111840355 2.9933
1 111843552 0.447
1 111850790 0.0264
1 111860112 0.9383
1 111895285 0.3721
1 111912200 1.07309072971895
1 111928407 1.20687212466716
1 111937580 0.0781
1 111951127 2.7324
1 111975498 0.439945730412846
1 111995617 1.07753429915257
1 112005496 0.9884
1 112011144 0.195
1 112041232 0.6323
1 112042017 0.6323
1 112046846 0.746289633997871
1 112050595 0.6233
1 112053680 0.6233
1 112054910 0.6233
1 112059186 0.7591
1 112059923 0.7403
1 112065013 0.7403
1 112065055 0.7403
1 112068673 0.7332
1 112083861 0.7044
1 112089472 0.7044
1 112105169 0.512472434013564
1 112108407 0.301538249089791
1 112113002 0.936180261822373
1 112122450 0.534
1 112123008 0.5306
1 112131313 0.3359
1 112153052 0
1 112159138 5e-04
1 112159874 3.478
1 112160112 1.069
1 112161660 1.0775
1 112167902 0.9753
1 112174717 0.3364
1 112180989 0.2599
1 112184449 0.4617
1 112185093 0.2599
1 112203117 1.0195
1 112206512 1e-04
1 112219222 5e-04
1 112227899 1.1408
1 112232903 0
1 112243075 0.5032
1 112248486 0.1538
1 112258107 0.909759483864415
1 112259138 0.0263
1 112260381 0.2235
1 112262841 0.7794
1 112267886 5e-04
1 112277566 0.383966354314489
1 112305802 0.3907
1 112314138 0.2823
1 112315672 0.5499
1 112338832 0.4814
1 112345483 0.4648
1 112352147 0.250546065407006
1 112438355 0.680279189254439
1 112440315 0.0821
1 112442666 0.591722087547593
1 112459505 0.225130437370431
1 112464917 0.0821
1 112468186 0.0491
1 112470431 0.0491
1 112481150 0.8245
1 112483660 0.312
1 112484086 1.19683409527268
1 112484179 0.8632
1 112484282 0.8998
1 112484593 1.2215
1 112490837 1.85159425861711
1 112491665 0.1698
1 112494393 1.09005979795605
1 112500316 0.853022060942263
1 112500604 0.0685399098531344
1 112507240 0.0169172270867852
1 112510401 1.3971
1 112543099 0.4054
1 112546698 0.392780990667301
1 112564921 0.8183
1 112568819 2.15434200697788
1 112570936 2.34343756515686
1 112571489 0.8183
1 112575278 0.8183
1 112597961 0.792442090800708
1 112598304 0.4157
1 112627045 0.426427092210589
1 112627767 1.15202348136431
1 112639931 0.661573693668423
1 112692264 0.60350300182127
1 112712834 0.523687334573083
1 112725742 0.77088541581493
1 112740462 1.031
1 112745702 1.23417117959273
1 112770941 0.6452
1 112775029 0.6452
1 112777361 0.0735262576133445
1 112783502 2.1923
1 112785876 0.848060667350253
1 112794644 0.886479784727964
1 112795599 0.252926613534825
1 112801874 1.67224545014237
1 112812570 0
1 112824750 1.5131
1 112835485 1.5131
1 112840785 1.5012
1 112846026 2.4793
1 112847833 5e-04
1 112979837 1.06419476287555
1 112982017 0.8162
1 112994462 0.698639203196949
1 113001436 1.8827
1 113005869 0.7961
1 113011036 0.7961
1 113012112 1.28600075534569
1 113032492 1.09802949192952
1 113036481 0.972673445552334
1 113040465 0.622713586510761
1 113047337 2.14149362146136
1 113049735 1.12616394167492
1 113050991 0
1 113057345 1.44973776001263
1 113074754 0.115902621806432
1 113079329 0.0313
1 113080990 0.695418732700481
1 113084072 0.0313
1 113089868 2.66020369330095
1 113090090 0.0313
1 113090564 1.60835426330423
1 113133434 1.59288291111494
1 113143366 1.8732
1 113150774 0.524882807533935
1 113151733 0
1 113159694 2.34258304848402
1 113164550 1.11919826827415
1 113167787 0.500862625614381
1 113171785 0.119087736266184
1 113194057 3.1148
1 113196572 0
1 113214802 0.4556
1 113215675 0.458170813405891
1 113251743 1.05081631279085
1 113251750 0
1 113254013 0.400598978757923
1 113262025 0.278239839738404
1 113275044 1.5583
1 113286280 0.863939358688718
1 113286378 0.235160467999514
1 113296527 1.7195
1 113308517 1.7195
1 113313990 0.719712316585356
1 113314231 0.13367659608979
1 113318783 1.8332
1 113321500 3.03485096380396
1 113321809 0.349217459277012
1 113327282 1.1678
1 113335689 1.1818
1 113336598 2.0145
1 113343560 0.8299
1 113343743 1.141
1 113357280 1.1818
1 113372194 1.1818
1 113390656 5e-04
1 113416408 2e-04
1 113437745 2.4996
1 113437806 6e-04
1 113503371 8e-04
1 113504944 0.379443756861321
1 113511989 2.3534
1 113545088 0.6634
1 113582466 0.768806513975011
1 113592525 0.4417
1 113623891 3.002
1 113628215 0.1728
1 113629758 0.0018
1 113636374 0.2185
1 113639972 0.2185
1 113643516 0.2185
1 113710811 1.98434348147008
1 113728116 0.2185
1 113748337 0.1728
1 113770001 1.32293553602105
1 113775400 1.1717591532839
1 113803743 0.3092
1 113809084 0.3092
1 113834946 0.0512
1 113847126 0.2185
1 113850531 0.3092
1 113891037 0.5406
1 113891554 0.5841
1 113894438 0.6319
1 113920040 0.6135
1 113922771 0.4697
1 113925634 0.401
1 113929699 0.7619
1 113948158 0.5177
1 113985983 0.3445
1 113987138 0.2695
1 113995469 0.1971
1 114021020 0.3907
1 114025656 1.797
1 114066554 0.5796
1 114066563 0.5347
1 114066645 0.5796
1 114072288 0.5751
1 114104141 1.50515486123571
1 114104395 0.218720763168703
1 114106648 0.320124596529479
1 114118956 0.972001406772916
1 114123447 1.57073019603685
1 114139379 1.0686
1 114152522 3.1156
1 114154379 0.830538748598537
1 114159901 1.15344084072676
1 114160193 0.708936804982558
1 114166695 0.35787493656184
1 114169129 0.208544426596166
1 114192156 1.3643
1 114200064 0.0613
1 114206731 0.625243451709552
1 114224065 1.14024922491515
1 114232767 0.0554
1 114238339 0.696750128958425
1 114241711 0.6586
1 114242633 1.1217
1 114242728 0.9508
1 114243732 0.9825
1 114257092 0.0078
1 114290788 0.5576
1 114317970 1.59051703912603
1 114319275 0.777380533697926
1 114331102 0.8607
1 114337470 1.57907009919742
1 114338771 1.3036922327492
1 114339465 1.28487909710889
1 114346210 0.0939
1 114383733 1.7719
1 114395468 1.343
1 114418041 1.7644
1 114424969 1.218
1 114428625 1.7644
1 114442045 1.218
1 114470638 0.8523
1 114483078 0.9962
1 114509488 1.7644
1 114527311 0.0078
1 114531159 0.0246
1 114537896 0.0636
1 114537976 0.614300381109106
1 114564848 0.0713
1 114569664 0.0263
1 114575363 0.6022
1 114583349 0.260492400569092
1 114583493 0.030071672915587
1 114585466 0.3752
1 114626201 1.13193398261386
1 114638762 0.3719
1 114659963 0.3752
1 114677215 0.468112901590011
1 114694444 0.933398197217799
1 114707222 1.1097
1 114721368 1.1095
1 114776661 0.720091227281328
1 114817179 1.26391412167195
1 114822024 1.2215
1 114836359 0.882961515972625
1 114836896 0.954833553340871
1 114848100 0.130336787844233
1 114871260 0.978758310179121
1 114899032 1.64785519450695
1 114902352 0.547988250432091
1 114902857 0.1042
1 114939893 0.064
1 114956105 1.06142620499005
1 114971011 0.5895105104761
1 114975269 0.0244926818686923
1 114982805 1.5098
1 114987670 0.632796329167893
1 115006294 0.1042
1 115009130 0.757579055595326
1 115009984 1.7530149678791
1 115017287 1.10388665928646
1 115024023 0.390416146290134
1 115025264 0.73399079387636
1 115029744 2.02172197727
1 115030715 0.582513542092033
1 115040842 0.325988230194894
1 115050199 0.3093
1 115055352 0.0861670642820112
1 115063870 1.1095
1 115070278 0.379401559762116
1 115070452 1.06144627772083
1 115076192 0.993370900021752
1 115093370 0.4748
1 115105037 1.0534
1 115108539 0.462447493036949
1 115112245 0.7676
1 115113241 0.974512096816128
1 115130303 0.7162
1 115158704 0.933331742987313
1 115159705 1.08272278857258
1 115179282 0.62356664660755
1 115180192 0.195054156176124
1 115193277 0.28827120799962
1 115202489 0.0479416109768447
1 115211767 0.562189905880699
1 115224604 0.0112433810570988
1 115225428 0.158055326684009
1 115225809 5e-04
1 115253366 0.84728354740074
1 115256314 0.135683031233205
1 115280766 1.0972
1 115281777 1.0972
1 115282910 1.0972
1 115289515 0.0444
1 115293220 0.631468897664715
1 115294436 0.131990059853423
1 115311814 3.1331295024107
1 115316485 2.1456
1 115333997 0.4309
1 115334455 1.2529
1 115360729 5e-04
1 115386068 1.1785
1 115399585 1.1785
1 115403117 0.926372777613436
1 115414595 0.0835
1 115419918 0.58569105605344
1 115444360 0.0255
1 115459429 0.935986485959762
1 115478345 1.30170287790146
1 115483071 0.0629
1 115488881 1.09004704117192
1 115498294 1.21818353316414
1 115521782 0.0929381524150306
1 115526418 2.89503195896335
1 115540963 1.22273143090151
1 115548566 1.45358223464815
1 115557370 1.6847947399363
1 115560190 0.0709452894693443
1 115568951 0.497804585812913
1 115582269 0.559037486030828
1 115587834 0.761067846075132
1 115595768 1.48759662020066
1 115603851 0.300971508724605
1 115605341 1.64608785935849
1 115606531 0.385910264456401
1 115628084 1.50208737934888
1 115641021 1.35658856408264
1 115666669 0.9464
1 115671737 1.72161433952435
1 115680685 1.18674409746522
1 115697578 0.106422967076426
1 115710007 1.7918
1 115711811 0.155486331073711
1 115739357 0.0933
1 115741981 1.4831
1 115742323 0.0745
1 115742402 0.0745
1 115743099 0.0745
1 115744684 1.4831
1 115748508 2.7905
1 115749766 1.4831
1 115752386 0.0162
1 115761476 0.646616785747573
1 115763057 1.9051
1 115768577 0
1 115769303 2.1525
1 115776744 1.0565
1 115776766 1.0565
1 115778212 1.0565
1 115788116 0
1 115812866 0.162002994677778
1 115820853 1.8342306021662
1 115823107 0.183742545740652
1 115835778 1.1625
1 115845962 1.8532
1 115872398 0
1 115874220 5e-04
1 115887778 1.71627488183823
1 115889460 0.690820420660925
1 115890131 0.923607683440566
1 115893522 1.50554810884853
1 115896918 1.13670916723096
1 115907388 0.72423425034376
1 115914561 1.67525392111343
1 115922478 0.575963512131144
1 115937769 1.4376768436394
1 115938118 0.537382605231678
1 115944570 1.7874
1 115945353 0.0725180821549338
1 115948317 0.0162
1 115960168 0.0162
1 115984996 0.812725490000622
1 115989781 0.0502
1 115997907 0.0217
1 115997974 5e-04
1 116001505 1.54962571077849
1 116004069 1.03922394599875
1 116042099 5e-04
1 116066505 8e-04
1 116078463 0.0217
1 116088889 0.1194
1 116095364 0.1194
1 116101324 0.5831
1 116170182 0.25698249631222
1 116177582 1.7868
1 116196530 0.366627484299452
1 116200466 2
1 116214423 1.748
1 116229347 1.8633
1 116235030 1.7112
1 116245298 0.2549
1 116258798 0.93478745487779
1 116262132 0.6662
1 116264609 0.9552
1 116266468 1.748
1 116279251 1.7386
1 116284888 0.2655
1 116306284 2
1 116326815 5e-04
1 116338296 2.5464
1 116357763 0.481383968080797
1 116362998 2.1171
1 116364250 1.5804
1 116395954 1.8455
1 116433822 2.409
1 116434973 2.1405
1 116440916 2.5464
1 116482987 0.8619
1 116488789 2.3854812072671
1 116506110 0.632702347410379
1 116591515 0.415447199842847
1 116643387 1.0943
1 116656436 0.149075294604731
1 116684710 1.1353
1 116688095 0.216023756010333
1 116696408 5e-04
1 116701034 5e-04
1 116709316 0.8779
1 116732514 0.902688475702149
1 116770169 0.0078
1 116812020 0.9902
1 116818461 1.03087239589226
1 116822075 0.256551917734981
1 116822987 0.661510971001629
1 116834744 0.9518
1 116842966 0.471786684323756
1 116859466 2.29617803245673
1 116888036 0.8508
1 116890617 0.8781
1 116890744 0.8781
1 116892084 0.8781
1 116936242 0.0017
1 116964000 0.495463766715081
1 116969182 1.167
1 116984530 1.2047
1 116985023 0.973325775736226
1 116997342 0.31636139918624
1 117036721 1.8038
1 117054403 0.317897463056269
1 117057914 0.605477483034711
1 117065781 0.0659
1 117074048 1.76119708718432
1 117110660 0.6304
1 117130922 0.1812
1 117134370 0.3156
1 117136200 0.99204624409662
1 117176513 0.859507392605652
1 117179265 0.3318
1 117193673 0.9562
1 117199446 0.2061
1 117203951 0.1295
1 117205163 1.1406
1 117216150 0.3944
1 117225599 0.3018
1 117229849 0.3944
1 117236627 0.0342
1 117236680 0.0342
1 117239263 0.845810528308126
1 117239328 0.62813872890824
1 117264860 0.693451793352422
1 117267227 0.856503238259476
1 117268714 1.58126655235002
1 117278832 0.332013781256914
1 117296459 0.3683
1 117305869 5e-04
1 117312067 0.1523
1 117385602 2.9344
1 117394432 1.1139
1 117395093 0.574801748133139
1 117397950 0.367250123170711
1 117414666 0.937386569185902
1 117418658 2.2144
1 117428263 0.918
1 117429446 2.7487
1 117429689 5e-04
1 117432702 1.5954
1 117441193 0.33021327417742
1 117445858 1e-04
1 117446197 0.601590263207852
1 117456742 0.933222942627383
1 117458518 0.219288431574663
1 117470070 1.00428141760596
1 117512499 0.691368383021126
1 117518759 0.816229837986733
1 117523219 0.411402888160888
1 117527074 1.69096523147921
1 117554006 1.5822
1 117574352 1.86616723042281
1 117581160 1.76477901237803
1 117582261 0.331259495785989
1 117582674 0.501550180743994
1 117602143 0.619803071863435
1 117603166 5e-04
1 117604520 0.5566
1 117609619 0.5566
1 117612153 1.38501918194761
1 117615985 0.5566
1 117616095 1.04189050178853
1 117618472 1.04167675843438
1 117622149 0.821976269641524
1 117622473 1.09985399980847
1 117629179 0.5984
1 117630912 1.8103
1 117650643 0.2907
1 117657173 1.14331716464488
1 117665623 0.0541688660753142
1 117700242 1.2472
1 117715704 0.125501471447449
1 117726850 0.9927
1 117746865 0.593169817671291
1 117748952 1.22604528428343
1 117756292 0.8799064602012
1 117757728 0.659673701991943
1 117761171 0.9142
1 117763162 0.276759603126064
1 117772076 0.1917
1 117799630 0.32667467055024
1 117808932 0.235076692053911
1 117809281 0.404983806479559
1 117809715 0.603723039135268
1 117810616 0.0373282814947639
1 117816743 1.1775
1 117829059 0.849299362127524
1 117836512 1.1775
1 117853916 1.03285164500117
1 117892337 1.2512
1 117932109 2.1805
1 117937968 1.2304
1 117986572 0.647094775427036
1 117990622 0.768040215834012
1 117992353 0.0259638367173407
1 118007971 1.55715362020062
1 118010303 0.676330750557971
1 118011166 1.57928488760189
1 118018930 1.01533787298079
1 118021583 0.8824
1 118024694 0.554757083382281
1 118025031 0.206358424510839
1 118032566 0.218895040995794
1 118034004 1.64599711877854
1 118038756 1.0454
1 118040785 0.330719265034431
1 118044996 0.475569950158453
1 118068000 0.321782300468518
1 118068658 2.4887702737239
1 118069109 0.504417864356286
1 118079452 0.659479465482629
1 118081500 0.247034689879295
1 118082289 1.83553483614437
1 118083550 0.9761
1 118109509 0.191520371550294
1 118116339 0.386675262519731
1 118136168 1.14727554451974
1 118150393 0.7874
1 118157235 0.0184968975916988
1 118192412 0.582640388111805
1 118194258 1.56597990154208
1 118196979 0.629576414067128
1 118198572 1.2221316532584
1 118201600 0.58703451946641
1 118208343 0.831366317922865
1 118214137 1.53331464776788
1 118240036 1.18370878673557
1 118259200 0.830082992793549
1 118269198 0.8482
1 118274775 0.8482
1 118276266 0.8482
1 118288324 0.0248739127872736
1 118293081 1.22855455648024
1 118293444 0.5287
1 118317511 0.3098
1 118319054 2e-04
1 118320046 1.022
1 118327750 1.022
1 118358146 0.3098
1 118373876 1.5728
1 118387444 2
1 118400566 1.5397
1 118406257 0.34123704788992
1 118408044 0.0418930876520769
1 118408323 1.11395214884842
1 118428874 1.5308
1 118435200 0.607279254921049
1 118441040 1.13248246202773
1 118461747 1.2337
1 118463527 1.37426534746274
1 118466256 1.72099896976654
1 118487335 1.06171107291651
1 118502644 1.41951523650827
1 118511774 0.554160481530987
1 118517381 0.952960082616556
1 118517672 0.661216209195247
1 118525026 0.418355835643349
1 118528519 0.24966460927241
1 118528950 1.48366459473974
1 118534556 3.16190228172346
1 118542459 0.00209635066411015
1 118543176 0.180060499585127
1 118545054 1.45351753619868
1 118547193 0.769440155802397
1 118550016 0.287553834090221
1 118558358 0.514737427667738
1 118561834 0.21297020933716
1 118570558 0.517095557688197
1 118573489 0.498881206503428
1 118587267 0.150901000201504
1 118593058 0.890207943778653
1 118599173 0.85825926505503
1 118606805 0.56683168333376
1 118611281 0.351403016421916
1 118612866 1.05857256418553
1 118625690 0.2284
1 118636978 0.0078
1 118637665 0.2284
1 118639532 1.13105322722737
1 118653737 0.2828
1 118659646 0.2284
1 118660994 0.156192133200077
1 118671683 2.0541
1 118695115 0.23704618291328
1 118710803 0.439661867822488
1 118712795 0.641600924551416
1 118739546 1.27305156502175
1 118748759 2.11464920515033
1 118751826 0.383432767940098
1 118757850 0.0993699913119958
1 118760136 0.922678413298998
1 118760460 0.252050170650292
1 118768722 0.377481003171032
1 118779474 0.0529
1 118784439 2.27143352689637
1 118785516 1.10529457359461
1 118825352 1.73425569737058
1 118842328 0.422442261854559
1 118852032 5e-04
1 118852049 0.436511798729804
1 118861695 0.467332548844941
1 118892273 0.0617
1 118915878 1.3994996086073
1 118930412 0.733669053191298
1 118941193 1.12349630202513
1 118956423 2.50307097545316
1 118957860 0.991813740817666
1 118958150 1.16882189075595
1 118961972 2.0682
1 118965505 0.594114807550334
1 118967864 0.881409126146705
1 118983165 1.713
1 119003530 1.3398
1 119006902 1.41255064809493
1 119013136 0.2157
1 119019837 0.78040374019623
1 119020549 0.410905225157111
1 119022183 2.13995933169741
1 119022927 1.57228662064893
1 119023483 1.09016138142714
1 119060917 2.0449
1 119061850 0.4819
1 119064337 0.4819
1 119071318 1.420837186096
1 119076825 0.658210716383959
1 119093470 0.2111
1 119099399 1.2987
1 119106033 0.43789051691295
1 119113274 0.26712193981405
1 119117882 0.927056127017166
1 119118294 1.9044
1 119120176 0.601322215752241
1 119135345 1.02466203849213
1 119163970 2.5345
1 119166142 0.1355
1 119168768 0.620492292599006
1 119181426 0.0232448559199116
1 119182778 0.1355
1 119189724 0.1355
1 119189879 2.18821067719383
1 119191928 0.842
1 119200391 1.20867377033076
1 119223586 0.1577
1 119228079 0.0835
1 119233151 0.1577
1 119252510 0.1401
1 119256319 0.0015
1 119259382 1.9044
1 119282854 0
1 119290584 0.272598877572544
1 119306902 6e-04
1 119352598 0.601050923714274
1 119356412 0.464978223721023
1 119360492 0.216000793523302
1 119371507 0.0696982947712769
1 119407540 0.41905474582956
1 119413850 0.647259832229258
1 119417674 0.966671085784596
1 119428065 0.638856816766376
1 119444276 1.3291
1 119448432 1.12059506221337
1 119451880 0.553761204620971
1 119462383 0.698490877137742
1 119477735 0.2842
1 119479127 0.2755
1 119480464 1.20755939898021
1 119481078 0.2931
1 119487754 0.2842
1 119499391 0.3907
1 119510785 2.4103
1 119523388 0.859744023465158
1 119533462 0.30178888221622
1 119539250 1.25793521473629
1 119551739 1.28258142045891
1 119568634 0.204965957072472
1 119569892 0.702698931747628
1 119573519 2.4278278108987
1 119586702 0.30539991248751
1 119601130 0.135011255266163
1 119612039 0.1956
1 119619819 0.2763
1 119622502 0.2072
1 119625160 0.2589
1 119666941 2.14608341183326
1 119678299 1.6374
1 119684059 1.31332492092695
1 119686794 1.3653
1 119692574 1.3653
1 119699914 0.716481439782894
1 119704315 1.3653
1 119704859 0.655534893524181
1 119719529 1.9935
1 119724808 0.266809114651569
1 119728454 0.823037682670866
1 119740626 0.6254
1 119778478 0.014633367853115
1 119781696 1.2124
1 119791105 0.270385337105183
1 119791544 1.2124
1 119796871 0.776147014197164
1 119802277 0.7119
1 119817850 0.1124
1 119829280 0.1124
1 119836055 0.1124
1 119837114 0.1124
1 119841582 0.1124
1 119844497 1.52472893514947
1 119861991 0.846403820777126
1 119883224 2.16541885704189
1 119886012 0.4874
1 119892170 1.2694
1 119973353 5e-04
1 120152482 0.8513
1 120342045 5e-04
1 120342178 5e-04
1 120390427 1.9288
1 120394961 1.8034
1 120397593 1.9288
1 120428738 0.544905139829207
1 120433241 1.9288
1 120433948 0.5058
1 120850954 2
1 120893314 2
1 120896257 2
1 120910492 2
1 120941751 1.9288
1 120944682 0.5513
1 120948545 2
1 120950040 1.9288
1 120954134 4.3143
1 120957582 4.3143
1 120998140 0.5513
1 121047256 1.9288
1 121103340 5e-04
1 121328949 1.4998
1 121422512 2.7076
1 121429190 0.869621506113305
1 121434200 0.973138670345349
1 121440138 0.455600750718202
1 121445905 1.4998
1 121471785 2.31053592143687
1 121477564 1.54258638917186
1 121488992 0.451683248438976
1 121530746 0.773208149135841
1 121742225 0.0078
1 121742784 5e-04
1 121791422 0.822244352646728
1 122123192 5e-04
1 122390755 0.8991
1 122429875 6e-04
1 122491093 5e-04
1 122614572 1.4998
1 122689047 0.0078
1 122759811 3e-04
1 122851872 6e-04
1 122861641 1e-04
1 122878225 5e-04
1 122911726 0
1 122947817 0.406081555545242
1 123010423 5e-04
1 123095370 3.0769
1 123095373 3.0774
1 123095482 0.713153249767642
1 123095529 0.2964
1 123130055 0.0066
1 123179313 3.8939
1 123260071 4e-04
1 123266906 6e-04
1 123313455 1e-04
1 123338822 1.6687
1 123394622 1e-04
1 123695444 0.0108
1 123779075 0.0078
1 123811907 2
1 123913009 7e-04
1 123964714 2.96681772939519
1 124048268 2e-04
1 124244946 0.0269
1 124245336 0.682933714953729
1 124382021 3e-04
1 124382337 0.4266
1 124471808 1e-04
1 124590921 2
1 124725406 1e-04
1 124733802 1e-04
1 124780258 5e-04
1 124939906 4.1984
1 124943484 0.9025
1 124955546 0.8991
1 124963968 0.8991
1 124971944 5e-04
1 124989699 0.6489
1 125005528 0.8991
1 125017332 0.8991
1 125046126 1.5507
1 125047422 1.0228
1 125052083 0.8991
1 125053623 0.0996480912892714
1 125057019 0.371226356119342
1 125065988 0.431194858956201
1 125074611 1.4995
1 125086432 5e-04
1 125086548 8e-04
1 125086554 0.147084303852824
1 125094937 0.253675532067128
1 125097051 0.774102223658835
1 125111095 0.897539158377309
1 125133573 0.0073
1 125150342 0.479112054783664
1 125173605 5e-04
1 125174577 0.3015
1 125174943 0.44893072898991
1 143198080 5e-04
1 143205231 0.0076
1 143208409 0.0990227056666069
1 143233936 2.03967412846481
1 143243027 0.3274
1 143245146 1e-04
1 143258768 8e-04
1 143269488 0.0263
1 143287326 3.75220674387876
1 143498207 0.0263
1 143545650 0.0076
1 143587396 0.3018
1 143629491 0.367330341864198
1 143670644 0.248
1 143691918 0.0871665141297867
1 143762800 0.258923168796215
1 143842798 0.6021
1 143844717 0.6021
1 143851149 1.4905062532564
1 143856416 0.6021
1 143857034 0.0076
1 144077852 0
1 144105083 7e-04
1 144106542 0.0110841702779853
1 144412451 5e-04
1 144412667 0.288426803773664
1 144442511 5e-04
1 144451865 5e-04
1 144466431 0.5006
1 144524129 5e-04
1 144527118 0.432704869940371
1 144549717 0.6021
1 144551071 5e-04
1 144551228 5e-04
1 144560631 5e-04
1 144560975 5e-04
1 144562873 5e-04
1 144994575 0.828834618483435
1 145434353 0.0573845504984239
1 145493991 0.0254
1 145525921 0.0303358323559916
1 145576032 0.894162167820398
1 145611686 5e-04
1 145751751 0.5464
1 145788436 2.827
1 145844583 0.539536978542845
1 145864916 0.6512
1 145865691 0.36866055384552
1 145865769 0.101328536823866
1 145871120 0.636076960808584
1 145959360 3.4287
1 145962629 3e-04
1 146007023 2e-04
1 146023290 2.33256923732504
1 146027599 1.52690931719733
1 146049473 3.4277
1 146049817 0.72760042705262
1 146052351 0.3274
1 146336249 4e-04
1 146366060 4e-04
1 146387643 0.3907
1 146612759 0.206649878650482
1 146677188 5e-04
1 146683552 0.609
1 146784200 1.0228
1 146787069 0.63240785667033
1 146789979 0.327
1 146898210 0.323141420125804
1 146898236 1.13972804096153
1 146909467 0.38636013517091
1 146939511 1.1667991178258
1 146962622 1.06851034510351
1 146963737 0.3833
1 146971748 2.3399
1 146978221 0.103662863089847
1 147004772 0.2965
1 147009403 0.444156378797962
1 147027225 1.9275
1 147032530 0.734
1 147038273 0.504803893010492
1 147038797 0.7523
1 147047033 0.252182205755519
1 147061741 1.17004422867717
1 147062805 1.59341418154044
1 147064057 0.2176
1 147066775 0.159890282522222
1 147073173 0.6897
1 147078222 0.7075
1 147082598 1.27668694798971
1 147082983 0.6564
1 147091268 1.30426842382115
1 147092028 0.9706
1 147106725 0.7293
1 147107410 0.792903149521012
1 147107953 0.7293
1 147117711 0.7293
1 147120092 0.7293
1 147137448 0.5261
1 147143441 0.2173
1 147152021 1.118
1 147163731 0.4205
1 147176645 0.5029
1 147218361 0.0255
1 147219994 0.0255
1 147222829 0.3053
1 147226096 0.131527129544767
1 147232424 0.51743573326631
1 147233134 1.92997605717122
1 147236081 0.405830977400047
1 147247319 1.2414
1 147248504 1.2414
1 147255938 1.8825
1 147256494 0.4986
1 147261908 2.8355
1 147284723 0.9057
1 147290186 0.0015
1 147290820 0.4986
1 147294261 0.953353321413187
1 147299001 5e-04
1 147299833 2.2189
1 147302506 0.027
1 147310574 1.55592242053238
1 147311377 0.5502
1 147312688 0.887674185289548
1 147319302 0.5502
1 147319571 0.5502
1 147321416 0.5502
1 147328044 1.26051072181015
1 147328376 0.0255
1 147332489 0.13120878807516
1 147342508 0.9057
1 147348458 0.6018
1 147349339 1.33719630542484
1 147352250 0.9057
1 147367790 3.26037790387243
1 147372567 2.9344
1 147373685 0.5435
1 147374168 0.9057
1 147380813 0.4355
1 147384534 0.182952272485854
1 147407597 1.57346627172879
1 147408070 0.5435
1 147423707 0.299402329095421
1 147424024 1.3218
1 147424884 0.111076284306834
1 147425402 0.123454723876078
1 147440590 1.14132417014738
1 147443666 1.1146103108942
1 147455593 2.0712643533887
1 147457478 1.52297002489814
1 147457673 0.841423600968939
1 147461767 0.095590978585403
1 147474592 0.519530424126293
1 147483894 0.129542639854366
1 147501986 1.88309085150117
1 147510944 1.39069075816935
1 147547002 0.0015
1 147569493 5e-04
1 147608383 0.0691612346084566
1 147623250 2.4345
1 147625465 0.388209685014877
1 147640031 0.910705151419582
1 147642485 0.0698
1 147646379 2.5276
1 147653385 1.93349071400987
1 147657484 2.4586
1 147657885 0.412680098524735
1 147659595 1.4442
1 147659830 0.2656
1 147665106 1.4442
1 147676464 0.150097901417772
1 147684307 0.738356789720015
1 147693889 0.6827
1 147714482 0.5496
1 147720293 0.774224648913559
1 147724959 1.7994
1 147747913 1.052
1 147753531 1.71574982019269
1 147762510 0.9594
1 147775211 5e-04
1 147775947 1.0125
1 147776474 0.846424937204133
1 147782116 1.6317
1 147811047 1.1317
1 147817941 1.1695
1 147821204 1.6317
1 147830297 1.6317
1 147833767 2.2586
1 147835169 1.6317
1 147842806 1.5085
1 147845539 1.6029
1 147850468 0.259213842155511
1 147863700 0.553780292904787
1 147872809 0.13544312656167
1 147875497 1.89423645544615
1 147881905 0.890534935730586
1 147885803 1.6947
1 147893617 1.978
1 147903581 0.424894266093003
1 147904078 1.9664
1 147920581 0.0078
1 147922563 0.892988253607783
1 147950581 0.512966751356986
1 148012320 0.400878913547296
1 148018405 0.0078
1 148032770 0.0078
1 148067150 1e-04
1 148121749 0.948
1 148125762 0.948
1 148129155 0.0018
1 148129481 0.948
1 148199634 0.40800914908958
1 148245027 0.8578
1 148263175 0.60196055954803
1 148265943 0.8578
1 148273820 0.8578
1 148294460 0.0688
1 148303381 0.9035
1 148306539 0.8578
1 148327188 0.8579
1 148332765 0.8579
1 148334986 1.72408215264278
1 148359900 0.8574
1 148383257 1.0259
1 148426186 0.3907
1 148428588 3.3006
1 148434821 3.3006
1 148560517 5e-04
1 148820833 0.0897
1 148926786 0.598867085563853
1 148930389 0.0078
1 148987094 0.397321350308668
1 148989719 3.49142110935912
1 149019610 0.361475609759563
1 149080805 1.10776055257958
1 149195165 0.7287
1 149363980 0.5831
1 149449773 0.3907
1 149644807 8e-04
1 149677385 8e-04
1 149712638 0.0263
1 149740270 0.0263
1 149745486 1.0173
1 149747103 1.1655
1 149749516 0.9546
1 149749517 0.9546
1 149749663 0.9546
1 149807513 1e-04
1 149843088 0.4908
1 150003269 5e-04
1 150005662 5e-04
1 150041477 0.9947
1 150051211 1.05101383666895
1 150061055 5e-04
1 150075138 5e-04
1 150101268 1.39059913915677
1 150113207 0.3907
1 150152425 0.9947
1 150152683 5e-04
1 150154038 0.0169120795936824
1 150158531 5e-04
1 150162537 0.573544339782476
1 150166511 0.9947
1 150181553 5e-04
1 150186473 0.9638
1 150187231 0.0273
1 150187364 0.0265
1 150204240 5e-04
1 150228155 0.587741585383698
1 150243325 5e-04
1 150252115 1.0509
1 150255695 5e-04
1 150293284 1.4605
1 150301153 1.5414
1 150304222 1.5414
1 150308677 5e-04
1 150315077 1.0789
1 150326292 1.158
1 150326686 1.158
1 150330968 1.6393
1 150339376 0.0076
1 150343909 1.3847
1 150349010 1.6196
1 150373688 1.158
1 150387622 1.4573
1 150388497 0.5632
1 150389538 1.0789
1 150395604 0.8534
1 150399633 1.6196
1 150405484 1.6196
1 150410545 0.8534
1 150411299 0.8804
1 150414524 1.6196
1 150443155 0.8534
1 150446025 0.8534
1 150453168 1.3847
1 150454919 1.158
1 150457157 0.8534
1 150465337 0.8534
1 150465758 0.8534
1 150467965 0.8534
1 150480542 1.0789
1 150503547 0.8474
1 150522902 1.6428
1 150522904 0.0077
1 150526080 1.0789
1 150534757 1.4178
1 150541673 1.0789
1 150569336 0.260750631213782
1 150616898 0.0206762086204084
1 150625414 0.235467854391315
1 150639481 0.722977299128974
1 150642618 2.27954264082069
1 150665477 0.0561
1 150670940 0
1 150671863 0.341053388726312
1 150681174 1.36247562820474
1 150683831 1.63177524094807
1 150691031 0.165011928878255
1 150694514 0.504499586288637
1 150717508 1.56968491035814
1 150722301 0.763269949075388
1 150723453 0.92897518304418
1 150735120 0.423162230795536
1 150756200 0.7677
1 150775898 0.8021
1 150801625 0.7677
1 150830340 2.3695
1 150849215 0.8021
1 150858616 0.7812
1 150859632 1.0468
1 150885365 5e-04
1 150910164 0.283401510809244
1 150925211 0.8021
1 150939018 1.3157
1 150967881 0.8021
1 150996382 0.0456
1 151000062 0
1 151001605 1.5033
1 151015410 1.4707
1 151029107 0.1491
1 151043392 1.495
1 151074166 0.2126
1 151077442 0.1335
1 151083582 1.5184
1 151121469 0.1335
1 151135661 0.1335
1 151151695 1.4324
1 151210477 0.758817443272661
1 151216935 1.55915456010801
1 151216938 0.124345991281392
1 151216943 1.36935328270853
1 151219650 0.0765
1 151235316 0.112802879589251
1 151236369 1.2894
1 151238313 0.0768170478903218
1 151275699 6e-04
1 151291306 0.199895041644157
1 151332276 1.19476025459105
1 151350739 0.199675453394019
1 151351582 0.39242977789456
1 151367350 0.51
1 151375270 0.13331813620715
1 151375344 1.3308
1 151390107 0
1 151393251 0
1 151417065 0.496032034334649
1 151418401 0.0953
1 151420121 0.265375487258628
1 151462324 0.538444011842054
1 151464532 0.0953
1 151471857 0.089
1 151487703 0.52530152974639
1 151488653 1.10461591150237
1 151501877 0.368079597011116
1 151509983 2.08756736587545
1 151511378 0
1 151552658 1.63335760430186
1 151565890 0.0540788576668431
1 151567421 0.775585756551213
1 151569623 0.457655451990014
1 151578602 0.854768052883032
1 151589778 0.873058039813923
1 151603813 1.2979
1 151623153 0.489288200365752
1 151629899 0.6221
1 151630110 0.277687198465091
1 151637161 2.9176
1 151652927 1.96314618678913
1 151655128 0.7059
1 151662327 0.7059
1 151678704 0.7059
1 151733977 0.6986
1 151748794 1.1525
1 151769194 0
1 151772382 0.7453
1 151780632 1.1099
1 151799191 0.737
1 151809931 0.731968058496464
1 151827314 0.422356476258562
1 151833835 0.0217
1 151837828 1.98919883813013
1 151839431 1.52211683440492
1 151893383 0.0444
1 151897908 0.0502
1 151916971 0.8245
1 151924901 0.609989300634452
1 151934597 0.127743302424534
1 151938018 0.0386
1 151939304 0.653129476987775
1 151949214 0.338750025129656
1 151962065 1.10464948888474
1 151962730 2.637
1 151964009 0.753557940025284
1 151969684 0.0444
1 151989960 1.5409
1 152023079 0.178313456660599
1 152024132 1.62092863820853
1 152107347 1.1905836953167
1 152114078 0.3907
1 152125297 1.4472
1 152145297 0.0158061988439123
1 152189259 0.973544209330143
1 152196447 0.951275304661687
1 152199007 0.849293770832
1 152205542 1.75157420860492
1 152206092 0.971221960594439
1 152213274 0.216001712962314
1 152213340 0.1353
1 152219403 1.15347442898619
1 152224680 0
1 152230311 0.875822292677164
1 152245781 0.741590283906542
1 152248750 0.0706768867275412
1 152254845 1.41562884634239
1 152261237 0.129122326974461
1 152268050 0
1 152272900 0.0608022063012855
1 152280691 0.3922119004328
1 152288514 1.46724880983291
1 152293551 0.101752009887309
1 152295850 0.142281196298293
1 152303673 0.0496129966493511
1 152322347 0.109137573639236
1 152322856 0.3907
1 152330151 0.145880609859226
1 152337207 0.0652609091816446
1 152361121 0.770961783244277
1 152363367 0.815313783594769
1 152371910 0.169867851090852
1 152373915 0.466000089579439
1 152376602 1.60309225532313
1 152393179 0.206531979488225
1 152397437 0.845814236865925
1 152421360 0.1376
1 152429219 0.3123
1 152439720 0.1376
1 152440211 0.2584
1 152442832 0.2584
1 152465289 2.3805
1 152472235 1.6137
1 152475515 0.2584
1 152476491 0.5003
1 152488196 0.3191
1 152502757 0.2886
1 152510325 0.08
1 152525209 0.0662
1 152540286 0.0751
1 152549022 0.0751
1 152554336 2
1 152581292 0.694463826943464
1 152617648 0.962297110070888
1 152618724 0.148083814878902
1 152619171 0.276009030222719
1 152620961 1.94074916283848
1 152628471 0.800991529283841
1 152633131 0.0809234960355659
1 152646198 1.27538713788921
1 152652164 1.4896
1 152678368 0.586925884840603
1 152689486 0.907042413539326
1 152696983 0.197274975434397
1 152704123 0.646426781543996
1 152705251 0.211658109436558
1 152709874 1.79720514334501
1 152723145 0.77463360827695
1 152735303 0.554546825327857
1 152754541 1.17430681715395
1 152755068 1.51491530907245
1 152755233 1.0107212370249
1 152777399 1.3967
1 152779590 0.24748423543622
1 152791679 0.5055
1 152798352 0.0459916047988252
1 152800862 1.3967
1 152806341 1.2479
1 152807536 1.50281915506679
1 152898559 2.7487
1 152904407 0.232496952466576
1 152911235 0.0506234598025692
1 152940880 0.0974570632613479
1 152960547 0.45448976222387
1 152963688 0.325743120250496
1 152974687 0.385777918601677
1 152980183 2.978
1 152983122 0.00667792797070835
1 152983939 1.6373
1 152985791 1.6373
1 152988866 0.135432948633071
1 152994533 1.6373
1 152998243 1.6191
1 153001643 1.6191
1 153006166 1.6191
1 153007091 4.3289
1 153009072 1.6191
1 153010401 1.6191
1 153011104 1.6191
1 153012884 1.6284
1 153013235 1.6284
1 153016151 1.6284
1 153031327 4.329
1 153035995 1.6284
1 153038034 1.6284
1 153049135 1.6284
1 153052465 1.6284
1 153066691 0.125526296704622
1 153071399 1.37119103922823
1 153089868 0.0951280812924425
1 153091812 1.01782008087464
1 153136901 1.35497312461441
1 153163197 0.547996464514102
1 153163235 0.579042315065815
1 153164074 0.0130329799249924
1 153164209 0.380270847369935
1 153164820 1.00771252806141
1 153166693 1.698
1 153197215 1.3293
1 153203890 0.599005680055725
1 153207621 1.30427580267262
1 153208025 0.207177212081108
1 153228363 0.8779
1 153234488 2.07518063814295
1 153236230 1.2172
1 153244361 1.04574912846802
1 153253410 1.44949568725979
1 153256766 6e-04
1 153257197 0.588
1 153258005 0.128794088292268
1 153282040 0.259647277021458
1 153296388 1.10976280540128
1 153299209 1.1501067399188
1 153309001 3.3821
1 153309084 0.354783178114292
1 153309596 0.0855
1 153318004 0.8644
1 153323551 0.8814
1 153324747 0.0788
1 153335686 1.28048947001817
1 153342991 0.3458
1 153347285 0.0726
1 153351137 1.3939
1 153354303 0.911739708821428
1 153362908 0.551768714702927
1 153440158 2.2178
1 153452596 2.28720230435565
1 153460592 1.3352
1 153480355 0.345071159868584
1 153481552 0.0765117874663328
1 153488899 0.427025286044775
1 153495630 0.475364472535927
1 153498821 1.34724544016098
1 153499809 0.973601438570346
1 153511558 0.0561
1 153524343 0.0561
1 153575148 0.4132
1 153581524 1.9814
1 153591266 1.594
1 153624127 1.69862994550868
1 153630077 1.3958
1 153633911 0.7556
1 153637541 1.0088
1 153663992 2
1 153663995 2
1 153670433 0.578574341506114
1 153672590 1.11474138256471
1 153674738 0.77654476834164
1 153685400 3.1148
1 153739486 0.0282
1 153746270 1.0912
1 153755982 1.13778846676242
1 153783082 1.7201628044154
1 153796924 1.9073
1 153797885 1.9256
1 153801800 1.25381216350737
1 153813706 1.9073
1 153826955 1.01503637502934
1 153830474 2
1 153840689 1.8898
1 153848738 1.8781
1 153870560 1.1905
1 153904009 1.8781
1 153932098 1.1905
1 153959736 1.1739
1 153993605 1.207
1 153998541 0.0078
1 154017260 1.207
1 154017297 4.6299
1 154071977 0.9804
1 154082889 1.7622
1 154085326 1.6967
1 154106014 1.5555
1 154106815 1.1741
1 154119580 1.2773
1 154123621 1.2716
1 154125711 5e-04
1 154142689 1.3411
1 154149034 1.3374
1 154151047 1.2716
1 154173056 1.2742
1 154180630 0.7752
1 154202093 0.7635
1 154223145 0.717245919392461
1 154245287 1.288
1 154249878 1.2776
1 154265907 0.6945
1 154280384 0.8291
1 154286234 0.204185128697958
1 154317490 1.1782
1 154325898 0.3631
1 154333854 1.34937862366314
1 154337747 1.26804679842737
1 154352422 1.24586587383124
1 154360394 0.0339900241125741
1 154371659 0.222720902800647
1 154372868 0.828169453238206
1 154376403 1.2146
1 154377129 1.0992
1 154377608 1.69497671669278
1 154378847 1.0992
1 154380786 0.901710733509018
1 154381047 0
1 154381088 4e-04
1 154389975 0.3015
1 154398462 0.247407700646843
1 154447454 0.47530721549275
1 154447926 1.33344063030413
1 154451288 0.410852864939452
1 154462460 0.5032
1 154495734 0.581772801642406
1 154498199 0.0088
1 154501655 0.348694127310558
1 154505109 0.027058129210792
1 154509786 0.0078
1 154513894 1.37488066677884
1 154524670 1.05353117312259
1 154524853 0.171221314235863
1 154526892 0.276899351042877
1 154529280 1.47908020703408
1 154532378 1.0105
1 154532451 1.0105
1 154532478 0.430925991286181
1 154536864 1.0105
1 154546020 1.0105
1 154558912 2.7095
1 154576404 0.527568763887201
1 154591665 0.740788080882192
1 154593749 1.7012
1 154597419 1.6947
1 154629793 0
1 154659410 0.7807
1 154680096 0.6289
1 154683482 2.4949
1 154684499 0.4411
1 154691699 0.7726
1 154720407 0.2816
1 154752212 0.401175715097864
1 154766628 0.69349834109046
1 154783160 0.1269
1 154785743 1.7129
1 154788789 0.3339
1 154790178 0.7301
1 154817399 1.2209
1 154842844 0.9062
1 154845211 0.7001
1 154846033 0.0282
1 154850075 0.89706179670392
1 154876784 1.0262
1 154906023 0
1 154917009 0.63870970621585
1 154936792 0.384581542500222
1 154939824 1.56269784236514
1 155014317 1.61343149967838
1 155031883 3.0702
1 155070849 0.4311
1 155110813 0.5471
1 155114607 0.432376692390943
1 155142417 0.9808
1 155153542 0.9982
1 155159197 0.9982
1 155160980 1.0705
1 155165746 0.8493
1 155165974 0.8493
1 155167551 0.513033885994397
1 155171824 0.137895947868808
1 155179017 0.458698692866403
1 155199139 1.95815758150798
1 155223741 1.0542
1 155227477 1.0542
1 155237758 0.182488465742739
1 155249416 0.174878171061841
1 155252696 5e-04
1 155253216 0.355565103393974
1 155255429 5e-04
1 155291986 1.07466603151544
1 155305169 0.0396077902038458
1 155331851 2.0482
1 155420695 1.5213
1 155497486 0.0276
1 155531223 0.204718216353488
1 155551443 1.62704467355827
1 155577084 1.5274
1 155640015 0
1 155658837 0
1 155727334 0.4126
1 155753506 0.611373065590102
1 155781449 5e-04
1 155784657 1.58513105591232
1 155791925 0
1 155823898 0.0332
1 155890837 0.945788082322657
1 155892189 0.421011783453752
1 155898516 1.66635296247139
1 155900625 0.185883730676738
1 155904169 0.757956583834026
1 155906779 0.021573344495307
1 155908315 1.17415758037741
1 155910368 0.416177195517599
1 155927875 5e-04
1 155999505 1.9033
1 156000217 1.9033
1 156008934 1.30454449138819
1 156016084 1.8181
1 156018694 0.0339576581055153
1 156032293 0.525339826780505
1 156053011 0.3563
1 156058743 0.3676
1 156061029 1.34566774472881
1 156071758 2.2356
1 156078768 2.075
1 156082865 0.645148130331423
1 156115584 0.0505
1 156183673 0.348567524869196
1 156189273 0.4359
1 156189426 0.517458084927069
1 156195499 0.0253630021145167
1 156216856 2.5978
1 156225414 0.902793018791901
1 156234518 0.245342083074024
1 156264648 0.973516991894425
1 156303555 0.9031
1 156316632 1.38765281500226
1 156318267 1.98705613794737
1 156321809 0.55957910743892
1 156324358 0.111901535821864
1 156328872 1.76864003196589
1 156333283 1.00736659528296
1 156354285 0.43971586685335
1 156367452 0.3907
1 156371272 0.0561
1 156373729 0.844914557437731
1 156384556 0.931645365216904
1 156392619 0.77126752192208
1 156397646 0.489
1 156420825 1.53766775325107
1 156425652 1.8486
1 156431070 1.4851
1 156435245 1.3835
1 156439263 1.3835
1 156449825 0.0173
1 156476450 1.53098239651508
1 156483078 0.681589348574061
1 156494753 0.8906
1 156510496 0.192166890783811
1 156530812 1.6756
1 156569227 5e-04
1 156574404 1.5932
1 156575789 1.6341
1 156576519 1.6341
1 156576520 1.6341
1 156591622 0.3227
1 156605714 1.6114
1 156606021 0.261541103055338
1 156617240 1.4255
1 156618696 1.4255
1 156636431 5e-04
1 156648176 1.9226526832054
1 156680386 0.8505
1 156692407 0.65
1 156693719 0.414190881759399
1 156727264 1.5507
1 156750758 0.736262888153904
1 156750883 1.8482
1 156761836 0.2638121047659
1 156778393 1.4972
1 156779130 0
1 156810525 0.378493386784432
1 156821114 1.08093668005433
1 156827261 5e-04
1 156836245 0.904178875955137
1 156836537 1.30898128363316
1 156866284 0.0381910712591568
1 156880312 0.0443
1 156882522 0.127
1 156892066 0
1 156905300 0.1179
1 156908092 1.1209
1 156922602 0.9833
1 156926577 0.781
1 156928426 5e-04
1 156929890 0.9833
1 156932096 0.9198
1 156960073 0.9198
1 156982262 0.8906
1 156997038 2.13
1 157000335 1.1449
1 157002626 2.1063
1 157006601 0.1533
1 157018506 1.1449
1 157024101 0.0053
1 157036078 5e-04
1 157046619 0.343818450715141
1 157046928 0.1408
1 157053888 0.354593924400227
1 157054714 0.772912348844234
1 157057109 2.0406
1 157058596 0.0329661650403097
1 157060835 0.334521228646938
1 157063872 2.02361389733653
1 157067164 1.42625684305511
1 157068216 0.644798915813392
1 157071315 0.698095406281999
1 157071510 0.172024907461704
1 157078428 0.756878867801458
1 157081312 2.0406
1 157082228 0.791718935908961
1 157087942 0
1 157096881 0.8565
1 157103447 1.1983
1 157120968 1.198
1 157156661 1.1009
1 157158173 1.1728
1 157167321 2.0153
1 157170858 0.840743508305425
1 157184534 0.0132
1 157224269 0.794485711040411
1 157226063 1.16940133491156
1 157226819 1.00194887553344
1 157227112 0.692327151317733
1 157227120 0.158022524614239
1 157227690 0.0236907052276179
1 157227907 1.84055582564968
1 157235409 5e-04
1 157236762 0.174190661764819
1 157253508 1.20459961096768
1 157253785 0.0572569520120986
1 157255647 1.29086532191161
1 157286949 1.4736
1 157290387 1.3926
1 157300321 0.246550232039704
1 157318041 0.9166
1 157330734 0.9166
1 157342876 0.2835
1 157345878 0.2835
1 157348626 0.2835
1 157354340 1.3648
1 157361749 0.0169307659038814
1 157372930 0.389810359756895
1 157376447 0.4069
1 157386061 3.3003
1 157392969 0.898524462391926
1 157408388 0.2109
1 157408741 0.7308
1 157416322 0.2509
1 157420322 1.97039969491215
1 157423233 0.6913
1 157428126 2.075
1 157449929 1.51040323592126
1 157465616 0.000567275134328432
1 157479530 2.48995117894676
1 157492018 0.2118
1 157503089 1.02795841090848
1 157525383 2.28819723173812
1 157529598 1.04296583991414
1 157559519 0.9901
1 157563882 0.4682
1 157565063 0.4682
1 157567293 0.9901
1 157579589 0.4792
1 157601708 0.3051
1 157607296 0.1307
1 157630915 0.0443833851571921
1 157636070 0.326035296929828
1 157639193 1.1627
1 157666867 0.6006
1 157671231 0.4887
1 157696546 0.9901
1 157701498 1.2531
1 157710324 0.9802
1 157715716 1.0779
1 157731459 0.0765
1 157738294 5e-04
1 157763589 0.6894
1 157798210 0.6894
1 157809392 0.0854
1 157818658 0.4108
1 157832924 0.59488361296133
1 157858533 1.8199
1 157862028 1.8284
1 157862483 0.1178
1 157863898 0.1178
1 157870180 0.1178
1 157872842 0.1178
1 157877466 0.1178
1 157879156 0.1178
1 157883173 0.1178
1 157887772 0.0435080156252791
1 157889690 0.618407096613523
1 157897309 0.97597717593298
1 157909551 0.6097
1 157911968 2.40756555701225
1 157915186 0.3025
1 157917846 0.0078
1 157918307 2.4732
1 157921807 0.6418
1 157938055 0.3618
1 157939735 0.2676
1 158029447 0.0502
1 158032098 0.0502
1 158043087 5e-04
1 158073749 0.9045
1 158104531 0.998021468529991
1 158108118 0.649486305150047
1 158116786 1.64651663290925
1 158117960 1.76622092351654
1 158118051 1.18818737806446
1 158127254 1.51325247849715
1 158129592 1.05608153258563
1 158131834 0.772784380235458
1 158132230 0.181819620967824
1 158168081 0.699288894222497
1 158170415 1.47807653847006
1 158177909 0.803819682391088
1 158183736 0.830303663403933
1 158193749 1.487
1 158195871 0.0162
1 158198875 0.5264
1 158200756 0.5264
1 158207515 0.5263
1 158210310 0.5263
1 158212864 0.5263
1 158212978 0.5263
1 158213035 0.5267
1 158214107 0.5263
1 158215381 0.5263
1 158218153 0.15592737025857
1 158218552 0.5263
1 158219942 0.5263
1 158220852 0.5263
1 158226267 0.7002
1 158230103 1.36318640589071
1 158230312 0.5263
1 158235371 0.905031344661891
1 158276909 0.838585811569662
1 158314566 1.59573287663036
1 158324395 0.817968743499049
1 158328539 0.678397142481348
1 158340283 0.0542254423523545
1 158351199 0.255172438583246
1 158408819 0.82965453177162
1 158410354 1.36934374762753
1 158414346 0.908614486339269
1 158428836 0.512290124970651
1 158438322 0.128031201702518
1 158438973 0.273846138464018
1 158443574 1.00325010565926
1 158465115 0.66698552033836
1 158471474 0.313989619825152
1 158472884 0.786512308299637
1 158473879 1.62794543179094
1 158482613 1.06375639534044
1 158485973 0.5501
1 158486323 1.5382
1 158490185 1.0768
1 158492161 1.90428428131692
1 158495200 0.329293034398826
1 158495406 1.05158634605023
1 158495466 0.727803845824725
1 158497923 0.0180524438093117
1 158500069 0.206330407181494
1 158503071 1.1163043211223
1 158519273 1.21415815939975
1 158523936 0.653200631776043
1 158526215 0.661880651892231
1 158526219 1.97720880909955
1 158526445 1.27748598423848
1 158527650 2.4703698245414
1 158533995 0.308690552384692
1 158535431 0.233418872588323
1 158536907 0.650808784063024
1 158541852 0.43122637706858
1 158569783 1.5382
1 158573441 0.574145004770418
1 158573949 0.944668075752126
1 158580853 1.5382
1 158581539 1.07692541591987
1 158584819 1.49553884800692
1 158591376 2.27064314676662
1 158591733 1.3673
1 158600084 1.0649
1 158601075 0.5358
1 158608228 0.5506
1 158609414 1.04962305081983
1 158611720 1.89779601878701
1 158615708 0.862478188899824
1 158617176 0.9868
1 158617600 0.187376183891076
1 158624114 0.5501
1 158644877 1.10613846576083
1 158658224 1.0649
1 158669811 0.829818532290602
1 158690656 0.3976
1 158705693 1.15050442091027
1 158706932 0.656947628213029
1 158714654 0.2705
1 158724773 0.8227
1 158732370 0.0819
1 158733132 0.0611116594945106
1 158742061 1.35220156908281
1 158745498 0.0754227669683309
1 158759139 0.6398
1 158759846 0.3765
1 158764469 0.3765
1 158773175 5e-04
1 158781307 1.2805
1 158782810 1.48741913880265
1 158783933 0.535310894623619
1 158797727 1.7862
1 158799488 2.5772
1 158805538 2.4402
1 158811256 0.0792030269231956
1 158825602 1.545
1 158827554 0.3907
1 158829663 1.545
1 158839825 1.27483950740351
1 158849718 0.441361838736729
1 158856897 1.545
1 158857575 1.46545699288581
1 158859487 0.0317248314760399
1 158860900 1.3728
1 158864589 0.5542
1 158864815 0.933439610042387
1 158864947 0.5542
1 158866584 0.876363404754703
1 158868441 0.894641750112292
1 158869249 0.5542
1 158869572 0.5461
1 158871902 0.971519594902005
1 158872963 0.651901409525164
1 158875367 0.5542
1 158876309 0.922756792127391
1 158879082 0.5542
1 158883302 0.5542
1 158885329 0.5542
1 158886546 0.3722
1 158887224 1.23137753701093
1 158889383 0.5624
1 158889660 0.895590457038485
1 158889947 0.5542
1 158896783 0.692426625035973
1 158900473 0.5624
1 158900914 1.10082153596947
1 158902790 0.5542
1 158902797 0.5542
1 158902903 0.5542
1 158903421 0.5542
1 158905619 0.146372982096019
1 158907209 1.1776
1 158907736 1.1776
1 158913603 1.4984
1 158927047 0.612120077423014
1 158952497 0.0881
1 158952610 1.0888
1 158974337 0.69010374538633
1 158981856 0.617752972764556
1 158992214 0.0994
1 159028330 1.0134
1 159042448 0.0757
1 159044928 1.176
1 159084592 1.7723
1 159113387 1.48348994878584
1 159131733 2
1 159170586 1.2317
1 159198254 0.2614
1 159205737 0.9784
1 159215162 0.6044
1 159220319 1.175
1 159220423 2.3652
1 159233278 0.294692914871829
1 159266291 2
1 159284769 2
1 159285959 2
1 159296276 2
1 159298350 2
1 159306363 2
1 159308461 2
1 159318583 1.4286
1 159325776 2
1 159335367 2
1 159353602 0.6511
1 159359410 0.6511
1 159369730 2.07959354522363
1 159370472 1.11115151895521
1 159370509 1.3511
1 159371882 0.9857
1 159394029 0.0284674922045218
1 159408804 0.9857
1 159414703 1.065
1 159418496 0.373018359587036
1 159419962 0.054923699840919
1 159424290 0.9857
1 159430569 0.170196617085164
1 159438370 2
1 159439013 0.235187874878979
1 159440564 2.4476
1 159462870 1.6156
1 159486173 0.910224232221681
1 159491373 0.829767240354145
1 159491896 0.2855
1 159493584 1.6083
1 159495440 2
1 159532339 0.0107
1 159541270 0.6585
1 159573916 0.6379
1 159579089 0.916365237669376
1 159594911 0.736218671538773
1 159598023 1.04983353645721
1 159604519 0.715191119493743
1 159607687 1.1505064398739
1 159625627 0.5511
1 159633647 1.3354
1 159636466 0.9025
1 159642976 0.0934
1 159658430 1.4389
1 159689654 2
1 159714875 0.570179144865388
1 159770108 1.17082422099717
1 159770171 2
1 159781012 2
1 159791238 0.3083
1 159818979 4e-04
1 159828713 0.1043
1 159857221 2
1 159865883 1.46601380182398
1 159872313 2
1 159884004 0.0162
1 159894129 2
1 159901846 0.458319005799227
1 159921173 0.00741051445164283
1 159925746 0.942628221194942
1 159927598 2.33766925842236
1 159947794 0.9792
1 159965487 0.33908949978559
1 159980753 0.8095
1 159982099 2.2356
1 159995471 2
1 159996239 0
1 160069294 0.0561
1 160078884 0.377387525140454
1 160116541 2
1 160166560 2
1 160177358 2
1 160270935 2
1 160301549 0.434236542154383
1 160324017 2
1 160333193 2
1 160339180 2
1 160347231 2
1 160351060 2
1 160362086 0.12228466365486
1 160375515 2
1 160378423 1.3070735339628
1 160382747 3.02303547738033
1 160388937 2
1 160389721 2
1 160391485 2
1 160391999 2
1 160418580 2
1 160466663 0.938003903015066
1 160483199 1.36008083595992
1 160487337 0.0582344540968044
1 160490119 1.44329227654139
1 160491847 2.3442
1 160502711 2
1 160531925 2
1 160532203 0.191778891954141
1 160533375 0.1812
1 160540148 2
1 160545874 2.45593677116701
1 160565803 2.3464
1 160575901 0.212471625759013
1 160586725 2.01555989338357
1 160591304 2.3139
1 160596904 2.3464
1 160601137 2
1 160605021 2
1 160617167 2
1 160618805 2
1 160630046 2
1 160640359 3.1219
1 160665461 1.57
1 160671964 2
1 160687347 0.3527
1 160691248 0.3692
1 160694451 0.3367
1 160698367 2
1 160708931 1.23457818864485
1 160718746 0.559053079612733
1 160720622 1.2791
1 160740469 0.270870580020928
1 160741969 0.72423200972849
1 160754167 0.835
1 160768682 5e-04
1 160771836 0.3798
1 160784272 0.138731756317642
1 160786423 1.77865564890996
1 160787381 1.15845369276928
1 160793297 0.227745393671479
1 160804167 0.380704800494615
1 160809705 1.3441
1 160827724 2
1 160828419 2
1 160829484 1.3248
1 160844834 0.6634
1 160851018 0.6634
1 160869151 0.2417
1 160874729 0.2417
1 160880305 0.3299
1 160887441 0.0263
1 160900689 2
1 160911171 0.3481
1 160913382 0.2212
1 160915740 0.2212
1 160919334 0.2212
1 160929163 0.2212
1 160938948 0.2997
1 160955284 2
1 160955665 0.9094
1 160965788 2
1 160965971 2
1 160968936 2
1 160972300 0.486019883566749
1 160974796 2
1 160980674 0.813634867485275
1 160991129 0.9172
1 160999320 2
1 161003099 0.533163761940343
1 161008964 2
1 161012467 2
1 161029952 2
1 161035686 0.2593
1 161057702 0.0389
1 161063015 2
1 161072273 0.7117
1 161075338 2
1 161075670 2
1 161079568 0.0505
1 161083983 0.0564
1 161097686 5e-04
1 161105440 0.6046
1 161108415 0.6046
1 161148112 1.3165
1 161206347 2
1 161224610 0.6155
1 161234748 0.223334452535603
1 161235258 5e-04
1 161243481 0.0690535249995793
1 161243646 1.2104
1 161245510 1.82196224994458
1 161260690 0.83680675268449
1 161266666 2
1 161276725 2
1 161278185 2
1 161281739 2
1 161282142 2
1 161297741 1.2927
1 161310459 0.8817
1 161311164 0.8817
1 161321754 0.0078
1 161325147 1.6672
1 161327764 1.6672
1 161344132 1.6672
1 161348141 0.8767
1 161349308 0.8767
1 161362818 2
1 161372775 1.6672
1 161402765 0.5112
1 161403154 1.6672
1 161423284 0.4887
1 161425691 0.35502234909699
1 161425765 0.957221754692733
1 161438607 0.4498
1 161441012 0
1 161441041 5e-04
1 161493811 0.352724955597072
1 161499264 0.335660424478037
1 161509000 0.98
1 161521106 1.91950245031099
1 161523646 2
1 161523833 2
1 161538390 2
1 161555843 2
1 161559867 0.655544413019199
1 161562252 2
1 161572511 1.1098
1 161579385 1e-04
1 161594580 0.6388
1 161595240 0.6604
1 161600751 1.4429
1 161602540 0.587002428274423
1 161605359 0.183900376758247
1 161615958 2
1 161619922 2
1 161624310 2
1 161628952 0.74074179788251
1 161637565 2
1 161652514 2
1 161682927 2
1 161684903 2
1 161692215 1.2866
1 161694975 0.00661695852368111
1 161709660 0.482668272631692
1 161721796 1.83072742134025
1 161725849 0.0694
1 161728870 1.61463429855284
1 161751561 0.414462209183886
1 161752482 0.4861
1 161763129 0.5744405054158
1 161829578 2
1 161838475 1.7505
1 161892522 2
1 161960686 2
1 161971794 2.3014
1 161971920 2
1 161999846 2
1 162009300 0
1 162019628 0.0512
1 162090150 1.7797827299023
1 162100916 0.3545
1 162118552 1.9607
1 162149112 0.762174061909678
1 162165675 0.8373
1 162185429 0.0504
1 162186204 0.0504
1 162191429 2
1 162200737 0.101039369587608
1 162212921 1.6861
1 162226079 2
1 162242989 2
1 162243201 2
1 162254796 2
1 162280219 1.5111
1 162285595 2
1 162294228 1.518
1 162308617 0.0915024230558958
1 162311187 0.3577
1 162320287 0
1 162334152 0.0217
1 162340523 2
1 162352034 0.6912
1 162362475 3.2705
1 162365262 0.718
1 162368706 0.6991
1 162400111 1.13277955792552
1 162416304 0
1 162416356 0.556126585233945
1 162461061 2.4616
1 162470743 2
1 162472354 3.0745
1 162475536 0.959126788146007
1 162477558 2
1 162480130 2.2155
1 162490311 2
1 162492736 0.685685256170774
1 162498947 2.25154156901598
1 162523219 1.72849994295501
1 162548094 2
1 162549776 2
1 162559721 0.49766037541625
1 162583572 1.54324501863355
1 162584349 0.401606494966116
1 162588915 0.960803505713292
1 162589689 2
1 162608424 2
1 162672585 0.9616
1 162675122 0.598434774714862
1 162681887 1.33149145439106
1 162686723 2
1 162689574 0.420812195616696
1 162691855 1.59000817245218
1 162697221 1.4043
1 162699267 2
1 162699592 2.5382
1 162704182 2
1 162721669 0.591175469628882
1 162727941 1.6672
1 162753372 2
1 162759160 0
1 162763446 2
1 162775257 0
1 162788980 1.4415
1 162798365 0.997323911371984
1 162803195 2.58055636606435
1 162830417 0.547699882395633
1 162830636 0.539871826971609
1 162833652 0.656582032983975
1 162838493 0.503619082951335
1 162840964 0.660815091084231
1 162842822 0.3235
1 162842831 0.237403827295152
1 162842956 0.56610836361805
1 162842996 0.208041676021751
1 162844160 0.859059439727247
1 162848583 0.4055
1 162853317 0.7365
1 162863595 0.0273
1 162868417 0.874144090794717
1 162868566 1.0134
1 162890970 0.0505
1 162900843 0.991988037273376
1 162913547 0.720770780677552
1 162917305 2
1 162920535 0.6343
1 162920852 0.0605125967070308
1 162936580 1e-04
1 162945444 2
1 162962373 2
1 162963779 2
1 162996176 1.11487118035185
1 163042362 1.0459
1 163051924 2
1 163059272 1.10006426877809
1 163068555 2
1 163079026 2
1 163082720 1.06065192852008
1 163083228 2
1 163086560 2
1 163098543 0.626218690004355
1 163108625 0.0674
1 163110277 0.0674
1 163142247 0.774219644123271
1 163145396 2
1 163149224 0.1717
1 163152945 0.132247725808242
1 163154403 0.1717
1 163163484 1.28292268285206
1 163169132 2
1 163170543 1.60266946033399
1 163172765 2
1 163188190 2.1903
1 163222822 1.0792
1 163237196 1.8556
1 163242843 0.612571693328439
1 163249716 0.416571270299195
1 163249790 2.17632375323214
1 163249799 1.3853
1 163254053 2.39689113837364
1 163256570 1.1307
1 163259159 0.27542271201304
1 163282517 2.05556502343541
1 163283168 1.1307
1 163287743 0.230944584083981
1 163288635 0.0181
1 163292799 0.0404
1 163304413 1.3785
1 163309049 0.662804603456722
1 163327099 0.0078
1 163335634 2
1 163374198 0
1 163378148 2
1 163383415 2
1 163391604 2
1 163391733 2
1 163436513 1.442
1 163445595 1.039
1 163447287 0.0213357936895581
1 163466355 1.0933
1 163467899 1.0933
1 163469044 1.0933
1 163470831 1.0933
1 163470856 1.0933
1 163479742 0.566563009035394
1 163481173 1.41329908899623
1 163489823 0.0115382347798818
1 163492423 0.044759616293422
1 163494893 0.0961
1 163498902 0.5604
1 163501517 0.649072776711707
1 163506374 0.219057203782944
1 163509488 1.032771274268
1 163509789 2
1 163518652 0.488509674188311
1 163521481 0.557334505577428
1 163552300 1.6521
1 163556035 0.2411
1 163574494 2
1 163575362 0
1 163613190 0.169316286332522
1 163624067 2
1 163630705 0.140909212310379
1 163662937 1.02841154376454
1 163665329 0.316204247164847
1 163690268 0.541009252264392
1 163697327 1.02677990410047
1 163710671 0.60937182394032
1 163717099 0.639702591966712
1 163735071 1.74677767261482
1 163738484 0.0561858839288427
1 163741503 0.829523726423535
1 163754516 0.830062796199719
1 163762059 2.38727316791028
1 163768205 2.34110685894421
1 163785568 0.251991929764224
1 163791526 2
1 163808837 0.353677937328088
1 163824716 0.0774118033637671
1 163885674 0.2942
1 163918845 0.8322
1 163927691 2
1 163936493 2
1 163938520 2
1 163942687 2
1 163942719 2
1 163949672 2
1 163949674 0.78743818906915
1 163951560 1.55076864732177
1 163952244 0.119575174994494
1 163964406 1.0071
1 163964696 2
1 163984953 1.24690487328913
1 163990271 0.387412957207987
1 163994551 0.3645
1 163994829 0.464721430840725
1 164000516 0.3065
1 164003274 0.3065
1 164035947 0.486888500336402
1 164050203 3.0996
1 164050812 1.23426326259086
1 164076843 1.7692868268988
1 164077676 1.33054771554626
1 164083044 1.0488694601624
1 164086805 0.938676894563564
1 164087840 0.314674775747093
1 164092658 0.0707
1 164093847 1.5025
1 164103683 0.133
1 164113093 0.6946
1 164114771 0.6946
1 164117248 0.5344
1 164117833 0.6946
1 164118052 0.6946
1 164126915 0.9967
1 164130979 5e-04
1 164146975 0.0053
1 164155846 1.4167
1 164157095 0.0502
1 164169461 0
1 164184631 2
1 164200699 5e-04
1 164229216 2
1 164238306 2
1 164244449 2
1 164279193 2
1 164287303 1.83493313545957
1 164288096 2
1 164291500 2
1 164304915 2
1 164307943 0.25066224702079
1 164320530 2
1 164344667 2
1 164353188 0.31855989430702
1 164357216 2
1 164366847 2
1 164388622 0.3532
1 164426755 0.547230078214553
1 164484850 1.3275
1 164485693 2
1 164500481 0.6863
1 164502901 0.6482
1 164521592 0.8905
1 164525831 0.1329
1 164538550 0.213610719915116
1 164540508 0.154095509590098
1 164544086 1.07109197277999
1 164549550 0.501
1 164551163 0.179659001237237
1 164556605 1.75976814880755
1 164559883 0.509226784343187
1 164600293 0.686412655890894
1 164605482 2
1 164619939 1.9056938241617
1 164621002 0.0988713481096083
1 164640345 1.3908
1 164642913 0
1 164674857 0
1 164683745 1.7214
1 164697754 0.825
1 164701113 0.2172
1 164703344 0.1407
1 164723979 1.0447
1 164730485 1.0875
1 164766738 5e-04
1 164776227 2
1 164795365 2
1 164806137 0.75
1 164809337 2
1 164814524 0.41706570602988
1 164816827 2
1 164819401 2
1 164831188 2
1 164870362 3e-04
1 164879227 0.495802320719337
1 164885962 0.7987
1 164896416 0.0126
1 164899772 1.16444765031404
1 164902227 1.06198332894404
1 164907386 0.8229
1 164913647 1.20987394000339
1 164928792 0.481470766797239
1 164930656 0.8506
1 164935069 5e-04
1 164947682 0.644221313735167
1 164947819 0.0909362483230605
1 164957239 0.0181
1 164960922 0.0181
1 164961687 0.0181
1 164976279 0.0181
1 164979508 0.131173910988389
1 164988823 0.974671163773005
1 165026508 2
1 165034225 0.5943
1 165044298 0.1471
1 165049259 0.74571431874376
1 165063783 2
1 165084389 2
1 165100468 2
1 165104071 2
1 165108490 2
1 165113798 2
1 165118195 0.8697
1 165142859 0.7731
1 165149524 0.2403
1 165164564 1.0298
1 165166069 1.2013
1 165167495 1.1142
1 165168197 1.0298
1 165173319 2
1 165185543 5e-04
1 165196765 0.0694999369474803
1 165202768 1.48024528991726
1 165211711 1.74035023382152
1 165223739 0.75
1 165232068 0.0339
1 165233128 2
1 165245538 2
1 165245869 2
1 165283187 0.695266939005737
1 165288018 2
1 165293708 0.172132270701459
1 165295619 0.161653206611542
1 165315512 0.0519
1 165319746 0.0458
1 165320872 0.0516
1 165336327 0.294
1 165352371 0.0981
1 165357021 0.3926
1 165359987 0.381773756659219
1 165379850 0.0943
1 165406658 0.429
1 165417413 0
1 165419711 1.54749983443965
1 165421517 0.284301661398995
1 165423428 2.3695
1 165424152 2
1 165424516 0.4138
1 165428878 2
1 165431763 2
1 165439309 1.5065
1 165439439 2
1 165441454 2
1 165456886 2
1 165467601 0.045
1 165470957 0.045
1 165472353 0.3791
1 165474126 1.13303192598525
1 165505788 0.1395
1 165513648 1.1778
1 165514089 0
1 165518468 0.259564167445829
1 165527907 1.1616
1 165543547 0.0217
1 165583223 0
1 165583306 1e-04
1 165591759 1.0003
1 165592733 1.0179
1 165608190 2.0053
1 165613233 0.0593049487883016
1 165616469 1.0357
1 165618076 1.0357
1 165620298 1.0179
1 165624436 2
1 165628567 2
1 165629025 0.1021
1 165629647 0.00537597854300885
1 165630748 2.0053
1 165634732 2
1 165639009 2
1 165640063 0.2818
1 165648083 0.2818
1 165656036 0.6077
1 165656990 0.6077
1 165676838 0.0490749400906313
1 165677521 1.49196319266708
1 165679649 0.482237743035305
1 165679657 0.192690100387137
1 165681717 0.6584
1 165683036 0.6584
1 165686123 0.6439
1 165686867 2
1 165690624 0.666
1 165695645 1.0233
1 165702140 0.0301
1 165717213 0.0015
1 165724302 2
1 165725045 0.645724769606807
1 165741775 2
1 165757433 0.381642488877044
1 165764246 1.55175869689536
1 165774522 3.5231
1 165789962 1.75949082112065
1 165812015 0.647846999407307
1 165815575 0.4215
1 165840353 0.4593
1 165863897 0.757703156123726
1 165883783 0.2624
1 165904085 2
1 165908552 0.8139
1 165919923 1.25817789535601
1 165924425 0.0832771741357001
1 165927520 0.4259
1 165939121 1.1307
1 165958853 1.59165802198561
1 165965829 3.76908576631031
1 165968279 1.36450119606166
1 165969420 0.645548795159552
1 165990897 0.637531385103758
1 166022640 2
1 166027094 2
1 166049168 0.174456019564424
1 166053972 1.04020706923671
1 166059494 2
1 166068672 0.389502885979065
1 166070661 2
1 166076010 2
1 166077837 1e-04
1 166120486 2
1 166134435 2
1 166134540 2
1 166157031 2
1 166160981 2
1 166172580 2
1 166183250 0
1 166205223 2
1 166205279 0.5776
1 166216054 2
1 166220616 2
1 166224109 2
1 166226183 2
1 166227722 2
1 166230121 0
1 166238056 0
1 166246136 0.0263
1 166252574 0.5776
1 166265455 2
1 166266477 1.3639
1 166267585 0.458885493498096
1 166277627 2
1 166315290 2
1 166317585 0.4362
1 166318297 2
1 166323085 2
1 166333004 2.2707
1 166336051 2
1 166338973 2
1 166344710 2
1 166347465 2.2536
1 166366510 2
1 166404806 0.7182
1 166418590 0.7391
1 166424769 2
1 166430597 0.7391
1 166436765 2
1 166463226 2
1 166470805 2
1 166473715 2
1 166474267 2
1 166475508 2
1 166481881 2
1 166506723 0.480431041285081
1 166510956 2
1 166517226 0.0463692137521873
1 166518355 0.313310377652334
1 166520594 2
1 166521522 0.639739411823064
1 166526157 0.185520204116486
1 166530786 0.128
1 166532985 2
1 166533680 0.0078
1 166533695 5e-04
1 166534644 2
1 166539514 2
1 166539850 2
1 166541856 2
1 166554694 2
1 166566383 2
1 166578317 2
1 166578901 1.3726
1 166588242 2
1 166596056 2
1 166612469 2
1 166615718 0.6764
1 166622223 2
1 166628633 0.6444
1 166630786 2
1 166647363 0.216873126572174
1 166653905 0.6444
1 166656532 0.0444
1 166658985 0.0444
1 166659023 0.0444
1 166668295 1.554
1 166678454 2
1 166687931 2
1 166699733 0.206228280782038
1 166706677 0.547691229972556
1 166708682 1.69158940655526
1 166722838 1.0795919421102
1 166732585 0.912255458762571
1 166733321 1.6305
1 166738063 0.445
1 166757948 2
1 166767787 2
1 166774106 2
1 166778167 0.0748
1 166787581 2
1 166800746 2
1 166816086 1.3889
1 166816265 0.0499
1 166821071 1.3889
1 166822787 1.3889
1 166849329 1.8914014837199
1 166859227 2
1 166859632 2
1 166863217 2
1 166865096 2
1 166866506 0.753
1 166874787 2
1 166887370 2.48576898756767
1 166887906 2
1 166894319 2
1 166895136 1.61602527295429
1 166895383 1.4624
1 166916367 0.753
1 166931958 2
1 166954347 0.753
1 166972349 2
1 166990833 2
1 166995357 2
1 167019939 0.8713
1 167031436 2
1 167034342 0.565
1 167051085 2
1 167085743 0.6218
1 167086890 0.2983
1 167087319 0.4762
1 167107374 2
1 167113008 0.331474961329999
1 167124966 2
1 167136836 0.6592
1 167143608 1.70822272800319
1 167145933 1.3546
1 167149874 1.40067146285129
1 167152428 1.1927
1 167152614 2
1 167155597 2
1 167156222 2
1 167161734 1.314
1 167163104 0.134986907581359
1 167173585 2
1 167189063 2
1 167191278 0.0339
1 167201033 2
1 167240868 2
1 167241867 0.0053
1 167249670 0
1 167256573 1.83544800807203
1 167328267 1.11366029256642
1 167337168 1.27269874783851
1 167362119 0.751020701047566
1 167402450 2
1 167423891 2
1 167429485 1.4205
1 167431874 2
1 167433507 2
1 167434612 2
1 167434841 2
1 167437273 2
1 167453035 2
1 167462166 0.1495
1 167481473 2
1 167482567 0.374407914257793
1 167484013 2
1 167498459 0.3661
1 167504345 2
1 167509141 2
1 167522913 5e-04
1 167524587 2
1 167530143 0.216591501042771
1 167534162 0.813376878725402
1 167534363 2
1 167536783 2
1 167540945 2
1 167546035 0.437634644583332
1 167546084 2.784
1 167588246 0.208012616655064
1 167591177 0.92086101201445
1 167593133 1.1061185012697
1 167599204 1.72405164555791
1 167604042 0.3966
1 167609066 0.00978779944361223
1 167609684 1.46709971252201
1 167610025 0.232724480730748
1 167612648 0.194756260693243
1 167613035 0.313786757769848
1 167613048 1.74140475008036
1 167613648 2
1 167613687 2
1 167613708 2
1 167616399 0.253037885482524
1 167616647 0.277375046928703
1 167632692 0.5314
1 167638103 2
1 167647072 2
1 167672707 2
1 167675163 5e-04
1 167714710 3.1148
1 167760822 2.14636948877023
1 167763495 2
1 167770118 1.5567
1 167775920 0.252185169795283
1 167793007 1.40566531588461
1 167795093 0.439
1 167803011 0.0563859783496227
1 167816421 1.0035
1 167818662 1.246
1 167825628 0.5815
1 167840959 1.0116
1 167854274 0.067
1 167867001 2
1 167870764 2
1 167874866 0.5908
1 167875430 2
1 167878346 0.5492
1 167939661 1.4122
1 167950253 1.3663
1 167963235 2
1 167969044 1.4122
1 167982392 1.4122
1 167985528 1.4122
1 168002909 2
1 168008852 1.4122
1 168052849 5e-04
1 168060127 2
1 168063007 2
1 168110315 2
1 168110531 0.403144931620971
1 168117761 2
1 168121661 1.1451
1 168123766 1.0309
1 168125471 1.4671
1 168137545 2
1 168141950 1.4544
1 168145253 2
1 168180334 2
1 168194600 2
1 168201921 2
1 168207521 2
1 168207864 2
1 168240636 0.0078
1 168270554 1.1985
1 168275916 2
1 168287189 2
1 168289142 2
1 168305453 2
1 168328227 0.6377
1 168334305 2
1 168335311 1.0881
1 168336073 2
1 168339909 2
1 168357587 0.173755449121539
1 168358569 0.0519761106616231
1 168360545 2
1 168383697 0.11329073218747
1 168396901 1.16611026077789
1 168429493 2
1 168448182 2.878
1 168459989 0.468112880569072
1 168462937 0.72661789729879
1 168470915 1.9939
1 168471550 1.9939
1 168475861 0.8696
1 168486084 1.30759236886381
1 168524668 0.1354
1 168533924 2
1 168538235 2
1 168541917 2
1 168543609 2
1 168547237 2
1 168550041 2
1 168553146 2
1 168573155 2
1 168575828 1.65412401745518
1 168576711 2
1 168578765 2
1 168617058 2
1 168619362 2
1 168622655 2
1 168623085 2
1 168628234 2
1 168635797 2
1 168639090 3e-04
1 168641343 0.084
1 168646028 0.53
1 168646518 2
1 168655255 0.688781771553169
1 168662687 1.28030331808579
1 168663745 1.4573
1 168666878 0.971735320128586
1 168667384 1.1952
1 168679232 1.26793356464095
1 168681409 1.05017965015175
1 168687006 0.309858139692319
1 168689603 0.780913203553766
1 168692143 0.658572020639154
1 168694718 2
1 168701724 2
1 168705944 2
1 168722037 2
1 168728704 0.172
1 168730718 0.4584
1 168736051 0.4584
1 168744005 0.4824
1 168752639 0.4824
1 168753873 0.4824
1 168756476 0.4824
1 168814144 2.2611
1 168828752 2
1 168855227 0.888
1 168860907 2
1 168864724 0.6117
1 168875326 2.41688917839157
1 168882702 0.439499214222272
1 168885056 0.731825155479072
1 168912677 1.3468
1 168917628 1.1005
1 168918834 1.157
1 168925677 0.552819229755201
1 168932323 2
1 168934029 2
1 168954644 2
1 168956154 2.1107
1 168956604 2
1 168956605 0.0329
1 168961017 1.7988
1 168961190 1.7988
1 168964230 0.8503
1 168966550 2
1 168974582 2
1 168985404 2
1 169008987 0.644165596141947
1 169024098 0.122466582145183
1 169029543 2
1 169032235 0.834239563875588
1 169035575 2
1 169036309 2
1 169059478 2
1 169062915 2.1063
1 169077921 0.4454
1 169082058 0.464
1 169092320 2
1 169109621 0.8016
1 169119441 2
1 169123863 1.15593269568125
1 169124438 0.181581337742761
1 169125844 0.877915992616203
1 169126077 2
1 169131003 0.691276171806108
1 169136464 2
1 169147112 2
1 169148250 1.7215
1 169153237 2
1 169153627 2
1 169154971 2
1 169175477 2
1 169181095 2
1 169185618 2
1 169191294 2
1 169194819 2
1 169194900 2
1 169211064 2
1 169212494 2
1 169219565 2
1 169223788 2
1 169224315 2
1 169232607 2.2073
1 169236721 2
1 169250949 2
1 169256209 1.6238
1 169279518 0.0078
1 169293110 1.41805046144997
1 169294376 2
1 169296470 0.0408859717740426
1 169301315 0.697204500270216
1 169314274 1.4711
1 169325738 0.411017972090069
1 169334158 0.761494985914159
1 169348724 1.4604
1 169363660 2
1 169365044 0.134260090113496
1 169368138 0.790234795339576
1 169372933 1.7175
1 169400220 1.3901881627828
1 169405818 0.737507602569446
1 169409912 0.627806950991839
1 169413867 1.1209
1 169416172 5e-04
1 169424988 1.4018513837249
1 169431378 0.386560493839586
1 169431542 2
1 169445890 2
1 169446694 1.1209
1 169458193 2.6186
1 169460874 1.4002735946
1 169467308 0.198680203872923
1 169467365 2
1 169468571 2
1 169503661 2
1 169516890 1.4417
1 169517529 0.512
1 169521783 0.607
1 169524657 1.662
1 169540995 2
1 169552315 2
1 169554098 5e-04
1 169554468 0.86066115258094
1 169557062 2
1 169559342 2
1 169561288 0.348395030369827
1 169564607 0.23226769315041
1 169570842 1.06313744164194
1 169579063 1.7816
1 169580537 2
1 169594892 2
1 169610407 0.0863490270824052
1 169612020 0.250111575295906
1 169615307 1.4984
1 169623186 0
1 169637995 1.40765777612863
1 169642234 0.3821
1 169650353 0.808503477666427
1 169652329 0.11422766596551
1 169653318 1.1581
1 169654657 0.92
1 169654939 0.5202
1 169663889 0.82393066889903
1 169667840 0.136856710555987
1 169668125 0.420731521329282
1 169673375 2
1 169701799 1.3132
1 169707979 0.9668
1 169718994 0.7227
1 169720148 0.7616
1 169727935 1.3132
1 169732760 1.3132
1 169735823 1.3132
1 169736580 1.3132
1 169742744 1.3022
1 169748796 1.6525
1 169751440 1.1316
1 169752553 1.3132
1 169753716 1.3188
1 169754434 0.8381
1 169756494 1.47942526156628
1 169757126 1.3188
1 169757965 2
1 169761519 2
1 169763230 1.3188
1 169763249 1.3188
1 169763376 1.3188
1 169766422 1.3188
1 169767316 1.3132
1 169778914 2
1 169787407 2
1 169789465 1.2084
1 169799359 1.3245
1 169814498 2
1 169814604 1.3245
1 169818306 2
1 169819695 1.1745
1 169821210 2
1 169821260 1.3245
1 169824158 0.0263
1 169824884 1.13965967059231
1 169825989 1.3245
1 169830739 1.3245
1 169854649 1.3245
1 169854927 1.3245
1 169858615 2
1 169859460 2
1 169868694 2.4525
1 169876502 0.4368
1 169876934 1.698
1 169878872 2.407
1 169886292 2
1 169887971 0.9419
1 169903560 0.0716704527252695
1 169915602 0.4153
1 169928843 0.681670894199503
1 169944184 0.229380565599879
1 169946066 1.46320850314647
1 169948673 0.515836142939047
1 169950858 0.9262
1 169958969 1.0620153545641
1 169964220 1.56414610952341
1 169975390 0.562268786907197
1 169980256 0.0208364174922283
1 169980288 0.650053898762808
1 169983244 0.467811879772578
1 169991591 0.9262
1 169999011 2.0247881216624
1 170001497 1.334
1 170005281 1.2084
1 170014699 2.1923
1 170020103 0.9262
1 170021565 0.9262
1 170035121 2.7095
1 170037727 0.9262
1 170039711 2.7095
1 170064450 0.9262
1 170065335 0.9262
1 170081829 5e-04
1 170083950 0.9262
1 170089896 1.783
1 170094717 2
1 170110938 0.777378156736559
1 170112539 2
1 170113469 0.9469
1 170127436 2
1 170127951 0.7064
1 170135797 5e-04
1 170136391 0.7401
1 170146015 2
1 170158557 0.986346405436264
1 170163198 1.63223357233091
1 170166624 0.049600967616743
1 170172605 1.04895656224714
1 170190723 0.795266906860037
1 170202117 0.6788
1 170203040 2
1 170223666 0
1 170229616 2
1 170232325 0.425342777927055
1 170239583 2
1 170239783 2
1 170241334 2
1 170243879 0.309251417983437
1 170251375 2
1 170255393 2
1 170262211 2
1 170270575 2
1 170275275 0.8251
1 170276469 5e-04
1 170279206 2
1 170287400 2
1 170287547 0.8251
1 170287668 2
1 170297780 2
1 170302998 0.8251
1 170333626 0.398848325309231
1 170345940 1.45692915535888
1 170350257 5e-04
1 170356924 0.712168035442069
1 170359491 0.839770534369645
1 170363465 0.1979
1 170372810 0.6571
1 170374148 2
1 170389535 1.85367555615959
1 170402011 1.60371912621116
1 170408423 2
1 170410586 2
1 170412402 0.0209
1 170417575 2
1 170421985 2
1 170423843 2
1 170431680 2
1 170434584 2
1 170436672 0
1 170441228 2
1 170455428 2
1 170461495 2
1 170476083 2
1 170496840 2
1 170509968 1.57928430364902
1 170523918 2.0423
1 170544261 0.768359364035651
1 170563038 2
1 170580746 0.225472713006273
1 170585190 2
1 170586093 0.33733815132448
1 170600176 2
1 170611336 2
1 170613461 2.4029
1 170619453 0.8912
1 170625029 0.263466868499261
1 170628462 2
1 170636945 0.8912
1 170641139 0.863637630839613
1 170642134 2
1 170643366 2.4029
1 170646519 0.0278714906965117
1 170646554 2
1 170647053 2
1 170649150 2
1 170650466 2
1 170661923 0.280725440969173
1 170663824 2
1 170684236 2
1 170689833 1e-04
1 170692623 0.4251
1 170727333 0.4251
1 170743856 0.6625
1 170758301 0.3614
1 170758427 2
1 170777918 2.784
1 170780253 3.1148
1 170786727 3.1148
1 170802278 2
1 170808151 2
1 170812082 2.05375946238112
1 170820459 0.4251
1 170829303 2
1 170832401 2
1 170840529 0.531529099275142
1 170841299 0.547050935356589
1 170843340 2
1 170856279 2
1 170856394 1.3866
1 170856927 2
1 170857284 2
1 170860438 2
1 170869269 1.28522083944834
1 170882992 0.1854
1 170892586 1.3866
1 170898500 1.3866
1 170907546 0.1854
1 170916422 1.3866
1 170922064 2
1 170932482 2.8716
1 170936776 2.8716
1 170948373 1.1047
1 170949950 0.832242019286473
1 170952252 0.1241
1 170952891 0.0599772493847342
1 170960072 0.1175
1 170971099 1.78400046611914
1 170981855 1.25697770721069
1 171006216 0.647203062852461
1 171007828 0.68511174502634
1 171020791 0.00419673836747918
1 171028260 1.8320397133833
1 171045221 2
1 171045482 2
1 171053504 2
1 171054930 2
1 171066981 2
1 171088059 1.2126
1 171093751 2
1 171099888 1.2388
1 171137570 2
1 171164003 1.45330530503874
1 171164112 2
1 171174978 2e-04
1 171176180 2
1 171187292 2
1 171195341 0.8046
1 171196522 2
1 171197535 0.8046
1 171201105 2
1 171219091 2
1 171224159 0.0712
1 171231230 2
1 171233788 2
1 171272457 2
1 171275620 2
1 171331032 2
1 171348019 2
1 171351684 2
1 171358944 2
1 171364853 2
1 171392593 2
1 171392891 2
1 171396967 1.3656
1 171404024 0.361765572192689
1 171405127 2
1 171411269 0.544491970057747
1 171427876 2
1 171443798 2
1 171444072 2
1 171444111 2
1 171445584 2
1 171447540 2
1 171449075 0.567719210916109
1 171451313 0.325703367074977
1 171452691 2.8716
1 171454495 0.532476916759661
1 171468486 5e-04
1 171470256 0.0298793324912176
1 171476743 0.866026073918788
1 171502533 0.821181492796406
1 171503049 0.8637
1 171509384 0.0838515864565393
1 171514840 0.8637
1 171515107 0.8637
1 171529227 2
1 171529969 0.9508
1 171530516 0.511961548195979
1 171535046 0.9508
1 171538102 2
1 171552062 0.0683695564702958
1 171569977 0.8637
1 171581927 0.132664779289576
1 171601001 0.92
1 171604097 2
1 171605165 0.92
1 171605398 2
1 171608052 0.92
1 171611516 0.92
1 171620803 0.8908
1 171639682 1.24479258127873
1 171643063 0.3343
1 171643127 2
1 171644748 2
1 171647682 0.222344018966827
1 171648770 2
1 171651347 0.828864848621168
1 171658129 1.4702
1 171683373 1.4199
1 171689908 2
1 171694137 2
1 171694246 0.0078
1 171698361 0.0078
1 171699339 2
1 171703441 5e-04
1 171704801 1.0775
1 171707655 1.0775
1 171710242 2
1 171716554 0.9477
1 171717618 2
1 171720535 1.4336
1 171729507 2
1 171744668 0.9799
1 171744972 2
1 171745156 1.4199
1 171759502 2
1 171759612 2
1 171760228 2
1 171763238 0.273
1 171769229 2
1 171769313 0.7804
1 171777813 2
1 171783148 0.7224
1 171783233 0.7804
1 171805099 0.7804
1 171807582 2.29015738407329
1 171808589 1.1669043202756
1 171809007 0.7804
1 171812338 0.758839940342363
1 171814309 2.34638865700072
1 171816612 0.436193140225995
1 171828591 0.057202178851574
1 171829702 0.60707085402768
1 171830934 1.22112085234664
1 171833983 0.244233115847625
1 171839411 2
1 171846247 1.58347033363126
1 171848293 2
1 171851274 0.41808822571319
1 171854123 2.5814483008324
1 171872789 0.518239976629405
1 171877030 2
1 171887084 2
1 171894200 2
1 171898148 1.2322
1 171913986 2
1 171916025 0.513153631317958
1 171922861 1.05908185246688
1 171928595 0.289108484261799
1 171934367 1.6488506329561
1 171937763 0.250071615873779
1 171948735 1.49442223613437
1 171962515 0.5774
1 171977878 0.6784
1 172010844 2
1 172019007 0.9793
1 172020648 0.9793
1 172039339 0.814545936914622
1 172066561 2.3652
1 172071781 2.3652
1 172097123 2.8716
1 172136117 1.04362114198665
1 172169792 0.206806766947194
1 172181803 2.9923
1 172188974 2.9924
1 172189772 1.477
1 172191690 0.0329
1 172193274 0.0329
1 172200533 1.7584
1 172203636 1.5652
1 172203695 5e-04
1 172207833 0.0941
1 172216005 0.6861
1 172219584 0.403
1 172233550 1.767
1 172248965 2
1 172261099 0.4254
1 172284625 2
1 172289468 0.3921
1 172306265 2
1 172329063 0.0244
1 172329438 0.4478
1 172330899 0.4478
1 172331205 0.4478
1 172331567 2
1 172339193 1.5121
1 172349153 1.5039
1 172351829 1.5039
1 172371777 0.0074
1 172389557 0.0074
1 172394029 5e-04
1 172396190 1.2476
1 172430869 0.126406338797371
1 172481668 1.3383
1 172485146 3.1181
1 172490500 5e-04
1 172499558 2
1 172500331 1.2014
1 172502848 1.0205
1 172510826 1.2848
1 172518530 0.9973
1 172524959 0.9973
1 172529494 2.0504
1 172556819 1.3122
1 172572239 1.2985
1 172594707 2
1 172597702 1.2985
1 172624475 2
1 172629347 0.1028
1 172632264 1.0446
1 172634271 1.2985
1 172634800 2
1 172635571 1.3602
1 172638809 0.5455
1 172644101 0.6141
1 172656014 2
1 172661671 0.7418
1 172668049 0.403390371182037
1 172690808 0.376179150760957
1 172692324 2
1 172703145 2
1 172720988 2
1 172741474 0.760293004806215
1 172742100 2
1 172756935 2
1 172800250 0.224508459553842
1 172800289 0.7568
1 172801135 0.7568
1 172801332 0.7568
1 172801673 0.502488935969399
1 172833865 2
1 172860489 0.845972852042084
1 172861625 1.7421
1 172877424 2
1 172884320 0.549
1 172891164 0.562788900016039
1 172897866 2
1 172899915 1.8483
1 172902551 5e-04
1 172903312 1.767
1 172933823 0.00595486880863129
1 172947236 1.834
1 172958906 0.365666451479142
1 172967562 2
1 172970756 0.9769
1 172972573 0.5109
1 172988756 1.8118151289342
1 172994178 2
1 173010479 0.0107
1 173032106 1.1352
1 173038108 2
1 173045632 5e-04
1 173047049 2
1 173048346 2
1 173053350 1.7489
1 173068108 0.4861
1 173079933 2
1 173091366 1.74423007028225
1 173113642 2
1 173116803 1.1387
1 173128148 2
1 173156957 2
1 173158682 5e-04
1 173172552 1.4782
1 173177782 0.8083
1 173195672 1.4701
1 173201013 1.4782
1 173296856 2
1 173301510 0.749
1 173305727 2
1 173308025 0.187196375453026
1 173313157 2
1 173334196 0
1 173340574 2
1 173341495 2
1 173345879 2
1 173350700 0.6997
1 173366625 2
1 173375665 2
1 173377556 5e-04
1 173404044 2
1 173406858 2
1 173427607 0.841909798636732
1 173427953 2.66688890220485
1 173437970 0.341184455032115
1 173444357 0
1 173445045 0.451817476512025
1 173446408 0.727616064720677
1 173448508 2
1 173450755 0.0078
1 173454660 1.10030396527597
1 173476539 2
1 173518217 0.536460630780151
1 173524173 0.776785712668928
1 173550448 1.197
1 173563666 2
1 173566253 0.943843924632249
1 173567954 2
1 173568569 2
1 173572878 2
1 173583644 2
1 173612558 2
1 173622058 2
1 173634311 0.608704567990363
1 173637068 0.830618808890385
1 173650484 0.316718279371072
1 173654163 1.62374548677178
1 173678986 1.7382
1 173694166 0.335440753039104
1 173697038 0.124289482222513
1 173710447 0.1028
1 173795276 0.524754408797686
1 173796548 1.21161625729461
1 173805814 1.50141084303388
1 173835419 0.443099664971531
1 173851455 0.00782001783043777
1 173870102 0.5027
1 173872223 2.1981
1 173883736 1.1364
1 173888145 0.00942064644102283
1 173889962 0.906578240922915
1 173906263 0.8881
1 173907423 0.8881
1 173916343 0.8881
1 173923538 1.05715864939096
1 173923550 2.4561
1 173936763 3.7221
1 173955215 0.294225044497951
1 173967349 0.9382
1 173968277 1.99183200654069
1 173979524 0.8881
1 173979747 0.9382
1 173989876 0.8881
1 173989977 0.8881
1 173996095 0.8881
1 174004543 1.20404537208831
1 174008671 0.8881
1 174015219 0.9382
1 174018890 0.8881
1 174028077 0.50463574238157
1 174060569 0.9382
1 174064062 1.3003
1 174098920 0
1 174103666 5e-04
1 174125295 0.7531
1 174134368 0.7531
1 174136185 0.0263
1 174142053 0.0263
1 174144237 0.7531
1 174161478 0.9382
1 174172999 0.7331
1 174195658 0.522657992030241
1 174201602 0.9382
1 174211193 0.9382
1 174215475 0.0263
1 174220131 0.2696
1 174234783 0.7331
1 174251916 0.7531
1 174252322 0.9382
1 174252749 1.2005
1 174257245 0.9382
1 174327812 0.692070581346678
1 174333802 1.1256
1 174343675 2.10338285877424
1 174356554 0.803859920718243
1 174375263 2
1 174388507 0.9382
1 174405166 0.8227
1 174408532 1.2005
1 174415979 0.8227
1 174417974 1.8316
1 174438724 0.8227
1 174448093 0.477241924977441
1 174454927 0.8227
1 174465194 0.255
1 174511420 0.7331
1 174515500 0.8227
1 174515794 0.8227
1 174522480 0.8227
1 174524207 1.98070382007958
1 174527129 0.7331
1 174529909 1.8316
1 174534256 0.8227
1 174550973 1.2745
1 174562331 0.9382
1 174574712 0.255
1 174634889 5e-04
1 174635894 0.8227
1 174636032 0.9382
1 174650180 0.9382
1 174674449 0.8227
1 174682305 0.0263
1 174686479 2
1 174695711 0.248118178593184
1 174734213 2.4916
1 174754690 2
1 174770348 0.961752822469547
1 174778681 0.1774
1 174784914 0
1 174793184 0.9382
1 174828729 0.2258
1 174838948 0.0263
1 174843361 1.8757
1 174847389 1.5755
1 174849409 0.063328807852188
1 174895646 1.8912
1 174925885 0.414
1 174936774 0.7997
1 174946925 5e-04
1 174953908 0.488
1 174962205 0.627901316688863
1 174964277 0.9327
1 174968993 2.8126
1 174992934 0.9382
1 175001369 1.004
1 175007753 0.9382
1 175012036 1.8483
1 175019430 0.8466
1 175032424 1.087
1 175061227 1e-04
1 175062761 1.70832156580672
1 175076632 1.66561807039843
1 175078664 1.1132
1 175092236 0.601121541183976
1 175106150 2
1 175106623 2
1 175107492 2
1 175109130 0.9304
1 175109329 0.5173
1 175114874 0.302084535292074
1 175120827 0.8263
1 175123538 2
1 175125811 0.4294
1 175137396 0.499233551818831
1 175148412 1.1662
1 175158398 0.891
1 175164490 0.9783
1 175167657 0.9783
1 175187328 2
1 175187449 2
1 175187742 0.0461423914331546
1 175193944 2
1 175201117 0.0332
1 175205353 2
1 175207951 2
1 175213947 2
1 175220312 0.1028
1 175231226 2
1 175232879 2
1 175234318 2
1 175236627 0.0275
1 175242436 2
1 175244601 0.0275
1 175253607 2
1 175259815 0.0275
1 175263297 0.0275
1 175272382 0.0275
1 175273751 2
1 175273779 0.0275
1 175274703 5e-04
1 175278686 0.0275
1 175289040 2
1 175298935 0.0275
1 175304832 2
1 175305842 0.9336
1 175321573 1.66219055437923
1 175321719 1.0354
1 175324288 1.24394222293223
1 175329457 0.894763411310434
1 175330165 1.414986814531
1 175331077 5e-04
1 175331166 5e-04
1 175334459 0.651880908940842
1 175338785 0.694659261300049
1 175346365 0.3092
1 175346464 1.49013578711357
1 175347074 0.06859042617756
1 175362481 2
1 175369937 2
1 175370207 2
1 175374498 2
1 175382751 2
1 175400211 0.1441
1 175403977 2
1 175410558 0.2207
1 175412379 0.0181
1 175414928 0.2207
1 175417458 1.1098
1 175426029 1.1662
1 175438468 2
1 175439331 0.7541
1 175447512 2
1 175449989 2
1 175466905 0.5849
1 175482045 1.1130330355974
1 175508108 2
1 175536830 0.2484
1 175537067 0.6981
1 175551653 0.1016
1 175554106 2
1 175573190 2.08410042005389
1 175612451 0.464
1 175650721 1.15910357041055
1 175651611 1.038
1 175657979 1.94869511083478
1 175661387 0.856507506505258
1 175661658 1.6138301740585
1 175664371 1.0427
1 175693271 5e-04
1 175701494 1.2206
1 175716359 2
1 175722810 2
1 175723772 2
1 175727439 0.8579
1 175737881 1.2915
1 175740703 0.8579
1 175745306 2
1 175758404 2
1 175758576 0.1412
1 175763734 2
1 175768678 2
1 175780658 0.1481
1 175798806 0.1481
1 175800123 0.1481
1 175811387 0.1343
1 175848366 0.1016
1 175868196 2
1 175878952 0.2571
1 175906128 0.7006
1 175913277 0.7006
1 175917134 0.7006
1 175927570 2
1 175964102 2
1 175979499 2
1 175980239 2
1 175986513 0.114037950839938
1 175986598 2
1 175994226 2
1 176004520 2
1 176005315 0.0660066924917055
1 176007637 2
1 176018020 2
1 176032237 2
1 176032690 0.0999067429781904
1 176037245 2
1 176042358 2
1 176074661 2
1 176075477 0.505427603334601
1 176083712 2
1 176108430 1.6921
1 176115315 2
1 176123532 2
1 176148669 2
1 176168419 0.87223256680933
1 176180532 2
1 176205997 2
1 176215250 2.784
1 176217034 2
1 176224815 1.48332617995954
1 176232485 2
1 176238417 0.594984160187063
1 176278383 2
1 176310911 2
1 176314080 2
1 176320922 2
1 176320964 2
1 176333598 2
1 176366590 2
1 176384990 2
1 176409692 2
1 176449787 0
1 176470869 2
1 176472864 0.6609
1 176490573 0.2107
1 176565801 2
1 176576474 0.3088
1 176580600 0.4349
1 176653736 2
1 176659323 2
1 176735442 2
1 176766986 2
1 176776940 2
1 176805061 2
1 176811330 0
1 176825999 2
1 176847326 2
1 176872208 2
1 176909543 2
1 176919180 1.1721
1 176925812 2
1 176929114 1.1721
1 176941786 1.1721
1 176952230 0.0078
1 176969567 1.7253
1 176982641 1.4481
1 176988155 0.3282
1 176988464 0.3282
1 177002416 0.3389
1 177029171 1.2962
1 177031367 0.3065
1 177043792 1.3944
1 177045893 0.3065
1 177050643 1.3896
1 177068715 2
1 177081321 1.21634566323985
1 177084750 1.5413
1 177119507 2
1 177162931 2
1 177163323 2
1 177163705 2
1 177184344 2
1 177190144 2
1 177191796 1.7255
1 177212211 2
1 177266121 0.151839141568322
1 177285927 2
1 177293209 1.5556
1 177294527 2
1 177310985 0.6407
1 177315320 0.728686200468947
1 177329312 0.7852
1 177339515 0.3722
1 177374444 0.690983645388812
1 177381812 0.0644341062075179
1 177385997 0.160197525918934
1 177393548 1.2904
1 177394603 1.2904
1 177394619 1.2904
1 177401513 1.2904
1 177406364 2
1 177423774 2
1 177440237 2
1 177443516 0.843469329507455
1 177444771 2
1 177486396 0.386576257740466
1 177488167 0.461918100832719
1 177492601 0.215946130936551
1 177496100 0.12593458076237
1 177498839 0.401762166852448
1 177512695 0.624162772072604
1 177528925 1.42717664521246
1 177530678 1.15598168545611
1 177546639 0.7798
1 177553617 0.7798
1 177561722 0.9517
1 177570832 0.7798
1 177575346 0.8128
1 177582293 0.7798
1 177591968 1.1061
1 177597524 0.7798
1 177597888 0.8128
1 177609947 1.1061
1 177614045 0.517898549114831
1 177616142 0
1 177642926 0.9755
1 177654956 0.206444997356664
1 177670474 0.4715
1 177673984 0.353343640962815
1 177674833 0.3213
1 177676216 0.523398085684707
1 177700167 2
1 177715548 2
1 177726642 2.0805
1 177728692 0.3162
1 177731171 0.5722
1 177734763 2
1 177751546 6e-04
1 177759779 2
1 177772101 2
1 177776319 0.60849823291792
1 177795890 0.5237
1 177805262 0.2578
1 177809790 0.2578
1 177814509 0.5791
1 177826508 2
1 177828212 0.939
1 177830753 0.939
1 177839985 0.939
1 177841768 2
1 177843087 1.0405
1 177856697 2
1 177871919 1.4158
1 177872760 0.1833
1 177878881 1.4158
1 177880108 1.41625064905258
1 177883274 0.0273
1 177883654 0.627078397250184
1 177897657 2.17696977751503
1 177907573 1.4158
1 177916353 1.2385093809057
1 177955011 1.0611
1 177971379 0.466266380320577
1 177971477 0.917535661356789
1 177980753 0.0362187154457711
1 177993968 0.0240424113183914
1 178003134 2
1 178045056 2.02682126422593
1 178079086 2
1 178131095 2
1 178155461 0.0108
1 178162504 0.0597761447733783
1 178173913 0.1042
1 178257847 0.1568
1 178290428 1.62496200844481
1 178290878 1.435
1 178366593 0.787940445677395
1 178518726 2
1 178543861 2
1 178545425 2
1 178552781 0.8919
1 178555419 0.0742
1 178559087 2
1 178561982 2
1 178562715 2
1 178570993 0.6191
1 178575868 0.8919
1 178577516 0.8919
1 178578703 0.8919
1 178582772 0.8919
1 178610269 0.8724
1 178610821 0.634
1 178613485 0.634
1 178633561 5e-04
1 178642798 2
1 178646530 2
1 178650765 0.8724
1 178653625 2
1 178655221 0.8724
1 178663189 0.1113
1 178675321 0.5957
1 178685487 0.4485
1 178694374 0.5645
1 178695543 0.203362925317471
1 178696312 0.0137
1 178698293 0.1113
1 178704213 0.0946
1 178716134 0.0946
1 178730362 0.7479
1 178764155 0.423698141776255
1 178809796 2
1 178811515 0.0642
1 178832639 0.7479
1 178839624 0.7479
1 178938326 0.5953
1 178950177 2
1 178952166 2
1 178956524 2
1 178961896 1.2831
1 178973877 0.453619288248017
1 178974441 0.278945441699514
1 178976832 1.06498621344943
1 178992417 0.564151498962171
1 178997667 1.72221073048427
1 179000502 1.866
1 179008491 0.602
1 179025509 0.702324429617778
1 179039742 1.2358
1 179039800 0.831
1 179043567 1.3252
1 179057825 0.44822175878332
1 179062478 1.232
1 179110055 0.982757214810878
1 179113625 1.449
1 179113865 0.838801558630002
1 179122816 0.136190894171942
1 179124603 0.327796696841269
1 179128160 0.242618994104476
1 179131156 1.98134176797048
1 179138295 1.49022342958741
1 179148915 0.409366275826667
1 179162962 1.3275
1 179202735 1.2889
1 179215485 0.222312595636185
1 179224797 1.20661586870561
1 179254591 0.0400546108790309
1 179259261 0.0891019476503833
1 179264910 1.717149307909
1 179266490 1.449
1 179271071 0.532
1 179286288 2.0446908805461
1 179291934 0.760619851803855
1 179298002 0.0353335593014847
1 179305307 1.62590007258574
1 179310888 0.08585042308276
1 179315884 0.204306987142536
1 179321157 0.194435444045434
1 179321513 2
1 179327799 0
1 179334751 0.5471
1 179337065 0.0100386341848296
1 179341127 0.0844814145964468
1 179347934 2
1 179350733 2
1 179351144 2
1 179358456 2
1 179358823 2
1 179360421 0.2243
1 179365666 2
1 179367103 2
1 179370127 2
1 179374642 0.4106
1 179376500 0.0621
1 179376623 0.0621
1 179381413 1.2379
1 179381469 0.8401
1 179392152 0.1797
1 179401364 0.1872
1 179404420 2
1 179416394 0.1872
1 179417191 0.3664
1 179418962 2
1 179421325 0.8401
1 179431138 0.12
1 179431249 0.1872
1 179434041 2
1 179445333 1.5979
1 179447510 3.1172
1 179448997 0.1872
1 179460567 2
1 179462908 1.6178
1 179466764 0.8757
1 179468682 1.6178
1 179473202 0.7105
1 179475814 1.6178
1 179476685 0.6264
1 179484186 0.7105
1 179484685 2
1 179496539 0.8757
1 179497489 2
1 179498872 2
1 179505113 2
1 179505592 2
1 179511424 2
1 179518379 0.066
1 179523304 1.5979
1 179527545 2
1 179527884 2
1 179527929 2
1 179534890 2
1 179544980 2
1 179548231 0.0234
1 179552549 1.5692
1 179553725 0.7994
1 179555613 1.5692
1 179558266 2
1 179560015 2
1 179563328 0.0073
1 179587039 2
1 179587995 0.543680774968094
1 179593898 2
1 179593906 2
1 179597161 0.8017
1 179597929 1.1095
1 179603824 5e-04
1 179608268 2
1 179612299 0.7784
1 179615048 2
1 179617915 0.7784
1 179626222 0.8799
1 179633615 0.0126
1 179635729 0.1419
1 179643634 0.0126
1 179645116 2
1 179663905 2
1 179669703 2
1 179673807 0.6192
1 179674100 2
1 179675480 0.437405115147735
1 179686925 2
1 179689039 2
1 179689225 2
1 179706773 2
1 179712958 0.2931
1 179719699 2.86221344816029
1 179721465 1.53652091128618
1 179725980 0.2842
1 179739815 2
1 179748289 1.4989
1 179752901 0.122427636961803
1 179759991 0.497735808493681
1 179762545 0.743397975536739
1 179765730 2
1 179766982 2.1022
1 179774058 2
1 179792466 2
1 179808847 2
1 179833382 1.8596276910479
1 179851658 2.49017565959638
1 179875887 2
1 179902090 1.10023695520326
1 179915410 2
1 179926726 2
1 179927750 2
1 179931509 0.0876
1 179935678 0.1068
1 179936843 0.529239687747907
1 179942411 0.552109940149917
1 179956264 2
1 179957814 2
1 179973685 2
1 179976231 2
1 179987487 2
1 179989373 2
1 180018857 2
1 180033463 2
1 180060341 2
1 180063186 0.9302
1 180064309 2
1 180075959 2
1 180089781 2
1 180107830 2
1 180113134 2
1 180120187 2
1 180124552 1.1078
1 180127231 2
1 180134020 2
1 180155315 0.3789
1 180164304 0.4658
1 180168964 1.12719005435114
1 180169919 0.5037
1 180186247 5e-04
1 180187214 0.6827
1 180196025 0.330130776794655
1 180208131 0.7121
1 180209732 0.1863
1 180231969 0.3939
1 180241791 0.373
1 180250035 0.4803
1 180250382 0.4803
1 180250429 0.3538
1 180250614 0.3538
1 180267100 1.00672421137024
1 180291258 1.20321606757056
1 180291691 1.178
1 180295515 0.0269
1 180318173 2e-04
1 180349579 0.857764613994426
1 180357067 0.0389
1 180359620 1.59347099761472
1 180366129 0.0389
1 180380276 0.053921425707643
1 180381969 1.10675685862611
1 180392495 0.441734228548556
1 180410886 2.19673384205248
1 180413647 0.229888424778876
1 180418520 0.0389
1 180435415 0.906619950343477
1 180461457 0.991715078709617
1 180469576 1.78853006121468
1 180474768 1.5962
1 180477554 0.0395426734733977
1 180480444 0.136291900366986
1 180485581 0.4230249026912
1 180488453 1.5962
1 180488774 0.346100432481759
1 180491734 0.7741
1 180513488 1.1682
1 180520601 0.1218
1 180521964 0.101068133465225
1 180532060 0.606110758571967
1 180540235 0.169034397264866
1 180541412 2.2189
1 180551336 0.562713176697986
1 180552145 0.248100854271293
1 180559245 2.532975682698
1 180566836 2
1 180572359 2
1 180575631 1.5374
1 180577887 0.204499476305651
1 180590872 1.82686966318688
1 180595183 2.4029
1 180608701 1.67875000338904
1 180617031 1.0405
1 180627607 2
1 180627811 0.5841
1 180655471 1.4241
1 180656442 2e-04
1 180660301 2
1 180661523 2
1 180669636 1.4241
1 180704875 2
1 180709174 2
1 180720673 2
1 180736071 2
1 180771480 0.5064
1 180771821 2
1 180773172 2
1 180781861 2
1 180813193 2
1 180827880 0.0804
1 180830650 2
1 180833036 2
1 180850931 1.32529503143799
1 180879945 1.222
1 180906748 0.1164
1 180918153 0.8398
1 180934252 2
1 180934343 0.776
1 180936216 2
1 180945830 1.03218299922739
1 180948858 1.07487976749887
1 180961083 2
1 180963484 2
1 180969922 2
1 180977246 0
1 180978472 2
1 180987059 2
1 181005896 2
1 181007755 2
1 181014393 2
1 181039780 2
1 181048697 2.1621
1 181064216 2.1981
1 181078700 2
1 181085386 2
1 181097202 2
1 181117551 2
1 181121961 2.2242
1 181123459 2
1 181126101 0.1693
1 181132061 0.1693
1 181146569 1.92782948339462
1 181153491 2
1 181213268 1.129
1 181215379 2
1 181215380 2
1 181221420 2
1 181224523 2
1 181227436 2
1 181228116 2
1 181230244 2
1 181240748 2
1 181252564 1.1491
1 181257688 1.1491
1 181261201 2
1 181265304 2
1 181268857 2
1 181271211 1.84996720587037
1 181282478 1.30456986422938
1 181293302 2
1 181297284 2
1 181313230 0.202546852444201
1 181318310 1.63814326974631
1 181320296 0.225573686279314
1 181333671 0.903530577098424
1 181336815 1.26323195339776
1 181338800 0.978
1 181382434 0.6993
1 181400959 0.1324
1 181425541 2.9918
1 181425755 0.453985324713329
1 181439433 0.0889
1 181440350 0.0889
1 181441573 1.77244523395096
1 181445494 0.376477136425969
1 181448334 0.0184638092486644
1 181456178 0.764528484313641
1 181460679 1.32827986445261
1 181473194 0.669277397202851
1 181501712 0.15884462974215
1 181507677 0.7124
1 181515407 1.15184264171091
1 181535634 1.05541403341979
1 181557218 1.00925627958285
1 181567440 0.413865695549617
1 181570611 1.78638446260984
1 181575190 0.72587307169649
1 181579205 1.026
1 181592647 0.613808630166027
1 181608185 0.3531
1 181617548 2
1 181629264 2
1 181630392 2
1 181649794 0
1 181688707 1.76745336655529
1 181690610 0.38059216574482
1 181695152 1.42069552098197
1 181706456 0.771683768147494
1 181708497 1.30959410960543
1 181711529 0.1048
1 181714303 2.4982
1 181714479 1.9141
1 181745036 0.1813
1 181748464 0.0984
1 181749198 2.0686
1 181759863 2
1 181763559 2
1 181780031 0.955173162419478
1 181781965 1.53180325844395
1 181790521 0.274394330095579
1 181816503 0.733
1 181823008 0.733
1 181823356 0.1888
1 181825645 0.1964
1 181828918 0.1888
1 181830888 0.1964
1 181832613 0.1964
1 181838908 0.733
1 181845661 0
1 181848357 5e-04
1 181852018 0.1813
1 181852312 0.6792
1 181855578 5e-04
1 181863952 2
1 181869804 2
1 181879972 2
1 181898677 2
1 181925802 2
1 182003867 0.268065162142676
1 182015994 0.0343760703793873
1 182018344 1.01
1 182028029 0.120695932083829
1 182031966 1.1139
1 182039472 1.1932
1 182040036 1.1139
1 182044766 1.1932
1 182046297 1.1932
1 182050627 1.1139
1 182053577 0.388938028138255
1 182053911 1.0775
1 182062697 1.76839686309188
1 182072984 0.577175693485774
1 182077342 0.381963762460613
1 182083435 0.8719
1 182084822 1.1155
1 182089820 2
1 182091775 1.1155
1 182108545 1.20333291256272
1 182112119 0.5966
1 182118149 1.2788
1 182145434 0.594196884428692
1 182170408 0.0128538879380848
1 182218328 0.837210901830758
1 182218749 2
1 182249656 2
1 182258215 2
1 182274330 2
1 182283599 1.3748
1 182287225 2
1 182295362 2
1 182297738 0.4484
1 182299882 0.4484
1 182300012 0.4484
1 182311072 0.388
1 182312016 2
1 182333703 2
1 182343341 0.235100348084779
1 182350975 2
1 182351741 2
1 182352397 1.2133
1 182369356 1.1265
1 182385715 2
1 182391034 2
1 182391795 2
1 182403511 0.7957
1 182413154 0.0263
1 182415584 0.5429
1 182447280 0.9566
1 182451313 0.077
1 182470398 0.9282
1 182471619 1.1095
1 182472797 1.3611
1 182505382 0.1008
1 182516614 0.1008
1 182521380 0.1008
1 182521825 0.1008
1 182542634 0.0790509535354256
1 182545525 1.9275
1 182546341 1.77361171244829
1 182548103 0.191921762943607
1 182555240 0.670551263925148
1 182562425 5e-04
1 182563413 0.0731
1 182569906 0.2856
1 182576930 0.307735711144006
1 182579472 2
1 182580201 2
1 182621016 5e-04
1 182649125 2.0617
1 182649424 2.0617
1 182654144 0.121274707026815
1 182674912 1.4777
1 182701863 2
1 182708483 2.0005
1 182714952 0.5054
1 182717307 0.5054
1 182728014 2
1 182734704 0.260124829029549
1 182735866 2
1 182741599 2
1 182741700 0.293
1 182746703 2
1 182794470 2
1 182818450 2
1 182865629 0.387468498220641
1 183002612 0.561942766884239
1 183002855 2.785
1 183005193 2
1 183005467 0.97489391338553
1 183009772 2
1 183011333 0.300024050882061
1 183016390 0.873347549271153
1 183018113 2.44472457706629
1 183024616 1.12218801386506
1 183028626 0.717180868332366
1 183031013 1.06836197666125
1 183038930 0.602458530482493
1 183054148 2.08010336163106
1 183055028 2
1 183056420 2
1 183059091 2
1 183062121 2
1 183071380 2
1 183077399 2
1 183080681 2
1 183081475 0.0236295320862269
1 183083431 2
1 183083866 0.880335573266566
1 183099370 0.671967706235481
1 183118878 0.0303580465484824
1 183122857 0.485367381001842
1 183130686 0.345279455662491
1 183142906 1.01385482953184
1 183145729 0.930187965054395
1 183149896 5e-04
1 183150027 5e-04
1 183178715 2
1 183179999 2
1 183189008 0.586921941763525
1 183192734 2
1 183193943 1.94348164680907
1 183195799 2
1 183197916 1.02767899450631
1 183204029 0.5078
1 183213053 0.0119923834092714
1 183218869 0.369279027244023
1 183223793 1.95981049549458
1 183229230 0.354224539005721
1 183256226 0.463358071248407
1 183288083 1.72272602131728
1 183288343 0.4148
1 183295909 0.560766450532105
1 183298114 0.6687
1 183321076 2.6681
1 183325934 0.0760670687620751
1 183328341 0.2052
1 183331035 0.346113567611139
1 183338381 0.507260510630329
1 183340331 0.0078
1 183341041 1.78832055111185
1 183341191 0.266564014711221
1 183391160 0.296027021327578
1 183400645 0.464010274653937
1 183414508 0.1791
1 183417402 0.1791
1 183429392 0.373873163411829
1 183430478 0.1657
1 183483410 0.0484
1 183507794 0.0484
1 183520068 0.0484
1 183555720 0.114
1 183565800 0.656843002462799
1 183572707 0.596623007862437
1 183581298 0.0452
1 183585314 2
1 183592150 2
1 183594705 2
1 183604759 2
1 183610591 2
1 183611144 2
1 183632196 0.58
1 183698240 0.505711140108399
1 183698997 0.3121
1 183704192 0.545420877962372
1 183707656 0.193414923911128
1 183710777 0.134697227034894
1 183724275 0.193010265140614
1 183725146 0.700597307261125
1 183727911 1.96398495715753
1 183734880 0.2763
1 183737140 0.329912793121589
1 183744448 2.3091
1 183745014 1.7068697951593
1 183746222 0.45181450804517
1 183752514 0.488663043785303
1 183769019 0.319796923227331
1 183769430 0.841474453286344
1 183771615 0.3309
1 183777127 0.72805216583624
1 183795513 0.252623061044204
1 183834973 2
1 183847882 2
1 183856547 0.0078
1 183880385 2.9898
1 183895727 0.4845
1 183903350 0.0973165844888404
1 183904764 1.0201
1 183907153 1.0201
1 183911830 1.3142
1 183965815 0.0385
1 183969946 0.0385
1 183975650 0.601393057311869
1 183976998 0.5880882448313
1 184001260 0.1435
1 184006911 1.4315
1 184013497 0.6804
1 184023645 2e-04
1 184039545 1.177
1 184055599 2
1 184072338 2.8715
1 184100081 1.734
1 184110375 0.6886
1 184155370 1.7577
1 184155889 1.7577
1 184162703 0.777183655137376
1 184170636 2
1 184191343 2
1 184214575 2.788
1 184219154 2
1 184219403 0.5665
1 184223811 2
1 184233509 2
1 184233705 0.5749
1 184236039 2
1 184236659 0.5749
1 184240480 0.5749
1 184255210 2
1 184259481 2
1 184279101 2
1 184311402 0.5166
1 184367696 1.91159118358817
1 184375519 2
1 184377291 0.973730315309775
1 184405551 2
1 184410040 0.8628
1 184411461 0.6233
1 184471257 1.62503092749466
1 184472920 2
1 184495499 2
1 184534669 2
1 184540985 2
1 184541730 2
1 184543728 2
1 184567037 2
1 184568372 0.321068269624876
1 184569338 0.953692041741999
1 184580686 1.4538
1 184587405 2
1 184614844 1.44
1 184620992 1.4135
1 184633964 0.400522533743214
1 184645577 1.7421
1 184651093 2.9778
1 184653307 2.97146355950018
1 184654425 2
1 184684407 2
1 184684499 2
1 184750748 2
1 184781304 3.01047248339123
1 184788065 0.141964131402998
1 184795606 2
1 184813538 0.1003
1 184830209 0.1609
1 184834374 2
1 184843031 2
1 184853395 2
1 184872712 2
1 184883679 2
1 184892766 2
1 184916095 2
1 184935814 0.4211
1 184947550 0.2648
1 184951621 0.499945415532859
1 184961897 0.548512748539706
1 184972494 0.169568659451859
1 184972617 0.041957635701492
1 184977312 0.0646
1 184979991 5e-04
1 185018987 5e-04
1 185085555 0.1838
1 185119565 0.2011
1 185125145 0.2011
1 185175215 1.49047747548721
1 185195246 0.51356963671894
1 185203616 1.20251908402715
1 185204515 2.4059
1 185235416 0.1345
1 185257502 0.3309
1 185261718 0.4978
1 185262855 0.4972
1 185263119 0.4978
1 185349682 0.5109
1 185358099 0.3507
1 185359526 0.5109
1 185412032 0.0681
1 185419969 2
1 185431616 0.0511275770044322
1 185440629 2
1 185441843 1.46292643600909
1 185455652 2
1 185473797 0.1394
1 185477005 0.1394
1 185478235 1.52859367746946
1 185488556 0.857768327777656
1 185498815 1.2181
1 185503234 1.2181
1 185506833 0.8034
1 185509512 0.7847
1 185527961 1.1655
1 185538881 2
1 185556862 0.425738161311717
1 185565912 1.59602138928778
1 185568407 1.01747335272203
1 185580101 0.704583243899655
1 185585344 0.198558595614576
1 185589843 0.621759060317468
1 185592763 0.215934683346784
1 185620378 1.8316
1 185623184 2.5407
1 185624307 2.052
1 185631439 2.217
1 185667325 5e-04
1 185697963 0.8901
1 185974327 2.0202
1 185989605 1.9814
1 186009377 2.2653
1 186052900 0.2488
1 186057035 0.551631136555216
1 186086045 1.36236186930615
1 186121614 0.232238235934891
1 186128776 2.72349024069713
1 186132407 0.4778
1 186157661 0.177360965656641
1 186179414 2.0005
1 186190703 0.0053
1 186220464 2.1967
1 186222234 2
1 186222320 2
1 186223814 2
1 186232512 2
1 186233664 1.04375521860758
1 186234925 2
1 186238128 2
1 186240775 2
1 186241558 2
1 186242105 2
1 186243245 2
1 186248003 0.6018
1 186248663 2
1 186269275 2
1 186278792 0.541371108398778
1 186288676 2.9805
1 186302047 2
1 186321201 2
1 186346342 1.3097
1 186360737 0.56144438901926
1 186364550 2
1 186366319 2
1 186367345 2
1 186370164 0.214585383726232
1 186379486 2.0993
1 186433154 1.1887
1 186437528 1.1887
1 186453389 2
1 186490832 1.336
1 186533562 1.336
1 186537194 1.336
1 186542610 1.336
1 186548356 1.336
1 186549751 1.1887
1 186555699 1.336
1 186567411 1.48139870052411
1 186577044 1.1887
1 186593798 1.336
1 186595369 1.1887
1 186603415 1.336
1 186612229 1.2393
1 186620869 2
1 186633170 1.1887
1 186654874 1.2648
1 186664801 2.0901
1 186666404 0.213835661823261
1 186682870 0.23150655763289
1 186691205 1.2258
1 186691295 1.0271
1 186693213 1.2912
1 186696313 1.0573
1 186722106 0.231698947636993
1 186760261 0.0066
1 186766409 0.0273
1 186773815 1.81747540416445
1 186834094 0.349
1 186857143 6e-04
1 186858289 1.07140942929854
1 186858985 0.5413
1 186866608 2
1 186889374 1.94896865522862
1 186890357 2
1 186902440 2
1 186919833 0.0181248241984414
1 186931335 2
1 186937028 2
1 186943792 2.4936
1 186949301 2
1 186953062 0.123
1 186954255 0.1224
1 186961170 0.0908
1 186963079 2
1 186964960 0.708
1 186969586 2
1 186977254 2
1 186978895 2
1 186995074 0.6881
1 187011686 1.0943
1 187045203 0.509665770002859
1 187046545 1.0943
1 187048530 2
1 187053061 0.9067
1 187062081 2
1 187081630 1.7043
1 187086340 2
1 187090709 0.9575
1 187094137 0.9228
1 187097679 2
1 187097881 2
1 187101505 2
1 187121541 0.3062
1 187128013 2
1 187131740 0.3062
1 187145778 2
1 187152767 0.656212565209048
1 187154053 2
1 187179359 2
1 187183950 0.1686
1 187185550 0.960834122896155
1 187194129 2
1 187204167 0.438648035532816
1 187211881 0.0837602635749777
1 187216935 2
1 187222047 2
1 187224420 2
1 187239636 2
1 187268032 2
1 187273163 2.052
1 187299112 2
1 187299634 2
1 187310558 2
1 187316983 2
1 187351766 2
1 187351916 2
1 187361409 0.1071
1 187373681 1.6996
1 187380322 0.3692
1 187383551 1.7577
1 187384054 1.7577
1 187393985 1.3671
1 187394971 1.1972
1 187399568 0.7519
1 187415592 2
1 187421536 1.2315
1 187436746 2.0304
1 187456412 2
1 187467883 1.18632523716462
1 187470713 0.4906
1 187473737 2.1967
1 187478148 0.1268
1 187486097 1.5104
1 187493243 1.8272
1 187500704 0.1546
1 187551146 1.8433
1 187553906 0.1336
1 187554405 0.1268
1 187560772 0.960821518750518
1 187560987 0.458526263139179
1 187585228 0.7006
1 187587964 2
1 187615752 0.242145569585944
1 187629330 0.524833047389585
1 187632117 2
1 187634793 2
1 187639102 0.6142
1 187640718 2
1 187647661 2.34899254011334
1 187651089 2
1 187653438 1.48302816624386
1 187661768 2
1 187669088 2
1 187670893 2
1 187673554 2
1 187676119 2
1 187677745 2
1 187684504 2
1 187684730 0.6142
1 187684850 2
1 187690080 2.6692
1 187697832 0.075796192268719
1 187716012 0.5507
1 187722674 2.5965
1 187723347 5e-04
1 187736604 0.176650542145352
1 187745545 0.779645291488858
1 187745934 0.3255
1 187750122 0.1804
1 187750585 1e-04
1 187755128 2.5965
1 187756281 0.8787
1 187757043 0.50589723639615
1 187761415 0.643288449851233
1 187762486 0.0648
1 187765596 0.621615036719635
1 187769664 1.33606032482158
1 187793602 2
1 187794751 1.6972
1 187795785 2.0367
1 187796359 2.0367
1 187797431 0.158205075036181
1 187807065 0.0652766282367297
1 187814236 0.227443682711668
1 187819355 0.658388117425526
1 187830588 2.0367
1 187833906 2.0367
1 187840095 2.014
1 187845205 2
1 187858475 0.926335824263348
1 187885164 0.0619
1 187896223 2
1 187904723 0.0388
1 187917208 0.874511862991474
1 187931456 2
1 187949388 1.65284751532277
1 187973033 0.373984413285023
1 187979285 0.681232619534622
1 187997860 0.0444
1 187998960 1.48621838994651
1 188010562 1.87309011946194
1 188049224 2
1 188054649 0.392014700592368
1 188061495 1.09001446679329
1 188066264 2
1 188066487 2
1 188073181 0.405114346835844
1 188078323 0.223229389759399
1 188078598 0.112085967793463
1 188085103 0.547382364145674
1 188094756 2
1 188097877 2
1 188104599 0.742897584359729
1 188108630 1.0035
1 188119214 2
1 188124962 2
1 188128010 2
1 188131072 0.784541396849203
1 188131386 2
1 188135568 2
1 188136013 1.0035
1 188137928 2
1 188139905 2
1 188146044 2.4769
1 188154733 1.29176881549129
1 188158208 2
1 188159764 1.0035
1 188167695 2
1 188197109 0.6843
1 188198026 2
1 188199144 2
1 188204603 2
1 188217398 0.5954
1 188218816 0.5676
1 188219771 2
1 188224362 0.0078
1 188224500 0.317765248144143
1 188241264 0.5954
1 188242796 2
1 188245313 0.3579
1 188248288 1.5045
1 188257930 1.0807
1 188263031 2
1 188268519 2
1 188269110 2
1 188269361 1.5045
1 188273074 2
1 188276668 2
1 188277813 1.5885
1 188280427 2.50050141386569
1 188284234 0.834897813382753
1 188286680 0.579434005439799
1 188310064 0.9287
1 188317644 1.2566
1 188319574 0.9287
1 188320136 1.2566
1 188323819 0.3742
1 188330994 0.9196
1 188333698 0.9196
1 188334896 2
1 188336923 1.5338
1 188340736 0.9196
1 188343037 2
1 188351058 2
1 188352629 2
1 188353734 2
1 188354160 2
1 188361287 2
1 188373848 2
1 188373991 2
1 188384309 2
1 188396734 0.1644
1 188399038 1.3321
1 188408778 0.0307
1 188409286 2
1 188411579 1.5475361997038
1 188413916 0.518752868719892
1 188423835 0.620541344496958
1 188435734 2
1 188436796 0.1781
1 188443281 0.9497
1 188444493 0.0878
1 188453243 0.4884
1 188460967 0.5384
1 188462941 0.634
1 188467039 0.5384
1 188467166 2
1 188468239 0.5384
1 188469934 0.5384
1 188471788 0.5384
1 188477259 2
1 188478259 0.5384
1 188478665 2
1 188478710 0.525
1 188489420 0.634
1 188493488 0
1 188493493 2
1 188493521 0.96103596443796
1 188495177 0.634
1 188495939 2.12974859290556
1 188496437 0.8459
1 188501544 0.502404342306674
1 188505486 0.3353
1 188509818 1.0683
1 188511981 0.3353
1 188512899 0.7694
1 188517539 1.07274358865783
1 188518981 0.0332
1 188524824 1.5115
1 188526067 1.4362
1 188529850 0.0078
1 188536153 0.0332
1 188539899 5e-04
1 188545291 0.5384
1 188549537 0.0332
1 188551498 0.0447
1 188553431 2.8749
1 188565484 0.0389
1 188566151 0.0389
1 188566332 0.0389
1 188568713 0.0389
1 188568814 0.0389
1 188572621 0.0389
1 188573040 0.9783
1 188574402 0.0389
1 188575309 0.0389
1 188578214 2
1 188583477 0.0389
1 188584468 0.289859508071683
1 188591326 0.431788652559907
1 188596066 2
1 188607409 0.541230879819673
1 188620315 2.34735757180562
1 188635103 0.166541006627474
1 188657906 1.6866
1 188665853 2
1 188674590 0.3424
1 188677734 0.3424
1 188681477 2
1 188690168 2
1 188691885 0
1 188697289 6e-04
1 188699110 1.7336
1 188700481 2
1 188700728 2
1 188701167 2
1 188701542 2
1 188704230 2
1 188705556 2
1 188705584 2
1 188705609 2
1 188707786 0.153
1 188708365 2
1 188720716 2
1 188722777 2
1 188722994 2
1 188730060 2
1 188731920 2
1 188745249 0.433468283222977
1 188752688 0.684891711562814
1 188757131 5e-04
1 188777157 0.229314027001893
1 188787873 0.609460822778995
1 188792202 2
1 188792599 2
1 188794250 2
1 188794306 2
1 188796941 2
1 188798889 2
1 188799527 2
1 188884411 2.3847
1 188896888 5e-04
1 188900398 2.245
1 188903659 2.8716
1 188915900 2.245
1 188975733 2
1 188986121 2
1 188990755 2.4502
1 189005670 2
1 189013500 2
1 189038312 2
1 189052278 2
1 189052467 2
1 189054773 2
1 189061174 2
1 189076327 2
1 189080886 1.23895851574094
1 189099191 2
1 189102825 2
1 189109327 2
1 189111608 2
1 189118485 2
1 189140007 2
1 189140250 3.1148
1 189143706 2
1 189162393 2
1 189176695 5e-04
1 189182718 2
1 189188663 2
1 189209087 2
1 189231432 2
1 189242366 2
1 189262640 2
1 189264284 2
1 189266722 2
1 189270835 2
1 189277310 2
1 189293168 2
1 189300680 2
1 189303206 2
1 189327401 2
1 189328389 2
1 189333609 2
1 189337613 2
1 189339890 2
1 189341528 0.5423
1 189343904 2
1 189345087 2
1 189366548 2
1 189395087 2
1 189402844 2
1 189414281 2
1 189450509 2.1196
1 189468697 2
1 189474733 2
1 189477999 0.2568
1 189487932 2
1 189525150 1.7537
1 189539857 2.0765
1 189541042 2.1196
1 189549255 0.0078
1 189554019 2.0765
1 189555316 2.0977
1 189558131 1.7803
1 189559564 2
1 189560188 0.146205280153036
1 189561121 0.216609753543814
1 189562177 2e-04
1 189564913 2
1 189577530 2
1 189577596 2
1 189578371 2
1 189581255 2.0765
1 189583469 2
1 189590451 2
1 189608131 2
1 189618333 2
1 189646732 2
1 189651870 2
1 189657689 2
1 189658931 2
1 189668529 2
1 189669245 1.917
1 189673906 2
1 189674206 2
1 189677642 2
1 189687237 2
1 189693711 2
1 189696548 1e-04
1 189706445 0.0054
1 189711247 2
1 189719074 2
1 189719098 2
1 189734058 2
1 189748783 0.0241
1 189748802 0.829540474207725
1 189752747 2
1 189772503 2
1 189778585 2
1 189781592 2
1 189793748 1.8181
1 189796809 0.102506431363015
1 189802073 2.0801
1 189810499 1.40939123280507
1 189813448 0.342100779695869
1 189817689 0.244138582391729
1 189818523 0.3292
1 189818526 5e-04
1 189819962 0.222853417571782
1 189823701 0.331751443150878
1 189827256 0.200438920251926
1 189827921 2.0801
1 189830288 0.168773166785187
1 189830919 0.887865503738249
1 189830950 0.168465659494527
1 189832005 0
1 189832224 1.16024368984304
1 189835853 2
1 189836660 0.53333608195929
1 189841637 1.3704
1 189849325 0.83740532370293
1 189850861 1.64746909726946
1 189863747 1.3547
1 189870710 1.00093249077364
1 189881527 2
1 189887258 2
1 189890429 2
1 189908347 2
1 189913377 2
1 189934178 0.659
1 189935503 0.594481797224337
1 189942786 0.329310016993376
1 189943523 1.53340561464823
1 189945244 0.866533160306223
1 189948414 2
1 189953278 0.209946549215482
1 189967019 0.48526769196768
1 189968839 0.5992
1 189978985 2
1 189985792 2
1 190003913 2
1 190008148 2
1 190008728 2
1 190011997 2
1 190021986 2
1 190022749 2
1 190023121 2
1 190023526 2
1 190026896 3.1272
1 190027654 3.1272
1 190030480 0.5336
1 190030996 0.6918
1 190032772 3.1272
1 190033887 0.517
1 190036483 0.5336
1 190038348 0.5336
1 190058672 0.5504
1 190059474 0.5504
1 190074960 6e-04
1 190075919 0.5504
1 190088550 1.0683
1 190092918 1.0952
1 190093556 1.0952
1 190104252 0.517
1 190111610 2
1 190114254 1.7134
1 190117991 2
1 190118131 2
1 190127291 2
1 190156563 5e-04
1 190162440 0.4179
1 190163807 1.3083
1 190165462 0.0403
1 190170322 0.4114
1 190177081 1.6371
1 190222124 0.1157
1 190294262 0.0076
1 190298977 0.1157
1 190405486 5e-04
1 190417525 1.0129
1 190466719 1.8626
1 190479446 2
1 190482268 2
1 190506775 0.4495
1 190507497 2
1 190539930 0.4268
1 190551551 2
1 190551582 2
1 190559861 2
1 190562512 0.4381
1 190590150 0.0835
1 190604936 0.5292
1 190607369 5e-04
1 190611768 2
1 190613206 2
1 190614515 0
1 190626034 0.0964
1 190645412 2
1 190654421 2.245
1 190659968 2
1 190664459 2
1 190669151 2
1 190694952 1e-04
1 190705468 2.0836
1 190724004 5e-04
1 190724189 2
1 190733093 2
1 190740014 0.921
1 190770713 1e-04
1 190776677 1.8912
1 190778771 1.8912
1 190782796 2
1 190784694 1.8912
1 190794559 0.0943649857775599
1 190794624 1.9071
1 190797858 2
1 190815087 2
1 190828881 0
1 190832485 2
1 190836156 2
1 190843953 0.1006
1 190850349 2
1 190856540 2
1 190885221 0.1282
1 190885940 0.0430421525146031
1 190886561 2
1 190893881 1.3271
1 190899390 2
1 190900487 2
1 190901075 2
1 190910452 2
1 190914292 1.04246766036561
1 190918688 1.1598
1 190921047 1.1598
1 190927343 2
1 190928844 1.1856
1 190930055 0.1282
1 190932060 0.1282
1 190933891 1.097
1 190966608 2
1 190972290 2
1 190973740 0.9384
1 190978980 2
1 190981832 1.212
1 191015346 0.162739592181448
1 191038676 0.779844621491404
1 191047620 0.793101996650052
1 191100481 0.887593252274611
1 191114342 2
1 191133044 0.951246795421578
1 191133671 0.127228939502375
1 191140730 2.08082036479398
1 191162430 1.06437448200301
1 191177727 0.549081819394779
1 191180500 0.168068828673363
1 191184323 2
1 191185764 2
1 191187298 2
1 191191114 0.9853
1 191206883 2
1 191210046 2
1 191214618 2
1 191216785 2
1 191222021 0.3084
1 191223326 2
1 191236420 2
1 191237294 1.22788158567506
1 191237918 0.7846
1 191238410 0.7846
1 191240227 2
1 191244682 2
1 191244805 2
1 191250849 0.805
1 191262123 0.6139
1 191264938 2
1 191285958 0.661647785720726
1 191287624 2.299
1 191295891 0.209689151807925
1 191297559 0.0807
1 191305827 0.0807
1 191322286 2
1 191330341 2
1 191333287 0.293
1 191336633 2
1 191349240 0.7108
1 191352056 1.4207
1 191361986 0.0806
1 191376263 0.6139
1 191386700 0.5621
1 191388969 2
1 191394649 0.7578
1 191415587 2
1 191421300 8e-04
1 191429924 0.0624
1 191449206 2
1 191489955 2
1 191496715 3.10538393376757
1 191521837 2
1 191522064 2
1 191522832 2
1 191524435 2
1 191525665 2
1 191552539 0.7448
1 191583239 0.784
1 191600940 2
1 191601735 0.309139205084416
1 191605950 2
1 191613762 2
1 191628209 1.76395430389902
1 191628443 1.6649
1 191628852 1.25539513684246
1 191636476 2
1 191649748 2
1 191652614 2
1 191653147 1.76428202917725
1 191655548 0.1408
1 191663068 2
1 191664216 0.964
1 191664349 2
1 191670582 2
1 191705499 0.964
1 191711898 0.964
1 191714279 2
1 191717372 0.964
1 191718254 0.964
1 191718596 1.6868
1 191726544 2
1 191739735 1.93599869915273
1 191744838 2
1 191756867 2
1 191759052 0.558144157333352
1 191779876 2
1 191782996 0.9313
1 191786533 0.9989
1 191809541 2
1 191842911 0.2264
1 191849391 2
1 191872330 2
1 191872445 2
1 191885365 5e-04
1 191890197 0.9313
1 191907566 0.7355
1 191911187 0.477711272063932
1 191921721 1.67740579189339
1 191926074 1.4466
1 191931971 1.1797
1 191942861 1.93166589243072
1 191944150 0.118161356966596
1 191950987 1.3289
1 191960417 2
1 191967426 1.31406374421295
1 191968761 0.765960799791517
1 191980517 0.629011605113394
1 191996766 1.12543418509469
1 192002684 3e-04
1 192012629 1.2154
1 192014841 1.2154
1 192015714 0.395947819080041
1 192031298 1.3289
1 192036064 2.30552336729945
1 192040138 1.10110331858277
1 192058565 2
1 192081544 0.149479410548194
1 192084869 1.9209322796146
1 192085489 1.12209105109704
1 192085761 0.663133021285309
1 192089549 2
1 192109006 2
1 192111790 0.1677
1 192115047 5e-04
1 192124477 0.1831
1 192129549 2
1 192196162 2
1 192244106 2
1 192273107 2
1 192317520 2
1 192339683 2
1 192348655 2
1 192351686 2
1 192390517 0.582446245325868
1 192397561 0.873479627028465
1 192398539 0.270036426778016
1 192398546 0.7491
1 192401121 1.3104122074573
1 192418712 1.32848872878055
1 192420060 2.00319705143804
1 192420349 1.38505836487986
1 192434061 0.5543
1 192435502 0.788592410055792
1 192449303 0.5374
1 192452074 0.5374
1 192454266 0.0331
1 192480944 0.161190690348934
1 192516608 2
1 192516789 0.552
1 192526224 2
1 192533062 0.6293
1 192542946 0.1622
1 192555855 0.1351
1 192568270 0.1351
1 192570207 0.255651066870261
1 192578580 1.1156
1 192585487 0.9841
1 192586979 0.9841
1 192605860 4e-04
1 192606208 1.71496202040054
1 192609633 2
1 192613172 0.8356
1 192615930 2
1 192621342 2
1 192634560 2
1 192643264 0.0329
1 192679434 2
1 192682829 2
1 192708686 2.0073
1 192758440 2
1 192761375 2
1 192773867 2
1 192778419 2
1 192782651 2
1 192786966 2
1 192789485 2
1 192818301 0.801627323164797
1 192818613 1.4404
1 192820404 2
1 192833433 1.9854
1 192838595 1.9854
1 192852490 0.1789
1 192856400 0.0255
1 192884705 0.1789
1 192917684 2
1 192918863 2
1 192923991 2.784
1 192991785 0.0515392479279098
1 193071970 0.1763
1 193088077 0.1915
1 193133459 2
1 193143645 0.2485
1 193144388 5e-04
1 193188799 0.2485
1 193234150 5e-04
1 193273977 0.2485
1 193343172 0.5705
1 193367166 0.3517
1 193408570 0.390910716480717
1 193442878 2.0005
1 193465256 2
1 193470789 2
1 193477574 0.6931
1 193484607 0.99
1 193487731 0.890203221573356
1 193489867 2
1 193491361 1.0435093302616
1 193492116 0.153025483076416
1 193492240 0.354617516605877
1 193495333 1.26999339757798
1 193501669 0.8715
1 193507447 0.277039569972977
1 193520039 2.56023987957573
1 193527894 0.649647046285529
1 193561954 0.2211
1 193563891 1e-04
1 193577075 2
1 193577546 2
1 193588240 0.3015
1 193622906 2
1 193628235 2
1 193631911 2
1 193632862 0.378393062312621
1 193640531 1.22536148314066
1 193642383 0.973020760529733
1 193643760 1.77728116284228
1 193657659 0.93402309889867
1 193668759 0.03115184820122
1 193671871 1.77379520456457
1 193680068 0.579492004429631
1 193695768 0.791408717287622
1 193701397 2.38293922428051
1 193703528 0.566164509595501
1 193707537 0.691033751254088
1 193711744 0.573901634991964
1 193713045 1.02506510932421
1 193713060 0.0833716718542882
1 193715509 5e-04
1 193715543 1.0123454763665
1 193728832 1.427
1 193728869 0.321142896076882
1 193732199 0.551001565179853
1 193733613 2.45
1 193733728 0.176469345727187
1 193741955 0.198690485534652
1 193751191 0.779957014882442
1 193755578 1.0399
1 193758772 0.561341639091683
1 193762461 0.505045808232035
1 193774138 1.06878476414782
1 193775236 0.461037453557939
1 193776786 2.2286
1 193780228 0.250350647981765
1 193791687 1.03063871153985
1 193809012 0.1059
1 193810038 0.1059
1 193819051 0.6951
1 193826064 0.093
1 193826807 2.54507643403314
1 193846806 0.6951
1 193849668 1.41963944682217
1 193867392 0.914308937945454
1 193867698 2e-04
1 193869609 5e-04
1 193870222 0.678936143409897
1 193875976 0.241548477631748
1 193878686 1.4619
1 193880526 1.81153660397034
1 193882135 0.693076723147948
1 193892824 0.6951
1 193893528 1.61299499154153
1 193894318 0.340418491923979
1 193904626 0.918493650276597
1 193927885 1.03881227689689
1 193938371 0.4574
1 193945783 5e-04
1 193959540 0.8506
1 193968901 0.0053
1 193982385 0.1338
1 193997804 0
1 193999450 2.138
1 194001146 0.088
1 194004125 1.0537
1 194015040 2
1 194030321 1.3166
1 194032275 0.9482
1 194038032 0.509162139617036
1 194040089 0.724
1 194040454 1.8039
1 194041189 1.1277
1 194043418 1.8081
1 194044199 0.6407
1 194052714 0.74219077952766
1 194069450 0.0085
1 194073540 1.13792405588767
1 194076867 2.4476
1 194080343 0.458229559066531
1 194082823 1.7457
1 194084100 0.405621202131517
1 194086247 2.4916
1 194088317 1.734
1 194090622 0.40218113631333
1 194093523 0.800021031352869
1 194095400 0.415983378298887
1 194099680 0.6407
1 194137616 0.4834
1 194149644 2
1 194149880 2
1 194176624 2.0714
1 194192239 2
1 194193727 2.5345
1 194204557 0.0126
1 194206060 0.0127
1 194211130 0.0126
1 194219592 0.0126
1 194247098 2
1 194251936 0.0126
1 194263122 0.0126
1 194263147 0.0126
1 194264423 2
1 194269427 0.0126
1 194271091 1.2784
1 194277306 0.4897
1 194292509 2
1 194303925 1e-04
1 194315814 2
1 194320644 2
1 194323368 0.0181
1 194326237 2
1 194327199 2
1 194339518 0.0181
1 194341334 0.0181
1 194348471 2
1 194350448 0.0181
1 194361508 2
1 194375127 1.1195
1 194377422 1.086
1 194382122 1.2919
1 194382822 1.086
1 194383193 0.7859
1 194383267 0.7859
1 194390985 1.086
1 194398666 0.0292
1 194400644 0.0348
1 194412828 1.05127173533238
1 194414227 0.191006806805396
1 194414575 0.821295830793324
1 194418092 0.318880809255328
1 194418741 0.560595906377482
1 194420815 0.226982763275779
1 194422897 3.92907897505868
1 194440168 0.366406327474
1 194467311 0.663020072898594
1 194473465 1.25305832163274
1 194481202 5e-04
1 194485568 0.75822239403651
1 194502408 1.00078984571113
1 194508376 0.481326837904551
1 194510153 0.0181
1 194517494 2
1 194525806 2
1 194530520 1.33408634169752
1 194547667 1.93873217545611
1 194553112 0.166381630129422
1 194573340 0.532452731644249
1 194580331 0.130769134224509
1 194586201 1.62593140107691
1 194592463 0.215181410854406
1 194593142 0.463006449760487
1 194593394 0.0873620346208763
1 194604073 0.9903
1 194614532 2
1 194615847 2
1 194618317 2
1 194625785 2
1 194633477 2
1 194650115 2
1 194654716 2
1 194656621 1.0584
1 194661320 2
1 194661563 2
1 194673919 2
1 194678114 0.948
1 194678143 0.0712
1 194682991 2
1 194686078 2
1 194722263 2
1 194744119 2
1 194746546 2
1 194751369 2
1 194802203 2
1 194806645 2
1 194826062 2
1 194829262 2
1 194831776 2
1 194832985 2
1 194841085 2.4936
1 194842842 2
1 194845538 5e-04
1 194845548 2
1 194848836 1.5269
1 194857463 2
1 194859179 2
1 194864521 1.37046066912915
1 194869545 0.95797418281577
1 194875924 2.19740533709366
1 194883654 2
1 194888078 2
1 194890049 2
1 194893518 1.9401
1 194899550 2
1 194900332 2
1 194904480 0.0078
1 194905627 2
1 194920272 1.48921138601169
1 194928524 2
1 194934937 0.803857190745526
1 194937035 0.0558010749280312
1 194939197 2
1 194940013 1.471
1 194944030 2
1 194945945 2
1 194959383 2
1 194972207 2
1 194975660 2
1 194978817 2
1 194979804 2
1 194988462 0.591986725126459
1 195009512 0.0272
1 195017257 0.352089207552453
1 195028459 2
1 195035925 2
1 195042940 1.22318056135301
1 195048562 2
1 195049656 2
1 195049706 0.0799979248207132
1 195051888 2
1 195053228 0.10436572613573
1 195057078 2
1 195063731 2
1 195063862 2.06349529036241
1 195067326 0.276157814005007
1 195069172 1.5898
1 195069239 0.204534725980186
1 195069515 2
1 195070101 2
1 195075484 0.662071045470248
1 195076207 3.39752084263189
1 195076839 0.704213529046202
1 195081397 0.792273992187396
1 195081460 0.971140537012301
1 195083075 2
1 195084358 2
1 195090660 2
1 195095728 2
1 195111777 2
1 195113358 2
1 195116316 2
1 195121406 2
1 195124863 2
1 195124936 2
1 195131266 2
1 195134099 2
1 195134523 2
1 195146471 1.79659240369699
1 195148507 2
1 195151377 2
1 195153690 2
1 195156955 2
1 195161858 2
1 195195795 1.37795466364762
1 195219627 2
1 195224534 1.26531624247897
1 195227342 0.42194458064049
1 195227659 0.1073
1 195232384 0.373777599569069
1 195253176 0.325216580562561
1 195267897 2
1 195273460 2
1 195276151 1.5355
1 195285021 0.1445
1 195289234 0.242164621151232
1 195295776 0.0263
1 195306491 0.964
1 195345368 2
1 195347839 2
1 195374152 2
1 195379014 2
1 195394042 1.5955
1 195396625 2
1 195409617 2
1 195423722 1.17031763673381
1 195430428 2.8711
1 195432401 2
1 195440165 1.22676788235501
1 195441679 1.92036888722582
1 195473572 0.835664544588347
1 195477944 0.1622
1 195487988 1.11335190135528
1 195505931 0.60532371048444
1 195512919 2
1 195518666 0.848562005911179
1 195521933 0.616873846484074
1 195523423 0.254131398620719
1 195525597 0.1482
1 195538885 2
1 195555632 0.1552
1 195569286 0.0729967322148128
1 195571309 0.1622
1 195578196 1.05675603927498
1 195582339 0.2599
1 195584849 2
1 195586190 2
1 195588052 0.1622
1 195590911 0.712485119962059
1 195596106 2
1 195601763 2
1 195627596 0.905509699824509
1 195630336 2
1 195656182 2
1 195668260 2
1 195686610 2
1 195703727 2
1 195706211 2
1 195709776 2
1 195712289 2
1 195712486 2
1 195719511 2
1 195721615 2
1 195722190 2
1 195722380 2
1 195728493 2
1 195742125 2
1 195744029 2
1 195745739 2.0866
1 195759600 2
1 195776838 2
1 195776996 2
1 195780663 2
1 195797255 2
1 195801887 1.3351
1 195803542 2
1 195820799 2
1 195822313 2
1 195822959 2
1 195825853 2
1 195831942 2
1 195833062 0.3494
1 195836955 2
1 195837615 2
1 195839778 2
1 195842804 2
1 195843316 2
1 195849101 2
1 195851037 2
1 195856033 2
1 195856235 2
1 195868749 0.423235532413018
1 195874526 2
1 195883861 2
1 195892435 2
1 195898659 2
1 195899538 2
1 195905258 0.1128
1 195907383 2
1 195913752 2
1 195914316 0.1128
1 195916049 2
1 195916091 2
1 195917426 2
1 195918342 2
1 195924546 2
1 195939901 2
1 195946779 2
1 195955583 2
1 195956983 0.247
1 195960271 0.435283147161825
1 195963751 1.0734389452001
1 195964027 0.511759537997798
1 195965797 0.9549
1 195970587 0.9549
1 195971703 0.959
1 195972383 2
1 195972743 0.9549
1 195985375 2
1 195995214 1.6544
1 196027090 0.0662
1 196028433 0.126632382312582
1 196029056 1.2355
1 196033970 1.11484222339605
1 196045620 0.251789557768356
1 196046700 1.32683465989251
1 196065355 2
1 196070188 2.4494
1 196075437 1.24154310158656
1 196078691 0.87606974657419
1 196101475 2
1 196101652 0.091
1 196108121 2
1 196110499 2
1 196119789 2
1 196120730 0.0136
1 196129224 0.145115943334884
1 196135417 0.270551950298245
1 196145354 1.5936
1 196147925 0
1 196150711 1.6224
1 196160261 0.920237066179005
1 196163930 2
1 196177032 1.6224
1 196179810 2e-04
1 196184946 2
1 196185981 2
1 196189207 2
1 196192753 2
1 196204796 2
1 196218535 2
1 196269596 2
1 196273882 2
1 196306242 0.1061191682525
1 196339132 0.7818
1 196385776 2
1 196437006 1.9372
1 196437083 2e-04
1 196459318 2.5924
1 196486566 0.3501
1 196499109 0.052
1 196510441 0.052
1 196538749 0.3045
1 196568549 5e-04
1 196589826 0.0078
1 196592895 1.4472
1 196604057 0.0579
1 196686150 0.407
1 196692600 2.9992
1 196692813 0.0263
1 196693329 0.505
1 196697958 0.407
1 196699189 0.407
1 196702851 0.407
1 196707805 0.2574
1 196711871 0.6742
1 196713029 0.7827
1 196735313 0.6112
1 196768159 0.8698
1 196773240 0.8434
1 196773691 5e-04
1 196778132 0.8698
1 196788262 0.4337
1 196802334 0.8975
1 196802441 0.8698
1 196825319 0.4797
1 196825389 0.5042
1 196827758 0.5042
1 196828162 0.90241383348469
1 196833865 0.5042
1 196839510 2.9909
1 196841492 1.21224291433435
1 196849156 2
1 196849979 0.3061
1 196852736 0.3061
1 196852790 0.6418
1 196868509 0.9278
1 196868930 0.8053
1 196870300 0.8263
1 196874919 0.8263
1 196885510 1e-04
1 196895981 0
1 196912290 2
1 196913373 0.8263
1 196948006 2
1 196960964 2
1 196980141 1.3678
1 196981220 1.3611
1 196982341 1.3611
1 196986372 0.7961
1 196989168 2
1 197036421 0.812224745789055
1 197038535 0.535435933602218
1 197039235 0.302566188121878
1 197075628 2
1 197092427 0.0502
1 197094222 0.616855410295774
1 197132133 1.2867020974617
1 197134845 0.0502
1 197135019 5e-04
1 197139297 0.0502
1 197141184 2
1 197141201 0.0502
1 197148544 1.2089791186061
1 197168623 0.624491042868103
1 197183019 0.0502
1 197183859 0.0502
1 197193396 2
1 197196950 0.0561
1 197205517 2
1 197211808 2
1 197229428 0.0561
1 197241860 2
1 197247551 2
1 197249997 2
1 197269719 2
1 197305903 2
1 197322560 0.1012
1 197330792 2
1 197363332 0.314
1 197395975 0.527788738881343
1 197399101 0.2214
1 197443846 0.713615752524424
1 197479555 0
1 197502940 0.472693582706636
1 197505524 1.2317
1 197509626 0.163014687372464
1 197519439 0.657272376829694
1 197529177 0
1 197536760 0.221952380973712
1 197543659 0.2137
1 197545069 5e-04
1 197554661 0.746331375017443
1 197576590 1.0008
1 197577296 1.0008
1 197591355 1.0008
1 197591832 0.478392877234438
1 197604188 0.0712
1 197614151 0.2137
1 197621060 0.489696720355831
1 197627375 1.0008
1 197627660 1.15419109693722
1 197629004 0.0983392943498257
1 197646539 1.1929
1 197690133 0.368231154066965
1 197691013 0.2137
1 197760067 1.4506
1 197763925 0.2061
1 197765769 0.0544446743188378
1 197766515 2.9933
1 197788627 1.0289
1 197789309 1.0289
1 197791046 1.0289
1 197798711 1.0289
1 197800731 1.0289
1 197842436 2
1 197867217 0.13033254052463
1 197873018 0.877538023089371
1 197881665 0.589717726142962
1 197888912 1.4607704930218
1 197931459 0.0227
1 197934782 0.6224
1 197937093 0.0227
1 197943070 0.3078
1 197943787 0.240843970279916
1 197959563 0.2033
1 197977960 0.6082
1 197982739 2.1804
1 197985613 0.748008796481091
1 197997297 1.5763
1 197998415 0.779992990716687
1 197998889 0.1636
1 197999366 0.856065426889209
1 197999588 0.1636
1 198001781 0.0868617642762038
1 198003610 0.6868
1 198009151 0.1654
1 198014420 0.1654
1 198020651 0.1654
1 198020872 0.0753
1 198031005 0.6261
1 198044839 2
1 198053197 0.1353
1 198057449 0.5916
1 198076730 1.5436
1 198093970 1.8016
1 198094542 1.8076
1 198100750 1.7899
1 198101101 1.7899
1 198120224 1.7957
1 198124589 1.1304
1 198128048 0.310899262237363
1 198131866 1.1023
1 198132519 1.1023
1 198137760 1.3438
1 198146016 1.2944
1 198150844 1.2944
1 198178981 0.6684
1 198178990 1.70411612351197
1 198187376 1.2944
1 198188982 1.2944
1 198192425 1.3438
1 198193747 0.7409
1 198201013 2.0005
1 198210486 1.27720476801986
1 198212848 0.448375853463875
1 198216869 0.561969987507733
1 198217690 0.507640844138458
1 198231307 0.4113
1 198234475 0.901888165485033
1 198235174 1.0448
1 198238483 0.861680361777389
1 198249377 1.10520408242507
1 198251236 1.22766239792047
1 198252561 0
1 198255536 0.6684
1 198256348 1.3881
1 198272105 1.2523
1 198280159 1.3116
1 198285259 0.6684
1 198307667 1.3575
1 198310392 0.4201
1 198333507 0.263146356169393
1 198337730 0.1088
1 198342081 1.4693
1 198344357 0.0263
1 198359563 0.4538
1 198395861 0.7959
1 198418334 2
1 198436628 0.8956
1 198436781 1.2922
1 198452137 0.0593631327220129
1 198452156 0.56826109716687
1 198467815 1.3254
1 198479071 1.4026
1 198489796 0.6684
1 198495129 1.7161
1 198506912 1.2984
1 198508132 0
1 198508152 5e-04
1 198508169 5e-04
1 198582120 2
1 198582874 1.6095
1 198637998 1.6581
1 198652953 0.4552
1 198684223 2
1 198687278 2
1 198706229 2
1 198737005 2
1 198740581 2
1 198742843 1.1662
1 198767275 2.7099
1 198812724 2
1 198817341 2
1 198819133 2
1 198823861 2
1 198826991 2
1 198863166 2
1 198868758 0.921
1 198868961 2
1 198875062 0.0902
1 198878105 2
1 198884741 2
1 198888146 2
1 198931875 0.6878
1 198933386 2
1 198968314 0.9495
1 199019050 2
1 199027179 2
1 199051858 0.8172
1 199069120 2
1 199088035 2
1 199093392 2
1 199101610 2
1 199102778 0.9761
1 199117967 2
1 199122011 0.9434
1 199129730 2
1 199131355 0.9761
1 199140674 0.8294
1 199144075 2
1 199147828 2
1 199149182 2
1 199159191 2
1 199201199 0.1281
1 199202675 2
1 199211691 2.0209
1 199212193 2.08315161809484
1 199227232 2
1 199231792 2
1 199281142 0.2711
1 199301013 2
1 199316939 2
1 199317354 2
1 199340826 2
1 199364870 2
1 199369982 2
1 199376903 2
1 199382754 2
1 199384019 5e-04
1 199387091 2
1 199390052 2
1 199400953 5e-04
1 199410312 2
1 199415869 2
1 199417752 1.40712247578527
1 199446886 2
1 199452969 1.71893004375471
1 199465331 2
1 199465462 2
1 199471603 2.0992
1 199473104 1.53524237209592
1 199478906 0.738116363876892
1 199480319 2
1 199480607 2
1 199488026 1.86504235496693
1 199496379 2.6892732061028
1 199519531 2
1 199523495 1.12924991944957
1 199553462 0.0388116454217281
1 199574042 2
1 199574321 0.5245
1 199576251 2
1 199589126 0.915359162043626
1 199590458 2
1 199594789 0.843568354756623
1 199595403 0.916290101751227
1 199595589 1.14273789295696
1 199597768 0.0329
1 199603210 0.280947090927404
1 199606576 2
1 199607191 1.44947772901684
1 199616223 0.7911
1 199617551 0.7911
1 199628330 1.0186
1 199628779 1.0186
1 199637981 0.604257705185821
1 199654234 5e-04
1 199662593 0.9855
1 199668074 1.6281
1 199671140 0.228499359967396
1 199707879 5e-04
1 199717865 1.2426516550809
1 199718064 1.056048396903
1 199723401 0.689228434381928
1 199767443 0.0107
1 199773221 2.68951993432666
1 199773383 2.0388
1 199794069 0.250466399929341
1 199799006 6e-04
1 199809422 0.828279525775537
1 199824893 0.703467581489582
1 199826100 0.26115766303248
1 199832888 0.658280613787484
1 199850950 0.0676909696231468
1 199854664 1.1689259547622
1 199888419 0.321145491222612
1 199903855 5e-04
1 199904493 1.00837657438827
1 199919537 0.463050703212102
1 199922687 2
1 199922704 0.5989
1 199941147 0.327007868439092
1 199981422 0.0504
1 199986672 0.0998
1 199999311 0.939326865925956
1 200000663 2
1 200003291 0.087
1 200006678 0.087
1 200007491 0.087
1 200035395 1.38404164078104
1 200039143 0.822942454039444
1 200060825 0.0939226103046981
1 200065841 0.136539726578039
1 200066800 0.495007759140579
1 200070835 1.166
1 200075758 0.199111722890778
1 200091853 1.2173
1 200107819 0.8696
1 200107915 0.0725147478938547
1 200109645 1.63225500613329
1 200111893 1.92284706912584
1 200112031 1.0905681727272
1 200127099 0.358504345133922
1 200131031 0.5921
1 200133528 1.07612678717495
1 200139299 0.5719
1 200173024 0.8795
1 200176381 2
1 200178903 0.631391206595366
1 200186996 2
1 200201609 2
1 200205914 2
1 200208067 2
1 200213536 2
1 200218517 2
1 200228490 2
1 200235496 2
1 200253259 0.0107
1 200281264 2
1 200284920 0.622438930245268
1 200285256 2
1 200290820 2
1 200293995 2
1 200294193 0.9309
1 200294199 2
1 200297753 2
1 200298533 2
1 200301975 3.05583909493806
1 200308572 0.906665454441322
1 200324985 0.408469139857958
1 200341774 2
1 200345490 2
1 200347177 2
1 200355000 1.27243122105641
1 200367292 0.131741010307405
1 200371775 2
1 200377250 2
1 200395313 0.379252717519267
1 200399041 1.22945975524849
1 200416463 2.788
1 200421339 0.4538
1 200436607 0.4538
1 200439054 0.4538
1 200452363 1.3416
1 200471682 1.3814
1 200485212 0.0149913297670589
1 200485630 1.1501103778101
1 200500377 0.1265
1 200517838 1.22810930310387
1 200521378 1.2852
1 200526486 0.6245
1 200532015 1.3105
1 200535528 0.260991166674719
1 200536121 1.414
1 200561565 0.1786
1 200567168 0.469474445676743
1 200571454 2
1 200582178 0.0182571199208329
1 200597340 0.5805
1 200611581 0.5805
1 200611879 0.501033656611089
1 200622521 2
1 200623579 0.4824
1 200623726 0.2765
1 200624041 0.2765
1 200624532 0.2799
1 200626649 2
1 200627135 0.0680912120168284
1 200629866 2
1 200629892 2
1 200672537 0.4968
1 200672820 0.4009
1 200674284 0.0273
1 200675350 2
1 200675747 0.4009
1 200693855 0.0893998704733602
1 200695405 0.197776901199396
1 200714867 2.4476
1 200714932 0.1799
1 200720172 0.869358725135199
1 200723622 0.683002934602491
1 200728061 1.62055093145241
1 200732620 0.1118
1 200748065 2.4294
1 200750627 0.202225437608319
1 200750647 0.1799
1 200769508 2
1 200770514 0.480369019629726
1 200798879 2
1 200816520 1.7711
1 200816732 0.3015
1 200816859 0.2144
1 200836078 2
1 200855853 2
1 200860864 2
1 200872130 2
1 200875419 2
1 200887980 2
1 200889828 2
1 200913110 1.2224
1 200915817 2
1 200919959 2
1 200925807 2
1 200943752 0.0857296291968418
1 200945439 2
1 200959181 2
1 200963102 0
1 200965522 2
1 200968901 0.6742
1 200972588 2
1 200982179 2
1 200987160 0.7091
1 200995869 0.8772
1 201018670 2
1 201042696 2
1 201073025 1.4946
1 201074717 0.327222550620245
1 201105799 0.0365
1 201109243 2
1 201138902 2
1 201143990 1.07990951485586
1 201144609 1.2753
1 201144630 1.8865119454852
1 201155395 1.7505
1 201160634 0.018
1 201161686 2
1 201179215 0.0263
1 201197470 0.1484
1 201202746 0.3274
1 201204304 0.9762
1 201208150 2
1 201228203 2
1 201231849 2
1 201234263 2
1 201236368 2
1 201243263 0.821070666155222
1 201246241 1.06754042158197
1 201247003 0.545882173105236
1 201247287 2
1 201247819 2
1 201247944 2
1 201248798 1.20674772513662
1 201248831 0.615323607453833
1 201257974 1.99008492194458
1 201258854 1.96877683978454
1 201268426 2
1 201293056 2
1 201293349 2
1 201293627 2
1 201298906 2
1 201306021 2
1 201317550 2
1 201321089 2
1 201321662 2
1 201323716 2
1 201329224 0.1191
1 201339806 2
1 201341153 2
1 201389585 0.109770173767684
1 201395442 0.294702088584183
1 201395528 0.0259003345325151
1 201400511 2
1 201402354 2
1 201443024 2
1 201443878 1.6481
1 201445655 1.6481
1 201459104 2
1 201473032 0.7603
1 201480691 0.604231105139527
1 201482724 0.683
1 201493562 0.97644621048273
1 201496929 1.1073
1 201501808 0.187187197773047
1 201503206 2
1 201505726 2.21414620215218
1 201528464 0.464424374253189
1 201539029 2
1 201555588 2
1 201562109 0.0882021200589868
1 201562535 0.394300321955671
1 201562725 1.02006161848488
1 201568357 1.27147180666752
1 201577872 1.5531
1 201589023 1.6392
1 201617231 0.514951542668645
1 201639676 0.1916
1 201641039 0.7549
1 201642203 5e-04
1 201649136 0.989290606112568
1 201659449 2
1 201689321 0.787971348686516
1 201700283 0.199508624385632
1 201719827 0.0119599346809974
1 201728190 1.64565414794029
1 201732459 0.0135
1 201732791 0.0311228576268211
1 201735534 0.2246
1 201742872 2
1 201788199 2.7548
1 201798346 2
1 201800318 1.362
1 201877561 0.8975
1 201887393 2
1 201901577 5e-04
1 201902097 1.193
1 201924527 0.63188851962397
1 201931444 0.5043
1 201967021 2
1 201974269 2
1 201977125 2
1 201979953 2
1 201984019 0.664518590207721
1 202008921 0.6955
1 202008940 0.34974674740877
1 202040213 1.0165240588288
1 202054636 2
1 202081526 2
1 202088056 2
1 202089166 0.123159584638436
1 202092584 0.250662515342378
1 202094094 0.213927260221584
1 202099569 0.976369870689358
1 202104019 0.258815641404698
1 202106361 1.5831
1 202116706 0.393962673845518
1 202123232 0.327040935169311
1 202123452 0.288380687160691
1 202141590 1.8599
1 202159984 1.1662
1 202163871 0.78769183595122
1 202194702 2.9183
1 202198688 2
1 202201834 0.5186
1 202205034 5e-04
1 202205093 6e-04
1 202205299 6e-04
1 202205666 0.6272
1 202224722 0.0266
1 202238725 2
1 202283624 1.6456
1 202310581 2
1 202334687 2
1 202352985 2
1 202353348 0.7341
1 202354829 0.803592532832287
1 202370341 2
1 202374660 2
1 202382431 0.6998
1 202408835 2
1 202489986 2
1 202507140 2
1 202522797 2
1 202528665 2
1 202528983 2
1 202547747 2
1 202548810 1e-04
1 202595093 0.79818059684553
1 202598144 0.274951021687707
1 202619648 0.521571240289237
1 202625669 2
1 202628131 0.601778822271038
1 202631424 0.47252935298634
1 202633601 0.611101289921703
1 202646979 0.398692306788278
1 202656126 0.102943076296479
1 202669012 2
1 202673879 2
1 202695309 2
1 202700580 2
1 202713741 2
1 202715729 2
1 202747571 0.0078
1 202761476 2
1 202776713 0.972944688035534
1 202796151 2
1 202820845 0.224812127004349
1 202825940 0.389361012918405
1 202838498 0.684733246453136
1 202860408 2
1 202861261 2
1 202900454 2
1 202901458 0.504295066487791
1 202905602 2
1 202918847 1.79354411979172
1 202928268 2
1 202933749 2
1 202943592 1.19832415583177
1 202944602 1.6857
1 202948596 0.379499079034002
1 202970714 1.6857
1 202983699 0.120600378571219
1 202988223 0.558595641360638
1 202996190 1.1208
1 203003662 0.143657515582202
1 203028245 1.24584291612964
1 203029256 0.661106143037423
1 203034513 0.872
1 203049062 0.4565
1 203052562 0.5018
1 203053519 0.7649
1 203058112 0.964
1 203060943 0.964
1 203071121 5e-04
1 203072364 0.5793
1 203078493 0.4933
1 203083232 0
1 203112162 0.491021063597434
1 203129466 2
1 203150363 0.2244
1 203161543 0.0580391551339754
1 203177621 2
1 203178482 2
1 203189844 0.1135
1 203193755 2
1 203194239 0.1135
1 203199636 2
1 203207211 0.0673648611628159
1 203207759 2
1 203209102 2
1 203246659 0.5146
1 203247244 0.5146
1 203252845 0.2618
1 203254688 0.0909
1 203269440 0.2473
1 203288884 0.0217
1 203302458 0.2623
1 203315101 0.0273
1 203318595 1e-04
1 203358534 0.103260976664067
1 203373208 0.369052151131928
1 203381102 1.1047
1 203386879 0.7908
1 203388458 0.862864755330602
1 203399089 2
1 203405623 2
1 203410464 0.837373346788886
1 203411930 2
1 203433187 1.0445
1 203444317 2
1 203449854 2
1 203451152 2
1 203453356 2
1 203488833 0.890997709100732
1 203495640 2
1 203496268 0.8444
1 203500184 1e-04
1 203500495 2
1 203516014 0.832761065701746
1 203529519 0.0347
1 203567378 0.335138386721778
1 203575511 0.2377
1 203576371 0.5464
1 203589580 1.3247
1 203608587 0.198485274525232
1 203609353 0.798460020216992
1 203620951 0
1 203624171 0.0444
1 203624286 0.878239147910531
1 203674709 2.5566
1 203680295 0.0564
1 203681850 0.0564
1 203683570 0.0564
1 203684562 0.0564
1 203688473 0.0684
1 203699972 0.482
1 203715544 0.8474
1 203734576 2
1 203751777 1.07374969239267
1 203754003 0.146594436098285
1 203758475 0.601505043316177
1 203770509 0.0072
1 203804151 0.350810027864588
1 203808779 2
1 203815442 2
1 203819176 2
1 203821149 0.737205812955412
1 203835485 0.0078
1 203846810 2
1 203848616 2
1 203858661 2
1 203859535 2
1 203863456 2
1 203867810 2
1 203868160 0.998520498180979
1 203869069 0.286193407692674
1 203873035 2
1 203877692 2
1 203879980 0.606056635135861
1 203883338 1.60446837845673
1 203890185 1.4198
1 203942905 0.278352834875349
1 203943310 0.2658
1 203949442 0.299721198480416
1 203959590 0.09320307673023
1 203971533 2
1 203972222 1.13560514084514
1 203990641 0.235845950232186
1 204005103 2
1 204005788 2
1 204009227 2
1 204032569 0.0994
1 204035785 0.3837
1 204037469 2
1 204051990 1.4236
1 204061541 0.0196329674680331
1 204066419 2
1 204086324 2
1 204096582 2
1 204098346 0.872
1 204130003 0
1 204134312 0.0053
1 204162503 2
1 204180395 2
1 204182033 0.928614635354078
1 204195389 2
1 204208428 1.08120345972406
1 204208474 6e-04
1 204219260 2
1 204219638 0.364305289019912
1 204243843 0.881953799668755
1 204267232 0.226947226513578
1 204272928 0.407781761723318
1 204274986 0.814841155868378
1 204285852 0.6022
1 204297621 2
1 204299865 0.0162
1 204300057 2
1 204304618 2
1 204306912 0.8787
1 204313089 0.4838
1 204314068 2
1 204314962 0.7192
1 204315924 0.0162
1 204317169 2
1 204319923 0.4843
1 204322315 2
1 204322692 0.4843
1 204329220 1.59097162868179
1 204336981 0.7192
1 204341238 2.0836
1 204344328 0.2667
1 204354746 2
1 204379782 1.3715
1 204416424 2.4476
1 204450487 0.8939
1 204450939 0.1654
1 204455104 0.1654
1 204485613 0.5212
1 204487855 0.7369
1 204491553 0.171
1 204495022 0.7159
1 204512240 0.2005
1 204522674 0.2005
1 204552449 0.2005
1 204552942 2.8126
1 204579288 0.2081
1 204584929 0.2307
1 204585475 0.2597
1 204591303 0.0067
1 204595858 0.215
1 204600248 0.215
1 204611011 0.2597
1 204624568 0.7326
1 204644158 1.18201943564468
1 204645038 0.2636
1 204652438 0.1028
1 204656212 0.5917
1 204659473 0.171
1 204664398 2
1 204669706 0.133
1 204683229 0.1339
1 204700529 0.0107
1 204715485 2.1804
1 204716878 2.1546
1 204717957 2.2073
1 204722197 2.2967
1 204727344 2.1546
1 204729402 2.1546
1 204742149 0.6847
1 204743941 0.6847
1 204768609 2
1 204773837 1.2649
1 204803711 1.2649
1 204809994 1.2649
1 204819757 1.329
1 204826215 1.3178
1 204827813 1.3178
1 204844794 1.352
1 204854033 1.4406
1 204857756 1.4686
1 204858913 1.4831
1 204862581 2.2382
1 204890621 1.5133
1 204891840 1.5369
1 204896530 1.5533
1 204906687 2
1 204936418 1.292
1 204938844 0.9372
1 204958008 0.882257129849349
1 204971617 2.3805
1 204972231 2.3805
1 204976490 2
1 204987197 2
1 205002285 0.707944369718234
1 205004794 0.402044652597692
1 205007044 2.9344
1 205008543 2
1 205010974 0.1028
1 205014275 2
1 205046671 2
1 205046792 2
1 205050051 2
1 205078645 0.217046271987881
1 205083811 0.0516061593122131
1 205090154 1.83804532299488
1 205100720 0.1028
1 205111835 2
1 205137518 2
1 205151512 2
1 205151691 2.5268
1 205153401 2
1 205176943 0.0263
1 205183468 2
1 205189152 2
1 205193071 3.0702
1 205195452 2
1 205220249 2
1 205225986 0.620056978329461
1 205229548 0
1 205231762 1.4546242003201
1 205232192 1.78749872812902
1 205241176 0.52653297423118
1 205248116 1.70560299358767
1 205259305 1.36632108664288
1 205278904 0.715331995165316
1 205293787 0.0263
1 205348375 0.9757
1 205351582 2.2762
1 205351722 2
1 205353213 2.2762
1 205366141 8e-04
1 205397140 2
1 205405810 0.0076
1 205406175 0.652
1 205407187 0.652
1 205408074 2
1 205410019 0.652
1 205412812 0.0644
1 205417832 0.323202153439101
1 205434512 2.2602
1 205435158 1.0052
1 205444432 1.2325
1 205468409 2
1 205473757 0.25
1 205482844 0.7993
1 205495863 0.1882
1 205505464 0.0254778602515049
1 205519338 1.1727
1 205537469 0.1945
1 205539725 2
1 205540594 2
1 205542744 2
1 205548702 2
1 205552030 0.820633859096556
1 205554978 2
1 205563954 2
1 205564392 2
1 205569790 1.3001
1 205589274 2
1 205625294 0.1027
1 205641021 0.0621
1 205646466 2
1 205666297 0.0107
1 205672019 5e-04
1 205674269 0.4098
1 205681143 1.50804632180245
1 205683577 0.133416831911383
1 205684555 0.156337906016218
1 205693590 2
1 205702302 0.0078
1 205710085 1.4272
1 205721813 1.1039
1 205746128 2.096
1 205763255 0.027
1 205771192 1.3678
1 205776804 0.1469
1 205814997 2.2932
1 205818879 1.4225
1 205836339 2
1 205838376 0.9642
1 205841819 1.3756
1 205845848 3.0702
1 205867637 0.4315
1 205881124 0.7114
1 205896609 0.0263
1 205927165 1.6055
1 205938744 2
1 205941503 2
1 205955720 2
1 205956043 2
1 205962295 0.0227045220103333
1 205965079 1.17809977269009
1 205972383 0.0073
1 205972637 2.29735085222173
1 205983517 0.0015
1 206032219 0.0367031509159243
1 206059076 0.124
1 206077560 0.0076
1 206101363 2
1 206118841 0.739073635871148
1 206122326 0.0085
1 206370435 0.0602
1 206420549 3.2972
1 206423548 0.0404
1 206435970 0.0404
1 206450607 1.60300193406537
1 206453261 3.2972
1 206473875 2
1 206475035 0.94611573257748
1 206496836 2
1 206512396 2
1 206514603 0.307899506628898
1 206532058 2
1 206554076 2
1 206554107 2
1 206581427 1.2058
1 206589352 1.09536363551072
1 206603871 0.0763929032156771
1 206641445 0.1154
1 206661938 1.40059085312537
1 206664689 2
1 206688590 2
1 206723531 0.0325
1 206729126 2
1 206736105 2
1 206736775 2
1 206743946 1e-04
1 206743993 7e-04
1 206744084 2
1 206752557 2
1 206772036 2
1 206782058 5e-04
1 206788283 0.0877
1 206807632 0.2676
1 206819580 0.2501
1 206848794 0.1399
1 206923405 2
1 206928948 2
1 206959000 2
1 207014134 0.9261
1 207014366 0.9261
1 207015612 2.075
1 207046258 2
1 207058406 2
1 207069797 2
1 207076955 2
1 207093373 2
1 207105323 2
1 207117307 0.230811551659774
1 207118760 0.121771594881865
1 207122125 0.767918136405176
1 207123048 0.331915386305501
1 207125081 1.53634064430965
1 207132243 0.5346
1 207187193 0.526249684127014
1 207198123 0.63473974381514
1 207198946 2
1 207201243 2
1 207205594 0.820590098653902
1 207240993 2
1 207255597 2
1 207263470 0.134225375974124
1 207293837 2
1 207294757 2
1 207304083 2
1 207309625 0.240037353356231
1 207328999 0
1 207330087 0.483052048633156
1 207333304 0.684228073508696
1 207337203 1.98939971807644
1 207365695 0.155786249444911
1 207368691 1e-04
1 207370105 1e-04
1 207373286 2
1 207394996 2
1 207398125 2
1 207409689 0.065
1 207416995 0.065
1 207425164 0.065
1 207443260 2
1 207495285 0.5227
1 207496579 0.4883
1 207522530 2
1 207566927 0.926031268129516
1 207567452 0.0263
1 207609586 0.0108
1 207629207 0.1003
1 207630796 0.1068
1 207636440 0.5394
1 207637255 0.5108
1 207641106 1.22834523437273
1 207644286 2.00232235175497
1 207645374 0.2665
1 207659983 1.9802
1 207665570 0.8827
1 207666599 0.8827
1 207669134 0.8827
1 207669144 0.8827
1 207669555 1.1423
1 207677194 0.1134
1 207681010 0.2665
1 207684051 0.8827
1 207693831 1.02095619301341
1 207698484 0.439308090117326
1 207699850 0.0888
1 207720688 0.762014236612333
1 207726631 0.8223
1 207727087 0
1 207753517 0.7774
1 207756684 2
1 207776483 0.7774
1 207780144 1.5958
1 207788833 0.7835
1 207833932 2
1 207841760 1.3572
1 207845434 2
1 207853796 0.8809
1 207866240 1.14347447956536
1 207866357 1.1793
1 207880837 2
1 207895234 2
1 207895792 2
1 207899352 2
1 207914223 2
1 207918555 0
1 207931643 2
1 207950857 1.2656
1 207951169 1.2656
1 207957699 1.4418
1 208004740 0
1 208015324 2.0714
1 208018765 2
1 208036153 2
1 208037733 2
1 208043487 2
1 208048303 2
1 208060929 3.1166
1 208090631 0.00842874203019123
1 208103006 2.8751
1 208112376 2.978
1 208112742 1.8488
1 208126533 0.1848
1 208128393 0.1848
1 208138230 0.7508
1 208161687 0.0886
1 208180370 2.8751
1 208182047 5e-04
1 208186718 0.512103663919449
1 208196005 2
1 208209984 0
1 208214572 0.161940969450075
1 208252572 0.9978
1 208259647 1.0326
1 208260026 2
1 208260289 2
1 208262975 2
1 208265259 1.3719
1 208267081 2
1 208275732 2
1 208277301 2
1 208297363 1.2868
1 208342093 1.4565
1 208355696 2
1 208369325 0.435406621825892
1 208402795 2
1 208411522 0.831235559916377
1 208417858 1.311
1 208435769 0.0217
1 208450277 1.04958452824932
1 208459950 0.318296917790882
1 208470648 0.221349815053334
1 208473802 0
1 208488431 0.7346
1 208493696 0.6895
1 208497973 0.7149
1 208503373 0.7149
1 208504218 1.6248
1 208508196 0.7386
1 208512359 0.7188
1 208526410 0
1 208530863 2
1 208543314 0
1 208558944 2
1 208592249 0.9796
1 208594965 2
1 208613838 0.9505
1 208619970 0.8851
1 208623118 0.8851
1 208629798 1.273
1 208761953 2
1 208763142 2
1 208763395 0
1 208769525 1.305
1 208772975 2
1 208779770 2
1 208800055 2
1 208800115 2
1 208804311 2
1 208821203 2
1 208823483 0.1755
1 208861964 0.966755640081622
1 208877497 0.190862455737877
1 208899934 2
1 208900196 2
1 208900562 1.0045
1 208920796 1.05554044786528
1 208938508 0.541595147714259
1 208940833 0.96550731286272
1 208972782 0.9376
1 208989500 2
1 209023506 2
1 209055677 0.811586626075976
1 209078944 2
1 209079650 1.2944
1 209082469 2
1 209085404 0.0263
1 209085668 1.1047
1 209091807 1.0045
1 209111696 1.2758
1 209115169 2
1 209116042 1.2286
1 209122940 2
1 209135182 0.849986020353873
1 209137566 2
1 209138733 1.3998
1 209139972 2
1 209142361 0.212791494478496
1 209142787 0
1 209156193 0.3623
1 209156913 0.165748461372732
1 209163758 0.811438918732612
1 209189263 1.7124
1 209190148 0.692597243994222
1 209192052 1.7086
1 209194618 0.933128383530329
1 209194789 1.7589
1 209210262 1.7493
1 209220997 0.353703998162096
1 209225250 1.6863
1 209234590 4.1817
1 209247764 0.913535214931205
1 209282441 2
1 209309639 0.6268
1 209357293 2
1 209402046 0.4499
1 209407035 0.4583
1 209522912 2
1 209548638 1.893
1 209553213 2
1 209557620 0.509638060320224
1 209558933 0.8483
1 209559940 2
1 209570675 2.07156359483244
1 209582183 0.288477487989854
1 209585700 2
1 209590745 0.200103438096532
1 209590905 0.918
1 209591648 2
1 209593464 0.918
1 209600627 0.7446
1 209604074 2
1 209639414 0.770956655102254
1 209659288 0.866883247076604
1 209671172 1.58140456433463
1 209676675 0.00983241123750406
1 209694370 0.33952300400574
1 209699245 1.68156020823011
1 209701909 1.10859494186452
1 209761496 0.601735224121406
1 209791938 2
1 209803114 1.88902523862917
1 209816737 6e-04
1 209818329 2
1 209818782 2.13576106430082
1 209821370 2
1 209827780 2
1 209829649 2
1 209830854 1.34437622343843
1 209831823 2
1 209850442 2
1 209850752 2
1 209859861 2
1 209878801 2
1 209894772 2
1 209901488 1.1145
1 209921890 2
1 209934234 2
1 209937184 2
1 209937568 2
1 209941835 2
1 209948977 2
1 209977357 2
1 209990541 5e-04
1 209993689 2
1 209997570 0.22116178714105
1 210000125 2
1 210008267 2
1 210012147 0.10910424975859
1 210018603 2
1 210018904 2
1 210031251 2
1 210067831 1.063
1 210085236 2
1 210098593 2
1 210106593 0.3279111107054
1 210116809 2
1 210153131 2
1 210160736 1.0878
1 210166040 2
1 210168068 2
1 210182610 0.827966682094779
1 210192812 0.458066189008392
1 210200430 2
1 210202409 1.09046854176822
1 210210961 0.52500317818541
1 210215646 2
1 210216072 2
1 210226441 0.4101
1 210232562 0.1091
1 210233686 2
1 210252382 1.16681552333018
1 210285979 2
1 210307016 0.530079871672861
1 210316774 3.1145
1 210319391 2
1 210326824 1.4111
1 210333020 1.4111
1 210346507 1.0943
1 210351648 1.3653
1 210356146 2
1 210367834 1.3653
1 210368033 1.2058
1 210370273 1.2394
1 210370849 0.2925
1 210389428 1.78609158787969
1 210401026 1.75188417832698
1 210402179 1.027
1 210410740 0.4153
1 210413844 2
1 210414696 2
1 210418398 2
1 210423050 0.832637798758558
1 210431735 2.09262688628742
1 210431945 1.2829
1 210435623 0.0951035050992527
1 210436910 1.3762835730987
1 210443380 8e-04
1 210445318 1.3227
1 210448744 2
1 210468094 1.2445
1 210471370 0.398210558821386
1 210472852 2
1 210479001 2
1 210486622 1.1629684085463
1 210491907 2
1 210492394 0.8177
1 210493192 0.8177
1 210507649 0.7912
1 210514052 0.0664
1 210527278 2
1 210533721 0.3981
1 210537295 0.4568
1 210585512 0
1 210592910 0
1 210594977 0
1 210597798 0
1 210598056 2
1 210601700 2
1 210609000 0.0512
1 210615822 0.0117
1 210616700 0.0446166075007456
1 210620956 1.5341
1 210634926 2
1 210637381 1.5341
1 210648096 2
1 210656104 2
1 210667989 1.7521
1 210700966 0.251610771907063
1 210716364 3.1203
1 210718438 0
1 210718537 2.2981
1 210718689 7e-04
1 210721537 0.477
1 210736547 2
1 210736926 0.2972
1 210759124 2
1 210791376 0.209613953801689
1 210794960 0.729581075780733
1 210795226 0.0573619429406303
1 210820997 2
1 210822470 2
1 210824159 2
1 210824909 0.0255
1 210826678 2
1 210841329 0.997861385511204
1 210844787 0.207277104991934
1 210845816 2
1 210854780 2
1 210856790 5e-04
1 210913558 0.226196775368053
1 210915289 3.01525426058003
1 210917892 2
1 210926130 2
1 210926958 2
1 210932053 2
1 210943060 0.396934439336802
1 210943918 2
1 210947352 2
1 210948045 2
1 210956955 2
1 210984745 2
1 210995235 2
1 210999091 0.0609
1 211012646 0.6239
1 211014388 2
1 211016784 1.1283
1 211017718 2
1 211022877 0.636804521581424
1 211024109 2
1 211034356 2
1 211035140 1.3219
1 211036110 2
1 211039604 2
1 211042719 2
1 211070426 1.21890720881698
1 211075948 0.9516
1 211083320 1.10529682101229
1 211086764 2
1 211091942 0.0416756951459709
1 211096150 2
1 211096173 2
1 211099476 2
1 211135861 2
1 211159467 1.53214766537645
1 211160920 0.0484054673278536
1 211166242 0.659302944057222
1 211166287 0.982589988717578
1 211193060 1.37443192379045
1 211201458 0.6026
1 211213020 0.612492079118115
1 211238164 0.0909385646206371
1 211261124 2
1 211272463 0.8006
1 211279386 1.00838368722869
1 211288519 0.866484956798937
1 211294628 0.7243
1 211315845 0.0162
1 211343634 0.7612
1 211351851 2.8716
1 211382662 0.9989
1 211401261 0.1028
1 211471233 2
1 211478202 1.6418
1 211484292 1.2711
1 211490484 1.311
1 211494515 2
1 211505605 2
1 211506973 1.311
1 211507167 0.1028
1 211509262 2
1 211509683 2
1 211511087 2
1 211511724 2
1 211512279 2
1 211519729 1.311
1 211523280 5e-04
1 211532774 0.9386
1 211533693 0.6895
1 211556694 0.0922855790418937
1 211562025 8e-04
1 211589462 2
1 211603433 2
1 211617633 5e-04
1 211622897 0.6014
1 211636305 0.5221
1 211639845 0.4584
1 211640208 0.4584
1 211645931 0.3135
1 211720313 0.8203
1 211729523 2
1 211740560 2
1 211743717 1.1189
1 211744773 0.302250094070888
1 211747887 1.00995382135264
1 211770924 2
1 211783769 1.36988340155886
1 211785547 2
1 211809136 2
1 211826666 5e-04
1 211901494 0.290204074719772
1 211936483 2
1 211941321 0.928928866554324
1 212009455 1.3165
1 212012777 2
1 212108874 0.0015
1 212114519 2
1 212114544 0.933500402079679
1 212125235 2
1 212137645 2.6004
1 212142490 1.3256
1 212151793 1.1337
1 212168475 0.3293
1 212170000 2
1 212196066 0.4912238378083
1 212205893 2.6444
1 212229515 0.428027674653157
1 212235632 2.0508
1 212249901 1.51513285592185
1 212277675 1.48872583020008
1 212278745 0.884799526228004
1 212282503 0.102026384198617
1 212299170 5e-04
1 212303177 0.0998139387338378
1 212330862 1.9450847765055
1 212331146 0.344456331083204
1 212335663 1.11790319465292
1 212364360 0.655822479015189
1 212366000 2
1 212376014 2
1 212417721 0.548341421586906
1 212437413 0.0677511897616632
1 212438706 1.4988
1 212444567 0.331306442688359
1 212462277 0.639448658615621
1 212466991 0.395391959703052
1 212468014 0.69950839509355
1 212488098 0.1676
1 212492448 1.3039
1 212494336 1.3039
1 212507369 0.399809675362263
1 212520426 1.1116
1 212542303 1.5101
1 212554892 2
1 212556992 0.7135
1 212562387 0.33910763782046
1 212565900 0.194375852720388
1 212591287 0.8318
1 212593158 2
1 212593376 2
1 212604944 2
1 212616993 2
1 212636800 2
1 212641929 1.33827503523241
1 212654499 1.40562584215334
1 212655114 2
1 212659347 2
1 212665374 2
1 212672823 0.437264151823174
1 212676665 0.57557010984336
1 212676666 0.0833444038433619
1 212679490 2
1 212681435 0.7067
1 212682903 0.420440162042785
1 212683092 0.0436
1 212688004 0
1 212707744 0.372661874668931
1 212713719 0.0078
1 212720539 2
1 212721843 1.8176
1 212724559 2
1 212725054 1.36554585935621
1 212725478 1.8316
1 212727895 2
1 212745161 1e-04
1 212765316 1.8316
1 212765739 1.8316
1 212766633 2
1 212770431 2.234
1 212771766 0.0078
1 212772161 1.8316
1 212775816 1.8316
1 212775893 2
1 212776703 5e-04
1 212777068 1.7905
1 212777095 1.49720103847322
1 212779478 1.0414
1 212784095 2
1 212786801 1.8607
1 212792834 0.2888
1 212807872 1.8316
1 212811108 2
1 212816498 1.30822380644997
1 212818549 1.8316
1 212824695 1.8316
1 212828099 0.079
1 212836127 2
1 212840711 0.508198383129245
1 212841023 1.8316
1 212842041 1.8316
1 212846330 1.8316
1 212846822 2
1 212848000 1.8316
1 212854887 1.2312
1 212857192 2
1 212872179 0.1439
1 212885569 0.015
1 212886669 0.015
1 212894375 0.3207
1 212905922 2
1 212908506 0.2543
1 212911373 2
1 212921215 0.0797
1 212923705 0
1 212928282 2
1 212936792 2
1 212972022 2
1 212979049 2
1 212996648 0.345
1 213187904 1.8748
1 213206137 0.3506
1 213211397 2.3685
1 213272442 2
1 213297618 2
1 213336464 1.3016
1 213350927 0
1 213357401 2
1 213362755 2
1 213363806 0.2877
1 213373754 0.6399
1 213379807 1.47546986499778
1 213383193 0.41676380561257
1 213387134 0.0448490428230068
1 213389614 0.129294820251645
1 213398537 0.26008973734772
1 213422203 1.17413008634339
1 213426752 2
1 213432179 0.949087175180145
1 213438292 2
1 213464140 0.905674799624576
1 213481163 0.0994
1 213483046 0.354199715896582
1 213523819 2
1 213556374 2
1 213573706 0.4891
1 213589941 5e-04
1 213605298 1.7134
1 213610487 2
1 213617419 2
1 213618075 2
1 213618672 0.4847
1 213621683 0.4731
1 213623487 0.2695
1 213628575 2
1 213628833 2
1 213639816 0.2695
1 213647695 0.983
1 213651067 2
1 213651245 0.9647
1 213652500 0.9737
1 213653407 0.0355822768612841
1 213655326 2
1 213657558 0.1018
1 213657860 1.0023
1 213659005 0.9391
1 213661559 0.1085
1 213675038 2
1 213677822 0.2763
1 213685755 2
1 213702767 0.7117
1 213707544 2
1 213719487 2
1 213727060 2
1 213728945 0.319586711607004
1 213729647 0.7087
1 213732404 2
1 213733239 2
1 213734602 2
1 213756884 0.528772264489391
1 213771123 2
1 213828077 1.2312
1 213840216 2
1 213853495 2
1 213862808 1.562
1 213863412 2
1 213879453 0.0273
1 213924345 0.6689
1 213929020 2
1 213945000 0.1508
1 213951127 0.1392
1 213969537 0
1 213972388 2
1 213974903 2
1 213983706 2
1 213989726 2
1 214003969 0.646732471022125
1 214090887 1.0442
1 214092578 0
1 214115051 0.137543147173975
1 214160903 2
1 214166604 2
1 214168806 0.0234
1 214183897 2
1 214192861 2
1 214204937 2
1 214220197 2
1 214224715 0.8222
1 214227516 2
1 214234459 0.1407
1 214242637 1.34026646238788
1 214290761 1.11582727734498
1 214301565 2
1 214315850 2
1 214322851 1.13199782426012
1 214336270 2
1 214357735 1.02996021696799
1 214366176 1.1189
1 214367993 0.4307095530118
1 214375339 0.980637949260586
1 214385847 2
1 214393670 0.0766352233154481
1 214395560 0.382281582309636
1 214433967 2
1 214437248 2
1 214442820 0.0696281403747432
1 214444506 2
1 214444842 2
1 214460712 1.86941438573873
1 214460829 3.75708239337259
1 214468039 0.00870725134575047
1 214472010 0.302958565501841
1 214472306 0.226425609924874
1 214475117 1.33823762237548
1 214480977 0.0531692116731884
1 214481496 0.449774270158242
1 214485962 2.85971123116395
1 214495717 1.4389
1 214503955 1.4301
1 214511053 0.122606545867961
1 214517632 2
1 214542104 1.3648
1 214554602 2
1 214562637 1.6347
1 214564885 0.341636696426143
1 214569826 2
1 214573016 1.6347
1 214579002 1.4301
1 214580134 1.5336
1 214583067 1.4301
1 214588203 0.334515984082178
1 214591106 1.22289359856189
1 214597624 1.5461
1 214599612 1.7015
1 214613318 1.2233
1 214614087 1.6224
1 214616294 1.7134
1 214625459 1.74672015085075
1 214653021 0.762888460108514
1 214656799 0.183807432829826
1 214657944 2.35627673717435
1 214676364 0
1 214679675 0.0157
1 214680174 1.4159
1 214683635 0.8912
1 214686208 0.0232492840210471
1 214690393 0.3614
1 214691723 0.352417573369131
1 214695072 0.854044026301067
1 214697482 0.450544345504904
1 214713299 1.37104206488893
1 214713999 0.304477425989821
1 214721343 0.426882879483859
1 214743031 1.80630017763574
1 214769450 0.903374235439433
1 214784167 0.665571105573366
1 214788933 1.67927512675961
1 214796253 2.217
1 214807586 0.145050834342213
1 214811454 0.354218357560048
1 214831585 2
1 214832092 2
1 214832278 2
1 214834503 2
1 214837996 2
1 214862589 2
1 214869814 2
1 214869841 2
1 214870541 2
1 214902874 2
1 214914589 2
1 214919091 2
1 214927600 2.0617
1 214953877 2
1 214955189 0.501417239602977
1 214956468 2
1 214969935 0.2154
1 214985492 2
1 214987155 2
1 215007177 0.194478069992303
1 215010866 2
1 215012381 0.101609344078327
1 215016246 0.4694
1 215017338 0.4739
1 215021489 0.4694
1 215021562 2
1 215022045 1.37821223666682
1 215032431 0.4804
1 215033204 0.380863060428516
1 215035583 0.4586
1 215036871 0.911716630331773
1 215042053 0.170167164981784
1 215062789 2.4916
1 215072630 0.263683505803683
1 215076458 0.906542991711633
1 215084263 0.0107
1 215106917 0.362816831856708
1 215115801 0.89648965209746
1 215116449 2
1 215117324 2.09893689580627
1 215119035 0.733937183372858
1 215124059 0.836165557374534
1 215134574 1.9483845394128
1 215136311 0.0282694728204702
1 215140667 1.26058317711712
1 215141751 0.266936878551866
1 215143458 0.315298373597176
1 215171102 1.43241371614172
1 215171311 2.29247501252874
1 215210028 0.0334
1 215222511 0.032235182039854
1 215230096 0.983055497873444
1 215233483 0.395534961381735
1 215234714 1.21394688017611
1 215240041 2
1 215240807 0.0852
1 215252905 2
1 215258650 2
1 215283520 2
1 215285579 2
1 215289571 2
1 215301354 0.7493
1 215312382 5e-04
1 215324516 2
1 215350698 2
1 215371140 2.7865
1 215416593 2.4033
1 215418908 0.6472
1 215437640 2.7865
1 215538538 2.4033
1 215628343 0.6833
1 215630637 2.9795
1 215675702 2
1 215684534 0.4871
1 215689454 2
1 215689977 1.0065
1 215700731 1.0779
1 215709893 0.0349303346728406
1 215717832 0.3358
1 215718743 0.0162
1 215720217 0.3122
1 215739258 0.5818
1 215739525 0.3107
1 215743388 1e-04
1 215743426 0.4875
1 215756385 0.042032695069781
1 215759615 1.5845
1 215775974 2
1 215787134 2
1 215789693 0.502729152777347
1 215796374 0.4804
1 215810807 2
1 215814172 2
1 215830215 2
1 215830241 2
1 215853071 0.658231317550711
1 215862290 2
1 215893338 0.815839078382253
1 215902949 0.230095476097432
1 215908014 1.79573323654164
1 215916341 1.58145490283024
1 215916526 0.90434462598371
1 215918173 0.0318
1 215927441 1.03510484464258
1 215978691 0.8621
1 215986143 2
1 215987940 5e-04
1 216010125 0.58887632884833
1 216010698 1.11675335139878
1 216011996 0
1 216029500 0.226508971038363
1 216033426 0.483308470559962
1 216035479 1.1799
1 216041119 1.5472
1 216041929 0.1689680633633
1 216057551 0.224606316931664
1 216064412 1.19410270720357
1 216068575 0.5006
1 216081908 1.6554
1 216094762 0.002
1 216097909 2
1 216101323 0.7043
1 216104879 2.1665
1 216123580 2
1 216136406 1.29275432936837
1 216137537 1.39676915245952
1 216148789 1.20488594962089
1 216149059 0.817051471786369
1 216152431 1.34286103436493
1 216167375 1.3046
1 216168748 0.867757033221065
1 216176852 0.770376494786853
1 216194839 0.067
1 216200981 3e-04
1 216234741 0.0792
1 216244429 1.07539747027854
1 216248832 0.0917
1 216274179 2
1 216281454 2
1 216282486 0.0263
1 216289320 2
1 216301040 0.0063
1 216308331 1.4595
1 216323605 2
1 216330903 1.5203
1 216347086 1.5284
1 216367396 1.3853
1 216376485 2
1 216394912 2
1 216397385 2
1 216400810 2
1 216445337 0.0571
1 216451537 0.9732
1 216456074 1.2977048079686
1 216468037 0.8034
1 216478504 2
1 216491369 0.6553
1 216514397 2
1 216516990 2
1 216518095 2
1 216519327 2
1 216530136 1.0424212605462
1 216541119 0.1482
1 216542172 0.956886669964104
1 216544875 0.121309219435549
1 216545903 1.34374066847111
1 216556694 0.5331
1 216565446 2
1 216571903 2
1 216572332 0.1095
1 216573167 2
1 216588816 2
1 216599081 1.36605346830059
1 216608979 0.1288
1 216618844 0.3738
1 216649273 0.567102600122414
1 216651883 0.0943955171379905
1 216660584 0.5333
1 216665725 0.5442
1 216675217 0.5442
1 216706933 2
1 216732135 2.9933
1 216744925 2
1 216759122 2
1 216759805 2
1 216795411 0.199
1 216796952 0.199
1 216813663 0.3612
1 216821701 5e-04
1 216829549 1.17103826208713
1 216833219 2
1 216836893 2
1 216838051 2
1 216848124 2
1 216852936 2
1 216859048 0.124439494920526
1 216861527 2
1 216879028 0.105595582880149
1 216880473 2
1 216880603 2
1 216891616 0.0180667138342953
1 216913683 2
1 216913983 0.376484789707166
1 216957333 0.923500783698552
1 216957501 0.962678827773313
1 216958437 0.3286
1 216958986 0.929186399873434
1 216959233 0.622678610090538
1 216960265 0.972467678377921
1 216961887 0.602957495566234
1 216963534 0.702970872704143
1 216994250 0.3286
1 216995294 0.3286
1 217008753 0.6805
1 217024133 0.9065
1 217028062 0.3216
1 217047188 0.9237
1 217053211 0.8916
1 217055751 2.997
1 217056332 1.6116
1 217082670 2
1 217096596 0.419608471536478
1 217100566 0.979076948397756
1 217102705 1.24078731025713
1 217107927 1.1262
1 217122849 2
1 217134073 1.4795
1 217141519 0.0352983300099346
1 217150129 2
1 217153266 2
1 217159828 0.0691
1 217167608 0.21403561676753
1 217171433 0.483042105847598
1 217186364 0.2224
1 217191182 2.5965
1 217193042 2
1 217201826 2
1 217210884 0.77074637250305
1 217215160 0.993781095540389
1 217216633 2
1 217225443 0.2224
1 217225491 2
1 217226402 0.5601
1 217228104 2
1 217239189 0.0263
1 217254526 1.28383021451491
1 217271502 1.74976780787598
1 217290104 0.252096119160137
1 217293543 2
1 217303424 2
1 217306357 1e-04
1 217308096 0.0604
1 217309260 2
1 217316797 2
1 217317755 0.943341424729954
1 217319947 2
1 217325146 2
1 217359194 2
1 217360876 2
1 217362238 2
1 217379336 0.8111
1 217404323 0.96939901320926
1 217417033 1.2312
1 217423357 0.3819
1 217423715 0.3819
1 217425988 0.3819
1 217426899 0.0078
1 217454282 2.3714
1 217460283 1.3215608645667
1 217505412 0.250991011363521
1 217521461 0.877607356597755
1 217524616 2
1 217524859 1e-04
1 217541116 2
1 217542800 2.35265876501629
1 217550922 2
1 217561161 1.8513
1 217564043 1.1191
1 217564990 2
1 217569524 2
1 217577354 2
1 217578280 1.0103
1 217578534 2
1 217579373 2
1 217581327 2
1 217581441 0.9762
1 217585991 2
1 217587479 2
1 217595113 2
1 217601660 0.798937623691628
1 217618807 0.169549072619269
1 217633197 2
1 217645489 1.1146
1 217656836 0.9207
1 217738695 1.43523160226784
1 217739566 0.525713306193534
1 217741047 0.147052481921446
1 217742688 0.956428202795254
1 217746908 1.39164455552893
1 217749983 0.488493047349461
1 217750601 0.0891470358956063
1 217770982 5e-04
1 217779798 0.675886749784423
1 217782823 1.06241707690976
1 217784013 1.0117781259736
1 217821009 0.0714
1 217828021 1.53453325012508
1 217847965 1.62760628414888
1 217856074 2
1 217857587 2
1 217870650 2
1 217877542 2
1 217889649 2
1 217895202 1.21403471433337
1 217912934 2
1 217917072 1.79425132515952
1 217918306 2
1 217921647 0.653469650221699
1 217921803 2
1 217922190 2
1 217923896 2
1 217925734 0.7016
1 217926328 0.844
1 217933831 0.823750964129829
1 217935855 2
1 217946714 2.06322856242799
1 217952288 0.2157
1 217960686 1.87403336412415
1 217963620 0.498700807923122
1 217976823 0.94838345399533
1 217986028 0.462309954307586
1 217986158 0.99201006369185
1 217986436 0.580963646250832
1 217986615 0.904445812019734
1 217994048 0.666618660684078
1 218002739 0.757314435979631
1 218003448 0.5547
1 218004046 0.869288749718052
1 218016715 0.5511
1 218017531 0.5511
1 218019707 0.5511
1 218025861 1.74184046599182
1 218026978 0.147819063842625
1 218029406 1.3174
1 218033808 0.640485005357678
1 218038403 0.940333854205771
1 218041691 0.245175282456697
1 218042898 0.287885218583182
1 218043767 1.25679505055031
1 218045072 2.75604452330212
1 218048523 0.578385336352689
1 218048984 1.0523112067447
1 218055511 0
1 218059279 0.0104099319406255
1 218065605 0.087211189690708
1 218071997 5e-04
1 218073523 1.10977457366714
1 218083634 1.2694
1 218084743 0.81516708688739
1 218101660 1.80544446386402
1 218110780 0.6818
1 218118295 1e-04
1 218135265 0.294339058141403
1 218137583 1.07668832187644
1 218140921 0.0725739311380119
1 218142880 1.03043814559428
1 218145447 0.0111830646555606
1 218159171 0.201352355332053
1 218160280 0.904980380996964
1 218174033 0.7863
1 218177076 2
1 218213757 1.1207
1 218224758 2
1 218230071 2
1 218231888 2
1 218236327 2
1 218238038 2
1 218269193 0.8263
1 218272616 2
1 218288703 1.7943
1 218314826 0.8935
1 218378384 2
1 218379242 2
1 218382955 2
1 218395685 2
1 218428563 0.0021
1 218497015 1.75358933701865
1 218532754 0.0561
1 218535928 1.1752
1 218554184 0.213128846645232
1 218556797 2
1 218595920 1.31450647646092
1 218598290 0.0263
1 218599289 0.1086
1 218600579 0.1151
1 218605195 1.2498
1 218607977 0.121312956541107
1 218616450 1.3647
1 218623257 1.3708
1 218650458 2
1 218650573 0.249
1 218662019 2
1 218669570 0.249
1 218670680 1.34352841078862
1 218675178 0.1351
1 218677976 0.249
1 218687281 1.09985375775453
1 218701924 0.0745
1 218721119 0
1 218728648 1.1721
1 218764902 0.857504744948709
1 218775352 0.953075629452356
1 218786782 1.4176854174002
1 218788440 0.131883909068979
1 218793534 0.589376027468998
1 218801029 0.872
1 218836199 2.21062773926522
1 218839824 0.817154574514552
1 218840270 0.0411767810052805
1 218886759 1.63695739283952
1 218898774 0.115826381652592
1 218937447 2
1 218942323 2
1 218948774 2
1 218953704 2
1 218960767 2.4933
1 218970464 2
1 218972877 1.2912815492504
1 218983134 1.4063
1 219013589 1.6292
1 219017233 1.0758
1 219026976 0.0685555693106343
1 219027923 0.98904332792873
1 219034879 2
1 219041078 0.189973828715993
1 219051445 0.323927087270357
1 219062189 0.502901841448008
1 219071265 0.546028573396355
1 219074101 1.03455344265429
1 219077773 2
1 219092603 2
1 219117452 2
1 219141474 2
1 219151726 2
1 219159230 2
1 219171098 2
1 219174448 2
1 219193631 2
1 219199609 2
1 219203087 0.1349
1 219204067 0.1416
1 219223223 2
1 219228170 0
1 219232336 0.0066
1 219242122 2
1 219242937 0.1416
1 219244911 0.4884
1 219279145 0.753
1 219293724 2
1 219294424 2
1 219294883 0.5357
1 219320392 2
1 219326803 2
1 219343867 2
1 219396991 2
1 219408088 2
1 219416927 1.0873
1 219418606 1.3342
1 219422728 0.1349
1 219440012 0.355193335088953
1 219440022 0.5831
1 219449404 2.0866
1 219455476 0.536371574370098
1 219460356 0.553702020779506
1 219466309 0.517068506561379
1 219467338 2.50600034375615
1 219473465 0.996776501178942
1 219475635 5e-04
1 219475677 6e-04
1 219475679 6e-04
1 219499034 1.79898450257762
1 219499801 0.734307398096729
1 219545445 0.227767118914958
1 219546283 0.175501693750103
1 219550064 0.317046663300531
1 219562114 0.7492
1 219573884 1.03641903295265
1 219588890 0.1546
1 219613872 0.425044654677515
1 219635603 1.0789
1 219640579 1.03843998353212
1 219662188 2
1 219667685 2
1 219683135 1.0399
1 219707480 2
1 219722038 2
1 219725841 0.8506
1 219750864 2
1 219751661 0.45966670272955
1 219758106 2
1 219758231 0.828322805267354
1 219760774 0.723984849482155
1 219763104 1.01718037819445
1 219766281 0.8721
1 219772344 1.0399
1 219784161 1.0399
1 219787167 0.796792499568217
1 219787450 1.26768522407564
1 219787570 1.75552408876156
1 219787942 1.42117653073911
1 219788150 0.297440927223123
1 219790570 1.54469689916008
1 219796405 2
1 219796554 1.0789
1 219798231 2
1 219799395 1.1191
1 219806620 2
1 219819929 1.0759
1 219829304 2
1 219840841 2
1 219843045 2
1 219853928 2
1 219854942 2
1 219860046 2
1 219863179 2
1 219897918 0.494
1 219901666 1.28277240291648
1 219902433 1.04628314773318
1 219904846 1.3537
1 219905305 0.5077
1 219914320 2
1 219922173 2.02336859772413
1 219924914 2.7548
1 219932220 1.3602
1 219949301 0.3194
1 219950283 0.6499
1 219955995 2
1 219960279 0.648157927767738
1 219960299 2e-04
1 219961469 2
1 219961592 2
1 219963664 2
1 219963899 2
1 219976664 2
1 219979990 2
1 219983085 2
1 219986920 2
1 220007491 1.33117729064727
1 220010288 2
1 220016450 2
1 220019604 2
1 220021862 2
1 220030869 0.8842
1 220032601 2
1 220066106 2
1 220078479 2
1 220128775 0.6196
1 220134797 1.2154
1 220158619 0.0237313138173812
1 220196786 2
1 220231369 2
1 220236864 0.7517
1 220309502 1.2075
1 220315934 0.851104826881155
1 220318201 0.67067294803721
1 220318395 1.2075
1 220319515 0.0255
1 220323202 1.2075
1 220323868 1.2075
1 220331565 2
1 220335004 1.42629738328012
1 220364406 1.86621543753324
1 220367691 0
1 220377305 0.106694710867145
1 220380123 0.447050007125072
1 220383661 0.263206375538143
1 220391941 0.9012
1 220392367 5e-04
1 220392392 5e-04
1 220397856 0.9012
1 220406116 0.122318019510388
1 220416741 2
1 220426553 2
1 220429981 2
1 220437990 0.581630390916672
1 220466526 0.5564
1 220466614 0.66072630718719
1 220471746 2
1 220477730 1.8084
1 220479920 1.8084
1 220481441 1.8084
1 220481444 1.8084
1 220488224 1.8084
1 220491858 2
1 220514383 2
1 220535154 2
1 220552946 2
1 220670989 2
1 220671487 0.781
1 220696648 2.859
1 220724179 0.6821
1 220726306 2
1 220752743 0.749
1 220767939 0.5543
1 220769818 0.5084
1 220787573 0.5084
1 220792760 0.6107
1 220800876 0.7534
1 220804075 0.376942763645219
1 220812335 2
1 220813204 2
1 220814690 0.9373
1 220815004 2
1 220844368 0.665358365426187
1 220854662 0.7328
1 220857877 2
1 220864835 0.6362
1 220871624 2
1 220875377 2
1 220880232 2
1 220886223 0.296
1 220913142 2
1 220923671 0.988472839594024
1 220926653 2
1 220944495 2.1379
1 220948479 1.04958047602968
1 220958782 0.106044186741555
1 220967354 1.71486149922098
1 220967490 2.10930798654556
1 221024367 2.46729551056781
1 221027349 2
1 221030721 2
1 221040655 2
1 221067559 2
1 221069936 0.0621
1 221077310 5e-04
1 221100362 0.0621
1 221115702 0.0621
1 221120201 2
1 221126390 2
1 221127355 2
1 221130525 2
1 221131514 2
1 221170362 2
1 221173350 2
1 221174029 2
1 221190321 2
1 221238160 2
1 221284992 2
1 221299906 2
1 221299942 2
1 221309165 2
1 221310868 2
1 221344354 2
1 221350331 0.4439
1 221376750 2
1 221380194 0.1447
1 221380721 2
1 221383274 1.5199
1 221384052 0.0563
1 221386840 0.2125
1 221387578 1.19451324053805
1 221395860 0.618814731945687
1 221411498 1.48993872239929
1 221432490 0.0915022468181583
1 221434313 0.246293372524908
1 221439956 0.3208
1 221452665 0.1619
1 221454490 4e-04
1 221474089 0.1915
1 221479002 0.4434
1 221500167 1.68666022029273
1 221501471 2
1 221501892 0.1543
1 221502446 2
1 221505062 2
1 221507917 1.0300993356992
1 221508805 0.2066
1 221517913 0.5794
1 221521473 2
1 221521492 2
1 221523179 2
1 221524461 2
1 221528840 2
1 221530308 0.6142
1 221532865 2
1 221536107 0.6142
1 221537748 2
1 221538532 0.6142
1 221544693 2
1 221546520 2
1 221549042 2
1 221559914 2
1 221569586 2
1 221580472 2
1 221636210 0.6205
1 221642816 1.5669
1 221651260 1.5229
1 221663707 2
1 221664129 0.781
1 221666357 1.184
1 221667566 2
1 221668263 0.9371
1 221672920 2
1 221676061 2
1 221677100 2
1 221678943 2
1 221679773 2
1 221680581 2
1 221681417 2
1 221698212 2
1 221709883 0.4425
1 221748729 0.8544
1 221751871 0.9512
1 221760998 0.7783
1 221768239 0.8181
1 221789823 0.188439389816654
1 221795192 0.206116482622155
1 221796026 0.100664438753154
1 221803618 0.7412
1 221807751 0.386379615235754
1 221871647 0.882646937953575
1 221876091 2
1 221876788 2
1 221898960 0.2398
1 221904052 0.0968002905873932
1 221905722 1.4937
1 221905852 0.0558
1 221916969 0.209598900520163
1 221918578 0.9064
1 221919258 0.910201615594019
1 221935309 0.557608888573072
1 221957557 0.786665882209436
1 221963852 0.463388561104132
1 221973901 0.140247233162223
1 221974203 0.0222
1 221986970 0.407054444008359
1 221999063 0.0780387924091769
1 222001765 0.871626890790584
1 222006787 0.0108864757342393
1 222008012 1.12634474075225
1 222014375 0.189038431618238
1 222023668 1.0844
1 222029159 1.39860839513099
1 222051012 0.164529608235617
1 222067037 0.3539
1 222070113 0.3344
1 222088819 2.9966
1 222091234 0
1 222094158 0.1756
1 222095349 0.1756
1 222099907 0.7573
1 222100978 0.3472
1 222104321 0.1984
1 222110304 0.0078
1 222116340 2
1 222122284 2
1 222133755 0.6761
1 222138836 5e-04
1 222155200 2
1 222158630 2
1 222161342 2
1 222164982 2
1 222166702 0.0078
1 222166810 2
1 222179881 0.6594
1 222188946 2
1 222189807 2
1 222192050 2.978
1 222203436 2
1 222205803 1.8998
1 222218910 2.299
1 222230670 0.0078
1 222239123 0.650146158766595
1 222279252 1.14386382105093
1 222302611 0.4799960368936
1 222303422 0.434483339852132
1 222306738 0.341638590937819
1 222314476 0.0078
1 222321029 0.168007115924412
1 222325519 0.897462784213514
1 222330221 1.87899881338476
1 222338115 2.6987
1 222357501 1.7795807790257
1 222366764 2.1546
1 222371708 1.72155660455979
1 222376703 0.306610135195737
1 222380097 1.9629
1 222381900 1.9629
1 222406862 2
1 222429098 2
1 222437868 2
1 222450956 0.0018
1 222459813 2
1 222461919 0.4839
1 222475999 0
1 222486890 0.715029455374337
1 222487943 0
1 222524590 0.4832
1 222531769 0
1 222552221 5e-04
1 222593267 0.100967517234512
1 222599252 0.360897872671448
1 222605732 2.6987
1 222620428 1.57821274291914
1 222655362 1.3509513561062
1 222671135 0.0107
1 222700623 2.7024
1 222741798 0.0078
1 222742807 1.24769005427805
1 222772968 0.258379507371969
1 222772996 0.0665744318339743
1 222774719 0.278009409943611
1 222780045 1.8039
1 222781552 0.76829053221127
1 222781876 0.803201269163
1 222809845 2
1 222816358 1.1228
1 222819626 1.1228
1 222824093 1.1631
1 222826774 1.1631
1 222831558 1.3648
1 222850929 1.26264480258717
1 222854848 0.4335
1 222866698 0.611109865400157
1 222898936 1.3043
1 222906560 0.396153137373664
1 222908497 1.37083980171213
1 222917238 2.7028
1 222918672 2
1 222921086 0.4559
1 222925239 0.1093
1 222939457 1.0789
1 222943897 1.4698
1 222949071 1.72939281253348
1 222949083 0.1266
1 222950591 2
1 222954420 0.0527996121675065
1 222963983 0.9243
1 222970206 7e-04
1 222971309 0
1 222971410 2
1 222973072 0.496503482444704
1 222986038 0.950630741639828
1 222989404 0.684051740274225
1 223009676 0.85197159511193
1 223026453 0.8046
1 223038036 0.9638
1 223042297 0.2862
1 223043305 0.2607
1 223044983 3.94471706193229
1 223049364 1.77398730023304
1 223049523 0.2295
1 223052083 0.696029987144676
1 223064522 2
1 223075168 2
1 223076871 2
1 223080235 2
1 223107827 2
1 223115496 2
1 223118122 1.16180913148773
1 223131801 2
1 223146852 2.2929
1 223149699 0.146079874319648
1 223170724 0.00491923166395655
1 223183999 0.5709
1 223241700 2
1 223266176 0.280736277442843
1 223268048 1e-04
1 223272904 1.37993039102305
1 223290895 0.660121011769015
1 223293058 1.4814382500954
1 223304075 0.932380849209618
1 223306799 0.0884173392918896
1 223311564 0.149422878097128
1 223313079 2
1 223313333 2
1 223313758 2
1 223323387 2
1 223324803 0.593820797588596
1 223334623 2
1 223335226 2
1 223351225 2
1 223365432 0.92034200357922
1 223401289 2
1 223404560 2
1 223408230 2
1 223416347 2
1 223432322 5e-04
1 223434368 2
1 223434483 2
1 223439802 6e-04
1 223442870 2
1 223456112 2
1 223460397 2
1 223468524 2
1 223481719 1.2535
1 223485142 1.7256
1 223493015 1.00799453825705
1 223505320 1.59800677825538
1 223519501 0.403627111024722
1 223521393 0.55493027402918
1 223523495 2.00980012280444
1 223533091 1.5461
1 223533739 0.5573
1 223547414 2.90963043399855
1 223548332 0.562146098959664
1 223555503 5e-04
1 223612599 1.8515456883381
1 223621866 1.7277
1 223623861 0.315089529646783
1 223624962 0.6367
1 223631189 1.3133
1 223641367 2
1 223642089 1.0572
1 223666025 0
1 223672338 3.1208
1 223686511 1.0461
1 223688667 1.0461
1 223692852 0
1 223711816 2
1 223742960 0.761788818536747
1 223776995 2
1 223779289 0.4837
1 223817366 5e-04
1 223837165 0.0263
1 223879094 0.4837
1 223909656 0.4837
1 224011833 0
1 224011868 0.454758295477111
1 224013642 1.21870096867153
1 224013649 0.4095
1 224034882 1.15584612256881
1 224036319 1.94445832218663
1 224046016 1.09221067117293
1 224062351 0.266176858938502
1 224073711 2
1 224074991 2
1 224077131 0.9207
1 224081480 2
1 224084413 2
1 224088837 0.6094
1 224091954 0.6094
1 224095817 0.6269
1 224100507 5e-04
1 224106340 0
1 224119939 0.177553414070155
1 224119960 0.645
1 224123080 0.80251126988127
1 224127112 0.725725610867696
1 224131173 0.256269980086734
1 224133790 1.54151694517263
1 224154811 0.20554098600291
1 224155310 2.53312940455988
1 224161116 0.710289719132995
1 224163321 2.03756525868044
1 224169918 0.645
1 224171256 0.645
1 224172998 0.259437708006182
1 224195002 2
1 224197695 3.1151
1 224208785 0.293882267026021
1 224208878 0.875234959798923
1 224210605 2
1 224259006 0.336038542588969
1 224303002 2.2356
1 224309063 5e-04
1 224318017 0
1 224329362 0.49358685796982
1 224337271 0.0171
1 224350473 0.0162
1 224382219 1.47821530160806
1 224387316 0.137294497539896
1 224391226 0.486689588257075
1 224400232 0.383818079083052
1 224407145 5e-04
1 224414068 0.648909299150532
1 224438222 0.0078
1 224472739 0.8326
1 224474254 2.19214401960086
1 224484303 1.01165835590206
1 224486538 2.07986387728803
1 224488828 1.24042551762288
1 224489140 0.532206166878328
1 224519399 1.12134784987786
1 224534854 0.382750320649964
1 224538358 0.570076141024556
1 224541087 2.8037
1 224548490 2
1 224565435 1.89981094967384
1 224588138 1.1153445927552
1 224597801 0.412955644099255
1 224608418 1.0063728531851
1 224630914 2.24406148091555
1 224632137 0.0143383401994509
1 224632477 0.144213487113734
1 224632590 2.19503025180217
1 224639830 0.669024358005648
1 224644925 0.497345288861071
1 224645047 1.03863933459639
1 224651820 0.649359586996044
1 224690044 1.08026501063231
1 224698790 0.4416
1 224702091 0.5467
1 224711131 0.180126627409053
1 224723299 0.442419550798959
1 224728891 0.351531980573104
1 224751015 6e-04
1 224751065 5e-04
1 224761890 2
1 224762969 2
1 224764985 2
1 224781353 0.213244184925642
1 224827925 1.57510923060284
1 224841172 0.480000301819153
1 224858497 2
1 224876903 0.077
1 224880813 1.4998
1 224901140 1.5627
1 224905242 2
1 224908054 1.5073
1 224949544 2
1 225012043 1.1810745306181
1 225020759 1.5627
1 225027867 2.05172335764515
1 225028804 1.05513825844156
1 225039810 0.248144492774639
1 225043415 0
1 225044562 0.565031185424695
1 225046947 2
1 225047884 1.43233272013739
1 225066800 2
1 225069140 1.40583421334397
1 225069928 0.205890005957745
1 225069947 0.561122796424992
1 225070050 1.29908915103507
1 225078130 0.429123688315705
1 225084455 1.2845158887732
1 225117269 2
1 225130442 1.5627
1 225170673 0.9314
1 225172264 2
1 225192160 1.5464
1 225192386 2
1 225242646 2
1 225261660 0
1 225263377 1.5464
1 225270245 0.417269928509204
1 225283441 2
1 225297340 2
1 225313144 2
1 225318560 2
1 225335331 0.0054
1 225335455 2
1 225335621 2
1 225335888 2
1 225335979 2
1 225339030 2
1 225343534 1.3094
1 225343731 0.6182
1 225353670 2
1 225356654 1.5829
1 225363560 2
1 225364948 2
1 225378648 1.5518
1 225379473 2
1 225397908 2
1 225422182 1.40996643731291
1 225431469 0.027
1 225432515 0.188852876707339
1 225440558 0.442397645422433
1 225443730 1.3175
1 225449904 0.3946
1 225465448 0.1172
1 225468925 0.1172
1 225473869 1.3682
1 225475804 0.4049
1 225476762 0.4049
1 225512032 1.3795
1 225564239 1.4389
1 225566302 1.3795
1 225572111 2
1 225576113 0.939678154439642
1 225676012 2
1 225702065 0.5504
1 225714052 0.3198
1 225746593 1.69204000136368
1 225747725 0.3293
1 225753563 0
1 225764569 0.7448
1 225799166 5e-04
1 225802109 2.49177280738444
1 225802805 0.175097839647987
1 225803257 0.406
1 225809252 0.406
1 225818998 0.93510779326449
1 225831405 2.8716
1 225832073 0.27597094806845
1 225833862 5e-04
1 225833913 2.3421
1 225865130 2
1 225870116 2
1 225889219 0.86831463732984
1 225889531 0.8892
1 225912071 0.0291
1 225916791 2
1 225960129 2
1 225963561 0.0263
1 225965488 1.2808
1 225977598 0.395790986849967
1 226009866 0.26436436703187
1 226018268 1.3564997467076
1 226077422 1.84022674312939
1 226080052 0.6983
1 226090484 0.1835
1 226114305 0.0013
1 226114955 8e-04
1 226114981 5e-04
1 226115099 2
1 226115171 0.314240734208703
1 226115643 2
1 226120594 2
1 226132549 2
1 226143679 0.729418487995335
1 226169716 5e-04
1 226176420 1.93466685889485
1 226181901 0.16726304148873
1 226198725 0.1068
1 226209783 0.54724960274035
1 226214274 0.550810465402662
1 226220570 0.574094212621111
1 226227765 2.15658365677877
1 226227768 0.672141058431389
1 226264706 1.9521
1 226265917 0.1692
1 226267316 1.57252159519596
1 226275740 2
1 226284831 0.1692
1 226286431 0.1692
1 226294277 0.309982217916713
1 226301940 0.4943
1 226305728 0.4943
1 226320634 1.9852
1 226322865 1.07872473412919
1 226340621 0.556299294006296
1 226352208 2
1 226355169 5e-04
1 226356719 0.3375
1 226370177 2
1 226376158 2
1 226399741 2
1 226425532 1.07346004489803
1 226441803 0.931305407466035
1 226447572 0.903553321769416
1 226448324 0.0053
1 226452976 1.00638654137147
1 226465777 2
1 226478546 0.277535204851388
1 226479061 1.19605982731139
1 226485083 0.489735426844366
1 226496721 0.229780756869537
1 226504821 1.31543920384272
1 226508745 2
1 226522223 0.3944
1 226533770 0.71698378428838
1 226544207 0.458475536937859
1 226545092 0
1 226576454 0.647244156764937
1 226586341 0.0706
1 226602496 0.400488405782989
1 226625360 0.6629
1 226629766 0.155981425485543
1 226638745 1.3871
1 226648462 0.0386
1 226649558 0.379884053758857
1 226649700 1.0253
1 226649845 0.969010578994557
1 226678072 0.0801514344126246
1 226768271 2
1 226795554 5e-04
1 226804195 0.540431151819546
1 226812054 2
1 226819481 1.6261
1 226820801 2
1 226823029 1.6261
1 226827177 2
1 226829772 2
1 226849470 2
1 226850680 2
1 226866311 1.6261
1 226867344 1.5335
1 226872038 2
1 226884065 2
1 226884566 2
1 226891020 1.4258
1 226894645 2
1 226894744 2
1 226895025 1.4258
1 226903016 2.1901
1 226904955 1.5701
1 226931406 2
1 226950758 0.0386
1 226955565 1.0107212289287
1 226966862 2
1 226978560 5e-04
1 226978872 0.772905277256691
1 226978917 2
1 226987122 0.1388
1 226994332 0.1045
1 227008027 0.1548
1 227022024 1.53021775230887
1 227029932 2
1 227064730 2
1 227079334 1.2917
1 227081135 2
1 227100682 2
1 227108381 0.1452
1 227115221 5e-04
1 227132202 0.3253
1 227133772 2
1 227137307 0.459281663925892
1 227142787 0.0389
1 227143400 2
1 227163140 1.22896109101371
1 227164464 0.481963197484236
1 227168792 0.416934334897197
1 227185754 0.104
1 227190565 0.276905913807931
1 227191694 0.259673026760293
1 227192771 0.104
1 227192808 2
1 227193087 0.237014129323111
1 227193163 0.861916989462067
1 227193672 1.37773839179691
1 227197845 0.3744
1 227197859 1.28066961546942
1 227198851 1.44196799305785
1 227200256 0.104
1 227200576 0.527106748474196
1 227200743 0.742126146472419
1 227202233 0.525963623513054
1 227202239 1.16988924399133
1 227202471 0.78644544212608
1 227204237 0.301298014207372
1 227208297 0.0387594220404763
1 227216381 0.3253
1 227221884 0.9437
1 227236548 0.1335
1 227239850 1.61233836502144
1 227245636 0.532167544590687
1 227247637 0.625447714299598
1 227255496 1.305
1 227257873 0.0567545353870811
1 227268795 0.740545159632377
1 227273297 2
1 227275046 1.53884208348111
1 227275072 1.59556938596556
1 227284934 2
1 227291987 2
1 227301101 0.757743038914257
1 227307940 1.04334926772758
1 227309084 2.2613
1 227311887 0.9437
1 227327286 1.2853
1 227362999 2
1 227370441 2
1 227393510 2
1 227399381 2
1 227400855 2
1 227403464 5e-04
1 227403709 0.0742
1 227406109 0.0742
1 227411065 0.0742
1 227413844 0.0681
1 227423735 0.0681
1 227447461 1.0469
1 227490493 0.6602
1 227533077 2
1 227564880 2
1 227565795 2
1 227565877 2
1 227567234 2
1 227570672 2
1 227598205 2
1 227623754 2
1 227624573 0.121
1 227632822 2
1 227646699 2
1 227665920 2
1 227680962 2
1 227700050 2
1 227750888 2
1 227752451 1.2917
1 227753037 2
1 227775377 2
1 227782191 2
1 227783484 2
1 227800351 0.4399
1 227833306 2
1 227845496 0.4631
1 227847388 0.0897
1 227848962 1.5483
1 227859396 0.4761
1 227924579 2
1 227927692 2
1 227930768 2
1 227933873 2
1 227971280 2
1 228001794 2
1 228006919 6e-04
1 228014100 2
1 228019950 2
1 228023584 2
1 228024755 2
1 228036452 2
1 228127397 2
1 228161637 0.57206524970911
1 228172074 2
1 228184189 0.141
1 228198380 2
1 228205159 0.0078
1 228211250 2
1 228223623 2
1 228245286 2
1 228247328 0.847784117339475
1 228247838 2
1 228247953 2
1 228248154 2
1 228260986 2
1 228278398 0.0295301217840824
1 228284809 0.4578
1 228292581 1.03188105788849
1 228299083 1.32998330352626
1 228307963 0.531224777476649
1 228317258 0.095
1 228317998 1.50784644953042
1 228358771 0.1063
1 228364870 0.585600992233759
1 228392464 0.826688144815159
1 228424743 1.20139843164884
1 228427067 5e-04
1 228446017 0.331
1 228449123 0.32
1 228473892 0.7905
1 228482143 1.7015
1 228513401 0.3199
1 228525594 2.7492
1 228544530 0.4585
1 228646772 0.9381
1 228647496 0.6405
1 228647924 0.9518
1 228666290 5e-04
1 228677214 0.656042449164067
1 228688921 1.21043575465582
1 228707256 2e-04
1 228708682 1.69967521071466
1 228731901 0.9693
1 228733368 1.22540600243714
1 228738041 0.378479917333633
1 228744549 0.9693
1 228757982 0.0524024632567798
1 228763050 0.570391211277483
1 228765495 0.659588419323389
1 228768794 2.9805
1 228771685 0.9693
1 228777800 0.785000096639938
1 228779855 1.0035
1 228781906 2
1 228782852 2
1 228791675 0.102889842836774
1 228813861 0.6471
1 228829305 0.4514
1 228829503 0.0078
1 228844143 0.0078
1 228853087 1.3006
1 228853454 0.7369
1 228862088 1.3006
1 228865642 1.3206
1 228868057 0.0078
1 228944285 2
1 228959086 2
1 228976346 2
1 228978765 0.829363501228397
1 228981300 2
1 228987339 2
1 228994142 1.11939880780587
1 228998487 2
1 229061639 0.293910527952035
1 229061874 1.0685547290439
1 229065220 2
1 229068661 2
1 229081764 2
1 229107320 0.8198
1 229118656 2
1 229121662 2
1 229124764 2
1 229126063 2.3652
1 229144801 0.421222240448776
1 229151702 1.7872
1 229154285 1.7952
1 229162572 2
1 229164827 0.1278
1 229165530 2
1 229175832 2
1 229179484 1.7922
1 229195933 2.07021614291513
1 229197862 0.9657
1 229209206 0.8929
1 229216646 1.4328
1 229225860 0.4737
1 229234683 2
1 229245444 0.1585
1 229251810 0.1751
1 229252965 0.765133247439412
1 229260325 0.1668
1 229265043 0.563452347047379
1 229274781 0.132375541166734
1 229283027 2
1 229283898 2
1 229291599 2.7191
1 229294563 0.292944560621331
1 229310167 1.0937064037469
1 229331652 0.409763506106064
1 229332476 2
1 229337595 0.657037411848856
1 229373158 2
1 229381876 0.4645
1 229384701 2
1 229386795 2
1 229392523 1.0206
1 229395553 1.2022
1 229396198 0.440996811262429
1 229403346 1.71289820177192
1 229405498 5e-04
1 229416006 2
1 229417538 2
1 229418671 1.8474
1 229419301 0.0714979452276816
1 229419412 1e-04
1 229425737 3.0774
1 229429985 0.73
1 229453920 1.7391
1 229459059 1.7709
1 229490950 1.68
1 229506770 1.68
1 229519819 1.70900955997972
1 229528797 1.6259
1 229563184 1.6524
1 229565742 1.68
1 229582109 1.6495
1 229587522 2
1 229588191 1.3362
1 229589425 2
1 229594705 1.2597
1 229608847 1.367
1 229609102 2
1 229615345 1.4561
1 229615446 2
1 229632749 1.4561
1 229641262 2
1 229642027 1.6633
1 229643871 1.3791
1 229660524 0.8023
1 229663891 0.8023
1 229666404 2
1 229667249 2
1 229676190 2
1 229686532 2
1 229699984 2
1 229740350 0.528
1 229754818 2
1 229758677 0.183755665623749
1 229781323 2
1 229786180 2
1 229786850 2
1 229788170 2
1 229788750 2
1 229802092 2
1 229806003 2
1 229845096 2
1 229865846 1.8474
1 229931212 1.898
1 230014369 0.3299
1 230045403 2
1 230061308 2
1 230091354 0.6842
1 230095012 2
1 230100390 0.225
1 230101356 0.199
1 230107008 0.225
1 230108841 2
1 230109554 2
1 230131476 1.9538
1 230135383 2
1 230135694 0.7147
1 230136941 2
1 230143264 0.115
1 230148956 0.1023
1 230150473 2.1425
1 230159560 0.4995
1 230160724 0.0866
1 230168287 1.7634
1 230170220 0.4878
1 230191667 0.972419743877435
1 230195280 2
1 230208577 0.363690915087882
1 230219082 1.1192
1 230225938 0.0856
1 230226826 0.0689304056905131
1 230241739 2
1 230255488 1.1192
1 230279279 2
1 230282683 2
1 230282901 2.0622
1 230283406 2
1 230308032 0.5511
1 230309866 0.2073
1 230315124 0.0786
1 230335640 0
1 230338981 1.0762
1 230366819 0.254167314604707
1 230372907 0.366820195642347
1 230388923 1.39536047295287
1 230401816 1.0885
1 230452281 0.714135129481181
1 230460008 0.815037782894038
1 230478364 2
1 230485822 1.592
1 230495232 2
1 230503988 2
1 230529311 2
1 230531492 0.2223
1 230548512 1.0956
1 230566687 2.3673
1 230567929 1.5474
1 230569216 0.617
1 230572116 1.4811
1 230579530 1.6417
1 230588716 1.1714
1 230592616 1.911
1 230592903 0.5627
1 230599689 0.5627
1 230604963 1.911
1 230622859 1.2749
1 230635031 3.1171
1 230636408 5e-04
1 230645669 2
1 230680714 2
1 230681688 2
1 230684476 0.0217
1 230688881 2
1 230693241 2
1 230714053 2
1 230719408 5e-04
1 230719411 5e-04
1 230720372 2
1 230723005 2
1 230723193 2
1 230725332 2
1 230726351 5e-04
1 230746467 0.8779
1 230751478 2
1 230761529 2
1 230762485 2
1 230767926 2
1 230769165 2
1 230771208 2
1 230771307 2
1 230778866 2
1 230781026 0.6112
1 230792766 2
1 230798152 0.8
1 230808337 2
1 230813119 0.9238
1 230818751 0.0621
1 230827046 2
1 230850798 2
1 230852388 0.5291
1 230869758 2
1 230879927 2.784
1 230881799 2
1 230888600 2
1 230892908 0.976511488370938
1 230909224 2
1 230913676 2
1 230917195 2
1 230936779 5e-04
1 230944575 2
1 230948995 2
1 230950427 0.188708113845683
1 230951976 2
1 230956226 2
1 230962110 0.671906520209958
1 230965036 0.159054009029088
1 230969734 0.4379
1 230976992 0.4379
1 230978150 2
1 230979608 0.4379
1 230982906 0.4379
1 231001884 2
1 231002369 0.500109778105767
1 231004564 2
1 231032366 2
1 231034267 2
1 231046732 2
1 231054072 1.1756
1 231073295 3.4126
1 231099631 2
1 231099675 0.2682
1 231110993 2
1 231113332 1.2447
1 231114563 2.1452
1 231114880 1.21928478324641
1 231124609 2.7487
1 231144704 2
1 231145941 0
1 231146601 2
1 231157277 3.815
1 231158990 3.5952
1 231174929 2
1 231176343 0.5593
1 231202119 0
1 231211041 0.821993013262042
1 231267519 2
1 231350443 0.5998
1 231356562 0.5998
1 231360342 0.5833
1 231377022 0.5998
1 231379455 0.5998
1 231383585 0.5998
1 231391133 0.127856407676949
1 231392106 2.7105
1 231392211 0.5998
1 231395420 0.5998
1 231396039 2.9999
1 231397460 0.5998
1 231401583 0.4908
1 231402168 0.5998
1 231413986 2
1 231416094 2
1 231417673 2
1 231418041 1.0206
1 231419962 2
1 231441379 1.3323
1 231449000 0.3734
1 231454121 0.3734
1 231459618 2e-04
1 231466054 0.5665
1 231487203 2
1 231487727 2
1 231543916 2
1 231560412 5e-04
1 231576506 2
1 231578668 1.47157930343758
1 231595885 0.339767844669459
1 231602464 0.104606206681488
1 231604687 1.31769235969119
1 231607283 1.2374
1 231607537 3.1151
1 231615375 4e-04
1 231617717 0.641290027214282
1 231624301 0.371596283850478
1 231624490 2
1 231625511 2
1 231626594 0.1408
1 231636667 0.0429
1 231672536 1.14406875578391
1 231681852 0.0485
1 231687916 0.078
1 231726765 2
1 231727458 1.58110568431237
1 231732329 0.9867
1 231761684 0.0599690593921268
1 231775680 5e-04
1 231783486 0.7028
1 231786536 2
1 231799858 2
1 231803230 2
1 231810715 2
1 231818399 2
1 231819608 2
1 231823314 2
1 231824333 2
1 231831513 2
1 231837588 2
1 231838645 1.0471
1 231846851 1.7363
1 231847666 2.003
1 231851383 2
1 231852147 2
1 231872046 2
1 231874345 0.798005343451905
1 231880488 2
1 231899404 2
1 231909203 2
1 231916547 0.1697
1 231942592 2
1 231955087 2.2286
1 232000932 0.389518617273589
1 232003342 1.55056429897734
1 232003351 1.00766117182601
1 232003652 1.277425888396
1 232004533 0.80631022790568
1 232004997 0.573107088234273
1 232012450 0.890310921351569
1 232013826 1.10931944602373
1 232017285 2.03669260674627
1 232023434 0.44242568692272
1 232043263 2.2286
1 232049276 1.2319
1 232060116 2
1 232061099 2.055
1 232061733 3.1259
1 232064195 2.9975
1 232065044 3.1259
1 232065654 0.105176556040043
1 232082024 2.0369
1 232088604 2
1 232090691 0.3907
1 232103596 0.3907
1 232111139 2
1 232119236 2
1 232120826 2
1 232121848 3.1259
1 232121979 2
1 232122717 2
1 232123238 2
1 232124543 0.7148
1 232126115 2
1 232129502 0.6892
1 232133670 2
1 232134657 0.662
1 232136853 2
1 232137089 0.6892
1 232143194 2
1 232165591 1.7102
1 232168070 0.5354
1 232168502 2
1 232175761 0.5354
1 232178759 0.12099297627395
1 232183628 0.4689
1 232186681 0.5574
1 232195478 0.507574844096663
1 232205265 0.0497
1 232213587 1.5595
1 232215037 0.4689
1 232218558 1.25316790661713
1 232225044 1.3615
1 232228892 0.376816634892222
1 232229127 1.90773602390153
1 232230009 1.3615
1 232232816 0.2423
1 232236860 1.3441
1 232246884 2.5127
1 232248864 2.5127
1 232262648 1e-04
1 232266567 2
1 232281944 2
1 232287409 2e-04
1 232305370 0.737713455450067
1 232323218 2.7306
1 232325225 0.7661
1 232330209 1.3738
1 232331835 0
1 232332467 2
1 232341656 0.3229
1 232349596 1.14579194510204
1 232353549 1.4811
1 232354369 0.2814
1 232360248 1.70400087773785
1 232368104 0.1984
1 232376428 2
1 232378629 0.2703
1 232397269 1.4832
1 232399969 2
1 232406101 2
1 232410891 1.4832
1 232414240 2
1 232455387 0.5132
1 232459728 0.5132
1 232478808 0.4836
1 232502663 0.900227786147309
1 232503516 0.105127688976789
1 232504744 0.7028
1 232515004 0.0264
1 232517988 0.0264
1 232521849 0.338032985543348
1 232528865 1.8754
1 232535659 1.8379
1 232540249 1.7985
1 232542171 0.6687
1 232543475 0.105475141571562
1 232546375 0.941445761404488
1 232554523 0.518831742460052
1 232565444 0.1621
1 232572754 0.55843422690214
1 232577158 0.9041
1 232593753 2
1 232594303 3.1259
1 232601851 0.5985
1 232603781 0.553
1 232613121 0.982291846560218
1 232619186 2
1 232622133 2
1 232651726 0.3907
1 232652632 0.3907
1 232673075 3.1259
1 232676182 0.3456
1 232695027 0.9203
1 232696120 1.089
1 232697670 1.089
1 232713973 2.367
1 232766292 0.0386
1 232767089 0.0681
1 232781467 0.4252
1 232797666 0.6364
1 232817866 0.9037
1 232818522 2
1 232824927 1.36752666072413
1 232835911 0.177220109263211
1 232839667 0.847749658204965
1 232840890 0.0425
1 232854072 1.7774
1 232859196 0.0263
1 232862791 0.0425
1 232872099 1.9
1 232876997 1.0534
1 232885395 2
1 232886654 2
1 232887448 1.6137
1 232908230 2
1 232909959 2
1 232936717 2
1 232958209 0.053
1 232996561 1.1561
1 233017375 2
1 233017727 2
1 233026076 2
1 233039040 0.955396292606202
1 233043826 0
1 233048255 2
1 233058983 2.859
1 233089193 2
1 233094102 0.224823530927833
1 233118274 2
1 233119592 2
1 233122335 2
1 233128067 3.1259
1 233129403 2
1 233142866 2
1 233152025 1.3072
1 233154067 3.1148
1 233161361 2.859
1 233163471 2
1 233186577 0.3907
1 233195721 2.8716
1 233223838 1.6441
1 233223897 2
1 233232543 2
1 233239418 1.4784
1 233263172 5e-04
1 233265016 1.346
1 233265457 1.0759
1 233268493 0.9987
1 233268900 0.9987
1 233269472 0.9987
1 233273318 1.268
1 233275105 0.9987
1 233275492 0.9987
1 233288588 2.9975
1 233298317 2
1 233298930 2
1 233316398 2
1 233332702 2
1 233337097 2
1 233339268 5e-04
1 233339302 0.0078
1 233345412 0.4642
1 233346917 1.7205
1 233348008 1.0494
1 233351943 1.0494
1 233354247 1.0494
1 233355030 1.8054
1 233358879 1.1245
1 233368203 1.6015
1 233374337 0.9047
1 233374701 0.9047
1 233376827 1.46955231064492
1 233377468 1.7209
1 233384570 2
1 233388144 1.8284
1 233390430 1.11994739622502
1 233390856 2
1 233395233 0.4965
1 233420379 0.3907
1 233420763 2
1 233424762 1.22471222200279
1 233433370 0.4225
1 233436185 2
1 233440932 0.4225
1 233444912 0.4225
1 233445543 2
1 233449561 0.4225
1 233459344 2
1 233463763 2
1 233468493 2
1 233470175 2
1 233477669 2
1 233481817 0.572520940499385
1 233486674 0.7544
1 233487338 1.3175
1 233493025 2
1 233494293 1.81125642679127
1 233495256 0.522336326308726
1 233499694 0.1718
1 233502946 1.3004
1 233510824 3.7807
1 233515043 1.33471332405129
1 233515966 1.91727090928574
1 233519183 0.1565
1 233559356 1.196
1 233565635 0.443463891653856
1 233566392 1.77968028546121
1 233569920 1.8666
1 233581810 2.2477
1 233583280 2
1 233587291 2.2286
1 233594287 2
1 233594546 5e-04
1 233599292 1.6447
1 233618766 2
1 233650527 1.5791
1 233655084 2
1 233660905 2
1 233667139 2
1 233681332 2.2176
1 233687214 0.9295
1 233688179 1.1728
1 233707516 0.3413
1 233715641 0.3413
1 233723262 1.642
1 233724064 0.3756
1 233734992 0.0347
1 233746557 0.0291
1 233747307 1.3711
1 233768659 0.3907
1 233778290 0.4981
1 233783210 0.5212
1 233785478 0.5212
1 233792804 0.4521
1 233793532 4.4899
1 233793603 0.4619
1 233799807 2.1288
1 233804066 0.4411
1 233805315 0.4411
1 233805822 2.1288
1 233810489 0.5436
1 233824901 2
1 233831914 2
1 233837838 0.723398741476563
1 233849368 0.65082896618335
1 233912285 0.862295365264764
1 233912490 2
1 233919293 2
1 233922033 2
1 233923375 2
1 233924803 2
1 233927797 2
1 233928275 2
1 233936516 0.613585049107975
1 233970986 2
1 233971529 2
1 233985268 0.8506
1 233989256 0.7532
1 233996406 0.7532
1 233996471 0.7532
1 233998774 2
1 234006470 0.7028
1 234008551 1.8474
1 234020448 0.9371
1 234022469 2
1 234023341 2
1 234024601 2
1 234057881 2.2429
1 234076825 2.2073
1 234092408 2
1 234094963 0.443376489003231
1 234107652 3.1162
1 234108833 2
1 234117502 2
1 234117914 0
1 234119624 1.3254
1 234126374 2
1 234131790 2
1 234141699 2
1 234142686 2
1 234194351 2
1 234226291 2
1 234227548 2
1 234235661 2
1 234248991 2
1 234251213 1.1769
1 234252707 2
1 234254426 2
1 234261245 2
1 234271642 1.6672
1 234272213 2
1 234277613 2
1 234299575 2
1 234324995 1.3883
1 234325805 2
1 234339034 2
1 234341419 2
1 234366247 2
1 234373513 0.8145
1 234377112 2
1 234385972 2
1 234386266 1.481
1 234393773 2
1 234397173 0.8716
1 234410499 2
1 234429836 1.4701
1 234442480 1.1997
1 234442901 1.1997
1 234450767 0.3829
1 234459767 0.5908
1 234465234 2
1 234466248 1.8325
1 234467329 2
1 234470005 1.8325
1 234471340 2
1 234473439 2
1 234474281 1e-04
1 234475269 2
1 234495912 2
1 234497436 2
1 234502594 2
1 234513428 2
1 234514804 2
1 234516155 1.3561
1 234517940 2
1 234518158 1.3434
1 234535219 0.0742014564789283
1 234552788 2
1 234556232 2
1 234559650 0.5362
1 234561182 2
1 234574847 2
1 234594951 0.203543918159089
1 234596326 0.9316
1 234602592 2
1 234602674 2.0406
1 234609199 2.0406
1 234612741 2
1 234614963 1.7078
1 234617860 1.7953
1 234618103 1.7953
1 234625700 0.907451598308055
1 234631495 0.9913
1 234635040 2
1 234644454 0.9913
1 234646163 2
1 234649504 0.206074320494651
1 234655975 2
1 234658213 2
1 234663206 5e-04
1 234671712 2
1 234675592 2
1 234682471 0.7405
1 234684139 0.3555
1 234692205 0.2895
1 234692276 0.9913
1 234736855 2
1 234758766 2
1 234758785 2
1 234761492 2
1 234762524 2
1 234838208 5e-04
1 234841361 0.876889449250482
1 234845818 0.342725465100881
1 234853974 1.0428
1 234879452 0.9517
1 234896473 2
1 234898228 2
1 234898406 2
1 234908817 2
1 234917354 2
1 234917962 2
1 234918553 2
1 234939462 2
1 234940417 2
1 234949958 0.8164
1 234953920 2
1 234972825 2.1649
1 234974514 2.8406
1 234983188 0.836
1 234983293 2
1 234997243 0.3509
1 235000190 1.3666
1 235000980 0.0053
1 235001095 2.9918
1 235013694 2
1 235018604 2.33026003539554
1 235023876 2
1 235025174 1.4457
1 235026062 6e-04
1 235033351 0.7919
1 235035302 0.0737
1 235036500 1.0161
1 235043139 0.7196
1 235044483 0.7028
1 235066557 0.0078
1 235072379 1.98084395248952
1 235089293 1.14876355529981
1 235092833 1.5179
1 235100920 2
1 235117046 0.5962
1 235129799 0.7215
1 235137693 2
1 235139917 1.4461
1 235141098 1.59387765521261
1 235145449 0.5911
1 235159421 0.5911
1 235159912 1.6107
1 235161230 0.662
1 235164253 0.2346
1 235170910 1.16155055148451
1 235178777 0.6902
1 235184912 0.6902
1 235192986 2
1 235198002 0.6902
1 235205409 1.7521
1 235215452 0.4767
1 235241815 0.0893
1 235250015 2
1 235262644 0.4767
1 235271987 0.0893
1 235288167 0.6902
1 235299452 0.662
1 235301985 0.4767
1 235304353 2
1 235316015 0.0893
1 235327076 2
1 235332161 2
1 235333580 0.6902
1 235345378 0.6902
1 235360240 2
1 235363184 1.4472
1 235364932 0.00549976860501575
1 235375022 2
1 235376040 0.3729
1 235379926 2
1 235387287 2
1 235389983 2
1 235398734 2
1 235402000 0.3729
1 235408719 2
1 235409031 2
1 235412168 4e-04
1 235412235 5e-04
1 235438643 0.4188
1 235456822 2
1 235468645 0.733917658759859
1 235488367 1.52547854644929
1 235503936 0.527885055045682
1 235505886 0.872
1 235522231 0.7811
1 235527479 0.200174530328532
1 235546219 0.2607
1 235547272 0.053
1 235552361 2
1 235557598 2
1 235565646 2
1 235572589 2
1 235581391 2
1 235583126 2
1 235587477 1e-04
1 235589546 2
1 235593461 2
1 235593822 2
1 235596158 2
1 235598732 0.2725
1 235601671 2
1 235602862 1.85144566285299
1 235611717 2
1 235626574 0.2403
1 235634224 2
1 235639026 2
1 235643279 2
1 235647113 2
1 235683368 3.7248
1 235693095 0.2777
1 235694155 3.7248
1 235701742 2
1 235727231 2
1 235754649 2
1 235763837 2
1 235777150 0.549328673869514
1 235780417 0.485286405034473
1 235791850 1.1132
1 235816470 0.877860286647549
1 235824977 1.04451149860251
1 235829974 0.7314
1 235830265 3.7248
1 235836526 0.979915106822506
1 235851192 3.7248
1 235868354 2
1 235877596 2
1 235877648 2
1 235888526 2
1 235891851 0.4421
1 235892533 1.2085
1 235893517 0.930374334690431
1 235893875 0.4421
1 235899019 0.4211
1 235899978 0.997049620606616
1 235901682 0.766
1 235908430 0.3174
1 235932346 2
1 235934513 2
1 235935296 2
1 235936919 1.3471
1 235937168 0.6164
1 235940433 0.5871
1 235943714 2
1 235945800 0
1 235990712 2
1 236001262 0.6297
1 236014211 0.5862
1 236017572 0.5862
1 236034984 1.6055
1 236040808 0.0187
1 236041821 0.0187
1 236043445 0.3736
1 236046914 1.5778
1 236077781 2.3732
1 236089580 0.604076228535758
1 236096962 2
1 236119121 0.0818
1 236119357 0.440676048263145
1 236136613 2
1 236161900 1.0448
1 236191500 1.459
1 236207390 2
1 236214387 2
1 236215849 1.8152
1 236220722 2
1 236221368 2
1 236231092 2
1 236241234 2
1 236245453 7e-04
1 236248511 2
1 236251627 2
1 236252144 2
1 236252678 2
1 236253763 2
1 236253985 2
1 236258382 2
1 236259539 2
1 236261014 2
1 236261224 2
1 236261292 2
1 236261480 2
1 236292950 1.8209
1 236297810 2
1 236303320 2
1 236308258 2
1 236316921 2
1 236341966 1.1376
1 236350200 2
1 236351980 2
1 236352997 2
1 236357116 2
1 236357814 1.7796
1 236371353 1.2327
1 236382593 0.0821
1 236390119 0.1073
1 236392010 0.1139
1 236393587 0.1139
1 236402325 0.1765
1 236425793 2
1 236427821 2
1 236428576 2
1 236428807 2
1 236436666 2
1 236438118 2
1 236443516 2
1 236452219 0.5282
1 236460073 1.0804
1 236471575 2
1 236479181 2
1 236479294 2
1 236492428 2
1 236495162 2
1 236496046 0.590344997631879
1 236496188 0.121194955343008
1 236496317 1.3653854491219
1 236501660 0.574406883455586
1 236505794 0.00395931481340677
1 236505835 6e-04
1 236509610 2
1 236509896 1.4864
1 236511632 2.05055212748003
1 236512446 0.485553827537453
1 236514366 1.12880947772119
1 236528094 2
1 236528592 2
1 236537927 5e-04
1 236538853 2
1 236539217 2
1 236539673 2
1 236539710 2
1 236540532 2
1 236541591 2
1 236543562 2
1 236547556 2
1 236551447 2
1 236555320 2
1 236556839 2
1 236558070 2
1 236563442 2
1 236566432 2
1 236566567 2
1 236567647 2
1 236573264 2
1 236581412 2
1 236583611 0.596
1 236585205 2
1 236585726 2
1 236591739 2
1 236592127 2
1 236592807 2
1 236592913 2
1 236600272 2
1 236602376 2
1 236618006 1.8776
1 236618221 0.018
1 236631220 0.0053
1 236631670 2
1 236639003 2
1 236642618 2
1 236644820 1.5776
1 236645258 2
1 236646598 1.2182
1 236647747 2
1 236649097 2
1 236654817 0.172612921480676
1 236655838 2
1 236658547 1.0912
1 236662925 1.1331
1 236663119 1.1331
1 236665070 1.1331
1 236676026 1.1331
1 236677981 1.1331
1 236679937 1.1331
1 236681146 2
1 236687692 2
1 236688982 2
1 236689317 5e-04
1 236689988 1.1688
1 236702268 0.9452
1 236704094 0.0181
1 236715244 1.3957
1 236755722 3.5927
1 236773826 5e-04
1 236775560 0.2309
1 236784088 1.6169
1 236808886 1.4732
1 236822506 2
1 236823885 2
1 236840697 1.0383
1 236843614 2
1 236867488 1.3402
1 236876158 1.0383
1 236877613 1.0383
1 236882513 2
1 236886579 2
1 236912862 2
1 236920279 1.1078
1 236922827 1.1078
1 236924362 1.1078
1 236933431 2
1 236950661 1.2694
1 236970708 1.0932
1 236973274 2
1 236976863 2.6472
1 236977747 2
1 236981431 2
1 236994671 2
1 236996774 1.96874104869022
1 237028836 0.0078
1 237035883 1.09261503795299
1 237044242 0.1068
1 237050464 1.1947
1 237060198 2.266
1 237060540 2.266
1 237068944 2.266
1 237084875 0.3541
1 237085154 1.9745
1 237086058 1.7593
1 237093301 0.395599824176578
1 237094477 2
1 237095284 1.8002
1 237102221 1.7462
1 237112094 2
1 237113478 1.7481
1 237117090 0.363180470374841
1 237122857 0.516996246921328
1 237128672 2
1 237148275 2
1 237152432 2
1 237153662 2
1 237157925 2
1 237158712 2
1 237165416 2
1 237172124 2
1 237172598 0.0263
1 237173475 0.183153778133646
1 237176250 2e-04
1 237177810 2
1 237185068 0.7028
1 237193712 0.175268948980222
1 237195667 2
1 237198228 2
1 237208605 0.671
1 237209937 0.523915471831132
1 237210099 0.558657269327009
1 237211191 0.671
1 237213667 2
1 237230424 0.9619
1 237238700 0.9975
1 237267381 0.4884
1 237269099 1.84061330620065
1 237272236 2
1 237281435 1.5662
1 237284477 2
1 237284605 2
1 237285695 2
1 237291723 1.72447486380703
1 237309866 0.0526916859416971
1 237341459 1.408
1 237345279 1.408
1 237352034 1.3402
1 237361028 0.8805
1 237367116 0.8653
1 237380562 1.2186
1 237409196 0.277866833886194
1 237426301 1.2704
1 237430919 0.5274
1 237432105 0.944322395807984
1 237433349 2
1 237439366 2
1 237442191 1.6627
1 237442937 2
1 237444380 2
1 237453770 2
1 237454734 2
1 237461897 2
1 237475925 2
1 237478942 2
1 237495293 2
1 237513319 1.2465
1 237515391 1.0073
1 237527984 0.1626
1 237532366 0
1 237538429 0
1 237540119 0.903
1 237551325 0.0162
1 237561663 0.0396
1 237565117 2e-04
1 237567391 0.7885
1 237570054 0.1926
1 237577332 0.6999
1 237579884 0.6999
1 237587204 1.6147
1 237589138 1.5816
1 237592355 2
1 237592718 1.5654
1 237592749 1.5654
1 237593101 0.7667
1 237594885 0.0897
1 237604913 1.5176
1 237608467 0.0282
1 237612425 0.0814
1 237628400 0.0994
1 237631874 2.5652
1 237634673 0.9219
1 237643804 2
1 237646349 2
1 237652978 2
1 237661174 2
1 237670238 2
1 237671401 2
1 237672586 2.07597587119331
1 237676739 2
1 237697330 2
1 237697713 0.082329082067009
1 237712587 0.335413290912507
1 237740378 0.835128495217869
1 237742268 1.4522
1 237771415 0.349366098016391
1 237793861 2
1 237794009 2
1 237794754 1.7424
1 237795850 0.138744181771218
1 237795972 2
1 237796900 2
1 237798489 2
1 237803367 0.2598
1 237804076 0.9198
1 237806338 0.9198
1 237808500 0.9198
1 237824734 0.8364
1 237825196 0.8906
1 237829108 2
1 237849021 2
1 237849470 1.04497659851726
1 237850452 2
1 237863030 2.784
1 237865860 2
1 237873187 0.753973693733854
1 237877230 0.0780117070991958
1 237892555 1.05778411520197
1 237895185 1.6300001082915
1 237907953 1.1182
1 237926554 0.135907494748521
1 237929785 1.0963
1 237937681 0.1433
1 237940201 2
1 237943477 0.415532981123599
1 237949112 0.200976449191817
1 237958310 0.817733034369197
1 237962489 0.154294330473879
1 237964765 2
1 237981257 1.51021769707096
1 238019219 1.45594751800728
1 238053663 0.0078
1 238056339 1.9195
1 238070529 0.0291
1 238092471 0.0519
1 238094864 0.0236
1 238117623 0.642249987673994
1 238127132 2.784
1 238128182 1.68082995574952
1 238129279 0.591858813393196
1 238130058 0.713675482591045
1 238133991 1.40468945323802
1 238134724 0.355915587056437
1 238162137 0.357842499930392
1 238176248 2
1 238178200 0.335437722656467
1 238181601 0.1736
1 238184917 0.15705247050415
1 238185776 1.3719
1 238188357 5e-04
1 238191926 0.919403026589225
1 238201221 2.70857255855858
1 238207290 0.1855
1 238215702 0.1736
1 238216563 1.9106
1 238221187 1.04703171954922
1 238239753 1.64438198178211
1 238240405 5e-04
1 238240429 1.33941725372717
1 238244686 0.713719011725459
1 238261956 0.459302665797767
1 238262209 1.30569029889613
1 238266521 0.283451963119567
1 238268846 0.620151892597866
1 238268908 0.687391144869471
1 238272973 1.27211345958627
1 238275804 0.1047
1 238308695 2
1 238316414 0.218
1 238339488 0.1607
1 238340212 0.4427
1 238344422 1.4404
1 238345243 1.4404
1 238349190 1.4404
1 238352241 2
1 238355174 0.218350042857686
1 238355536 0.0535
1 238355861 0.936407196143555
1 238356746 0.115663865289541
1 238362454 0.40674033431955
1 238363783 2
1 238366915 2
1 238385445 0.251579438179855
1 238385930 7e-04
1 238386003 2
1 238388341 0.47276502361796
1 238395784 0.450158202079806
1 238396557 0.541303807908059
1 238409222 2.4179
1 238413314 2
1 238415349 2
1 238419065 2
1 238431861 2
1 238444061 1.4777
1 238466406 2
1 238467659 2
1 238468253 2
1 238471587 2
1 238472119 2
1 238474758 2
1 238475324 0.987927806557092
1 238492531 2
1 238496119 0.502058801075762
1 238496536 0.3317
1 238505135 0.3259
1 238508023 2
1 238514594 2
1 238525640 2
1 238527770 0.3433
1 238538943 2
1 238542553 2
1 238543997 0.0446
1 238552776 2.4561
1 238556468 2
1 238559381 2
1 238566643 2
1 238578043 1.1105
1 238582370 0.1749
1 238604628 2
1 238605986 2
1 238611878 0.9828
1 238613268 2
1 238614534 2
1 238620511 2
1 238620731 1.0121
1 238621534 2
1 238627572 1.7902
1 238630284 0.1127
1 238653862 1.3836
1 238654547 1.4782
1 238658292 1.3368
1 238680676 0.6701
1 238685154 2
1 238686460 2
1 238687254 1.5257
1 238687677 2
1 238692178 1.63814337774379
1 238698248 2
1 238717882 0.419
1 238719671 1.6022
1 238745268 2
1 238754091 2
1 238755422 2
1 238763798 0.6709
1 238769021 1.2392
1 238780218 2
1 238785793 1.1784
1 238789322 1.6633
1 238790746 2
1 238794609 1.2263
1 238794873 1.0498
1 238805500 2
1 238806603 2.3071
1 238815669 2.3071
1 238820165 2
1 238822601 1.3165
1 238825745 1.3165
1 238828349 2
1 238829686 1.0963
1 238835197 1.0963
1 238836350 1.3165
1 238839807 1.6212
1 238843404 1.6732
1 238843814 1.6732
1 238849603 1.3165
1 238850149 2
1 238870288 2
1 238875705 2
1 238883901 2
1 238891126 2
1 238896665 1.1957
1 238921338 2
1 238922183 2
1 238922883 2
1 238928713 1.1106
1 238946513 1.6273
1 238946743 2
1 238952458 1.1925
1 238953850 0.0053
1 238957192 2
1 238965272 0.3832
1 238966395 2
1 238976929 1.0045
1 238987498 1.0045
1 238994889 0.8315
1 239005248 2
1 239008231 0
1 239013486 1.0868
1 239029269 0.232895901890584
1 239033582 0.1315
1 239038501 0.1701
1 239045467 2
1 239047650 0.0938
1 239051093 0.584370057828168
1 239061247 0.699120073323169
1 239069390 2
1 239075307 2
1 239082155 2
1 239084020 2
1 239086008 2
1 239089195 0.1428
1 239091719 2.5867
1 239099720 0.871287788660751
1 239101216 1.373
1 239102873 1.373
1 239103955 0.0173807773773978
1 239104500 0.0385895824627127
1 239104660 1.0568403591153
1 239110826 0.0961806795728893
1 239167489 2
1 239176566 2
1 239186693 0.4604
1 239215711 0.3484
1 239222050 1.1675
1 239229228 0.3484
1 239257301 0.756
1 239273242 0.722
1 239273366 0.722
1 239279444 0.722
1 239281664 0.3484
1 239291192 1.018
1 239304319 2
1 239326410 0
1 239367506 1.64612427182653
1 239373859 0.0588
1 239385268 1.87059046465119
1 239388201 0.0078
1 239404412 1e-04
1 239412951 0.000243378108127901
1 239428186 0.7028
1 239438247 0.582481700298687
1 239520256 2
1 239525188 2
1 239532572 2
1 239551126 0.0461
1 239578299 0.0461
1 239584696 1.945
1 239587801 0.0461
1 239603845 0.1007
1 239611633 0.0263
1 239618570 2.5127
1 239622120 2
1 239637727 2
1 239640970 2
1 239645425 2
1 239650653 2
1 239654294 1.2212
1 239676807 2
1 239706521 0.1639
1 239707054 0.1639
1 239707321 0.1392
1 239713560 0.242020786877532
1 239715218 0.1639
1 239760846 1.4023
1 239765259 2
1 239766134 2
1 239779548 2
1 239782941 2
1 239799496 0.4588
1 239806797 2
1 239812109 2
1 239819076 2
1 239821503 2
1 239828495 0.718594814651054
1 239829404 0.789527411449487
1 239859401 0.613257882289557
1 239887186 2
1 239890333 0.7028
1 239891583 2
1 239892258 3.2826
1 239899309 2
1 239900278 0.718927481580191
1 239905329 2
1 239921958 5e-04
1 239937040 0.347845893417561
1 239937353 2.02434505253516
1 239949807 0.9766
1 239953092 1.1555
1 239972602 0.619898605203136
1 239984845 0.6837
1 239987639 0.6837
1 240001253 2
1 240002905 2
1 240010815 2.80995313924854
1 240013797 0.603862132127772
1 240015639 2.0506
1 240016632 1.5197088061875
1 240016969 0.207978490739834
1 240018422 0.79350336439965
1 240019298 1.7506
1 240022073 0.0544025004266789
1 240026310 0.986816399744753
1 240026881 1.91033482415521
1 240030262 2
1 240045329 2
1 240049713 1.8325
1 240049761 0.382103613864485
1 240050977 1.05336845646451
1 240051273 0.0551254682373155
1 240051597 0.961615361775394
1 240053290 0.115025933725059
1 240053640 0.237160319868577
1 240054508 1.38301831930631
1 240054600 0.0975084011288567
1 240056444 2.25350851869297
1 240056839 0.350162996617817
1 240058415 0.119545656371613
1 240059091 0.516802994883638
1 240060138 0.139317588164228
1 240060301 0.972869131492038
1 240060963 0.442552382733212
1 240075288 0.1115
1 240100031 0.592767732796121
1 240122091 0.3907
1 240126434 1.40212282229692
1 240132575 2
1 240133071 1.3165
1 240135740 2
1 240138187 2
1 240142359 2
1 240145467 2
1 240146385 0.0949
1 240147177 0.0949
1 240147834 0.0949
1 240156607 2
1 240157977 2
1 240171616 2
1 240177620 2
1 240178445 2
1 240179377 2
1 240189490 0.2127
1 240201034 0.2396
1 240201777 2
1 240221346 0.855390171254549
1 240222389 2
1 240228322 5e-04
1 240232270 0.0923078107129343
1 240239353 2
1 240239440 2
1 240244007 2
1 240244083 2
1 240244775 2
1 240250630 2
1 240256396 0.4454
1 240256789 2
1 240260013 2.1804
1 240261557 2
1 240273448 2
1 240283174 0.853777780116869
1 240296228 0.5973
1 240304786 0.714308440233165
1 240308008 1.50575326307167
1 240312258 0.5713
1 240315845 1.9481659444403
1 240317879 2
1 240319474 0.626341424731181
1 240322752 0.5713
1 240333965 2
1 240337656 1.51042315182747
1 240340300 0.520811623238757
1 240343447 2.09368925860541
1 240384811 2
1 240392994 2
1 240393408 0.536303345876519
1 240398141 2
1 240400972 2
1 240406061 0.00642956022025552
1 240439830 0.0088
1 240442141 2
1 240443291 2
1 240445214 2
1 240454842 0.0587827874996049
1 240456069 0.320590813660849
1 240456862 2.13
1 240463933 1.1312
1 240468518 1.1531
1 240477811 0.623973081565726
1 240492030 0.0109037418672168
1 240497612 2
1 240502856 2
1 240507127 2
1 240512967 0.0724313212175401
1 240527227 2
1 240530702 2
1 240532034 1.3667765235697
1 240532232 2
1 240535635 2
1 240550029 0.4869
1 240565697 0.7666
1 240582447 0.5622
1 240599414 2
1 240610303 2
1 240617570 2
1 240660294 0.755529326769196
1 240664977 1.4333
1 240677970 0.5768
1 240685517 2
1 240687493 1.10392922154749
1 240702515 2
1 240730667 2
1 240733712 0.1575
1 240741118 0.0575125558937077
1 240741173 0.659490085972962
1 240742766 0.921333637700921
1 240752483 0.2643
1 240752996 0.2784
1 240753368 0.2701
1 240753927 2
1 240791244 0.719915228304675
1 240795179 0.484808493316755
1 240795890 0.245418114005028
1 240798034 1.33204172591759
1 240806891 0.000197720149673815
1 240809947 1.05393456232832
1 240810268 0.979622085557895
1 240814664 0.175699293527965
1 240829494 2.784
1 240841927 0.791101526563359
1 240867997 0.611862269737209
1 240868150 2
1 240878034 2
1 240886040 2
1 240888069 0.3362
1 240923713 2
1 240935068 1.42307519700978
1 240942578 0.705225427089894
1 240944302 0.0071
1 240962551 0.0376930935242463
1 240968001 0.0222
1 240969808 1.93899977008695
1 240991714 1.59325638304153
1 240992344 2
1 240998982 2
1 241020312 0.8589
1 241025724 2
1 241030389 1.8626
1 241032989 2
1 241036695 2
1 241077005 2
1 241082334 2
1 241082662 2
1 241087688 2
1 241088007 2
1 241090011 2
1 241091968 2
1 241091999 2
1 241095122 2
1 241102247 2
1 241106729 1.207
1 241121755 2
1 241152728 2.2376
1 241153786 2.0617
1 241163268 0.2083
1 241164272 5e-04
1 241171769 0.105564939518025
1 241174245 0.937544681538213
1 241180243 2
1 241182402 2
1 241186527 0.292679174164822
1 241186817 2
1 241205232 0.0126305174473535
1 241220978 5e-04
1 241233800 0.0273
1 241236704 2
1 241245348 0.467339287463005
1 241246547 0.2895
1 241248967 0.2965
1 241249158 0.2965
1 241256500 2
1 241259436 2
1 241261570 1.00782293199908
1 241262576 0.484471591485442
1 241265385 1.13121336014886
1 241276837 2
1 241291035 2
1 241294146 2
1 241327094 5e-04
1 241348586 0.1375
1 241359025 0.1882
1 241371136 0.493
1 241412987 2
1 241423344 2
1 241424827 2
1 241425000 2
1 241439622 0.2028
1 241440254 2
1 241440678 2
1 241451994 0.1964
1 241466385 0.0609
1 241472076 2
1 241489884 2
1 241515368 2
1 241536040 2.21814001319107
1 241536632 2
1 241541926 0.348682977852445
1 241547655 0
1 241548930 1.6553
1 241550696 1.5652
1 241559998 1.7134
1 241564746 1.1485
1 241566171 1.0064
1 241583052 1.9949
1 241594107 2
1 241600487 2
1 241603249 2
1 241605328 2
1 241605450 1.3896622478909
1 241612200 2
1 241613199 1.38568016293376
1 241620600 0.343
1 241625539 2
1 241671778 2
1 241686742 2
1 241697182 2
1 241699835 2.77187603570931
1 241707708 0.175180976090155
1 241708703 0.0239396830790814
1 241717113 1.4467
1 241726477 2
1 241726888 0.10387104834289
1 241732839 0.8244
1 241738633 0.118970364152676
1 241740007 0.588
1 241740899 2
1 241745062 1.0399
1 241753861 1.0399
1 241755889 2
1 241757595 1.0399
1 241769126 2
1 241772753 1.0035
1 241773964 1.0035
1 241776032 0.852007847988107
1 241781502 1.0035
1 241800414 0.0866
1 241802865 2
1 241808985 0.0757656518726215
1 241816404 2
1 241818471 0.152586478778018
1 241829236 0.1059
1 241830529 0.723
1 241838445 2
1 241838735 0.4147
1 241841513 2
1 241846514 2
1 241848042 0.3396
1 241848104 0.3051
1 241852518 0.3299
1 241860060 0.4371
1 241864484 2
1 241871010 1.2199
1 241872080 1.2199
1 241877275 0.4113
1 241877389 0.449661290338563
1 241883741 2
1 241888766 0.2427
1 241892848 0
1 241895579 0.775
1 241896158 0.775
1 241900150 2
1 241903235 2
1 241904125 2
1 241906777 2
1 241914900 2
1 241917175 2
1 241923987 2
1 241951000 0.2692
1 241953395 0.974872374958052
1 241953614 1.32800107698164
1 241954037 0.6596
1 241954764 0.046
1 241956720 0
1 241959881 2
1 241962081 1.55651899430074
1 241962870 0.0403
1 241963934 0.3127
1 241964954 0.972002348302965
1 241968625 1.30895342506644
1 241975192 0.588996543529247
1 241976402 0.466306609080706
1 241982130 0.7968
1 241984118 0.736046250112576
1 241988212 0.0847053393573098
1 241998251 2
1 242014399 2
1 242015009 0.0263
1 242016894 2
1 242028257 2.57566038175983
1 242035783 0.163065828587121
1 242039299 0.0753
1 242039958 0.8721
1 242052901 0
1 242056386 0.4713
1 242062100 2.5264
1 242066753 0.9473
1 242071618 1.3602
1 242098877 1.2008
1 242103132 0.8891
1 242103690 1.427
1 242103874 1.2248
1 242106800 0.0503634112684344
1 242106985 1.427
1 242107423 1.327
1 242109827 1.4864
1 242109924 1.2045
1 242134392 1.07847142120272
1 242135962 0.152873272141413
1 242139101 1.4946
1 242140055 0.616711453672002
1 242154033 1.14818178807089
1 242154849 0.307430936618838
1 242158539 1.19511218753313
1 242163387 1.5733
1 242165451 5e-04
1 242170948 0.44119883451664
1 242179202 1.4734
1 242183200 0.372374511765581
1 242183910 0.588
1 242183917 1.4786
1 242186314 1.4719
1 242186500 0.6499
1 242207790 1e-04
1 242233453 0.541883734406432
1 242240498 1.2047
1 242242008 1.43702181159625
1 242242544 1.06466332058379
1 242245765 0
1 242260394 2
1 242271100 0.7982
1 242271211 2
1 242276231 0.8233
1 242279102 0.0056
1 242289352 0.0056
1 242294671 0.0854
1 242306397 1.3628
1 242306892 0.0792
1 242307362 0.4967
1 242309322 0.0263
1 242312234 0.1671
1 242320000 1.3628
1 242326403 0.0056
1 242339438 0
1 242345309 0.0056
1 242349304 1.4004
1 242372258 1.394
1 242375770 0.0917
1 242387630 0.1117
1 242387648 0.243628272400081
1 242394465 7e-04
1 242394771 4e-04
1 242394896 5e-04
1 242397822 0.444544119673766
1 242399219 0.126112084509233
1 242407279 2
1 242411267 2
1 242413555 2
1 242424647 2
1 242432327 2
1 242435076 2
1 242436180 2
1 242437304 0.799916946282642
1 242458563 2
1 242463707 2
1 242465166 0.2647
1 242466454 0.3448
1 242467350 0.3448
1 242479434 1.1959
1 242480006 2
1 242490111 0.817417146703264
1 242494065 2
1 242515221 0.588
1 242544765 1.64520674261824
1 242561955 0.0844
1 242570279 2
1 242579166 2
1 242584965 1.3341
1 242587759 0.664858079900094
1 242595911 2
1 242603238 1.3156
1 242619500 5e-04
1 242619576 1.91829950896008
1 242630512 1.1721
1 242636694 0.526474793776761
1 242636778 1.62325729554217
1 242645496 0.945049216507778
1 242646387 1.35507397881549
1 242646701 0.0243377780900036
1 242649937 1.56258738234004
1 242653508 1.199
1 242655460 2
1 242657717 2
1 242677715 0.825405787342859
1 242681629 2
1 242684337 1e-04
1 242684943 0.5686
1 242687383 2
1 242692869 1.70871342257837
1 242695025 2e-04
1 242706360 0.0877
1 242706709 0.0959
1 242708594 2
1 242717257 3.1145
1 242738615 1.72546835675574
1 242745124 0.511485407183966
1 242749665 2.0145
1 242753179 0.5429
1 242761670 0.4001
1 242773387 1.15816677738852
1 242777338 0.1833
1 242790612 1.92775056679077
1 242793293 1.5055
1 242794858 2
1 242794975 0.617459911707474
1 242796734 0.160735135763612
1 242801004 0.439936810461717
1 242801266 0.0825058232642345
1 242802013 0.868975766459826
1 242802973 0.209034052632541
1 242804354 1.4804
1 242811797 1.0547
1 242816950 2
1 242826171 1.0734
1 242834642 2
1 242839883 2
1 242845548 2
1 242856418 2
1 242861238 2
1 242875168 2
1 242880040 2
1 242880267 2
1 242886654 2
1 242898435 0.0891697110959483
1 242902628 0.4904
1 242904407 0.526
1 242912188 2
1 242916466 0.0131257892702789
1 242917531 1.28738109495617
1 242921084 0.385472429566574
1 242924276 0.826239091446441
1 242925962 2
1 242939567 2
1 242950732 1.5745
1 242956780 2
1 242958065 0
1 242966101 2
1 242967458 2
1 242975765 0
1 242976059 2
1 242982189 3e-04
1 242982996 2
1 242984661 2
1 243013792 1.5522
1 243039690 2
1 243044139 2
1 243065610 2
1 243069458 1.5082
1 243077816 1.5082
1 243094635 1.5082
1 243183477 1.5522
1 243221057 1.53916744013626
1 243228332 0.1561
1 243230351 0.0737767626918554
1 243231058 0.588
1 243240633 5e-04
1 243267516 0.725190653030693
1 243280002 0.29591297714657
1 243294474 1.4677
1 243311234 0.213090422874399
1 243329265 2.01061487669596
1 243334806 2.59327388856553
1 243339321 0.784107373940525
1 243434932 0.0289138479204885
1 243439348 0.136559594018857
1 243481195 0.485342296412531
1 243486028 0.041592362028729
1 243503914 0.29688682099662
1 243504598 2.00246879648142
1 243508698 2
1 243515181 0.304380953747815
1 243538964 0.5333
1 243543458 5e-04
1 243578452 0.5333
1 243581019 1.42808587257088
1 243583166 0
1 243632939 2.978
1 243634515 0.5333
1 243640856 0.125093191638429
1 243644066 0.5333
1 243654984 0.5333
1 243662701 0.0013
1 243692716 0.5326
1 243758569 1.6624
1 243776774 1.12612134220072
1 243804372 1.57911062993108
1 243827045 0.0875314446753858
1 243835822 0.5333
1 243836898 0.5333
1 243887860 2
1 243907193 0.3907
1 243911949 2
1 243934745 0.2888
1 243968062 2
1 243969702 2
1 243975035 1.76214721551273
1 243975688 2
1 243993895 2
1 243997126 0.231650908343444
1 243997991 2
1 243999072 2
1 244002305 2
1 244003114 0.228877200651479
1 244007105 0
1 244009558 0.494267526596491
1 244014904 2
1 244017188 1.05413440216147
1 244022378 0.715637901210707
1 244031123 2.23901635384314
1 244059532 0.114
1 244065397 0.5771
1 244110665 0.1547
1 244116156 1.2325
1 244116171 0
1 244123604 2
1 244141868 2
1 244149425 2
1 244149460 2
1 244156621 0.360050335688631
1 244170826 0.5077806138384
1 244195793 1.90443634071696
1 244201247 0.56231751125474
1 244221682 0.209499881117896
1 244223381 0.238508524735802
1 244232890 2
1 244246365 2
1 244247160 2
1 244276167 2
1 244280213 0.0329
1 244291466 2
1 244294451 2
1 244296620 1.31951763100232
1 244307390 2
1 244308152 2
1 244313416 2
1 244322732 2
1 244326176 0.6562
1 244327520 1.5282
1 244329246 2
1 244333884 0.3795
1 244336755 2
1 244339342 0.5562
1 244344659 2
1 244345386 1.5643
1 244347637 2
1 244348510 0.872552068486588
1 244353647 0.0280216028924793
1 244356230 0.758658129015156
1 244358613 0.272149358044186
1 244364113 0.00571585016967832
1 244366101 0.144855336103464
1 244382464 0.484
1 244398106 1.7087
1 244398830 5e-04
1 244404374 1.3095
1 244413415 0.5557
1 244419157 1.7283
1 244426450 2
1 244429989 0.0078
1 244433809 0.1075
1 244434857 1.7087
1 244450489 2
1 244469276 1.6532
1 244484338 2
1 244516105 2
1 244530967 2
1 244538023 2
1 244543583 2
1 244546971 2
1 244548055 2
1 244549423 2
1 244553538 2
1 244560790 1.25856458906932
1 244563357 0.239316026911596
1 244576471 0.0538007692699867
1 244585675 1.81858140641762
1 244592993 0.30625844997648
1 244609716 1.33049472342332
1 244611724 1.1376095487952
1 244644432 0.0593995875783643
1 244652851 1.2793
1 244670157 2
1 244723572 2
1 244730971 0.0618
1 244734718 0.0181
1 244740894 0.0227675874774035
1 244741723 2
1 244754669 2
1 244756618 2
1 244792212 2
1 244800225 2
1 244804469 2
1 244810492 2
1 244835765 1.8589
1 244870483 2
1 244891686 1.698
1 244901579 1.408
1 244910883 1.0498
1 244938123 1.4457
1 244938244 1.4457
1 244941459 5e-04
1 244941890 1.2531
1 244947664 0.3907
1 244948375 1.3402
1 244964169 0.5657
1 244971381 2
1 244979557 0.2855
1 244985863 2
1 244996437 2
1 245024551 2
1 245042375 2
1 245069671 2
1 245088137 2
1 245107221 0.272
1 245130269 2.238
1 245130319 0.3086
1 245135648 0.6977
1 245152449 0.047754107866586
1 245153204 1.3608
1 245158168 0.536275540562816
1 245162011 0.465113389052519
1 245192351 0
1 245193486 1.8935
1 245195357 0.652965042428493
1 245203001 0.276775843864924
1 245203360 1.69562373031336
1 245217698 0.113430788554893
1 245230004 0.5467
1 245252899 0.6835
1 245270252 2
1 245273480 0.840642007420575
1 245274471 0.7939
1 245279235 0.4762
1 245284640 0.3934
1 245285349 0.4485
1 245285870 0.4485
1 245287127 0.5751
1 245287496 0.0918
1 245288115 0.5897
1 245290070 0.4762
1 245303246 1.6633
1 245314806 2
1 245315429 1.6395
1 245318885 1.16821144603672
1 245322303 0.5496
1 245324193 0.261572794086903
1 245340357 0.865815948109859
1 245378165 1.24950767174562
1 245391873 1.6631
1 245400507 0.0689850506285169
1 245408353 0.638888095717192
1 245414046 0.197307756182198
1 245415390 0.5555
1 245418809 0.0474083301655048
1 245430509 1.1814
1 245431156 1.4038
1 245432314 0.5064
1 245440668 1.31802988842836
1 245445665 0.652
1 245453876 1.3663
1 245472340 1.408
1 245477577 5e-04
1 245478546 2
1 245508389 0.0213
1 245514092 2
1 245516004 2
1 245517286 2
1 245526485 0.5854
1 245541862 2
1 245553667 2
1 245568134 2.163
1 245577729 0.429808064041519
1 245583427 1.53123246934609
1 245596382 0.1478277256004
1 245611691 0.72424305235179
1 245617903 2
1 245630266 2
1 245635098 2
1 245641316 5e-04
1 245652747 1.1209
1 245656438 1.4354
1 245657258 1.4354
1 245664217 2
1 245667263 2
1 245668919 1.1127
1 245673023 2
1 245678869 2
1 245679433 0.0982
1 245680628 1.38411286874873
1 245695252 0.1685
1 245715133 2
1 245736892 2
1 245738243 1.00536453951187
1 245740739 0.481696474192611
1 245740785 0.615681348940976
1 245743325 1.41113586678134
1 245744595 0.231680585333153
1 245749881 0.462145838754862
1 245751542 0.7413
1 245774664 1.4306
1 245775220 0.8101
1 245793091 1.5663
1 245813054 1.98828326678793
1 245814579 1.85590164325811
1 245814848 0.696630730981349
1 245817416 1.7924
1 245829160 1.68808665509755
1 245831318 2
1 245832498 2
1 245832618 2
1 245834301 2
1 245834617 2
1 245839662 0.95149812497587
1 245843560 0.418563156272227
1 245848027 2
1 245848974 2
1 245849710 2
1 245858639 2
1 245867651 0
1 245871816 0.7489
1 245884014 0.0495
1 245886895 0
1 245891236 0
1 245891548 0
1 245892102 1.38907470102446
1 245895163 0
1 245913490 2
1 245916321 2
1 245918950 2
1 245920080 2
1 245920269 2
1 245928475 0.0684
1 245940460 0.3757
1 245952443 0.346
1 245952700 2
1 245955368 1.3379
1 245958742 2.21727151619433
1 245966350 0.168364206359721
1 245973568 2
1 245977029 0.411305704096952
1 245978664 2
1 245985864 0.842712370231335
1 245987170 0.982006473006643
1 245990194 0.6306
1 245993808 0.383813100953903
1 245994012 0.310996319800693
1 245997686 0.391936810791887
1 246001537 0.6306
1 246021005 0.327269042443648
1 246033914 0.524958119578501
1 246041641 1.76622598994635
1 246042755 0.965595632612123
1 246043294 0.90169914348783
1 246045055 0.358621909603919
1 246045234 0.0119733936727859
1 246047763 0.271286488742827
1 246049382 1.30859915959915
1 246053363 0.162083316960519
1 246059031 0.67189560718627
1 246060181 0.215231789664131
1 246063467 1.33963409622973
1 246068081 0.0702103095389238
1 246072154 2
1 246072806 0.991593965211703
1 246076085 0.358113827855087
1 246079553 0.540263161645274
1 246081461 0.562746655552185
1 246083004 0.353780049260195
1 246088470 0.713000299267758
1 246088840 0.988960564102486
1 246105527 0.98775134590969
1 246111718 1.31712125969189
1 246117446 1.14132436214918
1 246125083 1.77737411128239
1 246126546 1.7826
1 246129512 0.725121542224297
1 246138437 0.087106974435542
1 246138650 0.0893721295039003
1 246138785 0.738861213050662
1 246138795 0.229257694672315
1 246142335 2.4561
1 246150421 1.11573714470064
1 246160768 2
1 246169804 2.06782026711608
1 246185246 1.5737
1 246192366 1.22814160343517
1 246194276 2
1 246200600 1.6608400650019
1 246208939 0.731837545344145
1 246211059 0.46381220888674
1 246212554 0.313234635585869
1 246216849 1.01463170554633
1 246219061 0.452888735921625
1 246222162 1.91603990371801
1 246222439 1.41852120402788
1 246227681 0.526342780862499
1 246228240 0.216636377819136
1 246228710 0.98469939756917
1 246229446 1.34548514758233
1 246234079 0.49971959994562
1 246237255 0.131009225659788
1 246240577 1.61827370010104
1 246249872 1.56786913913684
1 246252566 1.92877667036051
1 246253145 1.50728880409088
1 246253386 0.594523357366732
1 246256682 1.58509289911959
1 246258823 0.906231025789656
1 246260444 1.42973342831348
1 246261128 0.130607632011169
1 246262131 1.26882470522559
1 246266587 0.62240355386026
1 246267931 1.69440926966789
1 246269290 0.326137051841825
1 246269533 1.03661501786244
1 246274553 0.0348392423619502
1 246278519 1.15661443810473
1 246280210 0.147964637480945
1 246285541 0.756916137843076
1 246290324 0.230445025250616
1 246290566 0.591720246136152
1 246290741 2.2586
1 246304726 0.260621346070526
1 246308209 1.0106497672088
1 246309430 0.709901890254039
1 246325241 1e-04
1 246344332 0.776282270903915
1 246346535 0.445064245060512
1 246373635 1.39342098127171
1 246383315 1.40744454792855
1 246387943 2
1 246393819 0.9057
1 246409546 2
1 246411022 5e-04
1 246412735 1.561
1 246437423 2
1 246444261 2.2805
1 246446974 0.891105075604933
1 246450938 0.7597
1 246458876 0.7597
1 246463555 0.419
1 246470521 1.70864018588961
1 246479578 0.7823
1 246490977 1.0264
1 246491559 0.646157751601175
1 246491754 0.0871782873857319
1 246495341 1.4803
1 246500732 0.355630710348578
1 246504541 0.34464722842129
1 246509035 0.5795
1 246515464 1.14282912106338
1 246524461 5e-04
1 246525476 0.811238265115793
1 246527876 0.661036679392111
1 246539687 0.490224337233359
1 246540185 0.276296591408561
1 246540218 2.8842
1 246542207 0.9322
1 246545097 2
1 246546877 2
1 246547549 2
1 246550489 2
1 246550562 2
1 246554089 2
1 246580514 2
1 246605541 1.30452534646338
1 246605729 1e-04
1 246620717 0.0061513504246109
1 246624677 1.6756
1 246630699 0.471052324196819
1 246635266 0.853933869596842
1 246635414 0.00124336749435222
1 246637703 0.127310025747252
1 246668054 0.7823
1 246678291 0.3833
1 246685746 2
1 246686004 0.7371735949287
1 246686155 1.05950602618428
1 246687529 0.590496088216665
1 246690561 1.44942206012613
1 246696911 0.0405095193731382
1 246703939 0.9976
1 246711573 1.043
1 246713538 0.8086
1 246713590 2
1 246720334 2
1 246720468 2
1 246720520 0.0255281350375984
1 246735692 2
1 246765238 1.3701
1 246782352 2
1 246782775 2
1 246785746 5e-04
1 246787466 2
1 246794212 2
1 246797094 1.031
1 246801144 2
1 246805167 1.39187936386985
1 246810177 0.0428
1 246811675 5e-04
1 246817255 2
1 246822023 1.1213
1 246824519 0.0217
1 246828773 2
1 246829665 2
1 246842205 2
1 246847296 2
1 246867935 2
1 246868988 2
1 246869087 0.181608196345245
1 246882061 2
1 246882232 2
1 246889284 0.815535865765802
1 246912439 0.602122660136369
1 246921651 1.87380140095729
1 246937289 2
1 246941304 2
1 246945202 2
1 246945866 0.6802
1 246947140 1e-04
1 246949363 2
1 246974148 2
1 246977504 0.6105
1 246982011 0.442706609301666
1 246985325 1.55420540332111
1 247010054 0.9561
1 247012092 0.6849
1 247022961 0.7451
1 247053661 1.06613473506283
1 247066209 0.9505
1 247067633 0.614
1 247072827 2
1 247091236 2
1 247094025 2
1 247103575 0.6299
1 247110435 2
1 247118878 0.8022
1 247123958 2
1 247125167 2
1 247128940 0.648838151493108
1 247135673 2
1 247159665 1.2576
1 247174609 3.8245
1 247181257 0.4908
1 247182048 0.0301537949502125
1 247182139 0.882610875212322
1 247182163 1.51072873445013
1 247210326 1.02633144277855
1 247242049 1.75504517293137
1 247244527 0.038198902728252
1 247245529 1.34696020598369
1 247249045 0.585532895947765
1 247255164 0.0561
1 247270657 1.57856443697509
1 247273631 0.768826268958816
1 247273665 0.476316456944322
1 247278082 5e-04
1 247278151 8e-04
1 247278818 2
1 247279699 0.141971907696647
1 247286694 0.533225370914785
1 247303442 0.545923030008115
1 247305127 0.00427689813325466
1 247305394 0.615260501299973
1 247312733 5e-04
1 247316033 1.3147217428116
1 247320763 0.666411768424008
1 247344205 0.5831
1 247349747 2
1 247356734 0.881820822256265
1 247362155 0.643168784734259
1 247365145 2
1 247365231 1.504
1 247372825 0.470674530454756
1 247374730 0.940244332184916
1 247378494 0.3513
1 247380396 0.2498
1 247380516 0.2498
1 247382058 1.1353
1 247398406 2
1 247398656 1.3876
1 247403516 1.1172
1 247424229 0.022
1 247433914 0.460360860184063
1 247433962 1.6842
1 247436999 0.2397
1 247438293 0.35441243657583
1 247448734 0.3799
1 247452210 0.884585202120623
1 247459016 2.07345245886985
1 247459055 0.0807
1 247463173 0.077344554526828
1 247463626 0.167105172071207
1 247467910 0.984268672011892
1 247468422 0.432966261515554
1 247473177 2
1 247473937 0.842653092126306
1 247475291 0.107840119333446
1 247494246 2
1 247501472 2
1 247524533 2
1 247524708 2
1 247544634 1.1647
1 247546640 2
1 247556833 1.3533
1 247570950 0.995772049139982
1 247573539 0.5818
1 247584933 0.456178042773176
1 247586270 1.60322181660883
1 247586875 0.8334
1 247591258 0.1486
1 247600555 0.4659
1 247602092 0.9012
1 247628899 0.3948
1 247633522 0.3816
1 247636720 0.6168
1 247645251 0.3684
1 247646273 0.1137
1 247652828 0.3365
1 247653065 1.0728
1 247654049 0.3365
1 247657420 0.7518
1 247657551 0.7518
1 247665257 0.7518
1 247668357 0.7518
1 247669001 0.6332
1 247670824 0.7518
1 247672372 0.7518
1 247677273 0.5597
1 247677894 0.5597
1 247685191 1.3762
1 247686856 1.3762
1 247695097 0.4345
1 247695301 0.4345
1 247702357 1.1452
1 247707881 1.3762
1 247710443 1.5476
1 247712387 1.6863
1 247748744 1.3762
1 247757798 2.0543744552283
1 247762507 1.0729
1 247766208 0.5693
1 247782819 1.6281
1 247782858 0.12
1 247783215 1.4457
1 247786417 1.4457
1 247789005 0.3899
1 247796480 1.4457
1 247804068 0.3907
1 247804879 0
1 247811420 0.4337
1 247811436 0.4569
1 247814179 1.7362
1 247816477 0.4395
1 247817798 0.5611
1 247818711 1.6882
1 247826018 0
1 247843262 2
1 247849678 2
1 247866356 0.8275
1 247873975 0.5046
1 247875023 0.3823
1 247882970 0.4374
1 247904973 1.91038449201637
1 247907497 0.420766972118142
1 247911258 1.4485
1 247912025 0.5393
1 247914035 0.2162
1 247924616 0.2162
1 247931314 0.2162
1 247950041 1.6561
1 247956503 0.99
1 247956885 0.477
1 247967421 0.7214
1 247974431 2
1 247982342 1.0657
1 247988455 1.1874
1 248010718 1.7908
1 248013282 1.9551
1 248017718 1.7813
1 248018160 1.2041
1 248027582 1.0341
1 248035275 1.6155
1 248051880 2.7095
1 248057652 1.4407104067482
1 248060313 0.1766
1 248076092 0.1766
1 248077696 1.2388
1 248084288 2
1 248106813 0.367385070468225
1 248138731 1.6756
1 248144081 2.6444
1 248176828 1.6819
1 248177298 0.839314730620552
1 248178401 1.6338
1 248179155 0.8765
1 248180241 2
1 248181682 2
1 248183551 2
1 248185516 2
1 248187074 2
1 248190235 2
1 248191977 2
1 248197899 2
1 248199037 2
1 248200119 1.2465
1 248213461 5e-04
1 248213505 6e-04
1 248223885 2
1 248237814 2
1 248243898 2
1 248254857 1.0758
1 248270108 2
1 248280511 2
1 248281625 2
1 248290008 2.0054
1 248293574 2
1 248299590 2.6381
1 248302387 2
1 248305638 2
1 248306462 5e-04
1 248306694 0.0897
1 248312101 2
1 248312418 2
1 248333561 2
1 248336253 2
1 248337388 2
1 248338992 1.0289
1 248339319 2
1 248346305 2
1 248349447 2
1 248349465 2
1 248354174 1.1603
1 248355466 1.1349
1 248356230 2
1 248359334 2
1 248363649 1.1603
1 248363757 1.1603
1 248364187 1.1603
1 248371303 1.1872
1 248381216 1.2158
1 248381792 1.1872
1 248385486 2
1 248387669 1.1603
1 248399726 2
1 248399770 1.1872
1 248403022 2
1 248406068 2
1 248409624 2.6476
1 248414154 1.1013
1 248414201 2
1 248414833 1.1013
1 248415116 1.1013
1 248420061 2.6507
1 248427680 2
1 248463131 0.286333198553052
1 248464876 0.158037620952369
1 248471266 2.23839848098895
1 248473183 1.64728042695785
1 248476697 1.52252458316675
1 248477000 0.244085267667404
1 248479441 1.83428549277701
1 248479494 0.336655114455888
1 248528154 0.863589323191395
1 248545837 0.0332
1 248564752 0.0912272731369446
1 248570214 0
1 248572906 1.14269080694711
1 248575993 1.39825831055418
1 248577660 0.314223692689528
1 248580404 0.727312926699469
1 248582835 0.48167920309383
1 248586838 0.0986156426939915
1 248591060 1.36040803006621
1 248595783 2
1 248596355 2
1 248601079 0.315829343595726
1 248605539 1.86039250092985
1 248620744 2
1 248623929 1.55569722160679
1 248629938 1.19471957206142
1 248638210 2
1 248645480 0.059335922515158
1 248645586 0.211667986398263
1 248645623 0.765134562658913
1 248646120 0.426244958554108
1 248647272 2.25758417655263
1 248653458 0.0941028601022246
1 248659785 0.203881357298821
1 248665047 0
1 248672784 0.344172363661582
1 248678597 0.236994492637187
1 248690256 1.90272474214606
1 248743161 0.8263
1 248751770 0.0183834101403987
1 248752779 1.46386432356058
1 248753320 1.01456367747578
1 248753687 0.934184533337858
1 248766967 0.119166855604787
1 248782940 0.763925655281113
1 248787131 0.633
1 248795772 2
1 248826839 2
1 248833202 2
1 248869484 2
1 248872330 0.115652147191281
1 248873966 1.83133558745368
1 248918526 0.826700250723168
1 248945752 0.423456236704834
